step,total_loss,actor_loss,q1_loss,q2_loss,alpha
1,0.2115952968597412,0.13161440193653107,0.050468187779188156,0.02951270341873169,0.19993999600410461
2,0.2604007422924042,0.2087385654449463,0.02957908809185028,0.022083088755607605,0.19988055527210236
3,0.31079208850860596,0.20722359418869019,0.05123892053961754,0.05232955515384674,0.1998210996389389
4,0.3337792754173279,0.24128475785255432,0.04471258446574211,0.04778195172548294,0.19976191222667694
5,0.19977283477783203,0.14651086926460266,0.029034778475761414,0.02422717958688736,0.199702188372612
6,0.24671019613742828,0.15747712552547455,0.04313390329480171,0.04609917104244232,0.19964221119880676
7,0.22947072982788086,0.16974163055419922,0.028683625161647797,0.031045472249388695,0.19958212971687317
8,0.23684923350811005,0.15259765088558197,0.04243333637714386,0.041818246245384216,0.19952183961868286
9,0.2136150598526001,0.17265576124191284,0.02047133445739746,0.020487966015934944,0.19946153461933136
10,0.21101154386997223,0.14867638051509857,0.03318726271390915,0.029147911816835403,0.19940105080604553
11,0.22396288812160492,0.16728676855564117,0.029723113402724266,0.026953015476465225,0.1993405669927597
12,0.18029846251010895,0.13017986714839935,0.02670222334563732,0.023416364565491676,0.1992797702550888
13,0.13550661504268646,0.11531832069158554,0.008526056073606014,0.011662234552204609,0.19921864569187164
14,0.30692094564437866,0.13956229388713837,0.08731263875961304,0.08004602789878845,0.1991574615240097
15,0.1848050057888031,0.153301402926445,0.015158086083829403,0.016345512121915817,0.19909638166427612
16,0.20140409469604492,0.16530488431453705,0.01818123087286949,0.017917970195412636,0.19903551042079926
17,0.20936523377895355,0.15386000275611877,0.03098837472498417,0.02451685070991516,0.19897478818893433
18,0.15952928364276886,0.08649872243404388,0.038386259227991104,0.03464430943131447,0.19891364872455597
19,0.24005848169326782,0.0767749771475792,0.08486682921648026,0.07841666787862778,0.19885212182998657
20,0.20541614294052124,0.13706329464912415,0.035666681826114655,0.032686181366443634,0.19879095256328583
21,0.16282044351100922,0.06831766664981842,0.048966970294713974,0.04553580284118652,0.19872955977916718
22,0.1658819317817688,0.03194684907793999,0.06839834153652191,0.0655367374420166,0.1986677348613739
23,0.12351243942975998,0.07243546098470688,0.025945940986275673,0.025131041184067726,0.19860602915287018
24,0.05107977241277695,0.009227260947227478,0.021395308896899223,0.020457204431295395,0.19854390621185303
25,0.09514559805393219,0.04564449191093445,0.025327695533633232,0.02417340688407421,0.19848188757896423
26,0.1024208515882492,0.05719270184636116,0.022244974970817566,0.02298317849636078,0.19842013716697693
27,0.06843455135822296,0.02773931995034218,0.020116077736020088,0.020579155534505844,0.19835837185382843
28,0.05247505009174347,0.0025020036846399307,0.02414427138864994,0.025828775018453598,0.19829632341861725
29,0.24309706687927246,0.003000573255121708,0.11930399388074875,0.12079249322414398,0.19823409616947174
30,0.03832152485847473,0.00018101371824741364,0.019233541563153267,0.01890696957707405,0.19817155599594116
31,0.08798804134130478,0.024292269721627235,0.0316816046833992,0.03201416879892349,0.19810903072357178
32,0.11460670828819275,-0.006225557066500187,0.06115420162677765,0.05967806652188301,0.19804629683494568
33,0.06832415610551834,0.01580093242228031,0.02605324797332287,0.02646997570991516,0.19798359274864197
34,0.04771450534462929,-0.016992997378110886,0.032591041177511215,0.03211646154522896,0.19792063534259796
35,0.03525036573410034,-0.030535992234945297,0.0322665311396122,0.03351982682943344,0.1978573203086853
36,0.04567941278219223,-0.0690295621752739,0.057132214307785034,0.05757676064968109,0.1977933943271637
37,0.051267728209495544,-0.01807650551199913,0.03468446433544159,0.034659769386053085,0.19772952795028687
38,0.036630161106586456,0.0004906090907752514,0.018038980662822723,0.018100570887327194,0.1976659893989563
39,0.029567144811153412,-0.028057824820280075,0.028334926813840866,0.02929004281759262,0.1976025402545929
40,-0.038126297295093536,-0.07657277584075928,0.018144875764846802,0.02030160091817379,0.19753876328468323
41,-0.045856934040784836,-0.0693502351641655,0.012625728733837605,0.010867572389543056,0.19747479259967804
42,-0.0519503690302372,-0.12945733964443207,0.03897899016737938,0.03852797672152519,0.19741010665893555
43,-0.018554940819740295,-0.10048690438270569,0.04186776652932167,0.04006419703364372,0.19734516739845276
44,-0.03722311556339264,-0.08949914574623108,0.02693145163357258,0.02534457854926586,0.1972801387310028
45,-0.11780216544866562,-0.13956277072429657,0.010228713043034077,0.011531897820532322,0.19721457362174988
46,-0.05244532227516174,-0.1117568239569664,0.02907324954867363,0.030238255858421326,0.19714894890785217
47,-0.10171304643154144,-0.1322924792766571,0.015507325530052185,0.015072104521095753,0.19708305597305298
48,0.06889981776475906,-0.09652744978666306,0.0830468237400055,0.08238044381141663,0.19701740145683289
49,-0.10305100679397583,-0.14763253927230835,0.022650817409157753,0.021930713206529617,0.19695155322551727
50,-0.046678636223077774,-0.1331990361213684,0.043296243995428085,0.04322415217757225,0.19688576459884644
51,-0.09788379073143005,-0.15221449732780457,0.027115048840641975,0.027215659618377686,0.19681984186172485
52,-0.10079219192266464,-0.17487260699272156,0.038071028888225555,0.03600937873125076,0.1967536211013794
53,-0.12061773240566254,-0.15405139327049255,0.017186041921377182,0.016247615218162537,0.1966874599456787
54,-0.18803554773330688,-0.20969834923744202,0.01075751893222332,0.010905278846621513,0.19662080705165863
55,-0.16375990211963654,-0.18492187559604645,0.010878750123083591,0.010283212177455425,0.1965540200471878
56,-0.08445126563310623,-0.15284451842308044,0.03349568322300911,0.0348975732922554,0.19648747146129608
57,0.1824985295534134,-0.16290165483951569,0.17330780625343323,0.17209237813949585,0.19642110168933868
58,-0.15374720096588135,-0.19352823495864868,0.020400498062372208,0.019380539655685425,0.19635462760925293
59,-0.1675906479358673,-0.2008216828107834,0.016548514366149902,0.016682516783475876,0.1962880790233612
60,-0.17738234996795654,-0.21365755796432495,0.01825762540102005,0.018017597496509552,0.19622130692005157
61,-0.1243346706032753,-0.18105335533618927,0.028862642124295235,0.027856046333909035,0.19615469872951508
62,-0.12595945596694946,-0.25271832942962646,0.0643610879778862,0.062397778034210205,0.1960875689983368
63,-0.18031305074691772,-0.2162451595067978,0.017870714887976646,0.01806139387190342,0.19602054357528687
64,-0.21250417828559875,-0.24903154373168945,0.01864091120660305,0.017886459827423096,0.19595323503017426
65,-0.27291595935821533,-0.3145304024219513,0.020737722516059875,0.020876692607998848,0.19588510692119598
66,-0.09995006769895554,-0.25709208846092224,0.07878214120864868,0.07835987955331802,0.19581693410873413
67,-0.2996939420700073,-0.3333371877670288,0.016672754660248756,0.016970498487353325,0.19574792683124542
68,-0.2639350891113281,-0.2879074215888977,0.011755801737308502,0.012216536328196526,0.1956786811351776
69,-0.2544912099838257,-0.2833971083164215,0.014569651335477829,0.014336254447698593,0.19560936093330383
70,-0.2523684501647949,-0.2688186466693878,0.008192162960767746,0.00825805775821209,0.1955401450395584
71,-0.27140671014785767,-0.2913469672203064,0.01008603535592556,0.009854226373136044,0.19547073543071747
72,-0.19712021946907043,-0.2808595895767212,0.04152211919426918,0.04221724718809128,0.19540125131607056
73,-0.2603492736816406,-0.2983211576938629,0.018871447071433067,0.019100431352853775,0.1953316032886505
74,-0.27272918820381165,-0.29035279154777527,0.008825412020087242,0.008798175491392612,0.1952618956565857
75,-0.22386902570724487,-0.2778047025203705,0.028117507696151733,0.025818167254328728,0.19519229233264923
76,-0.33387619256973267,-0.36807578802108765,0.017339220270514488,0.0168603528290987,0.19512203335762024
77,-0.25790953636169434,-0.28632980585098267,0.014395476318895817,0.014024809002876282,0.19505202770233154
78,-0.2840912342071533,-0.31335654854774475,0.01481042243540287,0.014454908668994904,0.19498209655284882
79,-0.28317415714263916,-0.3321214020252228,0.02456410601735115,0.024383114650845528,0.19491207599639893
80,-0.28472480177879333,-0.31845948100090027,0.01671183481812477,0.01702284812927246,0.19484224915504456
81,-0.279953271150589,-0.3705844283103943,0.04503209516406059,0.045599061995744705,0.19477218389511108
82,-0.32342126965522766,-0.3562398850917816,0.016465384513139725,0.01635320857167244,0.1947021186351776
83,-0.3247746229171753,-0.37056222558021545,0.023033205419778824,0.022754386067390442,0.19463203847408295
84,-0.37823325395584106,-0.39302435517311096,0.007374435663223267,0.007416674867272377,0.19456176459789276
85,-0.338482141494751,-0.37695926427841187,0.018886031582951546,0.01959109492599964,0.19449162483215332
86,-0.397452712059021,-0.4132348299026489,0.007464178372174501,0.00831794273108244,0.19442124664783478
87,-0.38428330421447754,-0.41063278913497925,0.012958915904164314,0.013390576466917992,0.19435079395771027
88,-0.41364455223083496,-0.43470489978790283,0.010633633472025394,0.010426693595945835,0.19428019225597382
89,-0.3972705006599426,-0.42076700925827026,0.01098177582025528,0.012514732778072357,0.19420959055423737
90,-0.4262162744998932,-0.44464004039764404,0.009731155820190907,0.008692623116075993,0.1941388100385666
91,-0.40448763966560364,-0.425915390253067,0.010594013147056103,0.010833749547600746,0.1940680295228958
92,-0.40052226185798645,-0.42271602153778076,0.011547407135367393,0.010646339505910873,0.19399741291999817
93,-0.38161376118659973,-0.4117773771286011,0.014552564360201359,0.015611045993864536,0.1939270943403244
94,-0.4201575815677643,-0.44032615423202515,0.009948388673365116,0.010220183059573174,0.19385671615600586
95,-0.41671082377433777,-0.42931437492370605,0.006426510401070118,0.006177044939249754,0.19378642737865448
96,-0.4233376383781433,-0.43580716848373413,0.006778927519917488,0.005690590478479862,0.19371618330478668
97,-0.4508388042449951,-0.46153563261032104,0.005387851037085056,0.0053089819848537445,0.19364574551582336
98,-0.38763952255249023,-0.43826204538345337,0.02492331527173519,0.025699200108647346,0.1935754418373108
99,-0.4401642382144928,-0.44861775636672974,0.0043065790086984634,0.004146931692957878,0.19350507855415344
100,-0.4393351972103119,-0.4500293731689453,0.005530463997274637,0.005163686349987984,0.1934347152709961
101,-0.40815427899360657,-0.4337395429611206,0.01267433911561966,0.0129109350964427,0.1933644562959671
102,-0.42463958263397217,-0.44150373339653015,0.008460484445095062,0.008403672836720943,0.19329428672790527
103,-0.4590742588043213,-0.47143131494522095,0.006114598363637924,0.006242452189326286,0.19322390854358673
104,-0.42781978845596313,-0.4501097798347473,0.010999388992786407,0.0112905977293849,0.19315357506275177
105,-0.4171214997768402,-0.4370200037956238,0.010122875683009624,0.009775633923709393,0.1930834949016571
106,-0.40893760323524475,-0.429645299911499,0.010583193972706795,0.010124501772224903,0.19301366806030273
107,-0.45274627208709717,-0.4598177373409271,0.0035260426811873913,0.0035454388707876205,0.1929437816143036
108,-0.46528327465057373,-0.470111608505249,0.002241146983578801,0.002587192691862583,0.19287389516830444
109,-0.44056758284568787,-0.4530690908432007,0.006549481302499771,0.005952026695013046,0.19280412793159485
110,-0.4523877203464508,-0.4614866375923157,0.004344911314547062,0.004754016175866127,0.19273437559604645
111,-0.4592999815940857,-0.47873562574386597,0.010178380645811558,0.009257253259420395,0.19266459345817566
112,-0.4684484601020813,-0.4738326072692871,0.002699668984860182,0.0026844784151762724,0.19259481132030487
113,-0.46747320890426636,-0.4737243950366974,0.003133741207420826,0.0031174493487924337,0.19252507388591766
114,-0.4419071078300476,-0.4648697078227997,0.011794503778219223,0.0111681018024683,0.19245545566082
115,-0.494207501411438,-0.5076000094413757,0.006450096145272255,0.006942378357052803,0.19238559901714325
116,-0.46521082520484924,-0.4758772552013397,0.005316201131790876,0.005350232589989901,0.1923159509897232
117,-0.4800634980201721,-0.5062078237533569,0.012953298166394234,0.01319102756679058,0.19224625825881958
118,-0.5099215507507324,-0.5140344500541687,0.002222921932116151,0.0018899798160418868,0.19217649102210999
119,-0.48914557695388794,-0.501160204410553,0.0058433255180716515,0.006171309854835272,0.19210684299468994
120,-0.49034324288368225,-0.5011938810348511,0.005538821220397949,0.005311808083206415,0.19203732907772064
121,-0.5017814636230469,-0.5114227533340454,0.0046339090913534164,0.005007356870919466,0.1919679045677185
122,-0.5034540891647339,-0.5182021260261536,0.007346049882471561,0.007401980925351381,0.19189850986003876
123,-0.2945583462715149,-0.520267128944397,0.11255154758691788,0.1131572499871254,0.19182917475700378
124,-0.506043553352356,-0.512728214263916,0.003783815773203969,0.0029008572455495596,0.19176001846790314
125,-0.511145830154419,-0.5176174640655518,0.003338941838592291,0.0031326934695243835,0.19169096648693085
126,-0.5083785057067871,-0.5161914229393005,0.003939429298043251,0.0038734744302928448,0.19162194430828094
127,-0.5169022083282471,-0.5288166403770447,0.005874852184206247,0.006039565894752741,0.19155293703079224
128,-0.502918541431427,-0.506969690322876,0.0021344360429793596,0.001916711451485753,0.19148407876491547
129,-0.4800889194011688,-0.4966074824333191,0.008127566426992416,0.0083910021930933,0.1914154291152954
130,-0.5182034373283386,-0.5291680693626404,0.005219460930675268,0.005745143163949251,0.19134670495986938
131,-0.5276044011116028,-0.530472457408905,0.0016441739862784743,0.001223834347911179,0.19127792119979858
132,-0.502353310585022,-0.5112160444259644,0.004331743810325861,0.004530981183052063,0.19120930135250092
133,-0.503096878528595,-0.5069227814674377,0.001812673406675458,0.0020132288336753845,0.19114084541797638
134,-0.5015947818756104,-0.512016773223877,0.004849429242312908,0.0055725304409861565,0.19107253849506378
135,-0.5173293948173523,-0.5243186354637146,0.0035011633299291134,0.0034880582243204117,0.19100435078144073
136,-0.5068318247795105,-0.5160961747169495,0.004463999532163143,0.0048003848642110825,0.19093632698059082
137,-0.5231360793113708,-0.5270718336105347,0.0021012998186051846,0.0018344589043408632,0.1908683180809021
138,-0.5293146967887878,-0.5407050848007202,0.005952505394816399,0.005437939893454313,0.19080033898353577
139,-0.5224152207374573,-0.5349136590957642,0.00652261171489954,0.005975867155939341,0.19073252379894257
140,-0.5302894711494446,-0.5475826263427734,0.009060577489435673,0.008232585154473782,0.19066482782363892
141,-0.5218948721885681,-0.5301569700241089,0.004510349594056606,0.003751761745661497,0.1905973106622696
142,-0.5350423455238342,-0.5434213876724243,0.004004842136055231,0.004374226555228233,0.19052983820438385
143,-0.5478500723838806,-0.5534949898719788,0.0028421939350664616,0.0028027116786688566,0.19046249985694885
144,-0.5299731492996216,-0.5439719557762146,0.007078757043927908,0.006920017302036285,0.19039534032344818
145,-0.5306407809257507,-0.540286660194397,0.004908771254122257,0.004737053066492081,0.19032827019691467
146,-0.5497875809669495,-0.5541737675666809,0.002258747350424528,0.002127491170540452,0.19026128947734833
147,-0.5678756237030029,-0.5725505352020264,0.0023302892223000526,0.002344627631828189,0.1901942491531372
148,-0.5548211336135864,-0.5589736700057983,0.002037455327808857,0.0021150552202016115,0.19012725353240967
149,-0.5242501497268677,-0.5313149690628052,0.00341002456843853,0.003654781961813569,0.19006039202213287
150,-0.5282702445983887,-0.5361722111701965,0.00369873084127903,0.004203231539577246,0.18999366462230682
151,-0.5240771770477295,-0.5288335084915161,0.002435691887512803,0.0023206507321447134,0.1899271458387375
152,-0.5388100147247314,-0.5497654676437378,0.005282796453684568,0.005672649014741182,0.18986068665981293
153,-0.5360808968544006,-0.546779990196228,0.005339491181075573,0.005359605420380831,0.18979418277740479
154,-0.5266162753105164,-0.538064181804657,0.005925626028329134,0.005522224120795727,0.1897277683019638
155,-0.5386534333229065,-0.5413423180580139,0.0013775373809039593,0.0013113595778122544,0.18966144323349
156,-0.5587443113327026,-0.5687476992607117,0.004941320046782494,0.00506206089630723,0.1895950883626938
157,-0.5432958602905273,-0.5491839051246643,0.002898031147196889,0.002989985980093479,0.18952883780002594
158,-0.5461132526397705,-0.5522832870483398,0.0031374876853078604,0.0030325716361403465,0.18946264684200287
159,-0.5404565930366516,-0.547239363193512,0.003426940878853202,0.0033557850401848555,0.18939660489559174
160,-0.5611109733581543,-0.5663331747055054,0.0025921983178704977,0.002629971830174327,0.18933062255382538
161,-0.5457301139831543,-0.5524938106536865,0.0035307619255036116,0.003232934046536684,0.18926472961902618
162,-0.5503721833229065,-0.5554042458534241,0.00248402520082891,0.002548050368204713,0.18919897079467773
163,-0.5787447690963745,-0.5846851468086243,0.002913236618041992,0.0030271427240222692,0.18913325667381287
164,-0.5486431121826172,-0.5579173564910889,0.0047208573669195175,0.004553379025310278,0.18906766176223755
165,-0.5642951130867004,-0.5754013061523438,0.005419271066784859,0.005686940625309944,0.1890021711587906
166,-0.5640178322792053,-0.5713582634925842,0.0036186452489346266,0.0037217866629362106,0.1889367252588272
167,-0.5583377480506897,-0.5632497668266296,0.002725211437791586,0.0021868080366402864,0.18887142837047577
168,-0.5388422012329102,-0.5438937544822693,0.00266828341409564,0.0023832907900214195,0.18880638480186462
169,-0.5733968019485474,-0.5790944695472717,0.003162239445373416,0.002535388572141528,0.18874135613441467
170,-0.565038800239563,-0.5710126757621765,0.003048731479793787,0.0029251419473439455,0.1886763870716095
171,-0.561140239238739,-0.5675691366195679,0.003649490885436535,0.002779420930892229,0.18861143290996552
172,-0.5555043816566467,-0.5595892071723938,0.0023164048325270414,0.0017684013582766056,0.1885465830564499
173,-0.5638719797134399,-0.5725399255752563,0.004280797205865383,0.004387112334370613,0.18848173320293427
174,-0.5326603055000305,-0.5405206680297852,0.004238995723426342,0.0036213432904332876,0.18841709196567535
175,-0.5498936772346497,-0.5591833591461182,0.004857955034822226,0.004431696608662605,0.1883525550365448
176,-0.5618891716003418,-0.5710578560829163,0.0046892836689949036,0.0044793980196118355,0.18828803300857544
177,-0.5607185363769531,-0.5646286606788635,0.00193105882499367,0.0019790749065577984,0.18822364509105682
178,-0.5707818865776062,-0.5767660140991211,0.0030806520953774452,0.0029034775216132402,0.1881592869758606
179,-0.5699973702430725,-0.5778895020484924,0.004072287119925022,0.003819852601736784,0.1880950778722763
180,-0.5678695440292358,-0.5741210579872131,0.003329650731757283,0.0029219030402600765,0.18803100287914276
181,-0.595674455165863,-0.6006299257278442,0.0024634485598653555,0.002491981955245137,0.18796688318252563
182,-0.5853971242904663,-0.5964282155036926,0.005743350833654404,0.005287790670990944,0.1879027932882309
183,-0.5922338366508484,-0.5972729325294495,0.002623426727950573,0.0024156500585377216,0.18783877789974213
184,-0.584559977054596,-0.5893844366073608,0.0023545739240944386,0.0024699026253074408,0.1877748668193817
185,-0.596378743648529,-0.6041412949562073,0.003937007859349251,0.003825556254014373,0.1877109706401825
186,-0.3549627363681793,-0.580941379070282,0.1131143793463707,0.11286425590515137,0.18764731287956238
187,-0.5859748125076294,-0.5947613716125488,0.004154209513217211,0.004632360767573118,0.18758369982242584
188,-0.5755744576454163,-0.5807504653930664,0.0026283366605639458,0.002547699958086014,0.18752016127109528
189,-0.559142529964447,-0.5748594999313354,0.007554452400654554,0.008162484504282475,0.18745675683021545
190,-0.5874244570732117,-0.5983953475952148,0.005705958232283592,0.005264928564429283,0.18739335238933563
191,-0.5773420929908752,-0.5840381979942322,0.003294333815574646,0.003401783760637045,0.18732993304729462
192,-0.5840650200843811,-0.5905167460441589,0.0036564799956977367,0.0027952203527092934,0.1872665286064148
193,-0.580132246017456,-0.5846939086914062,0.002210770733654499,0.0023508721496909857,0.18720316886901855
194,-0.5731303691864014,-0.5772528648376465,0.0020103887654840946,0.002112100599333644,0.18713994324207306
195,-0.5782033801078796,-0.5850988030433655,0.0035234205424785614,0.003372026141732931,0.18707682192325592
196,-0.5843741297721863,-0.5910240411758423,0.00380115769803524,0.002848745323717594,0.18701379001140594
197,-0.5948935151100159,-0.5987309813499451,0.0019401151221245527,0.0018973564729094505,0.1869506686925888
198,-0.5901646018028259,-0.5946806073188782,0.002224158262833953,0.002291856799274683,0.18688760697841644
199,-0.5794858932495117,-0.5920336246490479,0.0062695518136024475,0.0062781525775790215,0.1868247091770172
200,-0.5864810943603516,-0.6000157594680786,0.006918757222592831,0.0066159563139081,0.18676181137561798
201,-0.5805533528327942,-0.5892800688743591,0.004701459314674139,0.0040252795442938805,0.18669909238815308
202,-0.597923755645752,-0.6055954694747925,0.0037639583460986614,0.0039077685214579105,0.18663643300533295
203,-0.6081171631813049,-0.6109509468078613,0.0014793549198657274,0.0013544809771701694,0.186573788523674
204,-0.6304848790168762,-0.6352420449256897,0.002279836218804121,0.002477318746969104,0.18651096522808075
205,-0.6148860454559326,-0.6260995268821716,0.005828694440424442,0.00538480281829834,0.18644815683364868
206,-0.6061842441558838,-0.6117056608200073,0.0023957081139087677,0.0031257476657629013,0.18638551235198975
207,-0.6086556315422058,-0.6197910904884338,0.005671143531799316,0.005464343819767237,0.18632294237613678
208,-0.40399062633514404,-0.617486834526062,0.1073177307844162,0.10617847740650177,0.18626044690608978
209,-0.6047437191009521,-0.612522304058075,0.004053282551467419,0.003725313348695636,0.18619804084300995
210,-0.5905101895332336,-0.5991088151931763,0.004619015380740166,0.003979628439992666,0.18613572418689728
211,-0.6115450859069824,-0.6159235239028931,0.0025466883089393377,0.0018317906651645899,0.1860734075307846
212,-0.5957260727882385,-0.5986248254776001,0.0014845351688563824,0.0014142158906906843,0.18601110577583313
213,-0.5867384672164917,-0.5942277312278748,0.0037676836363971233,0.003721598070114851,0.1859489232301712
214,-0.5951398611068726,-0.5976070761680603,0.001167722512036562,0.001299509429372847,0.18588677048683167
215,-0.5905107259750366,-0.5920904874801636,0.0007705426542088389,0.0008091878844425082,0.1858247071504593
216,-0.5932881236076355,-0.5996852517127991,0.003510445822030306,0.002886642934754491,0.1857627034187317
217,-0.6077661514282227,-0.6130695939064026,0.0029444030951708555,0.002359022619202733,0.18570064008235931
218,-0.5833637714385986,-0.5944308042526245,0.005766228772699833,0.005300846882164478,0.18563875555992126
219,-0.5993724465370178,-0.6084144115447998,0.004881448578089476,0.004160531330853701,0.18557700514793396
220,-0.6065624356269836,-0.6089169979095459,0.0013689101906493306,0.0009856371907517314,0.18551531434059143
221,-0.6187965869903564,-0.6251692771911621,0.003164591733366251,0.003208121983334422,0.1854536384344101
222,-0.6233999729156494,-0.6296997666358948,0.0032988591119647026,0.0030009369365870953,0.18539194762706757
223,-0.4119928479194641,-0.62021404504776,0.10369078069925308,0.10453037917613983,0.18533030152320862
224,-0.613664984703064,-0.6170273423194885,0.001935593318194151,0.0014267703518271446,0.18526872992515564
225,-0.6168936491012573,-0.6230507493019104,0.002993089845404029,0.003163966117426753,0.18520723283290863
226,-0.633457601070404,-0.6366358399391174,0.0019354575779289007,0.0012427413603290915,0.18514569103717804
227,-0.6071101427078247,-0.6180353164672852,0.005439784377813339,0.005485423840582371,0.18508416414260864
228,-0.6230257749557495,-0.6295358538627625,0.0030921436846256256,0.003417880740016699,0.18502263724803925
229,-0.6135355830192566,-0.6224889755249023,0.00469666812568903,0.004256701096892357,0.18496118485927582
230,-0.4130322337150574,-0.6121932864189148,0.0995527133345604,0.09960834681987762,0.18489985167980194
231,-0.42211341857910156,-0.6103886961936951,0.0940975472331047,0.0941777154803276,0.18483857810497284
232,-0.6144331097602844,-0.6206289529800415,0.0029360270127654076,0.003259823191910982,0.1847774088382721
233,-0.60597163438797,-0.6196317076683044,0.00720158452168107,0.006458470597863197,0.18471631407737732
234,-0.6074924468994141,-0.6123833656311035,0.0025768443010747433,0.002314097248017788,0.1846553236246109
235,-0.6218461990356445,-0.625782310962677,0.0021401923149824142,0.0017959419637918472,0.18459436297416687
236,-0.6154534816741943,-0.6251550912857056,0.004894138779491186,0.004807489924132824,0.18453337252140045
237,-0.6040092706680298,-0.6158136129379272,0.005913906265050173,0.005890438798815012,0.18447256088256836
238,-0.6285769939422607,-0.6318659782409668,0.0017192227533087134,0.0015697398921474814,0.18441177904605865
239,-0.6297211050987244,-0.6440991163253784,0.007720205932855606,0.006657804362475872,0.18435105681419373
240,-0.6486766934394836,-0.6525428295135498,0.0018499491270631552,0.0020162095315754414,0.1842903047800064
241,-0.6310712695121765,-0.6398329734802246,0.004518597852438688,0.004243114497512579,0.18422956764698029
242,-0.6352351307868958,-0.6450004577636719,0.004918638616800308,0.0048467135056853294,0.18416891992092133
243,-0.6428027749061584,-0.6538416147232056,0.005742778070271015,0.005296052433550358,0.18410831689834595
244,-0.6605783104896545,-0.6672074198722839,0.003795959521085024,0.0028331452049314976,0.1840476542711258
245,-0.6430169939994812,-0.6484523415565491,0.002744204131886363,0.0026911268942058086,0.183987095952034
246,-0.6248575448989868,-0.6281147599220276,0.0017621770966798067,0.0014950486365705729,0.18392661213874817
247,-0.6217037439346313,-0.627363383769989,0.002910576295107603,0.0027490744832903147,0.18386626243591309
248,-0.6302829384803772,-0.6348569393157959,0.002353052841499448,0.0022209566086530685,0.18380598723888397
249,-0.6372113227844238,-0.6489186882972717,0.005966279190033674,0.005741042084991932,0.18374572694301605
250,-0.6379291415214539,-0.6473293304443359,0.004558935295790434,0.00484128575772047,0.18368546664714813
251,-0.6363069415092468,-0.6401535272598267,0.0019013516139239073,0.0019452320411801338,0.18362529575824738
252,-0.643739640712738,-0.649060070514679,0.0025112945586442947,0.00280910637229681,0.1835651397705078
253,-0.6455948352813721,-0.6478976607322693,0.0011647888459265232,0.0011380109935998917,0.18350498378276825
254,-0.6422060132026672,-0.6465175747871399,0.0023796327877789736,0.0019319129642099142,0.18344487249851227
255,-0.6381133198738098,-0.6437617540359497,0.0029970358591526747,0.002651415765285492,0.18338483572006226
256,-0.6610763072967529,-0.6650573015213013,0.001928296871483326,0.00205275253392756,0.18332475423812866
257,-0.6328192353248596,-0.6405262351036072,0.0040670474991202354,0.0036399324890226126,0.18326474726200104
258,-0.6492955088615417,-0.6546629667282104,0.0027108758222311735,0.0026566023007035255,0.18320481479167938
259,-0.6686290502548218,-0.6746813654899597,0.00324126984924078,0.0028110824059695005,0.1831447184085846
260,-0.6602234244346619,-0.6715158820152283,0.0055023618042469025,0.005790143273770809,0.18308468163013458
261,-0.6804056167602539,-0.6868602633476257,0.003802722552791238,0.002651930321007967,0.18302462995052338
262,-0.6750470995903015,-0.6859065890312195,0.005630339961498976,0.005229197908192873,0.18296459317207336
263,-0.6632723808288574,-0.6668375134468079,0.0019119849894195795,0.0016531493747606874,0.18290464580059052
264,-0.6600392460823059,-0.6634273529052734,0.0015957074938341975,0.0017923626583069563,0.18284480273723602
265,-0.6673709154129028,-0.6721084117889404,0.002364047570154071,0.0023734632413834333,0.18278495967388153
266,-0.6638855338096619,-0.6708762049674988,0.003553809830918908,0.0034368583001196384,0.1827252209186554
267,-0.6481439471244812,-0.660858690738678,0.006263024173676968,0.006451732479035854,0.18266561627388
268,-0.6594850420951843,-0.664696455001831,0.0027953593526035547,0.002416058676317334,0.1826060265302658
269,-0.6383567452430725,-0.6514723300933838,0.006525084841996431,0.006590456236153841,0.18254654109477997
270,-0.6707433462142944,-0.6797029972076416,0.0044202422723174095,0.004539450164884329,0.18248704075813293
271,-0.654937207698822,-0.6578797698020935,0.0013954562600702047,0.0015471194637939334,0.1824275702238083
272,-0.6637960076332092,-0.6664673089981079,0.0014498124364763498,0.0012215019669383764,0.18236814439296722
273,-0.6488787531852722,-0.6535296440124512,0.002481147414073348,0.0021697015035897493,0.1823088526725769
274,-0.645712673664093,-0.6480751037597656,0.0011553384829312563,0.0012071301462128758,0.18224963545799255
275,-0.6392930746078491,-0.6462048292160034,0.003580384887754917,0.0033313771709799767,0.18219050765037537
276,-0.6561390161514282,-0.6649944186210632,0.0045708948746323586,0.004284511785954237,0.1821313053369522
277,-0.6654645800590515,-0.6764887571334839,0.005424477159976959,0.00559967802837491,0.18207216262817383
278,-0.6563372015953064,-0.6672399640083313,0.005778622813522816,0.005124143324792385,0.1820131093263626
279,-0.661508321762085,-0.6735180020332336,0.0064986650831997395,0.005510994233191013,0.18195414543151855
280,-0.6686859130859375,-0.6790265440940857,0.00528738321736455,0.005053233355283737,0.1818951517343521
281,-0.6942670345306396,-0.7009217143058777,0.003624045057222247,0.0030306840781122446,0.18183615803718567
282,-0.684872567653656,-0.6891186833381653,0.0023510195314884186,0.001895085908472538,0.1817772537469864
283,-0.6859285235404968,-0.6905745267868042,0.002545200288295746,0.00210080249235034,0.18171840906143188
284,-0.692211925983429,-0.6988541483879089,0.0033409125171601772,0.003301347838714719,0.18165947496891022
285,-0.688332736492157,-0.6969347596168518,0.00453215790912509,0.004069874528795481,0.18160058557987213
286,-0.670548141002655,-0.6740582585334778,0.002023251261562109,0.0014868442667648196,0.18154171109199524
287,-0.6660667657852173,-0.6756545901298523,0.005005167797207832,0.004582641180604696,0.1814829558134079
288,-0.6714351773262024,-0.6818006634712219,0.005233307834714651,0.005132179707288742,0.18142428994178772
289,-0.6858302354812622,-0.6897934675216675,0.0022269694600254297,0.0017362696817144752,0.18136560916900635
290,-0.6814982891082764,-0.6895337104797363,0.004455988761037588,0.0035794510040432215,0.18130694329738617
291,-0.6900558471679688,-0.696603000164032,0.003147123847156763,0.0034000335726886988,0.181248277425766
292,-0.6778430938720703,-0.6823126673698425,0.002197438618168235,0.002272140234708786,0.18118973076343536
293,-0.6754522919654846,-0.6789819002151489,0.0017939305398613214,0.0017356611788272858,0.1811312884092331
294,-0.6844846606254578,-0.6928158402442932,0.004309952724725008,0.004021208733320236,0.1810728907585144
295,-0.6921001672744751,-0.6952325105667114,0.0016800768207758665,0.0014522497076541185,0.1810145378112793
296,-0.6957235336303711,-0.6993695497512817,0.001966994721442461,0.0016789906658232212,0.1809561848640442
297,-0.702414870262146,-0.7104686498641968,0.004026643931865692,0.00402713380753994,0.1808977872133255
298,-0.7014091610908508,-0.7076502442359924,0.0031655943021178246,0.00307550560683012,0.180839404463768
299,-0.6882168650627136,-0.6913880109786987,0.0018204492516815662,0.001350698759779334,0.18078111112117767
300,-0.6985969543457031,-0.7100520730018616,0.005964478012174368,0.0054906439036130905,0.18072284758090973
301,-0.703953206539154,-0.7063959240913391,0.0011946526356041431,0.0012480890145525336,0.18066462874412537
302,-0.6916418671607971,-0.6966093182563782,0.002722431905567646,0.0022450059186667204,0.18060646951198578
303,-0.6814436316490173,-0.6870449185371399,0.0028428700752556324,0.002758422866463661,0.18054834008216858
304,-0.6807627081871033,-0.6848458647727966,0.0022140759974718094,0.0018690541619434953,0.18049032986164093
305,-0.6786029934883118,-0.6807065606117249,0.0011782379588112235,0.0009253309108316898,0.1804322898387909
306,-0.6773616671562195,-0.688323974609375,0.005901449825614691,0.005060880910605192,0.1803743690252304
307,-0.6815649271011353,-0.6863340139389038,0.002456996589899063,0.0023120807018131018,0.1803164929151535
308,-0.7010683417320251,-0.7085645794868469,0.0037221284583210945,0.003774109063670039,0.18025855720043182
309,-0.6948544383049011,-0.7008777856826782,0.003290674416348338,0.002732694149017334,0.18020060658454895
310,-0.6954887509346008,-0.7007953524589539,0.002655837219208479,0.002650747774168849,0.18014276027679443
311,-0.7022686004638672,-0.7069551348686218,0.002231128513813019,0.002455394249409437,0.1800849437713623
312,-0.7155171036720276,-0.7222645878791809,0.0036141513846814632,0.0031333481892943382,0.18002712726593018
313,-0.717617928981781,-0.721610963344574,0.002070007845759392,0.0019230075413361192,0.17996931076049805
314,-0.7093694806098938,-0.7156633138656616,0.003504345891997218,0.002789485966786742,0.1799115687608719
315,-0.7003758549690247,-0.7049216032028198,0.0025651429314166307,0.00198059668764472,0.17985394597053528
316,-0.7064163684844971,-0.7160555720329285,0.005209708120673895,0.004429495427757502,0.17979636788368225
317,-0.7049184441566467,-0.7104924321174622,0.0029586930759251118,0.002615254605188966,0.1797388345003128
318,-0.70786052942276,-0.7133324146270752,0.002792258281260729,0.0026796613819897175,0.17968133091926575
319,-0.6858108639717102,-0.7056288123130798,0.009623091667890549,0.01019481010735035,0.1796238124370575
320,-0.6966879367828369,-0.7001221179962158,0.0017189666396006942,0.001715240883640945,0.1795663684606552
321,-0.6756380796432495,-0.6791704893112183,0.0016304940218105912,0.0019019364845007658,0.1795089840888977
322,-0.6867799758911133,-0.6898614764213562,0.0013758117565885186,0.0017056904034689069,0.17945165932178497
323,-0.6919528841972351,-0.6954969167709351,0.001688935561105609,0.0018550580134615302,0.17939431965351105
324,-0.6798022389411926,-0.6902596950531006,0.0050748735666275024,0.005382593721151352,0.1793370544910431
325,-0.6872518062591553,-0.6923322677612305,0.0026571140624582767,0.002423318102955818,0.1792798638343811
326,-0.6912005543708801,-0.6958503723144531,0.002277736086398363,0.0023720627650618553,0.17922279238700867
327,-0.7223340272903442,-0.7248797416687012,0.0012641705106943846,0.0012815626105293632,0.17916564643383026
328,-0.6995396614074707,-0.7048755288124084,0.002523105824366212,0.0028127217665314674,0.1791086047887802
329,-0.7053763270378113,-0.7116851210594177,0.0037217424251139164,0.002587060909718275,0.1790516972541809
330,-0.6506792902946472,-0.7253615260124207,0.037608880549669266,0.037073373794555664,0.178994819521904
331,-0.7259138822555542,-0.7305311560630798,0.002479264046996832,0.002138004405423999,0.17893798649311066
332,-0.7390040159225464,-0.7463902235031128,0.0037060037720948458,0.003680238500237465,0.17888112366199493
333,-0.7325878143310547,-0.7377208471298218,0.002901230240240693,0.0022317718248814344,0.178824320435524
334,-0.729649543762207,-0.7355828881263733,0.0031285916920751333,0.002804748946800828,0.17876754701137543
335,-0.7420157194137573,-0.7478574514389038,0.003326212055981159,0.0025155225303024054,0.1787107139825821
336,-0.7310870289802551,-0.7354795336723328,0.002296739025041461,0.002095772186294198,0.1786537766456604
337,-0.7192230820655823,-0.7240793704986572,0.002656456781551242,0.002199807669967413,0.1785968840122223
338,-0.7193745970726013,-0.7262001633644104,0.00336400861851871,0.0034615457989275455,0.1785399615764618
339,-0.6825235486030579,-0.6850025653839111,0.0012045917101204395,0.0012744168052449822,0.17848320305347443
340,-0.6784886717796326,-0.6980250477790833,0.009791797026991844,0.009744575247168541,0.17842647433280945
341,-0.6875948309898376,-0.698703408241272,0.005562622100114822,0.005545974709093571,0.17836977541446686
342,-0.719938337802887,-0.7282242178916931,0.004447287414222956,0.0038385973311960697,0.17831289768218994
343,-0.7229330539703369,-0.7284365892410278,0.0027094162069261074,0.002794141648337245,0.17825596034526825
344,-0.7188013195991516,-0.7236547470092773,0.002433567773550749,0.0024198824539780617,0.17819897830486298
345,-0.7209026217460632,-0.7325788140296936,0.0060691530816257,0.005607052240520716,0.17814208567142487
346,-0.7242447137832642,-0.7435605525970459,0.00922715850174427,0.010088695213198662,0.17808522284030914
347,-0.6596619486808777,-0.7414978742599487,0.04094783216714859,0.040888089686632156,0.17802846431732178
348,-0.7375918030738831,-0.7561440467834473,0.009168836288154125,0.009383396245539188,0.17797166109085083
349,-0.7138102054595947,-0.7373312711715698,0.011642325669527054,0.011878755874931812,0.17791500687599182
350,-0.7352461218833923,-0.7373406887054443,0.00103823933750391,0.0010563151445239782,0.1778583973646164
351,-0.7327820062637329,-0.7385756969451904,0.0030752699822187424,0.0027184749487787485,0.17780189216136932
352,-0.7088219523429871,-0.7359714508056641,0.013303883373737335,0.013845628127455711,0.17774543166160583
353,-0.7046850919723511,-0.7504501938819885,0.0232416782528162,0.02252342365682125,0.17768892645835876
354,-0.7161145806312561,-0.7366827130317688,0.010000660084187984,0.010567505843937397,0.1776324063539505
355,-0.6536335945129395,-0.7212903499603271,0.033052749931812286,0.03460400179028511,0.1775759607553482
356,-0.5166926383972168,-0.7223666310310364,0.10284963250160217,0.10282433778047562,0.1775195151567459
357,-0.720708966255188,-0.7283585071563721,0.0038777959998697042,0.0037717041559517384,0.17746303975582123
358,-0.720148503780365,-0.7271802425384521,0.0037856721319258213,0.0032460398506373167,0.17740656435489655
359,-0.7090625762939453,-0.7195724844932556,0.005411319900304079,0.0050985850393772125,0.17735016345977783
360,-0.7198043465614319,-0.7356768250465393,0.007999176159501076,0.007873307913541794,0.1772938072681427
361,-0.7247841358184814,-0.7354027032852173,0.005446759518235922,0.0051718284375965595,0.17723751068115234
362,-0.7492014765739441,-0.7531717419624329,0.00193657330237329,0.002033737488090992,0.17718128859996796
363,-0.7525982856750488,-0.7610593438148499,0.004481358453631401,0.0039796675555408,0.17712506651878357
364,-0.755293071269989,-0.7622390985488892,0.003309896681457758,0.003636107314378023,0.17706890404224396
365,-0.775830864906311,-0.7803281545639038,0.0023507229052484035,0.002146564656868577,0.17701277136802673
366,-0.7632119059562683,-0.7849211096763611,0.010891221463680267,0.010817989706993103,0.17695662379264832
367,-0.7440889477729797,-0.7650593519210815,0.01028488390147686,0.010685517452657223,0.17690058052539825
368,-0.7287447452545166,-0.7696598768234253,0.020656965672969818,0.02025819569826126,0.17684446275234222
369,-0.7162615656852722,-0.7381662726402283,0.010865887627005577,0.011038857512176037,0.17678847908973694
370,-0.7430141568183899,-0.754727840423584,0.005681726150214672,0.006031932774931192,0.17673234641551971
371,-0.7217215895652771,-0.7397949695587158,0.008825561963021755,0.009247816167771816,0.17667622864246368
372,0.5023055076599121,-0.7544494867324829,0.630083441734314,0.626671552658081,0.17662014067173004
373,-0.7473709583282471,-0.7515580654144287,0.002144599799066782,0.0020425093825906515,0.1765640825033188
374,-0.7382911443710327,-0.7583669424057007,0.00977176520973444,0.010304014198482037,0.17650814354419708
375,-0.7229728102684021,-0.7590141296386719,0.017458822578191757,0.018582524731755257,0.17645227909088135
376,-0.7546948194503784,-0.7662264108657837,0.0059934500604867935,0.0055381786078214645,0.17639650404453278
377,-0.7804198265075684,-0.7858620285987854,0.0028786729089915752,0.0025635112542659044,0.17634069919586182
378,-0.7133821845054626,-0.7543444633483887,0.020772941410541534,0.020189333707094193,0.1762850135564804
379,-0.7348061203956604,-0.7405557632446289,0.0028987249825149775,0.002850899240002036,0.17622946202754974
380,-0.7582215070724487,-0.7645284533500671,0.003051710780709982,0.003255253192037344,0.17617397010326385
381,-0.7012728452682495,-0.7378787398338318,0.018195005133748055,0.018410880118608475,0.17611849308013916
382,-0.7344536185264587,-0.737572431564331,0.001561021781526506,0.0015577853191643953,0.17606303095817566
383,-0.7056047320365906,-0.7247143983840942,0.009690015576779842,0.00941966101527214,0.17600765824317932
384,-0.6888734102249146,-0.7286160588264465,0.019600341096520424,0.020142337307333946,0.17595228552818298
385,-0.7098038792610168,-0.7298792600631714,0.009700979106128216,0.010374444536864758,0.17589688301086426
386,-0.6995475888252258,-0.7129499316215515,0.007055723574012518,0.006346624344587326,0.17584159970283508
387,-0.7367912530899048,-0.749912440776825,0.006364345084875822,0.0067568374797701836,0.17578627169132233
388,-0.7607920169830322,-0.763398289680481,0.0011929860338568687,0.0014132799115031958,0.17573091387748718
389,-0.7538256645202637,-0.760817289352417,0.003553191665560007,0.0034383845049887896,0.17567557096481323
390,-0.7271730303764343,-0.7654192447662354,0.018795013427734375,0.01945117861032486,0.17562033236026764
391,-0.7633379697799683,-0.7694824934005737,0.0033379653468728065,0.002806564560160041,0.17556512355804443
392,-0.7699185013771057,-0.7975024580955505,0.013481765054166317,0.014102211222052574,0.17550984025001526
393,-0.7537150382995605,-0.7744326591491699,0.010192455723881721,0.010525173507630825,0.17545460164546967
394,-0.736732006072998,-0.7892134785652161,0.027064599096775055,0.025416821241378784,0.17539939284324646
395,-0.6980977058410645,-0.7948020100593567,0.04836847260594368,0.04833584651350975,0.17534416913986206
396,-0.7705222964286804,-0.7919127941131592,0.010999420657753944,0.010391083545982838,0.17528899013996124
397,-0.780845046043396,-0.7949694395065308,0.007379261776804924,0.006745187100023031,0.17523379623889923
398,-0.5302966237068176,-0.758882999420166,0.11543350666761398,0.11315284669399261,0.17517869174480438
399,-0.7419790625572205,-0.7476980090141296,0.0029216266702860594,0.0027973297983407974,0.1751236766576767
400,-0.7432424426078796,-0.767295777797699,0.012214289978146553,0.011839035898447037,0.17506861686706543
401,-0.7250187397003174,-0.750044584274292,0.012274209409952164,0.012751652859151363,0.17501354217529297
402,-0.7048670649528503,-0.7354261875152588,0.01531307864934206,0.015246028080582619,0.1749584972858429
403,-0.705215573310852,-0.7395365834236145,0.017071060836315155,0.0172499418258667,0.1749034821987152
404,-0.734218955039978,-0.746971070766449,0.006630537565797567,0.006121604237705469,0.17484846711158752
405,-0.7000606656074524,-0.7218363285064697,0.01096540316939354,0.010810265317559242,0.17479364573955536
406,-0.7295202016830444,-0.7485094666481018,0.010325448587536812,0.008663828484714031,0.1747388243675232
407,0.43132275342941284,-0.7834019064903259,0.6063461303710938,0.608378529548645,0.17468403279781342
408,-0.797452986240387,-0.8043484687805176,0.003897904185578227,0.0029976030346006155,0.17462921142578125
409,-0.7624909281730652,-0.8067808747291565,0.021573392674326897,0.022716596722602844,0.17457440495491028
410,-0.8226580619812012,-0.8266404271125793,0.001866913866251707,0.0021154345013201237,0.1745195984840393
411,-0.8036486506462097,-0.8121224045753479,0.004240918438881636,0.004232814535498619,0.1744648963212967
412,-0.8192588686943054,-0.828315258026123,0.004815545864403248,0.004240843467414379,0.17441007494926453
413,-0.5717441439628601,-0.8004744648933411,0.11501612514257431,0.11371419578790665,0.17435525357723236
414,-0.7882715463638306,-0.7942857146263123,0.003304510610178113,0.0027096769772469997,0.17430052161216736
415,-0.7140253782272339,-0.7774631381034851,0.031578462570905685,0.03185926005244255,0.17424583435058594
416,-0.7176353931427002,-0.7613251209259033,0.02232048660516739,0.021369189023971558,0.1741911619901657
417,-0.6868200898170471,-0.7763653993606567,0.044684574007987976,0.04486069455742836,0.17413648962974548
418,-0.7489173412322998,-0.7749796509742737,0.013090906664729118,0.012971391901373863,0.17408186197280884
419,-0.7089709639549255,-0.759570837020874,0.026137197390198708,0.024462711066007614,0.17402726411819458
420,-0.740304708480835,-0.767500102519989,0.013605750165879726,0.013589643873274326,0.17397265136241913
421,-0.742957353591919,-0.7663911581039429,0.012080647051334381,0.011353128589689732,0.17391802370548248
422,-0.7202432155609131,-0.7750650644302368,0.028124235570430756,0.026697615161538124,0.17386330664157867
423,-0.7377162575721741,-0.7650935053825378,0.013538854196667671,0.013838381506502628,0.17380864918231964
424,-0.7443872094154358,-0.7700484991073608,0.01337568648159504,0.012285592965781689,0.1737539917230606
425,-0.7777425646781921,-0.786058247089386,0.00444072624668479,0.0038749314844608307,0.17369940876960754
426,-0.7500096559524536,-0.7940344214439392,0.022687135264277458,0.02133762277662754,0.1736447662115097
427,-0.8024088144302368,-0.8223817944526672,0.010082858614623547,0.009890156798064709,0.17359000444412231
428,-0.7877192497253418,-0.7904723882675171,0.001295188325457275,0.001457922044210136,0.17353537678718567
429,-0.7643189430236816,-0.8016940355300903,0.019262144342064857,0.01811292953789234,0.17348085343837738
430,-0.7499712109565735,-0.7960107326507568,0.023484038189053535,0.02255547046661377,0.1734263300895691
431,-0.7492207288742065,-0.7764832973480225,0.013682270422577858,0.01358031015843153,0.17337195575237274
432,-0.755889356136322,-0.7943080067634583,0.0197763554751873,0.018642302602529526,0.17331752181053162
433,-0.7723555564880371,-0.790468156337738,0.009314862079918385,0.008797779679298401,0.17326302826404572
434,-0.7592836618423462,-0.777674674987793,0.009204371832311153,0.009186611510813236,0.173208549618721
435,-0.7446914911270142,-0.7854565978050232,0.020739968866109848,0.02002512663602829,0.1731541007757187
436,-0.7651179432868958,-0.786854088306427,0.010945050045847893,0.010791131295263767,0.17309968173503876
437,-0.7671258449554443,-0.7874672412872314,0.010474852286279202,0.009866532869637012,0.1730451136827469
438,-0.760156512260437,-0.7791504263877869,0.009860867634415627,0.00913304090499878,0.17299053072929382
439,-0.7525262236595154,-0.7784034609794617,0.013341234996914864,0.01253599300980568,0.1729360967874527
440,-0.7529795169830322,-0.7860636115074158,0.01569422334432602,0.017389889806509018,0.17288169264793396
441,-0.7945401072502136,-0.8126275539398193,0.009056994691491127,0.009030449204146862,0.17282734811306
442,-0.7797967195510864,-0.8045414686203003,0.012286246754229069,0.012458482757210732,0.17277303338050842
443,-0.793018639087677,-0.8116129040718079,0.009518046863377094,0.009076244197785854,0.17271876335144043
444,-0.7329745888710022,-0.7974889874458313,0.03290470317006111,0.031609732657670975,0.1726645827293396
445,-0.8029924631118774,-0.8143378496170044,0.006438037846237421,0.004907343536615372,0.17261046171188354
446,-0.8245382905006409,-0.8355644345283508,0.005351397208869457,0.005674745887517929,0.17255622148513794
447,-0.7940971255302429,-0.8037616610527039,0.005045573227107525,0.0046189166605472565,0.1725020557641983
448,-0.8064680099487305,-0.8241490125656128,0.008864939212799072,0.008816033601760864,0.17244787514209747
449,-0.7928488254547119,-0.8112078905105591,0.009288514032959938,0.009070574305951595,0.17239375412464142
450,-0.8091957569122314,-0.8196924924850464,0.005343165248632431,0.005153605714440346,0.17233975231647491
451,-0.7895328998565674,-0.8171827793121338,0.014077436178922653,0.0135724488645792,0.1722857654094696
452,-0.8069007396697998,-0.8095086812973022,0.0010676553938537836,0.0015402871649712324,0.17223180830478668
453,-0.7687619924545288,-0.8045647144317627,0.0185549333691597,0.017247773706912994,0.17217788100242615
454,-0.8112297654151917,-0.8219959735870361,0.005663637071847916,0.005102560389786959,0.17212392389774323
455,-0.7675904631614685,-0.8061142563819885,0.019700370728969574,0.018823416903614998,0.17207002639770508
456,-0.748465895652771,-0.7774752974510193,0.015036910772323608,0.01397252269089222,0.17201627790927887
457,-0.7866689562797546,-0.8068829774856567,0.01024319976568222,0.009970852173864841,0.17196255922317505
458,-0.7885014414787292,-0.8016273975372314,0.007258281111717224,0.00586767727509141,0.171908900141716
459,-0.7792532444000244,-0.8078804016113281,0.014413971453905106,0.01421322301030159,0.17185518145561218
460,-0.7279438972473145,-0.7711479067802429,0.02209070324897766,0.02111324667930603,0.17180156707763672
461,-0.743339478969574,-0.7882423996925354,0.02333819679915905,0.021564707159996033,0.17174799740314484
462,-0.8008236885070801,-0.8091347217559814,0.0041877212934195995,0.004123302176594734,0.17169445753097534
463,-0.7894172668457031,-0.8067147731781006,0.00959145836532116,0.007706029340624809,0.17164085805416107
464,-0.7630290389060974,-0.792055606842041,0.015154195949435234,0.013872390612959862,0.1715872585773468
465,-0.7639914751052856,-0.8004499077796936,0.01847945898771286,0.017978986725211143,0.17153368890285492
466,-0.7998951077461243,-0.8081691265106201,0.004127371124923229,0.0041466569527983665,0.17148014903068542
467,-0.8099960088729858,-0.8192749619483948,0.005159812979400158,0.004119131248444319,0.17142662405967712
468,-0.7670129537582397,-0.8178138732910156,0.026622219011187553,0.02417870983481407,0.17137302458286285
469,-0.7897682785987854,-0.8167453408241272,0.0148636344820261,0.012113446369767189,0.17131942510604858
470,-0.7030991911888123,-0.8063578605651855,0.054246384650468826,0.049012310802936554,0.1712658852338791
471,-0.8163295388221741,-0.8233402967453003,0.002789519028738141,0.004221252631396055,0.1712123155593872
472,-0.7708591818809509,-0.8146651983261108,0.02239653654396534,0.021409429609775543,0.1711588203907013
473,-0.80881667137146,-0.8277474641799927,0.010527352802455425,0.008403412997722626,0.17110539972782135
474,-0.8011744022369385,-0.8163055181503296,0.007586583495140076,0.007544494699686766,0.17105203866958618
475,-0.7833560705184937,-0.8139487504959106,0.015494419261813164,0.015098261646926403,0.1709984540939331
476,-0.8034039735794067,-0.812501072883606,0.004170511849224567,0.004926571622490883,0.17094485461711884
477,-0.7919993996620178,-0.8095372915267944,0.008487269282341003,0.00905063096433878,0.17089129984378815
478,-0.7651429772377014,-0.8022828102111816,0.020012950524687767,0.017126843333244324,0.17083778977394104
479,-0.794636607170105,-0.8107892870903015,0.007578219287097454,0.008574497886002064,0.1707843840122223
480,-0.8078016638755798,-0.82253497838974,0.00795375183224678,0.006779559887945652,0.17073099315166473
481,-0.7905514240264893,-0.8148524761199951,0.011576428078114986,0.012724666856229305,0.17067767679691315
482,-0.7720575332641602,-0.8065345287322998,0.019090685993433,0.015386258251965046,0.17062437534332275
483,-0.7709967494010925,-0.7991787195205688,0.013681784272193909,0.014500205405056477,0.17057105898857117
484,-0.7917982935905457,-0.8087345957756042,0.008569261990487576,0.008367087692022324,0.1705179065465927
485,-0.795167088508606,-0.8186643123626709,0.0120108462870121,0.011486346833407879,0.17046478390693665
486,-0.7766505479812622,-0.8423824310302734,0.03275144472718239,0.032980453222990036,0.17041175067424774
487,-0.8111217617988586,-0.8252062797546387,0.007011544890701771,0.007073014043271542,0.17035876214504242
488,-0.8241694569587708,-0.8490898609161377,0.013589950278401375,0.011330414563417435,0.17030581831932068
489,-0.8226352334022522,-0.8469547033309937,0.012720059603452682,0.01159939356148243,0.17025284469127655
490,-0.8036578893661499,-0.8339264392852783,0.016042649745941162,0.014225902035832405,0.17019988596439362
491,-0.8205543160438538,-0.8448905944824219,0.012020324356853962,0.012315907515585423,0.1701469123363495
492,-0.8126537203788757,-0.8289195895195007,0.008065501227974892,0.008200333453714848,0.17009396851062775
493,-0.8119199872016907,-0.8339857459068298,0.01156687457114458,0.010498877614736557,0.1700410693883896
494,-0.84526526927948,-0.850899338722229,0.002947324886918068,0.002686735475435853,0.1699882298707962
495,-0.8207687735557556,-0.8380492329597473,0.009592860005795956,0.007687634788453579,0.169935405254364
496,0.3846437335014343,-0.8497116565704346,0.6170721054077148,0.617283284664154,0.1698826104402542
497,-0.6414158344268799,-0.8429486155509949,0.10136550664901733,0.10016726702451706,0.1698298454284668
498,-0.8371841311454773,-0.8573939204216003,0.01094190962612629,0.009267867542803288,0.1697770655155182
499,-0.8469364643096924,-0.850824773311615,0.0018209264380857348,0.0020673663821071386,0.16972431540489197
500,-0.8281112909317017,-0.8447252511978149,0.008563260547816753,0.008050689473748207,0.16967155039310455
501,-0.8269418478012085,-0.8453651666641235,0.008773659355938435,0.009649633429944515,0.16961883008480072
502,-0.820668637752533,-0.8570991158485413,0.017916947603225708,0.01851351372897625,0.16956612467765808
503,-0.85093754529953,-0.854403018951416,0.0018059330759570003,0.0016595012275502086,0.16951343417167664
504,-0.8123660087585449,-0.8286346793174744,0.008481495082378387,0.0077871400862932205,0.16946075856685638
505,-0.7714769244194031,-0.818824827671051,0.024608366191387177,0.022739548236131668,0.16940812766551971
506,-0.7773781418800354,-0.8148006200790405,0.019848696887493134,0.017573777586221695,0.16935546696186066
507,-0.7972882390022278,-0.8156193494796753,0.009602027013897896,0.008729105815291405,0.1693028211593628
508,-0.7196869850158691,-0.8057870864868164,0.043516017496585846,0.04258403554558754,0.1692502647638321
509,-0.8087836503982544,-0.831177294254303,0.011333461850881577,0.011060181073844433,0.16919778287410736
510,-0.8335753083229065,-0.8500605821609497,0.008732280693948269,0.00775299035012722,0.1691453605890274
511,-0.8222798705101013,-0.8591808080673218,0.019033942371606827,0.01786698028445244,0.16909289360046387
512,-0.7921328544616699,-0.8586859107017517,0.03464263305068016,0.03191041201353073,0.16904045641422272
513,-0.8595254421234131,-0.8655388355255127,0.0030262633226811886,0.0029871687293052673,0.16898798942565918
514,-0.7790126204490662,-0.8431103229522705,0.033289726823568344,0.030807971954345703,0.16893553733825684
515,-0.8180099129676819,-0.8456906080245972,0.0148919140920043,0.012788744643330574,0.16888310015201569
516,-0.8312498331069946,-0.8432314395904541,0.006131309550255537,0.0058503407053649426,0.16883066296577454
517,-0.7776889204978943,-0.823611319065094,0.022890539839863777,0.023031849414110184,0.1687782108783722
518,-0.8141651749610901,-0.8393132090568542,0.013556218706071377,0.011591793969273567,0.16872578859329224
519,-0.7363741993904114,-0.8212151527404785,0.04308296740055084,0.04175799340009689,0.16867338120937347
520,-0.7784581780433655,-0.8190397620201111,0.021602753549814224,0.018978826701641083,0.16862092912197113
521,-0.8347958922386169,-0.8513888716697693,0.00780770368874073,0.00878523662686348,0.1685684472322464
522,-0.8743250966072083,-0.8814816474914551,0.0036022125277668238,0.003554372116923332,0.1685158908367157
523,-0.8280231952667236,-0.8563535213470459,0.014722968451678753,0.013607379980385303,0.16846336424350739
524,0.3795504570007324,-0.8524215221405029,0.6202564239501953,0.61171555519104,0.16841089725494385
525,-0.851647138595581,-0.8792970776557922,0.013354266062378883,0.014295697212219238,0.16835851967334747
526,-0.8624218702316284,-0.8890509009361267,0.013634972274303436,0.012994026765227318,0.1683061271905899
527,-0.8467694520950317,-0.8893782496452332,0.022005794569849968,0.020602988079190254,0.16825369000434875
528,-0.9024207592010498,-0.9207784533500671,0.009146802127361298,0.009210899472236633,0.16820120811462402
529,-0.8716247081756592,-0.877896785736084,0.00297372043132782,0.003298362484201789,0.16814874112606049
530,-0.8525992631912231,-0.8669312000274658,0.0069728814996778965,0.0073590404354035854,0.1680963635444641
531,-0.8471294045448303,-0.8594263195991516,0.006574125494807959,0.0057227518409490585,0.1680440455675125
532,-0.7549521923065186,-0.8098874092102051,0.02909250557422638,0.025842726230621338,0.16799166798591614
533,-0.8166807293891907,-0.8425727486610413,0.013545455411076546,0.012346574105322361,0.16793935000896454
534,-0.8350294232368469,-0.8440438508987427,0.004716378636658192,0.004298005718737841,0.16788706183433533
535,0.3379930853843689,-0.8376880288124084,0.5889424085617065,0.5867387056350708,0.16783486306667328
536,-0.8171404600143433,-0.8656368851661682,0.025593116879463196,0.022903326898813248,0.16778255999088287
537,-0.8699544072151184,-0.8776043057441711,0.003915419336408377,0.0037344801239669323,0.1677304059267044
538,-0.8635056614875793,-0.8919245600700378,0.01394504215568304,0.014473826624453068,0.1676783263683319
539,-0.8751628994941711,-0.888481080532074,0.007237670477479696,0.006080495659261942,0.1676263064146042
540,-0.794691801071167,-0.851167619228363,0.02953236550092697,0.02694341540336609,0.16757434606552124
541,-0.8503254055976868,-0.8768086433410645,0.013942111283540726,0.012541096657514572,0.1675223708152771
542,-0.655182957649231,-0.877425491809845,0.11247044801712036,0.10977210104465485,0.16747044026851654
543,-0.8483904600143433,-0.8570905923843384,0.0038525157142430544,0.0048476532101631165,0.16741852462291718
544,-0.7671787738800049,-0.8034284114837646,0.021979816257953644,0.014269848354160786,0.1673666089773178
545,-0.7907726168632507,-0.8105194568634033,0.010364074259996414,0.00938277319073677,0.16731463372707367
546,-0.7828271985054016,-0.8099729418754578,0.014065423980355263,0.013080324046313763,0.16726265847682953
547,-0.8111648559570312,-0.8302224278450012,0.010238190181553364,0.00881937611848116,0.16721072793006897
548,-0.8381516337394714,-0.8572022914886475,0.009036725386977196,0.01001392025500536,0.16715875267982483
549,-0.84393709897995,-0.8615899682044983,0.008918678387999535,0.00873418990522623,0.16710679233074188
550,-0.7922114729881287,-0.8708885908126831,0.04215209186077118,0.036525025963783264,0.16705487668514252
551,-0.8612844347953796,-0.8879970908164978,0.013868746347725391,0.012843897566199303,0.1670031100511551
552,-0.8783377408981323,-0.9027491807937622,0.013190660625696182,0.011220780201256275,0.16695141792297363
553,-0.8812863230705261,-0.901705801486969,0.009790795855224133,0.010628705844283104,0.16689975559711456
554,-0.9015626907348633,-0.916201114654541,0.007449544966220856,0.007188848685473204,0.1668480634689331
555,-0.8831164240837097,-0.9079329967498779,0.013089886866509914,0.011726654134690762,0.16679631173610687
556,-0.8356274962425232,-0.8665534853935242,0.016639849171042442,0.014286176301538944,0.1667446494102478
557,-0.8401161432266235,-0.866970419883728,0.013837778940796852,0.01301651168614626,0.16669294238090515
558,-0.8415648341178894,-0.8549970388412476,0.007279931101948023,0.006152299698442221,0.16664142906665802
559,-0.8300053477287292,-0.8479922413825989,0.01084014493972063,0.007146794348955154,0.1665898859500885
560,-0.8650962114334106,-0.8704383373260498,0.002313715871423483,0.0030283948872238398,0.16653840243816376
561,-0.8497796654701233,-0.8585154414176941,0.003998265136033297,0.004737480077892542,0.1664869487285614
562,-0.8603739142417908,-0.8682931065559387,0.003578270087018609,0.0043409522622823715,0.16643543541431427
563,-0.7950377464294434,-0.8434047698974609,0.02385171875357628,0.024515321478247643,0.16638386249542236
564,-0.8322415947914124,-0.8599743843078613,0.014541671611368656,0.013191097415983677,0.16633236408233643
565,-0.7983457446098328,-0.8362703919410706,0.02174896001815796,0.01617567427456379,0.16628089547157288
566,-0.8723949790000916,-0.8931213617324829,0.011545407585799694,0.009180941618978977,0.16622942686080933
567,-0.8438700437545776,-0.8822664022445679,0.019964974373579025,0.018431339412927628,0.1661778837442398
568,-0.8998721837997437,-0.9113866686820984,0.005701389163732529,0.0058131143450737,0.16612637042999268
569,-0.8336341977119446,-0.8985647559165955,0.03319770470261574,0.031732846051454544,0.1660749316215515
570,-0.8434649109840393,-0.8734058141708374,0.01751040667295456,0.012430480681359768,0.16602343320846558
571,-0.8826492428779602,-0.8977077603340149,0.006879970896989107,0.0081785311922431,0.1659720093011856
572,-0.8929457664489746,-0.9036657810211182,0.0050419047474861145,0.005678144749253988,0.16592055559158325
573,-0.8289265036582947,-0.855725884437561,0.014176025986671448,0.0126233771443367,0.16586913168430328
574,-0.8154845237731934,-0.843777060508728,0.015584980137646198,0.012707540765404701,0.16581781208515167
575,-0.8321476578712463,-0.8513057827949524,0.008986102417111397,0.01017199456691742,0.16576658189296722
576,-0.8670171499252319,-0.8834169507026672,0.007508228532969952,0.008891572244465351,0.16571523249149323
577,-0.6269851326942444,-0.8702405691146851,0.11954202502965927,0.12371344864368439,0.165663942694664
578,-0.8841956853866577,-0.8925397396087646,0.004495416767895222,0.0038486020639538765,0.16561266779899597
579,-0.8397021293640137,-0.8688599467277527,0.014928741380572319,0.014229032211005688,0.1655612587928772
580,-0.8998410701751709,-0.9090130925178528,0.0037781621795147657,0.005393886473029852,0.165509894490242
581,-0.8517507314682007,-0.8856627941131592,0.016984058544039726,0.01692802459001541,0.1654585897922516
582,-0.8873420357704163,-0.9013260006904602,0.006825812626630068,0.007158172316849232,0.16540738940238953
583,-0.8629826903343201,-0.8788202404975891,0.008598989807069302,0.007238551042973995,0.16535626351833344
584,-0.8180183172225952,-0.8612422347068787,0.022163989022374153,0.02105994150042534,0.1653052270412445
585,-0.8532760739326477,-0.8727412223815918,0.010898543521761894,0.008566640317440033,0.16525430977344513
586,-0.8460240960121155,-0.8730480074882507,0.01464140135794878,0.012382513843476772,0.16520346701145172
587,-0.6865341067314148,-0.8796584606170654,0.09566738456487656,0.09745699912309647,0.16515256464481354
588,-0.8369911313056946,-0.8598387241363525,0.012644996866583824,0.010202614590525627,0.16510166227817535
589,-0.8360185027122498,-0.8574192523956299,0.011866952292621136,0.00953379925340414,0.1650507003068924
590,-0.7926831841468811,-0.8161271810531616,0.01334470883011818,0.010099316947162151,0.16499988734722137
591,-0.8167389035224915,-0.8410221934318542,0.013277287594974041,0.01100600603967905,0.164948970079422
592,-0.7710394859313965,-0.8135461807250977,0.021153587847948074,0.02135314978659153,0.1648981124162674
593,-0.8327666521072388,-0.8510377407073975,0.010423745959997177,0.007847398519515991,0.16484737396240234
594,-0.786046028137207,-0.8161484003067017,0.01656952314078808,0.013532869517803192,0.16479673981666565
595,-0.8538567423820496,-0.8728851675987244,0.0106878150254488,0.008340613916516304,0.16474618017673492
596,-0.8700502514839172,-0.8872962594032288,0.00892410334199667,0.008321868255734444,0.1646956354379654
597,-0.8829625248908997,-0.9032477140426636,0.011338751763105392,0.008946439251303673,0.16464506089687347
598,-0.8472338914871216,-0.8755414485931396,0.01383509673178196,0.0144724752753973,0.16459451615810394
599,-0.9495869278907776,-0.9599222540855408,0.004671823233366013,0.005663531366735697,0.1645439863204956
600,-0.8484033942222595,-0.8840819001197815,0.017914971336722374,0.0177635308355093,0.1644934117794037
601,-0.8618488907814026,-0.8879146575927734,0.01405305229127407,0.01201273687183857,0.16444265842437744
602,-0.867421567440033,-0.8871369957923889,0.01158728078007698,0.00812815222889185,0.16439197957515717
603,-0.8599281311035156,-0.8756145238876343,0.008922958746552467,0.00676344009116292,0.16434139013290405
604,-0.9152476191520691,-0.9266099333763123,0.00591592863202095,0.005446400493383408,0.1642906814813614
605,-0.8344548344612122,-0.8554073572158813,0.010604341514408588,0.010348196141421795,0.1642400175333023
606,-0.8320094347000122,-0.8479418754577637,0.010126812383532524,0.005805600434541702,0.16418930888175964
607,-0.8673095703125,-0.885738730430603,0.009144552052021027,0.009284593164920807,0.16413846611976624
608,-0.7799791693687439,-0.8026608824729919,0.013696100562810898,0.00898565724492073,0.1640876978635788
609,0.4179501533508301,-0.8452033996582031,0.6397209763526917,0.6234325766563416,0.16403700411319733
610,-0.9016236662864685,-0.9305647015571594,0.014589229598641396,0.014351772144436836,0.16398629546165466
611,-0.8838452100753784,-0.901142954826355,0.008707837201654911,0.00858993735164404,0.16393551230430603
612,-0.8947899341583252,-0.9230576157569885,0.014918975532054901,0.013348687440156937,0.1638847291469574
613,-0.8975965976715088,-0.9150722026824951,0.009085554629564285,0.008390058763325214,0.16383406519889832
614,-0.8894285559654236,-0.9069666862487793,0.010128996334969997,0.007409140467643738,0.16378343105316162
615,-0.872011125087738,-0.8937537670135498,0.011452307924628258,0.010290352627635002,0.16373290121555328
616,-0.8893384337425232,-0.9140570759773254,0.012938389554619789,0.011780277825891972,0.16368237137794495
617,-0.905208170413971,-0.9131333231925964,0.004375938791781664,0.0035492111928761005,0.16363173723220825
618,-0.8818104267120361,-0.9017972946166992,0.010310889221727848,0.009675980545580387,0.16358110308647156
619,-0.8867077827453613,-0.8975390791893005,0.006749231833964586,0.004082081373780966,0.16353043913841248
620,-0.8238162398338318,-0.8541934490203857,0.01714393123984337,0.013233326375484467,0.163479745388031
621,-0.9127732515335083,-0.9191205501556396,0.003193930722773075,0.0031533925794065,0.16342906653881073
622,-0.8169023394584656,-0.8896559476852417,0.036594465374946594,0.03615913912653923,0.1633785218000412
623,-0.9108449816703796,-0.9228450059890747,0.0057960995472967625,0.006203928031027317,0.16332803666591644
624,-0.920254647731781,-0.9273818731307983,0.004168151877820492,0.0029590826015919447,0.16327758133411407
625,-0.9528061747550964,-0.9615470767021179,0.005133152939379215,0.0036077755503356457,0.16322702169418335
626,-0.9255322217941284,-0.9458606243133545,0.01127078477293253,0.009057622402906418,0.1631765067577362
627,-0.9348382949829102,-0.9500747919082642,0.007599436677992344,0.007637096103280783,0.16312605142593384
628,-0.8875393867492676,-0.9538171291351318,0.03460555151104927,0.031672194600105286,0.1630755513906479
629,-0.9163142442703247,-0.9340730309486389,0.010297683998942375,0.007461118511855602,0.1630251109600067
630,-0.733076810836792,-0.9537094235420227,0.10932031273841858,0.11131228506565094,0.1629747450351715
631,-0.8087770938873291,-0.850263774394989,0.02060571312904358,0.02088095247745514,0.16292445361614227
632,-0.8303840756416321,-0.8471567630767822,0.008910339325666428,0.007862342521548271,0.16287416219711304
633,-0.8920227289199829,-0.9074974656105042,0.0078305434435606,0.007644159719347954,0.1628239005804062
634,-0.8801491856575012,-0.9007170796394348,0.010861264541745186,0.009706643410027027,0.1627735197544098
635,-0.8247160315513611,-0.8554863333702087,0.01657300442457199,0.014197317883372307,0.16272318363189697
636,-0.9082871675491333,-0.9184151291847229,0.005673415958881378,0.004454526584595442,0.16267287731170654
637,-0.8889516592025757,-0.9209889769554138,0.015713084489107132,0.016324199736118317,0.1626225709915161
638,-0.9153529405593872,-0.9335812926292419,0.00978375319391489,0.008444622159004211,0.1625722348690033
639,-0.8495357632637024,-0.866698145866394,0.011331266723573208,0.005831131711602211,0.16252194344997406
640,-0.9752986431121826,-0.9800239205360413,0.0021662518847733736,0.0025589847937226295,0.1624716818332672
641,-0.9204056262969971,-0.9319646954536438,0.006675057113170624,0.004884015303105116,0.16242143511772156
642,-0.9080237150192261,-0.9241959452629089,0.009446308948099613,0.006725913845002651,0.16237123310565948
643,-0.9927659034729004,-0.997511088848114,0.0027544647455215454,0.0019907248206436634,0.16232098639011383
644,-0.8937020301818848,-0.9149342179298401,0.010982158593833447,0.010250014252960682,0.16227073967456818
645,-0.9098343849182129,-0.9201771020889282,0.005965821910649538,0.004376910161226988,0.1622205525636673
646,-0.9282934665679932,-0.9392589330673218,0.005639140959829092,0.005326319485902786,0.1621704399585724
647,-0.8351438641548157,-0.862147331237793,0.014973308891057968,0.012030172161757946,0.16212034225463867
648,-0.8697667121887207,-0.8869313597679138,0.009791535325348377,0.007373088970780373,0.16207030415534973
649,-0.9035860300064087,-0.9175503849983215,0.00786332692950964,0.006101015955209732,0.16202034056186676
650,-0.909586489200592,-0.9241012930870056,0.007475336082279682,0.007039464078843594,0.16197039186954498
651,-0.8737165927886963,-0.8983427286148071,0.012889140285551548,0.011736970394849777,0.1619204729795456
652,-0.869734525680542,-0.8850235939025879,0.00800247024744749,0.007286623120307922,0.16187061369419098
653,-0.875022292137146,-0.892572820186615,0.008978347294032574,0.008572169579565525,0.16182079911231995
654,-0.8810783624649048,-0.9015817046165466,0.012340220622718334,0.00816311500966549,0.1617709994316101
655,-0.9085760116577148,-0.9271244406700134,0.010383985005319118,0.008164466358721256,0.16172124445438385
656,-0.9281063079833984,-0.9512112736701965,0.012499951757490635,0.010605025105178356,0.161671444773674
657,-0.9171431064605713,-0.936519980430603,0.011142819188535213,0.008234096691012383,0.16162168979644775
658,-0.916688859462738,-0.9377307891845703,0.011335056275129318,0.009706838056445122,0.1615719348192215
659,-0.7226659059524536,-0.9288387298583984,0.10214679688215256,0.10402603447437286,0.16152220964431763
660,-0.8299807906150818,-0.8510251045227051,0.0118854446336627,0.009158859960734844,0.16147248446941376
661,-0.8478531837463379,-0.872157633304596,0.013366938568651676,0.010937541723251343,0.16142280399799347
662,-0.8863309025764465,-0.8996009826660156,0.007818733341991901,0.005451292730867863,0.16137315332889557
663,-0.8289977312088013,-0.8448119759559631,0.008483562618494034,0.007330652326345444,0.16132350265979767
664,-0.8885343074798584,-0.9003176689147949,0.00641255360096693,0.005370800849050283,0.16127395629882812
665,-0.9111588597297668,-0.9211653470993042,0.005500169936567545,0.004506307654082775,0.16122421622276306
666,-0.8497432470321655,-0.8594644069671631,0.00545281870290637,0.00426833052188158,0.161174476146698
667,-0.8925914168357849,-0.9074531197547913,0.00831326562911272,0.006548475474119186,0.1611248403787613
668,-0.9244316220283508,-0.9404311180114746,0.008568491786718369,0.007431038189679384,0.16107521951198578
669,-0.8863994479179382,-0.8973307609558105,0.0072993068024516106,0.003632029052823782,0.16102567315101624
670,-0.8250830173492432,-0.8959610462188721,0.0369468592107296,0.033931177109479904,0.16097605228424072
671,-0.9443723559379578,-0.9595789909362793,0.008479124866425991,0.0067275092005729675,0.16092649102210999
672,-0.8651671409606934,-0.8945799469947815,0.01506995689123869,0.014342853799462318,0.16087697446346283
673,-0.9573126435279846,-0.981444776058197,0.013368234038352966,0.010763873346149921,0.1608273684978485
674,-0.9282736778259277,-0.9442850351333618,0.008783750236034393,0.007227570749819279,0.16077782213687897
675,-0.9781477451324463,-0.9902655482292175,0.006720024161040783,0.0053977747447788715,0.1607283055782318
676,-0.9086951017379761,-0.9305826425552368,0.011518405750393867,0.010369139723479748,0.160678893327713
677,-0.9002581238746643,-0.9244688749313354,0.013066941872239113,0.01114381942898035,0.16062946617603302
678,-0.9443082213401794,-0.9522947072982788,0.004260315094143152,0.0037261750549077988,0.1605800986289978
679,-0.9067516326904297,-0.9158778786659241,0.004143961705267429,0.004982310347259045,0.16053074598312378
680,-0.8522369265556335,-0.8692360520362854,0.009909817948937416,0.007089342921972275,0.16048140823841095
681,-0.8785598874092102,-0.8941866159439087,0.008850371465086937,0.006776327267289162,0.16043204069137573
682,-0.9435939788818359,-0.9538043141365051,0.005436544772237539,0.004773800726979971,0.16038267314434052
683,-0.883989155292511,-0.8992305994033813,0.008938431739807129,0.006302988156676292,0.16033324599266052
684,-0.7526764273643494,-0.9396904706954956,0.09325427561998367,0.09375976026058197,0.16028383374214172
685,-0.90235435962677,-0.9154690504074097,0.007688360288739204,0.005426369141787291,0.16023439168930054
686,-0.8921594023704529,-0.914165198802948,0.012852121144533157,0.009153667837381363,0.16018499433994293
687,-0.9412630796432495,-0.9458320736885071,0.0030525345355272293,0.0015164685901254416,0.16013570129871368
688,-0.9556753635406494,-0.9669477343559265,0.006987669505178928,0.004284657072275877,0.16008642315864563
689,-0.9907480478286743,-0.997331440448761,0.00433353753760457,0.002249829238280654,0.16003714501857758
690,-0.8923962116241455,-0.9212703704833984,0.013072227127850056,0.0158019308000803,0.15998788177967072
691,-0.9280774593353271,-0.9398472309112549,0.005578476935625076,0.0061913044191896915,0.15993858873844147
692,-0.9261268377304077,-0.9361077547073364,0.006014547776430845,0.003966381307691336,0.1598893254995346
693,-0.9724972248077393,-0.9829057455062866,0.006120317615568638,0.004288173280656338,0.15984006226062775
694,-0.9269105195999146,-0.9450586438179016,0.008800163865089417,0.009347965940833092,0.1597907990217209
695,-0.9106998443603516,-0.9231095314025879,0.007523293606936932,0.00488639809191227,0.15974149107933044
696,-0.8561628460884094,-0.8809783458709717,0.012088675051927567,0.012726821005344391,0.1596921980381012
697,-0.9306740164756775,-0.9470204710960388,0.00839947909116745,0.007946973666548729,0.15964287519454956
698,-0.8895135521888733,-0.9095350503921509,0.01205059140920639,0.007970930077135563,0.15959352254867554
699,-0.9189862608909607,-0.9268302917480469,0.0041432916186749935,0.003700731322169304,0.1595442295074463
700,-0.915065586566925,-0.9270710945129395,0.007602125871926546,0.004403348080813885,0.15949510037899017
701,-0.8953937292098999,-0.9135567545890808,0.010183248668909073,0.007979738526046276,0.15944603085517883
702,-0.8940297961235046,-0.9057929515838623,0.007670528721064329,0.004092661663889885,0.15939702093601227
703,-0.8766819834709167,-0.8848951458930969,0.004946194589138031,0.003266967600211501,0.1593479961156845
704,-0.9587986469268799,-0.975339412689209,0.009582770988345146,0.006957984995096922,0.15929900109767914
705,-0.8692445755004883,-0.8823096752166748,0.008348187431693077,0.004716908559203148,0.15925003588199615
706,-0.9037118554115295,-0.9375275373458862,0.017979327589273453,0.015836331993341446,0.15920107066631317
707,-0.9047033786773682,-0.92024165391922,0.008379238657653332,0.007159024477005005,0.15915212035179138
708,-0.8941748738288879,-0.9171047806739807,0.013358705677092075,0.009571177884936333,0.15910327434539795
709,-0.9565455913543701,-0.9648013114929199,0.004373843315988779,0.0038818868342787027,0.1590544432401657
710,-0.9062612056732178,-0.9230382442474365,0.009083780460059643,0.007693235296756029,0.1590055674314499
711,-0.980722188949585,-0.9970896244049072,0.00828776229172945,0.008079657331109047,0.15895669162273407
712,-0.8953049778938293,-0.9113508462905884,0.008159159682691097,0.007886691018939018,0.1589079201221466
713,-0.9471157789230347,-0.9649089574813843,0.009316040202975273,0.008477132767438889,0.15885905921459198
714,-0.9313517808914185,-0.9476068019866943,0.007828795351088047,0.008426271378993988,0.15881025791168213
715,-0.8913952112197876,-0.9027658700942993,0.006847606506198645,0.004523014184087515,0.15876156091690063
716,-0.9677629470825195,-0.9848086833953857,0.008541297167539597,0.008504447527229786,0.15871289372444153
717,-0.9490503668785095,-0.9587587118148804,0.005970184225589037,0.0037381926085799932,0.15866416692733765
718,-0.9719976186752319,-0.9786456823348999,0.003789318725466728,0.002858764724805951,0.15861541032791138
719,-0.9510700106620789,-0.9761581420898438,0.012918748892843723,0.012169349007308483,0.15856671333312988
720,-0.9863097667694092,-0.999150276184082,0.006254087667912245,0.0065864622592926025,0.15851804614067078
721,-0.9147348403930664,-0.9292473793029785,0.008704407140612602,0.005808095447719097,0.1584692895412445
722,-0.948247492313385,-0.9609270095825195,0.0071559567004442215,0.00552353635430336,0.15842057764530182
723,-0.9875708222389221,-0.9969832897186279,0.0048955101519823074,0.004516960121691227,0.1583719551563263
724,-0.9185972809791565,-0.9406191110610962,0.011021637357771397,0.011000228114426136,0.15832339227199554
725,-0.9444068074226379,-0.9524376392364502,0.0044628651812672615,0.0035680094733834267,0.15827471017837524
726,-0.9506461024284363,-0.9611627459526062,0.005469543859362602,0.005047078710049391,0.15822599828243256
727,-0.9370031356811523,-0.9499198794364929,0.0074327667243778706,0.005483999848365784,0.1581774353981018
728,-0.9008710384368896,-0.9114576578140259,0.006053099408745766,0.0045334999449551105,0.15812887251377106
729,-0.8748267889022827,-0.8907302618026733,0.009361143223941326,0.00654230872169137,0.1580803394317627
730,-0.9696478843688965,-0.9799274206161499,0.005762386601418257,0.004517117515206337,0.15803176164627075
731,-0.9548664093017578,-0.9612408876419067,0.003557499498128891,0.0028169462457299232,0.15798324346542358
732,-0.9431572556495667,-0.9495438933372498,0.0039389715529978275,0.0024476817343384027,0.15793481469154358
733,-0.9466662406921387,-0.9562849402427673,0.005595772061496973,0.004022964276373386,0.15788646042346954
734,-0.9752686619758606,-0.9807000160217285,0.003149731084704399,0.0022815901320427656,0.15783807635307312
735,-0.9653095602989197,-0.9716214537620544,0.0030616503208875656,0.003250258741900325,0.15778975188732147
736,-0.9878087043762207,-1.0013459920883179,0.0080939419567585,0.00544335599988699,0.15774136781692505
737,-0.9331569671630859,-0.9473996758460999,0.009037885814905167,0.0052047851495444775,0.15769298374652863
738,-1.004521369934082,-1.0159646272659302,0.006285110022872686,0.005158216692507267,0.15764465928077698
739,-1.0146124362945557,-1.031070590019226,0.008665795437991619,0.007792331278324127,0.15759633481502533
740,-1.0175349712371826,-1.0235495567321777,0.0033766981214284897,0.0026378845795989037,0.15754804015159607
741,-1.0156750679016113,-1.0278289318084717,0.006648422684520483,0.005505484063178301,0.1574997454881668
742,-0.9499979615211487,-0.9637450575828552,0.008069425821304321,0.005677663255482912,0.15745143592357635
743,-0.9474411606788635,-0.9549834132194519,0.004411142319440842,0.0031311186030507088,0.15740321576595306
744,-0.9427550435066223,-0.9462776184082031,0.001716516213491559,0.0018061078153550625,0.15735499560832977
745,-0.9741016626358032,-0.9810458421707153,0.0035375680308789015,0.003406614065170288,0.15730679035186768
746,-0.9693557024002075,-0.980488657951355,0.005484999623149633,0.005647967103868723,0.15725862979888916
747,-0.9254019260406494,-0.9427821040153503,0.010150282643735409,0.007229899056255817,0.15721052885055542
748,-0.9384343028068542,-0.947023332118988,0.004575754050165415,0.004013319034129381,0.15716247260570526
749,-0.9388964772224426,-0.9461361765861511,0.003763673361390829,0.0034760176204144955,0.1571144312620163
750,-0.9333006143569946,-0.9465925693511963,0.006810308899730444,0.006481654476374388,0.15706641972064972
751,-0.9909454584121704,-0.9978654384613037,0.0037226956337690353,0.00319729745388031,0.15701840817928314
752,-0.9055519104003906,-0.9156336784362793,0.005259115248918533,0.004822674207389355,0.15697036683559418
753,-0.9681151509284973,-0.9738409519195557,0.003723503788933158,0.0020022722892463207,0.15692241489887238
754,0.24144220352172852,-0.9908695220947266,0.6138584613800049,0.6184532642364502,0.1568744033575058
755,-1.0081441402435303,-1.0236470699310303,0.0076773520559072495,0.007825598120689392,0.15682649612426758
756,-0.9377119541168213,-0.9639115333557129,0.01423583272844553,0.011963718570768833,0.15677854418754578
757,-0.9683187007904053,-0.9840482473373413,0.009390486404299736,0.006339076440781355,0.1567305624485016
758,-1.017339825630188,-1.0238538980484009,0.0029725446365773678,0.003541416022926569,0.15668253600597382
759,-1.0097358226776123,-1.0194207429885864,0.005912004504352808,0.0037729230243712664,0.15663450956344604
760,-1.00869619846344,-1.0221493244171143,0.007208331022411585,0.006244789808988571,0.15658655762672424
761,-0.9309625625610352,-0.9447388648986816,0.006919211708009243,0.006857080850750208,0.15653854608535767
762,-0.9349480271339417,-0.9492039680480957,0.0072150989435613155,0.007040875032544136,0.15649057924747467
763,-0.8969407677650452,-0.9307580590248108,0.01628035679459572,0.017536966130137444,0.15644261240959167
764,-0.9838332533836365,-0.9887328743934631,0.002630994189530611,0.0022686407901346684,0.15639455616474152
765,-0.9095816016197205,-0.9208791255950928,0.005671764258295298,0.005625769961625338,0.15634655952453613
766,-0.9179238080978394,-0.9291057586669922,0.00548414746299386,0.005697790998965502,0.15629859268665314
767,-0.9537324905395508,-0.9627964496612549,0.003927803598344326,0.005136105697602034,0.15625064074993134
768,-0.9775903820991516,-0.9864569306373596,0.004513817373663187,0.004352767951786518,0.15620265901088715
769,-0.9278207421302795,-0.9493608474731445,0.012027609162032604,0.009512480348348618,0.15615475177764893
770,-0.9857958555221558,-0.9925843477249146,0.003786316607147455,0.0030021383427083492,0.15610699355602264
771,-0.9557744264602661,-0.9644138216972351,0.00472604762762785,0.003913361579179764,0.15605929493904114
772,-0.9515113234519958,-0.9585919976234436,0.004029504954814911,0.0030511817894876003,0.1560116410255432
773,-1.001346230506897,-1.0182766914367676,0.007823001593351364,0.009107452817261219,0.15596401691436768
774,-1.0007882118225098,-1.0060985088348389,0.0026891788002103567,0.002621185267344117,0.15591640770435333
775,-0.9207493662834167,-0.9313133955001831,0.005793644580990076,0.004770414903759956,0.155868798494339
776,-0.991664707660675,-0.9994019865989685,0.004955772776156664,0.0027815327048301697,0.1558213084936142
777,-0.9625306129455566,-0.9778532981872559,0.007998663000762463,0.007324023172259331,0.15577386319637299
778,-0.9508994221687317,-0.9571561813354492,0.003506150096654892,0.0027506256010383368,0.1557263433933258
779,-0.934952974319458,-0.9491221904754639,0.005665346048772335,0.008503846824169159,0.1556788831949234
780,-1.0280226469039917,-1.0433573722839355,0.007807446643710136,0.007527216337621212,0.155631422996521
781,-1.0579431056976318,-1.064818024635315,0.0038817294407635927,0.0029932097531855106,0.15558385848999023
782,-1.0465667247772217,-1.0541836023330688,0.0040221307426691055,0.0035947151482105255,0.15553641319274902
783,-0.9368005990982056,-0.9494539499282837,0.0068394518457353115,0.0058138929307460785,0.1554889976978302
784,-0.9730314612388611,-0.9843916893005371,0.006495357491075993,0.004864892922341824,0.15544167160987854
785,-1.048125147819519,-1.0549492835998535,0.004232916049659252,0.0025912963319569826,0.1553942710161209
786,-0.9624190330505371,-0.9713644981384277,0.005349386017769575,0.003596054157242179,0.15534687042236328
787,-1.0330688953399658,-1.0404986143112183,0.004358247388154268,0.0030714436434209347,0.15529946982860565
788,-0.9026102423667908,-0.9116964340209961,0.0052916863933205605,0.0037944926880300045,0.15525215864181519
789,-0.9666087627410889,-0.972430944442749,0.0033365213312208652,0.0024856606032699347,0.1552048772573471
790,-0.971333384513855,-0.9803025126457214,0.004691561684012413,0.004277600906789303,0.1551576405763626
791,-0.9808675050735474,-0.9871723651885986,0.003613024717196822,0.0026918731164187193,0.15511038899421692
792,-1.0156519412994385,-1.0209617614746094,0.0024965722113847733,0.002813175320625305,0.15506306290626526
793,-0.9839922785758972,-0.9923458099365234,0.005424838047474623,0.0029286621138453484,0.1550157070159912
794,-0.9621838927268982,-0.9716954827308655,0.005024292506277561,0.004487291909754276,0.15496836602687836
795,-1.022610068321228,-1.028286099433899,0.0033552704844623804,0.0023207913618534803,0.1549210101366043
796,-0.9550289511680603,-0.9706370830535889,0.008213302120566368,0.007394843269139528,0.15487369894981384
797,-1.0331847667694092,-1.0504677295684814,0.009435834363102913,0.007847110740840435,0.15482647716999054
798,-1.0274170637130737,-1.033923864364624,0.0028686951845884323,0.0036382069811224937,0.15477922558784485
799,-1.0080411434173584,-1.015062928199768,0.004028499126434326,0.0029933869373053312,0.1547318696975708
800,-1.039259433746338,-1.0459564924240112,0.003356190165504813,0.0033408221788704395,0.15468455851078033
801,-0.9789575338363647,-0.9877246022224426,0.005084172822535038,0.003682904178276658,0.15463726222515106
802,-0.9303902983665466,-0.9428932070732117,0.0063861352391541,0.006116718985140324,0.15458999574184418
803,-0.9834553599357605,-0.9906325340270996,0.004192446358501911,0.002984702819958329,0.15454259514808655
804,-0.9429432153701782,-0.9473037719726562,0.0024480505380779505,0.0019125337712466717,0.1544952094554901
805,-0.979607880115509,-0.9831699728965759,0.0019059169571846724,0.001656167907640338,0.1544477641582489
806,-0.9197694659233093,-0.9289195537567139,0.005182370543479919,0.003967707976698875,0.15440039336681366
807,-1.0753965377807617,-1.0810307264328003,0.00282623921521008,0.002807970391586423,0.15435299277305603
808,-1.0338973999023438,-1.040433406829834,0.0034820137079805136,0.0030540640000253916,0.1543056219816208
809,-1.0314656496047974,-1.0429060459136963,0.005907526705414057,0.00553283141925931,0.15425825119018555
810,-0.9666607975959778,-0.9794286489486694,0.006908574141561985,0.005859266500920057,0.1542109102010727
811,-0.9686773419380188,-0.9796477556228638,0.0067444429732859135,0.004225950688123703,0.15416356921195984
812,-1.0152446031570435,-1.0219817161560059,0.0042990692891180515,0.0024380595423281193,0.15411631762981415
813,-1.035752773284912,-1.0450483560562134,0.005001512821763754,0.004294059704989195,0.15406900644302368
814,-1.0159599781036377,-1.0238945484161377,0.005046575330197811,0.002887991489842534,0.1540217250585556
815,-1.0284092426300049,-1.0335004329681396,0.0029206888284534216,0.002170454477891326,0.1539744883775711
816,-0.9890280961990356,-0.9955188632011414,0.003243673825636506,0.0032470831647515297,0.15392732620239258
817,-1.033762812614441,-1.0389467477798462,0.0028241779655218124,0.002359764650464058,0.15388022363185883
818,-1.0046112537384033,-1.0172340869903564,0.006790198385715485,0.005832711234688759,0.153833270072937
819,-0.9254910349845886,-0.9332599639892578,0.0035856624599546194,0.00418329332023859,0.1537863314151764
820,-1.0495470762252808,-1.0548570156097412,0.002957388525828719,0.0023526325821876526,0.153739333152771
821,-0.9876993298530579,-0.9975159168243408,0.005201420746743679,0.004615198355168104,0.1536923497915268
822,-1.0515880584716797,-1.0616436004638672,0.005301889032125473,0.004753694403916597,0.15364550054073334
823,-0.9687566161155701,-0.9755325317382812,0.00400423863902688,0.0027716890908777714,0.15359865128993988
824,-0.9528557658195496,-1.0249096155166626,0.03441988676786423,0.03763393312692642,0.15355180203914642
825,-1.0183480978012085,-1.0288875102996826,0.005306100007146597,0.005233260337263346,0.15350495278835297
826,-0.9376130104064941,-0.953739583492279,0.009176051244139671,0.006950522307306528,0.1534581333398819
827,-0.9958080053329468,-1.0239499807357788,0.01212269626557827,0.01601925492286682,0.1534113734960556
828,-0.9980984926223755,-1.0101889371871948,0.006148780696094036,0.0059416466392576694,0.15336467325687408
829,-1.0300475358963013,-1.0380051136016846,0.0040709488093853,0.003886579070240259,0.15331792831420898
830,-0.9721668362617493,-0.9799373149871826,0.004157040733844042,0.0036133977118879557,0.15327125787734985
831,-0.8658323287963867,-1.0582473278045654,0.09516523778438568,0.09724976867437363,0.15322460234165192
832,-0.7885705232620239,-0.98841792345047,0.09927523881196976,0.10057216137647629,0.15317802131175995
833,-0.9633123874664307,-0.9775495529174805,0.0073891328647732735,0.006848055869340897,0.15313145518302917
834,-0.9223193526268005,-0.9338237643241882,0.005720934364944696,0.005783497355878353,0.1530849039554596
835,-0.972908616065979,-0.9864826202392578,0.008136039599776268,0.005437943153083324,0.15303829312324524
836,-0.953306257724762,-0.9645951390266418,0.005254124291241169,0.006034760735929012,0.1529916673898697
837,-0.9804526567459106,-0.9861913919448853,0.0025245784781873226,0.00321418815292418,0.1529451161623001
838,-1.052427887916565,-1.0586278438568115,0.0035590538755059242,0.0026407847180962563,0.1528986096382141
839,-1.0991225242614746,-1.105749249458313,0.0037602221127599478,0.00286647817119956,0.15285219252109528
840,-1.0900468826293945,-1.1036386489868164,0.007123230956494808,0.006468543782830238,0.15280570089817047
841,-1.1085189580917358,-1.1180959939956665,0.005321655888110399,0.004255368839949369,0.15275920927524567
842,-0.9448670744895935,-1.016356348991394,0.03638529032468796,0.03510399907827377,0.15271271765232086
843,-1.107870101928711,-1.1156302690505981,0.003021780401468277,0.004738278687000275,0.15266622602939606
844,-1.0606913566589355,-1.0704574584960938,0.00430840440094471,0.005457598250359297,0.15261971950531006
845,-1.0448004007339478,-1.0556414127349854,0.0051112971268594265,0.005729697644710541,0.15257318317890167
846,-0.8933111429214478,-0.9577053189277649,0.032539572566747665,0.03185465931892395,0.15252675116062164
847,-1.026732087135315,-1.0328640937805176,0.0031857721041888,0.0029462152160704136,0.152480348944664
848,-0.9907534122467041,-0.9959890246391296,0.0026389406993985176,0.0025966777466237545,0.15243391692638397
849,-1.0453866720199585,-1.050641417503357,0.0025078090839087963,0.0027469212654978037,0.15238744020462036
850,-0.9937000274658203,-1.0180660486221313,0.012873729690909386,0.011492281220853329,0.15234097838401794
851,-1.013014316558838,-1.0181293487548828,0.0022075846791267395,0.0029073681216686964,0.15229453146457672
852,-1.057504653930664,-1.0651956796646118,0.004557295702397823,0.003133779624477029,0.1522480994462967
853,-1.035635232925415,-1.0439276695251465,0.004476882982999086,0.0038155443035066128,0.15220171213150024
854,-1.0572093725204468,-1.0621309280395508,0.0024787774309515953,0.0024428279139101505,0.1521552950143814
855,-1.0743240118026733,-1.0845670700073242,0.005363858304917812,0.004879264626652002,0.15210890769958496
856,-1.0954493284225464,-1.1028045415878296,0.004336896352469921,0.003018209943547845,0.15206244587898254
857,-1.0981489419937134,-1.1037039756774902,0.002623453037813306,0.0029316218569874763,0.15201608836650848
858,-1.0615572929382324,-1.0674687623977661,0.003141051856800914,0.002770420629531145,0.1519698202610016
859,-1.066156029701233,-1.079577922821045,0.006710400804877281,0.00671151839196682,0.1519235372543335
860,-1.014461636543274,-1.0263766050338745,0.006689548958092928,0.005225379019975662,0.15187716484069824
861,-0.9527924060821533,-0.9640933871269226,0.005730686243623495,0.0055702729150652885,0.1518307626247406
862,0.1313677430152893,-1.028076171875,0.5781294107437134,0.5813145041465759,0.15178440511226654
863,-1.1201083660125732,-1.1254899501800537,0.002804392948746681,0.002577139064669609,0.15173810720443726
864,-1.0167224407196045,-1.0278767347335815,0.006028742529451847,0.005125465802848339,0.15169189870357513
865,-1.040781021118164,-1.0528104305267334,0.006408733315765858,0.005620689131319523,0.15164567530155182
866,-1.0726516246795654,-1.0819244384765625,0.004833573941141367,0.004439201205968857,0.15159949660301208
867,-1.0695515871047974,-1.078674554824829,0.004748855717480183,0.004374127835035324,0.15155333280563354
868,-1.087348222732544,-1.0926547050476074,0.0027141061145812273,0.0025923524517565966,0.15150713920593262
869,-1.0358883142471313,-1.042208194732666,0.003172477940097451,0.003147395560517907,0.15146100521087646
870,-1.0470447540283203,-1.0834178924560547,0.015554097481071949,0.020819034427404404,0.1514148712158203
871,-1.0389385223388672,-1.045414924621582,0.0029083394911140203,0.0035680681467056274,0.15136870741844177
872,-1.071716070175171,-1.0787320137023926,0.0035950718447566032,0.003420773195102811,0.15132255852222443
873,-0.973132312297821,-0.9780523777008057,0.0029282995965331793,0.0019917599856853485,0.15127642452716827
874,-1.056460976600647,-1.0618393421173096,0.002736843889579177,0.002641509287059307,0.15123024582862854
875,-1.0748004913330078,-1.082406759262085,0.003749035531654954,0.003857289906591177,0.1511840969324112
876,-0.9986024498939514,-1.0423158407211304,0.019613116979599,0.024100271984934807,0.15113797783851624
877,-1.0406548976898193,-1.0479904413223267,0.004092015326023102,0.0032435350585728884,0.15109187364578247
878,-1.0329647064208984,-1.0382522344589233,0.002749557374045253,0.0025380002334713936,0.1510457545518875
879,-1.0181372165679932,-1.022078275680542,0.0017410967266187072,0.0021999601740390062,0.15099960565567017
880,-1.0849612951278687,-1.0922236442565918,0.00376511225476861,0.003497277619317174,0.15095342695713043
881,-1.0547657012939453,-1.0635484457015991,0.004654844757169485,0.004127804655581713,0.1509072631597519
882,-1.0688226222991943,-1.0735657215118408,0.001968411263078451,0.002774659311398864,0.15086117386817932
883,-1.0233787298202515,-1.0321507453918457,0.004330553114414215,0.004441443830728531,0.15081501007080078
884,-1.0336371660232544,-1.0415825843811035,0.0043258704245090485,0.0036195050925016403,0.15076887607574463
885,-1.119954228401184,-1.125177264213562,0.002495494205504656,0.0027275506872683764,0.15072280168533325
886,-1.0481311082839966,-1.0549936294555664,0.0036131292581558228,0.0032494361512362957,0.15067678689956665
887,-1.0890175104141235,-1.0967316627502441,0.003922731149941683,0.0037915101274847984,0.15063075721263885
888,-1.0875145196914673,-1.090520977973938,0.0014405701076611876,0.001565904705785215,0.15058481693267822
889,-0.9257678985595703,-0.9336445331573486,0.003614680841565132,0.004261968657374382,0.15053889155387878
890,-1.123378872871399,-1.1328521966934204,0.004394362214952707,0.005078943446278572,0.15049295127391815
891,-1.0743767023086548,-1.0872877836227417,0.006399086210876703,0.006512044928967953,0.15044699609279633
892,-1.1063562631607056,-1.1105893850326538,0.001721699838526547,0.0025114244781434536,0.15040110051631927
893,-1.0987002849578857,-1.103968858718872,0.002731563989073038,0.0025369604118168354,0.15035519003868103
894,-1.008992314338684,-1.0302475690841675,0.011822757311165333,0.00943258311599493,0.1503092646598816
895,-1.0039629936218262,-1.0115702152252197,0.004171021282672882,0.003436226863414049,0.15026336908340454
896,-1.0741649866104126,-1.0805470943450928,0.0032186838798224926,0.003163487883284688,0.15021756291389465
897,-1.0790494680404663,-1.086416244506836,0.003445342183113098,0.00392142916098237,0.15017178654670715
898,-0.9887454509735107,-0.9952740669250488,0.0030032664071768522,0.003525366773828864,0.15012602508068085
899,-1.049494743347168,-1.0544530153274536,0.0025433951523154974,0.002414798829704523,0.15008030831813812
900,-0.9511763453483582,-0.9667723774909973,0.009348313324153423,0.006247673649340868,0.15003463625907898
901,-1.0754039287567139,-1.0874804258346558,0.006314505822956562,0.005761967971920967,0.14998897910118103
902,-1.1395663022994995,-1.1431306600570679,0.0017127480823546648,0.0018515326082706451,0.14994333684444427
903,-1.0440833568572998,-1.0504486560821533,0.0033941990695893764,0.0029710084199905396,0.1498977392911911
904,-1.1137586832046509,-1.1197588443756104,0.0030263604130595922,0.00297380518168211,0.14985209703445435
905,-1.051690936088562,-1.0605779886245728,0.004244227893650532,0.00464287493377924,0.14980649948120117
906,-1.0331875085830688,-1.0415151119232178,0.00394067820161581,0.004386939108371735,0.14976085722446442
907,-1.0739959478378296,-1.0795559883117676,0.003263145685195923,0.0022969257552176714,0.14971524477005005
908,-1.0828862190246582,-1.0899851322174072,0.00428059883415699,0.002818312728777528,0.14966970682144165
909,-1.1281112432479858,-1.1387219429016113,0.0046454425901174545,0.0059652747586369514,0.14962421357631683
910,-0.941474974155426,-0.9634158611297607,0.010416010394692421,0.011524881236255169,0.1495787352323532
911,-1.0563416481018066,-1.0666227340698242,0.005902766715735197,0.004378320183604956,0.14953330159187317
912,-0.9931771755218506,-1.007778286933899,0.008278894238173962,0.006322203204035759,0.14948789775371552
913,-1.041861653327942,-1.057361125946045,0.007746577262878418,0.00775291258469224,0.14944247901439667
914,-1.0757681131362915,-1.0818902254104614,0.002961082849651575,0.0031611118465662003,0.1493970900774002
915,-1.0806244611740112,-1.0858317613601685,0.0025403923355042934,0.0026669343933463097,0.1493515819311142
916,-1.0387613773345947,-1.0430352687835693,0.0024981782771646976,0.001775777549482882,0.14930614829063416
917,-1.0413570404052734,-1.0503031015396118,0.004338473081588745,0.004607577808201313,0.14926069974899292
918,-1.0598618984222412,-1.0717642307281494,0.0059109581634402275,0.005991392303258181,0.1492152214050293
919,-1.1018630266189575,-1.1086037158966064,0.003322079312056303,0.003418530570343137,0.14916975796222687
920,-1.0854017734527588,-1.093553066253662,0.004515145905315876,0.003636134322732687,0.14912433922290802
921,-1.0077619552612305,-1.0137211084365845,0.0029732990078628063,0.0029858648777008057,0.1490788459777832
922,-1.103475570678711,-1.1093735694885254,0.002910132287070155,0.002987883286550641,0.14903339743614197
923,-1.01937735080719,-1.0261927843093872,0.002689538523554802,0.004126010462641716,0.14898794889450073
924,-1.0341997146606445,-1.0400075912475586,0.0031059898901730776,0.002701833611354232,0.14894244074821472
925,-1.0066310167312622,-1.0179531574249268,0.006035998463630676,0.00528605654835701,0.1488969326019287
926,-1.0789579153060913,-1.0835858583450317,0.0025615415070205927,0.0020664031617343426,0.14885133504867554
927,-1.034580111503601,-1.0390384197235107,0.0020735959988087416,0.0023846172261983156,0.14880573749542236
928,-1.1001198291778564,-1.1104544401168823,0.005133827216923237,0.005200795829296112,0.14876019954681396
929,-0.9787595868110657,-1.0426440238952637,0.03168433532118797,0.0322001650929451,0.14871464669704437
930,-1.0880361795425415,-1.0934600830078125,0.0023669402580708265,0.0030570519156754017,0.14866910874843597
931,-1.1307264566421509,-1.13514244556427,0.0022437474690377712,0.002172178355976939,0.14862363040447235
932,-1.1759772300720215,-1.1815273761749268,0.0025445192586630583,0.0030056750401854515,0.14857815206050873
933,-1.0901840925216675,-1.0947457551956177,0.0026225894689559937,0.0019390939269214869,0.1485326886177063
934,-1.08965265750885,-1.095260739326477,0.002847073832526803,0.0027609546668827534,0.1484871208667755
935,-1.1287939548492432,-1.13522469997406,0.003802207298576832,0.0026285741478204727,0.14844153821468353
936,-1.1344349384307861,-1.1404355764389038,0.003265461651608348,0.0027351006865501404,0.14839598536491394
937,-1.0932810306549072,-1.0965038537979126,0.0015257428167387843,0.0016970295691862702,0.1483505219221115
938,-1.0755887031555176,-1.081756353378296,0.0025261263363063335,0.0036415131762623787,0.1483050137758255
939,-1.1286635398864746,-1.1322152614593506,0.001919830683618784,0.0016318921698257327,0.1482594907283783
940,-1.0713114738464355,-1.0763673782348633,0.0026965835131704807,0.0023592719808220863,0.14821404218673706
941,-1.0414371490478516,-1.0483765602111816,0.0036221910268068314,0.003317232709378004,0.1481686681509018
942,-1.0996285676956177,-1.108730435371399,0.004494416993111372,0.004607400856912136,0.14812329411506653
943,-1.0707848072052002,-1.07745361328125,0.003780845319852233,0.0028879933524876833,0.14807799458503723
944,-1.052682638168335,-1.0571519136428833,0.002364054089412093,0.002105256076902151,0.14803269505500793
945,-1.1667232513427734,-1.1721643209457397,0.002670421963557601,0.002770660212263465,0.1479875147342682
946,-1.0905786752700806,-1.1003917455673218,0.005246397107839584,0.004566698335111141,0.1479424238204956
947,-1.1284258365631104,-1.1372401714324951,0.0047150528989732265,0.004099256359040737,0.147897407412529
948,-1.1488302946090698,-1.1544116735458374,0.002725128782913089,0.0028562520164996386,0.14785246551036835
949,-1.1043517589569092,-1.1105642318725586,0.0033476771786808968,0.002864809473976493,0.1478075534105301
950,-1.0465785264968872,-1.0524471998214722,0.0033157197758555412,0.002553039463236928,0.14776265621185303
951,-1.0699381828308105,-1.0758708715438843,0.0033604586496949196,0.0025721248239278793,0.14771768450737
952,-0.8539495468139648,-1.0408779382705688,0.09397539496421814,0.09295297414064407,0.14767277240753174
953,-0.9967188239097595,-1.0038330554962158,0.003374147694557905,0.0037401567678898573,0.14762790501117706
954,-1.0790570974349976,-1.0850595235824585,0.003102312097325921,0.0029001785442233086,0.1475830078125
955,-1.1319020986557007,-1.138606071472168,0.003640851005911827,0.0030630864202976227,0.14753812551498413
956,-1.0574907064437866,-1.0638238191604614,0.0035254573449492455,0.002807581564411521,0.14749327301979065
957,-1.0962871313095093,-1.1024203300476074,0.003916689194738865,0.0022164166439324617,0.14744843542575836
958,-1.0736151933670044,-1.0840544700622559,0.00550588546320796,0.004933306481689215,0.14740361273288727
959,-1.0741444826126099,-1.0870566368103027,0.007155956234782934,0.005756088066846132,0.14735879004001617
960,-1.1450051069259644,-1.1503223180770874,0.0026549792382866144,0.002662204671651125,0.14731398224830627
961,-1.1498315334320068,-1.1564756631851196,0.002787394216284156,0.003856819588690996,0.14726920425891876
962,-1.1597726345062256,-1.168039083480835,0.004302395042032003,0.003964041825383902,0.14722441136837006
963,-1.0788246393203735,-1.090293288230896,0.006652409210801125,0.004816289991140366,0.14717964828014374
964,-1.117742896080017,-1.124136209487915,0.003537719836458564,0.002855574246495962,0.1471349447965622
965,-1.1575298309326172,-1.1626454591751099,0.0021899971179664135,0.0029256914276629686,0.14709022641181946
966,-1.126474142074585,-1.1307810544967651,0.002222432754933834,0.0020844622049480677,0.14704549312591553
967,-1.1309459209442139,-1.1397417783737183,0.004402488004416227,0.004393297713249922,0.14700078964233398
968,-1.104892611503601,-1.1089470386505127,0.002013624645769596,0.0020407335832715034,0.14695611596107483
969,-1.1073296070098877,-1.1191911697387695,0.007024866994470358,0.004836706444621086,0.14691147208213806
970,-1.092360019683838,-1.1016019582748413,0.004479266237467527,0.00476269144564867,0.1468668133020401
971,-1.0543763637542725,-1.0615155696868896,0.003977493848651648,0.0031616545747965574,0.14682210981845856
972,-1.1247925758361816,-1.1330451965332031,0.004350403789430857,0.003902202006429434,0.1467774659395218
973,-1.175561785697937,-1.182570457458496,0.0032290976960211992,0.0037795696407556534,0.14673283696174622
974,-1.1389821767807007,-1.1444295644760132,0.0028996923938393593,0.002547701122239232,0.14668823778629303
975,-1.1636379957199097,-1.1727348566055298,0.005070505663752556,0.004026381764560938,0.14664365351200104
976,-1.1301640272140503,-1.1344844102859497,0.0022293077781796455,0.002091052010655403,0.14659908413887024
977,-1.1938188076019287,-1.2013698816299438,0.003567127976566553,0.0039839791133999825,0.14655444025993347
978,-1.1875132322311401,-1.191460132598877,0.001966607291251421,0.001980351749807596,0.14650975167751312
979,-1.17378830909729,-1.180953860282898,0.003279712051153183,0.0038858153857290745,0.14646507799625397
980,-1.1477808952331543,-1.153782606124878,0.00303393742069602,0.00296768918633461,0.1464204043149948
981,-1.0928148031234741,-1.1006454229354858,0.004085160791873932,0.0037453791592270136,0.14637580513954163
982,-0.9633246660232544,-1.0240541696548462,0.031191080808639526,0.02953839674592018,0.14633125066757202
983,-1.0353929996490479,-1.042016863822937,0.0027309285942465067,0.003892873413860798,0.14628668129444122
984,-1.105109453201294,-1.1126885414123535,0.0036986665800213814,0.0038803278002887964,0.1462421864271164
985,-1.1402456760406494,-1.1539623737335205,0.00840549822896719,0.005311230197548866,0.14619772136211395
986,-1.1256403923034668,-1.1301488876342773,0.0021006674505770206,0.0024078020360320807,0.1461532711982727
987,-1.1131266355514526,-1.12196946144104,0.003830557456240058,0.005012266803532839,0.14610889554023743
988,-1.1397145986557007,-1.1491460800170898,0.005127687938511372,0.004303832538425922,0.14606459438800812
989,-1.1529380083084106,-1.1621886491775513,0.004644668195396662,0.004606046713888645,0.14602038264274597
990,-1.1585348844528198,-1.1614530086517334,0.0015993412816897035,0.001318830531090498,0.14597612619400024
991,-1.1172499656677246,-1.1239160299301147,0.0036105522885918617,0.0030554798431694508,0.1459318846464157
992,-1.1843677759170532,-1.193933367729187,0.004668342415243387,0.004897178150713444,0.14588765799999237
993,-1.1442952156066895,-1.1546809673309326,0.00525360181927681,0.005132183898240328,0.14584340155124664
994,-1.1432223320007324,-1.1500520706176758,0.003977326210588217,0.002852462464943528,0.14579923450946808
995,-1.1336438655853271,-1.1391053199768066,0.0029082733672112226,0.002553262747824192,0.1457550823688507
996,-1.073362112045288,-1.0837891101837158,0.006393439136445522,0.0040335324592888355,0.14571082592010498
997,-1.0695744752883911,-1.0807667970657349,0.005703426897525787,0.005488835275173187,0.14566656947135925
998,-1.1158215999603271,-1.127758264541626,0.006579482927918434,0.0053571732714772224,0.1456223726272583
999,-1.1162769794464111,-1.1239968538284302,0.003737908788025379,0.003981993068009615,0.14557817578315735
1000,-1.0924081802368164,-1.1117043495178223,0.010226603597402573,0.009069504216313362,0.14553391933441162
1001,-1.1399755477905273,-1.1491808891296387,0.005327789578586817,0.003877538489177823,0.14548975229263306
1002,-1.1861869096755981,-1.1950995922088623,0.004781665280461311,0.004131009336560965,0.1454455405473709
1003,-1.1003444194793701,-1.1069906949996948,0.003024332458153367,0.003621961222961545,0.14540140330791473
1004,-1.0943164825439453,-1.1042311191558838,0.004994717892259359,0.0049198525957763195,0.14535729587078094
1005,-1.1279042959213257,-1.1385409832000732,0.005614072550088167,0.005022665951400995,0.14531323313713074
1006,-1.1267664432525635,-1.1358941793441772,0.005042026750743389,0.004085692577064037,0.14526918530464172
1007,-1.1683696508407593,-1.1737031936645508,0.0027735356707125902,0.0025600336957722902,0.1452251374721527
1008,-1.0543930530548096,-1.0737353563308716,0.0088693518191576,0.010472916066646576,0.1451811045408249
1009,-1.1430503129959106,-1.1497702598571777,0.003802721155807376,0.0029172045178711414,0.14513708651065826
1010,-1.1688318252563477,-1.1741023063659668,0.0029834171291440725,0.002287040464580059,0.1450931578874588
1011,-1.1727081537246704,-1.1775463819503784,0.0027101950254291296,0.0021280571818351746,0.14504924416542053
1012,-0.9069649577140808,-0.9135639667510986,0.0031699035316705704,0.003429132280871272,0.14500530064105988
1013,-1.0580986738204956,-1.0626835823059082,0.0026826222892850637,0.0019023874774575233,0.14496125280857086
1014,-1.1209474802017212,-1.1253161430358887,0.0024910990614444017,0.0018775484059005976,0.14491720497608185
1015,-1.090893030166626,-1.0964701175689697,0.0025877810548990965,0.0029893172904849052,0.14487315714359283
1016,-1.0582538843154907,-1.06248140335083,0.0027921684086322784,0.0014354074373841286,0.1448291540145874
1017,-0.9462687373161316,-1.1429669857025146,0.09633178263902664,0.10036642104387283,0.1447851061820984
1018,-1.0671461820602417,-1.0726977586746216,0.002779396716505289,0.0027722090017050505,0.14474117755889893
1019,-1.1909689903259277,-1.198777198791504,0.004206807818263769,0.003601391799747944,0.14469727873802185
1020,-1.186202049255371,-1.1928367614746094,0.00324642239138484,0.0033883159048855305,0.14465340971946716
1021,-1.218384861946106,-1.225956916809082,0.0038465759716928005,0.003725470509380102,0.1446095108985901
1022,-1.1973462104797363,-1.2015924453735352,0.0020229993388056755,0.0022232490591704845,0.14456555247306824
1023,-1.1138176918029785,-1.1224106550216675,0.004430824425071478,0.004162228666245937,0.1445215791463852
1024,-1.2345783710479736,-1.2408740520477295,0.0032417001202702522,0.003054030006751418,0.14447763562202454
1025,-1.2125744819641113,-1.2173774242401123,0.0024390786420553923,0.0023639181163161993,0.14443370699882507
1026,-1.1221904754638672,-1.1306216716766357,0.0042131878435611725,0.004217961803078651,0.144389808177948
1027,-1.1151700019836426,-1.1205419301986694,0.0026971453335136175,0.0026748105883598328,0.14434587955474854
1028,-1.1786121129989624,-1.1842222213745117,0.003404284128919244,0.002205861732363701,0.14430201053619385
1029,-1.1757638454437256,-1.1806228160858154,0.002403705846518278,0.002455209381878376,0.14425811171531677
1030,-1.164324164390564,-1.1690928936004639,0.0028856745921075344,0.0018830775516107678,0.14421430230140686
1031,-1.1488564014434814,-1.1557717323303223,0.003832353511825204,0.0030830265022814274,0.14417046308517456
1032,-1.1772822141647339,-1.185082197189331,0.003019018331542611,0.004781009629368782,0.14412668347358704
1033,-1.1415722370147705,-1.1463900804519653,0.0020345142111182213,0.002783317118883133,0.1440829187631607
1034,-1.1622898578643799,-1.167565107345581,0.0025376472622156143,0.0027376296930015087,0.14403919875621796
1035,-1.174963355064392,-1.179581880569458,0.0022356663830578327,0.0023828516714274883,0.1439955085515976
1036,-1.0979979038238525,-1.105811595916748,0.004087282344698906,0.0037263233680278063,0.143951877951622
1037,-1.2342287302017212,-1.2419742345809937,0.0040844460017979145,0.0036610520910471678,0.14390821754932404
1038,-1.1553542613983154,-1.1628198623657227,0.003683603834360838,0.003782010404393077,0.1438644677400589
1039,-1.1815474033355713,-1.1862599849700928,0.0022955555468797684,0.002417011186480522,0.14382074773311615
1040,-1.1408390998840332,-1.1505935192108154,0.00420873798429966,0.005545720923691988,0.14377693831920624
1041,-1.1985188722610474,-1.2033953666687012,0.0024471909273415804,0.0024292408488690853,0.14373308420181274
1042,-1.1672273874282837,-1.1732923984527588,0.002965016523376107,0.0031000806484371424,0.14368924498558044
1043,-1.2087153196334839,-1.2160357236862183,0.004007429350167513,0.0033129348885267973,0.14364546537399292
1044,-1.1386916637420654,-1.1467173099517822,0.003629162907600403,0.004396491218358278,0.14360173046588898
1045,-1.138167381286621,-1.1435075998306274,0.0028314737137407064,0.002508745063096285,0.14355804026126862
1046,-1.165066123008728,-1.1695362329483032,0.002536897314712405,0.0019331949297338724,0.14351442456245422
1047,-1.1132911443710327,-1.1191788911819458,0.0030320887453854084,0.0028557167388498783,0.14347082376480103
1048,-1.1116135120391846,-1.1176413297653198,0.003409877885133028,0.0026179293636232615,0.14342725276947021
1049,-1.0670721530914307,-1.0761981010437012,0.004473582841455936,0.004652433097362518,0.14338375627994537
1050,-1.1894800662994385,-1.1925792694091797,0.0015500029549002647,0.0015491946833208203,0.1433403044939041
1051,-1.1684072017669678,-1.1739951372146606,0.002846730872988701,0.0027411761693656445,0.14329685270786285
1052,-1.1508513689041138,-1.1556168794631958,0.0022019168827682734,0.002563542453572154,0.14325350522994995
1053,-1.1349289417266846,-1.1454282999038696,0.005854458548128605,0.004644814413040876,0.14321006834506989
1054,-1.1728768348693848,-1.1807737350463867,0.004058105871081352,0.003838761243969202,0.14316660165786743
1055,-1.1604883670806885,-1.1645238399505615,0.002234391402453184,0.0018011011416092515,0.1431230753660202
1056,-1.24032723903656,-1.2437188625335693,0.0019320594146847725,0.0014595845714211464,0.14307960867881775
1057,-1.1960875988006592,-1.2009963989257812,0.0030564593616873026,0.0018524392507970333,0.1430361121892929
1058,-1.1498997211456299,-1.158665418624878,0.004398435354232788,0.0043672844767570496,0.1429925560951233
1059,-1.1112565994262695,-1.1183403730392456,0.003717014566063881,0.003366684541106224,0.1429489701986313
1060,-1.107564091682434,-1.1118162870407104,0.0019668827299028635,0.002285303780809045,0.1429053694009781
1061,-1.1771998405456543,-1.1814507246017456,0.0018196266610175371,0.0024312487803399563,0.14286181330680847
1062,-1.137821078300476,-1.1432836055755615,0.002393237315118313,0.0030692913569509983,0.14281833171844482
1063,-1.2353395223617554,-1.2427313327789307,0.0036164321936666965,0.003775401273742318,0.1427748203277588
1064,-1.1609855890274048,-1.1671265363693237,0.0036559407599270344,0.002484990516677499,0.14273130893707275
1065,-1.1747169494628906,-1.1839520931243896,0.004591792821884155,0.004643360152840614,0.14268778264522552
1066,-1.1719294786453247,-1.1798440217971802,0.004036616999655962,0.003877888899296522,0.14264430105686188
1067,-1.2230666875839233,-1.2280941009521484,0.0022970542777329683,0.002730341861024499,0.1426008939743042
1068,-1.221381425857544,-1.2265639305114746,0.002284891437739134,0.0028975997120141983,0.14255759119987488
1069,-1.2045624256134033,-1.2115452289581299,0.0034139035269618034,0.003568832064047456,0.14251431822776794
1070,-1.2410564422607422,-1.2482647895812988,0.003727055387571454,0.0034812430385500193,0.142471045255661
1071,-1.2294986248016357,-1.2351055145263672,0.003063064068555832,0.0025437637232244015,0.14242778718471527
1072,-1.2132145166397095,-1.2154784202575684,0.0012917990097776055,0.0009721869137138128,0.1423845887184143
1073,-1.163142204284668,-1.1688902378082275,0.0034429458901286125,0.0023049740120768547,0.14234139025211334
1074,-1.1751396656036377,-1.1796138286590576,0.0026764231733977795,0.0017978427931666374,0.14229816198349
1075,-1.1334564685821533,-1.1388589143753052,0.002622910775244236,0.0027794616762548685,0.14225494861602783
1076,-1.1924006938934326,-1.1963942050933838,0.0022874814458191395,0.0017060510581359267,0.14221179485321045
1077,-1.2253178358078003,-1.2328920364379883,0.0038933916948735714,0.003680824302136898,0.1421685814857483
1078,-1.1967453956604004,-1.2011370658874512,0.0026327245868742466,0.00175895553547889,0.1421254277229309
1079,-1.1407064199447632,-1.1467020511627197,0.0029331971891224384,0.003062507137656212,0.14208219945430756
1080,-1.2162022590637207,-1.217899203300476,0.0009869150817394257,0.0007099907379597425,0.14203901588916779
1081,-1.2220476865768433,-1.2292752265930176,0.0034332217182964087,0.003794262418523431,0.1419958621263504
1082,-1.2655810117721558,-1.2714288234710693,0.002862391760572791,0.002985432744026184,0.1419527530670166
1083,-1.1203137636184692,-1.1273730993270874,0.0037815989926457405,0.003277773503214121,0.14190970361232758
1084,-1.2029865980148315,-1.2112256288528442,0.004197764676064253,0.0040413266979157925,0.14186666905879974
1085,-1.1932213306427002,-1.2001023292541504,0.0037788688205182552,0.0031022035982459784,0.1418236345052719
1086,-1.1956206560134888,-1.1997454166412354,0.0020242412574589252,0.002100409008562565,0.14178059995174408
1087,-1.1472991704940796,-1.1505402326583862,0.00157103780657053,0.0016699754633009434,0.14173758029937744
1088,-1.2138248682022095,-1.2188812494277954,0.003167134942486882,0.0018892291700467467,0.14169453084468842
1089,-1.2268322706222534,-1.233261227607727,0.0026951218023896217,0.003733857301995158,0.14165151119232178
1090,-1.1596416234970093,-1.1652119159698486,0.00271044485270977,0.0028598709031939507,0.14160849153995514
1091,-1.2167240381240845,-1.2276321649551392,0.005390970967710018,0.005517181009054184,0.1415654718875885
1092,-1.2190934419631958,-1.2268730401992798,0.004067832138389349,0.003711853874847293,0.14152248203754425
1093,-1.212701439857483,-1.2170237302780151,0.002224359195679426,0.0020979498513042927,0.14147956669330597
1094,-1.229400873184204,-1.2368534803390503,0.0035380995832383633,0.003914439585059881,0.1414366364479065
1095,-1.170923113822937,-1.1824183464050293,0.005412997677922249,0.006082120351493359,0.1413937509059906
1096,-1.2390168905258179,-1.2493714094161987,0.005075921770185232,0.005278600379824638,0.14135083556175232
1097,-1.1740752458572388,-1.1802418231964111,0.003457336686551571,0.002709274645894766,0.14130796492099762
1098,-0.1267843246459961,-1.2860205173492432,0.5725818276405334,0.5866543650627136,0.1412651091814041
1099,-1.2833775281906128,-1.2914645671844482,0.003984915092587471,0.004102097358554602,0.14122231304645538
1100,-1.161359190940857,-1.173231840133667,0.006024390924721956,0.005848239175975323,0.14117953181266785
1101,-1.2600713968276978,-1.2736482620239258,0.00791558250784874,0.005661290604621172,0.14113673567771912
1102,-1.2158482074737549,-1.2240228652954102,0.004583065398037434,0.0035915649496018887,0.14109393954277039
1103,-1.1547635793685913,-1.1698414087295532,0.008283983916044235,0.0067938584834337234,0.14105115830898285
1104,-1.1435197591781616,-1.1535828113555908,0.005623845383524895,0.004439281299710274,0.1410083770751953
1105,-1.182376503944397,-1.1884115934371948,0.0031031742691993713,0.0029320104513317347,0.14096564054489136
1106,-1.2021654844284058,-1.2116857767105103,0.004920691251754761,0.0045995814725756645,0.14092285931110382
1107,-1.1425107717514038,-1.1591250896453857,0.009171690791845322,0.00744261359795928,0.14088012278079987
1108,-1.2105735540390015,-1.215608835220337,0.002520874608308077,0.002514415653422475,0.1408374309539795
1109,-1.242788553237915,-1.2492426633834839,0.0032837805338203907,0.003170374548062682,0.14079463481903076
1110,-1.2180547714233398,-1.2258597612380981,0.0037932952400296926,0.004011788871139288,0.1407518982887268
1111,-1.2236424684524536,-1.2307542562484741,0.0032797264866530895,0.003832129528746009,0.14070923626422882
1112,-1.2723368406295776,-1.2760707139968872,0.0019993267487734556,0.0017344953957945108,0.14066654443740845
1113,-1.2338109016418457,-1.24922513961792,0.007562388200312853,0.007851787842810154,0.14062386751174927
1114,-1.2637728452682495,-1.2704541683197021,0.0040385527536273,0.0026427009142935276,0.14058123528957367
1115,-1.2488725185394287,-1.2634215354919434,0.00804893858730793,0.006500074174255133,0.14053860306739807
1116,-1.1461260318756104,-1.1559875011444092,0.004733216017484665,0.005128222052007914,0.14049600064754486
1117,-1.2508355379104614,-1.2553141117095947,0.0025573777966201305,0.0019211365142837167,0.14045342803001404
1118,-1.1494834423065186,-1.1568974256515503,0.0038707784842699766,0.0035432660952210426,0.140410915017128
1119,-1.1507338285446167,-1.1590824127197266,0.003864314639940858,0.004484337288886309,0.14036840200424194
1120,-1.1664687395095825,-1.1726510524749756,0.003351581748574972,0.0028306874446570873,0.1403258889913559
1121,-1.1845107078552246,-1.1903491020202637,0.0032714679837226868,0.0025669734459370375,0.14028343558311462
1122,-1.2514523267745972,-1.2578001022338867,0.003637877758592367,0.002709872554987669,0.14024098217487335
1123,-1.249789834022522,-1.2575048208236694,0.0036188242956995964,0.004096098709851503,0.14019855856895447
1124,-1.247208833694458,-1.253672480583191,0.003368364181369543,0.0030952906236052513,0.14015616476535797
1125,-1.1144624948501587,-1.1238189935684204,0.00408936757594347,0.005267107859253883,0.14011383056640625
1126,-1.2822468280792236,-1.2879472970962524,0.003613728564232588,0.00208676396869123,0.14007148146629333
1127,-1.2130240201950073,-1.2159298658370972,0.001776873366907239,0.00112898217048496,0.1400291472673416
1128,-1.2020457983016968,-1.207331657409668,0.0024814894422888756,0.002804392948746681,0.13998687267303467
1129,-1.2496119737625122,-1.2567033767700195,0.003641741117462516,0.0034496330190449953,0.1399446427822113
1130,-1.2249748706817627,-1.2372804880142212,0.005828389432281256,0.006477242335677147,0.13990235328674316
1131,-1.2014943361282349,-1.2052415609359741,0.001891107764095068,0.0018561057513579726,0.13986006379127502
1132,-1.163685917854309,-1.176344871520996,0.006696391385048628,0.005962637718766928,0.13981777429580688
1133,-1.1483204364776611,-1.1795189380645752,0.015175812877714634,0.016022710129618645,0.13977554440498352
1134,-1.2299100160598755,-1.2361446619033813,0.003406226634979248,0.0028285342268645763,0.13973329961299896
1135,-1.2591439485549927,-1.2633328437805176,0.002085851738229394,0.0021031470969319344,0.13969102501869202
1136,-1.245322585105896,-1.2497196197509766,0.0023567185271531343,0.0020403258968144655,0.13964881002902985
1137,-1.1597630977630615,-1.1675138473510742,0.0039903949946165085,0.00376032292842865,0.13960668444633484
1138,-1.289918065071106,-1.2940584421157837,0.00200212886556983,0.0021382637787610292,0.13956455886363983
1139,-1.2539407014846802,-1.2575597763061523,0.001919573056511581,0.0016994328470900655,0.13952241837978363
1140,-1.2696558237075806,-1.2757337093353271,0.003360686358064413,0.002717231400310993,0.13948020339012146
1141,-1.2911819219589233,-1.2945811748504639,0.0021724244579672813,0.0012267902493476868,0.13943801820278168
1142,-1.1985594034194946,-1.2044655084609985,0.003171851858496666,0.002734337467700243,0.13939571380615234
1143,-1.264666199684143,-1.2674881219863892,0.0017782188951969147,0.0010437066666781902,0.1393534392118454
1144,-1.2006142139434814,-1.2065643072128296,0.0032977350056171417,0.0026524453423917294,0.13931114971637726
1145,-1.2376545667648315,-1.2444570064544678,0.0033443926367908716,0.0034580505453050137,0.13926886022090912
1146,-1.2533785104751587,-1.2603113651275635,0.004160193260759115,0.00277273659594357,0.13922666013240814
1147,-1.2345045804977417,-1.238908290863037,0.0023332475684583187,0.002070467919111252,0.13918446004390717
1148,-1.1404838562011719,-1.1450412273406982,0.002578417304903269,0.001978958258405328,0.13914231956005096
1149,-1.223697543144226,-1.2286607027053833,0.0028792130760848522,0.0020839045755565166,0.13910022377967834
1150,-1.2156683206558228,-1.2229331731796265,0.003758092410862446,0.0035067996941506863,0.1390581578016281
1151,-1.2939789295196533,-1.2980552911758423,0.0016720803687348962,0.002404384547844529,0.13901612162590027
1152,-1.2318700551986694,-1.2368422746658325,0.002841259352862835,0.002130943350493908,0.13897408545017242
1153,-1.2875269651412964,-1.291285753250122,0.0018614658620208502,0.0018972986144945025,0.138932004570961
1154,-1.2979607582092285,-1.3021479845046997,0.0019130430882796645,0.0022741262800991535,0.13888993859291077
1155,-1.2442437410354614,-1.249869704246521,0.0027406506706029177,0.0028852925170212984,0.1388479322195053
1156,-1.2492786645889282,-1.2545068264007568,0.003187221009284258,0.002041000174358487,0.13880591094493866
1157,-1.2897570133209229,-1.2941402196884155,0.002517984714359045,0.0018652444705367088,0.13876385986804962
1158,-1.2510745525360107,-1.2545850276947021,0.0010927100665867329,0.002417815150693059,0.1387217789888382
1159,-1.2959073781967163,-1.3015917539596558,0.002729567466303706,0.0029548138845711946,0.13867971301078796
1160,-1.2099026441574097,-1.2126328945159912,0.0012123408960178494,0.001517896307632327,0.13863779604434967
1161,-1.208971381187439,-1.2123223543167114,0.0013952712761238217,0.0019557347986847162,0.13859586417675018
1162,-1.194898247718811,-1.222718596458435,0.01379536185413599,0.014024934731423855,0.1385539323091507
1163,-1.2510018348693848,-1.2541145086288452,0.0010640510590746999,0.0020485573913902044,0.13851206004619598
1164,-1.2582036256790161,-1.2680796384811401,0.004808677826076746,0.0050673880614340305,0.1384701281785965
1165,-1.2234185934066772,-1.228732943534851,0.0028942099306732416,0.002420242642983794,0.1384282410144806
1166,-1.2598708868026733,-1.2629865407943726,0.0016963680973276496,0.0014193246606737375,0.13838638365268707
1167,-1.277863621711731,-1.281442642211914,0.0018331522587686777,0.0017457784852012992,0.13834452629089355
1168,-1.2565325498580933,-1.2632160186767578,0.003760299179702997,0.002923103515058756,0.13830259442329407
1169,-1.2015719413757324,-1.2045867443084717,0.0013406870421022177,0.0016741791041567922,0.1382605880498886
1170,-1.218421220779419,-1.2242833375930786,0.003511253511533141,0.0023508300073444843,0.13821861147880554
1171,-1.1247806549072266,-1.129288673400879,0.0017085419967770576,0.002799493260681629,0.13817663490772247
1172,-1.2233916521072388,-1.2298394441604614,0.0028528040274977684,0.003594963811337948,0.13813470304012299
1173,-1.2934367656707764,-1.2961987257003784,0.0014712554402649403,0.0012906292686238885,0.1380927860736847
1174,-1.2578767538070679,-1.262313723564148,0.0020287807565182447,0.0024081317242234945,0.1380508989095688
1175,-1.3223602771759033,-1.3247877359390259,0.0012710042065009475,0.001156408921815455,0.1380089372396469
1176,-1.287016749382019,-1.2903215885162354,0.0019495685119181871,0.0013553088065236807,0.13796699047088623
1177,-1.1966681480407715,-1.20583975315094,0.004202904179692268,0.0049686124548316,0.13792508840560913
1178,-1.2188971042633057,-1.2232356071472168,0.0020423911046236753,0.0022961152717471123,0.1378832906484604
1179,-1.2479804754257202,-1.25341796875,0.0028875847347080708,0.0025498487520962954,0.13784152269363403
1180,-1.2377480268478394,-1.243449330329895,0.0024112199898809195,0.003290017368271947,0.13779979944229126
1181,-1.2653014659881592,-1.2724194526672363,0.0037510781548917294,0.0033669963013380766,0.13775813579559326
1182,-1.3147441148757935,-1.318921446800232,0.0020781182684004307,0.0020991498604416847,0.13771648705005646
1183,-1.2159438133239746,-1.2217901945114136,0.0027048757765442133,0.003141543595120311,0.13767482340335846
1184,-1.3169273138046265,-1.3224047422409058,0.002626958768814802,0.002850380726158619,0.13763327896595
1185,-1.1897987127304077,-1.2008862495422363,0.005292062181979418,0.005795524921268225,0.13759171962738037
1186,-1.2552205324172974,-1.2621307373046875,0.004319855943322182,0.002590253483504057,0.1375502347946167
1187,-1.2967249155044556,-1.2993791103363037,0.0012446957407519221,0.0014094881480559707,0.13750872015953064
1188,-1.27152681350708,-1.2758233547210693,0.0020277202129364014,0.002268739975988865,0.13746723532676697
1189,-1.204226016998291,-1.2091189622879028,0.0025394640397280455,0.002353413961827755,0.1374257504940033
1190,-1.2246803045272827,-1.2315666675567627,0.0034758930560201406,0.003410488832741976,0.13738425076007843
1191,-1.3198322057724,-1.32291579246521,0.0011664958437904716,0.001917120418511331,0.13734272122383118
1192,-1.2477493286132812,-1.255808711051941,0.004280885215848684,0.0037784483283758163,0.13730119168758392
1193,-1.3470698595046997,-1.3634206056594849,0.009110460989177227,0.007240319158881903,0.1372596025466919
1194,-1.277614712715149,-1.283842921257019,0.0037169852294027805,0.002511244034394622,0.13721805810928345
1195,-1.2563081979751587,-1.2627695798873901,0.003288984065875411,0.0031723552383482456,0.1371765434741974
1196,-1.2359209060668945,-1.2475403547286987,0.00565788010135293,0.005961575545370579,0.13713502883911133
1197,-1.2584359645843506,-1.2667334079742432,0.004730029497295618,0.0035674290265887976,0.13709351420402527
1198,-1.1995692253112793,-1.2168136835098267,0.007374117616564035,0.009870331734418869,0.13705195486545563
1199,-1.2334461212158203,-1.2379541397094727,0.002589934039860964,0.0019181149546056986,0.1370103806257248
1200,-1.2610628604888916,-1.2657796144485474,0.0023958247620612383,0.0023209177888929844,0.13696880638599396
1201,-1.3229708671569824,-1.3275291919708252,0.002308598253875971,0.002249704673886299,0.13692724704742432
1202,-1.2947046756744385,-1.3075480461120605,0.006739904172718525,0.0061035300604999065,0.13688573241233826
1203,-1.2247370481491089,-1.2321319580078125,0.0033436843659728765,0.004051240626722574,0.1368442326784134
1204,-1.3381565809249878,-1.3433723449707031,0.0029527286533266306,0.0022630624007433653,0.13680270314216614
1205,-1.2721748352050781,-1.2781281471252441,0.0027688085101544857,0.003184524131938815,0.13676118850708008
1206,-1.3131980895996094,-1.318028450012207,0.0019592586904764175,0.0028711059130728245,0.1367197483778
1207,-1.3181620836257935,-1.3241022825241089,0.002932074014097452,0.0030081220902502537,0.13667835295200348
1208,-1.2770205736160278,-1.282486081123352,0.0024718556087464094,0.0029937135986983776,0.1366368979215622
1209,-1.2107720375061035,-1.2161030769348145,0.003065731842070818,0.002265284303575754,0.1365954726934433
1210,-1.256736159324646,-1.2676364183425903,0.005499417893588543,0.005400881636887789,0.1365540474653244
1211,-1.200142741203308,-1.2049221992492676,0.002278562169522047,0.0025008502416312695,0.1365126520395279
1212,-1.3124810457229614,-1.317184567451477,0.0022544099483639,0.0024492074735462666,0.13647136092185974
1213,-1.3170241117477417,-1.3215618133544922,0.0023314955178648233,0.0022061760537326336,0.1364300698041916
1214,-1.3090927600860596,-1.314551830291748,0.0030040093697607517,0.0024551257956773043,0.13638877868652344
1215,-1.3140462636947632,-1.3182553052902222,0.002047424903139472,0.00216158595867455,0.13634748756885529
1216,-1.313707709312439,-1.3189142942428589,0.0031151892617344856,0.0020913821645081043,0.13630615174770355
1217,-1.3337045907974243,-1.3359779119491577,0.0012271626619622111,0.0010461400961503386,0.13626480102539062
1218,-1.2593328952789307,-1.2683438062667847,0.004335319623351097,0.004675570875406265,0.13622353971004486
1219,-1.2564407587051392,-1.2619333267211914,0.0029847444966435432,0.002507770201191306,0.13618230819702148
1220,-1.3192535638809204,-1.3254965543746948,0.0029156815726310015,0.0033272304572165012,0.13614106178283691
1221,-1.2347486019134521,-1.245750069618225,0.005725315306335688,0.005276177544146776,0.13609984517097473
1222,-1.3131765127182007,-1.3242981433868408,0.005847800523042679,0.005273785907775164,0.13605867326259613
1223,-1.2320903539657593,-1.2387070655822754,0.0029815298039466143,0.0036351257003843784,0.13601753115653992
1224,-1.2891175746917725,-1.2926440238952637,0.0016094406601041555,0.0019169668667018414,0.13597644865512848
1225,-1.3392292261123657,-1.3417425155639648,0.0011603409657254815,0.0013528474373742938,0.13593535125255585
1226,-1.2809982299804688,-1.2855346202850342,0.00203499267809093,0.002501425100490451,0.1358942985534668
1227,-1.2871732711791992,-1.2940781116485596,0.003440051106736064,0.0034647611901164055,0.13585318624973297
1228,-1.1791400909423828,-1.1856451034545898,0.003956194035708904,0.0025487705133855343,0.13581207394599915
1229,-1.284409523010254,-1.2915607690811157,0.0030823086854070425,0.004069014452397823,0.13577093183994293
1230,-1.2756179571151733,-1.2796486616134644,0.0019622831605374813,0.0020683666225522757,0.1357298046350479
1231,-1.2507812976837158,-1.2565433979034424,0.0028391925152391195,0.0029228609055280685,0.13568875193595886
1232,-1.3578227758407593,-1.3629705905914307,0.0026727553922683,0.0024750784505158663,0.1356477588415146
1233,-1.315744161605835,-1.3222566843032837,0.002935458905994892,0.003577082883566618,0.1356067657470703
1234,-1.2603540420532227,-1.2664393186569214,0.0034296431113034487,0.002655593678355217,0.13556578755378723
1235,-1.353325605392456,-1.3568918704986572,0.001647384138777852,0.0019188792211934924,0.13552486896514893
1236,-1.2643369436264038,-1.2722549438476562,0.003353655803948641,0.004564336035400629,0.1354839950799942
1237,-1.2751301527023315,-1.2834216356277466,0.0038857203908264637,0.00440569780766964,0.1354430615901947
1238,-1.316367745399475,-1.3252601623535156,0.004712686873972416,0.0041796742007136345,0.1354021281003952
1239,-1.2873502969741821,-1.2937142848968506,0.003348421538248658,0.003015523310750723,0.13536123931407928
1240,-1.2803518772125244,-1.289245367050171,0.004932871088385582,0.003960582427680492,0.13532030582427979
1241,-1.2347757816314697,-1.241197109222412,0.0029492212925106287,0.003472035052254796,0.13527937233448029
1242,-1.2665008306503296,-1.2759062051773071,0.004559102933853865,0.004846240393817425,0.13523848354816437
1243,-1.2991642951965332,-1.3043127059936523,0.0025641326792538166,0.0025842245668172836,0.13519760966300964
1244,-1.2677725553512573,-1.2728197574615479,0.0027629761025309563,0.0022841780446469784,0.13515670597553253
1245,-1.3221406936645508,-1.327260136604309,0.002736070193350315,0.002383387414738536,0.13511578738689423
1246,-1.283414602279663,-1.287089467048645,0.0021830752957612276,0.0014918199740350246,0.1350749135017395
1247,-1.3282309770584106,-1.333664059638977,0.0027466313913464546,0.0026865541003644466,0.13503411412239075
1248,-1.2440812587738037,-1.2481430768966675,0.00202101469039917,0.0020409016869962215,0.1349932998418808
1249,-1.3372421264648438,-1.345581293106079,0.004149273037910461,0.00418988848105073,0.13495250046253204
1250,-1.3468286991119385,-1.3486334085464478,0.001013212720863521,0.0007914923480711877,0.13491174578666687
1251,-1.407945156097412,-1.4121191501617432,0.001731905504129827,0.0024421396665275097,0.1348709613084793
1252,-1.3095886707305908,-1.313640832901001,0.0021957778371870518,0.001856305985711515,0.13483022153377533
1253,-1.3249657154083252,-1.3291525840759277,0.0022220693062990904,0.001964859664440155,0.13478940725326538
1254,-1.2875465154647827,-1.291839838027954,0.0018138268496841192,0.002479525748640299,0.13474860787391663
1255,-1.3010704517364502,-1.306363582611084,0.0025790792424231768,0.002714078174903989,0.13470780849456787
1256,-1.2727383375167847,-1.2748730182647705,0.0009349375031888485,0.0011997531400993466,0.1346670240163803
1257,-1.2999664545059204,-1.307096004486084,0.00261764507740736,0.004511894658207893,0.13462631404399872
1258,-1.3365358114242554,-1.3409538269042969,0.002316243713721633,0.00210183416493237,0.13458558917045593
1259,-1.2217187881469727,-1.2280150651931763,0.0030840998515486717,0.003212176961824298,0.13454493880271912
1260,-1.3157110214233398,-1.3229339122772217,0.003288404317572713,0.003934526816010475,0.1345043033361435
1261,-1.2848577499389648,-1.2908520698547363,0.003051971783861518,0.002942326245829463,0.1344635784626007
1262,-1.3729228973388672,-1.374557614326477,0.0008784059900790453,0.0007563004037365317,0.13442283868789673
1263,-1.2833055257797241,-1.2909449338912964,0.004019355401396751,0.0036200752947479486,0.13438211381435394
1264,-1.2543730735778809,-1.262199878692627,0.0036795868072658777,0.004147219937294722,0.13434149324893951
1265,-1.2540303468704224,-1.2584357261657715,0.001743618631735444,0.0026616554241627455,0.13430091738700867
1266,-1.2804458141326904,-1.2946503162384033,0.0071475692093372345,0.007056944537907839,0.13426032662391663
1267,-1.2717119455337524,-1.2770822048187256,0.00235500605776906,0.0030152357649058104,0.13421981036663055
1268,-1.2770029306411743,-1.282741665840149,0.003140747547149658,0.0025978998746722937,0.13417920470237732
1269,-1.4028009176254272,-1.4099349975585938,0.003393673337996006,0.0037403942551463842,0.13413864374160767
1270,-1.3890048265457153,-1.3946775197982788,0.00297628459520638,0.0026964142452925444,0.1340981274843216
1271,-1.3470789194107056,-1.3514580726623535,0.0023316298611462116,0.0020475881174206734,0.13405753672122955
1272,-1.3659958839416504,-1.3693896532058716,0.0011901090620085597,0.002203735988587141,0.1340169906616211
1273,-1.3473916053771973,-1.3512492179870605,0.0016207302687689662,0.0022367958445101976,0.13397641479969025
1274,-1.3968708515167236,-1.3998829126358032,0.00206910097040236,0.0009430046193301678,0.1339358538389206
1275,-1.3231170177459717,-1.3262542486190796,0.0016086556715890765,0.001528594410046935,0.13389530777931213
1276,-1.3524953126907349,-1.3590649366378784,0.0041563259437680244,0.0024132372345775366,0.13385479152202606
1277,-1.3386074304580688,-1.344405174255371,0.0029340791516005993,0.002863604109734297,0.13381430506706238
1278,-1.401891827583313,-1.4041056632995605,0.0010994335170835257,0.0011144238524138927,0.13377375900745392
1279,-1.2904009819030762,-1.3136022090911865,0.010264633223414421,0.012936578132212162,0.13373325765132904
1280,-1.3500384092330933,-1.3551878929138184,0.0025525023229420185,0.002596963196992874,0.13369277119636536
1281,-1.333545446395874,-1.3393826484680176,0.002691760892048478,0.003145498689264059,0.13365229964256287
1282,-1.3586490154266357,-1.3620970249176025,0.0017328944522887468,0.0017150089843198657,0.1336117386817932
1283,-1.2882517576217651,-1.2910542488098145,0.00147778051905334,0.0013245991431176662,0.13357116281986237
1284,-1.3766318559646606,-1.3803836107254028,0.0015772039769217372,0.0021744894329458475,0.1335306316614151
1285,-1.1386094093322754,-1.3495392799377441,0.10559314489364624,0.10533665120601654,0.1334902048110962
1286,-1.2556278705596924,-1.2586270570755005,0.0013186002615839243,0.0016806144267320633,0.13344985246658325
1287,-1.33352530002594,-1.3394756317138672,0.003360552480444312,0.0025898769963532686,0.1334095150232315
1288,-1.2970041036605835,-1.3053778409957886,0.004231272265315056,0.004142476711422205,0.13336925208568573
1289,-1.3740063905715942,-1.3813202381134033,0.00399511493742466,0.0033187982626259327,0.13332903385162354
1290,-1.3353015184402466,-1.3408501148223877,0.0027198183815926313,0.002828798023983836,0.13328883051872253
1291,-1.3829654455184937,-1.3868229389190674,0.0021728305146098137,0.0016846073558554053,0.13324859738349915
1292,-1.3168089389801025,-1.3220947980880737,0.0022955036256462336,0.0029903301037847996,0.1332084834575653
1293,-1.36630117893219,-1.370970606803894,0.0024595391005277634,0.002209942787885666,0.13316835463047028
1294,-1.372825264930725,-1.3795086145401,0.0038852530997246504,0.00279805576428771,0.13312822580337524
1295,-1.242194652557373,-1.2520318031311035,0.004491125233471394,0.005346089135855436,0.1330881416797638
1296,-1.4096248149871826,-1.4163545370101929,0.0036932278890162706,0.0030364771373569965,0.13304807245731354
1297,-1.285078763961792,-1.2909181118011475,0.002851896919310093,0.002987484447658062,0.1330079436302185
1298,-1.3401716947555542,-1.3488643169403076,0.004465817008167505,0.004226848017424345,0.13296787440776825
1299,-1.3244693279266357,-1.3358803987503052,0.006578641477972269,0.004832369275391102,0.13292774558067322
1300,-1.363037109375,-1.3697340488433838,0.003121984889730811,0.0035749953240156174,0.132887601852417
1301,-1.3092156648635864,-1.3127377033233643,0.0015444165328517556,0.0019775191321969032,0.13284748792648315
1302,-1.2870128154754639,-1.2919435501098633,0.0029409558046609163,0.0019897781312465668,0.13280737400054932
1303,-1.3922303915023804,-1.40049409866333,0.003974334802478552,0.0042893425561487675,0.13276726007461548
1304,-1.2633248567581177,-1.2714346647262573,0.004594515077769756,0.0035152919590473175,0.13272716104984283
1305,-1.298103928565979,-1.3039846420288086,0.0032559288665652275,0.0026246930938214064,0.1326870620250702
1306,-1.3378797769546509,-1.3448994159698486,0.0035195117816329002,0.003500085324048996,0.1326470524072647
1307,-1.3468880653381348,-1.3540616035461426,0.003384975716471672,0.0037885599303990602,0.1326071172952652
1308,-1.409497857093811,-1.4142394065856934,0.0022909187246114016,0.002450539031997323,0.13256709277629852
1309,-1.3630812168121338,-1.3671785593032837,0.0022492583375424147,0.0018480909056961536,0.13252709805965424
1310,-1.3148971796035767,-1.3228654861450195,0.004190756473690271,0.0037774734664708376,0.13248708844184875
1311,-1.3777707815170288,-1.3824243545532227,0.00239658635109663,0.0022570285946130753,0.13244707882404327
1312,-1.3701183795928955,-1.373473048210144,0.001489127054810524,0.0018655448220670223,0.1324070394039154
1313,-1.336953043937683,-1.341264247894287,0.0020073270425200462,0.002303848974406719,0.1323670595884323
1314,-1.3772064447402954,-1.3976033926010132,0.010991071350872517,0.009405827149748802,0.1323271095752716
1315,-1.42279851436615,-1.429802417755127,0.003912604413926601,0.003091369057074189,0.1322871446609497
1316,-1.4367247819900513,-1.4390796422958374,0.0011108233593404293,0.0012440141290426254,0.13224712014198303
1317,-1.3794424533843994,-1.3872190713882446,0.003993529826402664,0.0037831407971680164,0.13220711052417755
1318,-1.3561242818832397,-1.36212158203125,0.0032071536406874657,0.002790104364976287,0.13216708600521088
1319,-1.3369886875152588,-1.343611240386963,0.0030657807365059853,0.0035566806327551603,0.132127046585083
1320,-1.3065606355667114,-1.3097102642059326,0.0016531012952327728,0.0014965388691052794,0.13208705186843872
1321,-1.3573188781738281,-1.3639836311340332,0.0034455677960067987,0.0032191569916903973,0.13204708695411682
1322,-1.3769973516464233,-1.3817031383514404,0.003126847092062235,0.001578935538418591,0.13200713694095612
1323,-1.2014628648757935,-1.210148811340332,0.00517133018001914,0.003514685668051243,0.13196717202663422
1324,-1.2721283435821533,-1.2834619283676147,0.00506774103268981,0.006265879608690739,0.1319272220134735
1325,-1.3442201614379883,-1.3487166166305542,0.0031632091850042343,0.0013332479866221547,0.13188734650611877
1326,-1.4228192567825317,-1.4251306056976318,0.0014513218775391579,0.0008599488064646721,0.13184738159179688
1327,-1.335443139076233,-1.3404844999313354,0.002807451179251075,0.0022338374983519316,0.13180747628211975
1328,-1.3735460042953491,-1.378237247467041,0.002472975291311741,0.0022182012908160686,0.13176760077476501
1329,-1.3667606115341187,-1.3723399639129639,0.0028865206986665726,0.002692759968340397,0.13172779977321625
1330,-1.3785337209701538,-1.384086012840271,0.0026270148809999228,0.0029252315871417522,0.13168801367282867
1331,-1.3980821371078491,-1.405953288078308,0.004080088809132576,0.003791115479543805,0.13164827227592468
1332,-1.3775527477264404,-1.3815172910690308,0.001914331573061645,0.0020501206163316965,0.13160857558250427
1333,-1.3988374471664429,-1.407712459564209,0.004498998634517193,0.00437610549852252,0.1315688192844391
1334,-1.34003746509552,-1.3499951362609863,0.006108284927904606,0.0038493648171424866,0.13152912259101868
1335,-1.3181571960449219,-1.321861982345581,0.0017768852412700653,0.001927849487401545,0.13148939609527588
1336,-1.311992883682251,-1.3169608116149902,0.002733305562287569,0.0022346223704516888,0.13144968450069427
1337,-1.354325532913208,-1.4241867065429688,0.03482074290513992,0.03504036366939545,0.1314099133014679
1338,-1.379127860069275,-1.3875006437301636,0.0048723602667450905,0.0035004843957722187,0.13137023150920868
1339,-1.3867485523223877,-1.392635703086853,0.002985530300065875,0.0029016556218266487,0.13133057951927185
1340,-1.379385232925415,-1.3827167749404907,0.00158208969514817,0.0017493548803031445,0.13129094243049622
1341,-1.3442069292068481,-1.3502302169799805,0.0034992580767720938,0.002524035982787609,0.13125132024288177
1342,-1.36008882522583,-1.3667527437210083,0.0033342528622597456,0.0033296009059995413,0.13121171295642853
1343,-1.424784541130066,-1.4289350509643555,0.002062905114144087,0.0020876044873148203,0.13117210566997528
1344,-1.3989561796188354,-1.404537320137024,0.002108463319018483,0.003472733311355114,0.1311325579881668
1345,-1.3728376626968384,-1.3759721517562866,0.001316029578447342,0.0018184363143518567,0.13109298050403595
1346,-1.286034107208252,-1.2971532344818115,0.0055402410216629505,0.005578851792961359,0.13105344772338867
1347,-1.3452396392822266,-1.3503369092941284,0.002732457360252738,0.00236472487449646,0.13101395964622498
1348,-1.3712666034698486,-1.378187894821167,0.003376253182068467,0.0035450607538223267,0.1309743970632553
1349,-1.4525080919265747,-1.4582335948944092,0.00267129042185843,0.0030542912427335978,0.13093483448028564
1350,-1.3461275100708008,-1.3510066270828247,0.00232134573161602,0.0025578131899237633,0.13089528679847717
1351,-1.346360206604004,-1.3544807434082031,0.004284754395484924,0.0038357556331902742,0.1308557242155075
1352,-1.3259351253509521,-1.3302381038665771,0.002254608552902937,0.002048333641141653,0.13081613183021545
1353,-1.453083872795105,-1.4583884477615356,0.0025740312412381172,0.0027304498944431543,0.1307765245437622
1354,-1.4069929122924805,-1.4130589962005615,0.00305670453235507,0.0030094084795564413,0.13073694705963135
1355,-1.4055300951004028,-1.4098265171051025,0.002477017929777503,0.0018193500582128763,0.1306973248720169
1356,-1.3848659992218018,-1.39199697971344,0.0033890416380017996,0.003742024302482605,0.13065773248672485
1357,-1.3012887239456177,-1.3045746088027954,0.0016914515290409327,0.001594378612935543,0.1306181699037552
1358,-1.3694908618927002,-1.375524878501892,0.0033090023789554834,0.00272496254183352,0.13057862222194672
1359,-1.3543357849121094,-1.358859658241272,0.0020357954781502485,0.002488095546141267,0.13053913414478302
1360,-1.3341975212097168,-1.3378229141235352,0.0017976632807403803,0.0018276991322636604,0.1304996758699417
1361,-1.367163062095642,-1.3711094856262207,0.0019250536570325494,0.0020213196985423565,0.1304602175951004
1362,-1.3989274501800537,-1.404093861579895,0.003646900411695242,0.0015195328742265701,0.13042081892490387
1363,-1.388540267944336,-1.394026279449463,0.0027486796025186777,0.0027372725307941437,0.13038140535354614
1364,-1.4073325395584106,-1.4214506149291992,0.00651522446423769,0.007602834142744541,0.13034199178218842
1365,-1.3774025440216064,-1.382429599761963,0.0028910674154758453,0.002136019989848137,0.13030262291431427
1366,-1.376757264137268,-1.3837634325027466,0.0037695681676268578,0.0032366644591093063,0.13026320934295654
1367,-1.3786591291427612,-1.3843172788619995,0.003039981471374631,0.002618176629766822,0.13022373616695404
1368,-1.3806517124176025,-1.3869129419326782,0.003473568707704544,0.0027877306565642357,0.1301843672990799
1369,-1.3824368715286255,-1.3854856491088867,0.0013339432189241052,0.001714795595034957,0.13014505803585052
1370,-1.4240044355392456,-1.4312025308609009,0.003790671704337001,0.0034074836876243353,0.13010574877262115
1371,-1.2898664474487305,-1.2952167987823486,0.002855735132470727,0.002494530286639929,0.13006648421287537
1372,-1.3827722072601318,-1.3888072967529297,0.003395909909158945,0.002639200072735548,0.13002729415893555
1373,-1.2782025337219238,-1.2828071117401123,0.002324070781469345,0.002280532382428646,0.1299881488084793
1374,-1.2974746227264404,-1.3031775951385498,0.0036711955908685923,0.002031776588410139,0.12994897365570068
1375,-1.3981983661651611,-1.4044017791748047,0.0033810315653681755,0.0028223530389368534,0.12990978360176086
1376,-1.3405059576034546,-1.348146677017212,0.004303873982280493,0.0033368149306625128,0.12987054884433746
1377,-1.4384385347366333,-1.4468411207199097,0.0039933244697749615,0.004409268498420715,0.12983135879039764
1378,-1.2876282930374146,-1.2935445308685303,0.00283220037817955,0.003084093565121293,0.1297922432422638
1379,-1.3962466716766357,-1.400422215461731,0.0024480829015374184,0.0017274476122111082,0.12975309789180756
1380,-1.452379822731018,-1.4562327861785889,0.0020549145992845297,0.0017980057746171951,0.1297139972448349
1381,-1.3536224365234375,-1.3638542890548706,0.006125754676759243,0.0041060675866901875,0.12967491149902344
1382,-1.4119434356689453,-1.4175435304641724,0.002491690218448639,0.003108359407633543,0.12963587045669556
1383,-1.3736376762390137,-1.383412480354309,0.005636249668896198,0.004138597287237644,0.12959681451320648
1384,-1.4008427858352661,-1.404396414756775,0.0020934543572366238,0.0014602122828364372,0.12955766916275024
1385,-1.4600679874420166,-1.4639062881469727,0.0021437392570078373,0.0016945051029324532,0.1295185387134552
1386,-1.4200334548950195,-1.422357439994812,0.0013188059674575925,0.0010052240686491132,0.1294793337583542
1387,-1.4378401041030884,-1.4407061338424683,0.0012748823501169682,0.001591215142980218,0.1294400691986084
1388,-1.4143874645233154,-1.424169898033142,0.004996272269636393,0.004786192439496517,0.1294008195400238
1389,-1.3404357433319092,-1.3510545492172241,0.005604438483715057,0.005014466587454081,0.12936155498027802
1390,-1.439629077911377,-1.4442230463027954,0.002088623819872737,0.0025053315330296755,0.129322350025177
1391,-1.376846194267273,-1.380142092704773,0.0017459100345149636,0.0015499641885980964,0.129283145070076
1392,-1.4274070262908936,-1.43010413646698,0.001472609699703753,0.0012244742829352617,0.12924394011497498
1393,-1.386704921722412,-1.3907742500305176,0.002029937691986561,0.0020394083112478256,0.12920477986335754
1394,-1.4503990411758423,-1.4584505558013916,0.0033706207759678364,0.004680836573243141,0.1291656643152237
1395,-1.4174185991287231,-1.4222311973571777,0.0022531936410814524,0.002559446729719639,0.12912653386592865
1396,-1.4118874073028564,-1.4181437492370605,0.0036943110171705484,0.0025620590895414352,0.12908749282360077
1397,-1.3681327104568481,-1.3764419555664062,0.0043547311797738075,0.003954509738832712,0.12904851138591766
1398,-1.4285094738006592,-1.435958743095398,0.003449703101068735,0.0039995391853153706,0.12900958955287933
1399,-1.4938974380493164,-1.5008316040039062,0.003130548633635044,0.0038035642355680466,0.128970667719841
1400,-1.3839212656021118,-1.3878798484802246,0.0025208760052919388,0.0014376068720594049,0.12893164157867432
1401,-1.438302993774414,-1.4443625211715698,0.003162349108606577,0.002897180151194334,0.12889264523983002
1402,-1.4420387744903564,-1.4465656280517578,0.002356169978156686,0.002170636784285307,0.12885364890098572
1403,-1.420426845550537,-1.4280500411987305,0.0038233883678913116,0.0037997732870280743,0.1288146674633026
1404,-1.3761355876922607,-1.3809032440185547,0.002440669108182192,0.0023270221427083015,0.1287756711244583
1405,-1.451055645942688,-1.4563267230987549,0.002142866374924779,0.0031282107811421156,0.1287367194890976
1406,-1.4399012327194214,-1.4474321603775024,0.003853233763948083,0.003677727421745658,0.12869775295257568
1407,-1.43778657913208,-1.4432158470153809,0.002925852546468377,0.0025033694691956043,0.12865878641605377
1408,-1.3414632081985474,-1.3498163223266602,0.004469463136047125,0.0038836125750094652,0.12861989438533783
1409,-1.4975931644439697,-1.503050684928894,0.0027842491399496794,0.002673284150660038,0.1285809576511383
1410,-1.429463505744934,-1.4331252574920654,0.0017028584843501449,0.001958903856575489,0.12854209542274475
1411,-1.46410071849823,-1.4662835597991943,0.0010095753241330385,0.0011732082348316908,0.1285032033920288
1412,-1.4336119890213013,-1.4403252601623535,0.0034985921811312437,0.0032147702295333147,0.12846435606479645
1413,-1.4087986946105957,-1.4126980304718018,0.002306306501850486,0.0015930092195048928,0.1284254938364029
1414,-1.389911413192749,-1.3997193574905396,0.0046491604298353195,0.00515883881598711,0.12838664650917053
1415,-1.2921533584594727,-1.2989966869354248,0.004047230817377567,0.0027960806619375944,0.12834781408309937
1416,-1.3392410278320312,-1.3421673774719238,0.0017196950502693653,0.0012066789204254746,0.12830904126167297
1417,-1.4185742139816284,-1.4247751235961914,0.003023256780579686,0.003177626756951213,0.12827029824256897
1418,-1.388350009918213,-1.3952178955078125,0.003566026221960783,0.003301815129816532,0.12823152542114258
1419,-1.5014523267745972,-1.506253957748413,0.001969072502106428,0.002832576399669051,0.12819276750087738
1420,-1.4349174499511719,-1.4390735626220703,0.0026661958545446396,0.0014898469671607018,0.1281539797782898
1421,-1.4609166383743286,-1.4633655548095703,0.0012048771604895592,0.0012440163409337401,0.12811531126499176
1422,-1.4422435760498047,-1.444545865058899,0.001241188496351242,0.0010610666358843446,0.1280766725540161
1423,-1.4222286939620972,-1.427929401397705,0.0026019434444606304,0.0030986699275672436,0.12803804874420166
1424,-1.4824275970458984,-1.4851452112197876,0.0015592833515256643,0.0011584041640162468,0.12799935042858124
1425,-1.3701996803283691,-1.3792601823806763,0.004986568354070187,0.0040739462710917,0.12796062231063843
1426,-1.4228447675704956,-1.4259275197982788,0.0014779844786971807,0.0016048374818637967,0.12792189419269562
1427,-1.3475583791732788,-1.3519489765167236,0.0023453528992831707,0.00204527098685503,0.1278831660747528
1428,-1.426543116569519,-1.4298900365829468,0.001961418194696307,0.0013854742283001542,0.12784446775913239
1429,-1.3976057767868042,-1.4037232398986816,0.0035886121913790703,0.002528950572013855,0.12780573964118958
1430,-1.4862943887710571,-1.4908928871154785,0.0024301244411617517,0.0021684227976948023,0.12776704132556915
1431,-1.4090638160705566,-1.4182021617889404,0.004434281028807163,0.004704109393060207,0.12772837281227112
1432,-1.4632279872894287,-1.4726917743682861,0.0046394746750593185,0.004824331495910883,0.12768970429897308
1433,-1.4611796140670776,-1.4706265926361084,0.004988953471183777,0.004458028823137283,0.12765106558799744
1434,-1.4096630811691284,-1.4136388301849365,0.0020533124916255474,0.001922450726851821,0.12761245667934418
1435,-1.481379747390747,-1.48525869846344,0.002140215365216136,0.0017387854168191552,0.12757384777069092
1436,-1.458590030670166,-1.4620988368988037,0.0019042999483644962,0.0016046143136918545,0.12753522396087646
1437,-1.3305772542953491,-1.3394232988357544,0.004877487663179636,0.003968619275838137,0.12749658524990082
1438,-1.3890806436538696,-1.3997803926467896,0.004712573252618313,0.005987209267914295,0.1274579018354416
1439,-1.3328578472137451,-1.3381009101867676,0.002483075950294733,0.002759902738034725,0.12741918861865997
1440,-1.3105133771896362,-1.3164947032928467,0.0031482488848268986,0.002833109349012375,0.12738054990768433
1441,-1.3880095481872559,-1.4563676118850708,0.03465418517589569,0.03370387852191925,0.12734192609786987
1442,-1.4385762214660645,-1.4434102773666382,0.0024946783669292927,0.002339345868676901,0.12730340659618378
1443,-1.4063645601272583,-1.4123506546020508,0.0032400027848780155,0.002746155485510826,0.12726493179798126
1444,-1.4947912693023682,-1.4980961084365845,0.0016239651013165712,0.001680815708823502,0.12722645699977875
1445,-1.4828962087631226,-1.4875571727752686,0.0023970389738678932,0.002263937843963504,0.12718802690505981
1446,-1.4883742332458496,-1.4944583177566528,0.0033783288672566414,0.00270584924146533,0.12714964151382446
1447,-1.4884175062179565,-1.493432641029358,0.0021911528892815113,0.002823893679305911,0.12711124122142792
1448,-1.4954609870910645,-1.4986071586608887,0.0014197221025824547,0.0017265192000195384,0.12707288563251495
1449,-1.3789492845535278,-1.3833569288253784,0.0025100973434746265,0.0018975648563355207,0.12703458964824677
1450,-1.5055869817733765,-1.5113279819488525,0.0031537835020571947,0.0025871535763144493,0.12699635326862335
1451,-1.4652626514434814,-1.468273639678955,0.0016712195938453078,0.0013398489682003856,0.12695814669132233
1452,-1.427344560623169,-1.4330168962478638,0.0032758587040007114,0.002396476222202182,0.1269199401140213
1453,-1.465442180633545,-1.4784079790115356,0.007308336906135082,0.005657461937516928,0.12688176333904266
1454,-1.5018255710601807,-1.508837342262268,0.003469486953690648,0.0035423561930656433,0.12684358656406403
1455,-1.434277057647705,-1.4384623765945435,0.002302545588463545,0.0018828010652214289,0.1268053501844406
1456,-1.488034725189209,-1.4928686618804932,0.0023997912649065256,0.002434170339256525,0.12676706910133362
1457,-1.4202059507369995,-1.4317365884780884,0.005897324066609144,0.005633366294205189,0.126728817820549
1458,-1.4959824085235596,-1.5055533647537231,0.004403024911880493,0.005167992319911718,0.1266905963420868
1459,-1.4062097072601318,-1.410873293876648,0.0024877083487808704,0.002175907837226987,0.12665238976478577
1460,-1.4531161785125732,-1.4573092460632324,0.0022179032675921917,0.001975140767171979,0.12661419808864594
1461,-1.4050887823104858,-1.412207841873169,0.0032409520354121923,0.0038781287148594856,0.1265760213136673
1462,-1.4582551717758179,-1.4629913568496704,0.002857751678675413,0.0018783360719680786,0.12653779983520508
1463,-1.4345113039016724,-1.4414162635803223,0.00343733630143106,0.0034677330404520035,0.12649960815906525
1464,-1.4007859230041504,-1.406823754310608,0.003025497542694211,0.0030123000033199787,0.1264614313840866
1465,-1.1978356838226318,-1.4196404218673706,0.11121245473623276,0.11059222370386124,0.12642329931259155
1466,-1.4063907861709595,-1.411401629447937,0.0023563981521874666,0.0026544455904513597,0.1263851374387741
1467,-1.4446015357971191,-1.449977993965149,0.0024327896535396576,0.0029436897020787,0.12634697556495667
1468,-1.4317516088485718,-1.4396612644195557,0.004744908772408962,0.0031647272408008575,0.12630875408649445
1469,-1.4409459829330444,-1.4474505186080933,0.0035257013514637947,0.0029787938110530376,0.12627044320106506
1470,-1.491066813468933,-1.4962849617004395,0.002662527607753873,0.0025556408800184727,0.12623213231563568
1471,-1.3861346244812012,-1.393436312675476,0.004244831390678883,0.003056910587474704,0.1261938512325287
1472,-1.454018235206604,-1.4570884704589844,0.001600590068846941,0.001469575334340334,0.12615561485290527
1473,-1.4672783613204956,-1.4748361110687256,0.0037550567649304867,0.003802703460678458,0.12611733376979828
1474,-1.4467655420303345,-1.4574873447418213,0.004965085536241531,0.00575671112164855,0.1260790377855301
1475,-1.527954339981079,-1.5312830209732056,0.0017389802960678935,0.0015896139666438103,0.1260407716035843
1476,-1.4328917264938354,-1.4385751485824585,0.0025109797716140747,0.0031723729334771633,0.12600252032279968
1477,-1.4947596788406372,-1.4984771013259888,0.00205985433422029,0.001657550921663642,0.12596431374549866
1478,-1.399237871170044,-1.404101848602295,0.002506628865376115,0.002357319463044405,0.1259261816740036
1479,-1.4260241985321045,-1.4305773973464966,0.0021158400923013687,0.0024373307824134827,0.12588809430599213
1480,-0.4224879741668701,-1.4777318239212036,0.520881712436676,0.5343621373176575,0.12585000693798065
1481,-1.5225884914398193,-1.5298899412155151,0.0032125350553542376,0.004088884685188532,0.12581196427345276
1482,-1.5469406843185425,-1.5551817417144775,0.004076051525771618,0.0041650161147117615,0.12577396631240845
1483,-1.486608624458313,-1.5058116912841797,0.008369725197553635,0.01083335280418396,0.12573601305484772
1484,-1.2282074689865112,-1.4594178199768066,0.11194591224193573,0.11926451325416565,0.125698059797287
1485,-1.4872701168060303,-1.5008482933044434,0.0066557228565216064,0.006922474130988121,0.12566016614437103
1486,-1.4755948781967163,-1.4812092781066895,0.002786154393106699,0.002828288823366165,0.1256222128868103
1487,-1.374942421913147,-1.3971917629241943,0.011135891079902649,0.011113347485661507,0.12558428943157196
1488,-1.4693607091903687,-1.4757591485977173,0.0033824292477220297,0.003016009693965316,0.125546395778656
1489,-1.4310574531555176,-1.448685646057129,0.008788271807134151,0.00883994996547699,0.12550844252109528
1490,-1.4561960697174072,-1.4687176942825317,0.005786121357232332,0.006735403556376696,0.12547047436237335
1491,-1.473448634147644,-1.492496371269226,0.009093713946640491,0.00995392445474863,0.12543252110481262
1492,-1.4660431146621704,-1.50261390209198,0.015864279121160507,0.020706579089164734,0.12539461255073547
1493,-1.425849199295044,-1.4429543018341064,0.008423643186688423,0.008681388571858406,0.12535670399665833
1494,-1.4671318531036377,-1.4784154891967773,0.005044292658567429,0.006239292677491903,0.12531881034374237
1495,-1.3828413486480713,-1.4030241966247559,0.010343925096094608,0.009838985279202461,0.1252809315919876
1496,-1.5077989101409912,-1.5127359628677368,0.0024857986718416214,0.002451243344694376,0.12524312734603882
1497,-1.4883630275726318,-1.4960731267929077,0.0036031233612447977,0.004106995649635792,0.12520529329776764
1498,-1.3900948762893677,-1.4054697751998901,0.007205329369753599,0.00816948153078556,0.12516744434833527
1499,-1.4163495302200317,-1.4264588356018066,0.005569878034293652,0.004539382643997669,0.12512964010238647
1500,-1.4430683851242065,-1.4520766735076904,0.0046946327202022076,0.004313664045184851,0.12509185075759888
1501,-1.5078274011611938,-1.5144782066345215,0.003680726047605276,0.0029700740706175566,0.12505407631397247
1502,-1.5151238441467285,-1.5268266201019287,0.005751424934715033,0.005951453931629658,0.12501630187034607
1503,-1.4881006479263306,-1.5052608251571655,0.008415978401899338,0.008744209073483944,0.12497857213020325
1504,-1.570357084274292,-1.5778248310089111,0.0038868412375450134,0.0035809804685413837,0.12494082748889923
1505,-1.5233802795410156,-1.5325500965118408,0.004263259936124086,0.004906565882265568,0.12490303069353104
1506,-1.5470705032348633,-1.556148886680603,0.00472104549407959,0.004357332829385996,0.12486524879932404
1507,-1.4452712535858154,-1.4607635736465454,0.008535612374544144,0.006956733297556639,0.12482738494873047
1508,-1.4553407430648804,-1.4600744247436523,0.002442551776766777,0.0022911285050213337,0.12478959560394287
1509,-1.469502329826355,-1.4747289419174194,0.0028242284897714853,0.0024024154990911484,0.12475184351205826
1510,-1.3897385597229004,-1.4003245830535889,0.005735797807574272,0.00485031446442008,0.12471413612365723
1511,-1.397513747215271,-1.4027968645095825,0.002609166083857417,0.002673937939107418,0.12467643618583679
1512,-1.4770089387893677,-1.4852700233459473,0.004694681614637375,0.0035663549788296223,0.12463869154453278
1513,-1.5013043880462646,-1.5065116882324219,0.002873383229598403,0.0023338599130511284,0.12460099160671234
1514,-1.5348799228668213,-1.5391921997070312,0.0018210072303190827,0.002491225954145193,0.12456341087818146
1515,-1.5482680797576904,-1.553157091140747,0.0027224430814385414,0.0021665669046342373,0.12452588230371475
1516,-1.5426450967788696,-1.5496692657470703,0.003435178892686963,0.003589007304981351,0.12448830157518387
1517,-1.506136417388916,-1.5107823610305786,0.002453685039654374,0.002192263724282384,0.1244506984949112
1518,-1.5134751796722412,-1.5199496746063232,0.003067425452172756,0.0034071067348122597,0.12441311031579971
1519,-1.4907066822052002,-1.4976717233657837,0.0034565054811537266,0.0035085217095911503,0.12437547743320465
1520,-1.456074595451355,-1.4634262323379517,0.00303069781512022,0.004320972599089146,0.12433785200119019
1521,-1.5003968477249146,-1.5040935277938843,0.0021308879368007183,0.0015657871263101697,0.1243002712726593
1522,-1.4020531177520752,-1.409136176109314,0.004444684833288193,0.0026382855139672756,0.12426269799470901
1523,-1.4625791311264038,-1.4707953929901123,0.004646582528948784,0.0035697640851140022,0.12422513961791992
1524,-1.5024493932724,-1.5086140632629395,0.0024843583814799786,0.003680336754769087,0.12418755888938904
1525,-1.4934556484222412,-1.5036039352416992,0.005248578265309334,0.004899683408439159,0.12415002286434174
1526,-1.4918099641799927,-1.4965964555740356,0.002034006407484412,0.0027525851037353277,0.12411249428987503
1527,-1.541291356086731,-1.5451793670654297,0.0023101128172129393,0.0015778152737766504,0.1240750104188919
1528,-1.5407344102859497,-1.5510993003845215,0.005048263818025589,0.0053166113793849945,0.12403753399848938
1529,-1.3979436159133911,-1.4038578271865845,0.0038808018434792757,0.00203334609977901,0.12400010228157043
1530,-1.4705055952072144,-1.4763202667236328,0.0028101701755076647,0.003004569560289383,0.1239626482129097
1531,-1.4524314403533936,-1.4598373174667358,0.004110586829483509,0.003295354777947068,0.12392514944076538
1532,-1.4777323007583618,-1.4841912984848022,0.0029540304094552994,0.0035050492733716965,0.12388765811920166
1533,-1.3949933052062988,-1.3996284008026123,0.002666132990270853,0.0019690003246068954,0.12385024130344391
1534,-1.4089367389678955,-1.4194012880325317,0.005737789906561375,0.004726708400994539,0.12381286174058914
1535,-1.4556351900100708,-1.4628815650939941,0.004114577081054449,0.00313173932954669,0.12377549707889557
1536,-1.5070245265960693,-1.5158977508544922,0.005145859904587269,0.003727307077497244,0.12373817712068558
1537,-1.4689773321151733,-1.47207510471344,0.0018759263912215829,0.001221909187734127,0.12370085716247559
1538,-1.5600301027297974,-1.5659408569335938,0.0029238557908684015,0.002986880950629711,0.12366358935832977
1539,-1.5197691917419434,-1.5259208679199219,0.0034709873143583536,0.0026806513778865337,0.12362632155418396
1540,-1.393720030784607,-1.4016945362091064,0.004578941501677036,0.0033955981489270926,0.12358901649713516
1541,-1.5047825574874878,-1.5096790790557861,0.002401796169579029,0.0024946341291069984,0.12355171889066696
1542,-1.5158871412277222,-1.5228757858276367,0.003649426158517599,0.0033391444012522697,0.12351445853710175
1543,-1.5073453187942505,-1.5127394199371338,0.002458906499668956,0.002935119904577732,0.12347721308469772
1544,-1.5174081325531006,-1.5211118459701538,0.0019163787364959717,0.0017873067408800125,0.12343992292881012
1545,-1.4092340469360352,-1.4151450395584106,0.00300124054774642,0.002909792587161064,0.12340269237756729
1546,-1.496017575263977,-1.4997649192810059,0.0020910692401230335,0.0016563147073611617,0.12336551398038864
1547,-1.5187116861343384,-1.5214875936508179,0.0015486455522477627,0.0012272566091269255,0.12332837283611298
1548,-1.5099761486053467,-1.5141971111297607,0.0021438978146761656,0.002077071461826563,0.12329114973545074
1549,-1.4737402200698853,-1.478356122970581,0.0022433348931372166,0.002372671850025654,0.12325394153594971
1550,-1.5363047122955322,-1.5410209894180298,0.0026412135921418667,0.0020751021802425385,0.12321674823760986
1551,-1.5531511306762695,-1.5582557916641235,0.002440393902361393,0.002664236817508936,0.12317950278520584
1552,-1.5386160612106323,-1.5443239212036133,0.003312133951112628,0.002395779127255082,0.1231422945857048
1553,-1.563062071800232,-1.5712586641311646,0.004271344747394323,0.003925151191651821,0.12310507148504257
1554,-1.5429807901382446,-1.5479910373687744,0.00239667110145092,0.0026134999934583902,0.12306792289018631
1555,-1.5143691301345825,-1.5194069147109985,0.002899360144510865,0.002138355281203985,0.12303078174591064
1556,-1.5673139095306396,-1.5718501806259155,0.0024837981909513474,0.0020524729043245316,0.12299367785453796
1557,-1.5501558780670166,-1.5543861389160156,0.0023072848562151194,0.0019229791359975934,0.12295655906200409
1558,-1.5260653495788574,-1.5297818183898926,0.0012917667627334595,0.002424683654680848,0.1229194849729538
1559,-1.3971201181411743,-1.4153176546096802,0.009286398068070412,0.008911076001822948,0.12288247793912888
1560,-1.4098721742630005,-1.4175862073898315,0.003524662461131811,0.004189316648989916,0.12284550815820694
1561,-1.521916151046753,-1.5391826629638672,0.007776794955134392,0.009489770047366619,0.12280849367380142
1562,-1.5184491872787476,-1.521881341934204,0.0018143885536119342,0.0016177532961592078,0.12277154624462128
1563,-1.5893601179122925,-1.593094825744629,0.002138171810656786,0.0015966041246429086,0.12273455411195755
1564,-1.547203540802002,-1.5507311820983887,0.0016094469465315342,0.0019181740935891867,0.12269753962755203
1565,-1.4098563194274902,-1.4207799434661865,0.005977119784802198,0.004946413449943066,0.12266045808792114
1566,-1.4856493473052979,-1.4894760847091675,0.002143709920346737,0.001682942733168602,0.12262346595525742
1567,-1.47881019115448,-1.4844452142715454,0.0031509865075349808,0.002484068740159273,0.12258648872375488
1568,-1.5067898035049438,-1.5119602680206299,0.002794144442304969,0.0023763568606227636,0.12254949659109116
1569,-1.5057218074798584,-1.5139360427856445,0.0037973455619066954,0.004416984040290117,0.12251253426074982
1570,-1.545837163925171,-1.5521804094314575,0.0028689042665064335,0.0034743750002235174,0.1224755346775055
1571,-1.546002745628357,-1.5484243631362915,0.0014647397911176085,0.0009568885434418917,0.12243854254484177
1572,-1.525620937347412,-1.531136155128479,0.002758350223302841,0.002756816102191806,0.12240153551101685
1573,-1.5766738653182983,-1.5792878866195679,0.0012277050409466028,0.0013862986816093326,0.12236450612545013
1574,-1.5301949977874756,-1.5350866317749023,0.002619509119540453,0.0022721621207892895,0.122327521443367
1575,-1.5988001823425293,-1.6016041040420532,0.0016963295638561249,0.0011075966758653522,0.12229057401418686
1576,-1.556565761566162,-1.5606127977371216,0.0023645032197237015,0.001682551228441298,0.12225361168384552
1577,-1.569359302520752,-1.5750340223312378,0.0030337036587297916,0.0026409521233290434,0.12221671640872955
1578,-1.4648327827453613,-1.4690426588058472,0.0019579026848077774,0.0022520157508552074,0.12217976897954941
1579,-1.5403817892074585,-1.5440977811813354,0.0014847656711935997,0.0022312665823847055,0.12214278429746628
1580,-1.5180628299713135,-1.525412917137146,0.004522192757576704,0.0028278506360948086,0.12210580706596375
1581,-1.5100253820419312,-1.516122817993164,0.0030120289884507656,0.0030853687785565853,0.12206883728504181
1582,-1.4896316528320312,-1.5265545845031738,0.015316655859351158,0.02160632237792015,0.12203191220760345
1583,-1.3787412643432617,-1.3839855194091797,0.002633587922900915,0.0026106848381459713,0.1219949945807457
1584,-1.4567338228225708,-1.4630643129348755,0.0034109309781342745,0.002919525606557727,0.12195806205272675
1585,-1.4500747919082642,-1.4545466899871826,0.0029086642898619175,0.0015631977003067732,0.12192116677761078
1586,-1.5797836780548096,-1.5842188596725464,0.001859088777564466,0.0025760941207408905,0.12188425660133362
1587,-1.5600754022598267,-1.565748691558838,0.0032730961684137583,0.0024001342244446278,0.12184735387563705
1588,-1.5028754472732544,-1.5059987306594849,0.0017241223249584436,0.001399178639985621,0.1218104362487793
1589,-1.516536831855774,-1.5233683586120605,0.003258357523009181,0.0035731506068259478,0.12177356332540512
1590,-1.5220751762390137,-1.5266361236572266,0.0028124332893639803,0.0017485955031588674,0.12173666805028915
1591,-1.5275514125823975,-1.5348504781723022,0.004310954362154007,0.0029880679212510586,0.12169981002807617
1592,-1.4975048303604126,-1.5016191005706787,0.0021580939646810293,0.0019561653025448322,0.12166299670934677
1593,-1.477420687675476,-1.4806948900222778,0.0013413013657554984,0.001932817162014544,0.12162619084119797
1594,-1.530199646949768,-1.535021424293518,0.0032190207857638597,0.001602792995981872,0.12158945947885513
1595,-1.5230194330215454,-1.5312614440917969,0.004764267709106207,0.003477707039564848,0.12155276536941528
1596,-1.4093220233917236,-1.4804044961929321,0.03599155321717262,0.03509093448519707,0.12151610851287842
1597,-1.4739830493927002,-1.4785778522491455,0.0025054067373275757,0.002089407527819276,0.12147948890924454
1598,-1.4546616077423096,-1.4589552879333496,0.0022475712466984987,0.002046111738309264,0.12144291400909424
1599,-1.5210082530975342,-1.5255557298660278,0.002999067772179842,0.001548446249216795,0.12140635401010513
1600,-1.3660216331481934,-1.5812413692474365,0.1059732586145401,0.10924653708934784,0.12136980146169662
1601,-1.3831448554992676,-1.3892006874084473,0.0033120294101536274,0.002743881894275546,0.1213332861661911
1602,-1.506310224533081,-1.5743961334228516,0.03321707621216774,0.03486889228224754,0.12129678577184677
1603,-1.485952377319336,-1.4913644790649414,0.0027842125855386257,0.0026278796140104532,0.12126027047634125
1604,-1.5753357410430908,-1.5804870128631592,0.0022061835043132305,0.0029450710862874985,0.12122375518083572
1605,-1.5048935413360596,-1.5183908939361572,0.006969105917960405,0.006528303027153015,0.12118726223707199
1606,-1.542314887046814,-1.5480413436889648,0.003241472179070115,0.0024850519839674234,0.12115077674388885
1607,-1.5350669622421265,-1.5418903827667236,0.003228020155802369,0.003595346584916115,0.12111429870128632
1608,-1.4801286458969116,-1.4965323209762573,0.008029918186366558,0.00837376993149519,0.12107786536216736
1609,-1.5634033679962158,-1.5658223628997803,0.0010556108318269253,0.0013634201604872942,0.12104140967130661
1610,-1.6003221273422241,-1.606583595275879,0.0031458863522857428,0.003115508472546935,0.12100487947463989
1611,-1.5378857851028442,-1.5458258390426636,0.003651268081739545,0.0042887842282652855,0.12096835672855377
1612,-1.4429045915603638,-1.4481556415557861,0.0027626114897429943,0.0024884995073080063,0.12093185633420944
1613,-1.5003588199615479,-1.504119873046875,0.0014577021356672049,0.002303327899426222,0.1208953857421875
1614,-1.5104607343673706,-1.523200273513794,0.006851288955658674,0.005888177547603846,0.12085895985364914
1615,-1.535908579826355,-1.540308952331543,0.001580831129103899,0.0028194976039230824,0.12082254141569138
1616,-1.5740543603897095,-1.5813480615615845,0.0041210828348994255,0.0031725787557661533,0.12078610807657242
1617,-1.5360664129257202,-1.5386695861816406,0.0013287781039252877,0.001274307956919074,0.12074971199035645
1618,-1.5774356126785278,-1.5835176706314087,0.0034247315488755703,0.002657339908182621,0.12071321159601212
1619,-1.540062427520752,-1.546510934829712,0.0035568629391491413,0.0028916148003190756,0.12067669630050659
1620,-1.57354736328125,-1.5817261934280396,0.004681751132011414,0.0034971421118825674,0.12064015865325928
1621,-1.574769377708435,-1.5796053409576416,0.00235187029466033,0.002484129508957267,0.12060366570949554
1622,-1.559130311012268,-1.5637342929840088,0.002093545626848936,0.0025103979278355837,0.1205672100186348
1623,-1.4783296585083008,-1.486754059791565,0.00429911632090807,0.004125270526856184,0.12053082883358002
1624,-1.4958590269088745,-1.4999324083328247,0.002296239836141467,0.0017772032879292965,0.12049439549446106
1625,-1.5479322671890259,-1.5537954568862915,0.0026421293150633574,0.003220978891476989,0.12045785784721375
1626,-1.458442211151123,-1.4627293348312378,0.002291143871843815,0.0019959458149969578,0.12042135745286942
1627,-1.6083828210830688,-1.6118669509887695,0.0013874066062271595,0.002096771262586117,0.12038487195968628
1628,-1.562445878982544,-1.568303108215332,0.002916622906923294,0.0029407006222754717,0.12034845352172852
1629,-1.5349674224853516,-1.5427882671356201,0.00425337441265583,0.003567443462088704,0.12031199038028717
1630,-1.557573676109314,-1.5700725317001343,0.007122677285224199,0.005376266781240702,0.12027554214000702
1631,-1.5563634634017944,-1.5625566244125366,0.0034427382051944733,0.0027504488825798035,0.12023910135030746
1632,-1.6310862302780151,-1.6393169164657593,0.004343959968537092,0.003886725287884474,0.12020263820886612
1633,-1.5838600397109985,-1.589121699333191,0.002730094827711582,0.002531568519771099,0.12016618996858597
1634,-1.6022218465805054,-1.6077427864074707,0.002105375984683633,0.003415619023144245,0.1201297864317894
1635,-1.6001594066619873,-1.6056897640228271,0.002814203966408968,0.0027161429170519114,0.12009347230195999
1636,-1.5190367698669434,-1.5247043371200562,0.0023590726777911186,0.003308492247015238,0.12005720287561417
1637,-1.3383954763412476,-1.4074814319610596,0.03468640521168709,0.03439956530928612,0.12002088129520416
1638,-1.4977779388427734,-1.503793716430664,0.002607578644528985,0.003408167278394103,0.11998451501131058
1639,-1.564951777458191,-1.572530746459961,0.003046570112928748,0.004532490391284227,0.11994819343090057
1640,-1.5185537338256836,-1.5276131629943848,0.003384259296581149,0.005675158929079771,0.1199120506644249
1641,-1.6031324863433838,-1.6103386878967285,0.0032282560132443905,0.003977877553552389,0.11987589299678802
1642,-1.4933154582977295,-1.502221703529358,0.005263124592602253,0.003643175819888711,0.11983977258205414
1643,-1.5886695384979248,-1.596789002418518,0.004488387610763311,0.0036310898140072823,0.11980365961790085
1644,-1.5804245471954346,-1.5908299684524536,0.00486198952421546,0.005543464794754982,0.11976756155490875
1645,-1.580377221107483,-1.5873714685440063,0.0032593810465186834,0.003734804689884186,0.11973150074481964
1646,-1.5313016176223755,-1.5426751375198364,0.0051504881121218204,0.006223083473742008,0.11969539523124695
1647,-1.5041468143463135,-1.5090203285217285,0.0024162239860743284,0.0024572350084781647,0.11965924501419067
1648,-1.4550563097000122,-1.5234853029251099,0.03508222475647926,0.033346761018037796,0.11962313205003738
1649,-1.444616675376892,-1.4490162134170532,0.002240170491859317,0.0021593011915683746,0.1195870041847229
1650,-1.4899933338165283,-1.4970284700393677,0.003330186940729618,0.003704922739416361,0.11955094337463379
1651,-1.539992332458496,-1.5454061031341553,0.0028356104157865047,0.002578136743977666,0.11951489001512527
1652,-1.6162939071655273,-1.6255484819412231,0.004586466122418642,0.004668083973228931,0.11947888135910034
1653,-1.5745981931686401,-1.5835840702056885,0.004663276951760054,0.0043226913549005985,0.119442880153656
1654,-1.5942537784576416,-1.6002060174942017,0.003478290978819132,0.0024739226792007685,0.11940685659646988
1655,-1.5826842784881592,-1.588682770729065,0.0032138838432729244,0.0027846028096973896,0.11937084794044495
1656,-1.5944771766662598,-1.603181004524231,0.004896624479442835,0.003807172877714038,0.11933485418558121
1657,-1.5681768655776978,-1.5780826807022095,0.004933611955493689,0.004972233437001705,0.11929886788129807
1658,-1.5791205167770386,-1.5856541395187378,0.002583456225693226,0.003950100392103195,0.1192629486322403
1659,-1.5016121864318848,-1.5059044361114502,0.002386784180998802,0.0019054478034377098,0.11922704428434372
1660,-1.5056203603744507,-1.5132966041564941,0.004076640121638775,0.0035996814258396626,0.11919111758470535
1661,-1.479298710823059,-1.4857759475708008,0.0023049551527947187,0.004172373563051224,0.11915520578622818
1662,-1.4838250875473022,-1.4926860332489014,0.004691594745963812,0.00416928855702281,0.11911936104297638
1663,-1.5353177785873413,-1.5431618690490723,0.0038681705482304096,0.003975837025791407,0.11908349394798279
1664,-1.558629035949707,-1.5603665113449097,0.000994178932160139,0.0007432320271618664,0.11904758214950562
1665,-1.6208070516586304,-1.6265126466751099,0.0022725765593349934,0.0034329902846366167,0.11901168525218964
1666,-1.632561206817627,-1.640095591545105,0.0031343523878604174,0.0044000474736094475,0.11897582560777664
1667,-1.4728999137878418,-1.478919267654419,0.0033872155472636223,0.0026320896577090025,0.11893997341394424
1668,-1.5588245391845703,-1.5683809518814087,0.004211414605379105,0.005344935692846775,0.11890419572591782
1669,-1.553341031074524,-1.5587472915649414,0.0029015084728598595,0.0025047173257917166,0.11886833608150482
1670,-1.522574782371521,-1.527653455734253,0.0032333205454051495,0.001845350954681635,0.1188325509428978
1671,-1.5577622652053833,-1.5635262727737427,0.003137381747364998,0.0026266712229698896,0.11879674345254898
1672,-1.5660320520401,-1.570726752281189,0.0027004920411854982,0.0019942852668464184,0.11876100301742554
1673,-1.6243255138397217,-1.628955364227295,0.002673674374818802,0.001956247491762042,0.11872527748346329
1674,-1.4969123601913452,-1.5061249732971191,0.005189761985093355,0.004022875335067511,0.11868952959775925
1675,-1.4178683757781982,-1.4252327680587769,0.003692891215905547,0.0036715741734951735,0.11865376681089401
1676,-1.4898234605789185,-1.4975104331970215,0.00345985172316432,0.004227156285196543,0.11861798912286758
1677,-1.5685194730758667,-1.571885585784912,0.0012603569775819778,0.0021057522390037775,0.11858230084180832
1678,-1.6143592596054077,-1.6185622215270996,0.002088107168674469,0.002114844974130392,0.11854662746191025
1679,-1.5103662014007568,-1.5150282382965088,0.0019456212176010013,0.0027163862250745296,0.11851093173027039
1680,-1.6077139377593994,-1.6122307777404785,0.002173733664676547,0.0023430504370480776,0.11847525089979172
1681,-1.6094080209732056,-1.613997220993042,0.002536595333367586,0.002052535302937031,0.11843955516815186
1682,-1.5184491872787476,-1.5250868797302246,0.0034706941805779934,0.003167065791785717,0.11840389668941498
1683,-1.5435049533843994,-1.5485563278198242,0.002627817913889885,0.0024235262535512447,0.1183682456612587
1684,-1.5436484813690186,-1.5497262477874756,0.0028500754851847887,0.003227696754038334,0.11833269149065018
1685,-1.561169147491455,-1.5709428787231445,0.004292638506740332,0.005481177940964699,0.11829715222120285
1686,-1.6060503721237183,-1.6109962463378906,0.0024804044514894485,0.0024654874578118324,0.1182616725564003
1687,-1.6044927835464478,-1.6096980571746826,0.002399566350504756,0.0028057079762220383,0.11822609603404999
1688,-1.597891926765442,-1.6045787334442139,0.0031284408178180456,0.0035583816934376955,0.11819050461053848
1689,-1.5959842205047607,-1.605608582496643,0.0042477138340473175,0.0053766993805766106,0.11815492063760757
1690,-1.5475897789001465,-1.5600193738937378,0.006789022125303745,0.005640645045787096,0.11811937391757965
1691,-1.6289238929748535,-1.6327364444732666,0.002037885133177042,0.001774713397026062,0.11808386445045471
1692,-1.4868016242980957,-1.4914487600326538,0.0025704284198582172,0.002076725009828806,0.11804831027984619
1693,-1.5640833377838135,-1.5670069456100464,0.0017063351115211844,0.0012172956485301256,0.11801280081272125
1694,-1.6376136541366577,-1.6462959051132202,0.004381514620035887,0.004300727508962154,0.11797729879617691
1695,-1.4420437812805176,-1.4560911655426025,0.006421634461730719,0.007625685539096594,0.11794175207614899
1696,-1.5576982498168945,-1.5603957176208496,0.0010652088094502687,0.0016322638839483261,0.11790618300437927
1697,-1.4728081226348877,-1.4768762588500977,0.0016675111837685108,0.0024006252642720938,0.11787068098783493
1698,-1.5289582014083862,-1.5334861278533936,0.002512074541300535,0.0020157850813120604,0.11783522367477417
1699,-1.5487300157546997,-1.5554749965667725,0.003554267343133688,0.0031907144002616405,0.1177998036146164
1700,-1.5286561250686646,-1.5338507890701294,0.002506861463189125,0.0026878120843321085,0.1177644208073616
1701,-1.6184070110321045,-1.6244959831237793,0.003045131918042898,0.003043843200430274,0.11772904545068741
1702,-1.558577299118042,-1.5683693885803223,0.004194107372313738,0.005597938783466816,0.11769360303878784
1703,-1.5803520679473877,-1.587773323059082,0.003290229244157672,0.004131050780415535,0.1176581084728241
1704,-1.626470923423767,-1.630167007446289,0.0019914242438971996,0.0017047057626768947,0.11762265861034393
1705,-1.5374784469604492,-1.5455894470214844,0.003863832214847207,0.004247231408953667,0.11758721619844437
1706,-1.5929771661758423,-1.5981861352920532,0.002687326865270734,0.002521672984585166,0.11755181849002838
1707,-1.6653093099594116,-1.6713488101959229,0.0031061989720910788,0.0029332067351788282,0.11751636862754822
1708,-1.5877093076705933,-1.5950255393981934,0.003707329975441098,0.0036089851055294275,0.11748092621564865
1709,-1.6727575063705444,-1.6760740280151367,0.0014758195029571652,0.001840679906308651,0.11744549870491028
1710,-1.5917209386825562,-1.5980360507965088,0.0032141064293682575,0.0031009700614959,0.11741003394126892
1711,-1.6096595525741577,-1.6137876510620117,0.002103994134813547,0.002024034969508648,0.11737459897994995
1712,-1.6287366151809692,-1.6338932514190674,0.0021816478110849857,0.002974957227706909,0.11733914911746979
1713,-1.4752618074417114,-1.4780099391937256,0.0014913093764334917,0.001256858929991722,0.11730373650789261
1714,-1.6130754947662354,-1.6192301511764526,0.0031729587353765965,0.0029816278256475925,0.11726833134889603
1715,-1.531597375869751,-1.5377209186553955,0.003820903366431594,0.002302595181390643,0.11723288893699646
1716,-1.6079349517822266,-1.6127578020095825,0.0023232565727084875,0.0024995531421154737,0.1171974241733551
1717,-1.609774112701416,-1.6179707050323486,0.004541883245110512,0.0036547542549669743,0.11716196686029434
1718,-1.445914387702942,-1.5554202795028687,0.05012093856930733,0.05938492715358734,0.11712652444839478
1719,-1.4511936902999878,-1.4618375301361084,0.005157412961125374,0.00548634584993124,0.11709114909172058
1720,-1.564232587814331,-1.575960397720337,0.005119887180626392,0.006607873365283012,0.1170557290315628
1721,-1.408196210861206,-1.472780466079712,0.030278075486421585,0.0343061164021492,0.11702034622430801
1722,-1.6442813873291016,-1.6498494148254395,0.0027720618527382612,0.002795948414131999,0.11698497831821442
1723,-1.5578352212905884,-1.5613585710525513,0.0016539960633963346,0.0018693337915465236,0.1169496402144432
1724,-1.4479694366455078,-1.5257166624069214,0.038771335035562515,0.03897583857178688,0.11691434681415558
1725,-1.4620044231414795,-1.5435607433319092,0.039741452783346176,0.041814908385276794,0.11687903851270676
1726,-1.5327277183532715,-1.539561152458191,0.002398952841758728,0.004434437025338411,0.11684376001358032
1727,-1.5253281593322754,-1.5323880910873413,0.0039062444120645523,0.003153634024783969,0.11680850386619568
1728,-1.5423389673233032,-1.6047039031982422,0.029970712959766388,0.03239411860704422,0.1167733296751976
1729,-1.5622233152389526,-1.5705680847167969,0.0039335559122264385,0.004411229398101568,0.1167382001876831
1730,-1.720975399017334,-1.7240256071090698,0.0017383939120918512,0.0013117378111928701,0.11670305579900742
1731,-1.5434623956680298,-1.5555728673934937,0.005512097850441933,0.006598399952054024,0.1166679710149765
1732,-1.5686867237091064,-1.5750077962875366,0.0030919413547962904,0.0032291943207383156,0.11663290113210678
1733,-1.6835273504257202,-1.6952043771743774,0.004943124484270811,0.006733920890837908,0.11659784615039825
1734,-1.6029423475265503,-1.608891487121582,0.002881215885281563,0.0030679686460644007,0.11656273901462555
1735,-1.5142368078231812,-1.518242359161377,0.0021186857484281063,0.0018868690822273493,0.11652761697769165
1736,-1.5507375001907349,-1.5550506114959717,0.0014953340869396925,0.002817696426063776,0.11649256199598312
1737,-1.66456937789917,-1.6731500625610352,0.0037634074687957764,0.004817201290279627,0.1164575144648552
1738,-1.5692843198776245,-1.5751482248306274,0.0025544799864292145,0.0033094044774770737,0.11642242223024368
1739,-1.6752220392227173,-1.679732322692871,0.001768448855727911,0.002741799456998706,0.1163872629404068
1740,-1.4749575853347778,-1.4865974187850952,0.008422916755080223,0.003216818906366825,0.11635211110115051
1741,-1.652709722518921,-1.6572123765945435,0.0020886973943561316,0.0024140095338225365,0.11631696671247482
1742,-1.5692163705825806,-1.5740267038345337,0.0023307004012167454,0.0024796314537525177,0.11628183722496033
1743,-1.5715981721878052,-1.587648630142212,0.010302649810910225,0.0057477643713355064,0.1162467747926712
1744,-1.579350233078003,-1.5987465381622314,0.012145716696977615,0.007250489667057991,0.11621174216270447
1745,-1.6576409339904785,-1.6652430295944214,0.004397294484078884,0.0032048095017671585,0.11617675423622131
1746,-1.605019211769104,-1.613405466079712,0.00397781515493989,0.004408444743603468,0.11614183336496353
1747,-1.5452451705932617,-1.5509331226348877,0.002646309556439519,0.0030415887013077736,0.11610686779022217
1748,-1.5426408052444458,-1.5570534467697144,0.00714186392724514,0.007270805537700653,0.11607196182012558
1749,-1.6053729057312012,-1.6118825674057007,0.003539128229022026,0.002970536705106497,0.11603701859712601
1750,-1.5978970527648926,-1.6143138408660889,0.007442024536430836,0.008974813856184483,0.11600205302238464
1751,-1.6762908697128296,-1.6867083311080933,0.005501274950802326,0.0049161482602357864,0.11596712470054626
1752,-1.6734793186187744,-1.6769359111785889,0.0016569789731875062,0.0017996421083807945,0.1159321591258049
1753,-1.6750560998916626,-1.682215690612793,0.0033114205580204725,0.0038482188247144222,0.11589722335338593
1754,-1.5006495714187622,-1.5513763427734375,0.02639712393283844,0.024329686537384987,0.11586235463619232
1755,-1.5137531757354736,-1.5655949115753174,0.03119349665939808,0.02064821869134903,0.11582744866609573
1756,-1.6302765607833862,-1.6356233358383179,0.002696356736123562,0.0026503484696149826,0.11579254269599915
1757,-1.5877407789230347,-1.5940048694610596,0.00318978657014668,0.0030742641538381577,0.11575759947299957
1758,-1.59088933467865,-1.6012794971466064,0.003818878438323736,0.006571234203875065,0.11572269350290298
1759,-1.6348620653152466,-1.6405470371246338,0.0024812514893710613,0.0032037238124758005,0.1156877726316452
1760,-1.6518831253051758,-1.6571190357208252,0.002228665165603161,0.0030072906520217657,0.11565285921096802
1761,-1.5993907451629639,-1.6082062721252441,0.005076236557215452,0.0037391826044768095,0.11561798304319382
1762,-1.6395199298858643,-1.6441236734390259,0.002069856971502304,0.0025338721461594105,0.1155831441283226
1763,-1.6023757457733154,-1.6120620965957642,0.004740518052130938,0.004945835564285517,0.11554831266403198
1764,-1.5440220832824707,-1.5980584621429443,0.028229473158717155,0.025806862860918045,0.11551357805728912
1765,-1.585766315460205,-1.594520926475525,0.004837966524064541,0.003916571382433176,0.11547880619764328
1766,-1.6042274236679077,-1.6120747327804565,0.004781908355653286,0.0030653197318315506,0.115444116294384
1767,-1.662882685661316,-1.669262409210205,0.003287049476057291,0.0030926272738724947,0.1154095008969307
1768,-1.5569454431533813,-1.6494711637496948,0.04486069455742836,0.04766504839062691,0.1153748631477356
1769,-1.648506760597229,-1.6544994115829468,0.0029224371537566185,0.0030702613294124603,0.1153402328491211
1770,-1.6397982835769653,-1.6787985563278198,0.019735319539904594,0.019264910370111465,0.1153055876493454
1771,-1.6132264137268066,-1.634079933166504,0.007680692244321108,0.013172815553843975,0.11527100950479507
1772,-1.5827149152755737,-1.5980637073516846,0.008984852582216263,0.006364020984619856,0.11523638665676117
1773,-1.5850297212600708,-1.5950754880905151,0.004356845747679472,0.0056888689287006855,0.11520171910524368
1774,-1.536420226097107,-1.5425033569335938,0.0030251452699303627,0.0030579366721212864,0.11516698449850082
1775,-1.5845977067947388,-1.594262719154358,0.005563932936638594,0.0041010077111423016,0.11513230949640274
1776,-1.6350202560424805,-1.6414828300476074,0.0025230839382857084,0.003939480055123568,0.11509764194488525
1777,-1.5403997898101807,-1.5727161169052124,0.015132319182157516,0.017184073105454445,0.11506301909685135
1778,-1.5797792673110962,-1.6146553754806519,0.013318914920091629,0.021557243540883064,0.11502835154533386
1779,-1.6386255025863647,-1.6453232765197754,0.00356322736479342,0.0031345440074801445,0.11499371379613876
1780,-1.7051737308502197,-1.712300181388855,0.002918145153671503,0.004208348225802183,0.11495903879404068
1781,-1.562704086303711,-1.5902260541915894,0.01453599613159895,0.012985954992473125,0.1149243712425232
1782,-1.5866862535476685,-1.592794418334961,0.0029730203095823526,0.003135115373879671,0.11488965898752213
1783,-1.63180673122406,-1.6456022262573242,0.005979389417916536,0.007816100493073463,0.11485499143600464
1784,-1.652510643005371,-1.6575769186019897,0.0032988747116178274,0.0017673748079687357,0.11482030153274536
1785,-1.4774558544158936,-1.4829556941986084,0.0037047299556434155,0.0017950920155271888,0.11478567123413086
1786,-1.5407694578170776,-1.5546414852142334,0.00679312739521265,0.007078845985233784,0.11475108563899994
1787,-1.6025805473327637,-1.611173152923584,0.004369532689452171,0.004223057068884373,0.11471648514270782
1788,-1.5637321472167969,-1.592218041419983,0.015866508707404137,0.012619330547749996,0.11468189209699631
1789,-1.6240520477294922,-1.6276843547821045,0.0021128372754901648,0.001519478508271277,0.11464730650186539
1790,-1.6374125480651855,-1.6396712064743042,0.0011300973128527403,0.001128565869294107,0.11461270600557327
1791,-1.5379685163497925,-1.5629347562789917,0.012151513248682022,0.012814704328775406,0.11457812041044235
1792,-1.6042388677597046,-1.6142414808273315,0.005585984792560339,0.004416555166244507,0.11454351246356964
1793,-1.584736943244934,-1.6186821460723877,0.015290875919163227,0.01865432783961296,0.11450891941785812
1794,-1.580596923828125,-1.5963112115859985,0.007846301421523094,0.007867943495512009,0.11447438597679138
1795,-1.5863276720046997,-1.5936369895935059,0.0035400143824517727,0.003769289469346404,0.11443989723920822
1796,-1.6512094736099243,-1.6561475992202759,0.003048058832064271,0.0018900999566540122,0.11440540850162506
1797,-1.5180004835128784,-1.544121265411377,0.011403522454202175,0.014717196114361286,0.11437088251113892
1798,-1.6263219118118286,-1.6325982809066772,0.00257413974031806,0.0037022680044174194,0.11433622986078262
1799,-1.569596290588379,-1.5758625268936157,0.0036561626475304365,0.002610136056318879,0.1143016442656517
1800,-1.5086264610290527,-1.5367884635925293,0.013020133599638939,0.01514181774109602,0.11426706612110138
1801,-1.5772894620895386,-1.5843942165374756,0.0032200126443058252,0.0038848118856549263,0.11423252522945404
1802,-1.6631665229797363,-1.667791485786438,0.0026297171134501696,0.0019951523281633854,0.11419805139303207
1803,-1.5929348468780518,-1.597854733467102,0.001909199869260192,0.0030106334015727043,0.1141635924577713
1804,-1.6607170104980469,-1.664777398109436,0.001974966377019882,0.00208548572845757,0.11412916332483292
1805,-1.5583808422088623,-1.564117193222046,0.0032629070337861776,0.0024734260514378548,0.11409477144479752
1806,-1.531243085861206,-1.546901822090149,0.007521572522819042,0.008137141354382038,0.1140604242682457
1807,-1.6439040899276733,-1.6470175981521606,0.0010382956825196743,0.002075217431411147,0.11402610689401627
1808,-1.5225104093551636,-1.5431492328643799,0.011963969096541405,0.008674874901771545,0.11399172246456146
1809,-1.6100108623504639,-1.6162506341934204,0.003594347508624196,0.002645371947437525,0.11395732313394547
1810,-1.6319395303726196,-1.6383293867111206,0.003414970124140382,0.002974916948005557,0.11392296105623245
1811,-1.5883045196533203,-1.614946961402893,0.012473832815885544,0.014168571680784225,0.11388857662677765
1812,-1.6329494714736938,-1.6484193801879883,0.006457092706114054,0.00901281088590622,0.11385423690080643
1813,-1.5932003259658813,-1.6160880327224731,0.012486414052546024,0.010401241481304169,0.11381984502077103
1814,-1.6961663961410522,-1.7031524181365967,0.0038592955097556114,0.003126727184280753,0.11378546804189682
1815,-1.708074927330017,-1.7131441831588745,0.0025261100381612778,0.0025431113317608833,0.11375107616186142
1816,-1.6586004495620728,-1.6637626886367798,0.002631605602800846,0.0025305282324552536,0.11371677368879318
1817,-1.5971673727035522,-1.6131396293640137,0.009298102930188179,0.006674184463918209,0.11368245631456375
1818,-1.7239588499069214,-1.7307435274124146,0.0026758245658129454,0.004108904395252466,0.11364803463220596
1819,-1.685278058052063,-1.6976293325424194,0.006358323618769646,0.005992976017296314,0.11361360549926758
1820,-1.6984554529190063,-1.712280035018921,0.00653122877702117,0.007293288595974445,0.11357918381690979
1821,-1.596441388130188,-1.6229549646377563,0.012888187542557716,0.013625383377075195,0.11354473978281021
1822,-1.6776678562164307,-1.686036467552185,0.0034730597399175167,0.004895539488643408,0.11351031064987183
1823,-1.630333423614502,-1.6503527164459229,0.01333887130022049,0.0066804224625229836,0.11347594857215881
1824,-1.6467921733856201,-1.659010410308838,0.004753344226628542,0.007464918307960033,0.1134415939450264
1825,-1.5821335315704346,-1.591178297996521,0.0038002748042345047,0.0052445391193032265,0.11340724676847458
1826,-1.643581509590149,-1.6650593280792236,0.009132045321166515,0.012345816940069199,0.11337291449308395
1827,-1.6254141330718994,-1.6462349891662598,0.011945742182433605,0.008875181898474693,0.11333856731653214
1828,-1.6173499822616577,-1.6239839792251587,0.0035290238447487354,0.0031049377284944057,0.11330419778823853
1829,-1.4837934970855713,-1.5731415748596191,0.045601580291986465,0.04374648258090019,0.11326981335878372
1830,-1.5874226093292236,-1.594984531402588,0.00422197300940752,0.003339965594932437,0.1132354661822319
1831,-1.5929486751556396,-1.6002671718597412,0.003358870279043913,0.003959674388170242,0.11320118606090546
1832,-1.6531744003295898,-1.6603232622146606,0.002839967841282487,0.0043089366517961025,0.113166943192482
1833,-1.6614218950271606,-1.6700819730758667,0.005522388033568859,0.0031377009581774473,0.11313273757696152
1834,-1.6051007509231567,-1.635676622390747,0.013019785284996033,0.01755606383085251,0.11309856921434402
1835,-1.684779167175293,-1.689960241317749,0.002235246356576681,0.0029457269702106714,0.11306443810462952
1836,-1.6067595481872559,-1.615172266960144,0.0026566586457192898,0.005755980033427477,0.11303025484085083
1837,-1.5765831470489502,-1.5822793245315552,0.0030347248539328575,0.0026614421512931585,0.11299612373113632
1838,-1.614089012145996,-1.6229312419891357,0.005150377284735441,0.003691967809572816,0.1129620224237442
1839,-1.685157060623169,-1.6895619630813599,0.002049635862931609,0.00235517299734056,0.11292798072099686
1840,-1.5367321968078613,-1.5483115911483765,0.00685747480019927,0.00472182035446167,0.11289390176534653
1841,-1.520903468132019,-1.5408295392990112,0.009960515424609184,0.009965522214770317,0.1128598302602768
1842,-1.5832008123397827,-1.5883867740631104,0.0026075798086822033,0.0025783847086131573,0.11282574385404587
1843,-1.6416895389556885,-1.652868390083313,0.004083578009158373,0.007095270324498415,0.11279164254665375
1844,-1.6476365327835083,-1.6568918228149414,0.004044389817863703,0.00521091790869832,0.1127576008439064
1845,-1.6560933589935303,-1.6696650981903076,0.006997369695454836,0.006574392318725586,0.11272357404232025
1846,-1.5930732488632202,-1.6004648208618164,0.003946429118514061,0.0034451205283403397,0.11268957704305649
1847,-1.6921159029006958,-1.7031928300857544,0.005130167119204998,0.005946805234998465,0.11265559494495392
1848,-1.7172092199325562,-1.7223472595214844,0.0027624221984297037,0.0023755813017487526,0.11262165009975433
1849,-1.6670877933502197,-1.6747355461120605,0.004136900417506695,0.0035108099691569805,0.11258772015571594
1850,-1.6480594873428345,-1.7221957445144653,0.036507997661828995,0.03762827813625336,0.11255379021167755
1851,-1.6737979650497437,-1.676349401473999,0.0009622467332519591,0.0015891650691628456,0.11251995712518692
1852,-1.683364987373352,-1.6960031986236572,0.005366907455027103,0.0072713070549070835,0.11248616129159927
1853,-1.6431084871292114,-1.6489813327789307,0.002773810178041458,0.0030990976374596357,0.11245237290859222
1854,-1.6479129791259766,-1.6656519174575806,0.01006869412958622,0.007670244202017784,0.11241865158081055
1855,-1.3689264059066772,-1.6051591634750366,0.1191747784614563,0.1170579046010971,0.11238496750593185
1856,-1.4660366773605347,-1.5025089979171753,0.022297464311122894,0.014174777083098888,0.11235123872756958
1857,-1.5759623050689697,-1.5946985483169556,0.011004169471561909,0.007732036057859659,0.11231754720211029
1858,-1.5828166007995605,-1.5984525680541992,0.008266232907772064,0.0073697553016245365,0.11228388547897339
1859,-1.6076135635375977,-1.6370508670806885,0.01829916425049305,0.011138081550598145,0.11225016415119171
1860,-1.4496419429779053,-1.4934886693954468,0.020586811006069183,0.023259880021214485,0.11221639066934586
1861,-1.705591082572937,-1.7135981321334839,0.004614656791090965,0.0033923627343028784,0.11218257993459702
1862,-1.5791698694229126,-1.590050458908081,0.005736654158681631,0.00514391902834177,0.11214877665042877
1863,-1.6627042293548584,-1.6774988174438477,0.00741990003734827,0.007374600041657686,0.11211495846509933
1864,-1.596193552017212,-1.6472893953323364,0.021243413910269737,0.029852408915758133,0.11208117753267288
1865,-1.7063746452331543,-1.7151873111724854,0.004768856801092625,0.004043838009238243,0.11204740405082703
1866,-1.4934048652648926,-1.5115253925323486,0.008561481721699238,0.009559055790305138,0.11201361566781998
1867,-1.6303502321243286,-1.6376291513442993,0.0036251868586987257,0.003653805237263441,0.11197986453771591
1868,-1.5673993825912476,-1.5852155685424805,0.00834108516573906,0.009475099854171276,0.11194604635238647
1869,-1.5106502771377563,-1.529141902923584,0.008739420212805271,0.00975212175399065,0.11191223561763763
1870,-1.5746229887008667,-1.5931140184402466,0.010548071935772896,0.007942970842123032,0.11187843233346939
1871,-1.676509141921997,-1.6974856853485107,0.010979478247463703,0.009997029788792133,0.11184464395046234
1872,-1.5261391401290894,-1.5403105020523071,0.007586900610476732,0.00658439751714468,0.11181088536977768
1873,-1.6054612398147583,-1.6149499416351318,0.004590871278196573,0.004897865932434797,0.11177711933851242
1874,-1.5220218896865845,-1.5478527545928955,0.011731275357306004,0.014099647291004658,0.11174338310956955
1875,-1.6521104574203491,-1.6595255136489868,0.0035433743614703417,0.003871684893965721,0.11170968413352966
1876,-1.4846012592315674,-1.7137296199798584,0.11283718794584274,0.11629116535186768,0.11167602986097336
1877,-1.665143370628357,-1.6698657274246216,0.002622255589812994,0.002100091427564621,0.11164235323667526
1878,-1.2386081218719482,-1.4611468315124512,0.11195071786642075,0.11058801412582397,0.11160866171121597
1879,-1.605678677558899,-1.613530158996582,0.0027629316318780184,0.005088575184345245,0.11157499998807907
1880,-1.5076744556427002,-1.5343750715255737,0.011539354920387268,0.015161256305873394,0.11154135316610336
1881,-1.5903346538543701,-1.603257417678833,0.005924793425947428,0.006997956894338131,0.11150769144296646
1882,-1.5228686332702637,-1.595473051071167,0.036043085157871246,0.03656141832470894,0.11147404462099075
1883,-1.6165536642074585,-1.6221026182174683,0.0025156966876238585,0.0030332966707646847,0.11144039779901505
1884,-1.6785550117492676,-1.694129228591919,0.006199770141392946,0.00937444157898426,0.11140676587820053
1885,-1.7623486518859863,-1.7701895236968994,0.0031936627347022295,0.004647282883524895,0.11137314885854721
1886,-1.6532284021377563,-1.7157942056655884,0.03151426836848259,0.03105153888463974,0.1113395094871521
1887,-1.5674976110458374,-1.5789129734039307,0.006112875882536173,0.005302429664880037,0.11130592972040176
1888,-1.5973117351531982,-1.61412513256073,0.007677403278648853,0.009136021137237549,0.11127239465713501
1889,-1.6085699796676636,-1.7004024982452393,0.048317886888980865,0.04351457208395004,0.11123889684677124
1890,-1.668418049812317,-1.684332251548767,0.007464855443686247,0.0084493113681674,0.11120539903640747
1891,-1.5979650020599365,-1.6038413047790527,0.002803390845656395,0.003072897670790553,0.11117194592952728
1892,-1.6420667171478271,-1.654194712638855,0.006871223449707031,0.005256831180304289,0.11113853007555008
1893,-1.4998420476913452,-1.5147769451141357,0.005690267775207758,0.009244629181921482,0.11110512167215347
1894,-1.5293172597885132,-1.5541341304779053,0.010506734251976013,0.014310169965028763,0.11107172071933746
1895,-1.6952508687973022,-1.7065836191177368,0.0049974615685641766,0.006335248239338398,0.11103841662406921
1896,-1.592799186706543,-1.5991325378417969,0.0026756925508379936,0.0036576457787305117,0.11100495606660843
1897,-1.6543480157852173,-1.6856791973114014,0.015393606387078762,0.01593761332333088,0.11097153276205063
1898,-1.7481498718261719,-1.7610722780227661,0.006451618392020464,0.00647074356675148,0.11093809455633163
1899,-1.6708039045333862,-1.6741468906402588,0.002257616026327014,0.0010853459825739264,0.11090467125177383
1900,-1.6902049779891968,-1.697890281677246,0.004453243687748909,0.003231943817809224,0.11087125539779663
1901,-1.6690571308135986,-1.7336961030960083,0.03347690403461456,0.031162040308117867,0.1108378991484642
1902,-1.7051899433135986,-1.7244595289230347,0.009781906381249428,0.009487609378993511,0.11080452799797058
1903,-1.703900933265686,-1.7165027856826782,0.0063530453480780125,0.006248869933187962,0.11077116429805756
1904,-1.5886707305908203,-1.6054325103759766,0.008052090182900429,0.008709663525223732,0.1107378676533699
1905,-1.57277512550354,-1.5812273025512695,0.004738515242934227,0.0037136049941182137,0.11070450395345688
1906,-1.5995349884033203,-1.6097750663757324,0.004162927623838186,0.006077196914702654,0.11067106574773788
1907,-1.4840167760849,-1.5078339576721191,0.012207387015223503,0.011609738692641258,0.1106376126408577
1908,-1.5082857608795166,-1.5911455154418945,0.04113221913576126,0.04172750934958458,0.1106041967868805
1909,-1.7167348861694336,-1.7274583578109741,0.004684560000896454,0.006038905121386051,0.11057060956954956
1910,-0.5637794733047485,-1.606748104095459,0.5153210759162903,0.5276476144790649,0.11053702980279922
1911,-1.7206414937973022,-1.7263572216033936,0.0026023616082966328,0.003113399725407362,0.11050347983837128
1912,-1.795501947402954,-1.8110735416412354,0.008175616152584553,0.007396000437438488,0.11046995222568512
1913,-1.7393620014190674,-1.760062575340271,0.010492154397070408,0.01020840834826231,0.11043647676706314
1914,-1.7254767417907715,-1.7388731241226196,0.006620210129767656,0.006776259280741215,0.11040299385786057
1915,-1.564024567604065,-1.5972036123275757,0.014868544414639473,0.01831049658358097,0.1103694885969162
1916,-1.5916354656219482,-1.6064759492874146,0.007441501598805189,0.007398973684757948,0.110336072742939
1917,-1.6620516777038574,-1.669586420059204,0.004841900896281004,0.002692792797461152,0.1103026419878006
1918,-1.5698816776275635,-1.6095659732818604,0.0205044187605381,0.019179806113243103,0.11026924848556519
1919,-1.5609314441680908,-1.6005191802978516,0.020932570099830627,0.018655145540833473,0.11023594439029694
1920,-1.5680007934570312,-1.6006739139556885,0.015412851236760616,0.017260268330574036,0.11020265519618988
1921,-1.604986548423767,-1.6255265474319458,0.009337671101093292,0.011202381923794746,0.11016939580440521
1922,-1.6374274492263794,-1.6528167724609375,0.006088154390454292,0.009301143698394299,0.11013617366552353
1923,-1.609107255935669,-1.6879174709320068,0.03785061463713646,0.040959592908620834,0.11010298877954483
1924,-1.7232227325439453,-1.7292582988739014,0.0035122912377119064,0.0025233421474695206,0.11006981134414673
1925,-1.7866579294204712,-1.7953903675079346,0.004695119336247444,0.0040372866205871105,0.11003661900758743
1926,-1.4704957008361816,-1.5253303050994873,0.020099062472581863,0.03473559767007828,0.11000346392393112
1927,-1.5032459497451782,-1.5633593797683716,0.03149465098977089,0.028618859127163887,0.1099703460931778
1928,-1.560621976852417,-1.5755820274353027,0.007237056270241737,0.007723028771579266,0.10993723571300507
1929,-1.531746506690979,-1.5453189611434937,0.0075266920030117035,0.006045854650437832,0.10990418493747711
1930,-1.601822018623352,-1.6166858673095703,0.00819936953485012,0.006664511747658253,0.10987114906311035
1931,-1.5787774324417114,-1.6024374961853027,0.009736997075378895,0.0139230415225029,0.10983812063932419
1932,-1.5612868070602417,-1.6037516593933105,0.01751404069364071,0.02495080977678299,0.10980507731437683
1933,-1.604164481163025,-1.6488145589828491,0.018842454999685287,0.025807661935687065,0.10977204144001007
1934,-1.7133049964904785,-1.726630687713623,0.0063453842885792255,0.006980307400226593,0.1097390204668045
1935,-1.608573079109192,-1.615885853767395,0.0031377035193145275,0.004175037145614624,0.1097060814499855
1936,-1.765583872795105,-1.7743463516235352,0.003329609055072069,0.00543281901627779,0.1096731573343277
1937,-1.7405753135681152,-1.7504420280456543,0.005087718833237886,0.004778954200446606,0.1096402183175087
1938,-1.6045089960098267,-1.6536375284194946,0.023714333772659302,0.025414180010557175,0.1096072867512703
1939,-1.6280245780944824,-1.6708405017852783,0.02029290236532688,0.022523002699017525,0.1095743402838707
1940,-1.6274853944778442,-1.6336623430252075,0.0041244737803936005,0.0020524756982922554,0.10954134911298752
1941,-1.7442413568496704,-1.7506636381149292,0.002908754860982299,0.0035136151127517223,0.10950836539268494
1942,-1.6547129154205322,-1.661546230316162,0.003048140788450837,0.003785098670050502,0.10947542637586594
1943,-1.652037262916565,-1.6607515811920166,0.004578854888677597,0.004135455470532179,0.10944246500730515
1944,-1.4851455688476562,-1.5378527641296387,0.02505214512348175,0.02765505015850067,0.10940948873758316
1945,-1.6665889024734497,-1.6733856201171875,0.0027206004597246647,0.004076151177287102,0.10937651991844177
1946,-1.604207158088684,-1.6115179061889648,0.0028534778393805027,0.004457182250916958,0.10934343189001083
1947,-1.6223506927490234,-1.6300442218780518,0.003723538015037775,0.00396997993811965,0.1093103289604187
1948,-1.7155081033706665,-1.7245807647705078,0.003960821311920881,0.005111852660775185,0.10927718132734299
1949,-1.7615160942077637,-1.7688153982162476,0.004254302941262722,0.0030449358746409416,0.10924412310123444
1950,-1.7439144849777222,-1.752911925315857,0.0040122345089912415,0.004985240288078785,0.10921107977628708
1951,-1.7633453607559204,-1.7754279375076294,0.005479682236909866,0.006602912209928036,0.10917804390192032
1952,-1.7117971181869507,-1.721930980682373,0.004660610109567642,0.005473299417644739,0.10914501547813416
1953,-1.455411672592163,-1.4792929887771606,0.013518170453608036,0.010363052599132061,0.10911204665899277
1954,-1.7476248741149902,-1.7529711723327637,0.0026182979345321655,0.002727970015257597,0.10907917469739914
1955,-1.571539044380188,-1.586028814315796,0.008290639147162437,0.006199076306074858,0.1090463325381279
1956,-1.6490005254745483,-1.6560206413269043,0.002535183448344469,0.004484893288463354,0.10901357978582382
1957,-1.6994831562042236,-1.7061470746994019,0.003663810668513179,0.0030001860577613115,0.10898080468177795
1958,-1.5936120748519897,-1.6192848682403564,0.009574847295880318,0.01609787344932556,0.10894809663295746
1959,-1.6634773015975952,-1.6741691827774048,0.004854036960750818,0.0058378251269459724,0.10891542583703995
1960,-1.760345697402954,-1.7670867443084717,0.004049249459058046,0.002691768342629075,0.10888276249170303
1961,-1.7882169485092163,-1.7996878623962402,0.004708287306129932,0.006762636825442314,0.10885006189346313
1962,-1.7937285900115967,-1.797245979309082,0.0015781987458467484,0.0019392017275094986,0.10881736874580383
1963,-1.5977391004562378,-1.6143416166305542,0.009193400852382183,0.007409118115901947,0.10878468304872513
1964,-1.408719778060913,-1.612499713897705,0.10143543034791946,0.10234446078538895,0.10875193029642105
1965,-1.4324541091918945,-1.4455610513687134,0.00682584336027503,0.006281094625592232,0.10871913284063339
1966,-1.5847668647766113,-1.5998669862747192,0.006659874226897955,0.008440314792096615,0.10868638008832932
1967,-1.6916708946228027,-1.6992554664611816,0.004221283830702305,0.003363307798281312,0.10865365713834763
1968,-1.6416882276535034,-1.6576073169708252,0.0069330912083387375,0.008985956199467182,0.10862096399068832
1969,-1.6874130964279175,-1.7029902935028076,0.00733930105343461,0.008237810805439949,0.10858828574419022
1970,-1.5792104005813599,-1.6250412464141846,0.02317892201244831,0.022651933133602142,0.1085556223988533
1971,-1.6918717622756958,-1.696104884147644,0.001678977394476533,0.0025542243383824825,0.10852296650409698
1972,-1.6992905139923096,-1.7041466236114502,0.0030256255995482206,0.0018304554978385568,0.10849037021398544
1973,-1.636600136756897,-1.7198140621185303,0.03910483047366142,0.04410910606384277,0.10845775157213211
1974,-1.5889540910720825,-1.5953876972198486,0.0036512550432235003,0.002782347146421671,0.10842515528202057
1975,-1.5113437175750732,-1.5358867645263672,0.008688312955200672,0.01585473120212555,0.10839250683784485
1976,-1.7242963314056396,-1.7310259342193604,0.0033602332696318626,0.003369278274476528,0.1083599254488945
1977,-1.6977537870407104,-1.7124767303466797,0.005457212217152119,0.009265796281397343,0.10832738131284714
1978,-1.6836227178573608,-1.6901824474334717,0.003402301575988531,0.0031574193853884935,0.10829486697912216
1979,-1.5804028511047363,-1.5943704843521118,0.005581188481301069,0.00838649831712246,0.10826233774423599
1980,-1.640810251235962,-1.6570740938186646,0.007301395293325186,0.008962404914200306,0.10822984576225281
1981,-1.7064186334609985,-1.7106870412826538,0.0022743328008800745,0.0019941595382988453,0.10819736123085022
1982,-1.6620630025863647,-1.6723158359527588,0.0032374579459428787,0.007015376351773739,0.10816489160060883
1983,-1.5646954774856567,-1.5879273414611816,0.007861724123358727,0.015370112843811512,0.10813239961862564
1984,-1.6140508651733398,-1.6459935903549194,0.016054177656769753,0.015888523310422897,0.10809992253780365
1985,-1.7347136735916138,-1.7757115364074707,0.018826568499207497,0.022171251475811005,0.10806743055582047
1986,-1.6262680292129517,-1.630595326423645,0.001868876744993031,0.002458448288962245,0.10803494602441788
1987,-1.7447091341018677,-1.753576636314392,0.005083322990685701,0.0037841598968952894,0.10800241678953171
1988,-1.5550460815429688,-1.5771905183792114,0.008073282428085804,0.014071068726480007,0.10796995460987091
1989,-1.6426301002502441,-1.6544227600097656,0.005297716706991196,0.006494989152997732,0.10793747007846832
1990,-1.597751259803772,-1.6222286224365234,0.011511288583278656,0.012966025620698929,0.10790497064590454
1991,-1.7305998802185059,-1.7381664514541626,0.0028559123165905476,0.004710656590759754,0.10787248611450195
1992,-1.5203461647033691,-1.5523583889007568,0.019342957064509392,0.012669304385781288,0.10784000903367996
1993,-1.66851007938385,-1.6828594207763672,0.005550818983465433,0.008798466064035892,0.10780761390924454
1994,-1.5901830196380615,-1.608649492263794,0.00897336658090353,0.009493122808635235,0.10777518153190613
1995,-1.713925838470459,-1.7221624851226807,0.0041119856759905815,0.0041245827451348305,0.10774275660514832
1996,-1.7188212871551514,-1.7251547574996948,0.002920537954196334,0.0034129905980080366,0.10771029442548752
1997,-1.6182235479354858,-1.625556230545044,0.003992767073214054,0.0033399099484086037,0.10767783969640732
1998,-1.7109107971191406,-1.7171837091445923,0.0032979787793010473,0.0029750445391982794,0.10764539241790771
1999,-1.6799609661102295,-1.6897611618041992,0.003580845892429352,0.00621941639110446,0.10761293768882751
2000,-1.5411041975021362,-1.5511517524719238,0.0058497535064816475,0.00419788109138608,0.10758048295974731
2001,-1.7217777967453003,-1.727656364440918,0.0030665197409689426,0.002812059596180916,0.10754799097776413
2002,-1.7191418409347534,-1.7292550802230835,0.005345179233700037,0.00476802745833993,0.10751550644636154
2003,-1.616109848022461,-1.6290664672851562,0.004940374754369259,0.00801620539277792,0.10748311132192612
2004,-1.6320711374282837,-1.6465742588043213,0.006009087897837162,0.008494032546877861,0.10745072364807129
2005,-1.5875004529953003,-1.5989158153533936,0.004981885198503733,0.006433538161218166,0.10741835087537766
2006,-1.6332778930664062,-1.641652226448059,0.004847697447985411,0.0035266303457319736,0.10738600790500641
2007,-1.5550411939620972,-1.5769312381744385,0.00919060967862606,0.012699541635811329,0.10735372453927994
2008,-1.6168830394744873,-1.7047768831253052,0.0408116951584816,0.047082189470529556,0.10732143372297287
2009,-1.7245404720306396,-1.7318706512451172,0.003375483676791191,0.00395464152097702,0.10728909075260162
2010,-1.6978507041931152,-1.7083851099014282,0.005537528544664383,0.0049969470128417015,0.10725674033164978
2011,-1.787475347518921,-1.7954726219177246,0.004462909419089556,0.003534293733537197,0.10722441971302032
2012,-1.6737858057022095,-1.6994980573654175,0.009982788003981113,0.015729399397969246,0.10719211399555206
2013,-1.6693670749664307,-1.683930516242981,0.005517732352018356,0.009045707993209362,0.10715983808040619
2014,-1.5972093343734741,-1.6311709880828857,0.014179231598973274,0.019782373681664467,0.10712762922048569
2015,-1.7418110370635986,-1.7489182949066162,0.003916190005838871,0.003191168885678053,0.10709550231695175
2016,-1.6855173110961914,-1.6938186883926392,0.004335334058851004,0.003966095857322216,0.10706333816051483
2017,-1.6565390825271606,-1.6681026220321655,0.004977277480065823,0.006586349569261074,0.10703117400407791
2018,-1.659916639328003,-1.6742174625396729,0.006982697173953056,0.007318183314055204,0.10699903219938278
2019,-1.6255955696105957,-1.637892484664917,0.005964822135865688,0.006332050543278456,0.10696686804294586
2020,-1.560996651649475,-1.5706751346588135,0.004730700980871916,0.00494777737185359,0.10693471133708954
2021,-1.7214651107788086,-1.7426756620407104,0.009228331968188286,0.011982237920165062,0.1069025918841362
2022,-1.6744129657745361,-1.694601058959961,0.008295087143778801,0.011893074959516525,0.10687050968408585
2023,-1.7628847360610962,-1.7705888748168945,0.003462332533672452,0.004241800867021084,0.10683843493461609
2024,-1.7909603118896484,-1.8078001737594604,0.00933279749006033,0.0075070527382195,0.10680631548166275
2025,-1.5928484201431274,-1.6030638217926025,0.0034193277824670076,0.006796177942305803,0.1067742109298706
2026,-1.743646502494812,-1.751097559928894,0.0036281936336308718,0.003822889644652605,0.10674209147691727
2027,-1.5842097997665405,-1.656389832496643,0.034659627825021744,0.03752043470740318,0.10670997947454453
2028,-1.6924467086791992,-1.7066888809204102,0.005184965208172798,0.009057199582457542,0.10667789727449417
2029,-1.538102626800537,-1.5458827018737793,0.002681212965399027,0.005098785273730755,0.10664582997560501
2030,-1.6738868951797485,-1.6960985660552979,0.010334646329283714,0.011877058073878288,0.10661372542381287
2031,-1.7314733266830444,-1.7359545230865479,0.0023541757836937904,0.0021270127035677433,0.10658165067434311
2032,-1.7237833738327026,-1.7353589534759521,0.004504968412220478,0.007070684805512428,0.10654956102371216
2033,-1.6532115936279297,-1.67365300655365,0.007485717535018921,0.012955683283507824,0.10651745647192001
2034,-1.540427565574646,-1.5574676990509033,0.0076672835275530815,0.009372811764478683,0.10648533701896667
2035,-1.7456690073013306,-1.7511389255523682,0.00250444863922894,0.0029654218815267086,0.10645322501659393
2036,-1.7348270416259766,-1.7430790662765503,0.004248829558491707,0.004003225825726986,0.10642115026712418
2037,-1.7413936853408813,-1.7525553703308105,0.004754607565701008,0.006407061126083136,0.10638908296823502
2038,-1.6327977180480957,-1.6422059535980225,0.0030748082790523767,0.006333472672849894,0.10635707527399063
2039,-1.6850064992904663,-1.7058643102645874,0.010150154121220112,0.010707666166126728,0.10632510483264923
2040,-1.5674750804901123,-1.578441858291626,0.003069200087338686,0.007897593080997467,0.10629308968782425
2041,-1.8109993934631348,-1.820849895477295,0.004776881076395512,0.005073681939393282,0.10626114159822464
2042,-1.6825454235076904,-1.6982237100601196,0.006009871140122414,0.00966846477240324,0.10622920095920563
2043,-1.6467628479003906,-1.6552846431732178,0.003849926171824336,0.004671752452850342,0.106197290122509
2044,-1.8626534938812256,-1.8653470277786255,0.0013850053073838353,0.0013085940154269338,0.10616537183523178
2045,-1.76010262966156,-1.7664852142333984,0.0027367083821445704,0.003645924385637045,0.10613343119621277
2046,-1.5897104740142822,-1.5968091487884521,0.003603036282584071,0.0034957181196659803,0.10610149800777435
2047,-1.5981565713882446,-1.605188012123108,0.0028707371093332767,0.004160773009061813,0.10606952756643295
2048,-1.7303929328918457,-1.7384332418441772,0.003467298112809658,0.0045729465782642365,0.10603754222393036
2049,-1.5609912872314453,-1.5680071115493774,0.003853595582768321,0.003162261564284563,0.10600559413433075
2050,-1.7191241979599,-1.7246707677841187,0.0024980795569717884,0.003048582933843136,0.10597370564937592
2051,-1.7933578491210938,-1.798454761505127,0.002937615616247058,0.002159189898520708,0.10594179481267929
2052,-1.698908805847168,-1.7054401636123657,0.0029348593670874834,0.003596540307626128,0.10590995103120804
2053,-1.7160643339157104,-1.7375329732894897,0.009815593250095844,0.011653007939457893,0.1058780625462532
2054,-1.6741595268249512,-1.6827095746994019,0.004450760316103697,0.004099286627024412,0.10584615916013718
2055,-1.7438836097717285,-1.750808596611023,0.003562668804079294,0.0033623361960053444,0.10581429302692413
2056,-1.7490286827087402,-1.7586997747421265,0.005880990065634251,0.0037901890464127064,0.10578248649835587
2057,-1.6849745512008667,-1.704845905303955,0.010161057114601135,0.009710362181067467,0.10575070977210999
2058,-1.7314300537109375,-1.7406048774719238,0.003698603017255664,0.005476250313222408,0.1057189479470253
2059,-1.7218518257141113,-1.738325834274292,0.007511436007916927,0.008962588384747505,0.1056872233748436
2060,-1.504238247871399,-1.5321400165557861,0.012535193003714085,0.015366611070930958,0.1056554988026619
2061,-1.678269863128662,-1.6859409809112549,0.0036146962083876133,0.004056475590914488,0.10562378913164139
2062,-1.840030312538147,-1.8444621562957764,0.001888104248791933,0.002543630078434944,0.10559209436178207
2063,-1.764968991279602,-1.8291553258895874,0.03274628520011902,0.031440019607543945,0.10556042194366455
2064,-1.7910913228988647,-1.7945342063903809,0.0012137963203713298,0.002229133853688836,0.10552874207496643
2065,-1.6909334659576416,-1.6984505653381348,0.003147451439872384,0.004369585774838924,0.1054970994591713
2066,-1.7596675157546997,-1.7689192295074463,0.003964210860431194,0.005287521984428167,0.10546546429395676
2067,-1.69214928150177,-1.6989353895187378,0.003055018838495016,0.0037311813794076443,0.10543378442525864
2068,-1.7587074041366577,-1.7655452489852905,0.0026224995963275433,0.0042153638787567616,0.10540201514959335
2069,-1.4955638647079468,-1.7038025856018066,0.10398928076028824,0.1042494922876358,0.10537025332450867
2070,-1.705625295639038,-1.7137951850891113,0.0035143739078193903,0.004655506927520037,0.10533855855464935
2071,-1.7195340394973755,-1.7274812459945679,0.0033658300526440144,0.004581363871693611,0.10530684143304825
2072,-1.77691650390625,-1.7857927083969116,0.004236190114170313,0.004640030674636364,0.10527510941028595
2073,-1.592526912689209,-1.5985482931137085,0.0028619016520678997,0.0031595174223184586,0.10524341464042664
2074,-1.6719077825546265,-1.6826000213623047,0.0058984109200537205,0.004793913569301367,0.10521172732114792
2075,-1.7309961318969727,-1.7417945861816406,0.00656183110550046,0.004236578941345215,0.10518009960651398
2076,-1.7165626287460327,-1.742293357849121,0.012281263247132301,0.013449471443891525,0.10514843463897705
2077,-1.7042512893676758,-1.716760277748108,0.005260766949504614,0.0072481147944927216,0.10511679947376251
2078,-1.8699584007263184,-1.8734068870544434,0.0018363377312198281,0.0016122073866426945,0.10508514940738678
2079,-1.7778760194778442,-1.7842751741409302,0.0035895034670829773,0.002809627912938595,0.10505349189043045
2080,-1.7183082103729248,-1.725864052772522,0.004275130573660135,0.0032807374373078346,0.10502183437347412
2081,-1.7680612802505493,-1.7788972854614258,0.004677607212215662,0.006158309988677502,0.10499019175767899
2082,-1.7789109945297241,-1.7845526933670044,0.0024555842392146587,0.0031861080788075924,0.10495855659246445
2083,-1.7261583805084229,-1.7356479167938232,0.00486744474619627,0.004622119013220072,0.1049269288778305
2084,-1.7916597127914429,-1.7979810237884521,0.002992434659972787,0.003328934544697404,0.10489526391029358
2085,-1.8201570510864258,-1.8303437232971191,0.004612738266587257,0.005573951173573732,0.10486358404159546
2086,-1.7449307441711426,-1.7556360960006714,0.004332993179559708,0.0063723428174853325,0.10483191162347794
2087,-1.752064824104309,-1.7660164833068848,0.006516175344586372,0.007435427978634834,0.10480024665594101
2088,-1.7041730880737305,-1.71066415309906,0.0032201313879340887,0.0032710235100239515,0.10476856678724289
2089,-1.7757899761199951,-1.7829526662826538,0.0028819097205996513,0.004280801862478256,0.10473690181970596
2090,-1.5265580415725708,-1.5355063676834106,0.004375707358121872,0.004572573117911816,0.10470521450042725
2091,-1.6946468353271484,-1.6989409923553467,0.002098344499245286,0.0021957934368401766,0.10467354208230972
2092,-1.7278764247894287,-1.7379460334777832,0.004721898585557938,0.005347711034119129,0.10464189946651459
2093,-1.8712388277053833,-1.8780604600906372,0.0033122762106359005,0.003509405069053173,0.10461027175188065
2094,-1.4900692701339722,-1.7079699039459229,0.10822274535894394,0.10967785865068436,0.10457857698202133
2095,-1.6531915664672852,-1.663496732711792,0.004869204014539719,0.005435902159661055,0.10454696416854858
2096,-1.6612045764923096,-1.6704833507537842,0.003951059654355049,0.005327691789716482,0.10451541841030121
2097,-1.6977884769439697,-1.7186124324798584,0.011005799286067486,0.00981816090643406,0.10448392480611801
2098,-1.5304830074310303,-1.543743371963501,0.006169043015688658,0.007091234438121319,0.10445241630077362
2099,-1.6428555250167847,-1.6578471660614014,0.006013707257807255,0.008977854624390602,0.1044209897518158
2100,-1.5926799774169922,-1.6038219928741455,0.005572971887886524,0.005569071508944035,0.10438957810401917
2101,-1.751421332359314,-1.7584437131881714,0.0032456363551318645,0.003776736091822386,0.10435815155506134
2102,-1.753705382347107,-1.763335108757019,0.0046872589737176895,0.004942362662404776,0.10432662814855576
2103,-1.7860223054885864,-1.7982003688812256,0.003351824823766947,0.008826276287436485,0.10429514199495316
2104,-1.831256628036499,-1.836729884147644,0.0016537016490474343,0.0038196088280528784,0.10426364094018936
2105,-1.6666620969772339,-1.6762930154800415,0.005100622773170471,0.0045303646475076675,0.10423212498426437
2106,-1.8656566143035889,-1.8684593439102173,0.001521595986559987,0.001281107310205698,0.10420069843530655
2107,-1.677497148513794,-1.6865737438201904,0.004905893001705408,0.004170605447143316,0.1041693240404129
2108,-1.7308356761932373,-1.737464427947998,0.003416652325540781,0.003212141804397106,0.10413793474435806
2109,-1.5682603120803833,-1.6443382501602173,0.037761326879262924,0.03831661120057106,0.10410658270120621
2110,-1.6907821893692017,-1.7251455783843994,0.021742086857557297,0.012621299363672733,0.10407518595457077
2111,-1.7512593269348145,-1.7664854526519775,0.007553106639534235,0.007673030253499746,0.1040438562631607
2112,-1.7803256511688232,-1.792773723602295,0.005224652122706175,0.0072233667597174644,0.10401252657175064
2113,-1.660003662109375,-1.6673129796981812,0.004399504046887159,0.0029098244849592447,0.10398116707801819
2114,-1.7510571479797363,-1.7979767322540283,0.026722632348537445,0.020196886733174324,0.10394982993602753
2115,-1.658772587776184,-1.6668281555175781,0.003654894884675741,0.004400690086185932,0.10391846299171448
2116,-1.788403034210205,-1.7980077266693115,0.004829930607229471,0.004774758592247963,0.10388712584972382
2117,-1.861555814743042,-1.8660063743591309,0.002440186683088541,0.002010300988331437,0.10385579615831375
2118,-1.7945404052734375,-1.801438808441162,0.0047909850254654884,0.002107439562678337,0.10382450371980667
2119,-1.8289039134979248,-1.8402373790740967,0.004634184297174215,0.006699367426335812,0.10379327088594437
2120,-1.6941159963607788,-1.703019618988037,0.004437006078660488,0.0044666314497590065,0.10376209020614624
2121,-1.7319581508636475,-1.7492334842681885,0.009824062697589397,0.007451254408806562,0.10373092442750931
2122,-1.5528676509857178,-1.5992827415466309,0.025335190817713737,0.02107994817197323,0.10369977355003357
2123,-1.7535094022750854,-1.7620015144348145,0.004490838386118412,0.00400127936154604,0.1036686971783638
2124,-1.7415951490402222,-1.7467501163482666,0.0018791597103700042,0.0032757355365902185,0.10363758355379105
2125,-1.722843885421753,-1.7363150119781494,0.00817487295717001,0.0052962834015488625,0.10360647737979889
2126,-1.455419659614563,-1.488101840019226,0.017740929499268532,0.014941190369427204,0.10357535630464554
2127,-1.7092591524124146,-1.7157833576202393,0.0037206062115728855,0.0028035060968250036,0.10354422777891159
2128,-1.8639576435089111,-1.8669042587280273,0.0012618780601769686,0.001684748218394816,0.10351302474737167
2129,-1.7249557971954346,-1.7312679290771484,0.004143057856708765,0.0021691909059882164,0.10348183661699295
2130,-1.7606253623962402,-1.768416404724121,0.004592560697346926,0.00319848395884037,0.10345065593719482
2131,-1.70877206325531,-1.7149863243103027,0.00309734046459198,0.003117020707577467,0.10341950505971909
2132,-1.8378686904907227,-1.8446329832077026,0.0034724834840744734,0.00329183810390532,0.10338844358921051
2133,-1.6474676132202148,-1.6563212871551514,0.00422156136482954,0.004632135387510061,0.10335738956928253
2134,-1.616997480392456,-1.6257741451263428,0.004450095817446709,0.00432660011574626,0.10332634299993515
2135,-1.539785385131836,-1.597534418106079,0.032299306243658066,0.02544969879090786,0.10329533368349075
2136,-1.739229679107666,-1.7657709121704102,0.013038212433457375,0.013503114692866802,0.10326436161994934
2137,-1.7480310201644897,-1.7529349327087402,0.0028828561771661043,0.0020211159717291594,0.10323338955640793
2138,-1.7811297178268433,-1.7878899574279785,0.003511834889650345,0.0032484622206538916,0.10320226103067398
2139,-1.8005824089050293,-1.8036781549453735,0.001207732711918652,0.0018879915587604046,0.1031712144613266
2140,-1.6116359233856201,-1.679763913154602,0.03621981665492058,0.03190821409225464,0.10314012318849564
2141,-1.7068403959274292,-1.7120184898376465,0.0024529246147722006,0.002725094323977828,0.10310902446508408
2142,-1.7645317316055298,-1.7688322067260742,0.0021752407774329185,0.0021253086160868406,0.1030779555439949
2143,-1.7772654294967651,-1.7847756147384644,0.004331509582698345,0.003178734565153718,0.10304689407348633
2144,-1.8061286211013794,-1.8129645586013794,0.002628655405715108,0.004207287915050983,0.10301582515239716
2145,-1.6925320625305176,-1.7002049684524536,0.004483784548938274,0.0031891351100057364,0.10298475623130798
2146,-1.6997629404067993,-1.7113903760910034,0.004715865012258291,0.006911524571478367,0.10295375436544418
2147,-1.644763708114624,-1.7172502279281616,0.03925386816263199,0.03323272988200188,0.10292273014783859
2148,-1.781729817390442,-1.7875871658325195,0.0034157540649175644,0.0024416018277406693,0.1028917208313942
2149,-1.846575140953064,-1.8513870239257812,0.002611500909551978,0.0022003715857863426,0.10286074131727219
2150,-1.8118793964385986,-1.8187472820281982,0.003417995059862733,0.0034499389585107565,0.10282974690198898
2151,-1.8374862670898438,-1.8489959239959717,0.004975680261850357,0.006534030195325613,0.10279873758554459
2152,-1.7933186292648315,-1.7992336750030518,0.0034316435921937227,0.0024834172800183296,0.10276773571968079
2153,-1.5820719003677368,-1.6946022510528564,0.056442439556121826,0.056087836623191833,0.10273674875497818
2154,-1.6676386594772339,-1.68126380443573,0.0069710202515125275,0.006654087454080582,0.10270579159259796
2155,-1.7650483846664429,-1.7891443967819214,0.014023231342434883,0.010072867386043072,0.10267484188079834
2156,-1.6896263360977173,-1.7190803289413452,0.01563376933336258,0.013820227235555649,0.10264390707015991
2157,-1.7283238172531128,-1.7453556060791016,0.008264441974461079,0.00876731239259243,0.10261302441358566
2158,-1.768937587738037,-1.7817336320877075,0.004988149739801884,0.0078078522346913815,0.10258215665817261
2159,-1.6324479579925537,-1.822680950164795,0.09509729593992233,0.09513568878173828,0.10255124419927597
2160,-1.7503515481948853,-1.7628182172775269,0.005935953464359045,0.0065307412296533585,0.10252030193805695
2161,-1.6485481262207031,-1.678104281425476,0.015028909780085087,0.014527189545333385,0.10248935967683792
2162,-1.6360524892807007,-1.6620793342590332,0.012872056104242802,0.0131547711789608,0.10245845466852188
2163,-1.5996049642562866,-1.625224232673645,0.013693638145923615,0.01192556507885456,0.10242757946252823
2164,-1.683232307434082,-1.7124018669128418,0.01436417456716299,0.014805484563112259,0.10239679366350174
2165,-1.6058109998703003,-1.6747326850891113,0.03523814305663109,0.033683571964502335,0.10236603766679764
2166,-1.7337939739227295,-1.7463935613632202,0.0063598183915019035,0.006239819340407848,0.10233528912067413
2167,-1.7884477376937866,-1.8088020086288452,0.008509472943842411,0.011844802647829056,0.10230447351932526
2168,-1.7901877164840698,-1.8132109642028809,0.012052049860358238,0.010971156880259514,0.1022735983133316
2169,-1.8342273235321045,-1.8421611785888672,0.00426877848803997,0.0036650707479566336,0.10224273800849915
2170,-1.7955342531204224,-1.8020756244659424,0.0035092358011752367,0.003032062901183963,0.10221190750598907
2171,-1.8367735147476196,-1.8485538959503174,0.005530266091227531,0.006250090431421995,0.10218112915754318
2172,-1.7951264381408691,-1.814900517463684,0.009926480241119862,0.009847652167081833,0.1021503433585167
2173,-1.601651668548584,-1.6765727996826172,0.037912655621767044,0.037008579820394516,0.1021195650100708
2174,-1.8553589582443237,-1.8652091026306152,0.004590926691889763,0.005259333178400993,0.10208883881568909
2175,-1.6780413389205933,-1.7001924514770508,0.012920472770929337,0.00923064537346363,0.10205810517072678
2176,-1.4978787899017334,-1.5116910934448242,0.007637337315827608,0.006174893584102392,0.10202740132808685
2177,-1.707578182220459,-1.7211614847183228,0.006675274111330509,0.006908000446856022,0.10199668258428574
2178,-1.8239326477050781,-1.8336892127990723,0.004179354757070541,0.005577247589826584,0.10196597129106522
2179,-1.6088738441467285,-1.6872568130493164,0.03897655010223389,0.03940645977854729,0.10193534940481186
2180,-1.7406868934631348,-1.7503653764724731,0.005155147518962622,0.00452332803979516,0.10190468281507492
2181,-1.5669655799865723,-1.5832445621490479,0.008852232247591019,0.007426736876368523,0.10187404602766037
2182,-1.7879163026809692,-1.7980414628982544,0.005144933704286814,0.0049801780842244625,0.10184337943792343
2183,-1.7988288402557373,-1.808553695678711,0.0049559976905584335,0.004768804181367159,0.10181266814470291
2184,-1.7674616575241089,-1.7789182662963867,0.005574067123234272,0.005882464814931154,0.10178200900554657
2185,-1.757514476776123,-1.7772566080093384,0.009966550394892693,0.009775682352483273,0.10175136476755142
2186,-1.7785626649856567,-1.8023393154144287,0.013548364862799644,0.01022824365645647,0.10172068327665329
2187,-1.8630601167678833,-1.8700194358825684,0.004408065229654312,0.002551170764490962,0.10169003158807755
2188,-1.6758835315704346,-1.6853246688842773,0.0048193251714110374,0.00462191691622138,0.10165946930646896
2189,-1.7204068899154663,-1.7315517663955688,0.005654410924762487,0.005490389186888933,0.10162892937660217
2190,-1.8465505838394165,-1.853755235671997,0.004017220344394445,0.0031874654814600945,0.10159838199615479
2191,-1.7315497398376465,-1.7441461086273193,0.006446121260523796,0.00615027267485857,0.10156786441802979
2192,-1.701524019241333,-1.7105438709259033,0.003919243346899748,0.005100605543702841,0.10153738409280777
2193,-1.704099178314209,-1.7160241603851318,0.005042698699980974,0.006882315501570702,0.10150685906410217
2194,-1.6991993188858032,-1.7135865688323975,0.0073423851281404495,0.0070449477061629295,0.10147632658481598
2195,-1.7894387245178223,-1.7968764305114746,0.003044232726097107,0.004393516108393669,0.10144584625959396
2196,-1.6908729076385498,-1.7044376134872437,0.006256207823753357,0.007308458909392357,0.10141537338495255
2197,-1.6418691873550415,-1.6563173532485962,0.008335924707353115,0.006112269125878811,0.10138486325740814
2198,-1.834642767906189,-1.8437626361846924,0.004497492220252752,0.004622301552444696,0.10135431587696075
2199,-1.6527504920959473,-1.7235701084136963,0.03770888224244118,0.03311073035001755,0.10132379829883575
2200,-1.727516531944275,-1.7415478229522705,0.007656564004719257,0.006374751683324575,0.10129329562187195
2201,-1.8597960472106934,-1.86765718460083,0.003988482058048248,0.003872641595080495,0.10126277059316635
2202,-1.7699291706085205,-1.784548044204712,0.007316384464502335,0.007302559446543455,0.10123230516910553
2203,-1.6612634658813477,-1.6730432510375977,0.005507827270776033,0.0062719532288610935,0.10120189934968948
2204,-1.856011152267456,-1.8591432571411133,0.0013633852358907461,0.0017686752835288644,0.10117147862911224
2205,-1.656080722808838,-1.7588964700698853,0.04942934960126877,0.05338647589087486,0.1011410653591156
2206,-1.7704986333847046,-1.7904326915740967,0.009241166524589062,0.0106928376480937,0.10111068934202194
2207,-1.8157703876495361,-1.825170636177063,0.004918101243674755,0.004482191987335682,0.10108032077550888
2208,-1.6022919416427612,-1.619617223739624,0.007329728454351425,0.009995529428124428,0.10104993730783463
2209,-1.7097326517105103,-1.7677454948425293,0.0288846492767334,0.029128219932317734,0.10101956129074097
2210,-1.7568001747131348,-1.7728545665740967,0.00971965305507183,0.006334838457405567,0.10098914057016373
2211,-1.7727413177490234,-1.7914338111877441,0.00832422636449337,0.010368211194872856,0.10095876455307007
2212,-1.7237145900726318,-1.7338767051696777,0.004956644028425217,0.005205482244491577,0.10092838853597641
2213,-1.7160180807113647,-1.7246930599212646,0.0038146283477544785,0.004860399756580591,0.10089804977178574
2214,-1.7719085216522217,-1.7847837209701538,0.007777509279549122,0.00509770680218935,0.10086767375469208
2215,-1.6734871864318848,-1.6900784969329834,0.01033470593392849,0.006256584543734789,0.10083728283643723
2216,-1.742187738418579,-1.7554059028625488,0.007361043244600296,0.0058570802211761475,0.10080689936876297
2217,-1.814728021621704,-1.8248909711837769,0.004485780373215675,0.005677242763340473,0.10077652335166931
2218,-1.9023610353469849,-1.9083139896392822,0.0034170004073530436,0.002535967854782939,0.10074613243341446
2219,-1.8787156343460083,-1.8870223760604858,0.0036399508826434612,0.004666836932301521,0.1007157489657402
2220,-1.6093767881393433,-1.6180812120437622,0.004731923807412386,0.003972477279603481,0.10068535804748535
2221,-1.8694695234298706,-1.877112865447998,0.0036772270686924458,0.003966120537370443,0.10065494477748871
2222,-1.7237852811813354,-1.7313613891601562,0.005078916437923908,0.002497222274541855,0.10062464326620102
2223,-1.7609200477600098,-1.7678356170654297,0.003575438167899847,0.0033401052933186293,0.10059437155723572
2224,-1.5515038967132568,-1.5724314451217651,0.01179923489689827,0.009128272533416748,0.10056410729885101
2225,-1.874234914779663,-1.879504680633545,0.0022443889174610376,0.003025458427146077,0.1005338504910469
2226,-1.767006278038025,-1.78464674949646,0.008805048651993275,0.00883539579808712,0.10050370544195175
2227,-1.7068400382995605,-1.7190009355545044,0.005075847264379263,0.0070851086638867855,0.1004735678434372
2228,-1.6028634309768677,-1.6140447854995728,0.005096076056361198,0.0060853250324726105,0.10044338554143906
2229,-1.7914143800735474,-1.8010101318359375,0.004695961717516184,0.004899758845567703,0.10041321814060211
2230,-1.8375979661941528,-1.8552623987197876,0.008920164778828621,0.008744264021515846,0.10038305819034576
2231,-1.768352746963501,-1.777888298034668,0.004725361708551645,0.004810166545212269,0.10035288333892822
2232,-1.8347924947738647,-1.8393452167510986,0.00214930041693151,0.002403374295681715,0.10032273828983307
2233,-1.6602208614349365,-1.672250747680664,0.006999192293733358,0.005030692555010319,0.10029253363609314
2234,-1.8806803226470947,-1.8826569318771362,0.0012360563268885016,0.0007405115757137537,0.1002623587846756
2235,-1.6828227043151855,-1.699903130531311,0.00797878485172987,0.009101627394557,0.10023224353790283
2236,-1.8206998109817505,-1.8264515399932861,0.0023766725789755583,0.00337503245100379,0.10020216554403305
2237,-1.7518024444580078,-1.764372706413269,0.006956896744668484,0.005613351706415415,0.10017204284667969
2238,-1.6606379747390747,-1.697213053703308,0.01645800471305847,0.02011709287762642,0.10014200210571289
2239,-1.8117369413375854,-1.8195303678512573,0.003958237357437611,0.003835171228274703,0.1001119464635849
2240,-1.7719312906265259,-1.781579852104187,0.004268557298928499,0.005380020476877689,0.1000819057226181
2241,-1.8734039068222046,-1.8797364234924316,0.003576399991288781,0.002756063360720873,0.1000518649816513
2242,-1.6462570428848267,-1.655554175376892,0.004431515466421843,0.004865666385740042,0.1000218391418457
2243,-1.767755150794983,-1.7958791255950928,0.014353611506521702,0.01377036888152361,0.0999918207526207
2244,-1.8317211866378784,-1.8415400981903076,0.006084892898797989,0.0037340500857681036,0.09996175765991211
2245,-1.7956136465072632,-1.802886724472046,0.0029767374508082867,0.004296329338103533,0.09993168711662292
2246,-1.6959432363510132,-1.7037227153778076,0.003529882524162531,0.004249531775712967,0.0999016985297203
2247,-1.624732494354248,-1.6418880224227905,0.008008037693798542,0.00914749689400196,0.09987171739339828
2248,-1.8209792375564575,-1.8298554420471191,0.004399507772177458,0.004476722329854965,0.09984166920185089
2249,-1.6797449588775635,-1.6875518560409546,0.00312094297260046,0.004685959778726101,0.09981168061494827
2250,-1.8223450183868408,-1.8300435543060303,0.004800696391612291,0.0028978646732866764,0.09978172183036804
2251,-1.8608372211456299,-1.8672046661376953,0.002982961479574442,0.003384486073628068,0.099751777946949
2252,-1.846952199935913,-1.8525810241699219,0.0031917751766741276,0.0024369757156819105,0.09972184151411057
2253,-1.7219492197036743,-1.7377574443817139,0.008757086470723152,0.007051116321235895,0.09969193488359451
2254,-1.8262853622436523,-1.831235647201538,0.0020431210286915302,0.002907116897404194,0.09966203570365906
2255,-1.7694604396820068,-1.7780020236968994,0.004785268567502499,0.0037562360521405935,0.09963207691907883
2256,-1.7243990898132324,-1.735990047454834,0.006194412708282471,0.005396658089011908,0.09960213303565979
2257,-1.651759147644043,-1.6628025770187378,0.005636754911392927,0.00540667399764061,0.09957216680049896
2258,-1.729937195777893,-1.7548394203186035,0.011557254008948803,0.01334504596889019,0.09954223781824112
2259,-1.7725989818572998,-1.781847357749939,0.005078939720988274,0.004169451538473368,0.09951238334178925
2260,-1.6353062391281128,-1.6463326215744019,0.006359065882861614,0.004667230416089296,0.09948251396417618
2261,-1.7780250310897827,-1.781233549118042,0.0020290373358875513,0.001179489423520863,0.09945263713598251
2262,-1.6985443830490112,-1.707076072692871,0.0052966889925301075,0.003235015319660306,0.09942273795604706
2263,-1.8237007856369019,-1.8277496099472046,0.002547559095546603,0.0015012702206149697,0.099392831325531
2264,-1.7749388217926025,-1.7819511890411377,0.0034313672222197056,0.003581054974347353,0.09936295449733734
2265,-1.745505928993225,-1.7532051801681519,0.0032513756304979324,0.004447809886187315,0.09933310747146606
2266,-1.7577698230743408,-1.785128116607666,0.015447619371116161,0.011910674162209034,0.0993032455444336
2267,-1.6233266592025757,-1.6318029165267944,0.0033445311710238457,0.005131678655743599,0.09927332401275635
2268,-1.7636116743087769,-1.7723736763000488,0.005133962258696556,0.003628003178164363,0.0992434173822403
2269,-1.7175906896591187,-1.7276171445846558,0.0062126233242452145,0.0038138742092996836,0.09921353310346603
2270,-1.8663890361785889,-1.8727189302444458,0.0037928952369838953,0.00253696134313941,0.09918370842933655
2271,-1.7913782596588135,-1.8010838031768799,0.0052107274532318115,0.0044947536662220955,0.09915392100811005
2272,-1.7216734886169434,-1.733060359954834,0.00622826162725687,0.00515871774405241,0.09912416338920593
2273,-1.9331766366958618,-1.9368901252746582,0.001743811764754355,0.0019697286188602448,0.099094457924366
2274,-1.7700958251953125,-1.7806992530822754,0.005248911678791046,0.00535451527684927,0.09906474500894547
2275,-1.9013758897781372,-1.9093239307403564,0.004733712878078222,0.003214359749108553,0.09903505444526672
2276,-1.830551028251648,-1.8388632535934448,0.005846136715263128,0.002466042060405016,0.09900535643100739
2277,-1.778439998626709,-1.7873101234436035,0.004623653832823038,0.004246458411216736,0.09897564351558685
2278,-1.835825800895691,-1.8426319360733032,0.003357459558174014,0.0034486798103898764,0.09894593805074692
2279,-1.899749517440796,-1.9035941362380981,0.0016955381724983454,0.002149102045223117,0.09891626983880997
2280,-1.7740994691848755,-1.7840709686279297,0.00511410366743803,0.0048574102111160755,0.0988866537809372
2281,-1.7862876653671265,-1.7925794124603271,0.0035193050280213356,0.0027724241372197866,0.09885699301958084
2282,-1.7850091457366943,-1.7947614192962646,0.004532911349087954,0.005219331476837397,0.0988273024559021
2283,-1.6239895820617676,-1.8300895690917969,0.101739302277565,0.1043606624007225,0.09879764169454575
2284,-1.799067497253418,-1.8060044050216675,0.003997627645730972,0.0029392808210104704,0.0987679660320282
2285,-1.8675951957702637,-1.882358431816101,0.00761951319873333,0.007143750786781311,0.09873829782009125
2286,-1.8563631772994995,-1.8612546920776367,0.002949175890535116,0.0019424244528636336,0.09870864450931549
2287,-1.6839040517807007,-1.7014594078063965,0.008419380523264408,0.009135978296399117,0.09867902100086212
2288,-1.8740687370300293,-1.8821985721588135,0.002896723570302129,0.005233200266957283,0.09864940494298935
2289,-1.970119833946228,-1.9750648736953735,0.0025908411480486393,0.0023541112896054983,0.09861979633569717
2290,-1.681735634803772,-1.6932944059371948,0.006041044369339943,0.005517682526260614,0.0985901728272438
2291,-1.8477524518966675,-1.8565399646759033,0.004557785112410784,0.004229819402098656,0.09856056421995163
2292,-1.7645677328109741,-1.7809317111968994,0.009228169918060303,0.007135757245123386,0.09853095561265945
2293,-1.873775839805603,-1.8781399726867676,0.002051946008577943,0.00231222459115088,0.09850140661001205
2294,-1.7306888103485107,-1.7408207654953003,0.005105354357510805,0.005026521161198616,0.09847187250852585
2295,-1.8755677938461304,-1.8790767192840576,0.0015824777074158192,0.0019264366710558534,0.09844233840703964
2296,-1.7679424285888672,-1.7766082286834717,0.005062047392129898,0.0036036923993378878,0.09841288626194
2297,-1.6263102293014526,-1.633590817451477,0.0034103998914361,0.0038701470475643873,0.09838342666625977
2298,-1.6725653409957886,-1.6819038391113281,0.006126403342932463,0.003212115028873086,0.09835396707057953
2299,-1.9035148620605469,-1.9090386629104614,0.0026517014484852552,0.0028721624985337257,0.09832454472780228
2300,-1.7413371801376343,-1.7510255575180054,0.0060823033563792706,0.0036060360725969076,0.09829510003328323
2301,-1.7681519985198975,-1.7754658460617065,0.0031715412624180317,0.004142335616052151,0.0982656478881836
2302,-1.7821062803268433,-1.7999080419540405,0.009118732996284962,0.008683075197041035,0.09823622554540634
2303,-1.7425941228866577,-1.7529548406600952,0.005015500821173191,0.005345263052731752,0.09820684045553207
2304,-1.7371476888656616,-1.7456048727035522,0.004112845286726952,0.004344330169260502,0.0981774553656578
2305,-1.8579877614974976,-1.8687686920166016,0.0055768764577806,0.005204099230468273,0.09814804047346115
2306,-1.6949574947357178,-1.7012752294540405,0.0035828889813274145,0.002734849462285638,0.0981186255812645
2307,-1.7670496702194214,-1.7763445377349854,0.004328456241637468,0.004966374486684799,0.098089300096035
2308,-1.9645836353302002,-1.9756282567977905,0.00523398956283927,0.00581066869199276,0.09805997461080551
2309,-1.7185182571411133,-1.7314270734786987,0.00636391481384635,0.006544951349496841,0.09803066402673721
2310,-1.7727246284484863,-1.7815678119659424,0.005108630750328302,0.0037346042227,0.09800133109092712
2311,-1.8976941108703613,-1.9033491611480713,0.003029836108908057,0.002625259105116129,0.09797196835279465
2312,-1.798766016960144,-1.8076562881469727,0.004758432041853666,0.0041317990981042385,0.09794265776872635
2313,-1.7426003217697144,-1.751422643661499,0.0035881618969142437,0.005234109703451395,0.09791337698698044
2314,-1.7637313604354858,-1.7687873840332031,0.002583655994385481,0.002472396707162261,0.09788411110639572
2315,-1.679979920387268,-1.6947643756866455,0.007167728152126074,0.007616712246090174,0.09785483032464981
2316,-1.9222843647003174,-1.9275699853897095,0.0026257766876369715,0.0026597820688039064,0.09782552719116211
2317,-1.794532060623169,-1.8270968198776245,0.01351732388138771,0.019047334790229797,0.0977962389588356
2318,-1.7898650169372559,-1.7959264516830444,0.002476756926625967,0.0035846251994371414,0.09776691347360611
2319,-1.9174818992614746,-1.9259487390518188,0.004112687427550554,0.004354109521955252,0.0977376401424408
2320,-1.7866345643997192,-1.7973191738128662,0.005869298242032528,0.004815302789211273,0.09770837426185608
2321,-1.6615378856658936,-1.6710480451583862,0.004866920877248049,0.004643167369067669,0.09767909348011017
2322,-1.8470360040664673,-1.854488492012024,0.003803457599133253,0.0036489618942141533,0.09764989465475082
2323,-1.9354709386825562,-1.9424006938934326,0.003674051258713007,0.003255751682445407,0.09762073308229446
2324,-1.7225699424743652,-1.7280765771865845,0.0034559140913188457,0.0020506998989731073,0.09759154915809631
2325,-1.7507632970809937,-1.7655439376831055,0.007484136614948511,0.007296527735888958,0.09756235033273697
2326,-1.7265400886535645,-1.7316462993621826,0.0028648481238633394,0.0022413330152630806,0.09753316640853882
2327,-1.8426313400268555,-1.8506039381027222,0.003962880466133356,0.00400969386100769,0.09750398248434067
2328,-1.9378541707992554,-1.942122459411621,0.0020416227634996176,0.0022266844753175974,0.09747479110956192
2329,-1.6260311603546143,-1.6955151557922363,0.03591878339648247,0.03356513753533363,0.09744562953710556
2330,-1.7904337644577026,-1.8005471229553223,0.00576794845983386,0.004345383029431105,0.09741638600826263
2331,-1.7466591596603394,-1.7558903694152832,0.006769735831767321,0.0024614029098302126,0.09738712012767792
2332,-1.6503726243972778,-1.772453784942627,0.05693705007433891,0.06514405459165573,0.09735782444477081
2333,-1.7545404434204102,-1.7649942636489868,0.0038858242332935333,0.006567976903170347,0.09732860326766968
2334,-1.8030664920806885,-1.819204330444336,0.007560722064226866,0.008577127009630203,0.09729939699172974
2335,-1.7762562036514282,-1.7865720987319946,0.004621018655598164,0.005694853141903877,0.097270168364048
2336,-1.6329325437545776,-1.6481120586395264,0.009172594174742699,0.006006932817399502,0.09724095463752747
2337,-1.550736904144287,-1.5694323778152466,0.010229160077869892,0.008466318249702454,0.09721174836158752
2338,-1.8039519786834717,-1.810084342956543,0.0030257930047810078,0.003106568241491914,0.09718252718448639
2339,-1.8869718313217163,-1.8951308727264404,0.003467101603746414,0.004691922105848789,0.09715331345796585
2340,-1.7762824296951294,-1.7851883172988892,0.005912850610911846,0.0029929555021226406,0.09712410718202591
2341,-1.80856454372406,-1.8139432668685913,0.0035895502660423517,0.0017892526229843497,0.09709488600492477
2342,-1.894478678703308,-1.899156093597412,0.0030606784857809544,0.0016166862333193421,0.09706565737724304
2343,-1.6828758716583252,-1.818666934967041,0.06124008819460869,0.0745510458946228,0.09703642874956131
2344,-0.801761269569397,-1.7352975606918335,0.4784035384654999,0.45513269305229187,0.09700721502304077
2345,-1.6889220476150513,-1.704373836517334,0.008252249099314213,0.007199556101113558,0.0969780758023262
2346,-1.9092607498168945,-1.9174065589904785,0.00420695636421442,0.003938780631870031,0.09694887697696686
2347,-1.8652182817459106,-1.8800514936447144,0.010125881060957909,0.004707349929958582,0.09691969305276871
2348,-1.8253728151321411,-1.8543362617492676,0.016599904745817184,0.012363574467599392,0.09689053148031235
2349,-1.7995378971099854,-1.8100125789642334,0.005347611382603645,0.005127106327563524,0.09686138480901718
2350,-1.7835359573364258,-1.7927392721176147,0.005282661411911249,0.003920618444681168,0.09683220088481903
2351,-1.7354075908660889,-1.7475347518920898,0.006867731921374798,0.005259336903691292,0.09680302441120148
2352,-1.6090418100357056,-1.6232378482818604,0.007698787376284599,0.0064972382970154285,0.09677387773990631
2353,-1.674364686012268,-1.8062525987625122,0.059853360056877136,0.0720345601439476,0.09674479067325592
2354,-1.7917848825454712,-1.800492763519287,0.0031900086905807257,0.005517793353646994,0.09671572595834732
2355,-1.8110675811767578,-1.8239752054214478,0.0058069671504199505,0.007100674323737621,0.0966867059469223
2356,-1.8651487827301025,-1.8725184202194214,0.0042493026703596115,0.003120285226032138,0.09665768593549728
2357,-1.8044583797454834,-1.8100554943084717,0.0031083105131983757,0.0024888329207897186,0.09662869572639465
2358,-1.9622766971588135,-1.9762240648269653,0.008489521220326424,0.005457854364067316,0.09659974277019501
2359,-1.847293734550476,-1.8519757986068726,0.0021595670841634274,0.0025224981363862753,0.09657077491283417
2360,-1.8755279779434204,-1.88698410987854,0.00613534078001976,0.0053207771852612495,0.09654183685779572
2361,-1.8795509338378906,-1.889225721359253,0.005886645521968603,0.0037881657481193542,0.09651290625333786
2362,-1.669474720954895,-1.6877400875091553,0.009892496280372143,0.0083728963509202,0.0964839905500412
2363,-1.9088242053985596,-1.9153108596801758,0.0035226603504270315,0.0029640253633260727,0.09645510464906693
2364,-1.790575623512268,-1.8121711015701294,0.009719054214656353,0.011876482516527176,0.09642624855041504
2365,-1.6968847513198853,-1.7053807973861694,0.004240607377141714,0.004255362786352634,0.09639732539653778
2366,-1.729822039604187,-1.7381088733673096,0.004536500666290522,0.003750331699848175,0.09636837244033813
2367,-1.6964139938354492,-1.707990288734436,0.006295646540820599,0.005280599929392338,0.09633947163820267
2368,-1.6289697885513306,-1.635633945465088,0.0037161142099648714,0.0029480797238647938,0.09631060808897018
2369,-1.8401942253112793,-1.8486151695251465,0.0043993014842271805,0.004021616652607918,0.09628172218799591
2370,-1.83974027633667,-1.8510541915893555,0.006027138326317072,0.00528680719435215,0.09625287353992462
2371,-1.6813592910766602,-1.8082685470581055,0.05400221794843674,0.07290711253881454,0.09622403234243393
2372,-1.8281117677688599,-1.837060809135437,0.003858649404719472,0.005090360064059496,0.09619519859552383
2373,-1.8806406259536743,-1.884813904762268,0.001832673791795969,0.002340543083846569,0.09616637229919434
2374,-1.6924327611923218,-1.7011418342590332,0.0044001443311572075,0.004308953881263733,0.09613758325576782
2375,-1.9880965948104858,-1.9934144020080566,0.002448418876156211,0.0028693601489067078,0.09610877186059952
2376,-1.92822265625,-1.9339686632156372,0.003174640703946352,0.0025713315699249506,0.09608002007007599
2377,-1.82785165309906,-1.834906816482544,0.0033420808613300323,0.0037131658755242825,0.09605132043361664
2378,-1.8623161315917969,-1.871299386024475,0.004425749648362398,0.004557477310299873,0.09602263569831848
2379,-1.6486903429031372,-1.7762166261672974,0.06475742906332016,0.06276885420084,0.09599395096302032
2380,-1.5716956853866577,-1.6885814666748047,0.05335494875907898,0.0635308176279068,0.09596532583236694
2381,-1.6769031286239624,-1.6869381666183472,0.004760177806019783,0.005274949129670858,0.09593668580055237
2382,-1.684228777885437,-1.698912262916565,0.006892793346196413,0.007790709380060434,0.0959080308675766
2383,-1.8234145641326904,-1.8343883752822876,0.005113509483635426,0.005860291421413422,0.09587933123111725
2384,-1.8414433002471924,-1.8525100946426392,0.005443713162094355,0.005623056087642908,0.09585053473711014
2385,-1.8954929113388062,-1.90851628780365,0.00823446549475193,0.0047889333218336105,0.09582172334194183
2386,-1.7870649099349976,-1.898895025253296,0.052674248814582825,0.05915587395429611,0.09579296410083771
2387,-1.6663832664489746,-1.765918254852295,0.04273137077689171,0.0568036250770092,0.09576423466205597
2388,-1.702218770980835,-1.8077398538589478,0.0509486198425293,0.054572418332099915,0.09573554247617722
2389,-1.9351024627685547,-1.9442880153656006,0.0035497676581144333,0.005635689944028854,0.09570690244436264
2390,-1.6346124410629272,-1.807969093322754,0.080887570977211,0.09246907383203506,0.09567829221487045
2391,-1.75890052318573,-1.774397850036621,0.006432756315916777,0.009064546786248684,0.09564966708421707
2392,-1.8558216094970703,-1.8679882287979126,0.004905590787529945,0.007261025719344616,0.09562098234891891
2393,-1.8206714391708374,-1.8491877317428589,0.01475471444427967,0.013761516660451889,0.09559234976768494
2394,-1.7190442085266113,-1.80106520652771,0.037868253886699677,0.04415271058678627,0.09556370973587036
2395,-1.7889423370361328,-1.8180310726165771,0.014674080535769463,0.014414696022868156,0.09553505480289459
2396,-1.8122669458389282,-1.824267864227295,0.0067971935495734215,0.005203781183809042,0.09550637751817703
2397,-2.0038366317749023,-2.0178637504577637,0.006604873109608889,0.007422305643558502,0.09547767043113708
2398,-1.7502716779708862,-1.8292840719223022,0.037125907838344574,0.04188644886016846,0.09544894844293594
2399,-1.8428891897201538,-1.8618916273117065,0.008313113823533058,0.010689375922083855,0.09542025625705719
2400,-1.7066224813461304,-1.7214642763137817,0.007122313603758812,0.007719510234892368,0.09539152681827545
2401,-1.84151291847229,-1.9198249578475952,0.03789178654551506,0.0404202900826931,0.09536278247833252
2402,-1.7498141527175903,-1.7672995328903198,0.007707889657467604,0.009777541272342205,0.09533404558897018
2403,-1.6130330562591553,-1.6817057132720947,0.0277937650680542,0.040878843516111374,0.09530532360076904
2404,-1.6604856252670288,-1.7471712827682495,0.03900422900915146,0.04768144339323044,0.09527658671140671
2405,-1.6284278631210327,-1.6411885023117065,0.007111626211553812,0.005648965481668711,0.09524787217378616
2406,-1.6944139003753662,-1.708345890045166,0.007614653557538986,0.00631733238697052,0.0952192172408104
2407,-1.8307422399520874,-1.8400522470474243,0.003390612080693245,0.005919304210692644,0.09519057720899582
2408,-1.7902805805206299,-1.869006633758545,0.028920389711856842,0.049805596470832825,0.09516193717718124
2409,-1.9029167890548706,-1.9119031429290771,0.004050133284181356,0.004936182871460915,0.09513328969478607
2410,-1.8741153478622437,-1.8874114751815796,0.006382897030562162,0.006913177669048309,0.09510470926761627
2411,-1.8129621744155884,-1.8364880084991455,0.014168765395879745,0.009357086382806301,0.09507612138986588
2412,-1.8387926816940308,-1.8499501943588257,0.00608551362529397,0.0050719790160655975,0.0950474962592125
2413,-1.9179160594940186,-1.9368354082107544,0.00928784254938364,0.009631534107029438,0.09501885622739792
2414,-1.9021329879760742,-1.9177664518356323,0.005820183083415031,0.009813299402594566,0.09499020874500275
2415,-1.8356646299362183,-1.8508681058883667,0.007822010666131973,0.007381461560726166,0.09496167302131653
2416,-1.8013993501663208,-1.8102542161941528,0.003857930190861225,0.00499684177339077,0.0949331745505333
2417,-1.8099559545516968,-1.819313406944275,0.0055534327402710915,0.0038039651699364185,0.09490470588207245
2418,-1.7257956266403198,-1.7343164682388306,0.003998350352048874,0.004522421862930059,0.09487622231245041
2419,-1.7519148588180542,-1.8100014925003052,0.0237718652933836,0.03431474789977074,0.09484776854515076
2420,-1.7653520107269287,-1.776671051979065,0.006372739560902119,0.00494639715179801,0.09481939673423767
2421,-1.806979775428772,-1.8266483545303345,0.011287025175988674,0.00838161539286375,0.0947910025715828
2422,-1.8846995830535889,-1.9662551879882812,0.04191165044903755,0.0396440364420414,0.09476257860660553
2423,-1.767048954963684,-1.8265106678009033,0.02325853332877159,0.03620310127735138,0.09473411738872528
2424,-1.857433557510376,-1.8663344383239746,0.004858143627643585,0.004042701795697212,0.09470566362142563
2425,-1.8335344791412354,-1.9065791368484497,0.033282335847616196,0.039762359112501144,0.09467721730470657
2426,-1.8188989162445068,-1.8908796310424805,0.03219079598784447,0.03978992998600006,0.09464877843856812
2427,-1.7841492891311646,-1.7962112426757812,0.006216788198798895,0.005845243111252785,0.09462025761604309
2428,-1.8032256364822388,-1.8160252571105957,0.00549904303625226,0.007300568278878927,0.09459178894758224
2429,-1.6580785512924194,-1.7067835330963135,0.018780402839183807,0.02992461808025837,0.0945633128285408
2430,-1.629258155822754,-1.6395641565322876,0.004416691139340401,0.005889285355806351,0.09453482180833817
2431,-1.688287615776062,-1.8043384552001953,0.05126947909593582,0.06478126347064972,0.09450628608465195
2432,-1.7761379480361938,-1.813977837562561,0.013933757320046425,0.02390613593161106,0.09447776526212692
2433,-1.9038106203079224,-1.918094277381897,0.004789203405380249,0.00949441734701395,0.09444920718669891
2434,-1.9648094177246094,-2.0000534057617188,0.01317010261118412,0.02207392454147339,0.09442070871591568
2435,-1.8433177471160889,-1.860121250152588,0.009164134040474892,0.0076394109055399895,0.09439225494861603
2436,-1.8981611728668213,-1.9151674509048462,0.007509909570217133,0.009496279060840607,0.09436379373073578
2437,-1.7174160480499268,-1.780466079711914,0.026303594931960106,0.036746371537446976,0.0943354070186615
2438,-1.7794510126113892,-1.8484982252120972,0.03507962077856064,0.03396764025092125,0.09430704265832901
2439,-1.9354819059371948,-1.9527746438980103,0.008630374446511269,0.008662317879498005,0.0942787453532219
2440,-1.8970822095870972,-1.9169286489486694,0.006947023794054985,0.012899423018097878,0.09425047039985657
2441,-1.9081188440322876,-1.9250597953796387,0.006133748218417168,0.010807150974869728,0.09422218054533005
2442,-1.668623924255371,-1.7081578969955444,0.013940046541392803,0.025593839585781097,0.09419392794370651
2443,-1.7237427234649658,-1.749329924583435,0.01247751247137785,0.013109712861478329,0.09416570514440536
2444,-1.721547245979309,-1.7651253938674927,0.01772710494697094,0.025850996375083923,0.09413743764162064
2445,-1.707403540611267,-1.7188524007797241,0.0047184135764837265,0.006730431225150824,0.09410914033651352
2446,-1.7703019380569458,-1.7849929332733154,0.00855011772364378,0.006140823010355234,0.09408080577850342
2447,-1.938109278678894,-1.9540438652038574,0.00644273916259408,0.009491761215031147,0.09405246376991272
2448,-1.6590948104858398,-1.8120477199554443,0.06932828575372696,0.08362457156181335,0.0940241664648056
2449,-1.8292073011398315,-1.8361114263534546,0.0026794900186359882,0.004224714823067188,0.09399585425853729
2450,-1.7560871839523315,-1.8299522399902344,0.028831124305725098,0.04503395035862923,0.09396757930517197
2451,-1.6950619220733643,-1.8288453817367554,0.055735744535923004,0.07804775983095169,0.09393933415412903
2452,-1.9119436740875244,-1.9231208562850952,0.004176340531557798,0.007000753190368414,0.09391116350889206
2453,-1.667688250541687,-1.8624192476272583,0.09895391017198563,0.0957769975066185,0.0938829779624939
2454,-1.7971103191375732,-1.8232669830322266,0.01345418207347393,0.012702509760856628,0.09385475516319275
2455,-1.7420121431350708,-1.7726356983184814,0.01204574666917324,0.018577788025140762,0.09382656216621399
2456,-1.8012465238571167,-1.828436255455017,0.014981835149228573,0.012207882478833199,0.09379840642213821
2457,-1.8613847494125366,-1.88197660446167,0.010567836463451385,0.010024124756455421,0.09377029538154602
2458,-2.0589447021484375,-2.0683019161224365,0.0043244678527116776,0.005032853689044714,0.09374217689037323
2459,-1.940250277519226,-1.9648897647857666,0.014443273656070232,0.010196220129728317,0.09371399879455566
2460,-1.972693920135498,-2.0063211917877197,0.01271839626133442,0.020908819511532784,0.09368587285280228
2461,-1.7374707460403442,-1.8311687707901,0.03408600389957428,0.05961207300424576,0.09365779906511307
2462,-1.760372281074524,-1.7768205404281616,0.008726268075406551,0.007722037844359875,0.09362980723381042
2463,-1.96432626247406,-1.9717704057693481,0.00324248312972486,0.004201627802103758,0.09360179305076599
2464,-1.7713593244552612,-1.782985806465149,0.007033136673271656,0.004593414720147848,0.09357376396656036
2465,-1.6682566404342651,-1.688128113746643,0.0058930134400725365,0.013978445902466774,0.09354572743177414
2466,-1.7419558763504028,-1.7622660398483276,0.008747796528041363,0.011562387458980083,0.09351765364408493
2467,-1.8677188158035278,-1.8808430433273315,0.007041195407509804,0.006083013955503702,0.0934896320104599
2468,-1.870849609375,-1.914919137954712,0.019802972674369812,0.02426665648818016,0.09346157312393188
2469,-1.9272154569625854,-1.9412410259246826,0.007399827241897583,0.006625830195844173,0.09343352168798447
2470,-1.87595534324646,-1.9362831115722656,0.031560324132442474,0.02876751683652401,0.09340550005435944
2471,-1.8492430448532104,-1.8602322340011597,0.004113273695111275,0.006875844672322273,0.09337747097015381
2472,-1.8699474334716797,-1.8994591236114502,0.01832246221601963,0.011189223267138004,0.09334944188594818
2473,-1.9651156663894653,-1.9770464897155762,0.006174392998218536,0.00575642054900527,0.09332138299942017
2474,-1.81129789352417,-1.8306469917297363,0.011804387904703617,0.007544761523604393,0.09329333156347275
2475,-1.7667893171310425,-1.7802255153656006,0.005392459221184254,0.008043721318244934,0.09326533228158951
2476,-1.820106863975525,-1.8762915134429932,0.02965748868882656,0.026527201756834984,0.09323734045028687
2477,-1.7136741876602173,-1.8266267776489258,0.05631174519658089,0.05664088577032089,0.09320937842130661
2478,-1.782285451889038,-1.8426814079284668,0.03302397578954697,0.027371976524591446,0.09318136423826218
2479,-1.8366047143936157,-1.8701521158218384,0.01689508929848671,0.016652323305606842,0.09315332770347595
2480,-1.9538087844848633,-1.9678547382354736,0.006080299615859985,0.00796568114310503,0.09312530606985092
2481,-1.8349910974502563,-1.8631408214569092,0.008235203102231026,0.019914498552680016,0.0930972471833229
2482,-1.7150633335113525,-1.729457974433899,0.006941237486898899,0.007453444413840771,0.09306919574737549
2483,-1.7340290546417236,-1.7637345790863037,0.010611719451844692,0.019093729555606842,0.09304112941026688
2484,-1.8994359970092773,-1.946629285812378,0.015944097191095352,0.031249213963747025,0.09301302582025528
2485,-1.8921797275543213,-1.9055347442626953,0.005318364128470421,0.008036608807742596,0.09298490732908249
2486,-1.6891576051712036,-1.7075384855270386,0.00680978037416935,0.01157102920114994,0.09295682609081268
2487,-1.5769670009613037,-1.5975337028503418,0.006853264756500721,0.013713454827666283,0.09292872995138168
2488,-1.7259774208068848,-1.7555439472198486,0.019222645089030266,0.010343956761062145,0.09290066361427307
2489,-1.7380130290985107,-1.7570364475250244,0.008171265944838524,0.010852107778191566,0.09287262707948685
2490,-1.7369431257247925,-1.758248209953308,0.006756053306162357,0.01454897504299879,0.09284462034702301
2491,-1.8737006187438965,-1.8935356140136719,0.006194837391376495,0.013640126213431358,0.09281662106513977
2492,-2.0073039531707764,-2.0162529945373535,0.002968772081658244,0.0059803081676363945,0.09278862923383713
2493,-1.7866374254226685,-1.8413573503494263,0.016406062990427017,0.0383138582110405,0.0927606076002121
2494,-1.8916369676589966,-1.9024901390075684,0.004945394583046436,0.005907745566219091,0.09273252636194229
2495,-1.8453352451324463,-1.8714606761932373,0.012794905342161655,0.01333056204020977,0.09270448982715607
2496,-1.9855217933654785,-1.9927730560302734,0.002594186458736658,0.0046569788828492165,0.09267645329236984
2497,-1.852439522743225,-1.8588916063308716,0.0030489973723888397,0.0034030575770884752,0.0926484614610672
2498,-1.7948240041732788,-1.804611325263977,0.004106601700186729,0.005680720321834087,0.09262052178382874
2499,-1.8872759342193604,-1.8964349031448364,0.004030353855341673,0.005128613207489252,0.09259263426065445
2500,-1.829675316810608,-1.8483597040176392,0.007146554067730904,0.01153777539730072,0.09256473183631897
2501,-1.9625279903411865,-1.9683566093444824,0.002874232130125165,0.0029543384443968534,0.09253684431314468
2502,-1.9693388938903809,-1.9780056476593018,0.004660243634134531,0.004006560426205397,0.09250897914171219
2503,-1.904549241065979,-1.9156173467636108,0.004853800404816866,0.006214252207428217,0.0924810841679573
2504,-1.8530874252319336,-1.8835134506225586,0.013146447949111462,0.017279645428061485,0.09245319664478302
2505,-1.6773957014083862,-1.6905776262283325,0.006650331895798445,0.006531623192131519,0.09242533892393112
2506,-1.662761926651001,-1.6786571741104126,0.007059860043227673,0.00883547030389309,0.0923975333571434
2507,-1.8965121507644653,-1.9298839569091797,0.014953183941543102,0.01841861382126808,0.09236977994441986
2508,-1.842944622039795,-1.864268183708191,0.008507073856890202,0.01281645242124796,0.09234199672937393
2509,-1.8298742771148682,-1.8609691858291626,0.01347631961107254,0.01761852763593197,0.09231425821781158
2510,-1.8262442350387573,-1.8493815660476685,0.012328928336501122,0.010808376595377922,0.09228650480508804
2511,-1.6474781036376953,-1.844237208366394,0.09993285685777664,0.09682614356279373,0.09225869923830032
2512,-1.965881109237671,-1.9760119915008545,0.0043764906004071236,0.005754347424954176,0.0922309011220932
2513,-1.8614283800125122,-1.8726351261138916,0.004243924748152494,0.0069627780467271805,0.09220311045646667
2514,-1.8226063251495361,-1.839352011680603,0.007332577370107174,0.009413071908056736,0.09217532724142075
2515,-1.9431461095809937,-1.9514696598052979,0.003033730434253812,0.005289795342832804,0.0921475738286972
2516,-1.909915804862976,-1.930927038192749,0.007509495597332716,0.013501724228262901,0.09211979061365128
2517,-1.6631720066070557,-1.6866838932037354,0.012558585032820702,0.010953363962471485,0.09209200739860535
2518,-1.9388529062271118,-1.952291488647461,0.006634436082094908,0.006804064381867647,0.09206419438123703
2519,-1.8864630460739136,-1.9247877597808838,0.015900975093245506,0.022423747926950455,0.09203638881444931
2520,-1.966971755027771,-1.977624773979187,0.005290922708809376,0.005362133029848337,0.0920085683465004
2521,-1.8975379467010498,-1.9281303882598877,0.013239479623734951,0.017352988943457603,0.09198075532913208
2522,-1.915500521659851,-1.9294146299362183,0.006078751292079687,0.007835371419787407,0.09195295721292496
2523,-1.6519047021865845,-1.6752445697784424,0.00781320221722126,0.015526613220572472,0.09192513674497604
2524,-1.8591395616531372,-1.8944636583328247,0.018634725362062454,0.016689453274011612,0.09189735352993011
2525,-0.9237184524536133,-1.7671051025390625,0.41842755675315857,0.42495909333229065,0.09186960011720657
2526,-1.926636815071106,-1.943648099899292,0.006951071321964264,0.010060242377221584,0.0918419137597084
2527,-1.988450288772583,-2.003445625305176,0.006704777479171753,0.008290567435324192,0.09181421995162964
2528,-1.7742512226104736,-1.8407909870147705,0.0271434523165226,0.03939630463719368,0.09178651124238968
2529,-1.7988004684448242,-1.8644424676895142,0.02432589791715145,0.04131614416837692,0.0917588546872139
2530,-1.774246096611023,-1.8123464584350586,0.019685089588165283,0.018415315076708794,0.09173118323087692
2531,-1.6853752136230469,-1.7818982601165771,0.043873872607946396,0.052649132907390594,0.09170351922512054
2532,-1.7722779512405396,-1.8130444288253784,0.01707644760608673,0.023689942434430122,0.09167582541704178
2533,-1.7717564105987549,-1.7835861444473267,0.003954302053898573,0.007875492796301842,0.0916481614112854
2534,-1.7247884273529053,-1.747551441192627,0.009164486080408096,0.013598562218248844,0.0916205421090126
2535,-1.8853908777236938,-1.9096170663833618,0.009358521550893784,0.01486770249903202,0.09159291535615921
2536,-1.8040473461151123,-1.8159676790237427,0.005243796389549971,0.0066765411756932735,0.09156529605388641
2537,-1.7901190519332886,-1.836928367614746,0.021022267639636993,0.025787048041820526,0.0915377289056778
2538,-1.9007107019424438,-1.9109779596328735,0.005811805371195078,0.004455466754734516,0.09151019155979156
2539,-1.893383264541626,-1.9029568433761597,0.004134054761379957,0.0054394835606217384,0.09148263931274414
2540,-1.947787880897522,-1.9617865085601807,0.004826956428587437,0.009171731770038605,0.0914551168680191
2541,-1.939758539199829,-1.9534380435943604,0.005178111605346203,0.00850135087966919,0.09142766892910004
2542,-1.7312495708465576,-1.76078200340271,0.01425626315176487,0.015276187099516392,0.09140018373727798
2543,-1.6961637735366821,-1.7726314067840576,0.030879145488142967,0.04558844864368439,0.09137266129255295
2544,-1.7997411489486694,-1.8131085634231567,0.00451286043971777,0.008854471147060394,0.09134522080421448
2545,-1.7748403549194336,-1.8061137199401855,0.011340208351612091,0.019933076575398445,0.09131782501935959
2546,-1.8854680061340332,-1.896014928817749,0.003995257895439863,0.006551592145115137,0.0912904441356659
2547,-1.6591180562973022,-1.849815845489502,0.09746404737234116,0.09323368966579437,0.09126304090023041
2548,-1.7997068166732788,-1.8748583793640137,0.03770334646105766,0.03744814544916153,0.0912356972694397
2549,-1.8189979791641235,-1.860201358795166,0.017907310277223587,0.023296067491173744,0.09120829403400421
2550,-1.99710214138031,-2.0021448135375977,0.0031910084653645754,0.0018516835989430547,0.09118089824914932
2551,-1.6639859676361084,-1.6982948780059814,0.01053930725902319,0.023769669234752655,0.09115350991487503
2552,-1.6937432289123535,-1.727684736251831,0.013061058707535267,0.020880481228232384,0.09112617373466492
2553,-1.7672544717788696,-1.7780958414077759,0.005403437186032534,0.005437993910163641,0.09109886735677719
2554,-1.9713276624679565,-1.9887487888336182,0.009392187930643559,0.00802894402295351,0.09107154607772827
2555,-1.8198429346084595,-1.8312511444091797,0.004727682564407587,0.006680437363684177,0.09104415029287338
2556,-1.9923981428146362,-2.000295639038086,0.004658851772546768,0.0032386980019509792,0.09101680666208267
2557,-1.8500175476074219,-1.8577240705490112,0.002459527924656868,0.005247036460787058,0.09098947048187256
2558,-1.811428427696228,-1.8398114442825317,0.012816433794796467,0.015566541813313961,0.09096211940050125
2559,-1.7521060705184937,-1.7786006927490234,0.014597640372812748,0.011897008866071701,0.09093479812145233
2560,-1.8114817142486572,-1.8428634405136108,0.011900758370757103,0.019480951130390167,0.09090748429298401
2561,-1.9239110946655273,-1.9387290477752686,0.007490380201488733,0.007327553816139698,0.09088011085987091
2562,-1.7739357948303223,-1.7854175567626953,0.006194752175360918,0.005287103354930878,0.090852752327919
2563,-1.850258231163025,-1.8933557271957397,0.021954739466309547,0.02114277146756649,0.09082541614770889
2564,-1.667259693145752,-1.6917533874511719,0.00958891399204731,0.014904764480888844,0.09079807251691818
2565,-1.8659926652908325,-1.904618501663208,0.01627936027944088,0.022346539422869682,0.09077073633670807
2566,-1.6963469982147217,-1.7427124977111816,0.022875847294926643,0.023489540442824364,0.09074342995882034
2567,-1.8898892402648926,-1.9108047485351562,0.009116415865719318,0.011799096129834652,0.0907161682844162
2568,-1.9081850051879883,-1.9235570430755615,0.007194967474788427,0.008177005685865879,0.09068887680768967
2569,-1.8276329040527344,-1.8406559228897095,0.007131601683795452,0.005891484208405018,0.09066155552864075
2570,-1.8667972087860107,-1.933653473854065,0.03333623707294464,0.03351994976401329,0.09063418954610825
2571,-1.7881745100021362,-1.8179421424865723,0.012674680911004543,0.017092961817979813,0.09060688316822052
2572,-1.6138113737106323,-1.6402134895324707,0.01015417743474245,0.01624801568686962,0.09057962894439697
2573,-1.8153799772262573,-1.8892054557800293,0.03719312325119972,0.03663230687379837,0.09055237472057343
2574,-1.8225394487380981,-1.8484606742858887,0.013086170889437199,0.012835077941417694,0.09052513539791107
2575,-1.8507760763168335,-1.8614084720611572,0.004769573919475079,0.005862884223461151,0.09049791842699051
2576,-1.9834343194961548,-1.9916449785232544,0.004449687898159027,0.0037609408609569073,0.09047073870897293
2577,-2.005988836288452,-2.018738031387329,0.005802041385322809,0.006946925073862076,0.09044356644153595
2578,-1.9532965421676636,-1.9634923934936523,0.004589834250509739,0.005606097634881735,0.09041635692119598
2579,-1.9209604263305664,-1.9325798749923706,0.005234731826931238,0.006384721491485834,0.0903891772031784
2580,-2.0228843688964844,-2.035640239715576,0.005537331569939852,0.007218569982796907,0.09036200493574142
2581,-1.8124998807907104,-1.8432937860488892,0.012159612029790878,0.018634315580129623,0.09033482521772385
2582,-1.7482978105545044,-1.7723734378814697,0.010206855833530426,0.01386885903775692,0.09030764549970627
2583,-1.831630825996399,-1.83925461769104,0.0027944128960371017,0.004829461686313152,0.09028051793575287
2584,-1.8653628826141357,-1.8820395469665527,0.007330561522394419,0.009346104227006435,0.09025338292121887
2585,-1.879565715789795,-1.8910865783691406,0.00539736170321703,0.006123594474047422,0.09022625535726547
2586,-1.8269004821777344,-1.8371108770370483,0.005756905768066645,0.004453564062714577,0.09019917249679565
2587,-1.9380871057510376,-1.9654266834259033,0.012336947955191135,0.01500263437628746,0.09017214179039001
2588,-2.047680139541626,-2.061734676361084,0.0061317081563174725,0.007922843098640442,0.09014512598514557
2589,-1.9571717977523804,-1.9645428657531738,0.004049273207783699,0.0033217540476471186,0.09011807292699814
2590,-1.9101765155792236,-2.0034291744232178,0.0456441305577755,0.04760850965976715,0.09009100496768951
2591,-1.8369169235229492,-1.8630709648132324,0.013901929371058941,0.012252062559127808,0.09006396681070328
2592,-1.827389121055603,-1.8592369556427002,0.01826370693743229,0.013584088534116745,0.09003693610429764
2593,-1.6382880210876465,-1.6932631731033325,0.02695653960108757,0.028018590062856674,0.0900098904967308
2594,-1.773343801498413,-1.7793641090393066,0.00338069093413651,0.002639698563143611,0.08998285233974457
2595,-1.8023635149002075,-1.816514015197754,0.00581305380910635,0.008337536826729774,0.08995573967695236
2596,-1.842974066734314,-1.870255470275879,0.01080234907567501,0.016479020938277245,0.08992863446474075
2597,-1.840049147605896,-1.8571045398712158,0.009233972989022732,0.007821454666554928,0.08990153670310974
2598,-1.5681785345077515,-1.7174973487854004,0.07798068225383759,0.07133819162845612,0.08987449109554291
2599,-1.9055529832839966,-1.9122565984725952,0.004196575377136469,0.0025070731062442064,0.08984743803739548
2600,-1.8625895977020264,-1.8952497243881226,0.011736190877854824,0.020923972129821777,0.08982038497924805
2601,-1.8819093704223633,-1.906045913696289,0.012620514258742332,0.011515970341861248,0.08979331701993942
2602,-1.770796775817871,-1.793641448020935,0.008390218950808048,0.014454523101449013,0.08976621925830841
2603,-1.9298733472824097,-1.9423896074295044,0.007047745864838362,0.005468486342579126,0.08973917365074158
2604,-1.8872064352035522,-1.9130117893218994,0.010742288082838058,0.015063013881444931,0.08971215039491653
2605,-1.9409065246582031,-1.96071457862854,0.009765660390257835,0.010042441077530384,0.08968514204025269
2606,-1.86435067653656,-1.8774895668029785,0.007555379997938871,0.005583472084254026,0.08965818583965302
2607,-1.6992383003234863,-1.7206768989562988,0.01224734541028738,0.009191269986331463,0.08963127434253693
2608,-1.9077738523483276,-1.921792984008789,0.007639281451702118,0.006379832047969103,0.0896044373512268
2609,-1.8951362371444702,-1.9113061428070068,0.007764097768813372,0.008405804634094238,0.08957765251398087
2610,-1.7017276287078857,-1.8081855773925781,0.05750371143221855,0.04895418882369995,0.08955087512731552
2611,-1.8872110843658447,-1.9099408388137817,0.007945594377815723,0.01478422712534666,0.08952417224645615
2612,-1.815320372581482,-1.918289303779602,0.055948641151189804,0.0470203198492527,0.0894973874092102
2613,-1.589205026626587,-1.6739299297332764,0.04687386378645897,0.037851154804229736,0.08947061002254486
2614,-1.8393083810806274,-1.9520983695983887,0.05197872221469879,0.060811273753643036,0.08944380283355713
2615,-1.8842567205429077,-1.9014062881469727,0.005142834968864918,0.012006722390651703,0.0894169807434082
2616,-1.691174864768982,-1.714056134223938,0.009114830754697323,0.013766368851065636,0.08939016610383987
2617,-2.033378839492798,-2.040457010269165,0.0033377299550920725,0.00374066480435431,0.08936331421136856
2618,-1.9665132761001587,-1.9817394018173218,0.00591823598369956,0.009307824075222015,0.08933647722005844
2619,-1.8453953266143799,-1.8801811933517456,0.01441873423755169,0.02036711573600769,0.08930961787700653
2620,-1.7122702598571777,-1.751010775566101,0.016286509111523628,0.022454019635915756,0.0892827957868576
2621,-1.7535439729690552,-1.770110845565796,0.008640648797154427,0.007926208898425102,0.08925597369670868
2622,-1.9590624570846558,-1.9787272214889526,0.007558129727840424,0.012106667272746563,0.08922916650772095
2623,-1.9392402172088623,-1.9532471895217896,0.006787692662328482,0.007219340186566114,0.08920234441757202
2624,-1.8261770009994507,-1.8455431461334229,0.009381033480167389,0.009985101409256458,0.08917552977800369
2625,-1.6466772556304932,-1.6861610412597656,0.0182016771286726,0.02128203958272934,0.08914870023727417
2626,-1.817264199256897,-1.838839054107666,0.008453255519270897,0.013121642172336578,0.08912194520235062
2627,-1.6764318943023682,-1.7871333360671997,0.046580925583839417,0.0641205906867981,0.08909524232149124
2628,-1.7828760147094727,-1.8268650770187378,0.024361321702599525,0.01962774619460106,0.08906856924295425
2629,-1.6971828937530518,-1.733396291732788,0.018906299024820328,0.01730707287788391,0.08904191851615906
2630,-1.7580394744873047,-1.7859301567077637,0.014095012098550797,0.013795566745102406,0.08901528269052505
2631,-1.8664026260375977,-1.8929575681686401,0.009971901774406433,0.016583116725087166,0.08898866921663284
2632,-1.965370774269104,-1.9719105958938599,0.003060361836105585,0.00347943976521492,0.08896202594041824
2633,-1.8094979524612427,-1.8305206298828125,0.008174470625817776,0.01284829992800951,0.08893536776304245
2634,-1.8379414081573486,-1.904246211051941,0.03595768287777901,0.0303470641374588,0.08890870213508606
2635,-1.9903141260147095,-2.001758337020874,0.005979826673865318,0.005464381538331509,0.08888203650712967
2636,-1.7549134492874146,-1.7910706996917725,0.015990562736988068,0.020166579633951187,0.08885542303323746
2637,-1.5364543199539185,-1.5507104396820068,0.006557703949511051,0.007698402740061283,0.08882880210876465
2638,-1.9837100505828857,-1.9917486906051636,0.004375051707029343,0.00366353802382946,0.08880214393138885
2639,-1.625058889389038,-1.6681123971939087,0.018420035019516945,0.024633556604385376,0.08877548575401306
2640,-1.74576997756958,-1.7668153047561646,0.010638482868671417,0.010406911373138428,0.08874884247779846
2641,-1.6802963018417358,-1.6873284578323364,0.0034987160470336676,0.0035334608983248472,0.08872220665216446
2642,-1.7342793941497803,-1.7672233581542969,0.011770222336053848,0.02117377147078514,0.08869554102420807
2643,-1.810518741607666,-1.880915880203247,0.030853835865855217,0.03954321891069412,0.08866886049509048
2644,-1.7873218059539795,-1.7956794500350952,0.00478491373360157,0.0035727405920624733,0.0886421799659729
2645,-1.821648359298706,-1.8405828475952148,0.008018025197088718,0.010916431434452534,0.08861551433801651
2646,-1.7737631797790527,-1.856499433517456,0.04124957695603371,0.04148665443062782,0.08858878910541534
2647,-1.776550531387329,-1.789047122001648,0.005445871967822313,0.007050760556012392,0.08856212347745895
2648,-2.0038890838623047,-2.0196328163146973,0.008207600563764572,0.007536221761256456,0.08853541314601898
2649,-1.9409103393554688,-1.9616011381149292,0.011928552761673927,0.008762259036302567,0.08850867301225662
2650,-2.0339841842651367,-2.0437817573547363,0.005333761218935251,0.00446380116045475,0.08848196268081665
2651,-1.7187210321426392,-1.7398585081100464,0.009389160200953484,0.011748344637453556,0.08845528215169907
2652,-1.7204408645629883,-1.8554856777191162,0.06547126173973083,0.06957349181175232,0.08842858672142029
2653,-1.8271043300628662,-1.8456645011901855,0.009421884082257748,0.009138299152255058,0.0884019210934639
2654,-1.7385427951812744,-1.8005164861679077,0.03002081625163555,0.031952884048223495,0.0883752852678299
2655,-1.9061579704284668,-1.920202612876892,0.007623379118740559,0.006421228870749474,0.08834869414567947
2656,-1.646674394607544,-1.7230520248413086,0.03693481534719467,0.03944280371069908,0.08832216262817383
2657,-1.5492531061172485,-1.643701434135437,0.04640081897377968,0.04804755747318268,0.08829565346240997
2658,-1.8866991996765137,-1.9078025817871094,0.010140380822122097,0.010962936095893383,0.08826910704374313
2659,-2.0244104862213135,-2.0355231761932373,0.004687237087637186,0.0064253793098032475,0.0882425531744957
2660,-1.886205792427063,-1.9065545797348022,0.010380461812019348,0.009968246333301067,0.08821594715118408
2661,-2.053389072418213,-2.0775375366210938,0.01000522542744875,0.014143165200948715,0.08818934112787247
2662,-1.7465488910675049,-1.763750672340393,0.007015210576355457,0.010186569765210152,0.08816275000572205
2663,-1.905321717262268,-1.9194276332855225,0.005692204926162958,0.008413712494075298,0.0881362035870552
2664,-1.9635462760925293,-1.9731677770614624,0.004683837294578552,0.004937642253935337,0.08810967206954956
2665,-1.9576612710952759,-1.9769246578216553,0.009914429858326912,0.009348987601697445,0.08808311820030212
2666,-1.9771959781646729,-1.9840154647827148,0.002342612948268652,0.004476900212466717,0.08805662393569946
2667,-1.7410509586334229,-1.8133924007415771,0.030556295067071915,0.04178507626056671,0.08803017437458038
2668,-1.9213707447052002,-1.9292856454849243,0.0026668666396290064,0.005248123314231634,0.08800377696752548
2669,-1.8260166645050049,-1.8646934032440186,0.022203562781214714,0.01647314615547657,0.08797737956047058
2670,-1.8102009296417236,-1.8646669387817383,0.02633650228381157,0.02812950499355793,0.08795104175806046
2671,-1.4887385368347168,-1.7002147436141968,0.10529354959726334,0.10618273913860321,0.08792471140623093
2672,-1.7578015327453613,-1.7978904247283936,0.015948526561260223,0.02414030022919178,0.08789832144975662
2673,-1.8108367919921875,-1.8406689167022705,0.011733016930520535,0.018099121749401093,0.08787193894386292
2674,-1.8230983018875122,-1.842034935951233,0.008142505772411823,0.01079416461288929,0.08784554898738861
2675,-1.923510193824768,-1.9378080368041992,0.007952638901770115,0.006345142610371113,0.08781922608613968
2676,-1.8933626413345337,-1.935207486152649,0.023178601637482643,0.018666325137019157,0.08779291063547134
2677,-1.6779338121414185,-1.944300651550293,0.13304536044597626,0.13332153856754303,0.08776664733886719
2678,-1.9276727437973022,-1.9436169862747192,0.00823189876973629,0.007712380029261112,0.08774036914110184
2679,-1.9717990159988403,-1.9812960624694824,0.0048186639323830605,0.00467839976772666,0.08771407604217529
2680,-1.8142555952072144,-1.8530341386795044,0.01942245103418827,0.01935616508126259,0.08768775314092636
2681,-1.7722632884979248,-1.8067457675933838,0.01619117520749569,0.018291402608156204,0.0876614972949028
2682,-1.9084668159484863,-1.9521291255950928,0.026358213275671005,0.017304109409451485,0.08763527125120163
2683,-1.8502920866012573,-1.8774936199188232,0.01637934148311615,0.010822135955095291,0.08760900795459747
2684,-1.7871010303497314,-1.8088915348052979,0.011483805254101753,0.01030666008591652,0.08758267760276794
2685,-1.876298427581787,-1.8996999263763428,0.012172880582511425,0.011228527873754501,0.08755632489919662
2686,-1.7321689128875732,-1.807951807975769,0.03877110406756401,0.03701178729534149,0.08752996474504471
2687,-1.9314954280853271,-1.9411146640777588,0.00413418747484684,0.005485077854245901,0.08750365674495697
2688,-1.7930899858474731,-1.8339588642120361,0.022740326821804047,0.018128488212823868,0.08747732639312744
2689,-1.891087532043457,-1.9145296812057495,0.010787921026349068,0.012654234655201435,0.08745098859071732
2690,-1.8580330610275269,-1.883375883102417,0.011641939170658588,0.013700872659683228,0.08742465823888779
2691,-1.9083529710769653,-1.9291784763336182,0.010960007086396217,0.009865513071417809,0.08739834278821945
2692,-1.8425333499908447,-1.8555469512939453,0.00751670403406024,0.00549684651196003,0.08737204968929291
2693,-1.6059621572494507,-1.8201581239700317,0.10604029893875122,0.10815557092428207,0.08734574168920517
2694,-1.920751929283142,-1.9332530498504639,0.005753159057348967,0.006748011335730553,0.08731940388679504
2695,-1.7204691171646118,-1.778975009918213,0.02795257978141308,0.030553370714187622,0.08729307353496552
2696,-1.850401520729065,-1.8821651935577393,0.014511479064822197,0.017252162098884583,0.08726676553487778
2697,-1.879360556602478,-1.89613938331604,0.00977068580687046,0.007008187938481569,0.08724049478769302
2698,-1.9546194076538086,-1.9683645963668823,0.008449537679553032,0.005295579321682453,0.08721426874399185
2699,-1.9073182344436646,-1.9263265132904053,0.009249015711247921,0.009759259410202503,0.08718805015087128
2700,-1.9665716886520386,-1.986602783203125,0.01144383568316698,0.00858719926327467,0.0871618464589119
2701,-1.7726280689239502,-1.8590298891067505,0.04256288334727287,0.043838974088430405,0.0871356651186943
2702,-1.8988702297210693,-1.9721654653549194,0.03848392143845558,0.03481120616197586,0.0871095135807991
2703,-1.8835527896881104,-1.9088042974472046,0.014240599237382412,0.011010859161615372,0.0870833471417427
2704,-1.9729019403457642,-1.982726812362671,0.00570633402094245,0.004118582233786583,0.0870572105050087
2705,-1.7983312606811523,-1.8345446586608887,0.018970245495438576,0.01724311150610447,0.0870310440659523
2706,-1.687211275100708,-1.7424211502075195,0.0272055771201849,0.028004257008433342,0.08700492233037949
2707,-1.9047843217849731,-1.9128081798553467,0.004015387501567602,0.004008417017757893,0.08697883039712906
2708,-1.805317997932434,-1.8209644556045532,0.008829551748931408,0.0068168495781719685,0.08695274591445923
2709,-1.7928085327148438,-1.8067364692687988,0.008373769000172615,0.005554178263992071,0.0869266539812088
2710,-1.5563688278198242,-1.5761675834655762,0.010113857686519623,0.009684907272458076,0.08690056204795837
2711,-1.6489958763122559,-1.6713277101516724,0.014891830272972584,0.007439997512847185,0.08687444031238556
2712,-2.0991806983947754,-2.1147336959838867,0.007643246091902256,0.007909663952887058,0.08684832602739334
2713,-1.9334973096847534,-1.961678147315979,0.013494257815182209,0.014686591923236847,0.08682219684123993
2714,-1.5370041131973267,-1.5683168172836304,0.01727999746799469,0.014032754115760326,0.0867960974574089
2715,-1.7737051248550415,-1.7924394607543945,0.009045366197824478,0.00968899205327034,0.08677007257938385
2716,-1.9229893684387207,-1.9409878253936768,0.00916276779025793,0.008835732005536556,0.08674398809671402
2717,-1.7436631917953491,-1.7752184867858887,0.014218325726687908,0.01733691617846489,0.08671793341636658
2718,-1.812730312347412,-1.936051368713379,0.06520428508520126,0.058116838335990906,0.08669180423021317
2719,-2.0381622314453125,-2.047741651535034,0.0046364679001271725,0.0049428935162723064,0.08666566014289856
2720,-1.6988167762756348,-1.731382131576538,0.017652610316872597,0.014912736602127552,0.08663952350616455
2721,-1.7012361288070679,-1.910107135772705,0.10703551024198532,0.1018354520201683,0.08661337941884995
2722,-1.7859115600585938,-1.8191547393798828,0.02005372941493988,0.013189408928155899,0.0865873247385025
2723,-1.936294674873352,-1.979745626449585,0.023887820541858673,0.01956305094063282,0.08656129240989685
2724,-1.815069317817688,-1.8515666723251343,0.01743786223232746,0.019059525802731514,0.0865352526307106
2725,-1.6064739227294922,-1.6846765279769897,0.039451852440834045,0.03875075653195381,0.08650924265384674
2726,-1.8318265676498413,-1.855605125427246,0.012493732385337353,0.011284837499260902,0.08648327738046646
2727,-1.450410008430481,-1.705952763557434,0.11822483688592911,0.13731786608695984,0.08645740151405334
2728,-1.8302793502807617,-1.850234866142273,0.009258925914764404,0.010696644894778728,0.08643149584531784
2729,-1.8314735889434814,-1.8614497184753418,0.012947015464305878,0.017029181122779846,0.08640556037425995
2730,-1.9104032516479492,-1.9350087642669678,0.01418475154787302,0.010420843958854675,0.08637962490320206
2731,-1.7883912324905396,-1.8040897846221924,0.009252861142158508,0.006445609498769045,0.08635374158620834
2732,-1.9369503259658813,-1.9604648351669312,0.012490006163716316,0.011024453677237034,0.08632778376340866
2733,-1.6822906732559204,-1.9053809642791748,0.11225293576717377,0.11083737760782242,0.08630189299583435
2734,-1.9095139503479004,-1.9236925840377808,0.008341964334249496,0.005836715456098318,0.08627595007419586
2735,-1.768261432647705,-1.8620269298553467,0.04951385036110878,0.044251736253499985,0.08625005930662155
2736,-1.6976685523986816,-1.7271579504013062,0.015520408749580383,0.01396894734352827,0.08622417598962784
2737,-1.8711299896240234,-1.88532555103302,0.005345139652490616,0.008850461803376675,0.08619829267263412
2738,-1.7264114618301392,-1.7580673694610596,0.013909688219428062,0.01774618774652481,0.0861724242568016
2739,-1.9066599607467651,-1.9309682846069336,0.013140792027115822,0.011167576536536217,0.08614660054445267
2740,-1.9440382719039917,-1.9535067081451416,0.005254484713077545,0.004213905893266201,0.08612072467803955
2741,-1.665037751197815,-1.7500097751617432,0.04176492616534233,0.04320702329277992,0.08609486371278763
2742,-1.9741082191467285,-1.9827449321746826,0.0048518674448132515,0.0037849105428904295,0.08606898039579391
2743,-1.8645302057266235,-1.8959919214248657,0.014513086527585983,0.016948604956269264,0.08604312688112259
2744,-1.7671207189559937,-1.8160152435302734,0.02568780817091465,0.023206667974591255,0.08601726591587067
2745,-1.4896225929260254,-1.5483028888702393,0.03083798475563526,0.027842318639159203,0.08599142730236053
2746,-1.959801197052002,-1.9662439823150635,0.0018880317220464349,0.004554694052785635,0.085965596139431
2747,-1.9577833414077759,-1.994517207145691,0.01910058595240116,0.017633359879255295,0.08593975752592087
2748,-1.6258944272994995,-1.68230140209198,0.030615516006946564,0.025791354477405548,0.08591388165950775
2749,-1.812180995941162,-1.822812557220459,0.00639914209023118,0.0042324247770011425,0.08588805794715881
2750,-1.9172372817993164,-1.9332880973815918,0.00874185562133789,0.007308959029614925,0.08586224168539047
2751,-1.9144455194473267,-1.9286160469055176,0.008063964545726776,0.006106665823608637,0.08583644777536392
2752,-1.759827733039856,-1.8151893615722656,0.029438693076372147,0.02592289261519909,0.08581069111824036
2753,-1.9732006788253784,-1.9829981327056885,0.005339270457625389,0.004458206705749035,0.08578495681285858
2754,-1.9212225675582886,-1.9296066761016846,0.004101940896362066,0.004282064735889435,0.0857592523097992
2755,-1.8745174407958984,-1.8829901218414307,0.00622911099344492,0.0022434971760958433,0.0857335552573204
2756,-1.9408372640609741,-1.9514130353927612,0.005196957383304834,0.005378806963562965,0.08570784330368042
2757,-1.8601787090301514,-1.8670446872711182,0.0036510839127004147,0.0032147904857993126,0.0856822207570076
2758,-1.86032235622406,-1.8700920343399048,0.004584664478898048,0.005184970796108246,0.08565662801265717
2759,-1.9012292623519897,-1.9256865978240967,0.010676106438040733,0.013781199231743813,0.08563098311424255
2760,-1.8742444515228271,-1.8880752325057983,0.007784614805132151,0.006046202499419451,0.08560530096292496
2761,-2.0390396118164062,-2.044635057449341,0.0035895034670829773,0.0020060904789716005,0.08557964861392975
2762,-1.7542023658752441,-1.7798480987548828,0.01542841736227274,0.010217304341495037,0.08555401116609573
2763,-1.8994135856628418,-1.9070143699645996,0.004510854370892048,0.003089902689680457,0.08552832901477814
2764,-1.7769781351089478,-1.8281543254852295,0.02928949147462845,0.02188672497868538,0.08550268411636353
2765,-1.9808772802352905,-1.9926345348358154,0.008027777075767517,0.0037294568028301,0.08547709882259369
2766,-1.7158465385437012,-1.9240323305130005,0.10956846922636032,0.09861728549003601,0.08545150607824326
2767,-1.6255073547363281,-1.6564885377883911,0.014780069701373577,0.016201190650463104,0.08542594313621521
2768,-1.936489462852478,-1.9553182125091553,0.012064937502145767,0.006763763725757599,0.08540032804012299
2769,-1.8819714784622192,-1.9122974872589111,0.012860873714089394,0.017465099692344666,0.08537475764751434
2770,-1.9042677879333496,-1.9598394632339478,0.03260760381817818,0.02296413853764534,0.08534913510084152
2771,-1.7501769065856934,-1.8014932870864868,0.02905726432800293,0.02225911058485508,0.08532357960939407
2772,-2.08144474029541,-2.0874853134155273,0.0032360742334276438,0.002804570598527789,0.0852980762720108
2773,-1.953702449798584,-1.9657407999038696,0.006675439886748791,0.005362918600440025,0.08527257293462753
2774,-1.7297872304916382,-1.7564730644226074,0.015344850718975067,0.011340964585542679,0.08524704724550247
2775,-1.7951068878173828,-1.8149816989898682,0.009290223941206932,0.010584553703665733,0.08522149920463562
2776,-1.8735060691833496,-1.896878957748413,0.01499679684638977,0.008376138284802437,0.08519596606492996
2777,-1.668355941772461,-1.7344063520431519,0.03404528275132179,0.032005079090595245,0.0851704329252243
2778,-1.9815795421600342,-1.9870154857635498,0.0029946884606033564,0.0024412365164607763,0.08514491468667984
2779,-1.5071301460266113,-1.760912537574768,0.1268792450428009,0.1269032210111618,0.08511938154697418
2780,-1.913877010345459,-1.9508335590362549,0.018422763794660568,0.018533844500780106,0.08509385585784912
2781,-1.7824928760528564,-1.8174970149993896,0.018014507368206978,0.01698964647948742,0.08506843447685242
2782,-1.6971501111984253,-1.7210344076156616,0.011172963306307793,0.012711227871477604,0.08504299074411392
2783,-1.9310868978500366,-1.9461710453033447,0.00671573868021369,0.008368408307433128,0.08501748740673065
2784,-1.803378939628601,-1.8251867294311523,0.012276341207325459,0.00953145232051611,0.08499199151992798
2785,-1.8255373239517212,-1.8482046127319336,0.011265762150287628,0.011401519179344177,0.08496648073196411
2786,-1.775861144065857,-1.8159098625183105,0.022635895758867264,0.017412789165973663,0.08494097739458084
2787,-1.8330549001693726,-1.8502907752990723,0.009484768845140934,0.007751121185719967,0.08491550385951996
2788,-1.8036439418792725,-1.9321630001068115,0.07141514122486115,0.05710386484861374,0.08489006012678146
2789,-1.8431246280670166,-1.8550665378570557,0.004829554818570614,0.007112360093742609,0.08486462384462357
2790,-1.9617310762405396,-1.9736305475234985,0.005926631391048431,0.005972838960587978,0.08483927696943283
2791,-1.774597406387329,-1.8315322399139404,0.029431108385324478,0.027503758668899536,0.0848139151930809
2792,-1.7454700469970703,-1.7593954801559448,0.006620038766413927,0.007305426057428122,0.08478856086730957
2793,-1.7644948959350586,-1.8099737167358398,0.027535079047083855,0.017943693324923515,0.08476319909095764
2794,-1.8994837999343872,-1.9055311679840088,0.003246213076636195,0.002801136812195182,0.08473783731460571
2795,-1.8455089330673218,-1.8532078266143799,0.004311930853873491,0.003386975731700659,0.08471246808767319
2796,-1.7249960899353027,-1.7495976686477661,0.008444136939942837,0.016157425940036774,0.08468706160783768
2797,-1.5813058614730835,-1.6255207061767578,0.022455554455518723,0.0217592790722847,0.08466168493032455
2798,-1.852121353149414,-1.8687719106674194,0.007297297939658165,0.009353242814540863,0.08463631570339203
2799,-1.8519002199172974,-1.8587086200714111,0.003852998372167349,0.0029554038774222136,0.0846109539270401
2800,-1.723573088645935,-1.7541719675064087,0.013318771496415138,0.017280085012316704,0.08458564430475235
2801,-1.8337256908416748,-1.8534352779388428,0.01015769224613905,0.00955189298838377,0.0845603346824646
2802,-1.8410818576812744,-1.8519654273986816,0.004523611161857843,0.006359885912388563,0.08453509956598282
2803,-1.8222342729568481,-1.8356473445892334,0.008375449106097221,0.005037669092416763,0.08450984954833984
2804,-1.8806166648864746,-1.8932487964630127,0.006340188905596733,0.006292017642408609,0.08448454737663269
2805,-1.8280198574066162,-1.8719581365585327,0.025276103988289833,0.01866227202117443,0.08445920795202255
2806,-1.6038703918457031,-1.6240794658660889,0.009868672117590904,0.010340463370084763,0.08443383872509003
2807,-1.91670560836792,-1.9259071350097656,0.004040695261210203,0.0051608276553452015,0.0844084620475769
2808,-1.8396402597427368,-1.8915956020355225,0.028531549498438835,0.02342376671731472,0.08438308537006378
2809,-1.9621306657791138,-1.9750949144363403,0.00548327062278986,0.007480975240468979,0.08435770124197006
2810,-1.8243374824523926,-1.839079737663269,0.006754203699529171,0.00798813533037901,0.08433232456445694
2811,-1.9675079584121704,-1.9830055236816406,0.005509414244443178,0.009988144040107727,0.08430691063404083
2812,-1.899927020072937,-1.9266929626464844,0.013547382317483425,0.013218464329838753,0.08428159356117249
2813,-1.9091979265213013,-1.9253857135772705,0.008711718022823334,0.007476083468645811,0.0842563584446907
2814,-1.9647616147994995,-1.9768242835998535,0.006285835988819599,0.0057768626138567924,0.08423107117414474
2815,-1.873094081878662,-1.8844051361083984,0.005865974817425013,0.005445162765681744,0.08420580625534058
2816,-1.9216409921646118,-1.943393349647522,0.010868333280086517,0.010884024202823639,0.0841805562376976
2817,-2.001232624053955,-2.0226967334747314,0.00922118779271841,0.012243125587701797,0.08415527641773224
2818,-1.7445268630981445,-1.7659626007080078,0.010324951261281967,0.011110768653452396,0.08412999659776688
2819,-2.0051021575927734,-2.0172410011291504,0.005474844016134739,0.006664081942290068,0.0841047465801239
2820,-1.7861340045928955,-1.8072867393493652,0.010134287178516388,0.011018387041985989,0.08407950401306152
2821,-1.8204721212387085,-1.8585423231124878,0.020313093438744545,0.017757082358002663,0.08405426889657974
2822,-1.613716959953308,-1.65989351272583,0.022740283980965614,0.023436354473233223,0.08402904123067856
2823,-1.54885995388031,-1.578385591506958,0.01497148908674717,0.014554154127836227,0.08400380611419678
2824,-1.9089878797531128,-1.9816675186157227,0.037787605077028275,0.034892041236162186,0.08397853374481201
2825,-1.8536584377288818,-1.9458110332489014,0.045394398272037506,0.04675823077559471,0.08395323157310486
2826,-1.7798516750335693,-1.7951194047927856,0.008412938565015793,0.0068547483533620834,0.08392797410488129
2827,-1.5656384229660034,-1.6069101095199585,0.018749641254544258,0.022522060200572014,0.08390264213085175
2828,-0.7823226451873779,-1.9518755674362183,0.5859655141830444,0.5835874080657959,0.08387733995914459
2829,-2.0929925441741943,-2.10933256149292,0.007697642780840397,0.008642426691949368,0.08385208994150162
2830,-1.9975019693374634,-2.0261268615722656,0.013604206964373589,0.015020687133073807,0.08382680267095566
2831,-1.8129005432128906,-1.8923135995864868,0.0364653654396534,0.04294760152697563,0.0838015228509903
2832,-2.03216552734375,-2.0650382041931152,0.015629369765520096,0.017243411391973495,0.08377629518508911
2833,-1.8522121906280518,-1.8746953010559082,0.011594158597290516,0.010888922028243542,0.0837511271238327
2834,-1.8423224687576294,-1.872786283493042,0.015501154586672783,0.014962694607675076,0.08372599631547928
2835,-1.8327690362930298,-1.917203426361084,0.04223860800266266,0.04219585284590721,0.08370084315538406
2836,-1.7081948518753052,-1.7433874607086182,0.017217066138982773,0.017975544556975365,0.08367570489645004
2837,-1.753654956817627,-1.788641095161438,0.018551744520664215,0.01643441617488861,0.08365059643983841
2838,-1.7212376594543457,-1.7483530044555664,0.012485362589359283,0.01462999451905489,0.08362551033496857
2839,-1.7009735107421875,-1.7749334573745728,0.03685394302010536,0.0371059887111187,0.0836004689335823
2840,-1.6966252326965332,-1.716293215751648,0.011621799319982529,0.00804611574858427,0.08357545733451843
2841,-1.9925997257232666,-2.0229570865631104,0.014961037784814835,0.015396364964544773,0.08355051279067993
2842,-1.7011723518371582,-1.7545307874679565,0.0217230636626482,0.03163539990782738,0.08352556079626083
2843,-1.9364137649536133,-1.9813766479492188,0.02538936585187912,0.019573597237467766,0.08350063115358353
2844,-1.4766713380813599,-1.5209589004516602,0.022493088617920876,0.021794486790895462,0.08347570896148682
2845,-1.7357932329177856,-1.7789905071258545,0.023730147629976273,0.019467119127511978,0.0834508165717125
2846,-2.0886735916137695,-2.1584181785583496,0.03745459020137787,0.0322900153696537,0.08342593163251877
2847,-1.9227241277694702,-1.9504504203796387,0.010801735334098339,0.016924479976296425,0.08340100944042206
2848,-1.5627387762069702,-1.5925437211990356,0.01613738387823105,0.013667589984834194,0.08337603509426117
2849,-1.869950771331787,-1.8863282203674316,0.011448264122009277,0.004929190035909414,0.0833510160446167
2850,-1.8588446378707886,-1.8771997690200806,0.009268470108509064,0.009086605161428452,0.08332601934671402
2851,-1.5942187309265137,-1.6076228618621826,0.008196180686354637,0.005207863636314869,0.08330103009939194
2852,-1.9030959606170654,-1.9155933856964111,0.0061608171090483665,0.006336583290249109,0.08327607065439224
2853,-1.842293620109558,-1.8494842052459717,0.0034396364353597164,0.0037508918903768063,0.08325111865997314
2854,-1.7706459760665894,-1.7842901945114136,0.0085112564265728,0.00513288052752614,0.0832260325551033
2855,-1.7480303049087524,-1.7625595331192017,0.008779022842645645,0.005750142969191074,0.08320099115371704
2856,-1.7565858364105225,-1.767699956893921,0.004899040795862675,0.006215041037648916,0.08317596465349197
2857,-1.6808464527130127,-1.7178956270217896,0.01921524479985237,0.017833953723311424,0.0831509605050087
2858,-1.7989691495895386,-1.8294390439987183,0.017742706462740898,0.012727141380310059,0.08312596380710602
2859,-2.000903367996216,-2.0147764682769775,0.00763905281201005,0.006233952008187771,0.08310093730688095
2860,-1.9291913509368896,-1.9466702938079834,0.010147921741008759,0.007331022061407566,0.08307591825723648
2861,-2.07422137260437,-2.0825002193450928,0.00468795420601964,0.0035908478312194347,0.0830509290099144
2862,-1.761067271232605,-1.7907612323760986,0.02087845653295517,0.008815557695925236,0.08302592486143112
2863,-1.8470524549484253,-1.8630516529083252,0.006112216971814632,0.009886948391795158,0.08300092816352844
2864,-1.6768683195114136,-1.6993744373321533,0.010875321924686432,0.011630832217633724,0.08297593146562576
2865,-1.7330567836761475,-1.7524977922439575,0.008779516443610191,0.010661512613296509,0.08295093476772308
2866,-1.745305061340332,-1.9364699125289917,0.0962003543972969,0.09496445208787918,0.0829259604215622
2867,-1.7984291315078735,-1.8222339153289795,0.012682612985372543,0.011122274212539196,0.08290106803178787
2868,-1.846105694770813,-1.8609660863876343,0.007018374279141426,0.007842017337679863,0.08287625014781952
2869,-1.6111500263214111,-1.8687610626220703,0.11278335750102997,0.1448277235031128,0.08285147696733475
2870,-1.8455619812011719,-1.8601359128952026,0.007384356111288071,0.007189675234258175,0.08282674849033356
2871,-1.8249262571334839,-1.8315186500549316,0.0029274518601596355,0.0036650286056101322,0.08280204981565475
2872,-1.79716956615448,-1.8204495906829834,0.012701185420155525,0.010578831657767296,0.08277731388807297
2873,-1.802462100982666,-1.8176383972167969,0.007025114260613918,0.008151211775839329,0.08275259286165237
2874,-1.8702503442764282,-1.8821067810058594,0.006593674421310425,0.005262674298137426,0.08272789418697357
2875,-1.6957851648330688,-1.731262445449829,0.0173630490899086,0.01811419427394867,0.08270321786403656
2876,-1.9705784320831299,-2.006525754928589,0.017801426351070404,0.018145902082324028,0.08267855644226074
2877,-1.74549400806427,-1.7593823671340942,0.00835842452943325,0.005529897753149271,0.08265391737222672
2878,-2.0424561500549316,-2.0506908893585205,0.004763280972838402,0.00347142294049263,0.08262929320335388
2879,-1.8300375938415527,-1.848933458328247,0.009858252480626106,0.009037662297487259,0.08260463178157806
2880,-1.856986403465271,-1.8801363706588745,0.011218824423849583,0.011931197717785835,0.08257991820573807
2881,-1.8293585777282715,-1.8426958322525024,0.005435748025774956,0.007901576347649097,0.08255518972873688
2882,-1.9118517637252808,-1.9247082471847534,0.006205523852258921,0.006650950759649277,0.08253047615289688
2883,-1.9317357540130615,-1.9443957805633545,0.007119892630726099,0.005540166981518269,0.08250576257705688
2884,-1.8551208972930908,-1.8627243041992188,0.003747552400454879,0.0038558407686650753,0.08248107880353928
2885,-1.5302720069885254,-1.5502945184707642,0.012382352724671364,0.007640093564987183,0.08245640248060226
2886,-1.9399620294570923,-1.957701325416565,0.008812467567622662,0.008926872164011002,0.08243171870708466
2887,-1.8482205867767334,-1.869260549545288,0.012309019453823566,0.008730875328183174,0.08240701258182526
2888,-1.702014446258545,-1.7317506074905396,0.016446318477392197,0.013289781287312508,0.08238234370946884
2889,-1.7197277545928955,-1.7402034997940063,0.007198064588010311,0.01327761821448803,0.08235767483711243
2890,-1.965519666671753,-1.9757053852081299,0.0035748938098549843,0.006610822398215532,0.08233297616243362
2891,-1.8050295114517212,-1.8316859006881714,0.011789966374635696,0.014866456389427185,0.08230828493833542
2892,-2.1058154106140137,-2.117182731628418,0.0045422581024467945,0.0068250312469899654,0.0822836235165596
2893,-1.861710786819458,-1.8821626901626587,0.0087860943749547,0.011665807105600834,0.08225899189710617
2894,-1.8453930616378784,-1.858290672302246,0.007104169111698866,0.005793404765427113,0.08223430067300797
2895,-1.9091767072677612,-1.930919885635376,0.010778570547699928,0.010964578948915005,0.08220957964658737
2896,-1.678855299949646,-1.6967231035232544,0.007653328590095043,0.010214492678642273,0.08218488842248917
2897,-1.9839274883270264,-2.0008978843688965,0.004612940363585949,0.012357428669929504,0.08216016739606857
2898,-1.9499908685684204,-1.965820074081421,0.007332214154303074,0.008497003465890884,0.08213548362255096
2899,-1.9809354543685913,-1.9913378953933716,0.005699031986296177,0.004703394137322903,0.08211081475019455
2900,-1.6641082763671875,-1.6804801225662231,0.006640797480940819,0.00973103940486908,0.08208615332841873
2901,-1.680576205253601,-1.7090106010437012,0.01594669558107853,0.01248762384057045,0.08206145465373993
2902,-1.8926705121994019,-1.9040477275848389,0.0059371208772063255,0.005440144799649715,0.0820368081331253
2903,-1.6804215908050537,-1.694496750831604,0.0065530166029930115,0.00752206239849329,0.08201219141483307
2904,-1.8512601852416992,-1.8626394271850586,0.006615371443331242,0.004763857927173376,0.08198751509189606
2905,-1.7819308042526245,-1.8062987327575684,0.011496518738567829,0.012871403247117996,0.08196283131837845
2906,-1.973301887512207,-1.982391595840454,0.0038266447372734547,0.005263117142021656,0.08193817734718323
2907,-1.7604293823242188,-1.8327302932739258,0.03416655585169792,0.03813429921865463,0.081913523375988
2908,-1.9557404518127441,-1.9688928127288818,0.004893021192401648,0.008259249851107597,0.08188889920711517
2909,-1.7765333652496338,-1.7948335409164429,0.007978744804859161,0.010321365669369698,0.08186428248882294
2910,-1.6982712745666504,-1.710192084312439,0.005263159517198801,0.006657576188445091,0.08183969557285309
2911,-1.89991295337677,-1.9160536527633667,0.007252871058881283,0.00888783298432827,0.08181507140398026
2912,-1.912622094154358,-1.936044454574585,0.012651831842958927,0.01077057234942913,0.08179046213626862
2913,-1.9599920511245728,-1.986483097076416,0.015596737153828144,0.01089428924024105,0.08176581561565399
2914,-1.7077221870422363,-1.7180081605911255,0.005068094469606876,0.005217850208282471,0.08174113929271698
2915,-1.9488309621810913,-1.9606987237930298,0.0073021287098526955,0.004565541632473469,0.08171643316745758
2916,-1.769156575202942,-1.7884602546691895,0.009823080152273178,0.009480645880103111,0.0816916972398758
2917,-1.8645358085632324,-1.8910417556762695,0.012269075959920883,0.014236895367503166,0.08166699856519699
2918,-1.727351188659668,-1.737218976020813,0.004973364062607288,0.004894340876489878,0.08164237439632416
2919,-1.6541448831558228,-1.6703119277954102,0.0048379614017903805,0.01132901106029749,0.08161775767803192
2920,-1.8866515159606934,-1.8944917917251587,0.0037636184133589268,0.004076640121638775,0.08159317821264267
2921,-1.791634202003479,-1.8081437349319458,0.008649807423353195,0.007859722711145878,0.08156867325305939
2922,-1.4897531270980835,-1.6064213514328003,0.058627963066101074,0.058040209114551544,0.08154415339231491
2923,-1.8008021116256714,-1.8297351598739624,0.014334128238260746,0.01459894422441721,0.08151964098215103
2924,-1.8983304500579834,-1.9087902307510376,0.0057997433468699455,0.004660050384700298,0.08149517327547073
2925,-1.8673958778381348,-1.8833558559417725,0.007891147397458553,0.008068852126598358,0.08147067576646805
2926,-1.7992082834243774,-1.8098008632659912,0.004404495470225811,0.0061880070716142654,0.08144624531269073
2927,-1.9348036050796509,-1.9565415382385254,0.011434352956712246,0.010303560644388199,0.08142182230949402
2928,-1.865624189376831,-1.879448652267456,0.006720520555973053,0.0071038734167814255,0.0813974067568779
2929,-1.8333203792572021,-1.8445698022842407,0.00532939936965704,0.005920045543462038,0.08137307316064835
2930,-1.9958884716033936,-2.007242441177368,0.005171614233404398,0.006182434037327766,0.08134876936674118
2931,-1.7797210216522217,-1.790597915649414,0.005610710475593805,0.005266176536679268,0.08132442831993103
2932,-1.7114834785461426,-1.7238723039627075,0.006273564416915178,0.006115347612649202,0.0813000425696373
2933,-1.5954711437225342,-1.6197926998138428,0.009612549096345901,0.014708951115608215,0.08127567917108536
2934,-1.9801862239837646,-2.001441478729248,0.012229022569954395,0.009026257321238518,0.08125130832195282
2935,-1.7044569253921509,-1.729472279548645,0.010495073162019253,0.014520229771733284,0.08122699707746506
2936,-1.9583370685577393,-1.9724063873291016,0.00806974433362484,0.005999553017318249,0.08120270073413849
2937,-1.7335262298583984,-1.752637267112732,0.007313353009521961,0.011797694489359856,0.08117842674255371
2938,-1.78391432762146,-1.7994532585144043,0.009346961043775082,0.006191955879330635,0.08115416020154953
2939,-1.9216467142105103,-1.9320347309112549,0.005809392314404249,0.00457855174317956,0.08112987875938416
2940,-1.7463793754577637,-1.7578316926956177,0.0060889399610459805,0.005363336764276028,0.08110556751489639
2941,-1.9095196723937988,-1.918182611465454,0.003479357110336423,0.005183625500649214,0.0810813456773758
2942,-1.971118688583374,-1.982300043106079,0.005821491591632366,0.005359912756830454,0.0810571014881134
2943,-1.8234798908233643,-1.8335378170013428,0.00520944781601429,0.00484849838539958,0.081032894551754
2944,-1.9042390584945679,-1.9096410274505615,0.0027858486864715815,0.002616138895973563,0.08100870996713638
2945,-1.8628997802734375,-1.874696969985962,0.005948240868747234,0.00584905780851841,0.08098454773426056
2946,-1.843268871307373,-1.8526822328567505,0.0041808136738836765,0.005232550203800201,0.08096040040254593
2947,-1.9148895740509033,-1.9238358736038208,0.004570798948407173,0.004375410731881857,0.08093629777431488
2948,-1.6323585510253906,-1.6532312631607056,0.010277203284204006,0.010595610365271568,0.08091215789318085
2949,-1.704021692276001,-1.7102831602096558,0.0038791471160948277,0.0023822481743991375,0.08088802546262741
2950,-1.6115248203277588,-1.6289472579956055,0.011329812929034233,0.006092703901231289,0.0808638259768486
2951,-1.751456379890442,-1.7732270956039429,0.010313795879483223,0.011456985026597977,0.0808396190404892
2952,-1.742675542831421,-1.763398289680481,0.00969218835234642,0.011030501686036587,0.0808153972029686
2953,-1.675280213356018,-1.6967144012451172,0.011353588663041592,0.01008057314902544,0.08079119771718979
2954,-1.7465081214904785,-1.816231608390808,0.034139711409807205,0.03558371216058731,0.08076699078083038
2955,-1.9296767711639404,-1.9364871978759766,0.002952577080577612,0.003857850097119808,0.080742746591568
2956,-1.7700787782669067,-1.7888832092285156,0.00989460851997137,0.00890982523560524,0.08071853220462799
2957,-1.8997889757156372,-1.921544075012207,0.011056942865252495,0.010698181577026844,0.08069431036710739
2958,-1.878664493560791,-1.8982248306274414,0.010203965939581394,0.009356332942843437,0.08067008852958679
2959,-1.8907997608184814,-1.8987207412719727,0.004176366608589888,0.003744639689102769,0.08064588159322739
2960,-1.7680243253707886,-1.7838315963745117,0.008445298299193382,0.0073620108887553215,0.08062173426151276
2961,-1.9446909427642822,-1.954803466796875,0.005329239182174206,0.0047832359559834,0.08059761673212051
2962,-1.8373678922653198,-1.8475475311279297,0.005719367880374193,0.004460248164832592,0.08057349920272827
2963,-1.528937816619873,-1.5488284826278687,0.011487577110528946,0.008403097279369831,0.08054935932159424
2964,-1.8734767436981201,-1.8845791816711426,0.005226368550211191,0.005876075476408005,0.08052527904510498
2965,-1.9200290441513062,-1.9343637228012085,0.0075312950648367405,0.006803346797823906,0.08050120621919632
2966,-1.907975196838379,-1.9178857803344727,0.005403655581176281,0.004506987053900957,0.08047712594270706
2967,-1.7172847986221313,-1.727765679359436,0.004309113137423992,0.006171810440719128,0.08045303076505661
2968,-1.9997775554656982,-2.021885395050049,0.011116092093288898,0.010991765186190605,0.08042894303798676
2969,-1.9578559398651123,-1.9717950820922852,0.006888610310852528,0.007050471380352974,0.0804048404097557
2970,-1.6579724550247192,-1.6705451011657715,0.005512456875294447,0.007060198578983545,0.08038076758384705
2971,-1.786169171333313,-1.799363613128662,0.006730406079441309,0.0064640287309885025,0.08035667985677719
2972,-1.9502240419387817,-1.9680850505828857,0.009396390989422798,0.0084645701572299,0.08033259958028793
2973,-1.9623253345489502,-1.9688962697982788,0.0029527221340686083,0.003618219867348671,0.0803084746003151
2974,-1.722760796546936,-1.7368777990341187,0.008198752999305725,0.0059182546101510525,0.08028438687324524
2975,-1.8728963136672974,-1.8842017650604248,0.005662810988724232,0.005642691161483526,0.0802602544426918
2976,-1.5804482698440552,-1.599668264389038,0.010383875109255314,0.008836181834340096,0.08023616671562195
2977,-1.6764119863510132,-1.7058496475219727,0.013808861374855042,0.01562880352139473,0.08021208643913269
2978,-1.5231162309646606,-1.574194312095642,0.020718403160572052,0.03035956807434559,0.08018799126148224
2979,-1.83893620967865,-1.8563756942749023,0.008905133232474327,0.008534368127584457,0.08016392588615417
2980,-1.8684394359588623,-1.8887898921966553,0.00929806288331747,0.011052415706217289,0.08013992756605148
2981,-1.7943382263183594,-1.8068108558654785,0.003008956089615822,0.009463630616664886,0.08011587709188461
2982,-2.0434563159942627,-2.053593635559082,0.005118622910231352,0.005018613301217556,0.08009182661771774
2983,-1.9641494750976562,-1.9814600944519043,0.007043312303721905,0.010267268866300583,0.08006779104471207
2984,-1.8935520648956299,-1.9080426692962646,0.0072667719796299934,0.007223804481327534,0.08004382252693176
2985,-1.9410985708236694,-1.9522610902786255,0.004557861480861902,0.006604684516787529,0.08001983165740967
2986,-1.9662748575210571,-1.9833903312683105,0.006654961500316858,0.010460464283823967,0.07999584078788757
2987,-1.9517608880996704,-1.9642930030822754,0.007962441071867943,0.004569627344608307,0.07997182756662369
2988,-1.942199945449829,-1.9589358568191528,0.008640486747026443,0.008095364086329937,0.0799478068947792
2989,-1.7249962091445923,-1.7365660667419434,0.004281905014067888,0.007288016378879547,0.0799238532781601
2990,-1.722574234008789,-1.7454683780670166,0.009235158562660217,0.013658992946147919,0.07989992201328278
2991,-1.9277067184448242,-1.9409124851226807,0.005017582792788744,0.008188178762793541,0.07987602055072784
2992,-1.7440807819366455,-1.7527751922607422,0.004003021400421858,0.004691380076110363,0.0798521414399147
2993,-1.7669528722763062,-1.780606985092163,0.007095011882483959,0.006559133064001799,0.07982829213142395
2994,-1.8787202835083008,-1.888392686843872,0.00604428444057703,0.003628078382462263,0.07980446517467499
2995,-1.8367825746536255,-1.8503406047821045,0.006008409895002842,0.007549681700766087,0.0797806829214096
2996,-1.8944164514541626,-1.9045828580856323,0.005982249975204468,0.004184113349765539,0.07975687086582184
2997,-1.9061590433120728,-1.9198672771453857,0.006337454542517662,0.007370859384536743,0.07973305135965347
2998,-1.7921369075775146,-1.8045353889465332,0.006480527576059103,0.005917940754443407,0.07970919460058212
2999,-1.8288904428482056,-1.8380848169326782,0.005514159798622131,0.0036801828537136316,0.07968529313802719
3000,-1.9270203113555908,-1.9345717430114746,0.004231264814734459,0.0033201659098267555,0.07966143637895584
3001,-1.8651771545410156,-1.8743751049041748,0.004480098374187946,0.004717777483165264,0.07963758707046509
3002,-1.7989871501922607,-1.8059403896331787,0.00402413122355938,0.002929035807028413,0.07961373776197433
3003,-1.5307129621505737,-1.5755412578582764,0.021209396421909332,0.023618992418050766,0.07958988100290298
3004,-1.777571678161621,-1.7882108688354492,0.005978250876069069,0.004661015700548887,0.07956606894731522
3005,-1.8652592897415161,-1.8871135711669922,0.010988662019371986,0.010865512304008007,0.07954228669404984
3006,-1.8274084329605103,-1.892147421836853,0.03441871330142021,0.030320340767502785,0.07951852679252625
3007,-1.982709527015686,-1.990276575088501,0.00426024803891778,0.0033067362383008003,0.07949479669332504
3008,-1.8077937364578247,-1.8192681074142456,0.006199475843459368,0.005274868570268154,0.07947107404470444
3009,-1.801468014717102,-1.8109936714172363,0.004805421456694603,0.004720187280327082,0.07944737374782562
3010,-1.6013826131820679,-1.6192615032196045,0.009634140878915787,0.008244765922427177,0.0794236809015274
3011,-1.8083696365356445,-1.821571707725525,0.0035644168965518475,0.009637701325118542,0.07940004765987396
3012,-1.9526939392089844,-1.9607980251312256,0.00316677987575531,0.004937272053211927,0.07937636971473694
3013,-1.9898571968078613,-2.0523195266723633,0.031756721436977386,0.030705716460943222,0.07935269922018051
3014,-1.710677146911621,-1.7354683876037598,0.010955979116261005,0.01383531279861927,0.07932909578084946
3015,-1.5359441041946411,-1.5693963766098022,0.016490517184138298,0.01696178689599037,0.07930546998977661
3016,-1.8358008861541748,-1.8602581024169922,0.012945357710123062,0.011511820368468761,0.07928185909986496
3017,-1.6798231601715088,-1.7020506858825684,0.012418951839208603,0.009808582253754139,0.0792582556605339
3018,-1.9373277425765991,-1.9481600522994995,0.00447687366977334,0.006355365738272667,0.07923467457294464
3019,-1.9044874906539917,-1.9184818267822266,0.007831025868654251,0.00616334518417716,0.07921110093593597
3020,-1.8316988945007324,-1.8450202941894531,0.00660748640075326,0.006713859736919403,0.0791875571012497
3021,-1.993949055671692,-2.002668857574463,0.003967980854213238,0.004751763306558132,0.07916399836540222
3022,-1.917365312576294,-1.9263079166412354,0.003759597660973668,0.005183011759072542,0.07914046198129654
3023,-1.9687591791152954,-1.9846912622451782,0.009338218718767166,0.006593821570277214,0.07911688089370728
3024,-1.727771520614624,-1.748093843460083,0.011026006191968918,0.00929624866694212,0.0790933296084404
3025,-1.8618882894515991,-1.8719758987426758,0.006664742715656757,0.0034228023141622543,0.07906975597143173
3026,-1.6800645589828491,-1.6875191926956177,0.003000331111252308,0.004454248119145632,0.07904613763093948
3027,-1.6816037893295288,-1.6972934007644653,0.006684359163045883,0.009005364961922169,0.07902254909276962
3028,-1.7851992845535278,-1.7970542907714844,0.006505145225673914,0.005349916871637106,0.07899898290634155
3029,-1.7470862865447998,-1.7642905712127686,0.010120771825313568,0.00708356499671936,0.0789753869175911
3030,-1.8337715864181519,-1.8628672361373901,0.015108024701476097,0.013987609185278416,0.07895173877477646
3031,-1.7589507102966309,-1.7793405055999756,0.010060821659862995,0.010328967124223709,0.07892810553312302
3032,-1.6875990629196167,-1.7024505138397217,0.006829475983977318,0.008021937683224678,0.07890444993972778
3033,-1.7417713403701782,-1.9492377042770386,0.10341441631317139,0.10405199229717255,0.07888077199459076
3034,-1.6886571645736694,-1.6960753202438354,0.0038557457737624645,0.003562504192814231,0.07885709404945374
3035,-1.8296700716018677,-1.836894154548645,0.0027944084722548723,0.004429713357239962,0.0788334459066391
3036,-1.9530612230300903,-1.9628448486328125,0.005733419209718704,0.004050297196954489,0.07880979031324387
3037,-1.8181331157684326,-1.8357678651809692,0.007302835118025541,0.010331826284527779,0.07878617197275162
3038,-1.8945242166519165,-1.9061042070388794,0.005860373843461275,0.0057197012938559055,0.07876250892877579
3039,-2.046447992324829,-2.063640594482422,0.008665073662996292,0.008527632802724838,0.07873883098363876
3040,-1.7308480739593506,-1.7415763139724731,0.004747473169118166,0.005980746354907751,0.07871516048908234
3041,-1.7917077541351318,-1.8043124675750732,0.004742779769003391,0.007861956022679806,0.0786915197968483
3042,-1.9066256284713745,-1.9186015129089355,0.007678687572479248,0.0042971353977918625,0.07866784930229187
3043,-1.7687764167785645,-1.7863738536834717,0.009418769739568233,0.00817873701453209,0.07864420115947723
3044,-1.840149998664856,-1.847676396369934,0.004111043643206358,0.0034152884036302567,0.0786205381155014
3045,-2.0195512771606445,-2.0351364612579346,0.007980594411492348,0.00760458642616868,0.07859688997268677
3046,-1.988647222518921,-1.9989452362060547,0.006380219478160143,0.003917847294360399,0.07857324182987213
3047,-1.6264415979385376,-1.6333039999008179,0.004427662584930658,0.002434682799503207,0.07854962348937988
3048,-1.7578191757202148,-1.7744395732879639,0.00861951895058155,0.008000850677490234,0.07852599024772644
3049,-1.5314581394195557,-1.5666133165359497,0.017857437953352928,0.01729770004749298,0.07850240916013718
3050,-1.8078014850616455,-1.8171947002410889,0.003787421388551593,0.005605797749012709,0.0784788653254509
3051,-1.6433734893798828,-1.6554512977600098,0.005173153709620237,0.006904613692313433,0.07845532894134521
3052,-1.9101269245147705,-1.9230501651763916,0.005556885618716478,0.007366258185356855,0.07843182235956192
3053,-1.7743065357208252,-1.7954338788986206,0.008296959102153778,0.012830359861254692,0.07840826362371445
3054,-2.0921132564544678,-2.0968315601348877,0.0016302027506753802,0.0030879206024110317,0.07838473469018936
3055,-1.9842522144317627,-1.9919679164886475,0.004517397377640009,0.0031982872169464827,0.07836124300956726
3056,-2.0481441020965576,-2.059201717376709,0.0056514497846364975,0.005406158044934273,0.07833778113126755
3057,-1.9475828409194946,-1.957032561302185,0.0038391663692891598,0.005610614083707333,0.07831436395645142
3058,-1.824601411819458,-1.8554046154022217,0.013743748888373375,0.017059434205293655,0.07829087972640991
3059,-1.9071094989776611,-1.9206551313400269,0.0061189099214971066,0.007426711730659008,0.0782674178481102
3060,-1.9120910167694092,-1.9246660470962524,0.005300357937812805,0.007274636998772621,0.07824398577213287
3061,-1.7599464654922485,-1.7754688262939453,0.0053314268589019775,0.010191012173891068,0.07822053879499435
3062,-1.895486831665039,-1.9050579071044922,0.003734373254701495,0.005836679600179195,0.07819709926843643
3063,-1.7923243045806885,-1.8016663789749146,0.005485532805323601,0.003856590948998928,0.0781736895442009
3064,-1.6299504041671753,-1.645819067955017,0.007075686473399401,0.008793024346232414,0.07815024256706238
3065,-1.7909919023513794,-1.7987158298492432,0.003557296469807625,0.0041666533797979355,0.07812678813934326
3066,-1.6023942232131958,-1.6292190551757812,0.01146402396261692,0.015360821038484573,0.07810332626104355
3067,-2.0497779846191406,-2.061472177505493,0.007067428436130285,0.004626723937690258,0.07807987928390503
3068,-1.7494382858276367,-1.7613483667373657,0.0048668100498616695,0.007043296471238136,0.07805650681257248
3069,-1.7320479154586792,-1.7406949996948242,0.004468281753361225,0.00417877035215497,0.07803318649530411
3070,-1.586240291595459,-1.5985242128372192,0.006516828667372465,0.005767101887613535,0.07800986617803574
3071,-1.6230454444885254,-1.6391979455947876,0.008214524015784264,0.007938007824122906,0.07798654586076736
3072,-1.860317587852478,-1.8693718910217285,0.004054524004459381,0.004999724682420492,0.07796324789524078
3073,-1.9508435726165771,-1.9658352136611938,0.005798844154924154,0.00919285137206316,0.07794005423784256
3074,-1.525327444076538,-1.542547583580017,0.007339554838836193,0.009880552999675274,0.07791686803102493
3075,-1.9806294441223145,-1.9876470565795898,0.0028179557994008064,0.00419958308339119,0.07789366692304611
3076,-1.854720115661621,-1.8654484748840332,0.004889954812824726,0.005838348064571619,0.07787053287029266
3077,-1.9184160232543945,-1.9267423152923584,0.004140031524002552,0.004186300095170736,0.07784740626811981
3078,-1.839556336402893,-1.8492162227630615,0.0035100067034363747,0.00614983681589365,0.07782424241304398
3079,-0.9485955238342285,-2.000948905944824,0.5417447090148926,0.5106086730957031,0.07780105620622635
3080,-1.7198116779327393,-1.785129427909851,0.0325215607881546,0.03279615566134453,0.0777779221534729
3081,-1.8295215368270874,-1.8578346967697144,0.012320763431489468,0.015992429107427597,0.07775476574897766
3082,-1.9789763689041138,-2.006742000579834,0.009444858878850937,0.01832076534628868,0.0777316763997078
3083,-2.041619062423706,-2.070679187774658,0.013254034332931042,0.015806272625923157,0.07770854979753494
3084,-1.6485971212387085,-1.6634360551834106,0.007084357552230358,0.007754536811262369,0.0776854082942009
3085,-1.8096590042114258,-1.8215532302856445,0.005721937865018845,0.006172291003167629,0.07766229659318924
3086,-1.947809100151062,-1.9545732736587524,0.002974420553073287,0.00378982350230217,0.0776391550898552
3087,-1.867990493774414,-1.8896701335906982,0.008442582562565804,0.01323698926717043,0.07761598378419876
3088,-1.9805289506912231,-2.005704164505005,0.014499733224511147,0.01067544799298048,0.07759276777505875
3089,-1.7750905752182007,-1.7975536584854126,0.009826641529798508,0.01263637375086546,0.07756955176591873
3090,-1.8513566255569458,-1.8660629987716675,0.005165755748748779,0.009540721774101257,0.0775463655591011
3091,-1.9033687114715576,-1.9974277019500732,0.047527045011520386,0.04653197154402733,0.07752320170402527
3092,-1.798416018486023,-1.8137420415878296,0.007575808558613062,0.007750286720693111,0.07750003039836884
3093,-1.9233819246292114,-1.940147876739502,0.007394878659397364,0.009370999410748482,0.07747684419155121
3094,-2.11509108543396,-2.127889633178711,0.006460269447416067,0.006338280159980059,0.07745364308357239
3095,-1.7753708362579346,-1.793537974357605,0.00869558285921812,0.009471520781517029,0.07743047177791595
3096,-1.9431662559509277,-1.9575092792510986,0.0060654291883111,0.00827759224921465,0.07740728557109833
3097,-1.8767483234405518,-1.8929424285888672,0.007537479512393475,0.008656609803438187,0.07738415151834488
3098,-1.9978389739990234,-2.01356840133667,0.00736073637381196,0.008368687704205513,0.07736105471849442
3099,-2.0312247276306152,-2.0382273197174072,0.0036799018271267414,0.0033226143568754196,0.07733798027038574
3100,-1.7973017692565918,-1.8733868598937988,0.040229469537734985,0.03585565835237503,0.07731488347053528
3101,-1.734384298324585,-1.7521719932556152,0.007442698813974857,0.010345038026571274,0.07729177176952362
3102,-1.8862303495407104,-1.8964366912841797,0.005334386136382818,0.004871978424489498,0.07726866751909256
3103,-1.7345707416534424,-1.7602061033248901,0.011774138547480106,0.01386121567338705,0.07724553346633911
3104,-2.0278701782226562,-2.0420854091644287,0.007315944414585829,0.006899369414895773,0.07722238451242447
3105,-1.7282016277313232,-1.745152235031128,0.007383475545793772,0.009567192755639553,0.07719928026199341
3106,-1.6708388328552246,-1.692865252494812,0.012534765526652336,0.009491688571870327,0.07717614620923996
3107,-1.8226828575134277,-1.8452082872390747,0.012074533849954605,0.010450850240886211,0.07715298980474472
3108,-1.95095694065094,-1.9676012992858887,0.009407127276062965,0.007237199693918228,0.07712984830141068
3109,-1.8513779640197754,-1.8614821434020996,0.0045618717558681965,0.005542334169149399,0.07710672169923782
3110,-1.8532084226608276,-1.8778966665267944,0.013353013433516026,0.011335283517837524,0.07708355784416199
3111,-1.5649049282073975,-1.5851439237594604,0.008921334519982338,0.0113176004961133,0.0770605131983757
3112,-1.7562350034713745,-1.7672557830810547,0.004920761100947857,0.006100050173699856,0.0770374983549118
3113,-1.9391340017318726,-1.960055947303772,0.011749409139156342,0.009172503836452961,0.07701446861028671
3114,-1.8760576248168945,-1.8871718645095825,0.0053269448690116405,0.005787279456853867,0.07699144631624222
3115,-1.7631442546844482,-1.7713429927825928,0.003119466593489051,0.005079319234937429,0.07696841657161713
3116,-1.892432689666748,-1.9025211334228516,0.0048710014671087265,0.005217385943979025,0.07694538682699203
3117,-1.8215947151184082,-1.8303699493408203,0.005068461410701275,0.0037068165838718414,0.07692242413759232
3118,-1.9975030422210693,-2.0076045989990234,0.006788589060306549,0.0033130806405097246,0.07689949870109558
3119,-1.8668385744094849,-1.8732123374938965,0.003304885933175683,0.003068879246711731,0.07687660306692123
3120,-1.8998682498931885,-1.915874719619751,0.00685852812603116,0.009147925302386284,0.07685364037752151
3121,-2.0686991214752197,-2.081184148788452,0.006077616475522518,0.006407465785741806,0.07683070749044418
3122,-2.006580352783203,-2.019850969314575,0.005880182143300772,0.007390614133328199,0.07680775970220566
3123,-1.6006962060928345,-1.612828016281128,0.0066910190507769585,0.005440829321742058,0.07678477466106415
3124,-1.8197860717773438,-1.8290574550628662,0.0035847641993314028,0.0056866793893277645,0.07676175236701965
3125,-1.9320886135101318,-1.9481027126312256,0.00869724527001381,0.007316786330193281,0.07673876732587814
3126,-2.028153657913208,-2.036165714263916,0.00395052507519722,0.004061464685946703,0.07671578973531723
3127,-1.8483244180679321,-1.8572309017181396,0.00243303831666708,0.006473418325185776,0.07669280469417572
3128,-1.7871878147125244,-1.7942173480987549,0.003088799538090825,0.003940735012292862,0.076669842004776
3129,-1.7484245300292969,-1.7583143711090088,0.005846110172569752,0.004043658263981342,0.07664688676595688
3130,-1.7865564823150635,-1.7969411611557007,0.005079188384115696,0.005305488593876362,0.07662387937307358
3131,-1.9525611400604248,-1.9680228233337402,0.008477931842207909,0.006983746774494648,0.07660093903541565
3132,-1.855263590812683,-1.864622712135315,0.003935419023036957,0.0054236347787082195,0.0765780583024025
3133,-1.9229763746261597,-1.9291330575942993,0.0028162235394120216,0.0033404557034373283,0.07655522227287292
3134,-1.9457067251205444,-1.9631961584091187,0.007143368013203144,0.010346016846597195,0.07653240859508514
3135,-1.9394323825836182,-1.9513152837753296,0.005593796260654926,0.006289108190685511,0.07650957256555557
3136,-1.9845705032348633,-2.0001163482666016,0.007156848907470703,0.008389020338654518,0.07648669928312302
3137,-1.6634883880615234,-1.6733410358428955,0.0040085758082568645,0.005844071973115206,0.07646383345127106
3138,-1.7065640687942505,-1.713782787322998,0.003341935109347105,0.0038767580408602953,0.0764409750699997
3139,-1.9262363910675049,-1.9397177696228027,0.007227570749819279,0.006253794301301241,0.0764181837439537
3140,-1.9293365478515625,-2.1355702877044678,0.1008874848484993,0.10534624010324478,0.07639537751674652
3141,-1.771917700767517,-1.781493902206421,0.004471090622246265,0.005105087999254465,0.07637253403663635
3142,-1.9464353322982788,-1.9543918371200562,0.004626033827662468,0.0033304854296147823,0.07634969055652618
3143,-2.0224924087524414,-2.050913095474243,0.01600818708539009,0.012412620708346367,0.076326884329319
3144,-1.7955114841461182,-1.8216962814331055,0.015906861051917076,0.010278003290295601,0.07630406320095062
3145,-1.7135144472122192,-1.7319262027740479,0.008066793903708458,0.010345008224248886,0.0762813463807106
3146,-1.8172199726104736,-1.835240364074707,0.00642981706187129,0.011590646579861641,0.07625861465930939
3147,-1.7851417064666748,-1.7953200340270996,0.005452337674796581,0.004725932609289885,0.07623594999313354
3148,-1.9778648614883423,-1.9885114431381226,0.005108339246362448,0.0055382647551596165,0.07621327042579651
3149,-1.7007311582565308,-1.7108221054077148,0.00511797284707427,0.004972964990884066,0.0761905387043953
3150,-1.7284717559814453,-1.7405164241790771,0.007565900683403015,0.004478844348341227,0.07616779953241348
3151,-1.7502671480178833,-1.7628415822982788,0.005154443439096212,0.007419909816235304,0.07614510506391525
3152,-1.7241852283477783,-1.7926247119903564,0.03401581943035126,0.034423697739839554,0.07612241804599762
3153,-1.7768410444259644,-2.026014566421509,0.1176488921046257,0.13152465224266052,0.07609975337982178
3154,-1.9746599197387695,-1.991499423980713,0.007765545044094324,0.009073998779058456,0.07607711106538773
3155,-1.8425383567810059,-1.851590871810913,0.006112424191087484,0.002940039150416851,0.07605442404747009
3156,-1.9019298553466797,-1.9088956117630005,0.0031599157955497503,0.0038059235084801912,0.07603170722723007
3157,-1.744098424911499,-1.7517728805541992,0.00298582436516881,0.004688562825322151,0.07600905001163483
3158,-1.825408697128296,-1.835468053817749,0.0038342969492077827,0.00622511375695467,0.07598643749952316
3159,-1.9706573486328125,-1.9857988357543945,0.008959569036960602,0.006181982345879078,0.07596379518508911
3160,-1.8734838962554932,-1.8819160461425781,0.004834108520299196,0.003598068840801716,0.07594116032123566
3161,-1.9660722017288208,-1.9750514030456543,0.0040654465556144714,0.004913822282105684,0.07591857016086578
3162,-1.9750698804855347,-1.987078309059143,0.004918367601931095,0.007090101949870586,0.0758960023522377
3163,-1.849015235900879,-1.8553826808929443,0.002544624265283346,0.003822825150564313,0.07587343454360962
3164,-1.9716604948043823,-1.990122675895691,0.008817998692393303,0.009644209407269955,0.07585088163614273
3165,-1.944799542427063,-1.9711546897888184,0.012881570495665073,0.013473587110638618,0.07582828402519226
3166,-1.7474919557571411,-1.7570407390594482,0.005355682224035263,0.004193060100078583,0.07580568641424179
3167,-1.7444677352905273,-1.8207768201828003,0.03751888498663902,0.038790203630924225,0.07578308135271072
3168,-1.8441376686096191,-1.853501558303833,0.004980386234819889,0.004383478779345751,0.07576049864292145
3169,-1.7754334211349487,-1.7912838459014893,0.010127883404493332,0.005722559988498688,0.07573790103197098
3170,-0.5875440835952759,-1.9401949644088745,0.6423524618148804,0.7102984189987183,0.07571530342102051
3171,-1.987076759338379,-2.0041675567626953,0.007912905886769295,0.009177873842418194,0.07569266855716705
3172,-2.113246440887451,-2.124613046646118,0.005231700837612152,0.006134943105280399,0.07567005604505539
3173,-2.0941014289855957,-2.1134490966796875,0.009544764645397663,0.009802844375371933,0.07564748823642731
3174,-2.0237503051757812,-2.032529592514038,0.004159579053521156,0.004619515500962734,0.07562495023012161
3175,-1.9534083604812622,-1.9649381637573242,0.005918459501117468,0.005611265543848276,0.07560241222381592
3176,-2.022794723510742,-2.0542800426483154,0.016906127333641052,0.014579223468899727,0.07557990401983261
3177,-2.0074222087860107,-2.020395040512085,0.005012958310544491,0.007959844544529915,0.07555736601352692
3178,-1.6969361305236816,-1.7358818054199219,0.01957685500383377,0.019368808716535568,0.07553481310606003
3179,-2.020944833755493,-2.0338518619537354,0.005786762572824955,0.007120344787836075,0.07551220059394836
3180,-1.9348320960998535,-2.021634340286255,0.04326758161187172,0.04353466257452965,0.07548962533473969
3181,-1.716719627380371,-1.7433419227600098,0.012556315399706364,0.014065960422158241,0.0754670798778534
3182,-1.9294791221618652,-1.945868968963623,0.009159578941762447,0.007230264134705067,0.0754445344209671
3183,-2.011138439178467,-2.0188136100769043,0.0029922733083367348,0.004682842642068863,0.07542204111814499
3184,-2.0718724727630615,-2.090294122695923,0.008740263991057873,0.00968153402209282,0.07539956271648407
3185,-1.870971441268921,-1.8852072954177856,0.004418594297021627,0.009817243553698063,0.07537712901830673
3186,-1.6555362939834595,-1.6935217380523682,0.0190868116915226,0.01889856904745102,0.07535476237535477
3187,-2.045886516571045,-2.061171770095825,0.005415763705968857,0.009869633242487907,0.07533234357833862
3188,-1.901444435119629,-2.0114033222198486,0.03624100983142853,0.07371781766414642,0.07530991733074188
3189,-1.74264395236969,-1.844888687133789,0.032276444137096405,0.06996838003396988,0.07528749108314514
3190,-1.6244789361953735,-1.6454617977142334,0.007450718432664871,0.013532140292227268,0.07526504248380661
3191,-1.7567496299743652,-1.7862281799316406,0.0129754189401865,0.016503073275089264,0.07524259388446808
3192,-1.933502197265625,-1.9502530097961426,0.006715825758874416,0.010035065934062004,0.07522013783454895
3193,-1.816161036491394,-1.8308078050613403,0.006553824990987778,0.008093032985925674,0.07519765198230743
3194,-1.7892576456069946,-1.8031212091445923,0.005924528930336237,0.00793900154531002,0.07517524063587189
3195,-1.834478497505188,-1.8554836511611938,0.009399358183145523,0.011605706065893173,0.07515282928943634
3196,-1.8923147916793823,-1.9043728113174438,0.005285775288939476,0.006772230379283428,0.07513038069009781
3197,-1.8053181171417236,-1.821770429611206,0.007195821963250637,0.009256517514586449,0.07510795444250107
3198,-1.7588527202606201,-1.7735358476638794,0.006732038222253323,0.007951172068715096,0.07508550584316254
3199,-2.136589288711548,-2.1474971771240234,0.003964344039559364,0.0069435215555131435,0.0750630721449852
3200,-1.937256932258606,-1.9544627666473389,0.008489646948873997,0.008716169744729996,0.07504063844680786
3201,-2.0197887420654297,-2.030987501144409,0.004728913307189941,0.006469732150435448,0.07501818984746933
3202,-1.833908200263977,-1.8454684019088745,0.004508238285779953,0.007051919121295214,0.07499577850103378
3203,-1.9568049907684326,-1.9630451202392578,0.0027049551717936993,0.003535185707733035,0.07497343420982361
3204,-1.9820985794067383,-2.00165057182312,0.011038219556212425,0.00851377472281456,0.07495107501745224
3205,-1.8121275901794434,-1.8295444250106812,0.009020238183438778,0.008396606892347336,0.07492867112159729
3206,-2.0435917377471924,-2.058112144470215,0.007536489516496658,0.006984054576605558,0.07490623742341995
3207,-1.9130860567092896,-1.926002860069275,0.005448298063129187,0.007468408904969692,0.07488375157117844
3208,-1.6250241994857788,-1.6830848455429077,0.02085314318537712,0.03720744699239731,0.07486128062009811
3209,-1.7085700035095215,-1.7343512773513794,0.007712844759225845,0.018068373203277588,0.07483886182308197
3210,-1.7944377660751343,-1.8168971538543701,0.009674555622041225,0.012784896418452263,0.07481642067432404
3211,-1.930590271949768,-1.9421796798706055,0.005242675077170134,0.006346733774989843,0.07479403913021088
3212,-1.7951829433441162,-1.811946153640747,0.006611572578549385,0.010151660069823265,0.07477164268493652
3213,-1.7768945693969727,-1.7944602966308594,0.007692734245210886,0.009873039089143276,0.07474925369024277
3214,-1.857088565826416,-1.8705040216445923,0.0060210381634533405,0.007394383195787668,0.07472685724496841
3215,-2.0800747871398926,-2.089667558670044,0.004928801208734512,0.0046638306230306625,0.07470446825027466
3216,-1.9194626808166504,-1.938278079032898,0.01018294133245945,0.008632374927401543,0.07468210160732269
3217,-1.9654382467269897,-1.9755314588546753,0.005766304209828377,0.0043268995359539986,0.07465974241495132
3218,-1.8600412607192993,-1.8768357038497925,0.007954313419759274,0.008840130642056465,0.07463738322257996
3219,-1.8524231910705566,-1.865995168685913,0.0065157790668308735,0.007056213915348053,0.07461503893136978
3220,-1.9930100440979004,-2.0066967010498047,0.008098903112113476,0.005587696097791195,0.07459267973899841
3221,-1.9415305852890015,-2.089770555496216,0.07207447290420532,0.07616552710533142,0.07457040250301361
3222,-1.7309807538986206,-1.744502305984497,0.005804486572742462,0.007717045955359936,0.07454814016819
3223,-1.6525801420211792,-1.6732854843139648,0.009297236800193787,0.011408126913011074,0.0745258778333664
3224,-1.933718204498291,-1.9465224742889404,0.005705481860786676,0.0070988512597978115,0.0745035782456398
3225,-1.8410311937332153,-1.85733962059021,0.008193528279662132,0.008114905096590519,0.07448138296604156
3226,-2.0297319889068604,-2.037816047668457,0.003975286148488522,0.0041087111458182335,0.07445915043354034
3227,-2.002350330352783,-2.0095438957214355,0.0038274312391877174,0.003366163931787014,0.07443692535161972
3228,-1.8474957942962646,-1.860508680343628,0.00544123025611043,0.007571638096123934,0.0744146928191185
3229,-1.829330325126648,-1.8629581928253174,0.011765296570956707,0.02186267077922821,0.07439250499010086
3230,-1.8832614421844482,-1.9139642715454102,0.009892538189888,0.02081027813255787,0.0743703544139862
3231,-1.8346396684646606,-1.8438587188720703,0.00477305892854929,0.00444602407515049,0.07434818893671036
3232,-1.7224547863006592,-1.7393959760665894,0.00844457559287548,0.008496653288602829,0.07432600110769272
3233,-1.1819301843643188,-1.5824344158172607,0.19742965698242188,0.20307452976703644,0.07430374622344971
3234,-1.8416856527328491,-1.9180397987365723,0.03671140596270561,0.03964266553521156,0.0742814838886261
3235,-1.647035002708435,-1.8688454627990723,0.11117739975452423,0.11063306778669357,0.07425925880670547
3236,-1.6047102212905884,-1.7828361988067627,0.09502090513706207,0.08310513943433762,0.07423710078001022
3237,-1.7554030418395996,-1.7693500518798828,0.005326115991920233,0.008620860986411572,0.07421495765447617
3238,-1.8664839267730713,-1.886932611465454,0.010046911425888538,0.010401764884591103,0.07419280707836151
3239,-2.0968170166015625,-2.1133780479431152,0.0075816866010427475,0.00897927861660719,0.07417057454586029
3240,-1.964739203453064,-1.9802587032318115,0.0069999475963413715,0.008519476279616356,0.0741482824087143
3241,-1.8753329515457153,-1.889223575592041,0.006114190444350243,0.007776400540024042,0.0741259753704071
3242,-1.9630846977233887,-1.977003812789917,0.0055767446756362915,0.008342357352375984,0.07410363852977753
3243,-1.974855899810791,-1.9922674894332886,0.009047450497746468,0.008364115841686726,0.07408138364553452
3244,-1.8412601947784424,-2.039761543273926,0.09705597907304764,0.1014452651143074,0.0740591511130333
3245,-1.7607920169830322,-1.7772903442382812,0.008132744580507278,0.00836560782045126,0.07403690367937088
3246,-1.8783042430877686,-1.88746976852417,0.0034619357902556658,0.005703513976186514,0.07401461154222488
3247,-1.6538289785385132,-1.6697016954421997,0.006978790275752544,0.008893966674804688,0.07399236410856247
3248,-1.8624275922775269,-1.872774600982666,0.00453167362138629,0.005815331358462572,0.07397010177373886
3249,-1.885340929031372,-1.905526876449585,0.008637996390461922,0.011547906324267387,0.07394783198833466
3250,-1.8031895160675049,-1.828279972076416,0.011994256637990475,0.013096182607114315,0.07392558455467224
3251,-1.8809747695922852,-1.889298439025879,0.003737008199095726,0.004586661700159311,0.0739033967256546
3252,-1.8284753561019897,-1.874482274055481,0.015777088701725006,0.030229805037379265,0.07388132810592651
3253,-1.972862958908081,-1.9873359203338623,0.0068222349509596825,0.007650760933756828,0.07385927438735962
3254,-1.9059118032455444,-1.9210325479507446,0.006867259740829468,0.008253510110080242,0.07383721321821213
3255,-2.0913851261138916,-2.10026478767395,0.00449608126655221,0.004383583553135395,0.07381512224674225
3256,-2.072218894958496,-2.0835962295532227,0.007346929516643286,0.004030432086437941,0.07379309087991714
3257,-1.7902723550796509,-1.8041094541549683,0.007094555534422398,0.006742587313055992,0.07377114146947861
3258,-1.8447202444076538,-1.8674671649932861,0.012792224995791912,0.009954718872904778,0.07374919205904007
3259,-2.1160805225372314,-2.1252360343933105,0.004751428030431271,0.0044039953500032425,0.07372718304395676
3260,-1.801544189453125,-1.810984492301941,0.005093070678412914,0.004347190260887146,0.07370519638061523
3261,-1.9877272844314575,-1.9957507848739624,0.0020686096977442503,0.005954836029559374,0.07368321716785431
3262,-2.0192794799804688,-2.0262255668640137,0.0026446992997080088,0.004301371984183788,0.07366126030683517
3263,-1.6784002780914307,-1.7183561325073242,0.02283370867371559,0.017122182995080948,0.07363931089639664
3264,-1.950724720954895,-2.0673234462738037,0.05714743956923485,0.05945120006799698,0.0736173689365387
3265,-2.020195722579956,-2.040631055831909,0.009482515044510365,0.010952727869153023,0.07359544932842255
3266,-1.6947706937789917,-1.8366423845291138,0.06390555202960968,0.07796608656644821,0.07357355207204819
3267,-1.976427674293518,-2.013763904571533,0.01278212945908308,0.024554161354899406,0.07355163246393204
3268,-2.107227325439453,-2.1193125247955322,0.0062422314658761024,0.0058428882621228695,0.07352971285581589
3269,-1.7803921699523926,-1.8201889991760254,0.019894026219844818,0.019902832806110382,0.07350778579711914
3270,-1.934849500656128,-2.1101300716400146,0.08804485201835632,0.08723567426204681,0.07348589599132538
3271,-1.9997638463974,-2.0832409858703613,0.03962704539299011,0.04385005310177803,0.073464035987854
3272,-1.9055299758911133,-1.9139364957809448,0.004793019499629736,0.0036135222762823105,0.07344221323728561
3273,-1.487391471862793,-1.6706424951553345,0.09082572162151337,0.09242532402276993,0.07342038303613663
3274,-1.6985653638839722,-1.7183849811553955,0.009362149983644485,0.010457508265972137,0.07339856028556824
3275,-1.8598275184631348,-1.88278067111969,0.008389691822230816,0.014563413336873055,0.07337673753499985
3276,-1.9412479400634766,-1.9571384191513062,0.009290975518524647,0.006599569693207741,0.07335494458675385
3277,-2.000135660171509,-2.0126943588256836,0.007870110683143139,0.004688467364758253,0.07333318889141083
3278,-1.8573311567306519,-1.876978874206543,0.008710561320185661,0.010937245562672615,0.07331141084432602
3279,-1.9978214502334595,-2.0046355724334717,0.004115650895982981,0.00269854418002069,0.07328970730304718
3280,-1.8492399454116821,-1.8563988208770752,0.003789432579651475,0.003369486890733242,0.07326804101467133
3281,-1.79170560836792,-1.8047128915786743,0.006980397272855043,0.0060268547385931015,0.07324639707803726
3282,-2.080443859100342,-2.112055540084839,0.013601561076939106,0.018010025843977928,0.07322476804256439
3283,-2.0391829013824463,-2.0541205406188965,0.007303709629923105,0.007634024601429701,0.07320307195186615
3284,-1.9869710206985474,-1.9969968795776367,0.006391123402863741,0.003634636988863349,0.07318132370710373
3285,-1.8372925519943237,-1.858836054801941,0.010234437882900238,0.01130907703191042,0.0731596052646637
3286,-1.8414344787597656,-1.9923925399780273,0.08223466575145721,0.06872349977493286,0.07313789427280426
3287,-1.8445841073989868,-1.8567533493041992,0.005357197020202875,0.006812072824686766,0.07311619073152542
3288,-1.9203078746795654,-1.9323880672454834,0.006266956217586994,0.0058132074773311615,0.0730944499373436
3289,-1.7858368158340454,-1.8280912637710571,0.02068234421312809,0.021572142839431763,0.07307272404432297
3290,-1.782374620437622,-1.9178831577301025,0.0700136050581932,0.06549488008022308,0.07305096834897995
3291,-1.9378509521484375,-1.9647914171218872,0.01380561850965023,0.013134811073541641,0.07302918285131454
3292,-1.8626855611801147,-1.8908493518829346,0.013958064839243889,0.014205750077962875,0.07300738990306854
3293,-1.6894081830978394,-1.7126309871673584,0.011217772960662842,0.012004977092146873,0.07298561185598373
3294,-1.6473170518875122,-1.6876635551452637,0.015723496675491333,0.02462298981845379,0.07296384871006012
3295,-1.8185954093933105,-1.828002691268921,0.004458598792552948,0.0049486891366541386,0.0729420930147171
3296,-1.9232758283615112,-1.943421483039856,0.009815596044063568,0.01033009309321642,0.0729202851653099
3297,-1.9274492263793945,-1.941597580909729,0.00950220413506031,0.004646148532629013,0.07289846986532211
3298,-1.6417149305343628,-1.7735459804534912,0.07295482605695724,0.058876246213912964,0.07287660986185074
3299,-1.7999802827835083,-2.0069003105163574,0.10600413382053375,0.10091595351696014,0.07285475730895996
3300,-1.7709251642227173,-1.7887587547302246,0.010036680847406387,0.007796907797455788,0.07283291965723038
3301,-1.8747411966323853,-1.9184709787368774,0.023015446960926056,0.020714307203888893,0.07281104475259781
3302,-1.6666043996810913,-1.7631301879882812,0.04873945564031601,0.047786302864551544,0.07278917729854584
3303,-1.9654749631881714,-2.00774884223938,0.026034357026219368,0.016239548102021217,0.07276733219623566
3304,-1.78215754032135,-1.7955079078674316,0.007052366156131029,0.006297951098531485,0.07274554669857025
3305,-2.0000364780426025,-2.006572723388672,0.0027871550992131233,0.0037490446120500565,0.07272376120090485
3306,-1.9407496452331543,-1.9500874280929565,0.004505640361458063,0.004832184873521328,0.07270188629627228
3307,-1.8545769453048706,-1.8715780973434448,0.00981827825307846,0.007182855624705553,0.0726800486445427
3308,-1.946059226989746,-1.9716336727142334,0.013161950744688511,0.012412489391863346,0.07265818119049072
3309,-1.8279420137405396,-1.8550059795379639,0.01568293571472168,0.01138097234070301,0.07263634353876114
3310,-1.7840315103530884,-1.8071597814559937,0.010528631508350372,0.012599579989910126,0.07261447608470917
3311,-1.9365004301071167,-1.9620596170425415,0.012195590883493423,0.013363637030124664,0.07259266078472137
3312,-1.8522917032241821,-1.8601614236831665,0.003925371449440718,0.003944454248994589,0.07257091253995895
3313,-1.8427317142486572,-1.9212640523910522,0.048608265817165375,0.02992408722639084,0.07254914939403534
3314,-1.7507410049438477,-1.7900750637054443,0.015159327536821365,0.024174684658646584,0.07252735644578934
3315,-0.7243968844413757,-1.8377840518951416,0.4914657473564148,0.6219213604927063,0.07250557094812393
3316,-1.8478515148162842,-1.8684593439102173,0.008458065800368786,0.01214986015111208,0.07248380780220032
3317,-1.8548825979232788,-1.9122298955917358,0.021920181810855865,0.03542705625295639,0.07246212661266327
3318,-1.7728350162506104,-1.7974261045455933,0.010326950810849667,0.014264123514294624,0.07244044542312622
3319,-2.0136144161224365,-2.029909610748291,0.0070546832866966724,0.009240735322237015,0.07241880893707275
3320,-1.3980156183242798,-1.4776052236557007,0.031035615131258965,0.04855399578809738,0.0723971426486969
3321,-1.7700098752975464,-1.88438880443573,0.050955772399902344,0.06342318654060364,0.07237548381090164
3322,-1.9913557767868042,-2.0003676414489746,0.005116146057844162,0.003895700676366687,0.07235383242368698
3323,-1.7299426794052124,-1.8359102010726929,0.05706430971622467,0.0489032156765461,0.07233216613531113
3324,-1.768493890762329,-1.8465988636016846,0.03627016767859459,0.04183478280901909,0.07231046259403229
3325,-1.9487512111663818,-1.9817452430725098,0.013535093516111374,0.019458919763565063,0.07228874415159225
3326,-1.6646504402160645,-1.6884112358093262,0.00828369427472353,0.015477005392313004,0.07226699590682983
3327,-1.9246571063995361,-1.9483115673065186,0.010154398158192635,0.013500087894499302,0.07224524021148682
3328,-1.8070732355117798,-1.8329938650131226,0.014336520805954933,0.01158413290977478,0.0722234845161438
3329,-1.8936601877212524,-1.9131741523742676,0.010195796377956867,0.009318123571574688,0.07220177352428436
3330,-1.8120938539505005,-1.838837742805481,0.014203311875462532,0.01254053134471178,0.07218008488416672
3331,-1.8527028560638428,-1.8731815814971924,0.008165893144905567,0.01231289841234684,0.07215842604637146
3332,-2.202993869781494,-2.217893600463867,0.006289396435022354,0.008610239252448082,0.07213680446147919
3333,-1.9581573009490967,-1.98501718044281,0.011627229861915112,0.015232639387249947,0.07211510092020035
3334,-1.6888295412063599,-1.8818680047988892,0.08068795502185822,0.11235041171312332,0.07209344208240509
3335,-1.895593523979187,-1.9102987051010132,0.008114279247820377,0.006590877193957567,0.07207178324460983
3336,-1.6199060678482056,-1.6572229862213135,0.01871996559202671,0.018597029149532318,0.07205013930797577
3337,-1.9477301836013794,-1.9601101875305176,0.007128707133233547,0.0052512348629534245,0.0720284953713417
3338,-1.8512439727783203,-1.8711371421813965,0.011215701699256897,0.008677437901496887,0.07200693339109421
3339,-1.8198407888412476,-1.8487557172775269,0.01484617032110691,0.0140686659142375,0.07198534160852432
3340,-2.0146095752716064,-2.0373358726501465,0.012172063812613487,0.010554289445281029,0.07196378707885742
3341,-1.9033498764038086,-1.9300475120544434,0.011197147890925407,0.015500504523515701,0.07194225490093231
3342,-1.7008334398269653,-1.7174220085144043,0.008225071243941784,0.008363540284335613,0.07192075252532959
3343,-1.665147304534912,-1.7491003274917603,0.049111977219581604,0.03484110161662102,0.07189923524856567
3344,-1.4608638286590576,-1.4969074726104736,0.014799507334828377,0.02124420367181301,0.07187775522470474
3345,-1.781112790107727,-1.8017761707305908,0.00905340164899826,0.011610089801251888,0.07185621559619904
3346,-2.1142477989196777,-2.1555657386779785,0.021090921014547348,0.02022692561149597,0.07183470577001572
3347,-1.6429245471954346,-1.7375779151916504,0.04302646964788437,0.051626965403556824,0.0718131810426712
3348,-1.9419392347335815,-1.9595643281936646,0.009299153462052345,0.008325974456965923,0.0717916265130043
3349,-1.7487398386001587,-1.7820357084274292,0.01908368244767189,0.014212151989340782,0.07177013158798218
3350,-1.819907307624817,-1.8310706615447998,0.005472295917570591,0.005691030062735081,0.07174865901470184
3351,-1.9957232475280762,-2.030850410461426,0.017654795199632645,0.017472228035330772,0.07172724604606628
3352,-1.8556864261627197,-1.9491331577301025,0.04159725457429886,0.05184949189424515,0.07170584052801132
3353,-1.6141554117202759,-1.669386625289917,0.02641262859106064,0.028818611055612564,0.07168445736169815
3354,-1.844915747642517,-1.859157681465149,0.0077184285037219524,0.006523488089442253,0.07166305929422379
3355,-1.9536939859390259,-2.0088298320770264,0.028405403718352318,0.026730405166745186,0.07164169102907181
3356,-1.9719339609146118,-2.002286911010742,0.015352089889347553,0.01500078197568655,0.07162034511566162
3357,-1.7152254581451416,-1.756844401359558,0.017537882551550865,0.02408108301460743,0.07159899920225143
3358,-1.7612888813018799,-1.8118112087249756,0.02372138947248459,0.02680104970932007,0.07157769799232483
3359,-1.6965961456298828,-1.716360330581665,0.01029520109295845,0.009469005279242992,0.07155640423297882
3360,-1.8278355598449707,-1.8916130065917969,0.027712251991033554,0.03606518357992172,0.07153511792421341
3361,-2.081975221633911,-2.093576192855835,0.005312792956829071,0.006288272328674793,0.0715138167142868
3362,-1.9526032209396362,-2.017145872116089,0.03240247070789337,0.032140102237463,0.0714925080537796
3363,-1.9272037744522095,-1.9615896940231323,0.016795245930552483,0.017590699717402458,0.07147122174501419
3364,-1.7040661573410034,-1.8001452684402466,0.04964803531765938,0.0464310348033905,0.07144995778799057
3365,-1.6818572282791138,-1.7563551664352417,0.03524213284254074,0.03925582021474838,0.07142873853445053
3366,-1.9400086402893066,-1.9824706315994263,0.019996721297502518,0.022465217858552933,0.07140746712684631
3367,-1.7596603631973267,-1.7846806049346924,0.011847295798361301,0.01317294780164957,0.0713861882686615
3368,-1.8503220081329346,-1.867087721824646,0.008630235679447651,0.008135437965393066,0.07136491686105728
3369,-1.6205893754959106,-1.6518580913543701,0.017061641439795494,0.014207152649760246,0.07134362310171127
3370,-1.9902451038360596,-2.024895668029785,0.014499565586447716,0.020150916650891304,0.07132235914468765
3371,-1.8250789642333984,-1.8537869453430176,0.015533040277659893,0.013174883089959621,0.07130111008882523
3372,-1.9867678880691528,-2.037599563598633,0.025395367294549942,0.025436265394091606,0.07127980887889862
3373,-1.9280619621276855,-1.956699013710022,0.010488610714673996,0.018148448318243027,0.07125852257013321
3374,-1.6787097454071045,-1.6969516277313232,0.00820181705057621,0.010040096938610077,0.07123716920614243
3375,-1.9038444757461548,-1.915964126586914,0.00471444521099329,0.0074051497504115105,0.07121578603982925
3376,-1.848282814025879,-1.875195026397705,0.01512533612549305,0.011786800809204578,0.07119441777467728
3377,-1.7878944873809814,-1.8485130071640015,0.029787031933665276,0.030831485986709595,0.07117306441068649
3378,-1.8029056787490845,-1.8149727582931519,0.004661998245865107,0.0074050454422831535,0.0711517408490181
3379,-1.9213228225708008,-1.9634582996368408,0.02376403473317623,0.01837144047021866,0.0711304321885109
3380,-1.714336633682251,-1.7322354316711426,0.0074957082979381084,0.010403011925518513,0.07110912352800369
3381,-1.9283628463745117,-1.9394874572753906,0.00483142863959074,0.006293121259659529,0.07108776271343231
3382,-1.9773083925247192,-1.996554970741272,0.007250593509525061,0.01199597679078579,0.07106640934944153
3383,-2.0303452014923096,-2.047081708908081,0.00999366957694292,0.006743014790117741,0.07104503363370895
3384,-1.7851427793502808,-1.8085050582885742,0.012843950651586056,0.010518255643546581,0.07102371007204056
3385,-1.598315954208374,-1.6249017715454102,0.012429727241396904,0.014156115241348743,0.07100240886211395
3386,-1.4478055238723755,-1.6858365535736084,0.12451408058404922,0.1135169044137001,0.07098110020160675
3387,-1.8255252838134766,-1.841309666633606,0.008512246422469616,0.007272104267030954,0.07095977663993835
3388,-1.8755934238433838,-1.9121503829956055,0.017307812348008156,0.019249167293310165,0.07093852013349533
3389,-1.7877517938613892,-1.816847801208496,0.012233312241733074,0.01686277985572815,0.07091722637414932
3390,-1.6120226383209229,-1.6475532054901123,0.02085544914007187,0.014675197191536427,0.07089594006538391
3391,-1.5773028135299683,-1.606497883796692,0.012413499876856804,0.016781549900770187,0.0708746463060379
3392,-1.6949790716171265,-1.735045075416565,0.015382444486021996,0.024683557450771332,0.07085341215133667
3393,-1.928921103477478,-1.945713758468628,0.009687433950603008,0.007105233147740364,0.07083208113908768
3394,-1.8334224224090576,-1.8524872064590454,0.009794141165912151,0.00927070900797844,0.07081077247858047
3395,-1.875806212425232,-1.9290697574615479,0.02556399069726467,0.027699608355760574,0.07078951597213745
3396,-2.0444676876068115,-2.0781431198120117,0.021599166095256805,0.012076298706233501,0.07076830416917801
3397,-1.750024676322937,-1.8209279775619507,0.029959725216031075,0.04094357043504715,0.07074706256389618
3398,-1.9252675771713257,-1.9452054500579834,0.010826260782778263,0.009111679159104824,0.07072588056325912
3399,-1.85386061668396,-1.8746552467346191,0.00930053275078535,0.011494007892906666,0.07070470601320267
3400,-1.6254220008850098,-1.690119743347168,0.032771337777376175,0.03192634880542755,0.07068352401256561
3401,-1.7315212488174438,-1.7538106441497803,0.011169051751494408,0.011120280250906944,0.07066230475902557
3402,-1.6609526872634888,-1.7447295188903809,0.04014267772436142,0.04363423213362694,0.07064108550548553
3403,-1.8802242279052734,-1.8890113830566406,0.0049741207621991634,0.0038130234461277723,0.07061988115310669
3404,-1.8413097858428955,-1.858864188194275,0.00959718506783247,0.00795719213783741,0.07059866935014725
3405,-1.4008675813674927,-1.6066261529922485,0.09818672388792038,0.1075718104839325,0.07057745009660721
3406,-2.140503406524658,-2.150188446044922,0.005487521179020405,0.004197487607598305,0.07055623084306717
3407,-1.8046530485153198,-1.885071039199829,0.03761811554431915,0.042799804359674454,0.07053500413894653
3408,-2.156247854232788,-2.184159994125366,0.011639010161161423,0.01627296581864357,0.0705137550830841
3409,-1.8939461708068848,-1.9445228576660156,0.027495792135596275,0.02308092825114727,0.07049247622489929
3410,-1.8288042545318604,-1.8418653011322021,0.006868767086416483,0.00619234936311841,0.07047119736671448
3411,-1.7728849649429321,-1.7954102754592896,0.008950551971793175,0.01357466820627451,0.07044994831085205
3412,-1.873541235923767,-1.894273042678833,0.008739770390093327,0.011991919949650764,0.0704287737607956
3413,-1.914936900138855,-1.9476361274719238,0.014446239918470383,0.018252961337566376,0.07040763646364212
3414,-2.077751636505127,-2.090444326400757,0.006564987823367119,0.006127590779215097,0.07038653641939163
3415,-1.8649016618728638,-1.8979854583740234,0.015414955094456673,0.017668824642896652,0.07036542892456055
3416,-1.6992045640945435,-1.7186100482940674,0.008677028119564056,0.010728472843766212,0.07034429162740707
3417,-1.6305643320083618,-1.8272727727890015,0.09947501868009567,0.09723342955112457,0.07032321393489838
3418,-1.9889246225357056,-2.0258049964904785,0.015253246761858463,0.021627089008688927,0.07030219584703445
3419,-1.9412208795547485,-1.950834035873413,0.005694858729839325,0.0039183166809380054,0.07028111070394516
3420,-2.068033456802368,-2.073850393295288,0.0021558005828410387,0.0036611331161111593,0.07026007026433945
3421,-1.6812852621078491,-1.812429666519165,0.06774581968784332,0.06339860707521439,0.0702390968799591
3422,-1.8579518795013428,-2.0683202743530273,0.10074689239263535,0.10962149500846863,0.07021815329790115
3423,-1.9626635313034058,-1.9960954189300537,0.018123365938663483,0.015308534726500511,0.07019726186990738
3424,-1.8944555521011353,-1.9345338344573975,0.014783340506255627,0.025294849649071693,0.0701763778924942
3425,-1.7359775304794312,-1.7516529560089111,0.008587003685534,0.007088467478752136,0.07015544921159744
3426,-2.066094398498535,-2.0801196098327637,0.008284209296107292,0.0057410248555243015,0.0701344907283783
3427,-1.9209755659103394,-1.9499332904815674,0.012499827891588211,0.016457896679639816,0.07011349499225616
3428,-1.6713227033615112,-1.7209770679473877,0.0276058167219162,0.02204863354563713,0.07009252160787582
3429,-2.1489651203155518,-2.169635534286499,0.008407401852309704,0.012263057753443718,0.07007153332233429
3430,-2.053956985473633,-2.062809467315674,0.003968723583966494,0.00488367909565568,0.07005055248737335
3431,-1.8835384845733643,-1.9005529880523682,0.007007671985775232,0.010006826370954514,0.07002956420183182
3432,-1.914331316947937,-1.957180380821228,0.02107914723455906,0.021769937127828598,0.07000861316919327
3433,-1.8539745807647705,-1.8734233379364014,0.007727751508355141,0.011720976792275906,0.0699876993894577
3434,-1.9394243955612183,-1.9773250818252563,0.015521394088864326,0.022379273548722267,0.06996681541204453
3435,-1.9796874523162842,-2.002156972885132,0.010980385355651379,0.011489209719002247,0.06994596123695374
3436,-1.9825704097747803,-2.0076088905334473,0.009718302637338638,0.0153201874345541,0.06992512196302414
3437,-1.9174058437347412,-1.950880765914917,0.018410442396998405,0.015064500272274017,0.06990426778793335
3438,-1.741621732711792,-1.7612299919128418,0.011540563777089119,0.008067771792411804,0.06988339126110077
3439,-1.8155924081802368,-1.846869945526123,0.018207935616374016,0.013069653883576393,0.06986251473426819
3440,-1.6606632471084595,-1.7134984731674194,0.028491854667663574,0.024343352764844894,0.06984163075685501
3441,-1.7905603647232056,-1.8060665130615234,0.006785704754292965,0.008720356971025467,0.06982076913118362
3442,-1.9655765295028687,-1.982856035232544,0.009024182334542274,0.008255364373326302,0.06979991495609283
3443,-1.7544957399368286,-1.7821705341339111,0.012281801551580429,0.015392962843179703,0.06977908313274384
3444,-1.6495344638824463,-1.6730377674102783,0.011117461137473583,0.012385888956487179,0.06975830346345901
3445,-1.9354382753372192,-2.0205719470977783,0.04280625656247139,0.04232741892337799,0.06973743438720703
3446,-1.8552191257476807,-1.884979009628296,0.014142693020403385,0.015617171302437782,0.06971652060747147
3447,-1.7327606678009033,-1.7721889019012451,0.02173469215631485,0.017693474888801575,0.06969565153121948
3448,-2.136117935180664,-2.155306339263916,0.009048174135386944,0.010140224359929562,0.06967483460903168
3449,-1.7238788604736328,-1.7495687007904053,0.011610394343733788,0.014079483225941658,0.06965404003858566
3450,-1.8432246446609497,-1.8823435306549072,0.021454976871609688,0.017663922160863876,0.06963328272104263
3451,-1.7877107858657837,-1.8015893697738647,0.006811861414462328,0.007066694088280201,0.06961249560117722
3452,-1.8706574440002441,-1.8843815326690674,0.00563051737844944,0.00809359923005104,0.06959172338247299
3453,-1.59063720703125,-1.7164506912231445,0.06405274569988251,0.0617608018219471,0.06957101821899414
3454,-1.616223931312561,-1.6384960412979126,0.010092252865433693,0.012179803103208542,0.06955032050609589
3455,-0.7186217904090881,-1.7201200723648071,0.48477593064308167,0.5167223811149597,0.06952966004610062
3456,-1.5799338817596436,-1.713096022605896,0.07245457172393799,0.06070752814412117,0.06950905919075012
3457,-1.6798757314682007,-1.7795997858047485,0.05297079682350159,0.046753302216529846,0.06948839873075485
3458,-2.077526330947876,-2.090919256210327,0.006726727355271578,0.006666072178632021,0.0694677084684372
3459,-1.917488694190979,-1.9704737663269043,0.026588331907987595,0.02639678865671158,0.06944707781076431
3460,-1.7302441596984863,-1.7692649364471436,0.02054317481815815,0.018477564677596092,0.06942646205425262
3461,-1.9612447023391724,-1.9727519750595093,0.0061742146499454975,0.005333052482455969,0.06940587610006332
3462,-2.1653194427490234,-2.1898255348205566,0.013222170993685722,0.01128394901752472,0.06938529759645462
3463,-1.7467726469039917,-1.7678438425064087,0.009388753212988377,0.011682435870170593,0.0693647637963295
3464,-1.7976068258285522,-1.8364017009735107,0.016755539923906326,0.022039249539375305,0.0693441778421402
3465,-1.8972458839416504,-2.031799554824829,0.06990231573581696,0.06465142965316772,0.06932355463504791
3466,-1.7250800132751465,-1.7571922540664673,0.01421535573899746,0.01789693906903267,0.06930290907621384
3467,-1.749809741973877,-1.7977555990219116,0.024110259488224983,0.023835493251681328,0.06928222626447678
3468,-1.7065389156341553,-1.750063180923462,0.022793084383010864,0.02073115110397339,0.06926155090332031
3469,-1.8210970163345337,-1.8341312408447266,0.006541801150888205,0.006492330227047205,0.06924086064100266
3470,-1.5152701139450073,-1.5453108549118042,0.015346350148320198,0.014694339595735073,0.06922013312578201
3471,-1.3201239109039307,-1.359943151473999,0.020987894386053085,0.018831318244338036,0.06919942051172256
3472,-1.9590027332305908,-1.9758777618408203,0.010100336745381355,0.006774719338864088,0.0691787376999855
3473,-1.8508636951446533,-1.871715784072876,0.009008096531033516,0.011843997053802013,0.06915810704231262
3474,-1.9993598461151123,-2.015902042388916,0.0078003015369176865,0.008741814643144608,0.0691375806927681
3475,-1.8196094036102295,-1.8381162881851196,0.009416094981133938,0.009090786799788475,0.06911709159612656
3476,-1.8707398176193237,-1.8941103219985962,0.010423785075545311,0.01294672954827547,0.06909659504890442
3477,-1.8474839925765991,-1.876200556755066,0.015766717493534088,0.012949812225997448,0.06907607614994049
3478,-1.7150611877441406,-1.7352204322814941,0.011613279581069946,0.008546027354896069,0.06905554234981537
3479,-1.847722053527832,-1.8569543361663818,0.0052604228258132935,0.003971814177930355,0.06903497874736786
3480,-1.8336162567138672,-1.857128620147705,0.009078067727386951,0.01443428359925747,0.06901440769433975
3481,-1.7436556816101074,-1.7703787088394165,0.010469573549926281,0.016253497451543808,0.06899394094944
3482,-2.0120790004730225,-2.0283892154693604,0.008685674518346786,0.007624546531587839,0.06897345185279846
3483,-1.7507449388504028,-1.8261196613311768,0.030827337875962257,0.044547390192747116,0.0689530298113823
3484,-1.7686139345169067,-1.7781808376312256,0.005114465020596981,0.004452413879334927,0.06893259286880493
3485,-1.8692415952682495,-1.8806097507476807,0.0048239510506391525,0.006544219795614481,0.06891210377216339
3486,-1.9311294555664062,-1.9521783590316772,0.010925417765974998,0.010123460553586483,0.06889162212610245
3487,-1.4423056840896606,-1.5816445350646973,0.07512161880731583,0.06421718001365662,0.06887120753526688
3488,-1.8030833005905151,-1.8254852294921875,0.009274909272789955,0.01312694326043129,0.06885083019733429
3489,-1.9341922998428345,-1.9416017532348633,0.0038633053191006184,0.003546060062944889,0.0688304677605629
3490,-2.004030227661133,-2.018118381500244,0.005560057237744331,0.008528011851012707,0.06881015002727509
3491,-1.8430135250091553,-1.8596824407577515,0.006732272449880838,0.009936639107763767,0.06878982484340668
3492,-1.7318754196166992,-1.756676197052002,0.011192523874342442,0.013608158566057682,0.06876952946186066
3493,-2.1600353717803955,-2.1683409214019775,0.004580860026180744,0.0037245850544422865,0.06874912977218628
3494,-1.7674169540405273,-1.783374309539795,0.007219330407679081,0.008738026022911072,0.06872867792844772
3495,-1.7484996318817139,-1.8479336500167847,0.05215384066104889,0.04728015884757042,0.06870816648006439
3496,-1.5322843790054321,-1.5689254999160767,0.015849784016609192,0.020791247487068176,0.06868764758110046
3497,-1.7193629741668701,-1.7358226776123047,0.007227635011076927,0.009232085198163986,0.06866709142923355
3498,-1.9742108583450317,-2.040710926055908,0.02836294285953045,0.038137130439281464,0.06864653527736664
3499,-2.032499074935913,-2.056338310241699,0.01427987776696682,0.009559373371303082,0.06862594932317734
3500,-1.6383013725280762,-1.663102626800537,0.01031674537807703,0.014484467916190624,0.06860538572072983
3501,-1.8873921632766724,-1.9038444757461548,0.00890417117625475,0.007548140827566385,0.06858482956886292
3502,-1.8589627742767334,-1.875775694847107,0.009889759123325348,0.006923224776983261,0.06856431066989899
3503,-1.8999876976013184,-1.929205298423767,0.012583407573401928,0.016634274274110794,0.06854382902383804
3504,-1.7391201257705688,-1.7562670707702637,0.009279054589569569,0.007867947220802307,0.0685233399271965
3505,-1.8793232440948486,-1.8878796100616455,0.004240400157868862,0.004316020756959915,0.06850277632474899
3506,-1.9069013595581055,-1.9749571084976196,0.035770196467638016,0.03228560462594032,0.06848221272230148
3507,-1.8324625492095947,-1.8508034944534302,0.007943575270473957,0.010397322475910187,0.06846173107624054
3508,-2.134486198425293,-2.1488466262817383,0.0067185596562922,0.007641898468136787,0.06844133138656616
3509,-1.6691159009933472,-1.6980862617492676,0.013619299046695232,0.015351065434515476,0.06842096894979477
3510,-1.5908198356628418,-1.6280937194824219,0.016703831031918526,0.020570022985339165,0.06840057671070099
3511,-1.7921421527862549,-1.8044028282165527,0.006916888523846865,0.0053437501192092896,0.06838022917509079
3512,-1.9498674869537354,-1.9621509313583374,0.005923796445131302,0.006359744817018509,0.06835993379354477
3513,-1.5970983505249023,-1.7478811740875244,0.0845932886004448,0.06618956476449966,0.06833963096141815
3514,-1.7247045040130615,-1.80169677734375,0.03580522909760475,0.04118698835372925,0.06831931322813034
3515,-1.726599097251892,-1.7422528266906738,0.008211987093091011,0.007441806606948376,0.06829898804426193
3516,-1.9055570363998413,-1.927429437637329,0.0112355537712574,0.010636788792908192,0.06827864050865173
3517,-1.9585216045379639,-1.9758318662643433,0.009000714868307114,0.00830960925668478,0.06825821101665497
3518,-1.5685653686523438,-1.6452109813690186,0.04132143035531044,0.035324204713106155,0.0682377889752388
3519,-1.7002531290054321,-1.777658224105835,0.04138072207570076,0.03602436184883118,0.06821741163730621
3520,-1.844333529472351,-1.8599393367767334,0.008622120134532452,0.006983674596995115,0.06819695234298706
3521,-1.7398278713226318,-1.7654492855072021,0.013306966051459312,0.01231442205607891,0.06817653030157089
3522,-1.7312939167022705,-1.7771331071853638,0.020760010927915573,0.025079136714339256,0.06815619766712189
3523,-1.9407964944839478,-1.9644536972045898,0.015187356621026993,0.008469771593809128,0.06813587248325348
3524,-1.829136610031128,-1.8864530324935913,0.031883347779512405,0.02543303743004799,0.06811568886041641
3525,-1.8385605812072754,-1.8591971397399902,0.007365955505520105,0.01327064260840416,0.06809545308351517
3526,-1.8496084213256836,-1.860276222229004,0.004889670759439468,0.005778116639703512,0.0680752620100975
3527,-1.9846696853637695,-2.037050247192383,0.024506734684109688,0.027873758226633072,0.06805508583784103
3528,-1.5744495391845703,-1.5972092151641846,0.014817415736615658,0.00794230867177248,0.06803492456674576
3529,-1.8574458360671997,-1.8661954402923584,0.004805542528629303,0.003944056574255228,0.06801479309797287
3530,-1.9247990846633911,-1.9362860918045044,0.00436852453276515,0.00711852079257369,0.06799469143152237
3531,-2.086458206176758,-2.091609239578247,0.0029447716660797596,0.002206354634836316,0.06797464191913605
3532,-1.6702589988708496,-1.7102642059326172,0.01936991885304451,0.020635195076465607,0.06795462965965271
3533,-1.767642855644226,-1.7902072668075562,0.013966130092740059,0.008598350919783115,0.06793472170829773
3534,-2.1316750049591064,-2.138758659362793,0.005088644567877054,0.001994989113882184,0.06791473925113678
3535,-1.9047809839248657,-1.9585872888565063,0.0310197826474905,0.02278653159737587,0.06789486855268478
3536,-1.4705890417099,-1.5248318910598755,0.031263843178749084,0.022979002445936203,0.06787504255771637
3537,-1.7815492153167725,-1.8376206159591675,0.03134653717279434,0.02472483366727829,0.06785520911216736
3538,-1.8272325992584229,-1.8582391738891602,0.011980224400758743,0.01902642287313938,0.06783533096313477
3539,-1.9401952028274536,-1.9559743404388428,0.006397710181772709,0.00938139297068119,0.06781546771526337
3540,-1.9446672201156616,-1.965826153755188,0.007758596446365118,0.013400282710790634,0.06779555231332779
3541,-1.8657317161560059,-1.8772060871124268,0.005430630408227444,0.006043762434273958,0.06777557730674744
3542,-1.876622200012207,-1.9019461870193481,0.010754155926406384,0.014569937251508236,0.06775565445423126
3543,-1.9983409643173218,-2.0071358680725098,0.004573290701955557,0.004221570678055286,0.06773577630519867
3544,-1.8417218923568726,-1.8538436889648438,0.005030632950365543,0.007091179955750704,0.06771589815616608
3545,-1.8394498825073242,-1.8962206840515137,0.026021026074886322,0.03074977733194828,0.06769612431526184
3546,-1.7457292079925537,-1.787099003791809,0.021720342338085175,0.019649479538202286,0.06767640262842178
3547,-2.0076842308044434,-2.0189595222473145,0.006112660747021437,0.005162619985640049,0.06765662133693695
3548,-1.7211366891860962,-1.748416781425476,0.013413652777671814,0.01386643573641777,0.06763673573732376
3549,-1.9710633754730225,-1.9831929206848145,0.005935620982199907,0.006193889770656824,0.06761684268712997
3550,-1.6660348176956177,-1.6955617666244507,0.01501553412526846,0.014511498622596264,0.06759683787822723
3551,-1.8907424211502075,-1.9071805477142334,0.007973364554345608,0.008464789018034935,0.06757688522338867
3552,-1.863067388534546,-1.9042284488677979,0.020503457635641098,0.020657628774642944,0.06755693256855011
3553,-2.0879716873168945,-2.116964817047119,0.014402814209461212,0.014590170234441757,0.06753695756196976
3554,-1.807734489440918,-1.8365790843963623,0.017680209130048752,0.011164475232362747,0.06751704216003418
3555,-1.7061101198196411,-1.7599294185638428,0.025624610483646393,0.028194615617394447,0.06749728322029114
3556,-1.6786363124847412,-1.6984201669692993,0.012336189858615398,0.0074477242305874825,0.0674775242805481
3557,-1.97648024559021,-1.9943139553070068,0.008690628223121166,0.00914314016699791,0.06745772063732147
3558,-1.8822041749954224,-1.9351876974105835,0.027619024738669395,0.025364575907588005,0.06743790954351425
3559,-1.7562458515167236,-1.771667242050171,0.007688893936574459,0.007732465397566557,0.0674181804060936
3560,-2.006699562072754,-2.0235605239868164,0.009784234687685966,0.007076687179505825,0.06739841401576996
3561,-1.6767946481704712,-1.6942944526672363,0.007513632997870445,0.009986195713281631,0.06737871468067169
3562,-2.0065481662750244,-2.0249900817871094,0.008809692226350307,0.009632117114961147,0.06735892593860626
3563,-2.055122137069702,-2.065842866897583,0.004484194330871105,0.006236542947590351,0.06733908504247665
3564,-1.5902488231658936,-1.6348637342453003,0.02455027401447296,0.02006460726261139,0.06731917709112167
3565,-1.9020885229110718,-1.9199092388153076,0.007799095474183559,0.010021563619375229,0.06729937344789505
3566,-1.7260724306106567,-1.7439162731170654,0.007807854562997818,0.010035977698862553,0.06727956235408783
3567,-1.8499587774276733,-1.8692208528518677,0.009984426200389862,0.009277701377868652,0.06725972145795822
3568,-1.7640299797058105,-1.8505175113677979,0.041771117597818375,0.044716328382492065,0.06723987311124802
3569,-1.9582319259643555,-1.9863173961639404,0.015194007195532322,0.012891433201730251,0.0672200620174408
3570,-1.7742880582809448,-1.7899430990219116,0.005978469271212816,0.009676528163254261,0.06720025837421417
3571,-2.0350501537323,-2.045764446258545,0.0049280389212071896,0.005786174908280373,0.06718041002750397
3572,-1.8141274452209473,-1.8371553421020508,0.01143961027264595,0.011588377878069878,0.06716051697731018
3573,-1.5408685207366943,-1.588454008102417,0.025784198194742203,0.021801253780722618,0.06714064627885818
3574,-1.813306450843811,-1.8287025690078735,0.007655331399291754,0.007740689907222986,0.06712078303098679
3575,-1.9646352529525757,-1.9738441705703735,0.004404895007610321,0.004804008640348911,0.06710097938776016
3576,-1.5626020431518555,-1.5942420959472656,0.02068294771015644,0.01095709577202797,0.0670812577009201
3577,-1.7660268545150757,-1.8315279483795166,0.03603958338499069,0.029461560770869255,0.06706160306930542
3578,-1.898202896118164,-1.9181222915649414,0.009658384136855602,0.01026108581572771,0.06704188883304596
3579,-1.729907512664795,-1.7784137725830078,0.027831966057419777,0.02067434974014759,0.06702208518981934
3580,-2.016741991043091,-2.0290298461914062,0.008261609822511673,0.004026265349239111,0.06700222939252853
3581,-1.921107292175293,-1.9328196048736572,0.0052175396122038364,0.006494727451354265,0.06698235869407654
3582,-2.125115394592285,-2.138300895690918,0.007873413152992725,0.0053122518584132195,0.06696246564388275
3583,-1.8967525959014893,-1.9247139692306519,0.014228099957108498,0.0137332109734416,0.06694254279136658
3584,-1.8991482257843018,-1.9243887662887573,0.009966093115508556,0.015274355188012123,0.0669226422905922
3585,-1.760602593421936,-1.787139654159546,0.016025856137275696,0.010511216707527637,0.06690273433923721
3586,-1.4953614473342896,-1.5466774702072144,0.02205072157084942,0.02926528826355934,0.06688281148672104
3587,-1.4573884010314941,-1.4883965253829956,0.017621740698814392,0.013386404141783714,0.06686297804117203
3588,-1.7356362342834473,-1.751395344734192,0.008354110643267632,0.00740503054112196,0.06684312224388123
3589,-1.9227843284606934,-1.9565409421920776,0.015157687477767467,0.018598901107907295,0.06682326644659042
3590,-1.559078574180603,-1.5870659351348877,0.01471676118671894,0.0132706044241786,0.0668034628033638
3591,-2.1551730632781982,-2.166619300842285,0.004984641447663307,0.006461726035922766,0.066783607006073
3592,-1.7568368911743164,-1.7795510292053223,0.012852927669882774,0.00986117497086525,0.066763736307621
3593,-1.8997001647949219,-1.927325963973999,0.012119106017053127,0.015506685711443424,0.06674379855394363
3594,-1.7739667892456055,-1.8051915168762207,0.015274018980562687,0.015950646251440048,0.06672398746013641
3595,-1.952094554901123,-1.979346752166748,0.014294762164354324,0.012957395054399967,0.06670421361923218
3596,-1.8133777379989624,-1.8702313899993896,0.027837414294481277,0.02901628240942955,0.06668448448181152
3597,-2.0859005451202393,-2.094093084335327,0.0029765497893095016,0.005215785000473261,0.06666480749845505
3598,-1.8383866548538208,-1.8652145862579346,0.011242774315178394,0.015585233457386494,0.06664513051509857
3599,-1.9073044061660767,-1.9627928733825684,0.028091158717870712,0.027397319674491882,0.06662547588348389
3600,-2.045189142227173,-2.057178258895874,0.004997074604034424,0.006992198061197996,0.06660579890012741
3601,-1.6288659572601318,-1.6537525653839111,0.014220168814063072,0.01066650915890932,0.06658615916967392
3602,-2.016981363296509,-2.051795482635498,0.01862717606127262,0.016187060624361038,0.06656652688980103
3603,-1.7383416891098022,-1.7630877494812012,0.013264807872474194,0.011481259018182755,0.06654703617095947
3604,-1.654374599456787,-1.682643175125122,0.01533452607691288,0.012934079393744469,0.06652756035327911
3605,-1.9267984628677368,-1.9537792205810547,0.012969166040420532,0.014011608436703682,0.066507987678051
3606,-2.1146697998046875,-2.123887538909912,0.006066704168915749,0.0031509571708738804,0.06648842245340347
3607,-2.0789332389831543,-2.0864615440368652,0.004662841092795134,0.002865466056391597,0.06646879762411118
3608,-1.8860081434249878,-1.9113030433654785,0.016970010474324226,0.008324900642037392,0.06644909083843231
3609,-2.135594129562378,-2.163074016571045,0.01298800203949213,0.014491752721369267,0.06642939895391464
3610,-1.9094983339309692,-1.9407318830490112,0.0168229341506958,0.01441061682999134,0.06640974432229996
3611,-1.8662573099136353,-1.8822392225265503,0.007982667535543442,0.007999317720532417,0.06639017909765244
3612,-1.8723609447479248,-1.8985300064086914,0.010757610201835632,0.015411530621349812,0.06637055426836014
3613,-1.7509536743164062,-1.7614425420761108,0.005156682338565588,0.005332223605364561,0.06635082513093948
3614,-1.9101536273956299,-1.928820252418518,0.01089910976588726,0.0077675022184848785,0.06633110344409943
3615,-1.6334446668624878,-1.7208043336868286,0.043775033205747604,0.04358454421162605,0.06631138175725937
3616,-1.8592501878738403,-1.8764177560806274,0.007425512652844191,0.009742006659507751,0.06629162281751633
3617,-1.635103464126587,-1.655869960784912,0.010247635655105114,0.010518873110413551,0.06627190113067627
3618,-1.7784223556518555,-1.8010241985321045,0.015607303008437157,0.006994536146521568,0.06625223159790039
3619,-2.0626003742218018,-2.0815720558166504,0.010069482959806919,0.008902305737137794,0.06623256951570511
3620,-1.7676883935928345,-1.8043413162231445,0.018165208399295807,0.01848764158785343,0.066212959587574
3621,-1.717389702796936,-1.9296510219573975,0.10299798101186752,0.10926330089569092,0.06619329750537872
3622,-1.527058482170105,-1.5535491704940796,0.011183415539562702,0.015307308174669743,0.06617365032434464
3623,-1.7328439950942993,-1.755677342414856,0.013122395612299442,0.009710879065096378,0.06615401059389114
3624,-1.8008147478103638,-1.8133270740509033,0.006265632808208466,0.006246722303330898,0.06613431125879288
3625,-1.863307237625122,-1.8731151819229126,0.004155599512159824,0.005652283784002066,0.06611461937427521
3626,-1.5394082069396973,-1.6440433263778687,0.052367787808179855,0.052267346531152725,0.06609498709440231
3627,-1.783347487449646,-1.8064963817596436,0.010629883967339993,0.012519040144979954,0.06607530266046524
3628,-1.9919373989105225,-2.0087087154388428,0.007011207286268473,0.00976009201258421,0.06605561822652817
3629,-1.879408597946167,-1.9093714952468872,0.016343027353286743,0.01361995842307806,0.06603603065013885
3630,-1.895810842514038,-1.9107900857925415,0.0075875623151659966,0.007391664665192366,0.06601641327142715
3631,-2.002378225326538,-2.013422727584839,0.005604895763099194,0.005439579952508211,0.06599684059619904
3632,-1.862349510192871,-1.8719830513000488,0.004666652996093035,0.0049669030122458935,0.06597728282213211
3633,-1.796369194984436,-1.834669828414917,0.0190170519053936,0.019283514469861984,0.06595771759748459
3634,-1.371134638786316,-1.4265886545181274,0.028941398486495018,0.026512611657381058,0.06593810766935349
3635,-1.9910486936569214,-2.008784294128418,0.008317612111568451,0.009417950175702572,0.06591855734586716
3636,-1.5930360555648804,-1.6200743913650513,0.014420827850699425,0.012617419473826885,0.06589905172586441
3637,-1.6123615503311157,-1.6314539909362793,0.009591788984835148,0.009500620886683464,0.06587959080934525
3638,-1.9877676963806152,-2.0003199577331543,0.006810743827372789,0.005741432309150696,0.0658600851893425
3639,-1.7041066884994507,-1.7369173765182495,0.01797567866742611,0.014834958128631115,0.06584061682224274
3640,-1.687768578529358,-1.704540729522705,0.007943922653794289,0.008828227408230305,0.06582115590572357
3641,-2.1742775440216064,-2.207115411758423,0.0170274768024683,0.015810556709766388,0.06580173224210739
3642,-1.972649097442627,-1.9929430484771729,0.007904780097305775,0.012389177456498146,0.06578223407268524
3643,-2.008979082107544,-2.025831937789917,0.005191159900277853,0.01166164968162775,0.06576274335384369
3644,-1.9940862655639648,-2.020510673522949,0.015503575094044209,0.010920719243586063,0.06574328243732452
3645,-1.7575165033340454,-1.767465591430664,0.005473923869431019,0.004475135821849108,0.06572382152080536
3646,-1.9104400873184204,-1.9345526695251465,0.012806284241378307,0.011306311935186386,0.06570440530776978
3647,-1.883323073387146,-1.892187476158142,0.0041575683280825615,0.004706844687461853,0.065684974193573
3648,-1.8547848463058472,-1.8680775165557861,0.0060476078651845455,0.007245096378028393,0.06566552072763443
3649,-1.7333719730377197,-1.752130389213562,0.011796293780207634,0.006962189916521311,0.06564609706401825
3650,-1.7462078332901,-1.76377534866333,0.007583814673125744,0.009983680211007595,0.06562664359807968
3651,-2.0958659648895264,-2.1046202182769775,0.0034859422594308853,0.005268232896924019,0.06560710817575455
3652,-1.5475797653198242,-1.6282480955123901,0.03346264734864235,0.04720566049218178,0.0655876025557518
3653,-1.701192855834961,-1.9193471670150757,0.1039796844124794,0.11417455226182938,0.06556811928749084
3654,-1.7991743087768555,-1.840448021888733,0.020791688933968544,0.020482076331973076,0.0655486136674881
3655,-1.6642745733261108,-1.7043797969818115,0.02402925305068493,0.01607593707740307,0.06552913039922714
3656,-1.975536823272705,-1.99042546749115,0.007430108264088631,0.007458510808646679,0.06550968438386917
3657,-2.094538927078247,-2.1049838066101074,0.004635566845536232,0.0058092051185667515,0.0654902532696724
3658,-1.8142783641815186,-1.833968162536621,0.011152992025017738,0.008536824956536293,0.06547078490257263
3659,-1.5818214416503906,-1.6497312784194946,0.035820502787828445,0.032089341431856155,0.06545127928256989
3660,-1.8222484588623047,-1.836855411529541,0.008347569033503532,0.006259391084313393,0.06543172895908356
3661,-1.6352957487106323,-1.667776346206665,0.01605466939508915,0.016425978392362595,0.0654122456908226
3662,-1.7923165559768677,-1.8171138763427734,0.014035254716873169,0.010762105695903301,0.06539278477430344
3663,-1.7457218170166016,-1.8025779724121094,0.033086471259593964,0.023769771680235863,0.06537333130836487
3664,-1.9627816677093506,-1.9785550832748413,0.008220462128520012,0.007552988827228546,0.0653538703918457
3665,-2.0737245082855225,-2.082998275756836,0.0038863858208060265,0.0053873383440077305,0.06533439457416534
3666,-1.7199702262878418,-1.7373394966125488,0.008608372882008553,0.008760889992117882,0.06531491130590439
3667,-1.9707245826721191,-2.064453363418579,0.05065625160932541,0.043072402477264404,0.06529543548822403
3668,-1.7704180479049683,-1.80863618850708,0.01597432792186737,0.022243864834308624,0.06527595967054367
3669,-1.7665423154830933,-1.7814431190490723,0.008070465177297592,0.00683037331327796,0.0652565062046051
3670,-1.7860816717147827,-1.8233526945114136,0.016330480575561523,0.02094053290784359,0.06523708254098892
3671,-1.8638527393341064,-1.9304373264312744,0.04105862230062485,0.02552587352693081,0.06521767377853394
3672,-1.6254169940948486,-1.6556528806686401,0.015368781983852386,0.014867118559777737,0.06519831717014313
3673,-1.955469012260437,-2.0138373374938965,0.028623633086681366,0.029744727537035942,0.06517895311117172
3674,-1.918675184249878,-1.9401473999023438,0.009907818399369717,0.011564347892999649,0.06515958905220032
3675,-1.873031497001648,-1.8873647451400757,0.007663941942155361,0.006669279187917709,0.06514020264148712
3676,-2.0065720081329346,-2.108013868331909,0.051989708095788956,0.04945210739970207,0.06512083858251572
3677,-1.6835408210754395,-1.7228484153747559,0.018655065447092056,0.020652566105127335,0.06510143727064133
3678,-1.859122633934021,-1.8765335083007812,0.005967399105429649,0.011443551629781723,0.06508205085992813
3679,-1.7626279592514038,-1.7889939546585083,0.01400686614215374,0.01235909853130579,0.06506264209747314
3680,-1.990256667137146,-2.017134189605713,0.016184736043214798,0.010692669078707695,0.06504319608211517
3681,-1.8098063468933105,-1.8328396081924438,0.011849431321024895,0.011183824390172958,0.06502379477024078
3682,-1.812454342842102,-1.850208044052124,0.014993719756603241,0.02275998704135418,0.06500446796417236
3683,-2.0897252559661865,-2.096920967102051,0.0038334273267537355,0.0033621739130467176,0.06498516350984573
3684,-1.9285006523132324,-1.9416472911834717,0.005462960340082645,0.007683656178414822,0.06496581435203552
3685,-1.9215530157089233,-1.938188910484314,0.008719761855900288,0.007916130125522614,0.06494657695293427
3686,-1.6274681091308594,-1.6743202209472656,0.026179302483797073,0.020672796294093132,0.0649273470044136
3687,-1.9652462005615234,-1.9848661422729492,0.009391168132424355,0.010228710249066353,0.06490809470415115
3688,-1.8783438205718994,-1.8987960815429688,0.009444685652852058,0.01100760605186224,0.06488881260156631
3689,-1.6572582721710205,-1.6780152320861816,0.0092894546687603,0.011467430740594864,0.06486952304840088
3690,-1.5725761651992798,-1.5927866697311401,0.011074535548686981,0.009135995991528034,0.06485022604465485
3691,-1.9517490863800049,-1.9759172201156616,0.012478439137339592,0.011689658276736736,0.0648309513926506
3692,-1.92531156539917,-1.9465276002883911,0.010689998045563698,0.010526005178689957,0.06481169164180756
3693,-1.803322672843933,-1.8148776292800903,0.005595135502517223,0.005959820467978716,0.06479239463806152
3694,-1.9156497716903687,-1.9418867826461792,0.014883995056152344,0.011353048495948315,0.06477311998605728
3695,-1.7619810104370117,-1.7878735065460205,0.013649874366819859,0.012242676690220833,0.06475389748811722
3696,-1.7820203304290771,-1.7990314960479736,0.007817849516868591,0.009193360805511475,0.06473471224308014
3697,-1.8527512550354004,-1.910738468170166,0.034352757036685944,0.02363443188369274,0.06471549719572067
3698,-1.6123543977737427,-1.6683716773986816,0.03221843019127846,0.023798851296305656,0.06469631940126419
3699,-1.7173265218734741,-1.7583154439926147,0.019947754219174385,0.021041180938482285,0.06467710435390472
3700,-1.6793413162231445,-1.7169687747955322,0.015298096463084221,0.02232929691672325,0.06465788185596466
3701,-1.8028285503387451,-1.8296117782592773,0.013269657269120216,0.013513551093637943,0.06463868916034698
3702,-1.8489853143692017,-1.8817814588546753,0.012017514556646347,0.020778626203536987,0.0646195337176323
3703,-2.0679547786712646,-2.089733600616455,0.011113755404949188,0.010665148496627808,0.06460042297840118
3704,-1.8827691078186035,-1.9480628967285156,0.03490784764289856,0.030385931953787804,0.06458134204149246
3705,-1.9747164249420166,-2.00077223777771,0.01317575853317976,0.012880083173513412,0.06456224620342255
3706,-1.707391381263733,-1.731289267539978,0.015469391830265522,0.008428428322076797,0.06454313546419144
3707,-1.8270211219787598,-1.853023648262024,0.013018013909459114,0.0129845030605793,0.0645240992307663
3708,-2.0033111572265625,-2.021716833114624,0.008627968840301037,0.009777732193470001,0.06450509279966354
3709,-1.5341427326202393,-1.5712021589279175,0.021072955802083015,0.015986477956175804,0.06448610126972198
3710,-1.659244418144226,-1.6954340934753418,0.019340895116329193,0.016848843544721603,0.06446710228919983
3711,-1.4805227518081665,-1.534206748008728,0.024850066751241684,0.028833936899900436,0.06444807350635529
3712,-1.9314959049224854,-1.9446076154708862,0.007188424933701754,0.0059232753701508045,0.06442900747060776
3713,-1.672092080116272,-1.6941606998443604,0.011606665328145027,0.010461929254233837,0.06440987437963486
3714,-1.533721685409546,-1.5732574462890625,0.025087567046284676,0.014448218047618866,0.06439075618982315
3715,-1.6643884181976318,-1.6871095895767212,0.012095596641302109,0.010625587776303291,0.06437164545059204
3716,-1.681347370147705,-1.695054292678833,0.0091865798458457,0.004520330112427473,0.06435252726078033
3717,-1.71376633644104,-1.7243225574493408,0.005269545130431652,0.005286743398755789,0.06433336436748505
3718,-1.9193462133407593,-1.939493179321289,0.01087081991136074,0.009276093915104866,0.06431419402360916
3719,-1.7418642044067383,-1.823774814605713,0.03889751806855202,0.043013110756874084,0.06429510563611984
3720,-1.8725883960723877,-1.897864580154419,0.012116753496229649,0.013159370049834251,0.06427597999572754
3721,-1.6572602987289429,-1.681514859199524,0.011286085471510887,0.012968381866812706,0.06425679475069046
3722,-1.809575080871582,-1.8360183238983154,0.01544913835823536,0.010994106531143188,0.06423758715391159
3723,-1.7468146085739136,-1.7779299020767212,0.016246775165200233,0.01486844103783369,0.06421847641468048
3724,-1.8568916320800781,-1.8794537782669067,0.012571488507091999,0.00999064464122057,0.0641993060708046
3725,-1.6915619373321533,-1.7042291164398193,0.0062531582079827785,0.006414101924747229,0.0641801506280899
3726,-1.792075753211975,-1.8086506128311157,0.008478056639432907,0.008096856065094471,0.06416099518537521
3727,-1.54909086227417,-1.783840298652649,0.12262528389692307,0.11212418973445892,0.06414181739091873
3728,-1.6632980108261108,-1.689375400543213,0.006332997232675552,0.01974436268210411,0.06412263959646225
3729,-1.8695855140686035,-1.8898725509643555,0.011201217770576477,0.009085740894079208,0.06410343945026398
3730,-1.8130074739456177,-1.8390730619430542,0.016750385984778404,0.009315235540270805,0.06408427655696869
3731,-1.7993969917297363,-1.816751480102539,0.00958195235580206,0.0077725974842906,0.064065121114254
3732,-1.866676926612854,-1.8993501663208008,0.01905953325331211,0.013613719493150711,0.0640459731221199
3733,-1.858176350593567,-1.8828177452087402,0.013512801378965378,0.011128506623208523,0.06402682512998581
3734,-1.584306240081787,-1.6314330101013184,0.023165050894021988,0.02396170236170292,0.06400768458843231
3735,-2.0304722785949707,-2.0506181716918945,0.010990582406520844,0.009155324660241604,0.06398855149745941
3736,-1.9616297483444214,-2.0319406986236572,0.04003126174211502,0.030279623344540596,0.0639694556593895
3737,-1.869613766670227,-1.881471872329712,0.007021493278443813,0.004836618434637785,0.06395038962364197
3738,-1.9070124626159668,-1.922190546989441,0.009853952564299107,0.005324079189449549,0.06393135339021683
3739,-1.878822922706604,-1.8993324041366577,0.011492256075143814,0.009017175994813442,0.06391233205795288
3740,-1.8391321897506714,-1.8600181341171265,0.011663892306387424,0.009221979416906834,0.06389333307743073
3741,-1.6839003562927246,-1.7075340747833252,0.011898466385900974,0.011735239997506142,0.06387429684400558
3742,-1.8507596254348755,-1.8564362525939941,0.002687708707526326,0.0029889466241002083,0.06385523080825806
3743,-1.8253836631774902,-1.8415766954421997,0.00661625899374485,0.009576814249157906,0.06383618712425232
3744,-2.02275013923645,-2.0382680892944336,0.009082252159714699,0.0064357430674135685,0.06381715089082718
3745,-1.8063536882400513,-1.8210246562957764,0.0067330109886825085,0.007937941700220108,0.06379813700914383
3746,-1.9230972528457642,-1.9446884393692017,0.013053089380264282,0.00853806920349598,0.06377909332513809
3747,-1.8651635646820068,-1.9388731718063354,0.03998692333698273,0.03372259810566902,0.06376002728939056
3748,-1.867547631263733,-1.8887405395507812,0.012067034840583801,0.009125882759690285,0.06374093890190125
3749,-1.8153789043426514,-1.8268193006515503,0.006032244302332401,0.005408110562711954,0.06372189521789551
3750,-1.8663972616195679,-1.883190393447876,0.007981588132679462,0.008811593987047672,0.06370285153388977
3751,-1.598989725112915,-1.6369140148162842,0.020068157464265823,0.017856081947684288,0.06368380784988403
3752,-1.855699896812439,-1.8655574321746826,0.005729276686906815,0.004128200933337212,0.06366484612226486
3753,-1.9129310846328735,-1.9297599792480469,0.006592851597815752,0.010235980153083801,0.0636458620429039
3754,-2.040289878845215,-2.0577945709228516,0.010063028894364834,0.0074418638832867146,0.06362686306238174
3755,-2.1110739707946777,-2.128415107727051,0.008228857070207596,0.009112384170293808,0.06360790878534317
3756,-1.6595988273620605,-1.6877228021621704,0.01539689302444458,0.012727072462439537,0.06358898431062698
3757,-1.8227083683013916,-1.8521463871002197,0.015287255868315697,0.014150727540254593,0.0635700672864914
3758,-1.6604803800582886,-1.6803101301193237,0.011187629774212837,0.008642060682177544,0.0635511502623558
3759,-1.8741422891616821,-1.9024097919464111,0.019602833315730095,0.008664753288030624,0.06353223323822021
3760,-1.5926971435546875,-1.624223232269287,0.017033075913786888,0.014493025839328766,0.06351331621408463
3761,-1.8285917043685913,-1.851934552192688,0.014492994174361229,0.008849885314702988,0.06349439173936844
3762,-1.469982624053955,-1.4910029172897339,0.012426843866705894,0.008593463338911533,0.06347543746232986
3763,-1.86702299118042,-1.8741034269332886,0.003401697613298893,0.0036787164863198996,0.06345650553703308
3764,-1.6364779472351074,-1.7179300785064697,0.04329609498381615,0.038155995309352875,0.06343767791986465
3765,-1.5620187520980835,-1.6471405029296875,0.04079906642436981,0.044322676956653595,0.06341885030269623
3766,-2.042492628097534,-2.056962728500366,0.009166773408651352,0.005303372163325548,0.06340000778436661
3767,-2.1130270957946777,-2.135546922683716,0.013538973405957222,0.008980689570307732,0.06338118016719818
3768,-1.9399807453155518,-1.9538025856018066,0.008461561053991318,0.0053602890111505985,0.06336236745119095
3769,-1.903745412826538,-1.925039529800415,0.012402488850057125,0.008891590870916843,0.06334353238344193
3770,-1.704101800918579,-1.7200298309326172,0.005706882104277611,0.01022112462669611,0.06332471966743469
3771,-1.7397493124008179,-1.767882227897644,0.015924246981739998,0.012208669446408749,0.06330586224794388
3772,-1.8560006618499756,-1.8713716268539429,0.009490994736552238,0.005880001466721296,0.06328695267438889
3773,-1.6569952964782715,-1.6783459186553955,0.009824675507843494,0.011525969952344894,0.0632680207490921
3774,-1.935773491859436,-1.9567842483520508,0.012221797369420528,0.008788995444774628,0.0632491260766983
3775,-1.8101197481155396,-1.8271852731704712,0.008666709065437317,0.008398719131946564,0.06323027610778809
3776,-2.007598400115967,-2.018514633178711,0.00724846450611949,0.0036678307224065065,0.06321141868829727
3777,-2.013355016708374,-2.038304090499878,0.011639466509222984,0.013309828005731106,0.06319258362054825
3778,-1.7581610679626465,-1.7961442470550537,0.018750855699181557,0.019232232123613358,0.06317377090454102
3779,-1.899617314338684,-1.9163566827774048,0.009913992136716843,0.0068253418430686,0.06315500289201736
3780,-1.4468656778335571,-1.4761724472045898,0.016357339918613434,0.012949437834322453,0.0631362795829773
3781,-2.0422916412353516,-2.059135913848877,0.00924903154373169,0.007595395669341087,0.06311752647161484
3782,-1.9911088943481445,-2.0066475868225098,0.00973327737301588,0.005805431865155697,0.06309877336025238
3783,-1.9285531044006348,-1.9343795776367188,0.002744088415056467,0.0030823855195194483,0.06308005005121231
3784,-1.846695065498352,-1.8620061874389648,0.007914016023278236,0.007397114299237728,0.06306135654449463
3785,-2.0660202503204346,-2.079418659210205,0.006033454556018114,0.007364977616816759,0.06304262578487396
3786,-1.644986867904663,-1.666054129600525,0.013298730365931988,0.007768519222736359,0.06302390247583389
3787,-1.69329833984375,-1.710011601448059,0.007856971584260464,0.008856243453919888,0.06300510466098785
3788,-1.8834434747695923,-1.9036918878555298,0.012077382765710354,0.008171112276613712,0.06298632174730301
3789,-1.564253807067871,-1.5957356691360474,0.013538943603634834,0.01794292964041233,0.06296756863594055
3790,-1.955217719078064,-1.966205358505249,0.004671073518693447,0.006316581275314093,0.06294883042573929
3791,-1.9429645538330078,-1.9607601165771484,0.00968671403825283,0.008108804002404213,0.062930166721344
3792,-2.004303216934204,-2.0267791748046875,0.011914223432540894,0.010561604052782059,0.06291142851114273
3793,-1.9460197687149048,-1.970724105834961,0.015494046732783318,0.009210318326950073,0.06289272755384445
3794,-1.890465497970581,-1.9198098182678223,0.016579529270529747,0.012764805927872658,0.06287392228841782
3795,-1.7812756299972534,-1.8038710355758667,0.014057410880923271,0.008538058027625084,0.06285513192415237
3796,-1.54713773727417,-1.5654270648956299,0.008397110737860203,0.009892241097986698,0.06283629685640335
3797,-1.9929912090301514,-2.0044689178466797,0.005650963168591261,0.0058266762644052505,0.06281749904155731
3798,-1.6856110095977783,-1.699549674987793,0.007858887314796448,0.006079745478928089,0.06279871612787247
3799,-1.9854522943496704,-1.9922889471054077,0.0035136048682034016,0.0033230725675821304,0.06277990341186523
3800,-1.8413430452346802,-1.871665120124817,0.01801287941634655,0.012309206649661064,0.06276112049818039
3801,-1.9182997941970825,-1.939587950706482,0.010418279096484184,0.010869907215237617,0.06274237483739853
3802,-1.7902145385742188,-1.8052716255187988,0.008096273988485336,0.006960893049836159,0.06272359937429428
3803,-1.8647037744522095,-1.9376521110534668,0.03784673660993576,0.03510167822241783,0.06270485371351242
3804,-1.9517834186553955,-1.9629420042037964,0.0056230900809168816,0.00553553644567728,0.06268613785505295
3805,-1.9786807298660278,-2.013279914855957,0.020409410819411278,0.014189664274454117,0.06266744434833527
3806,-1.867344617843628,-1.8891205787658691,0.012589006684720516,0.009186992421746254,0.06264878809452057
3807,-1.9918969869613647,-2.011378288269043,0.009636000730097294,0.009845354594290257,0.06263014674186707
3808,-1.5589995384216309,-1.572599172592163,0.003916648682206869,0.009682988747954369,0.06261152774095535
3809,-1.9076247215270996,-1.9182250499725342,0.005468036979436874,0.0051323771476745605,0.06259287148714066
3810,-1.3678680658340454,-1.406812071800232,0.021616443991661072,0.01732748933136463,0.06257419288158417
3811,-1.7639983892440796,-1.781349539756775,0.007740851957350969,0.00961034744977951,0.06255551427602768
3812,-1.6703304052352905,-1.7301656007766724,0.0345618799328804,0.025273365899920464,0.0625368282198906
3813,-1.5601539611816406,-1.578115701675415,0.00871395692229271,0.00924783293157816,0.06251810491085052
3814,-1.680159330368042,-1.7036436796188354,0.010887442156672478,0.012596908025443554,0.062499359250068665
3815,-1.5323890447616577,-1.5513440370559692,0.011253383941948414,0.007701616734266281,0.062480662018060684
3816,-1.8278816938400269,-1.8454309701919556,0.00852743536233902,0.009021894074976444,0.062461983412504196
3817,-1.5621358156204224,-1.596029281616211,0.017274916172027588,0.01661856472492218,0.062443312257528305
3818,-1.7965941429138184,-1.8118029832839966,0.007865446619689465,0.007343427278101444,0.062424734234809875
3819,-1.8904610872268677,-1.9079246520996094,0.006327121052891016,0.011136384680867195,0.062406133860349655
3820,-1.6936156749725342,-1.7252923250198364,0.01336490735411644,0.018311714753508568,0.06238755211234093
3821,-1.9790513515472412,-1.9842281341552734,0.002927407855167985,0.0022494092117995024,0.0623689629137516
3822,-1.5941190719604492,-1.6127972602844238,0.010327126830816269,0.008351108059287071,0.06235034763813019
3823,-1.7447516918182373,-1.8683099746704102,0.060789454728364944,0.06276880949735641,0.06233173981308937
3824,-1.6794317960739136,-1.6984970569610596,0.010585584677755833,0.008479689247906208,0.062313225120306015
3825,-1.6369531154632568,-1.6499594449996948,0.00594738032668829,0.007058965973556042,0.06229468807578087
3826,-1.975012183189392,-1.9846376180648804,0.006205328740179539,0.0034201028756797314,0.06227608025074005
3827,-1.8857358694076538,-1.899291753768921,0.007211446762084961,0.00634444085881114,0.062257520854473114
3828,-1.5696531534194946,-1.57765531539917,0.0039036511443555355,0.004098581615835428,0.062239017337560654
3829,-1.8436371088027954,-1.852508544921875,0.0037484518252313137,0.0051230317912995815,0.062220484018325806
3830,-1.7876960039138794,-1.8258447647094727,0.021232029423117638,0.016916709020733833,0.06220194324851036
3831,-1.5398989915847778,-1.6120420694351196,0.03832120820879936,0.03382176533341408,0.06218339502811432
3832,-1.732581615447998,-1.7509472370147705,0.010263526812195778,0.008102103136479855,0.0621647909283638
3833,-1.5765953063964844,-1.5931217670440674,0.008274300955235958,0.008252101950347424,0.062146179378032684
3834,-1.7605865001678467,-1.785679817199707,0.012891685590147972,0.012201651930809021,0.062127526849508286
3835,-1.8242878913879395,-1.8411141633987427,0.004669198766350746,0.012157093733549118,0.06210895627737045
3836,-1.7449557781219482,-1.7651793956756592,0.008542058989405632,0.01168153714388609,0.062090374529361725
3837,-2.0851247310638428,-2.1038894653320312,0.010001818649470806,0.00876279640942812,0.06207176670432091
3838,-1.8009127378463745,-1.8193037509918213,0.008070728741586208,0.010320308618247509,0.062053170055150986
3839,-1.724008560180664,-1.737762451171875,0.006980025675147772,0.006773813161998987,0.06203452870249748
3840,-1.4273747205734253,-1.5220648050308228,0.04841320961713791,0.04627692699432373,0.06201586872339249
3841,-1.9304699897766113,-1.942526936531067,0.00304319616407156,0.009013722650706768,0.06199724227190018
3842,-1.9967327117919922,-2.0237958431243896,0.015869140625,0.011193981394171715,0.06197860464453697
3843,-1.7689588069915771,-1.7838897705078125,0.007996913976967335,0.006934014614671469,0.06195995956659317
3844,-2.0674211978912354,-2.0764713287353516,0.004092320799827576,0.0049579390324652195,0.06194128841161728
3845,-1.7116342782974243,-1.7298537492752075,0.00757260387763381,0.010646801441907883,0.061922669410705566
3846,-1.762873888015747,-1.7905042171478271,0.010908478870987892,0.016721881926059723,0.06190402805805206
3847,-1.5471080541610718,-1.5634163618087769,0.007879996672272682,0.00842833612114191,0.06188540160655975
3848,-1.837489128112793,-1.8518842458724976,0.006643575616180897,0.007751632481813431,0.06186681613326073
3849,-1.8110268115997314,-1.8200039863586426,0.00393068278208375,0.005046471022069454,0.061848234385252
3850,-1.8258240222930908,-1.830816388130188,0.0021922248415648937,0.0028000930324196815,0.061829641461372375
3851,-1.4827076196670532,-1.706109881401062,0.1025904193520546,0.120811827480793,0.06181101128458977
3852,-1.7036280632019043,-1.7182587385177612,0.007767277769744396,0.0068633174523711205,0.061792414635419846
3853,-1.7825396060943604,-1.8048956394195557,0.012485134415328503,0.009870858862996101,0.06177381053566933
3854,-1.985089898109436,-2.00500750541687,0.010958299972116947,0.008959280326962471,0.06175524368882179
3855,-2.059257745742798,-2.0671799182891846,0.0030680799391120672,0.0048541356809437275,0.06173669174313545
3856,-1.9060331583023071,-1.9391694068908691,0.01707153208553791,0.016064763069152832,0.061718206852674484
3857,-1.743851900100708,-1.7560560703277588,0.008679293096065521,0.00352484080940485,0.06169971451163292
3858,-1.9730676412582397,-1.9823172092437744,0.0036948365159332752,0.005554653704166412,0.06168121099472046
3859,-1.9313675165176392,-1.9483387470245361,0.009977233596146107,0.0069940355606377125,0.06166274473071098
3860,-2.014674186706543,-2.0247724056243896,0.005419844761490822,0.004678404424339533,0.061644297093153
3861,-1.5728734731674194,-1.595579981803894,0.012586524710059166,0.010120022110641003,0.06162583827972412
3862,-1.986445665359497,-1.9960263967514038,0.00447838706895709,0.005102426279336214,0.06160738691687584
3863,-1.9818910360336304,-1.991947889328003,0.006068161688745022,0.003988739103078842,0.06158897280693054
3864,-1.7341933250427246,-1.7442893981933594,0.0039044187869876623,0.006191622465848923,0.06157056242227554
3865,-1.707387089729309,-1.7342948913574219,0.015260576270520687,0.011647254228591919,0.06155218556523323
3866,-1.7376703023910522,-1.7758986949920654,0.015083307400345802,0.023145128041505814,0.06153375655412674
3867,-1.51516854763031,-1.553356409072876,0.021164439618587494,0.017023388296365738,0.061515286564826965
3868,-1.6702622175216675,-1.6836680173873901,0.00616672495380044,0.007239068392664194,0.061496783047914505
3869,-1.8570870161056519,-1.873000979423523,0.00693681463599205,0.008977126330137253,0.06147822365164757
3870,-1.8745291233062744,-1.8990455865859985,0.01032166462391615,0.014194851741194725,0.06145963817834854
3871,-1.703287959098816,-1.7129614353179932,0.00550475437194109,0.00416870741173625,0.06144106388092041
3872,-1.5134601593017578,-1.606189250946045,0.0460687018930912,0.0466604121029377,0.06142250448465347
3873,-1.9844374656677246,-2.001465082168579,0.009182867594063282,0.007844784297049046,0.061403997242450714
3874,-1.8342962265014648,-1.84829580783844,0.004907619208097458,0.009092015214264393,0.06138556823134422
3875,-1.5791172981262207,-1.6200733184814453,0.02124197594821453,0.019713949412107468,0.06136711686849594
3876,-1.604539155960083,-1.6235038042068481,0.009440925903618336,0.009523794054985046,0.06134866923093796
3877,-1.8259994983673096,-1.837475299835205,0.003938056528568268,0.0075377244502305984,0.06133032962679863
3878,-1.8375447988510132,-1.8510568141937256,0.0074225859716534615,0.006089497823268175,0.06131201237440109
3879,-2.0878024101257324,-2.1040093898773193,0.005988752003759146,0.010218160226941109,0.06129372492432594
3880,-1.4451003074645996,-1.458983063697815,0.008204387500882149,0.0056784204207360744,0.0612754188477993
3881,-1.852225661277771,-1.8648416996002197,0.004463966004550457,0.008152162656188011,0.06125708669424057
3882,-1.510448694229126,-1.5356457233428955,0.011022893711924553,0.014174141921103,0.06123881787061691
3883,-1.8435190916061401,-1.8562085628509521,0.006890471559017897,0.005799081642180681,0.06122058629989624
3884,-2.0776309967041016,-2.0966010093688965,0.007092171814292669,0.01187772024422884,0.06120232865214348
3885,-1.7912073135375977,-1.801397442817688,0.00470657367259264,0.005483509972691536,0.06118409335613251
3886,-1.7389227151870728,-1.781128168106079,0.021460244432091713,0.020745186135172844,0.06116581708192825
3887,-1.7400742769241333,-1.766688585281372,0.010852696374058723,0.01576162315905094,0.06114751845598221
3888,-1.7974212169647217,-1.8125826120376587,0.008283421397209167,0.006878029089421034,0.06112929806113243
3889,-1.8692547082901,-1.8923380374908447,0.011926908046007156,0.011156468652188778,0.061111126095056534
3890,-1.6346262693405151,-1.6498587131500244,0.006416392046958208,0.008815992623567581,0.06109291687607765
3891,-1.7042510509490967,-1.7101707458496094,0.003328499151393771,0.002591243479400873,0.061074696481227875
3892,-1.6533455848693848,-1.6639580726623535,0.006549861282110214,0.004062691703438759,0.061056554317474365
3893,-2.1861674785614014,-2.194974660873413,0.004924124106764793,0.0038831084966659546,0.061038389801979065
3894,-2.0270986557006836,-2.0444142818450928,0.008675233460962772,0.008640185929834843,0.061020247638225555
3895,-1.9039486646652222,-1.9731329679489136,0.03402369096875191,0.03516070917248726,0.061002179980278015
3896,-1.9535359144210815,-1.9633517265319824,0.0037198124919086695,0.00609598821029067,0.06098411977291107
3897,-1.78106689453125,-1.793946385383606,0.006939145270735025,0.0059403483755886555,0.060966093093156815
3898,-1.643211007118225,-1.6597250699996948,0.008946304209530354,0.007567785680294037,0.06094804033637047
3899,-1.6825512647628784,-1.70441472530365,0.013362864963710308,0.00850060023367405,0.06092993915081024
3900,-1.7549625635147095,-1.770295262336731,0.007553505711257458,0.007779241073876619,0.060911886394023895
3901,-1.6528714895248413,-1.6690587997436523,0.008840246126055717,0.007347048260271549,0.06089382246136665
3902,-1.7719930410385132,-1.7878870964050293,0.010001901537179947,0.0058921873569488525,0.0608757920563221
3903,-1.682767629623413,-1.75767982006073,0.03831478953361511,0.03659737855195999,0.060857828706502914
3904,-1.972415804862976,-1.983669400215149,0.0046411422081291676,0.006612366531044245,0.06083982437849045
3905,-1.8223490715026855,-1.8392090797424316,0.008477202616631985,0.008382787927985191,0.060821838676929474
3906,-1.9725223779678345,-1.9804130792617798,0.004356911405920982,0.003533894196152687,0.0608038604259491
3907,-1.7747225761413574,-1.7985203266143799,0.011621618643403053,0.012176139280200005,0.060785870999097824
3908,-1.8541134595870972,-1.8675428628921509,0.005605828016996384,0.007823645137250423,0.06076783314347267
3909,-1.5308196544647217,-1.551608681678772,0.007961600087583065,0.012827454134821892,0.060749854892492294
3910,-1.7933965921401978,-1.8089559078216553,0.007509609684348106,0.008049724623560905,0.06073193997144699
3911,-1.8070052862167358,-1.8825058937072754,0.03873122110962868,0.03676936402916908,0.060714032500982285
3912,-1.7364308834075928,-1.7571430206298828,0.0107027068734169,0.0100094610825181,0.060696084052324295
3913,-1.8897337913513184,-1.9156057834625244,0.010975105687975883,0.014896837994456291,0.060678087174892426
3914,-1.861972451210022,-1.8883610963821411,0.015364391729235649,0.011024270206689835,0.06066010519862175
3915,-2.0421674251556396,-2.058591365814209,0.004055252764374018,0.012368649244308472,0.060642119497060776
3916,-1.5183134078979492,-1.5357877016067505,0.011297199875116348,0.0061771078035235405,0.0606241337954998
3917,-1.7801623344421387,-1.8042361736297607,0.011841706931591034,0.012232189066708088,0.06060618534684181
3918,-1.9410151243209839,-2.0102427005767822,0.03210483863949776,0.03712274506688118,0.06058834120631218
3919,-1.4189430475234985,-1.4382107257843018,0.009490304626524448,0.009777383878827095,0.060570504516363144
3920,-1.846991777420044,-1.927560567855835,0.042145512998104095,0.038423340767621994,0.0605526864528656
3921,-1.6161653995513916,-1.6405194997787476,0.0137788075953722,0.01057527121156454,0.060534846037626266
3922,-1.6135509014129639,-1.8442018032073975,0.11348346620798111,0.11716744303703308,0.06051700934767723
3923,-1.909555196762085,-1.9276103973388672,0.008170705288648605,0.009884428232908249,0.060499150305986404
3924,-1.7412488460540771,-1.755728006362915,0.007095810491591692,0.0073833460919559,0.060481294989585876
3925,-1.6417008638381958,-1.6619620323181152,0.00749858608469367,0.012762559577822685,0.060463447123765945
3926,-1.62179434299469,-1.642817735671997,0.00893915444612503,0.012084225192666054,0.060445647686719894
3927,-1.7851279973983765,-1.8034319877624512,0.007355766836553812,0.01094820722937584,0.060427866876125336
3928,-1.6816192865371704,-1.8978534936904907,0.10282372683286667,0.11341047286987305,0.06041011959314346
3929,-1.6277395486831665,-1.6522197723388672,0.014860713854432106,0.009619466960430145,0.06039237603545189
3930,-0.10548317432403564,-1.6368637084960938,0.7736838459968567,0.7576966881752014,0.06037456914782524
3931,-2.107065439224243,-2.1276652812957764,0.012042728252708912,0.008557187393307686,0.060356881469488144
3932,-1.7831617593765259,-1.8224563598632812,0.021309513598680496,0.01798510178923607,0.06033916771411896
3933,-2.089282512664795,-2.1379387378692627,0.01867452636361122,0.029981520026922226,0.06032143160700798
3934,-1.802487850189209,-1.8702901601791382,0.03646906837821007,0.03133317083120346,0.060303688049316406
3935,-2.0509562492370605,-2.0927557945251465,0.021538468077778816,0.020261051133275032,0.060285862535238266
3936,-1.925900936126709,-1.957666039466858,0.013928983360528946,0.01783606968820095,0.06026799976825714
3937,-2.044771909713745,-2.126131534576416,0.040390968322753906,0.04096869379281998,0.06025020033121109
3938,-1.7285065650939941,-1.7700746059417725,0.021080253645777702,0.020487815141677856,0.06023241952061653
3939,-1.7663253545761108,-1.7854149341583252,0.009113980457186699,0.009975535795092583,0.06021467223763466
3940,-1.7393563985824585,-1.86220383644104,0.0646004006266594,0.05824713408946991,0.06019684299826622
3941,-1.6558103561401367,-1.6808280944824219,0.011724874377250671,0.013292866759002209,0.06017903611063957
3942,-1.52003014087677,-1.551447868347168,0.012505142018198967,0.018912581726908684,0.0601612888276577
3943,-2.139045476913452,-2.2226128578186035,0.046170685440301895,0.037396762520074844,0.060143519192934036
3944,-1.997251033782959,-2.0253231525421143,0.012689345516264439,0.015382775105535984,0.060125742107629776
3945,-1.8985493183135986,-1.919942021369934,0.010920177213847637,0.01047257799655199,0.06010791286826134
3946,-2.091684341430664,-2.1288976669311523,0.020023783668875694,0.017189502716064453,0.060090187937021255
3947,-1.9940482378005981,-2.0122249126434326,0.006895340979099274,0.011281333863735199,0.06007246673107147
3948,-1.9261326789855957,-1.944000482559204,0.00724322022870183,0.010624480433762074,0.060054711997509
3949,-1.6227474212646484,-1.648111343383789,0.010401098057627678,0.014962850138545036,0.06003698706626892
3950,-1.8992384672164917,-1.9092211723327637,0.003614859189838171,0.006367855239659548,0.06001928448677063
3951,-1.7590396404266357,-1.771195888519287,0.004042354412376881,0.008113899268209934,0.060001570731401443
3952,-1.8422918319702148,-1.8559330701828003,0.0050552403554320335,0.00858608353883028,0.05998384952545166
3953,-1.9675625562667847,-1.9908009767532349,0.013662880286574364,0.009575450792908669,0.059966132044792175
3954,-1.849202275276184,-1.863790512084961,0.00641101086512208,0.008177266456186771,0.0599483922123909
3955,-1.830838680267334,-1.8621268272399902,0.020342692732810974,0.010945478454232216,0.05993063002824783
3956,-1.772829532623291,-1.79336416721344,0.009227796457707882,0.011306831613183022,0.05991291254758835
3957,-1.921105980873108,-1.9389519691467285,0.009724545292556286,0.008121504448354244,0.05989517644047737
3958,-1.8423832654953003,-1.8589818477630615,0.008654876612126827,0.007943695411086082,0.059877440333366394
3959,-2.104159355163574,-2.1191186904907227,0.007746267132461071,0.007213161326944828,0.05985970050096512
3960,-1.773494005203247,-1.7888028621673584,0.007047882303595543,0.008260970935225487,0.059841934591531754
3961,-1.7619761228561401,-1.7729734182357788,0.004574842285364866,0.006422396283596754,0.059824101626873016
3962,-1.643245816230774,-1.6573597192764282,0.006942613981664181,0.007171235512942076,0.059806305915117264
3963,-2.009826421737671,-2.093534231185913,0.04285035654902458,0.04085765406489372,0.0597885400056839
3964,-2.095053195953369,-2.1073198318481445,0.00619445601478219,0.006072380114346743,0.05977076664566994
3965,-1.6809947490692139,-1.6927803754806519,0.006633688695728779,0.005152044352144003,0.05975302681326866
3966,-1.5437783002853394,-1.5612486600875854,0.009133309125900269,0.008337016217410564,0.05973529443144798
3967,-1.9008543491363525,-1.9268207550048828,0.013426423072814941,0.012539966031908989,0.059717610478401184
3968,-2.0328712463378906,-2.043682813644409,0.0055096931755542755,0.005301994737237692,0.05969991534948349
3969,-1.5555099248886108,-1.569770097732544,0.008015723899006844,0.006244419142603874,0.059682223945856094
3970,-1.8955199718475342,-1.9079320430755615,0.0068686725571751595,0.005543367937207222,0.05966451019048691
3971,-1.5093661546707153,-1.545874834060669,0.02279970422387123,0.01370896864682436,0.05964682996273041
3972,-1.9179697036743164,-1.9269224405288696,0.0052130869589746,0.003739547450095415,0.05962914228439331
3973,-1.725925087928772,-1.7993605136871338,0.03733665868639946,0.03609870374202728,0.05961141735315323
3974,-1.8248687982559204,-1.8361889123916626,0.007298092357814312,0.00402199849486351,0.05959368497133255
3975,-1.8815293312072754,-1.9014908075332642,0.011899667792022228,0.008061736822128296,0.05957595258951187
3976,-1.9317097663879395,-2.00129771232605,0.03546856716275215,0.0341193825006485,0.0595582015812397
3977,-1.8679780960083008,-1.87960684299469,0.006259991321712732,0.005368731450289488,0.05954042822122574
3978,-1.9935330152511597,-2.002906560897827,0.005950574763119221,0.0034230221062898636,0.05952266976237297
3979,-2.119138717651367,-2.1243910789489746,0.0026535550132393837,0.0025987541303038597,0.05950496345758438
3980,-1.7654691934585571,-1.7781785726547241,0.005215309094637632,0.007494095712900162,0.0594872310757637
3981,-1.8439713716506958,-1.864426851272583,0.00974667351692915,0.010708850808441639,0.05946950614452362
3982,-1.4598238468170166,-1.4759089946746826,0.007253071293234825,0.008832116611301899,0.05945178493857384
3983,-1.767261028289795,-1.7863651514053345,0.009955540299415588,0.009148601442575455,0.05943406745791435
3984,-2.0451223850250244,-2.0619354248046875,0.008679717779159546,0.00813332386314869,0.059416331350803375
3985,-1.8032351732254028,-1.8191711902618408,0.006900695152580738,0.00903532188385725,0.0593985840678215
3986,-1.97113835811615,-1.9779226779937744,0.002703259699046612,0.004080956801772118,0.059380870312452316
3987,-1.7609556913375854,-1.7716569900512695,0.005303837824612856,0.005397485103458166,0.05936320498585701
3988,-1.5452830791473389,-1.8577712774276733,0.14000016450881958,0.17248794436454773,0.05934559926390648
3989,-1.49265718460083,-1.7461479902267456,0.10788669437170029,0.14560407400131226,0.05932798609137535
3990,-1.8195955753326416,-1.8377647399902344,0.009364588186144829,0.008804605342447758,0.059310391545295715
3991,-2.1047489643096924,-2.122354507446289,0.006536445114761591,0.011069116182625294,0.05929280444979668
3992,-1.7533230781555176,-1.7942776679992676,0.02117699757218361,0.019777577370405197,0.059275150299072266
3993,-1.9617668390274048,-1.982231855392456,0.011303973384201527,0.009160971269011497,0.05925748869776726
3994,-1.6950091123580933,-1.7195618152618408,0.011289738118648529,0.013262963853776455,0.05923983082175255
3995,-1.6738293170928955,-1.7276872396469116,0.029903827235102654,0.023954138159751892,0.05922219157218933
3996,-1.6733014583587646,-1.6933969259262085,0.008590109646320343,0.01150540355592966,0.05920461565256119
3997,-2.097604751586914,-2.1187660694122314,0.01071668229997158,0.010444656014442444,0.05918705835938454
3998,-2.0561158657073975,-2.072852373123169,0.0073707448318600655,0.009365753270685673,0.05916953459382057
3999,-2.0491783618927,-2.0721371173858643,0.01330981869250536,0.009649043902754784,0.05915205925703049
4000,-1.553224802017212,-1.5769380331039429,0.011717106215655804,0.011996112763881683,0.059134531766176224
4001,-1.6421905755996704,-1.6721925735473633,0.015590671449899673,0.014411344192922115,0.05911695212125778
4002,-1.7043932676315308,-1.724086880683899,0.011876475065946579,0.007817178964614868,0.059099435806274414
4003,-1.8640786409378052,-1.8777223825454712,0.006304549518972635,0.007339254952967167,0.059081897139549255
4004,-1.9805840253829956,-1.9959590435028076,0.005255723837763071,0.010119263082742691,0.059064388275146484
4005,-1.861451268196106,-1.9495793581008911,0.04272785410284996,0.04540024697780609,0.059046901762485504
4006,-1.4640570878982544,-1.4839410781860352,0.010695387609302998,0.009188646450638771,0.05902940779924393
4007,-2.1926419734954834,-2.2008252143859863,0.004490974824875593,0.0036922383587807417,0.059011902660131454
4008,-1.7234129905700684,-1.7381484508514404,0.0069807423278689384,0.007754698861390352,0.05899445712566376
4009,-2.062837839126587,-2.0748045444488525,0.005232011433690786,0.006734582595527172,0.05897696316242218
4010,-1.8588981628417969,-1.8696157932281494,0.005105033051222563,0.0056126234121620655,0.058959417045116425
4011,-1.6805987358093262,-1.6958184242248535,0.0074218763038516045,0.00779783446341753,0.058941833674907684
4012,-1.6189923286437988,-1.734346866607666,0.06405287981033325,0.051301661878824234,0.058924172073602676
4013,-1.6224385499954224,-1.6523966789245605,0.0106273852288723,0.019330769777297974,0.05890658497810364
4014,-1.9020793437957764,-1.918922781944275,0.009670374915003777,0.007173072546720505,0.05888906121253967
4015,-2.133939504623413,-2.149306058883667,0.008105838671326637,0.007260843180119991,0.0588715560734272
4016,-1.7680803537368774,-1.8081209659576416,0.017043529078364372,0.02299710549414158,0.058854084461927414
4017,-1.7120956182479858,-1.870051622390747,0.05713615566492081,0.10081985592842102,0.05883653089404106
4018,-1.5902047157287598,-1.661879062652588,0.03981812298297882,0.031856194138526917,0.05881895869970322
4019,-1.9720289707183838,-1.982357144355774,0.005803467705845833,0.00452475156635046,0.05880133435130119
4020,-1.9630694389343262,-1.9973962306976318,0.01440618559718132,0.01992059499025345,0.05878372862935066
4021,-1.738795518875122,-1.753884196281433,0.009737932123243809,0.005350720603018999,0.05876615643501282
4022,-1.7362174987792969,-1.7559455633163452,0.007086095400154591,0.012642079964280128,0.05874864384531975
4023,-1.8369256258010864,-1.8573559522628784,0.006261908449232578,0.01416834257543087,0.05873112380504608
4024,-1.7159390449523926,-1.7210979461669922,0.0025699848774820566,0.002588861156255007,0.05871361121535301
4025,-1.491430401802063,-1.5139769315719604,0.010687243193387985,0.011859273537993431,0.05869612842798233
4026,-2.1719870567321777,-2.1776256561279297,0.0030053495429456234,0.0026333932764828205,0.05867856740951538
4027,-1.7749953269958496,-1.8094686269760132,0.017655376344919205,0.016817880794405937,0.05866095796227455
4028,-1.815271019935608,-1.8268553018569946,0.005493453238159418,0.006090867333114147,0.05864331126213074
4029,-2.0520386695861816,-2.0695629119873047,0.010366278700530529,0.007158004213124514,0.05862565338611603
4030,-2.0064644813537598,-2.0175161361694336,0.005954691208899021,0.0050969235599040985,0.058608029037714005
4031,-1.9231849908828735,-1.9394257068634033,0.008177762851119041,0.008063015528023243,0.05859045684337616
4032,-1.658327579498291,-1.6728084087371826,0.007512733340263367,0.006968098226934671,0.0585729256272316
4033,-2.136563539505005,-2.153402328491211,0.010054056532680988,0.006784685887396336,0.05855540186166763
4034,-1.9924520254135132,-2.004594326019287,0.006402036175131798,0.005740244872868061,0.05853784456849098
4035,-2.0248467922210693,-2.034158229827881,0.004900377243757248,0.004410936497151852,0.05852035805583
4036,-1.5209674835205078,-1.5440397262573242,0.01279593724757433,0.010276323184370995,0.058502864092588425
4037,-1.6921014785766602,-1.7085633277893066,0.007347885053604841,0.009113914333283901,0.05848536267876625
4038,-1.768020749092102,-1.7815386056900024,0.007461319211870432,0.006056504789739847,0.05846790596842766
4039,-1.781219244003296,-2.0433945655822754,0.12128561735153198,0.1408897042274475,0.058450497686862946
4040,-1.61012864112854,-1.7522445917129517,0.04928446188569069,0.09283147007226944,0.05843315273523331
4041,-1.6349289417266846,-1.8184566497802734,0.09004228562116623,0.09348542988300323,0.058415740728378296
4042,-1.3680459260940552,-1.607069492340088,0.09883837401866913,0.14018528163433075,0.058398403227329254
4043,-1.7721452713012695,-1.7976192235946655,0.011285304091870785,0.01418858952820301,0.05838106945157051
4044,-1.532578706741333,-1.5712569952011108,0.018255675211548805,0.020422544330358505,0.05836368724703789
4045,-0.6204260587692261,-2.152348041534424,0.7338863611221313,0.7980356216430664,0.058346353471279144
4046,-1.7431106567382812,-1.7626827955245972,0.0110866604372859,0.008485425263643265,0.05832897871732712
4047,-2.042466402053833,-2.062225580215454,0.007959956303238869,0.011799321509897709,0.05831165611743927
4048,-1.8695805072784424,-1.9167191982269287,0.022083960473537445,0.025054633617401123,0.05829436331987381
4049,-1.7963072061538696,-1.8410857915878296,0.01755594089627266,0.027222683653235435,0.058277104049921036
4050,-1.9775437116622925,-2.026204824447632,0.024464577436447144,0.024196460843086243,0.05825980752706528
4051,-1.5318719148635864,-1.5825618505477905,0.021774616092443466,0.02891530841588974,0.05824252963066101
4052,-1.7765593528747559,-1.809024691581726,0.01441531628370285,0.018050115555524826,0.05822524428367615
4053,-1.5716649293899536,-1.6239012479782104,0.024543961510062218,0.0276922807097435,0.05820795148611069
4054,-1.7048407793045044,-1.7303839921951294,0.013073127716779709,0.012470124289393425,0.05819087103009224
4055,-1.4848958253860474,-1.5356245040893555,0.025241605937480927,0.025487106293439865,0.05817382037639618
4056,-1.5802479982376099,-1.643093466758728,0.025709010660648346,0.037136390805244446,0.05815676599740982
4057,-1.824560523033142,-1.8676730394363403,0.01604050025343895,0.027072062715888023,0.05813968554139137
4058,-1.7917217016220093,-1.938997507095337,0.04558431729674339,0.10169143229722977,0.05812262371182442
4059,-1.5448485612869263,-1.5744097232818604,0.009816886857151985,0.01974429562687874,0.058105580508708954
4060,-1.8753374814987183,-1.9147436618804932,0.020401982590556145,0.019004248082637787,0.05808855593204498
4061,-2.1859824657440186,-2.205265522003174,0.008646944537758827,0.010635984130203724,0.05807157978415489
4062,-1.6916897296905518,-1.8439316749572754,0.04251129552721977,0.10973061621189117,0.05805455148220062
4063,-1.9683133363723755,-2.0613508224487305,0.04491737112402916,0.0481201633810997,0.05803748965263367
4064,-1.6369836330413818,-1.677149772644043,0.01479288563132286,0.025373172014951706,0.058020345866680145
4065,-0.6869863271713257,-1.9074597358703613,0.5831506848335266,0.6373227834701538,0.05800320953130722
4066,-2.0355336666107178,-2.051112174987793,0.009500543586909771,0.00607801228761673,0.0579860657453537
4067,-1.5574783086776733,-1.6996874809265137,0.06761889159679413,0.07459033280611038,0.05796894058585167
4068,-1.6260677576065063,-2.016878604888916,0.16341814398765564,0.22739267349243164,0.057951804250478745
4069,-1.7550538778305054,-1.7727937698364258,0.009908128529787064,0.007831764407455921,0.057934604585170746
4070,-1.4461190700531006,-1.7020902633666992,0.09846900403499603,0.15750211477279663,0.05791746452450752
4071,-1.4975411891937256,-1.5500521659851074,0.02462237887084484,0.0278887078166008,0.0579003170132637
4072,-1.7597490549087524,-1.8016420602798462,0.017893539741635323,0.023999420925974846,0.057883284986019135
4073,-1.770491123199463,-1.8020572662353516,0.011552496813237667,0.02001374028623104,0.05786627158522606
4074,-1.6115103960037231,-1.6553435325622559,0.018747657537460327,0.02508542127907276,0.05784933269023895
4075,-2.044137954711914,-2.149622678756714,0.0552997887134552,0.05018498748540878,0.05783235654234886
4076,-1.646009922027588,-1.8764052391052246,0.11760418117046356,0.11279118061065674,0.05781545490026474
4077,-1.758726716041565,-1.8071869611740112,0.01909695938229561,0.029363321140408516,0.057798516005277634
4078,-2.018131732940674,-2.173523187637329,0.05275781452655792,0.10263365507125854,0.057781677693128586
4079,-1.8052394390106201,-1.8553950786590576,0.023024551570415497,0.02713107317686081,0.05776486173272133
4080,-1.8004647493362427,-1.8304671049118042,0.014112241566181183,0.015890177339315414,0.05774810165166855
4081,-1.6164605617523193,-1.7072231769561768,0.043818917125463486,0.04694362357258797,0.05773133412003517
4082,-1.5501686334609985,-1.602482557296753,0.01969124935567379,0.03262271359562874,0.057714615017175674
4083,-1.4957345724105835,-1.5131850242614746,0.00551982969045639,0.011930626817047596,0.057697951793670654
4084,-1.821826696395874,-1.8707153797149658,0.02101636677980423,0.02787233144044876,0.05768141895532608
4085,-1.6178500652313232,-1.8229331970214844,0.09727345407009125,0.1078096404671669,0.05766482278704643
4086,-1.5692248344421387,-1.6277934312820435,0.03020499460399151,0.028363563120365143,0.057648204267024994
4087,-1.997687578201294,-2.0306029319763184,0.019522637128829956,0.013392721302807331,0.05763170123100281
4088,-1.6408793926239014,-1.7422370910644531,0.03919553384184837,0.06216210499405861,0.05761529505252838
4089,-1.743262767791748,-1.8045401573181152,0.045254942029714584,0.016022490337491035,0.057598963379859924
4090,-1.6828325986862183,-1.7350523471832275,0.03314933553338051,0.01907040737569332,0.05758268013596535
4091,-1.8890372514724731,-1.9163070917129517,0.012387849390506744,0.014881919138133526,0.057566359639167786
4092,-1.870438814163208,-2.0767619609832764,0.10319266468286514,0.10313042253255844,0.057550057768821716
4093,-1.725454330444336,-1.7780086994171143,0.02818157710134983,0.02437286078929901,0.05753384158015251
4094,-1.8184565305709839,-1.844863772392273,0.013902058824896812,0.012505147606134415,0.05751771107316017
4095,-2.006965398788452,-2.03963303565979,0.016909770667552948,0.015757882967591286,0.05750151723623276
4096,-1.966370940208435,-1.9960970878601074,0.01372877974063158,0.015997357666492462,0.057485371828079224
4097,-1.7082339525222778,-1.7313549518585205,0.011704565025866032,0.011416390538215637,0.05746927112340927
4098,-1.8315397500991821,-1.8542423248291016,0.010827496647834778,0.011874976567924023,0.057453129440546036
4099,-1.8517341613769531,-1.9488422870635986,0.0418771430850029,0.055230941623449326,0.05743706598877907
4100,-1.70645272731781,-1.7296385765075684,0.008568143472075462,0.014617688953876495,0.05742097645998001
4101,-2.033132314682007,-2.0600333213806152,0.014659864827990532,0.012241220101714134,0.05740497633814812
4102,-1.935702919960022,-1.9471781253814697,0.004624840337783098,0.006850347854197025,0.05738899111747742
4103,-1.7746913433074951,-1.7999520301818848,0.012354164384305477,0.012906535528600216,0.057373013347387314
4104,-1.7629244327545166,-1.8257663249969482,0.03624444454908371,0.02659755013883114,0.057357121258974075
4105,-1.582174301147461,-1.5995396375656128,0.008552413433790207,0.008812908083200455,0.05734129995107651
4106,-1.789972186088562,-1.8196078538894653,0.016408799216151237,0.01322688814252615,0.057325322180986404
4107,-0.9263111352920532,-1.8079060316085815,0.4594700336456299,0.42212486267089844,0.05730927735567093
4108,-1.8983628749847412,-1.980360984802246,0.040262214839458466,0.04173593968153,0.05729326605796814
4109,-1.843626618385315,-1.8628753423690796,0.010278669185936451,0.008969970047473907,0.05727720633149147
4110,-1.6674920320510864,-2.0241246223449707,0.15111464262008667,0.20551785826683044,0.057261258363723755
4111,-1.9353573322296143,-1.9685640335083008,0.01869528740644455,0.014511429704725742,0.05724545195698738
4112,-1.9381901025772095,-1.9610540866851807,0.01116727851331234,0.011696658097207546,0.05722975730895996
4113,-2.099064826965332,-2.1199750900268555,0.010550374165177345,0.010360094718635082,0.05721401423215866
4114,-1.8610336780548096,-1.8757474422454834,0.006118987686932087,0.00859469547867775,0.0571981780230999
4115,-1.744276762008667,-1.7660936117172241,0.0102519690990448,0.011564821004867554,0.05718229338526726
4116,-1.673091173171997,-1.760164499282837,0.04421328008174896,0.04286004975438118,0.05716657638549805
4117,-1.8113924264907837,-1.829177975654602,0.0087745301425457,0.009010977111756802,0.0571509450674057
4118,-1.7761757373809814,-1.9307074546813965,0.07303157448768616,0.08150012046098709,0.057135291397571564
4119,-1.5728304386138916,-1.820945382118225,0.11320531368255615,0.13490964472293854,0.05711960047483444
4120,-1.9203006029129028,-1.9404648542404175,0.010765915736556053,0.00939837284386158,0.057103902101516724
4121,-1.968939185142517,-1.9830384254455566,0.006044810172170401,0.008054429665207863,0.0570882186293602
4122,-2.152963161468506,-2.1697940826416016,0.00959972757846117,0.007231120951473713,0.05707250162959099
4123,-1.923604965209961,-1.9892312288284302,0.037137407809495926,0.028488852083683014,0.05705682560801506
4124,-1.9049551486968994,-1.925736427307129,0.009854916483163834,0.01092637237161398,0.05704110488295555
4125,-1.6981086730957031,-1.7190077304840088,0.011049449443817139,0.009849543683230877,0.057025302201509476
4126,-1.807252287864685,-1.8867156505584717,0.0248954389244318,0.05456790328025818,0.05700958892703056
4127,-1.8227556943893433,-1.8446276187896729,0.008917730301618576,0.012954206205904484,0.056993864476680756
4128,-1.5768166780471802,-1.5977588891983032,0.008498106151819229,0.0124441459774971,0.05697813257575035
4129,-2.138176441192627,-2.1637282371520996,0.012335061095654964,0.013216781429946423,0.05696244165301323
4130,-1.7112398147583008,-1.731895923614502,0.010754507966339588,0.009901585057377815,0.056946758180856705
4131,-1.6880606412887573,-1.7112622261047363,0.012599237263202667,0.010602382011711597,0.05693111941218376
4132,-1.649515986442566,-1.6856493949890137,0.017119649797677994,0.019013814628124237,0.056915514171123505
4133,-1.7112454175949097,-1.7423479557037354,0.012489644810557365,0.018612906336784363,0.05689994990825653
4134,-1.570819616317749,-1.6465824842453003,0.039378464221954346,0.036384329199790955,0.05688447505235672
4135,-2.060412645339966,-2.0741045475006104,0.005695351865142584,0.007996456697583199,0.05686897411942482
4136,-2.0284039974212646,-2.0632195472717285,0.018303032964468002,0.01651252806186676,0.05685348063707352
4137,-1.93495512008667,-1.950719952583313,0.008611338213086128,0.0071535659953951836,0.056837987154722214
4138,-2.142864942550659,-2.1564621925354004,0.00521035585552454,0.00838681124150753,0.056822557002305984
4139,-1.7566310167312622,-1.7711844444274902,0.006145096849650145,0.008408352732658386,0.056807126849889755
4140,-1.6233267784118652,-1.65826416015625,0.012956692837178707,0.021980617195367813,0.05679171532392502
4141,-2.0477259159088135,-2.0665931701660156,0.005249097011983395,0.013618286699056625,0.05677622929215431
4142,-1.9549766778945923,-1.9827091693878174,0.010486848652362823,0.017245694994926453,0.05676081404089928
4143,-1.9787611961364746,-2.0035150051116943,0.012214705348014832,0.012539107352495193,0.05674542859196663
4144,-1.779490351676941,-1.7960513830184937,0.006421191617846489,0.010139801539480686,0.05673011392354965
4145,-1.9164446592330933,-1.9494187831878662,0.01834075152873993,0.014633452519774437,0.05671481788158417
4146,-1.8451825380325317,-1.8630000352859497,0.007171642500907183,0.010645863600075245,0.05669962242245674
4147,-1.7244492769241333,-1.888093113899231,0.05443400517106056,0.10920972377061844,0.05668434873223305
4148,-1.2739194631576538,-1.61365807056427,0.14861950278282166,0.19111904501914978,0.056669026613235474
4149,-1.8324615955352783,-1.9145302772521973,0.03396845608949661,0.04810021072626114,0.05665367841720581
4150,-1.8397822380065918,-1.8952291011810303,0.016342999413609505,0.039103880524635315,0.05663822963833809
4151,-1.4188412427902222,-1.722161054611206,0.13766399025917053,0.16565582156181335,0.056622784584760666
4152,-1.843909502029419,-1.8717200756072998,0.01149661559611559,0.016313863918185234,0.05660736933350563
4153,-1.4515739679336548,-1.8064454793930054,0.1892888844013214,0.16558267176151276,0.05659189075231552
4154,-1.9938431978225708,-2.012732744216919,0.007118161302059889,0.011771300807595253,0.05657636374235153
4155,-1.9893949031829834,-2.0747170448303223,0.042275991290807724,0.043046217411756516,0.05656084045767784
4156,-1.447007417678833,-1.5500000715255737,0.03080454282462597,0.0721881166100502,0.05654536187648773
4157,-2.0444047451019287,-2.084202289581299,0.017828060314059258,0.0219695083796978,0.056529924273490906
4158,-1.6543327569961548,-1.676334261894226,0.011629490181803703,0.010372089222073555,0.05651446804404259
4159,-1.5447582006454468,-1.646657943725586,0.06809201836585999,0.03380775824189186,0.05649911239743233
4160,-1.4664318561553955,-1.5072053670883179,0.02307535707950592,0.01769813895225525,0.056483808904886246
4161,-1.6618798971176147,-1.7955727577209473,0.05243745818734169,0.0812554880976677,0.05646847188472748
4162,-1.6538922786712646,-1.7464722394943237,0.029807519167661667,0.06277234852313995,0.05645304545760155
4163,-1.9862490892410278,-2.0201869010925293,0.009064629673957825,0.02487313747406006,0.05643762648105621
4164,-1.7114267349243164,-1.7385411262512207,0.010681902058422565,0.01643257960677147,0.05642220750451088
4165,-2.0507090091705322,-2.0670084953308105,0.0071907974779605865,0.009108792059123516,0.056406740099191666
4166,-1.3868727684020996,-1.4240176677703857,0.016477907076478004,0.02066698670387268,0.056391384452581406
4167,-1.760635495185852,-1.812709093093872,0.02368101105093956,0.028392527252435684,0.05637595057487488
4168,-1.8318287134170532,-1.859229564666748,0.014096207916736603,0.013304615393280983,0.05636044219136238
4169,-1.6946200132369995,-1.7144949436187744,0.0073988004587590694,0.012476028874516487,0.05634481459856033
4170,-1.7604169845581055,-1.7967102527618408,0.0232623852789402,0.013030841015279293,0.056329235434532166
4171,-1.9686185121536255,-2.0057225227355957,0.014595972374081612,0.022508082911372185,0.056313686072826385
4172,-1.7851042747497559,-1.8025742769241333,0.007989607751369476,0.009480396285653114,0.056298140436410904
4173,-2.213902711868286,-2.28710675239563,0.036947090178728104,0.03625708445906639,0.05628259852528572
4174,-0.8465964794158936,-1.5186553001403809,0.3373998999595642,0.3346588909626007,0.05626711621880531
4175,-0.768642008304596,-1.8354464769363403,0.5202354192733765,0.5465690493583679,0.05625154450535774
4176,-1.5039498805999756,-1.578094720840454,0.02456178516149521,0.049583133310079575,0.056236106902360916
4177,-1.7992966175079346,-2.0603740215301514,0.1385643035173416,0.12251300364732742,0.0562206506729126
4178,-2.0545833110809326,-2.0838334560394287,0.01852743700146675,0.010722633451223373,0.05620502308011055
4179,-2.121973752975464,-2.1406939029693604,0.007739847060292959,0.010980370454490185,0.056189414113759995
4180,-1.618579387664795,-1.6767096519470215,0.016836874186992645,0.041293349117040634,0.056173864752054214
4181,-1.6805446147918701,-1.7198843955993652,0.023009750992059708,0.016329994425177574,0.056158397346735
4182,-1.9789462089538574,-2.0274851322174072,0.0163846705108881,0.03215431049466133,0.056142814457416534
4183,-1.9284485578536987,-1.9531972408294678,0.013877909630537033,0.010870760306715965,0.05612707510590553
4184,-0.7772461771965027,-2.050539970397949,0.621965765953064,0.6513280272483826,0.056111421436071396
4185,-2.050924062728882,-2.0729904174804688,0.008219625800848007,0.01384656596928835,0.05609589070081711
4186,-1.7847099304199219,-1.7999482154846191,0.007700112648308277,0.007538212463259697,0.056080497801303864
4187,-2.022878646850586,-2.053208112716675,0.013495024293661118,0.016834501177072525,0.05606512725353241
4188,-2.084921360015869,-2.120384931564331,0.0178417656570673,0.01762174814939499,0.05604970082640648
4189,-0.7851613759994507,-1.578662395477295,0.3989161550998688,0.39458492398262024,0.05603437498211861
4190,-1.7598141431808472,-1.7989360094070435,0.01525179110467434,0.023870062083005905,0.05601905658841133
4191,-1.5056557655334473,-1.6921309232711792,0.10647755861282349,0.07999754697084427,0.05600371211767197
4192,-1.654399037361145,-1.6876028776168823,0.014425376430153847,0.018778478726744652,0.05598842352628708
4193,-1.9995180368423462,-2.0242600440979004,0.010862370021641254,0.013879701495170593,0.05597315728664398
4194,-1.8976691961288452,-1.9189262390136719,0.010561068542301655,0.010695933364331722,0.055957917124032974
4195,-1.7462395429611206,-2.002993106842041,0.1300113946199417,0.1267421394586563,0.0559425912797451
4196,-1.7021828889846802,-1.8219964504241943,0.05623641982674599,0.06357722729444504,0.05592745542526245
4197,-1.6236692667007446,-2.0986177921295166,0.23634889721870422,0.23859964311122894,0.05591223016381264
4198,-2.097421169281006,-2.133190155029297,0.01499094907194376,0.02077787183225155,0.05589703470468521
4199,-1.9980086088180542,-2.0425188541412354,0.027508091181516647,0.017002267763018608,0.05588189512491226
4200,-1.8003387451171875,-1.8181471824645996,0.00586048886179924,0.011947988532483578,0.055866871029138565
4201,-1.5156941413879395,-1.575974464416504,0.03140246123075485,0.028877899050712585,0.055851902812719345
4202,-2.076107978820801,-2.1078290939331055,0.010039098560810089,0.02168213576078415,0.055837083607912064
4203,-1.6508086919784546,-1.6768814325332642,0.012265116907656193,0.013807670213282108,0.055822212249040604
4204,-1.834691047668457,-2.0857203006744385,0.12394868582487106,0.12708061933517456,0.05580752342939377
4205,-2.009711742401123,-2.0367002487182617,0.01232166588306427,0.014666896313428879,0.05579288676381111
4206,-1.5726978778839111,-1.610207438468933,0.013253015466034412,0.024256590753793716,0.055778443813323975
4207,-1.586401343345642,-1.6251564025878906,0.02442323789000511,0.014331808313727379,0.05576407164335251
4208,-1.6431065797805786,-1.672199010848999,0.014123390428721905,0.014969022944569588,0.05574975162744522
4209,-1.7695249319076538,-1.8074344396591187,0.014802845194935799,0.02310667186975479,0.05573525279760361
4210,-1.797631859779358,-1.836828589439392,0.020895913243293762,0.018300769850611687,0.05572086572647095
4211,-2.1668753623962402,-2.1908323764801025,0.01029769703745842,0.013659278862178326,0.0557064525783062
4212,-1.813681721687317,-1.834871768951416,0.011106150224804878,0.010083901695907116,0.05569201707839966
4213,-1.9968127012252808,-2.0333166122436523,0.01922614686191082,0.017277825623750687,0.055677786469459534
4214,-1.8327033519744873,-2.0872862339019775,0.12256809324026108,0.13201476633548737,0.055663421750068665
4215,-1.16425359249115,-1.3131016492843628,0.05961894616484642,0.08922909200191498,0.055649250745773315
4216,-1.6390749216079712,-1.96687650680542,0.16872920095920563,0.15907235443592072,0.05563529580831528
4217,-1.7953450679779053,-1.8790401220321655,0.043718814849853516,0.03997628390789032,0.05562126263976097
4218,-1.8045506477355957,-1.8371349573135376,0.018633509054780006,0.013950858265161514,0.05560741946101189
4219,-1.7016873359680176,-1.8521380424499512,0.055289678275585175,0.09516104310750961,0.05559369921684265
4220,-1.6977641582489014,-1.718277096748352,0.008162859827280045,0.01235002651810646,0.055580075830221176
4221,-1.840605616569519,-1.8719351291656494,0.01921953074634075,0.012110020965337753,0.05556637793779373
4222,-1.9580841064453125,-2.001739501953125,0.02049676515161991,0.023158658295869827,0.0555526539683342
4223,-2.04032301902771,-2.066633701324463,0.01388669852167368,0.012423929758369923,0.0555388405919075
4224,-1.6674003601074219,-1.8252758979797363,0.08229964971542358,0.07557583600282669,0.05552490055561066
4225,-1.8422666788101196,-1.8755029439926147,0.019704435020685196,0.01353185810148716,0.055510763078927994
4226,-1.705177664756775,-1.901262640953064,0.0857907310128212,0.11029420047998428,0.05549651011824608
4227,-1.694572925567627,-1.7418185472488403,0.02409520000219345,0.023150386288762093,0.055482327938079834
4228,-1.7139803171157837,-1.7662971019744873,0.023738423362374306,0.028578361496329308,0.055468253791332245
4229,-1.8710485696792603,-1.8839504718780518,0.006755467038601637,0.0061463862657547,0.05545419827103615
4230,-1.6997501850128174,-1.7537147998809814,0.020760904997587204,0.03320373594760895,0.05544021353125572
4231,-1.6451680660247803,-1.6702392101287842,0.014496691524982452,0.010574402287602425,0.05542632192373276
4232,-1.4382845163345337,-1.9603303670883179,0.26298579573631287,0.25905999541282654,0.055412329733371735
4233,-1.7865427732467651,-1.8234426975250244,0.021279163658618927,0.015620720572769642,0.05539840832352638
4234,-1.4583470821380615,-1.941640853881836,0.23909714818000793,0.24419660866260529,0.0553845651447773
4235,-2.0378458499908447,-2.0760698318481445,0.012327530421316624,0.025896579027175903,0.05537055805325508
4236,-1.963514804840088,-1.9950714111328125,0.016215724870562553,0.01534087024629116,0.0553564615547657
4237,-1.8363213539123535,-1.8760576248168945,0.01496361568570137,0.024772677570581436,0.055342353880405426
4238,-1.4677826166152954,-1.6033504009246826,0.06949974596500397,0.06606806814670563,0.05532817170023918
4239,-1.7614599466323853,-1.8080799579620361,0.01815466582775116,0.02846542000770569,0.05531400442123413
4240,-2.1456072330474854,-2.1751556396484375,0.01425968948751688,0.01528873573988676,0.05529985576868057
4241,-1.3629939556121826,-1.8208937644958496,0.22697889804840088,0.23092088103294373,0.05528559163212776
4242,-1.4598908424377441,-1.6882449388504028,0.10936146974563599,0.1189926266670227,0.05527156963944435
4243,-1.8830389976501465,-1.8992295265197754,0.006485519930720329,0.009705065749585629,0.0552576445043087
4244,-1.9798640012741089,-2.010863780975342,0.01820661686360836,0.012793146073818207,0.05524377152323723
4245,-1.7718217372894287,-1.796968698501587,0.015988722443580627,0.009158242493867874,0.05522990599274635
4246,-2.0708956718444824,-2.178924798965454,0.05162803828716278,0.056401051580905914,0.05521601438522339
4247,-1.9705573320388794,-2.0526812076568604,0.03675633296370506,0.045367587357759476,0.0552021786570549
4248,-1.5081857442855835,-1.86349618434906,0.17432048916816711,0.18098993599414825,0.055188361555337906
4249,-1.5103089809417725,-1.8999420404434204,0.19086478650569916,0.19876830279827118,0.05517448112368584
4250,-1.4488246440887451,-1.8403966426849365,0.1851409673690796,0.20643097162246704,0.05516066029667854
4251,-1.5550346374511719,-1.925206184387207,0.17860735952854156,0.1915641725063324,0.05514690279960632
4252,-1.1352508068084717,-1.531212568283081,0.198824942111969,0.19713693857192993,0.05513332411646843
4253,-1.586614966392517,-1.7550320625305176,0.08019400388002396,0.08822305500507355,0.05511953681707382
4254,-1.3178874254226685,-1.4810481071472168,0.08581595122814178,0.07734479010105133,0.05510575324296951
4255,-1.6040288209915161,-1.8767683506011963,0.13454541563987732,0.13819411396980286,0.05509188026189804
4256,-1.5471587181091309,-1.8568651676177979,0.138235405087471,0.1714710146188736,0.05507798492908478
4257,-1.2901087999343872,-1.4125674962997437,0.06294243782758713,0.059516265988349915,0.05506408214569092
4258,-1.5787022113800049,-1.6837035417556763,0.049825869500637054,0.055175427347421646,0.055050142109394073
4259,-1.571323275566101,-1.6556397676467896,0.04219091311097145,0.04212556034326553,0.05503620579838753
4260,-1.7942825555801392,-1.841635823249817,0.020229697227478027,0.027123548090457916,0.05502210184931755
4261,-1.8440346717834473,-1.945117473602295,0.04087533429265022,0.06020749732851982,0.05500786751508713
4262,-1.9149738550186157,-1.9768842458724976,0.02989274635910988,0.03201761096715927,0.05499354749917984
4263,-1.6354565620422363,-1.7645424604415894,0.07398256659507751,0.05510326474905014,0.05497916787862778
4264,-1.6777280569076538,-1.9740190505981445,0.1536579579114914,0.1426331251859665,0.054964762181043625
4265,-1.7134900093078613,-2.03446626663208,0.15034547448158264,0.1706308275461197,0.05495044216513634
4266,-1.469533920288086,-1.739924669265747,0.11981283128261566,0.1505778580904007,0.05493630841374397
4267,-1.8005098104476929,-1.8993327617645264,0.05460524559020996,0.04421767219901085,0.054921992123126984
4268,-1.5855395793914795,-1.698115348815918,0.05970628187060356,0.05286945030093193,0.0549079068005085
4269,-1.5763299465179443,-1.8284639120101929,0.11182708293199539,0.14030681550502777,0.05489372834563255
4270,-1.281859278678894,-1.716965675354004,0.19774921238422394,0.23735715448856354,0.054879624396562576
4271,-1.4226419925689697,-1.5483542680740356,0.06397698074579239,0.06173526123166084,0.05486557260155678
4272,-1.1373342275619507,-1.2919020652770996,0.08107151836156845,0.07349637150764465,0.054851461201906204
4273,-1.9617016315460205,-2.0182793140411377,0.033041033893823624,0.02353667840361595,0.05483757331967354
4274,-1.5875287055969238,-1.791602611541748,0.09476934373378754,0.10930454730987549,0.05482368916273117
4275,-1.5053166151046753,-1.6606415510177612,0.06478693336248398,0.09053801745176315,0.05480971932411194
4276,-1.6961874961853027,-1.7333179712295532,0.014746496453881264,0.022383959963917732,0.05479590967297554
4277,-1.1832151412963867,-1.5941009521484375,0.18841424584388733,0.22247159481048584,0.05478203669190407
4278,-2.090437173843384,-2.174341917037964,0.04115534573793411,0.04274933040142059,0.05476817861199379
4279,-1.9019707441329956,-2.1158287525177,0.0984664112329483,0.11539164930582047,0.05475424975156784
4280,-1.5413155555725098,-1.6361087560653687,0.043936535716056824,0.05085676163434982,0.054740242660045624
4281,-1.6207655668258667,-1.8484300374984741,0.10240548849105835,0.12525899708271027,0.0547262541949749
4282,-1.8791799545288086,-1.9204661846160889,0.015129376202821732,0.026156941428780556,0.054712243378162384
4283,-1.5899872779846191,-1.7012877464294434,0.0549243688583374,0.05637615546584129,0.05469818413257599
4284,-1.7844815254211426,-1.8372762203216553,0.026057597249746323,0.02673714980483055,0.05468399450182915
4285,-1.2996138334274292,-1.4882819652557373,0.09320611506700516,0.09546201676130295,0.054669760167598724
4286,-1.7761720418930054,-1.9175044298171997,0.057428840547800064,0.08390352129936218,0.054655514657497406
4287,-1.6043142080307007,-1.7318474054336548,0.06590475887060165,0.06162851303815842,0.054641276597976685
4288,-1.6540675163269043,-1.752341628074646,0.04177096113562584,0.05650316923856735,0.054627012461423874
4289,-1.5854233503341675,-1.6469924449920654,0.0332176610827446,0.02835139073431492,0.054612647742033005
4290,-1.874054193496704,-1.9320509433746338,0.024438034743070602,0.03355874866247177,0.05459841713309288
4291,-1.4780808687210083,-1.6641088724136353,0.10688632726669312,0.07914172112941742,0.054584115743637085
4292,-1.98294997215271,-2.019623041152954,0.020771697163581848,0.01590137556195259,0.054569825530052185
4293,-1.6582342386245728,-1.7112023830413818,0.02571258693933487,0.02725554071366787,0.054555609822273254
4294,-1.7557331323623657,-1.9640076160430908,0.09324619919061661,0.1150282472372055,0.05454143136739731
4295,-2.049942970275879,-2.0765020847320557,0.014853870496153831,0.011705177836120129,0.05452723428606987
4296,-1.8664050102233887,-1.9212634563446045,0.027265286073088646,0.027593078091740608,0.05451301485300064
4297,-1.9045321941375732,-1.9468679428100586,0.018444282934069633,0.023891467601060867,0.054498810321092606
4298,-1.645613670349121,-1.8890968561172485,0.09561551362276077,0.1478676199913025,0.05448472499847412
4299,-1.7367042303085327,-1.7671226263046265,0.012256528250873089,0.018161926418542862,0.05447046458721161
4300,-1.8489805459976196,-1.9112242460250854,0.027940571308135986,0.03430305793881416,0.05445617064833641
4301,-1.8502161502838135,-1.9071922302246094,0.030858566984534264,0.02611757628619671,0.0544419139623642
4302,-0.716524064540863,-1.7330349683761597,0.5083606839179993,0.5081501603126526,0.054427873343229294
4303,-2.0133039951324463,-2.125656843185425,0.05345702916383743,0.058895815163850784,0.05441376939415932
4304,-1.3979337215423584,-1.676504135131836,0.12467356026172638,0.15389680862426758,0.05439987778663635
4305,-2.0263290405273438,-2.0745019912719727,0.023337146267294884,0.024835938587784767,0.05438615754246712
4306,-1.8445521593093872,-1.8991543054580688,0.029025565832853317,0.025576632469892502,0.05437232181429863
4307,-1.7376317977905273,-1.8848285675048828,0.060117632150650024,0.08707915246486664,0.05435855686664581
4308,-1.4478864669799805,-1.5215439796447754,0.03776225447654724,0.0358952172100544,0.05434480682015419
4309,-1.524775505065918,-1.5903589725494385,0.03810306638479233,0.027480358257889748,0.05433102324604988
4310,-1.4701104164123535,-1.7673695087432861,0.12862595915794373,0.1686331033706665,0.054317254573106766
4311,-2.028398275375366,-2.081878185272217,0.02910093031823635,0.024379044771194458,0.05430346354842186
4312,-1.4621583223342896,-1.73904550075531,0.09936171770095825,0.1775253713130951,0.05428973212838173
4313,-1.7962816953659058,-1.8199914693832397,0.011630632914602757,0.012079127132892609,0.05427603796124458
4314,-1.618501901626587,-1.8677918910980225,0.1418452262878418,0.10744478553533554,0.054262593388557434
4315,-1.922656774520874,-1.9458082914352417,0.010807372629642487,0.012344074435532093,0.05424920469522476
4316,-1.7061059474945068,-1.7683848142623901,0.028318118304014206,0.03396066278219223,0.0542357936501503
4317,-1.4495587348937988,-1.5433824062347412,0.042477816343307495,0.05134586989879608,0.0542224645614624
4318,-1.8150591850280762,-1.8769426345825195,0.027767740190029144,0.034115634858608246,0.05420917645096779
4319,-1.845899224281311,-1.9638952016830444,0.04652409255504608,0.07147196680307388,0.054196007549762726
4320,-1.8146686553955078,-1.9769532680511475,0.0726093128323555,0.08967527002096176,0.05418297275900841
4321,-1.4359756708145142,-1.6024826765060425,0.07902500778436661,0.08748194575309753,0.05417003110051155
4322,-1.831803560256958,-1.9562991857528687,0.05724748969078064,0.0672481432557106,0.054157063364982605
4323,-1.9336241483688354,-2.000931739807129,0.025383535772562027,0.04192397743463516,0.05414403975009918
4324,-1.3646870851516724,-1.7275298833847046,0.16741199791431427,0.19543075561523438,0.054131168872117996
4325,-1.3997408151626587,-1.4602800607681274,0.02201670967042446,0.03852248191833496,0.05411852151155472
4326,-1.534014344215393,-1.6741559505462646,0.08612175285816193,0.054019782692193985,0.05410608649253845
4327,-2.0199246406555176,-2.141897678375244,0.07850224524736404,0.04347097501158714,0.054093703627586365
4328,-2.023192882537842,-2.044928550720215,0.010162151418626308,0.01157362014055252,0.05408149212598801
4329,-1.7432191371917725,-1.858953833580017,0.05258664861321449,0.06314803659915924,0.054069217294454575
4330,-1.8131670951843262,-1.8695710897445679,0.030536890029907227,0.025867074728012085,0.054057009518146515
4331,-1.8487366437911987,-1.875117301940918,0.011789475567638874,0.014591218903660774,0.05404497683048248
4332,-1.7007347345352173,-1.9463791847229004,0.12150822579860687,0.12413617223501205,0.054033149033784866
4333,-1.7608784437179565,-1.9022867679595947,0.07858642190694809,0.06282186508178711,0.054021451622247696
4334,-1.8890372514724731,-1.9300100803375244,0.01875045709311962,0.022222410887479782,0.054009873420000076
4335,-1.6748008728027344,-1.8523318767547607,0.06333940476179123,0.1141916960477829,0.05399824678897858
4336,-1.646572470664978,-1.703042984008789,0.03348039835691452,0.022990064695477486,0.05398668721318245
4337,-1.5249450206756592,-1.6008161306381226,0.03455808758735657,0.041313041001558304,0.05397511646151543
4338,-1.90967857837677,-1.9841974973678589,0.036753784865140915,0.03776510804891586,0.05396357551217079
4339,-1.5172165632247925,-1.6620222330093384,0.053771715611219406,0.0910339429974556,0.053952254354953766
4340,-1.5852137804031372,-1.711801528930664,0.056506119668483734,0.07008156925439835,0.05394088476896286
4341,-1.5700901746749878,-1.696974515914917,0.06623788177967072,0.06064647063612938,0.05392982438206673
4342,-1.5632545948028564,-1.5950050354003906,0.022965392097830772,0.008784999139606953,0.053918883204460144
4343,-1.7075327634811401,-1.7604129314422607,0.019196271896362305,0.03368385136127472,0.05390813946723938
4344,-1.6939020156860352,-1.8089544773101807,0.041671022772789,0.0733814463019371,0.05389735475182533
4345,-1.8088552951812744,-1.878977656364441,0.035180896520614624,0.0349414199590683,0.053886331617832184
4346,-1.703086495399475,-1.810591220855713,0.04374336078763008,0.06376130878925323,0.05387532338500023
4347,-0.6176360845565796,-1.7203832864761353,0.5339940786361694,0.5687531232833862,0.05386435613036156
4348,-1.7988651990890503,-1.859572410583496,0.03447439894080162,0.02623283490538597,0.05385361984372139
4349,-1.5568703413009644,-1.774336338043213,0.08758339285850525,0.1298825442790985,0.05384302884340286
4350,-1.886980414390564,-1.916747808456421,0.011689119040966034,0.018078362569212914,0.05383245274424553
4351,-1.8450202941894531,-1.8879427909851074,0.0220202524214983,0.020902302116155624,0.053821876645088196
4352,-1.8261077404022217,-1.8748301267623901,0.025377273559570312,0.023345064371824265,0.05381127819418907
4353,-1.76121985912323,-1.8225011825561523,0.02519063837826252,0.036090776324272156,0.05380065739154816
4354,-1.6323888301849365,-1.7277815341949463,0.05176718160510063,0.04362545907497406,0.053790125995874405
4355,-1.6172363758087158,-1.6596965789794922,0.017412248998880386,0.02504788525402546,0.05377950891852379
4356,-1.3355791568756104,-1.3753604888916016,0.016114460304379463,0.02366681955754757,0.05376885458827019
4357,-1.8315974473953247,-1.859234094619751,0.014043541625142097,0.01359307486563921,0.05375824123620987
4358,-1.7175785303115845,-1.7357124090194702,0.009297563694417477,0.008836232125759125,0.053747422993183136
4359,-1.7165712118148804,-1.7378075122833252,0.01208833884447813,0.009147999808192253,0.05373690649867058
4360,-1.7959884405136108,-1.8540326356887817,0.029591964557766914,0.028452225029468536,0.053726401180028915
4361,-1.6619021892547607,-1.725217580795288,0.029684338718652725,0.0336310900747776,0.05371588468551636
4362,-1.539655327796936,-1.7531840801239014,0.09218917042016983,0.12133954465389252,0.05370562896132469
4363,-1.78696870803833,-1.8272898197174072,0.020350024104118347,0.019971121102571487,0.05369511619210243
4364,-1.8633317947387695,-1.8864529132843018,0.012825921177864075,0.010295202024281025,0.053684528917074203
4365,-1.7756423950195312,-1.8513857126235962,0.028695642948150635,0.04704761505126953,0.05367374047636986
4366,-1.5077608823776245,-1.557106852531433,0.028202475979924202,0.0211434755474329,0.05366291478276253
4367,-1.6558315753936768,-1.6939407587051392,0.017443522810935974,0.020665675401687622,0.053652018308639526
4368,-1.8362833261489868,-1.8618733882904053,0.010408468544483185,0.015181544236838818,0.05364134907722473
4369,-2.0881032943725586,-2.1224608421325684,0.014163474552333355,0.020194170996546745,0.053630683571100235
4370,-1.7623308897018433,-1.8395357131958008,0.034366678446531296,0.042838044464588165,0.05362020060420036
4371,-1.7341701984405518,-1.8336297273635864,0.040992945432662964,0.05846654251217842,0.053609564900398254
4372,-1.5204989910125732,-1.5615147352218628,0.02221960388123989,0.018796121701598167,0.05359876528382301
4373,-1.656594157218933,-1.6836206912994385,0.012602550908923149,0.014423985965549946,0.053588058799505234
4374,-1.801772117614746,-1.9458736181259155,0.05153641104698181,0.09256511926651001,0.05357743054628372
4375,-1.7563974857330322,-1.8475697040557861,0.02692222222685814,0.06425003707408905,0.05356691777706146
4376,-1.454836368560791,-1.4984544515609741,0.022986378520727158,0.02063162997364998,0.053556498140096664
4377,-2.1301233768463135,-2.153291702270508,0.009434397332370281,0.013733809813857079,0.05354611575603485
4378,-1.3323960304260254,-1.5414080619812012,0.10997425019741058,0.099037766456604,0.05353575199842453
4379,-1.8040510416030884,-1.837310552597046,0.01551624946296215,0.01774318888783455,0.05352538824081421
4380,-1.9666327238082886,-2.0181212425231934,0.02754807472229004,0.02394041046500206,0.05351497605443001
4381,-1.5493214130401611,-1.7058939933776855,0.06727328896522522,0.0892992913722992,0.053504541516304016
4382,-1.327361822128296,-1.3956397771835327,0.03930836170911789,0.02896958589553833,0.05349428579211235
4383,-1.5285074710845947,-1.555016279220581,0.012330449186265469,0.014178422279655933,0.053484030067920685
4384,-1.7586016654968262,-1.9232653379440308,0.08926486223936081,0.07539886236190796,0.05347380414605141
4385,-1.8530797958374023,-1.9143011569976807,0.030050616711378098,0.031170707195997238,0.05346348136663437
4386,-1.8411638736724854,-1.864769458770752,0.009547367691993713,0.014058230444788933,0.053453169763088226
4387,-1.6818509101867676,-1.791182279586792,0.05533140152692795,0.05400000512599945,0.053442809730768204
4388,-1.8119782209396362,-1.897943377494812,0.03984515741467476,0.04612000659108162,0.05343244969844818
4389,-1.5605757236480713,-1.8375012874603271,0.13155712187290192,0.1453685164451599,0.05342189222574234
4390,-1.8217860460281372,-1.8536231517791748,0.016639137640595436,0.015197968110442162,0.053411245346069336
4391,-1.7677103281021118,-1.8313380479812622,0.026685815304517746,0.036941930651664734,0.053400661796331406
4392,-1.5233051776885986,-1.6687169075012207,0.05990291014313698,0.085508793592453,0.053390324115753174
4393,-1.7362061738967896,-1.7889649868011475,0.0280536450445652,0.024705128744244576,0.05338044837117195
4394,-1.6687391996383667,-1.7327044010162354,0.031153155490756035,0.03281203657388687,0.0533706359565258
4395,-1.726032018661499,-1.7717751264572144,0.02136831358075142,0.024374816566705704,0.053360775113105774
4396,-1.6423122882843018,-1.8477091789245605,0.08987435698509216,0.11552248895168304,0.05335082858800888
4397,-1.522131323814392,-1.6278690099716187,0.05808383971452713,0.04765376076102257,0.05334087088704109
4398,-1.6644129753112793,-1.7191040515899658,0.028739623725414276,0.025951510295271873,0.05333079770207405
4399,-1.7471147775650024,-1.7640389204025269,0.00955977849662304,0.007364420685917139,0.05332065373659134
4400,-1.7445775270462036,-1.7890808582305908,0.020094916224479675,0.024408426135778427,0.0533105731010437
4401,-1.6746110916137695,-1.7385112047195435,0.03904403746128082,0.024856120347976685,0.0533006489276886
4402,-1.6491756439208984,-1.7098665237426758,0.03235889971256256,0.02833198569715023,0.05329073593020439
4403,-1.5793482065200806,-1.6252708435058594,0.024199828505516052,0.02172280102968216,0.05328107997775078
4404,-1.3827250003814697,-1.5429809093475342,0.06910275667905807,0.09115316718816757,0.05327146500349045
4405,-1.6895064115524292,-1.8502599000930786,0.08098600059747696,0.07976747304201126,0.05326157063245773
4406,-2.12467885017395,-2.15067458152771,0.011512097902595997,0.014483767561614513,0.053251542150974274
4407,-1.8628904819488525,-1.929229736328125,0.022418268024921417,0.043921031057834625,0.053241536021232605
4408,-1.5161480903625488,-1.595529317855835,0.050210025161504745,0.029171273112297058,0.05323179066181183
4409,-1.931787371635437,-1.9582048654556274,0.013425715267658234,0.012991806492209435,0.05322206765413284
4410,-1.8846555948257446,-1.9205803871154785,0.017450524494051933,0.018474239856004715,0.053212374448776245
4411,-1.75327730178833,-1.77916419506073,0.016824284568428993,0.009062664583325386,0.05320282280445099
4412,-1.8701903820037842,-1.9052174091339111,0.01441975124180317,0.020607272163033485,0.05319320783019066
4413,-1.853340744972229,-1.8820008039474487,0.013638213276863098,0.01502175722271204,0.053183507174253464
4414,-1.7310402393341064,-1.8525688648223877,0.07972016930580139,0.04180845618247986,0.05317381024360657
4415,-1.718504548072815,-1.7534713745117188,0.021414674818515778,0.013552139513194561,0.05316423624753952
4416,-2.097182273864746,-2.121858596801758,0.015543188899755478,0.00913315825164318,0.05315450578927994
4417,-1.655362844467163,-1.6828619241714478,0.013856660574674606,0.013642431236803532,0.053144924342632294
4418,-1.4111051559448242,-1.631136178970337,0.11718778312206268,0.10284329205751419,0.05313539505004883
4419,-1.434313416481018,-1.514922022819519,0.0380326509475708,0.042575959116220474,0.0531260222196579
4420,-1.4814138412475586,-1.7386932373046875,0.11975771188735962,0.13752172887325287,0.053116511553525925
4421,-1.5661935806274414,-1.6732783317565918,0.036981306970119476,0.07010335475206375,0.05310700088739395
4422,-1.2911944389343262,-1.6468522548675537,0.17265735566616058,0.18300040066242218,0.05309758335351944
4423,-1.7433981895446777,-1.7697855234146118,0.010705756954848766,0.01568157784640789,0.053088102489709854
4424,-1.07267427444458,-1.470673680305481,0.2068118155002594,0.19118766486644745,0.05307871103286743
4425,-1.371931552886963,-1.5279438495635986,0.0723162591457367,0.08369597792625427,0.05306911841034889
4426,-1.7458603382110596,-1.8454594612121582,0.046131860464811325,0.05346730351448059,0.05305954068899155
4427,-1.7849429845809937,-1.858586072921753,0.0329417958855629,0.04070129618048668,0.05304988846182823
4428,-1.769881248474121,-1.8586773872375488,0.03166265785694122,0.05713342875242233,0.05304041877388954
4429,-1.5609952211380005,-1.7836103439331055,0.1103007048368454,0.11231447756290436,0.05303096026182175
4430,-2.0128133296966553,-2.0448412895202637,0.017241716384887695,0.014786340296268463,0.05302153900265694
4431,-1.794894814491272,-1.9189739227294922,0.04272332787513733,0.08135578036308289,0.053011972457170486
4432,-1.865517020225525,-1.9335440397262573,0.02782003954052925,0.040207069367170334,0.053002189844846725
4433,-1.8339775800704956,-1.8746459484100342,0.02316320315003395,0.017505185678601265,0.05299245938658714
4434,-1.4795430898666382,-1.607211709022522,0.06982555985450745,0.05784311890602112,0.05298278480768204
4435,-1.557265043258667,-1.6012288331985474,0.016768889501690865,0.02719489112496376,0.052973031997680664
4436,-1.6563782691955566,-1.718719482421875,0.03499831631779671,0.0273428987711668,0.05296329781413078
4437,-1.7211781740188599,-1.7593320608139038,0.018869120627641678,0.019284725189208984,0.052953459322452545
4438,-1.8457365036010742,-1.9326976537704468,0.0428486242890358,0.04411261901259422,0.05294353887438774
4439,-1.672724962234497,-1.7039493322372437,0.015443014912307262,0.01578141748905182,0.05293373018503189
4440,-1.897748351097107,-1.9400650262832642,0.017714709043502808,0.024601971730589867,0.052923835813999176
4441,-1.8115060329437256,-1.8633264303207397,0.023261846974492073,0.02855847217142582,0.052913960069417953
4442,-1.6943894624710083,-1.8031212091445923,0.04782475158572197,0.060907017439603806,0.05290400609374046
4443,-1.6237074136734009,-1.7786822319030762,0.07092312723398209,0.0840517207980156,0.05289377644658089
4444,-1.9696917533874512,-2.0038552284240723,0.012704421766102314,0.021459095180034637,0.05288336053490639
4445,-1.6157420873641968,-1.6764302253723145,0.027921942993998528,0.032766226679086685,0.052872758358716965
4446,-1.77858304977417,-1.9061223268508911,0.06828055530786514,0.059258703142404556,0.052862223237752914
4447,-1.8229126930236816,-1.8938342332839966,0.03983139991760254,0.031090147793293,0.05285164713859558
4448,-1.7046552896499634,-1.8140760660171509,0.06180349737405777,0.047617342323064804,0.05284101516008377
4449,-1.8645222187042236,-1.8884507417678833,0.013384826481342316,0.010543647222220898,0.05283016711473465
4450,-1.6008579730987549,-1.7631139755249023,0.07800690829753876,0.08424914628267288,0.052819374948740005
4451,-1.564481496810913,-1.6316509246826172,0.027658239006996155,0.03951125591993332,0.05280841886997223
4452,-1.3369654417037964,-1.5572707653045654,0.10908153653144836,0.11122377216815948,0.05279751867055893
4453,-1.64870285987854,-1.7159104347229004,0.023286953568458557,0.04392062872648239,0.05278674513101578
4454,-1.595352292060852,-1.6544828414916992,0.029703078791499138,0.029427506029605865,0.05277593433856964
4455,-1.5943996906280518,-1.6439687013626099,0.026229150593280792,0.023339824751019478,0.05276522785425186
4456,-1.9366048574447632,-1.992737054824829,0.026225930079817772,0.029906222596764565,0.05275439843535423
4457,-1.5457916259765625,-1.593786358833313,0.023471584543585777,0.024523133412003517,0.05274391919374466
4458,-2.0286035537719727,-2.0824427604675293,0.027582839131355286,0.026256438344717026,0.05273344740271568
4459,-1.9639893770217896,-2.003882884979248,0.019350318238139153,0.020543240010738373,0.05272313952445984
4460,-1.7915740013122559,-1.8351600170135498,0.023051772266626358,0.02053430676460266,0.052712582051754
4461,-1.32565438747406,-1.402626633644104,0.036873698234558105,0.04009857028722763,0.05270218849182129
4462,-1.9497278928756714,-1.9765604734420776,0.015809038653969765,0.011023527011275291,0.052691683173179626
4463,-1.9151967763900757,-1.951829195022583,0.02084086649119854,0.015791554003953934,0.052681196480989456
4464,-1.4944168329238892,-1.515002727508545,0.011038390919566154,0.009547519497573376,0.052671048790216446
4465,-1.5415233373641968,-1.6029481887817383,0.032911334186792374,0.028513511642813683,0.05266101658344269
4466,-1.707946538925171,-1.736741065979004,0.016401760280132294,0.012392754666507244,0.052651047706604004
4467,-1.6013880968093872,-1.6974172592163086,0.04306952282786369,0.05295967683196068,0.052641283720731735
4468,-1.5626908540725708,-1.6159570217132568,0.02538347989320755,0.02788267284631729,0.0526314415037632
4469,-1.0675296783447266,-1.4492172002792358,0.18651685118675232,0.195170596241951,0.05262121558189392
4470,-1.5074610710144043,-1.6063638925552368,0.05013234540820122,0.048770416527986526,0.05261122062802315
4471,-1.8406304121017456,-1.8783025741577148,0.01644970290362835,0.0212224330753088,0.05260118469595909
4472,-1.7627601623535156,-1.8198686838150024,0.025268137454986572,0.03184027224779129,0.052591316401958466
4473,-1.8587932586669922,-1.8909720182418823,0.014383485540747643,0.017795315012335777,0.05258144810795784
4474,-2.018676280975342,-2.0321860313415527,0.006551685743033886,0.006957916542887688,0.05257158353924751
4475,-1.7851585149765015,-1.817490577697754,0.015873435884714127,0.016458582133054733,0.05256207287311554
4476,-1.9650418758392334,-2.076875686645508,0.053453341126441956,0.05838032439351082,0.05255253612995148
4477,-1.6837811470031738,-1.7666934728622437,0.053582094609737396,0.029330195859074593,0.052543189376592636
4478,-1.770907998085022,-1.8463428020477295,0.04506422579288483,0.030370645225048065,0.052533820271492004
4479,-1.0148141384124756,-1.8717036247253418,0.3992404043674469,0.4576491713523865,0.0525241382420063
4480,-1.748128890991211,-1.7831217050552368,0.01689217984676361,0.018100600689649582,0.05251459777355194
4481,-1.9269541501998901,-1.9660013914108276,0.018767669796943665,0.02027951180934906,0.05250495672225952
4482,-1.8058995008468628,-1.871863842010498,0.041217342019081116,0.024747006595134735,0.05249548330903053
4483,-1.467401146888733,-1.5588958263397217,0.049086857587099075,0.042407844215631485,0.052485909312963486
4484,-1.840398907661438,-1.8669724464416504,0.014375610277056694,0.012197958305478096,0.052476461976766586
4485,-1.402240514755249,-1.422689437866211,0.009668207727372646,0.010780655778944492,0.052466992288827896
4486,-1.8605372905731201,-1.9137619733810425,0.02333224005997181,0.029892388731241226,0.05245742201805115
4487,-1.6172293424606323,-1.682325005531311,0.03890028968453407,0.026195434853434563,0.052447907626628876
4488,-1.7623435258865356,-1.8107168674468994,0.019857127219438553,0.028516177088022232,0.05243847891688347
4489,-1.3853967189788818,-1.5028003454208374,0.04951148107647896,0.06789221614599228,0.05242900177836418
4490,-1.6809802055358887,-1.7665002346038818,0.053932055830955505,0.03158801048994064,0.05241947993636131
4491,-1.7060164213180542,-1.7857041358947754,0.026780668646097183,0.05290694907307625,0.0524098202586174
4492,-1.7702264785766602,-1.8171947002410889,0.018122773617506027,0.028845470398664474,0.052400171756744385
4493,-1.7251237630844116,-1.7724032402038574,0.02505185455083847,0.02222766913473606,0.05239064246416092
4494,-1.712166666984558,-2.0571300983428955,0.18076688051223755,0.1641966551542282,0.05238086357712746
4495,-1.3470206260681152,-1.8640421628952026,0.25536662340164185,0.2616548538208008,0.052370935678482056
4496,-1.496627688407898,-1.5288960933685303,0.018277788534760475,0.013990622945129871,0.052361082285642624
4497,-1.756391167640686,-1.8254413604736328,0.04217428341507912,0.02687585912644863,0.052351221442222595
4498,-1.938101053237915,-1.9710043668746948,0.018809417262673378,0.014093905687332153,0.05234145000576973
4499,-1.5783910751342773,-1.606816291809082,0.01473668497055769,0.013688547536730766,0.05233173072338104
4500,-1.3953107595443726,-1.5664187669754028,0.10279405117034912,0.06831395626068115,0.05232223495841026
4501,-1.8434016704559326,-1.8790290355682373,0.014666244387626648,0.020961180329322815,0.05231266841292381
4502,-1.567267894744873,-1.6354326009750366,0.0395776629447937,0.02858707495033741,0.052303291857242584
4503,-1.5464043617248535,-1.6196924448013306,0.02953062392771244,0.04375739395618439,0.052294038236141205
4504,-2.046886444091797,-2.1006147861480713,0.025166675448417664,0.028561560437083244,0.05228477716445923
4505,-1.5735870599746704,-1.7239741086959839,0.06522399932146072,0.08516302704811096,0.05227552726864815
4506,-1.5494985580444336,-1.7405009269714355,0.09098411351442337,0.10001824051141739,0.05226610600948334
4507,-1.5985758304595947,-1.6571332216262817,0.022294145077466965,0.03626318275928497,0.05225687101483345
4508,-1.3718763589859009,-1.410813808441162,0.01820378750562668,0.02073368802666664,0.05224774032831192
4509,-1.5141136646270752,-1.8008804321289062,0.15439428389072418,0.13237249851226807,0.05223863571882248
4510,-1.705232858657837,-1.7354373931884766,0.013631973415613174,0.016572631895542145,0.05222945660352707
4511,-1.0441230535507202,-1.592996597290039,0.281000554561615,0.26787295937538147,0.05222029238939285
4512,-1.9181554317474365,-2.009117603302002,0.04989705979824066,0.04106512665748596,0.05221106857061386
4513,-1.8072199821472168,-1.8421673774719238,0.014649237506091595,0.020298095420002937,0.05220157280564308
4514,-1.6106172800064087,-1.746460199356079,0.069249726831913,0.06659314781427383,0.05219216272234917
4515,-1.4924923181533813,-1.5741539001464844,0.04181379824876785,0.039847761392593384,0.05218257009983063
4516,-1.4881422519683838,-1.8795558214187622,0.18897083401679993,0.20244276523590088,0.052172716706991196
4517,-1.978603720664978,-2.0009865760803223,0.007999138906598091,0.014383727684617043,0.05216295272111893
4518,-1.6269418001174927,-1.6746164560317993,0.024309668689966202,0.023365072906017303,0.05215318128466606
4519,-1.7299188375473022,-1.758455514907837,0.013549516908824444,0.014987069182097912,0.05214348062872887
4520,-1.5698081254959106,-1.7030510902404785,0.07289004325866699,0.060352958738803864,0.05213391035795212
4521,-1.6804049015045166,-1.7284421920776367,0.024659806862473488,0.023377548903226852,0.05212452635169029
4522,-1.3819667100906372,-1.712903618812561,0.16669777035713196,0.16423913836479187,0.05211523175239563
4523,-1.220130205154419,-1.598431944847107,0.21226957440376282,0.16603225469589233,0.052105989307165146
4524,-1.5973089933395386,-1.9003372192382812,0.14899322390556335,0.15403494238853455,0.0520964115858078
4525,-1.4830647706985474,-1.5304429531097412,0.018765732645988464,0.02861250564455986,0.052087072283029556
4526,-1.625978708267212,-1.6643214225769043,0.019411951303482056,0.018930766731500626,0.05207783356308937
4527,-0.6143009662628174,-1.6841261386871338,0.48629361391067505,0.5835316181182861,0.05206850916147232
4528,-1.7807048559188843,-1.8113071918487549,0.01255057193338871,0.018051741644740105,0.05205918848514557
4529,-1.8748559951782227,-1.9995619058609009,0.06685425341129303,0.05785162001848221,0.05205002799630165
4530,-1.560650110244751,-1.6443710327148438,0.03345442935824394,0.050266481935977936,0.05204084515571594
4531,-1.7330687046051025,-1.804277777671814,0.0367887057363987,0.03442036733031273,0.05203206092119217
4532,-1.6743046045303345,-1.8867757320404053,0.10967889428138733,0.10279229283332825,0.05202344059944153
4533,-1.6807096004486084,-1.7934056520462036,0.05564258247613907,0.05705343559384346,0.05201490595936775
4534,-1.6121093034744263,-1.6740918159484863,0.018008654937148094,0.04397384822368622,0.05200669914484024
4535,-1.8151581287384033,-1.8493998050689697,0.020635293796658516,0.013606403023004532,0.05199854075908661
4536,-1.5206456184387207,-1.5526574850082397,0.013143354095518589,0.018868526443839073,0.05199038237333298
4537,-1.5177855491638184,-1.5509076118469238,0.01888255961239338,0.014239531010389328,0.051982153207063675
4538,-1.8340399265289307,-1.8862366676330566,0.026110848411917686,0.02608587220311165,0.05197417363524437
4539,-1.5660459995269775,-1.6070451736450195,0.019165754318237305,0.021833447739481926,0.05196642875671387
4540,-1.7045109272003174,-1.8085302114486694,0.06663861870765686,0.037380680441856384,0.05195882171392441
4541,-1.936393141746521,-1.9634264707565308,0.012660378590226173,0.01437290571630001,0.051951177418231964
4542,-1.6132597923278809,-1.6634584665298462,0.02385804057121277,0.026340652257204056,0.05194363743066788
4543,-1.6393449306488037,-1.7796465158462524,0.07073409855365753,0.06956744194030762,0.05193585902452469
4544,-1.3784160614013672,-1.9469718933105469,0.30229702591896057,0.2662588953971863,0.05192776024341583
4545,-1.6245373487472534,-1.7551923990249634,0.061035700142383575,0.06961934268474579,0.05191940441727638
4546,-1.7778916358947754,-1.8668855428695679,0.041590966284275055,0.04740298539400101,0.05191117525100708
4547,-1.760063648223877,-1.8206534385681152,0.024868998676538467,0.0357208326458931,0.05190290883183479
4548,-1.9248682260513306,-1.944510817527771,0.010833839885890484,0.008808771148324013,0.051894813776016235
4549,-1.8570902347564697,-1.915408730506897,0.020577482879161835,0.037741124629974365,0.05188683420419693
4550,-2.0217814445495605,-2.091513156890869,0.022596245631575584,0.047135449945926666,0.05187872052192688
4551,-1.844356894493103,-1.8916916847229004,0.017528168857097626,0.02980656549334526,0.0518706813454628
4552,-1.9174489974975586,-1.9536817073822021,0.019531382247805595,0.016701333224773407,0.051862817257642746
4553,-1.7891075611114502,-1.902316927909851,0.06697826087474823,0.046231094747781754,0.05185489356517792
4554,-1.2880585193634033,-1.3349980115890503,0.02424510382115841,0.0226942989975214,0.051846928894519806
4555,-1.8882288932800293,-2.0675737857818604,0.10581304132938385,0.07353182882070541,0.05183885991573334
4556,-1.905948281288147,-1.9447615146636963,0.018296100199222565,0.020517122000455856,0.051830898970365524
4557,-1.9165923595428467,-1.9953851699829102,0.04209238290786743,0.036700449883937836,0.0518227219581604
4558,-1.8484530448913574,-1.9044829607009888,0.0233729537576437,0.0326569490134716,0.05181431770324707
4559,-1.9135282039642334,-1.9777384996414185,0.027814090251922607,0.036396291106939316,0.05180590599775314
4560,-1.8594502210617065,-1.890143632888794,0.01418367400765419,0.01650971919298172,0.051797572523355484
4561,-1.4742354154586792,-1.5293099880218506,0.027465658262372017,0.02760889381170273,0.05178907513618469
4562,-1.9958064556121826,-2.073671817779541,0.027545936405658722,0.05031939595937729,0.05178065598011017
4563,-1.6650538444519043,-1.736648678779602,0.034584492444992065,0.03701028972864151,0.05177253112196922
4564,-1.8817018270492554,-2.105243444442749,0.13292983174324036,0.09061179310083389,0.05176457017660141
4565,-1.9274046421051025,-2.0502476692199707,0.056968946009874344,0.06587408483028412,0.051756735891103745
4566,-1.5951980352401733,-1.6312227249145508,0.01784166321158409,0.018182970583438873,0.05174907296895981
4567,-1.7536168098449707,-1.7867176532745361,0.015199870802462101,0.017900891602039337,0.05174148455262184
4568,-1.7278409004211426,-2.020737648010254,0.1604771614074707,0.13241955637931824,0.0517340712249279
4569,-1.719085693359375,-1.8183214664459229,0.04432477802038193,0.054911039769649506,0.0517268069088459
4570,-1.938983678817749,-2.0019500255584717,0.023189958184957504,0.03977646678686142,0.05171939730644226
4571,-1.8841632604599,-1.9106976985931396,0.012751929461956024,0.013782478868961334,0.051711663603782654
4572,-1.6566587686538696,-1.7868680953979492,0.05525212734937668,0.07495727390050888,0.05170382559299469
4573,-1.6627140045166016,-1.7293025255203247,0.03246739134192467,0.03412112593650818,0.05169612169265747
4574,-1.8672062158584595,-1.9145152568817139,0.022968510165810585,0.02434046007692814,0.05168851464986801
4575,-1.742558479309082,-1.7714874744415283,0.009677588939666748,0.019251393154263496,0.051680948585271835
4576,-1.8496252298355103,-1.8958704471588135,0.024971406906843185,0.021273842081427574,0.05167331174015999
4577,-1.9740067720413208,-2.0304031372070312,0.025049574673175812,0.0313466340303421,0.05166556313633919
4578,-1.6281800270080566,-1.6853407621383667,0.0374099500477314,0.01975083351135254,0.051657937467098236
4579,-1.7711304426193237,-1.8336623907089233,0.030875829979777336,0.03165614977478981,0.05165034160017967
4580,-2.038257360458374,-2.105167865753174,0.03306050971150398,0.03384999930858612,0.05164259299635887
4581,-1.7700716257095337,-1.8161629438400269,0.021976269781589508,0.024115072563290596,0.051634836941957474
4582,-1.7402929067611694,-1.7634493112564087,0.009759501554071903,0.01339683961123228,0.051627010107040405
4583,-2.0517184734344482,-2.085434913635254,0.013883905485272408,0.019832683727145195,0.05161893367767334
4584,-1.7232232093811035,-1.8198672533035278,0.05057942867279053,0.04606463015079498,0.05161076411604881
4585,-1.9754464626312256,-2.0433123111724854,0.029722288250923157,0.038143642246723175,0.05160260573029518
4586,-1.5768510103225708,-1.6151474714279175,0.02047945000231266,0.017817044630646706,0.0515945628285408
4587,-1.7076404094696045,-1.8198304176330566,0.06971786916255951,0.04247206449508667,0.05158614739775658
4588,-1.8059587478637695,-1.9628959894180298,0.07987328618764877,0.07706388086080551,0.05157792195677757
4589,-1.494935393333435,-1.5606764554977417,0.0318455770611763,0.033895473927259445,0.051569558680057526
4590,-2.1005022525787354,-2.132589817047119,0.014688938856124878,0.017398500815033913,0.05156116187572479
4591,-1.7381669282913208,-1.7563066482543945,0.005968476179987192,0.012171270325779915,0.05155282840132713
4592,-1.8898359537124634,-1.9184391498565674,0.01717042736709118,0.01143275760114193,0.051544323563575745
