step,total_loss,actor_loss,q1_loss,q2_loss,alpha
1,0.4119989275932312,0.19305017590522766,0.14128579199314117,0.07766292989253998,0.19993999600410461
2,0.42074841260910034,0.20262852311134338,0.13946771621704102,0.07865217328071594,0.199879989027977
3,0.37203356623649597,0.20332661271095276,0.0950930118560791,0.07361393421888351,0.1998199224472046
4,0.3337394595146179,0.14743700623512268,0.10672743618488312,0.07957500219345093,0.19975966215133667
5,0.3150501847267151,0.17359501123428345,0.07681041210889816,0.06464474648237228,0.19969935715198517
6,0.3276654779911041,0.18046967685222626,0.07533304393291473,0.07186276465654373,0.1996389925479889
7,0.2722816467285156,0.1531994491815567,0.0548684298992157,0.06421375274658203,0.1995784342288971
8,0.33046624064445496,0.14783982932567596,0.09422661364078522,0.08839979767799377,0.19951768219470978
9,0.31735682487487793,0.18246342241764069,0.07019445300102234,0.06469894200563431,0.1994570642709732
10,0.4512626528739929,0.21216773986816406,0.12074492126703262,0.11834999173879623,0.19939680397510529
11,0.38723841309547424,0.2163487821817398,0.08909609168767929,0.08179353922605515,0.19933684170246124
12,0.28998085856437683,0.16718927025794983,0.06060202047228813,0.06218956410884857,0.19927673041820526
13,0.2706201374530792,0.15498343110084534,0.057582370936870575,0.05805432051420212,0.19921639561653137
14,0.269788920879364,0.14446064829826355,0.06524531543254852,0.060082972049713135,0.199155792593956
15,0.35524165630340576,0.12293264269828796,0.11886192858219147,0.11344707757234573,0.1990947723388672
16,0.4154927432537079,0.1986398696899414,0.11981648951768875,0.09703638404607773,0.19903406500816345
17,0.24488313496112823,0.15705353021621704,0.04863949865102768,0.03919009864330292,0.19897326827049255
18,0.3093150556087494,0.17874275147914886,0.07069063931703568,0.05988166481256485,0.19891269505023956
19,0.27708032727241516,0.16710513830184937,0.058052171021699905,0.05192301422357559,0.19885224103927612
20,0.2578255832195282,0.1363050639629364,0.06388187408447266,0.057638633996248245,0.19879165291786194
21,0.2738300859928131,0.13600678741931915,0.07103706151247025,0.06678622961044312,0.19873104989528656
22,0.25087419152259827,0.14568251371383667,0.05401195213198662,0.05117972567677498,0.19867058098316193
23,0.32426732778549194,0.12711387872695923,0.10612999647855759,0.09102346003055573,0.19861002266407013
24,0.18012282252311707,0.042120903730392456,0.07099245488643646,0.06700945645570755,0.19854868948459625
25,0.16823336482048035,0.06767836213111877,0.05054125562310219,0.050013743340969086,0.1984870433807373
26,0.2164323329925537,0.01807653158903122,0.09737522900104523,0.10098057985305786,0.19842475652694702
27,0.0968741923570633,0.00046213180758059025,0.04728126525878906,0.049130793660879135,0.19836176931858063
28,0.12728717923164368,0.010761064477264881,0.05657961219549179,0.059946492314338684,0.1982984095811844
29,0.17614135146141052,0.033290356397628784,0.07609933614730835,0.06675166636705399,0.19823487102985382
30,0.07959999144077301,0.015752099454402924,0.03144387900829315,0.03240401670336723,0.1981711983680725
31,0.15797469019889832,0.04838018864393234,0.05463949590921402,0.054954998195171356,0.19810763001441956
32,0.06007895991206169,-0.029063522815704346,0.04642803594470024,0.042714446783065796,0.19804339110851288
33,0.16792361438274384,0.05591295659542084,0.054759763181209564,0.05725089833140373,0.1979793757200241
34,0.10490596294403076,-0.007980279624462128,0.05838935077190399,0.0544968880712986,0.19791512191295624
35,-0.0025151409208774567,-0.10146744549274445,0.0503523014485836,0.048600003123283386,0.19784966111183167
36,0.11103752255439758,0.0171473640948534,0.04892286658287048,0.04496729373931885,0.19778436422348022
37,0.0369282066822052,-0.023409388959407806,0.029540318995714188,0.03079727664589882,0.19771882891654968
38,0.09957181662321091,-0.04145069420337677,0.06756464391946793,0.07345786690711975,0.19765298068523407
39,-0.01052229106426239,-0.1343030333518982,0.06266126781702042,0.06111947447061539,0.19758619368076324
40,0.0014054253697395325,-0.06398596614599228,0.032072119414806366,0.033319272100925446,0.19751931726932526
41,0.13962653279304504,-0.013318274170160294,0.0798414871096611,0.07310332357883453,0.19745299220085144
42,0.028155401349067688,-0.07962318509817123,0.05392380803823471,0.05385477840900421,0.19738657772541046
43,0.04466225206851959,-0.06958679109811783,0.05574673414230347,0.058502309024333954,0.19732020795345306
44,0.08029035478830338,-0.07384949177503586,0.07303127646446228,0.08110857009887695,0.19725365936756134
45,0.01657921075820923,-0.1161719262599945,0.0673653781414032,0.06538575887680054,0.1971869319677353
46,-0.019336823374032974,-0.10616981983184814,0.04518841579556465,0.04164458066225052,0.19712018966674805
47,0.025576971471309662,-0.1411663293838501,0.08270785212516785,0.08403544872999191,0.1970532238483429
48,-0.022549938410520554,-0.1449192315340042,0.06236203387379646,0.06000726297497749,0.1969860941171646
49,-0.00958678126335144,-0.09308605641126633,0.041203103959560394,0.04229617118835449,0.19691947102546692
50,-0.0349762886762619,-0.17548345029354095,0.0717320591211319,0.06877510249614716,0.19685253500938416
51,-0.043455809354782104,-0.15331558883190155,0.0556519441306591,0.054207831621170044,0.19678568840026855
52,0.027082741260528564,-0.19173085689544678,0.11165948957204819,0.10715410858392715,0.19671845436096191
53,-0.08743957430124283,-0.19050005078315735,0.05455338582396507,0.04850708693265915,0.19665105640888214
54,-0.06450383365154266,-0.18715636432170868,0.06093546748161316,0.06171705946326256,0.19658344984054565
55,-0.12484252452850342,-0.2145054042339325,0.04528757929801941,0.04437530040740967,0.19651557505130768
56,-0.1360803097486496,-0.24169887602329254,0.051434412598609924,0.05418415740132332,0.19644716382026672
57,-0.12285211682319641,-0.2361641228199005,0.05621238425374031,0.05709962174296379,0.19637855887413025
58,-0.002321481704711914,-0.20209498703479767,0.10124976933002472,0.09852373600006104,0.19631004333496094
59,-0.12557865679264069,-0.23031558096408844,0.05139382183551788,0.05334309861063957,0.1962413787841797
60,-0.07890047132968903,-0.27280551195144653,0.09723801165819168,0.09666703641414642,0.19617220759391785
61,-0.21853119134902954,-0.27766093611717224,0.030042042955756187,0.029087699949741364,0.19610264897346497
62,-0.16151559352874756,-0.2561902403831482,0.04824482277035713,0.0464298240840435,0.1960330754518509
63,-0.1348583698272705,-0.26012876629829407,0.06363870203495026,0.0616316981613636,0.195963516831398
64,-0.17407062649726868,-0.2636817693710327,0.04592251777648926,0.04368862882256508,0.19589388370513916
65,-0.1826745569705963,-0.27615126967430115,0.04852175712585449,0.04495495557785034,0.19582419097423553
66,-0.17865099012851715,-0.29118362069129944,0.05598881095647812,0.05654381588101387,0.19575436413288116
67,-0.23815402388572693,-0.3077967166900635,0.035415373742580414,0.034227315336465836,0.1956842541694641
68,-0.20744819939136505,-0.2698206901550293,0.0321623757481575,0.030210118740797043,0.19561423361301422
69,-0.17888182401657104,-0.27810606360435486,0.04905163124203682,0.050172604620456696,0.1955442875623703
70,-0.1763160526752472,-0.2595466375350952,0.04158100113272667,0.04164957255125046,0.19547457993030548
71,-0.210269495844841,-0.2764197587966919,0.03258616849780083,0.03356408700346947,0.19540496170520782
72,-0.26815953850746155,-0.3119651675224304,0.02133864164352417,0.022466983646154404,0.19533511996269226
73,-0.20930227637290955,-0.3050064146518707,0.04742671921849251,0.04827740043401718,0.19526532292366028
74,-0.2619240880012512,-0.3419746160507202,0.039775874465703964,0.04027463495731354,0.19519512355327606
75,-0.25274351239204407,-0.33187365531921387,0.03891371190547943,0.04021641984581947,0.19512473046779633
76,-0.22344861924648285,-0.3097084164619446,0.04278409481048584,0.04347570613026619,0.1950545310974121
77,-0.21176308393478394,-0.30420878529548645,0.04694714397192001,0.045498549938201904,0.19498451054096222
78,-0.22904424369335175,-0.33918219804763794,0.053757887333631516,0.056380074471235275,0.19491451978683472
79,-0.24750922620296478,-0.35953474044799805,0.05637575313448906,0.0556497760117054,0.19484414160251617
80,-0.3365686535835266,-0.3861120343208313,0.024685753509402275,0.02485763654112816,0.1947735697031021
81,-0.11961521208286285,-0.37200927734375,0.12539231777191162,0.12700174748897552,0.19470302760601044
82,-0.2812485992908478,-0.38985762000083923,0.054423972964286804,0.05418505519628525,0.19463233649730682
83,-0.2747827172279358,-0.37437373399734497,0.04905778169631958,0.0505332425236702,0.19456176459789276
84,-0.26972827315330505,-0.37734487652778625,0.052778832614421844,0.05483775958418846,0.19449132680892944
85,-0.32934871315956116,-0.40523961186408997,0.03571056202054024,0.04018033295869827,0.19442066550254822
86,-0.23591649532318115,-0.35319197177886963,0.059158869087696075,0.058116622269153595,0.19435027241706848
87,-0.35117897391319275,-0.4281597137451172,0.03828458487987518,0.03869615122675896,0.1942797303199768
88,-0.33928748965263367,-0.4234776794910431,0.04086855426430702,0.0433216318488121,0.19420920312404633
89,-0.34219539165496826,-0.4060319662094116,0.031603459268808365,0.0322331041097641,0.19413885474205017
90,-0.38235533237457275,-0.4331105649471283,0.024686533957719803,0.02606869861483574,0.19406840205192566
91,-0.37681514024734497,-0.4464320242404938,0.0344494953751564,0.035167381167411804,0.19399791955947876
92,-0.19445130228996277,-0.4542020559310913,0.13184858858585358,0.12790217995643616,0.19392737746238708
93,-0.33391401171684265,-0.4490908980369568,0.0566251277923584,0.05855176970362663,0.19385693967342377
94,-0.29614704847335815,-0.4364933669567108,0.06906619668006897,0.07128012925386429,0.19378671050071716
95,-0.37828803062438965,-0.44381505250930786,0.03202288970351219,0.033504121005535126,0.19371658563613892
96,-0.3758043050765991,-0.4452201724052429,0.03381655365228653,0.03559931367635727,0.19364657998085022
97,-0.36660850048065186,-0.4617077112197876,0.04632110521197319,0.04877813160419464,0.19357669353485107
98,-0.3716033101081848,-0.4809078276157379,0.053789544850587845,0.05551496148109436,0.19350680708885193
99,-0.43650513887405396,-0.4786554276943207,0.020595824345946312,0.021554484963417053,0.19343696534633636
100,-0.4247487187385559,-0.4970429241657257,0.03480381518602371,0.03749040514230728,0.19336701929569244
101,-0.4520706534385681,-0.4992472529411316,0.023141073063015938,0.024035509675741196,0.19329699873924255
102,-0.4207143783569336,-0.4902171194553375,0.03447823226451874,0.03502450883388519,0.19322709739208221
103,-0.44424739480018616,-0.48924344778060913,0.0228726826608181,0.02212335541844368,0.19315725564956665
104,-0.4071463346481323,-0.489596962928772,0.041294317692518234,0.04115632548928261,0.19308756291866302
105,-0.39280423521995544,-0.4964877963066101,0.05040881037712097,0.05327475816011429,0.19301794469356537
106,-0.3861725628376007,-0.47351232171058655,0.04371020570397377,0.04362954944372177,0.19294844567775726
107,-0.4662751257419586,-0.5068998336791992,0.01908086985349655,0.0215438362210989,0.19287893176078796
108,-0.41633856296539307,-0.499077707529068,0.04114317521452904,0.0415959507226944,0.19280952215194702
109,-0.35917723178863525,-0.48047444224357605,0.06051266938447952,0.060784537345170975,0.19274017214775085
110,-0.4301421344280243,-0.4927617907524109,0.03125941380858421,0.03136024996638298,0.19267086684703827
111,-0.4073792099952698,-0.49248069524765015,0.04153228551149368,0.04356919229030609,0.19260156154632568
112,-0.4130588173866272,-0.4840357303619385,0.035013068467378616,0.03596382588148117,0.19253239035606384
113,-0.3983054757118225,-0.4667127728462219,0.03412332758307457,0.03428395837545395,0.1924634426832199
114,-0.4386311173439026,-0.49261754751205444,0.027188636362552643,0.026797812432050705,0.19239456951618195
115,-0.44172191619873047,-0.5034183859825134,0.03053758479654789,0.03115890920162201,0.19232559204101562
116,-0.4376392364501953,-0.5098371505737305,0.03564847633242607,0.03654945641756058,0.19225668907165527
117,-0.31396225094795227,-0.5115991234779358,0.1013629212975502,0.09627396613359451,0.19218766689300537
118,-0.41648757457733154,-0.48672395944595337,0.03565123304724693,0.034585140645504,0.1921187937259674
119,-0.3365910053253174,-0.46911439299583435,0.06662672013044357,0.0658966526389122,0.19205015897750854
120,-0.3878583312034607,-0.488141804933548,0.04923313483595848,0.0510503314435482,0.1919814497232437
121,-0.38475164771080017,-0.4940161108970642,0.05353180319070816,0.05573267489671707,0.19191275537014008
122,-0.39487698674201965,-0.479983389377594,0.041897062212228775,0.04320934787392616,0.19184429943561554
123,-0.44377750158309937,-0.4815613925457001,0.0191310066729784,0.018652871251106262,0.19177597761154175
124,-0.4099580645561218,-0.4731850028038025,0.03130408748984337,0.031922850757837296,0.19170790910720825
125,-0.42992955446243286,-0.49461784958839417,0.03117404319345951,0.03351425752043724,0.1916399747133255
126,-0.43934527039527893,-0.5105787515640259,0.03632671386003494,0.0349067784845829,0.19157204031944275
127,-0.4558495581150055,-0.5032823085784912,0.022974029183387756,0.024458734318614006,0.19150425493717194
128,-0.33332499861717224,-0.5202223062515259,0.09541685879230499,0.09148046374320984,0.1914365142583847
129,-0.4250974655151367,-0.5024029016494751,0.03875497728586197,0.03855046629905701,0.19136887788772583
130,-0.4645076394081116,-0.5196923613548279,0.027542630210518837,0.027642102912068367,0.19130130112171173
131,-0.4321562945842743,-0.5056230425834656,0.03715631738305092,0.036310434341430664,0.19123387336730957
132,-0.2692113518714905,-0.5180292129516602,0.12434914708137512,0.12446871399879456,0.19116659462451935
133,-0.44757428765296936,-0.49944862723350525,0.026020504534244537,0.025853853672742844,0.19109942018985748
134,-0.44981521368026733,-0.5085819959640503,0.030201105400919914,0.0285656601190567,0.19103240966796875
135,-0.4163033664226532,-0.5137878060340881,0.048650503158569336,0.0488339401781559,0.190965473651886
136,-0.441297709941864,-0.5162044167518616,0.037719178944826126,0.03718750178813934,0.19089862704277039
137,-0.41622763872146606,-0.48487886786460876,0.03370773047208786,0.034943487495183945,0.1908320188522339
138,-0.42879852652549744,-0.5032190084457397,0.037649206817150116,0.036771275103092194,0.19076555967330933
139,-0.4657351076602936,-0.5199068784713745,0.026864049956202507,0.027307720854878426,0.19069910049438477
140,-0.3935089111328125,-0.5163024067878723,0.06145300343632698,0.06134049594402313,0.19063261151313782
141,-0.376492977142334,-0.485951691865921,0.05459820106625557,0.05486050248146057,0.1905662715435028
142,-0.43046748638153076,-0.529358983039856,0.0500108078122139,0.0488806813955307,0.190499946475029
143,-0.44541412591934204,-0.5313956141471863,0.04234358295798302,0.04363790526986122,0.1904335618019104
144,-0.40701574087142944,-0.500658392906189,0.047009266912937164,0.04663340374827385,0.1903674602508545
145,-0.40968501567840576,-0.49473291635513306,0.042822498828172684,0.04222539812326431,0.1903015524148941
146,-0.46058163046836853,-0.5147097706794739,0.026197165250778198,0.02793097496032715,0.19023573398590088
147,-0.40580907464027405,-0.5135576725006104,0.05402861908078194,0.05371997132897377,0.19017018377780914
148,-0.4758104085922241,-0.5218985676765442,0.023338397964835167,0.02274974063038826,0.19010469317436218
149,-0.5104944109916687,-0.5426585078239441,0.01598648726940155,0.016177568584680557,0.19003921747207642
150,-0.4528340697288513,-0.5197726488113403,0.03412249684333801,0.0328160785138607,0.189973846077919
151,-0.49153873324394226,-0.5184602737426758,0.013272780925035477,0.013648766092956066,0.18990859389305115
152,-0.45931336283683777,-0.5375669002532959,0.03871382400393486,0.03953973203897476,0.18984335660934448
153,-0.4236389696598053,-0.5249969959259033,0.05104368180036545,0.05031432583928108,0.1897781640291214
154,-0.5040649175643921,-0.534193217754364,0.0149114690721035,0.015216815285384655,0.18971295654773712
155,-0.4711094796657562,-0.5200741291046143,0.025033261626958847,0.02393137477338314,0.18964776396751404
156,-0.4357334077358246,-0.5405566096305847,0.052572574466466904,0.05225062370300293,0.18958264589309692
157,-0.4980893135070801,-0.544115424156189,0.02325940504670143,0.022766701877117157,0.18951760232448578
158,-0.4832489490509033,-0.5335716605186462,0.024545585736632347,0.025777112692594528,0.18945270776748657
159,-0.49756839871406555,-0.527596116065979,0.015279892832040787,0.014747816137969494,0.18938781321048737
160,-0.4509764611721039,-0.5329872369766235,0.04107553884387016,0.04093524068593979,0.1893230378627777
161,-0.4452860951423645,-0.5168222188949585,0.035375598818063736,0.036160536110401154,0.1892584264278412
162,-0.4825502038002014,-0.5441034436225891,0.03097682073712349,0.030576413497328758,0.1891939789056778
163,-0.5093096494674683,-0.5545487999916077,0.022755082696676254,0.022484082728624344,0.1891295164823532
164,-0.4529738128185272,-0.5511645674705505,0.04922027513384819,0.04897049441933632,0.18906517326831818
165,-0.4374717175960541,-0.548139750957489,0.05496989190578461,0.055698130279779434,0.18900085985660553
166,-0.4724179208278656,-0.5446977615356445,0.036401137709617615,0.03587869927287102,0.18893668055534363
167,-0.4720020294189453,-0.5466042160987854,0.03804483637213707,0.03655736893415451,0.1888725310564041
168,-0.43097350001335144,-0.5197044014930725,0.043119680136442184,0.04561123996973038,0.18880850076675415
169,-0.49067217111587524,-0.5565565228462219,0.03214288502931595,0.03374146297574043,0.18874457478523254
170,-0.41708260774612427,-0.522207498550415,0.05258534476161003,0.05253956466913223,0.1886807233095169
171,-0.4778537452220917,-0.5359503030776978,0.02972763031721115,0.028368912637233734,0.1886170655488968
172,-0.48449641466140747,-0.55420982837677,0.03512107953429222,0.034592341631650925,0.18855348229408264
173,-0.4568521976470947,-0.5550355911254883,0.04911481589078903,0.04906858131289482,0.18849003314971924
174,-0.5311444997787476,-0.5772587060928345,0.023157257586717606,0.02295699529349804,0.1884266436100006
175,-0.4690406024456024,-0.5654678344726562,0.047002170234918594,0.04942503944039345,0.1883632391691208
176,-0.4980359375476837,-0.5516402125358582,0.026173407211899757,0.02743087150156498,0.1882999986410141
177,-0.46216490864753723,-0.5594543218612671,0.046923328191041946,0.050366077572107315,0.1882367581129074
178,-0.46885010600090027,-0.5451012849807739,0.03794458508491516,0.03830663114786148,0.18817362189292908
179,-0.4705635905265808,-0.5427378416061401,0.03637957572937012,0.035794664174318314,0.1881105750799179
180,-0.4846029281616211,-0.5467458963394165,0.031098337844014168,0.031044598668813705,0.18804752826690674
181,-0.4458570182323456,-0.5223343372344971,0.038517773151397705,0.03795953840017319,0.18798457086086273
182,-0.4215158224105835,-0.5302132368087769,0.05351505056023598,0.055182382464408875,0.18792162835597992
183,-0.4821491837501526,-0.5435001254081726,0.030900809913873672,0.03045012056827545,0.18785877525806427
184,-0.4659856855869293,-0.5378345847129822,0.03539266437292099,0.03645624965429306,0.18779601156711578
185,-0.46468663215637207,-0.5380836725234985,0.03634234145283699,0.037054721266031265,0.18773318827152252
186,-0.3911924362182617,-0.5155282616615295,0.06026202812790871,0.06407380849123001,0.18767042458057404
187,-0.4444299340248108,-0.5280160903930664,0.04133389890193939,0.042252253741025925,0.1876077502965927
188,-0.4429212212562561,-0.5157773494720459,0.03779172897338867,0.03506441414356232,0.18754516541957855
189,-0.4184594750404358,-0.5028514862060547,0.042300596833229065,0.04209141433238983,0.1874827891588211
190,-0.45179271697998047,-0.521872878074646,0.03469455614686012,0.03538559377193451,0.1874205619096756
191,-0.4923795759677887,-0.5363456606864929,0.022016577422618866,0.021949492394924164,0.18735827505588531
192,-0.46229276061058044,-0.5335926413536072,0.03521614149212837,0.03608371689915657,0.187296062707901
193,-0.503109335899353,-0.5530248284339905,0.025192609056830406,0.024722883477807045,0.18723386526107788
194,-0.5020511746406555,-0.574735164642334,0.03738394007086754,0.03530007228255272,0.18717168271541595
195,-0.4856158494949341,-0.5597056150436401,0.036840010434389114,0.03724973276257515,0.1871095448732376
196,-0.5404958724975586,-0.5976832509040833,0.029387174174189568,0.027800194919109344,0.1870473474264145
197,-0.5130412578582764,-0.5759642124176025,0.031094608828425407,0.03182835504412651,0.18698537349700928
198,-0.48683977127075195,-0.5635396242141724,0.038112737238407135,0.03858707845211029,0.18692342936992645
199,-0.5192264318466187,-0.5914565324783325,0.0374203622341156,0.034809716045856476,0.18686150014400482
200,-0.5189001560211182,-0.5906469821929932,0.03582005947828293,0.03592677786946297,0.18679958581924438
201,-0.5422453880310059,-0.6053521633148193,0.03130941838026047,0.03179733455181122,0.18673773109912872
202,-0.5510153770446777,-0.6126291155815125,0.02983229234814644,0.03178146108984947,0.18667596578598022
203,-0.5381475687026978,-0.606995701789856,0.03466460853815079,0.034183528274297714,0.18661409616470337
204,-0.5287917256355286,-0.582488477230072,0.026021800935268402,0.027674991637468338,0.18655234575271606
205,-0.4822525084018707,-0.5928272604942322,0.0539185032248497,0.056656260043382645,0.1864907592535019
206,-0.35532182455062866,-0.5707530379295349,0.11089955270290375,0.10453163832426071,0.1864292472600937
207,-0.4608191251754761,-0.5804932117462158,0.05796375125646591,0.06171037256717682,0.18636776506900787
208,-0.45328328013420105,-0.5483307838439941,0.04970939829945564,0.04533809423446655,0.1863064169883728
209,-0.43361741304397583,-0.5343725681304932,0.050570450723171234,0.05018468573689461,0.1862451434135437
210,-0.4358832538127899,-0.5180680751800537,0.040764499455690384,0.04142030328512192,0.186183899641037
211,-0.4263509213924408,-0.4858472943305969,0.029179440811276436,0.030316917225718498,0.18612267076969147
212,-0.46992239356040955,-0.5329416990280151,0.030307790264487267,0.03271154686808586,0.18606147170066833
213,-0.4065485894680023,-0.5211902260780334,0.05748807266354561,0.057153552770614624,0.186000257730484
214,-0.4820818603038788,-0.5376273393630981,0.027862858027219772,0.027682626619935036,0.1859389841556549
215,-0.46141454577445984,-0.5089405179023743,0.023671474307775497,0.023854492232203484,0.18587779998779297
216,-0.48244547843933105,-0.5564290285110474,0.0363801047205925,0.03760344162583351,0.18581660091876984
217,-0.4453798532485962,-0.5567615032196045,0.055084846913814545,0.056296829134225845,0.18575534224510193
218,-0.4518553614616394,-0.5457208752632141,0.04728149250149727,0.046584002673625946,0.1856941282749176
219,-0.5258582234382629,-0.5854511260986328,0.02931234985589981,0.03028053417801857,0.18563306331634521
220,-0.5274665951728821,-0.568815290927887,0.020430177450180054,0.020918572321534157,0.18557210266590118
221,-0.45892271399497986,-0.5535582304000854,0.04758796840906143,0.04704752936959267,0.18551120162010193
222,-0.5135672092437744,-0.571829080581665,0.0285025741904974,0.029759317636489868,0.1854504495859146
223,-0.5493985414505005,-0.61350417137146,0.030921973288059235,0.03318361937999725,0.18538975715637207
224,-0.4808088541030884,-0.5744374990463257,0.045430492609739304,0.04819817468523979,0.18532924354076385
225,-0.45777440071105957,-0.5765218734741211,0.05921487137675285,0.059532590210437775,0.18526875972747803
226,-0.520713746547699,-0.5807790756225586,0.030024781823158264,0.030040575191378593,0.18520838022232056
227,-0.36104336380958557,-0.6010642647743225,0.12159471213817596,0.11842618137598038,0.1851479709148407
228,-0.5108669400215149,-0.5729066133499146,0.030770093202590942,0.031269606202840805,0.18508784472942352
229,-0.5126840472221375,-0.5929763317108154,0.039619866758584976,0.0406724289059639,0.1850278526544571
230,-0.4654858708381653,-0.5649013519287109,0.049494341015815735,0.04992114007472992,0.18496790528297424
231,-0.44669967889785767,-0.5695660710334778,0.06195227801799774,0.06091411039233208,0.1849079579114914
232,-0.485005259513855,-0.5597276091575623,0.036309897899627686,0.03841245546936989,0.18484801054000854
233,-0.23672854900360107,-0.5944069623947144,0.18034546077251434,0.17733293771743774,0.18478788435459137
234,-0.4888564348220825,-0.5596938729286194,0.035110101103782654,0.035727307200431824,0.18472778797149658
235,-0.5181670188903809,-0.5929462313652039,0.03883443772792816,0.035944730043411255,0.1846676468849182
236,-0.4575388729572296,-0.5553058981895447,0.046968553215265274,0.0507984533905983,0.1846076101064682
237,-0.538061261177063,-0.6184438467025757,0.03968406468629837,0.040698543190956116,0.18454742431640625
238,-0.5441983342170715,-0.5917543172836304,0.02380277030169964,0.02375321090221405,0.1844872683286667
239,-0.5675932168960571,-0.6235958337783813,0.02779095619916916,0.028211627155542374,0.18442708253860474
240,-0.5172498226165771,-0.5940690040588379,0.0384974405169487,0.03832172974944115,0.18436689674854279
241,-0.5531721115112305,-0.6002836227416992,0.02438230812549591,0.022729244083166122,0.18430672585964203
242,-0.5167245864868164,-0.5936198830604553,0.04006260633468628,0.03683270514011383,0.18424662947654724
243,-0.5147503018379211,-0.5952801704406738,0.04020322859287262,0.040326666086912155,0.18418656289577484
244,-0.5059648752212524,-0.6021254062652588,0.04803862422704697,0.04812194034457207,0.1841265857219696
245,-0.549893856048584,-0.6068277359008789,0.0287152286618948,0.028218619525432587,0.1840665638446808
246,-0.4995022416114807,-0.6014437675476074,0.0519387386739254,0.0500028170645237,0.18400654196739197
247,-0.49692171812057495,-0.5841648578643799,0.043028850108385086,0.04421429708600044,0.1839466094970703
248,-0.5555202960968018,-0.5983501672744751,0.020691705867648125,0.022138167172670364,0.18388666212558746
249,-0.5423123836517334,-0.6156851053237915,0.03577645868062973,0.03759629651904106,0.18382669985294342
250,-0.4950591027736664,-0.5845574140548706,0.04506359249353409,0.04443468526005745,0.18376684188842773
251,-0.5108011364936829,-0.6009104251861572,0.043086227029561996,0.047023043036460876,0.18370695412158966
252,-0.5328664779663086,-0.5845497250556946,0.026899470016360283,0.024783765897154808,0.18364718556404114
253,-0.57882159948349,-0.6419538259506226,0.030822835862636566,0.03230943903326988,0.18358735740184784
254,-0.5107693672180176,-0.5903995633125305,0.039486777037382126,0.0401434451341629,0.18352770805358887
255,-0.5635645389556885,-0.6293908357620239,0.03249751403927803,0.03332878649234772,0.18346798419952393
256,-0.5398866534233093,-0.6118906736373901,0.03462310507893562,0.03738091140985489,0.18340833485126495
257,-0.5344542264938354,-0.6328363418579102,0.04821941629052162,0.05016264691948891,0.18334870040416718
258,-0.5757656097412109,-0.6315746903419495,0.027388306334614754,0.028420764952898026,0.18328902125358582
259,-0.6352298259735107,-0.6521182060241699,0.008613143116235733,0.00827518105506897,0.1832292675971985
260,-0.5612948536872864,-0.6015840768814087,0.020230237394571304,0.02005900628864765,0.18316958844661713
261,-0.5607321858406067,-0.6099157333374023,0.02296217530965805,0.026221418753266335,0.18310998380184174
262,-0.49824967980384827,-0.5934758186340332,0.04661385715007782,0.048612259328365326,0.18305052816867828
263,-0.5302807688713074,-0.6129590272903442,0.040149178355932236,0.04252910614013672,0.18299120664596558
264,-0.5508461594581604,-0.6274266839027405,0.037135049700737,0.039445485919713974,0.18293185532093048
265,-0.5310086011886597,-0.6241723895072937,0.04586968570947647,0.04729408025741577,0.18287254869937897
266,-0.4783667325973511,-0.5841635465621948,0.05186917632818222,0.053927674889564514,0.18281348049640656
267,-0.5114714503288269,-0.5889600515365601,0.03823407366871834,0.0392545610666275,0.1827545464038849
268,-0.5112133622169495,-0.5773290395736694,0.03348548710346222,0.032630182802677155,0.18269573152065277
269,-0.4694351553916931,-0.5672448873519897,0.04783792793750763,0.049971822649240494,0.18263714015483856
270,-0.5107989311218262,-0.5773487687110901,0.032362088561058044,0.03418772295117378,0.18257854878902435
271,-0.5260950326919556,-0.5823683142662048,0.02746705710887909,0.028806239366531372,0.18252012133598328
272,-0.5266979932785034,-0.5812689661979675,0.02806425280869007,0.02650674246251583,0.18246158957481384
273,-0.33272868394851685,-0.5549563765525818,0.11195414513349533,0.11027353256940842,0.1824030578136444
274,-0.5089917778968811,-0.5683764219284058,0.028793709352612495,0.030590973794460297,0.182344451546669
275,-0.5235417485237122,-0.5782031416893005,0.026964472606778145,0.027696913108229637,0.1822858601808548
276,-0.49564415216445923,-0.5401495695114136,0.02075084298849106,0.02375458925962448,0.18222737312316895
277,-0.49452337622642517,-0.560235857963562,0.03313925862312317,0.03257324919104576,0.18216899037361145
278,-0.4778915047645569,-0.5934568047523499,0.05766001716256142,0.05790526792407036,0.1821105182170868
279,-0.4710268974304199,-0.5756576657295227,0.050856053829193115,0.05377471074461937,0.1820521056652069
280,-0.49434009194374084,-0.5495046377182007,0.027655277401208878,0.027509236708283424,0.18199388682842255
281,-0.5422901511192322,-0.6135374307632446,0.03476550430059433,0.036481812596321106,0.18193554878234863
282,-0.5086603164672852,-0.5927270650863647,0.04103526100516319,0.043031513690948486,0.1818772405385971
283,-0.5401599407196045,-0.602243185043335,0.029894279316067696,0.032188959419727325,0.18181906640529633
284,-0.5320595502853394,-0.613770067691803,0.04085439816117287,0.040856100618839264,0.18176084756851196
285,-0.5261074304580688,-0.6190763115882874,0.045751169323921204,0.047217756509780884,0.18170279264450073
286,-0.6060483455657959,-0.6533010005950928,0.022952210158109665,0.024300435557961464,0.18164479732513428
287,-0.4964267909526825,-0.6602321863174438,0.07852736115455627,0.08527805656194687,0.18158681690692902
288,-0.5828927755355835,-0.6450533270835876,0.029614966362714767,0.03254559636116028,0.1815289556980133
289,-0.5629799365997314,-0.6418945789337158,0.039325080811977386,0.03958959877490997,0.1814711093902588
290,-0.5421673655509949,-0.6269528269767761,0.04209098219871521,0.04269450902938843,0.18141324818134308
291,-0.5063599348068237,-0.5952343940734863,0.04288775473833084,0.04598672688007355,0.18135544657707214
292,-0.5665520429611206,-0.6168742775917053,0.025430889800190926,0.02489129826426506,0.1812976896762848
293,-0.5041865706443787,-0.5907957553863525,0.04334741085767746,0.043261781334877014,0.18123997747898102
294,-0.5420113801956177,-0.6017032861709595,0.029215816408395767,0.03047611564397812,0.18118230998516083
295,-0.5043370127677917,-0.6047121286392212,0.05087584629654884,0.0494992695748806,0.18112456798553467
296,-0.5284085869789124,-0.5737502574920654,0.021595848724246025,0.023745860904455185,0.18106697499752045
297,-0.5395632982254028,-0.6058735847473145,0.03309163823723793,0.03321859985589981,0.18100954592227936
298,-0.5465097427368164,-0.6202392578125,0.03717900067567825,0.03655049577355385,0.18095213174819946
299,-0.5684773921966553,-0.6347345113754272,0.03223476558923721,0.03402235358953476,0.180894672870636
300,-0.5712531805038452,-0.6504579782485962,0.03869245573878288,0.0405123233795166,0.18083713948726654
301,-0.5231363773345947,-0.623267650604248,0.04824347421526909,0.05188779532909393,0.18077965080738068
302,-0.607425332069397,-0.6407433152198792,0.0169733427464962,0.016344662755727768,0.18072229623794556
303,-0.5940921306610107,-0.6768856644630432,0.04083046317100525,0.04196307063102722,0.1806648224592209
304,-0.5584003329277039,-0.6665315628051758,0.05174766853451729,0.05638355389237404,0.1806073635816574
305,-0.6098572611808777,-0.6801843047142029,0.034783873707056046,0.03554311767220497,0.18054984509944916
306,-0.5747132897377014,-0.6658104062080383,0.04433591663837433,0.04676123708486557,0.18049241602420807
307,-0.6028460264205933,-0.6594547033309937,0.02601158432662487,0.03059712052345276,0.18043501675128937
308,-0.6039989590644836,-0.6815433502197266,0.03871011734008789,0.03883427754044533,0.18037766218185425
309,-0.5958820581436157,-0.6608278155326843,0.03149730712175369,0.03344845399260521,0.1803203821182251
310,-0.5517298579216003,-0.6362988948822021,0.040540724992752075,0.044028326869010925,0.18026314675807953
311,-0.5603130459785461,-0.6294724941253662,0.03477133810520172,0.03438810631632805,0.18020600080490112
312,-0.5744310617446899,-0.6447253227233887,0.034292105585336685,0.036002133041620255,0.1801488697528839
313,-0.5443664789199829,-0.6040641069412231,0.03012111596763134,0.02957652322947979,0.18009167909622192
314,-0.47635436058044434,-0.6032918691635132,0.06126745790243149,0.06567007303237915,0.18003451824188232
315,-0.521398663520813,-0.5806850790977478,0.027852553874254227,0.03143385425209999,0.17997749149799347
316,-0.5519811511039734,-0.6057910323143005,0.027721798047423363,0.02608807012438774,0.17992031574249268
317,-0.46580180525779724,-0.595096230506897,0.06440282613039017,0.06489159911870956,0.1798630803823471
318,-0.5364943742752075,-0.6185855865478516,0.03935518488287926,0.042736079543828964,0.17980588972568512
319,-0.4992417097091675,-0.5846115946769714,0.04263449087738991,0.042735397815704346,0.17974859476089478
320,-0.5856990814208984,-0.6385517120361328,0.027184952050447464,0.025667637586593628,0.17969128489494324
321,-0.5721004009246826,-0.6066838502883911,0.017345024272799492,0.017238441854715347,0.17963412404060364
322,-0.5271552205085754,-0.6105799674987793,0.038480211049318314,0.04494455084204674,0.17957717180252075
323,-0.5745562314987183,-0.6141545176506042,0.017931992188096046,0.021666258573532104,0.1795203685760498
324,-0.6024668216705322,-0.6501134037971497,0.024329764768481255,0.02331678569316864,0.17946353554725647
325,-0.5377731323242188,-0.6579216122627258,0.05885079503059387,0.06129768118262291,0.17940673232078552
326,-0.5079711079597473,-0.6092252135276794,0.04992124065756798,0.051332902163267136,0.17935000360012054
327,-0.5431998372077942,-0.6368483901023865,0.044732555747032166,0.04891597479581833,0.1792934387922287
328,-0.5871005654335022,-0.663785457611084,0.0377558209002018,0.038929034024477005,0.17923679947853088
329,-0.48766911029815674,-0.6362659931182861,0.07073666900396347,0.07786025106906891,0.17918027937412262
330,-0.5816985964775085,-0.6379473209381104,0.02685866318643093,0.02939002215862274,0.17912374436855316
331,-0.5754045248031616,-0.6294553875923157,0.025707857683300972,0.02834300510585308,0.1790671944618225
332,-0.5524831414222717,-0.6012269854545593,0.02332332357764244,0.0254205372184515,0.17901058495044708
333,-0.5040121674537659,-0.5988259315490723,0.04586690664291382,0.04894687980413437,0.1789540946483612
334,-0.5574067831039429,-0.6131680607795715,0.027958033606410027,0.027803251519799232,0.17889755964279175
335,-0.5455774664878845,-0.6364946961402893,0.04522571340203285,0.045691464096307755,0.17884109914302826
336,-0.6098543405532837,-0.6283358335494995,0.008369680494070053,0.010111786425113678,0.17878471314907074
337,-0.543647289276123,-0.6323943138122559,0.04064391553401947,0.04810308292508125,0.17872826755046844
338,-0.5167941451072693,-0.6290003061294556,0.055102281272411346,0.05710385739803314,0.17867176234722137
339,-0.6170539259910583,-0.6453361511230469,0.014487598091363907,0.013794598169624805,0.17861519753932953
340,-0.5724202394485474,-0.6271368861198425,0.024538937956094742,0.03017774038016796,0.17855867743492126
341,-0.6102923154830933,-0.6551679372787476,0.02389361895620823,0.020982054993510246,0.1785021275281906
342,-0.5759958624839783,-0.6467029452323914,0.03362145274877548,0.0370856411755085,0.17844557762145996
343,-0.6023298501968384,-0.6606019735336304,0.02702314406633377,0.03124898672103882,0.17838911712169647
344,-0.584959864616394,-0.6277408003807068,0.02036152221262455,0.02241937816143036,0.17833267152309418
345,-0.6169652342796326,-0.6825125217437744,0.0340411476790905,0.031506139785051346,0.17827625572681427
346,-0.5113949179649353,-0.6139994859695435,0.04641646146774292,0.05618811398744583,0.17821986973285675
347,-0.5320383310317993,-0.6389763355255127,0.0536215677857399,0.05331641063094139,0.17816345393657684
348,-0.643677830696106,-0.6702246069908142,0.012868551537394524,0.013678252696990967,0.17810693383216858
349,-0.6314249634742737,-0.708423376083374,0.0384940542280674,0.03850433975458145,0.1780504733324051
350,-0.6115105152130127,-0.6801625490188599,0.03436357527971268,0.03428848460316658,0.1779939830303192
351,-0.5754660367965698,-0.6847834587097168,0.05031925439834595,0.05899816378951073,0.17793746292591095
352,-0.431580513715744,-0.6885671019554138,0.1276388168334961,0.1293477714061737,0.1778808832168579
353,-0.6147907376289368,-0.6664724946022034,0.02534671686589718,0.026335086673498154,0.17782437801361084
354,-0.5762114524841309,-0.6456856727600098,0.03338906541466713,0.03608514368534088,0.17776797711849213
355,-0.5875783562660217,-0.6727965474128723,0.04186292365193367,0.04335528239607811,0.17771172523498535
356,-0.6313499212265015,-0.66583251953125,0.01620790921151638,0.018274635076522827,0.17765550315380096
357,-0.5500763058662415,-0.6130524277687073,0.030390888452529907,0.03258521854877472,0.17759932577610016
358,-0.5385028719902039,-0.6184266805648804,0.0379166342318058,0.04200715571641922,0.1775432527065277
359,-0.5328298807144165,-0.6040064692497253,0.033870045095682144,0.03730656951665878,0.1774873435497284
360,-0.5812882781028748,-0.6265847086906433,0.022265059873461723,0.02303135208785534,0.17743149399757385
361,-0.5584062337875366,-0.6341698169708252,0.036798469722270966,0.038965076208114624,0.17737585306167603
362,-0.6071205139160156,-0.6504794359207153,0.02156812697649002,0.02179083228111267,0.17732040584087372
363,-0.6451925039291382,-0.707610547542572,0.02963464893400669,0.03278341144323349,0.17726492881774902
364,-0.6654073596000671,-0.7176834344863892,0.025304917246103287,0.026971176266670227,0.1772095263004303
365,-0.6518190503120422,-0.7178318500518799,0.030711838975548744,0.03530099615454674,0.17715413868427277
366,-0.6422966718673706,-0.7012004852294922,0.02750534936785698,0.0313984751701355,0.17709872126579285
367,-0.6553291082382202,-0.7305837273597717,0.03743179515004158,0.03782281279563904,0.1770433932542801
368,-0.5436511039733887,-0.6711394786834717,0.06427213549613953,0.06321621686220169,0.17698803544044495
369,-0.6591323018074036,-0.716390073299408,0.029381893575191498,0.027875889092683792,0.17693264782428741
370,-0.599871039390564,-0.6701932549476624,0.031430479139089584,0.0388917475938797,0.1768772155046463
371,-0.632327675819397,-0.682793378829956,0.024059532210230827,0.026406174525618553,0.17682191729545593
372,-0.6419973373413086,-0.6864888668060303,0.021445615217089653,0.023045897483825684,0.17676664888858795
373,-0.5389162302017212,-0.5948323011398315,0.026542089879512787,0.029374003410339355,0.1767115741968155
374,-0.6146941184997559,-0.6565588116645813,0.019113821908831596,0.0227508544921875,0.17665648460388184
375,-0.6037635207176208,-0.6576825380325317,0.02498798444867134,0.028931045904755592,0.176601380109787
376,-0.6088759303092957,-0.658370852470398,0.02305975742638111,0.026435162872076035,0.17654623091220856
377,-0.4930996298789978,-0.5696970224380493,0.03821045160293579,0.038386955857276917,0.17649097740650177
378,-0.6279785633087158,-0.7073929309844971,0.036491088569164276,0.04292329400777817,0.17643563449382782
379,-0.561944305896759,-0.6386505365371704,0.034806448966264725,0.041899826377630234,0.17638030648231506
380,-0.6525304317474365,-0.7025212645530701,0.02409752458333969,0.02589334547519684,0.1763250231742859
381,-0.6136410236358643,-0.6941178441047668,0.03689446672797203,0.04358235374093056,0.17626990377902985
382,-0.6348533034324646,-0.6757755875587463,0.01968926377594471,0.02123303897678852,0.1762147843837738
383,-0.6315187811851501,-0.6923375725746155,0.029290784150362015,0.03152797743678093,0.17615976929664612
384,-0.6187595129013062,-0.670830488204956,0.025360040366649628,0.026710927486419678,0.17610487341880798
385,-0.6623418927192688,-0.7151151299476624,0.025418665260076523,0.027354594320058823,0.17604997754096985
386,-0.5727851390838623,-0.6382786631584167,0.03164571523666382,0.03384780511260033,0.17599506676197052
387,-0.6145564317703247,-0.6617826819419861,0.022138552740216255,0.02508769929409027,0.1759401261806488
388,-0.6541830897331238,-0.6888697147369385,0.016270814463496208,0.0184157844632864,0.17588520050048828
389,-0.5945513248443604,-0.6648024916648865,0.034984834492206573,0.03526633605360985,0.17583030462265015
390,-0.6005399227142334,-0.6575828194618225,0.02786845713853836,0.0291744377464056,0.175775408744812
391,-0.649121880531311,-0.6953479051589966,0.023742778226733208,0.022483235225081444,0.1757204234600067
392,-0.6098223924636841,-0.7001662850379944,0.04419209808111191,0.046151794493198395,0.17566555738449097
393,-0.5990536212921143,-0.6712926030158997,0.0356927327811718,0.036546215415000916,0.17561085522174835
394,-0.5198482871055603,-0.580267071723938,0.028921237215399742,0.03149756044149399,0.1755562275648117
395,-0.5879544615745544,-0.666263997554779,0.04047508165240288,0.037834443151950836,0.17550158500671387
396,-0.5691598057746887,-0.6607122421264648,0.04599545896053314,0.045556940138339996,0.17544697225093842
397,-0.5827392339706421,-0.6719653606414795,0.04227670654654503,0.046949442476034164,0.17539234459400177
398,-0.5803812146186829,-0.6890774369239807,0.05267760530114174,0.05601860582828522,0.17533783614635468
399,-0.6322370767593384,-0.6907902359962463,0.028502630069851875,0.03005051799118519,0.17528323829174042
400,-0.6018383502960205,-0.6799790859222412,0.03713962808251381,0.0410011000931263,0.17522872984409332
401,-0.601029634475708,-0.7119818925857544,0.049254439771175385,0.06169784814119339,0.17517420649528503
402,-0.6928659677505493,-0.7357410192489624,0.020643357187509537,0.022231673821806908,0.17511966824531555
403,-0.669321596622467,-0.7199965715408325,0.02360651083290577,0.027068419381976128,0.17506510019302368
404,-0.6313239932060242,-0.6826174855232239,0.023917248472571373,0.027376225218176842,0.175010547041893
405,-0.6570009589195251,-0.7310742139816284,0.036356136202812195,0.03771713003516197,0.17495590448379517
406,-0.5919710397720337,-0.6924600005149841,0.04441720247268677,0.056071776896715164,0.17490123212337494
407,-0.5407514572143555,-0.655087947845459,0.05832309275865555,0.056013405323028564,0.17484669387340546
408,-0.6480088829994202,-0.711887001991272,0.03094770759344101,0.03293044492602348,0.17479214072227478
409,-0.6023774743080139,-0.6672796010971069,0.030593136325478554,0.03430895134806633,0.17473745346069336
410,-0.637040376663208,-0.6812249422073364,0.02165875770151615,0.022525804117321968,0.17468279600143433
411,-0.6260770559310913,-0.689318835735321,0.02895786054432392,0.03428395092487335,0.1746281236410141
412,-0.6248133778572083,-0.6694537401199341,0.02080444060266018,0.02383590117096901,0.17457342147827148
413,-0.6672325134277344,-0.7194857001304626,0.026350850239396095,0.025902334600687027,0.17451877892017365
414,-0.6667357683181763,-0.7088571786880493,0.01947590708732605,0.022645488381385803,0.17446421086788177
415,-0.6417333483695984,-0.6862779259681702,0.02051420696079731,0.024030383676290512,0.17440982162952423
416,-0.6823882460594177,-0.7279640436172485,0.02148388884961605,0.024091921746730804,0.17435555160045624
417,-0.6414995193481445,-0.6905891299247742,0.024612659588456154,0.02447695843875408,0.1743013858795166
418,-0.6519436836242676,-0.6943323016166687,0.020867347717285156,0.021521296352148056,0.1742473989725113
419,-0.6000022888183594,-0.6957745552062988,0.0477302223443985,0.048042088747024536,0.1741933375597
420,-0.6330368518829346,-0.7021417617797852,0.03397725522518158,0.03512762486934662,0.1741393506526947
421,-0.6611144542694092,-0.7156573534011841,0.028140604496002197,0.026402298361063004,0.1740853637456894
422,-0.6834846138954163,-0.7571970224380493,0.0338575653731823,0.03985481336712837,0.17403149604797363
423,-0.6681564450263977,-0.6969320178031921,0.015081287361681461,0.013694263063371181,0.17397759854793549
424,-0.6116379499435425,-0.7006945610046387,0.04137584567070007,0.047680728137493134,0.1739238053560257
425,-0.656006395816803,-0.7312506437301636,0.03455917164683342,0.04068506509065628,0.1738700121641159
426,-0.6062532067298889,-0.6552552580833435,0.022262148559093475,0.026739871129393578,0.17381630837917328
427,-0.6242207884788513,-0.7283545136451721,0.050376009196043015,0.05375771224498749,0.1737624853849411
428,-0.6901798844337463,-0.7307339906692505,0.020628800615668297,0.01992528699338436,0.17370863258838654
429,-0.6777928471565247,-0.7367814779281616,0.028234019875526428,0.030754614621400833,0.173654705286026
430,-0.6597495079040527,-0.7180705666542053,0.028523771092295647,0.029797324910759926,0.1736007183790207
431,-0.7102054953575134,-0.7783785462379456,0.033764276653528214,0.034408751875162125,0.17354674637317657
432,-0.6615885496139526,-0.7399131059646606,0.03860674053430557,0.03971779718995094,0.17349277436733246
433,-0.6954565048217773,-0.7465991377830505,0.022482456639409065,0.028660189360380173,0.17343875765800476
434,-0.6592959761619568,-0.7269372344017029,0.03294457867741585,0.03469668701291084,0.17338474094867706
435,-0.7246862649917603,-0.7647092342376709,0.01839526556432247,0.02162773348391056,0.17333053052425385
436,-0.6728899478912354,-0.7141910791397095,0.019353032112121582,0.0219480749219656,0.17327642440795898
437,-0.6393904685974121,-0.7161722183227539,0.04090282693505287,0.03587890788912773,0.1732224076986313
438,-0.6358616352081299,-0.6863338351249695,0.02334047108888626,0.02713175304234028,0.17316845059394836
439,-0.5906658172607422,-0.6499645709991455,0.03165522962808609,0.027643531560897827,0.17311453819274902
440,-0.5453814268112183,-0.6210769414901733,0.032769832760095596,0.042925648391246796,0.17306067049503326
441,-0.6316127181053162,-0.6642364859580994,0.015270894393324852,0.017352892085909843,0.1730068475008011
442,-0.585290253162384,-0.6344454288482666,0.02551202103495598,0.023643143475055695,0.17295308411121368
443,-0.5607042908668518,-0.6652495861053467,0.052651479840278625,0.051893819123506546,0.1728994995355606
444,-0.5883688926696777,-0.6668833494186401,0.0394185334444046,0.03909594565629959,0.1728457659482956
445,-0.5938987731933594,-0.6634546518325806,0.03262593224644661,0.03692995011806488,0.1727920025587082
446,-0.6577600240707397,-0.7111567854881287,0.02654482237994671,0.026851952075958252,0.1727382242679596
447,-0.6368460059165955,-0.6914477348327637,0.025094108656048775,0.029507627710700035,0.17268450558185577
448,-0.7302786707878113,-0.7912429571151733,0.029696675017476082,0.031267568469047546,0.17263078689575195
449,-0.6389907598495483,-0.7303030490875244,0.04583744704723358,0.04547484591603279,0.17257723212242126
450,-0.6637252569198608,-0.7262872457504272,0.03361458703875542,0.02894739992916584,0.17252372205257416
451,-0.6925594210624695,-0.7335572242736816,0.021228080615401268,0.01976974681019783,0.1724703460931778
452,-0.602933943271637,-0.64370197057724,0.018505411222577095,0.022262610495090485,0.17241698503494263
453,-0.5961817502975464,-0.627459704875946,0.014973648823797703,0.016304289922118187,0.1723635047674179
454,-0.594264805316925,-0.6773642301559448,0.03899723291397095,0.04410220682621002,0.17231005430221558
455,-0.6423406600952148,-0.7124794721603394,0.031085094437003136,0.03905375674366951,0.1722566783428192
456,-0.6642820239067078,-0.71892249584198,0.026725072413682938,0.02791541814804077,0.1722036600112915
457,-0.6776219606399536,-0.7278409600257874,0.028195170685648918,0.022023851051926613,0.1721506416797638
458,-0.5822969079017639,-0.6646054983139038,0.03776553273200989,0.0445430763065815,0.17209766805171967
459,-0.635273277759552,-0.6847355961799622,0.018706541508436203,0.03075575642287731,0.17204469442367554
460,-0.7331432104110718,-0.7992309927940369,0.03570063039660454,0.0303871501237154,0.17199169099330902
461,-0.6903541684150696,-0.7451093196868896,0.02821597456932068,0.026539135724306107,0.17193886637687683
462,-0.48537376523017883,-0.747459888458252,0.13304130733013153,0.1290448009967804,0.1718859076499939
463,-0.6539139151573181,-0.7268030047416687,0.03708965331315994,0.03579946607351303,0.17183294892311096
464,-0.5753346681594849,-0.630047619342804,0.025622397661209106,0.02909053862094879,0.17178000509738922
465,-0.5483237504959106,-0.6854264736175537,0.06975426524877548,0.06734849512577057,0.17172710597515106
466,-0.6153313517570496,-0.664920449256897,0.024873916059732437,0.024715177714824677,0.17167426645755768
467,-0.6313942670822144,-0.7097867131233215,0.038066230714321136,0.040326233953237534,0.1716214120388031
468,-0.6882556080818176,-0.7402435541152954,0.031029529869556427,0.02095840498805046,0.17156851291656494
469,-0.5535812377929688,-0.6745375394821167,0.058402493596076965,0.06255383789539337,0.17151565849781036
470,-0.6583723425865173,-0.7286813259124756,0.03770646080374718,0.03260253369808197,0.1714627742767334
471,-0.7144215703010559,-0.736508846282959,0.010494942776858807,0.01159233134239912,0.1714099794626236
472,-0.6286026835441589,-0.7116506695747375,0.043333038687705994,0.03971492871642113,0.17135731875896454
473,-0.6729897260665894,-0.7350491881370544,0.03146517276763916,0.030594317242503166,0.1713046133518219
474,-0.7133427262306213,-0.7867795825004578,0.035473767668008804,0.03796309232711792,0.1712518036365509
475,-0.7610296607017517,-0.8080408573150635,0.02214185893535614,0.024869345128536224,0.17119893431663513
476,-0.7641934156417847,-0.8118526339530945,0.023879870772361755,0.02377934381365776,0.17114569246768951
477,-0.6494895219802856,-0.6959888339042664,0.026476314291357994,0.020022986456751823,0.17109259963035583
478,-0.6632764935493469,-0.7345762848854065,0.035710785537958145,0.03558896854519844,0.1710393875837326
479,-0.682659387588501,-0.7284380793571472,0.021708549931645393,0.024070141837000847,0.17098626494407654
480,-0.6066502332687378,-0.6453593373298645,0.018764328211545944,0.019944801926612854,0.17093323171138763
481,-0.540149450302124,-0.6075090169906616,0.032983168959617615,0.03437640890479088,0.17088042199611664
482,-0.5988582372665405,-0.6521134972572327,0.02659105882048607,0.02666419930756092,0.17082782089710236
483,-0.6045723557472229,-0.6334459185600281,0.012698433361947536,0.016175128519535065,0.17077520489692688
484,-0.6204928755760193,-0.6706109642982483,0.026165196672081947,0.023952903226017952,0.17072252929210663
485,-0.6284927725791931,-0.7208274006843567,0.04850853234529495,0.04382609203457832,0.1706698089838028
486,-0.6894937753677368,-0.732999324798584,0.023590359836816788,0.0199151411652565,0.17061711847782135
487,-0.708915650844574,-0.7603796720504761,0.02424314059317112,0.02722090482711792,0.17056439816951752
488,-0.6608288884162903,-0.730600893497467,0.03533471003174782,0.03443729504942894,0.17051181197166443
489,-0.7334471344947815,-0.7532669305801392,0.00855582021176815,0.011263977736234665,0.17045924067497253
490,-0.7270492911338806,-0.7969517707824707,0.03776097297668457,0.032141488045454025,0.17040671408176422
491,-0.7507779002189636,-0.7958820462226868,0.022120816633105278,0.022983312606811523,0.1703542172908783
492,-0.6679753065109253,-0.7286750078201294,0.02992713265120983,0.03077257238328457,0.17030175030231476
493,-0.7304865121841431,-0.7775125503540039,0.02151825651526451,0.025507792830467224,0.17024929821491241
494,-0.62189120054245,-0.7007802724838257,0.039203520864248276,0.03968553990125656,0.17019683122634888
495,-0.7074493169784546,-0.786425769329071,0.040177732706069946,0.03879868984222412,0.1701444536447525
496,-0.6924148201942444,-0.7197649478912354,0.013052511028945446,0.014297614805400372,0.17009229958057404
497,-0.7324715852737427,-0.7853109240531921,0.02906554937362671,0.023773811757564545,0.1700400412082672
498,-0.6413432955741882,-0.7012657523155212,0.03194093704223633,0.027981506660580635,0.1699877679347992
499,-0.6828069686889648,-0.7402017712593079,0.02438439428806305,0.03301040455698967,0.16993550956249237
500,-0.704979419708252,-0.763053834438324,0.030144494026899338,0.027929920703172684,0.16988322138786316
501,-0.6487134695053101,-0.704257607460022,0.027634361758828163,0.0279097780585289,0.16983091831207275
502,-0.6989849209785461,-0.7527062892913818,0.02573685720562935,0.02798452042043209,0.16977854073047638
503,-0.6932626962661743,-0.7217221856117249,0.01367671974003315,0.014782811515033245,0.16972628235816956
504,-0.7424877285957336,-0.8045114874839783,0.03060416877269745,0.031419601291418076,0.1696740984916687
505,-0.6529721617698669,-0.6857563257217407,0.01579936221241951,0.016984831541776657,0.16962186992168427
506,-0.7139441967010498,-0.7915593981742859,0.040557458996772766,0.0370577834546566,0.16956964135169983
507,-0.6425532698631287,-0.6883699893951416,0.023802250623703003,0.02201443538069725,0.16951750218868256
508,-0.701151967048645,-0.7556498646736145,0.0262904092669487,0.028207456693053246,0.16946522891521454
509,-0.6075528860092163,-0.658540666103363,0.02837628312408924,0.022611528635025024,0.16941288113594055
510,-0.626250147819519,-0.6948056817054749,0.030735710635781288,0.03781978785991669,0.16936062276363373
511,-0.7013455033302307,-0.7451390624046326,0.020070843398571014,0.023722704499959946,0.1693083792924881
512,-0.5903874635696411,-0.661026656627655,0.036377549171447754,0.03426165506243706,0.16925621032714844
513,-0.7009198069572449,-0.7605504393577576,0.03009890764951706,0.02953173592686653,0.16920387744903564
514,-0.6615236401557922,-0.7460032105445862,0.04277666285634041,0.04170294478535652,0.1691516637802124
515,-0.6427569389343262,-0.7292446494102478,0.041718125343322754,0.04476958513259888,0.1690996140241623
516,-0.7272627949714661,-0.7714163661003113,0.021692153066396713,0.022461434826254845,0.16904756426811218
517,-0.6361998915672302,-0.7014141082763672,0.03263391554355621,0.03258029371500015,0.1689954698085785
518,-0.7306087017059326,-0.7898678779602051,0.02792149968445301,0.0313376747071743,0.16894347965717316
519,-0.661461591720581,-0.7699577808380127,0.0518423393368721,0.05665382742881775,0.16889147460460663
520,-0.6354061961174011,-0.6816977262496948,0.025736941024661064,0.02055457793176174,0.16883952915668488
521,-0.6894150376319885,-0.733482301235199,0.02254495583474636,0.0215222779661417,0.16878744959831238
522,-0.6298111081123352,-0.68902587890625,0.030444983392953873,0.02876977063715458,0.16873545944690704
523,-0.7205517292022705,-0.7618696093559265,0.017488129436969757,0.023829758167266846,0.16868363320827484
524,-0.6052632927894592,-0.6677531599998474,0.032050348818302155,0.03043949417769909,0.1686318814754486
525,-0.643214762210846,-0.6886956691741943,0.019733859226107597,0.025747055187821388,0.16858039796352386
526,-0.6773717403411865,-0.7251793146133423,0.02254299446940422,0.025264572352170944,0.16852888464927673
527,-0.693951427936554,-0.7325308918952942,0.01790648326277733,0.020672952756285667,0.1684773862361908
528,-0.6144980192184448,-0.6939954161643982,0.03835107386112213,0.04114633798599243,0.1684257686138153
529,-0.6855452060699463,-0.7320274114608765,0.023870578035712242,0.022611595690250397,0.16837413609027863
530,-0.7417894601821899,-0.8227957487106323,0.04089046269655228,0.040115807205438614,0.16832266747951508
531,-0.6989513635635376,-0.7229465842247009,0.012761041522026062,0.011234158650040627,0.1682712435722351
532,-0.6728087067604065,-0.7382485270500183,0.0307867843657732,0.034653015434741974,0.1682199388742447
533,-0.6134201288223267,-0.6784567832946777,0.031599242240190506,0.033437423408031464,0.16816885769367218
534,-0.6954052448272705,-0.7366713881492615,0.023390233516693115,0.017875926569104195,0.16811774671077728
535,-0.6485629081726074,-0.712223470211029,0.03221815079450607,0.03144243359565735,0.16806648671627045
536,-0.7169303297996521,-0.7989623546600342,0.04148313030600548,0.040548913180828094,0.16801530122756958
537,-0.6240847706794739,-0.6833359003067017,0.028994230553507805,0.03025692142546177,0.16796404123306274
538,-0.6675608158111572,-0.723042905330658,0.02559366263449192,0.029888449236750603,0.16791293025016785
539,-0.7513863444328308,-0.7919995784759521,0.01997510716319084,0.02063811384141445,0.16786180436611176
540,-0.6357349753379822,-0.692012369632721,0.02761576697230339,0.028661590069532394,0.16781052947044373
541,-0.5993568897247314,-0.6672549247741699,0.0334407314658165,0.03445732966065407,0.16775928437709808
542,-0.7519453763961792,-0.789293110370636,0.01842653937637806,0.01892121322453022,0.1677081137895584
543,-0.7180478572845459,-0.747466504573822,0.014404251240193844,0.015014387667179108,0.16765688359737396
544,-0.6132590174674988,-0.689903974533081,0.03760108724236488,0.03904382884502411,0.16760584712028503
545,-0.7211182713508606,-0.8066706657409668,0.040297094732522964,0.045255325734615326,0.16755494475364685
546,-0.6821154952049255,-0.7185994386672974,0.017820019274950027,0.018663935363292694,0.16750404238700867
547,-0.633217990398407,-0.6892411708831787,0.028751786798238754,0.027271388098597527,0.16745316982269287
548,-0.7296262979507446,-0.8099499344825745,0.043399352580308914,0.036924295127391815,0.1674022674560547
549,-0.6784799695014954,-0.7402293086051941,0.02923738770186901,0.03251194953918457,0.16735121607780457
550,-0.7155559659004211,-0.7822872400283813,0.028627043589949608,0.03810425475239754,0.1673000454902649
551,-0.6754230260848999,-0.7244524359703064,0.027500346302986145,0.02152908407151699,0.16724893450737
552,-0.6683854460716248,-0.7023546099662781,0.013994545675814152,0.019974611699581146,0.16719800233840942
553,-0.6274113655090332,-0.6934335231781006,0.03330741077661514,0.03271470218896866,0.16714724898338318
554,-0.7327225804328918,-0.7770201563835144,0.019800376147031784,0.024497229605913162,0.1670963019132614
555,-0.6574952006340027,-0.7170761823654175,0.03034125454723835,0.029239710420370102,0.16704513132572174
556,-0.634750485420227,-0.7003850936889648,0.03236519172787666,0.033269401639699936,0.16699402034282684
557,-0.6549968123435974,-0.7183489799499512,0.03197357431054115,0.03137858211994171,0.1669430434703827
558,-0.7363250851631165,-0.8050630688667297,0.03275851160287857,0.03597943112254143,0.1668921262025833
559,-0.7278965711593628,-0.7824311256408691,0.026076558977365494,0.028457973152399063,0.16684113442897797
560,-0.7302148938179016,-0.8145641684532166,0.043406154960393906,0.04094313085079193,0.166790172457695
561,-0.7033229470252991,-0.7579452395439148,0.02524278499186039,0.029379501938819885,0.166739359498024
562,-0.7602576017379761,-0.8133646845817566,0.025142185389995575,0.027964871376752853,0.1666884422302246
563,-0.7107258439064026,-0.7763436436653137,0.02912803739309311,0.036489780992269516,0.16663752496242523
564,-0.6869957447052002,-0.7725529670715332,0.03746839612722397,0.04808882623910904,0.16658639907836914
565,-0.6728295087814331,-0.7301958203315735,0.028728079050779343,0.028638221323490143,0.16653543710708618
566,-0.6563526391983032,-0.7138912677764893,0.02914433367550373,0.028394311666488647,0.16648462414741516
567,-0.6505995392799377,-0.7076501250267029,0.02635211870074272,0.03069845214486122,0.1664339303970337
568,-0.6994003653526306,-0.765959620475769,0.03336480259895325,0.03319447487592697,0.16638319194316864
569,-0.5334470868110657,-0.5981335043907166,0.03263428807258606,0.03205210343003273,0.1663326919078827
570,-0.5114026665687561,-0.7178570032119751,0.10342535376548767,0.10302896797657013,0.16628237068653107
571,-0.666245698928833,-0.7168330550193787,0.02432071790099144,0.02626662701368332,0.16623201966285706
572,-0.7408450245857239,-0.7996947765350342,0.02891911007463932,0.029930654913187027,0.16618146002292633
573,-0.6610492467880249,-0.7261786460876465,0.03173905983567238,0.03339036554098129,0.16613095998764038
574,-0.7352483868598938,-0.7619115710258484,0.013551508076488972,0.013111652806401253,0.16608060896396637
575,-0.8138417601585388,-0.866418182849884,0.026485241949558258,0.026091158390045166,0.16603057086467743
576,-0.7821155786514282,-0.819830060005188,0.019656836986541748,0.018057625740766525,0.16598041355609894
577,-0.7525096535682678,-0.8102790117263794,0.028657976537942886,0.029111383482813835,0.16593024134635925
578,-0.8158727884292603,-0.8487322926521301,0.016171852126717567,0.016687612980604172,0.1658800095319748
579,-0.7357379794120789,-0.7868902683258057,0.026041876524686813,0.025110434740781784,0.1658298522233963
580,-0.7454501390457153,-0.7797671556472778,0.017601927742362022,0.016715098172426224,0.16577957570552826
581,-0.770331859588623,-0.8091366291046143,0.022074639797210693,0.016730155795812607,0.16572916507720947
582,-0.7903693318367004,-0.8199581503868103,0.015229323878884315,0.014359474182128906,0.1656789630651474
583,-0.6767637133598328,-0.7370076179504395,0.032478656619787216,0.027765274047851562,0.1656288355588913
584,-0.7182103991508484,-0.8277477025985718,0.05311010032892227,0.056427162140607834,0.16557852923870087
585,-0.6964236497879028,-0.7617169618606567,0.0325506329536438,0.03274265676736832,0.16552811861038208
586,-0.7422909736633301,-0.7661392688751221,0.012221616692841053,0.01162666641175747,0.16547761857509613
587,-0.6820928454399109,-0.737478494644165,0.02512967213988304,0.030255962163209915,0.1654272973537445
588,-0.662803053855896,-0.7304317951202393,0.030426785349845886,0.03720194846391678,0.16537709534168243
589,-0.7472149729728699,-0.7746991515159607,0.012788071297109127,0.014696121215820312,0.1653268188238144
590,-0.6880926489830017,-0.7502196431159973,0.03129943087697029,0.030827585607767105,0.165276437997818
591,-0.6512337923049927,-0.7060286402702332,0.028734497725963593,0.026060326024889946,0.16522614657878876
592,-0.6893655061721802,-0.7623241543769836,0.03491103649139404,0.03804762288928032,0.16517607867717743
593,-0.7191676497459412,-0.7792291641235352,0.027749715372920036,0.032311782240867615,0.16512593626976013
594,-0.723797082901001,-0.7720518708229065,0.02182447910308838,0.02643032744526863,0.1650758683681488
595,-0.7384037375450134,-0.7815132737159729,0.020625781267881393,0.02248377352952957,0.16502578556537628
596,-0.7844966650009155,-0.8436693549156189,0.02934214659035206,0.029830506071448326,0.16497555375099182
597,-0.7883929014205933,-0.8245927095413208,0.018126772716641426,0.018073024228215218,0.16492533683776855
598,-0.6259893774986267,-0.6827884912490845,0.026709668338298798,0.030089452862739563,0.16487492620944977
599,-0.7047098875045776,-0.7355800867080688,0.013919335789978504,0.016950830817222595,0.16482466459274292
600,-0.5390639901161194,-0.6567840576171875,0.05548376217484474,0.062236301600933075,0.16477426886558533
601,-0.605633556842804,-0.6725492477416992,0.03306499123573303,0.03385070711374283,0.16472400724887848
602,-0.7130507230758667,-0.7708333134651184,0.026715049520134926,0.031067565083503723,0.16467362642288208
603,-0.6920633316040039,-0.7537937164306641,0.029917072504758835,0.03181332349777222,0.1646231859922409
604,-0.7819845080375671,-0.817395031452179,0.016541728749871254,0.01886880025267601,0.16457274556159973
605,-0.7265328168869019,-0.7926225066184998,0.03232457488775253,0.03376512974500656,0.1645226627588272
606,-0.6817107200622559,-0.743110179901123,0.029938504099845886,0.031460948288440704,0.16447283327579498
607,-0.6458717584609985,-0.7097589373588562,0.028875455260276794,0.03501167893409729,0.16442295908927917
608,-0.6891473531723022,-0.7365760803222656,0.022251658141613007,0.025177065283060074,0.16437311470508575
609,-0.6537349820137024,-0.7071053981781006,0.026115164160728455,0.027255242690443993,0.16432322561740875
610,-0.6945469379425049,-0.7426325082778931,0.023642800748348236,0.02444276213645935,0.16427339613437653
611,-0.7275082468986511,-0.7738252282142639,0.023526616394519806,0.02279037982225418,0.16422370076179504
612,-0.6969884037971497,-0.7431825995445251,0.022440331056714058,0.02375389076769352,0.16417430341243744
613,-0.7375478148460388,-0.8168526291847229,0.0416070893406868,0.03769775107502937,0.1641247719526291
614,-0.6894873380661011,-0.7258661985397339,0.016857875511050224,0.01952097751200199,0.1640757918357849
615,-0.6608133912086487,-0.7505019903182983,0.049849431961774826,0.03983914479613304,0.16402672231197357
616,-0.7463287115097046,-0.7838174104690552,0.0180689487606287,0.019419731572270393,0.16397759318351746
617,-0.6978487372398376,-0.7803751230239868,0.04253864288330078,0.039987750351428986,0.1639287918806076
618,-0.7224423289299011,-0.804329514503479,0.04037027806043625,0.04151688888669014,0.1638799011707306
619,-0.6764194369316101,-0.7148213386535645,0.017094410955905914,0.02130744792521,0.16383077204227448
620,-0.6819703578948975,-0.7525550723075867,0.03403635323047638,0.03654837608337402,0.1637817770242691
621,-0.7148876190185547,-0.7592898011207581,0.022240040823817253,0.02216215990483761,0.16373276710510254
622,-0.6746902465820312,-0.769862174987793,0.04561467468738556,0.04955725371837616,0.1636836677789688
623,-0.6579016447067261,-0.7215080857276917,0.030076369643211365,0.03353005275130272,0.16363473236560822
624,-0.6974916458129883,-0.7774906158447266,0.03697851672768593,0.04302045702934265,0.16358599066734314
625,-0.7159780859947205,-0.7611634731292725,0.020526956766843796,0.02465842291712761,0.16353729367256165
626,-0.7094017267227173,-0.7494313716888428,0.019807118922472,0.020222559571266174,0.16348853707313538
627,-0.6370306611061096,-0.669520914554596,0.016708435490727425,0.015781814232468605,0.1634398251771927
628,-0.750882625579834,-0.7822238206863403,0.016300395131111145,0.015040802769362926,0.16339106857776642
629,-0.6958504319190979,-0.7619876861572266,0.035922322422266006,0.030214879661798477,0.16334237158298492
630,-0.698040246963501,-0.7915469408035278,0.04275587201118469,0.05075087398290634,0.16329358518123627
631,-0.6892607808113098,-0.7369425892829895,0.022983375936746597,0.024698426946997643,0.16324493288993835
632,-0.6609784364700317,-0.7044954299926758,0.020499922335147858,0.0230170376598835,0.16319605708122253
633,-0.790195643901825,-0.8289212584495544,0.019889939576387405,0.01883563958108425,0.1631471812725067
634,-0.7390033006668091,-0.8021373748779297,0.030988508835434914,0.032145529985427856,0.16309824585914612
635,-0.7068400382995605,-0.7486270666122437,0.01692577823996544,0.02486129105091095,0.16304928064346313
636,-0.7559037208557129,-0.8092391490936279,0.025789741426706314,0.027545709162950516,0.16300028562545776
637,-0.6317036747932434,-0.760769784450531,0.057931672781705856,0.07113447040319443,0.16295120120048523
638,-0.7989920377731323,-0.8436525464057922,0.020743902772665024,0.023916572332382202,0.16290228068828583
639,-0.6801666617393494,-0.7457347512245178,0.03251238912343979,0.03305569663643837,0.16285352408885956
640,-0.7644462585449219,-0.8006898164749146,0.015098655596375465,0.021144896745681763,0.16280455887317657
641,-0.7454050779342651,-0.8104025721549988,0.03126254677772522,0.03373493626713753,0.16275553405284882
642,-0.6754801869392395,-0.7056315541267395,0.015405694954097271,0.014745633117854595,0.16270647943019867
643,-0.6707074046134949,-0.743421196937561,0.03532920777797699,0.03738457337021828,0.16265742480754852
644,-0.70741868019104,-0.7754743099212646,0.029982075095176697,0.038073569536209106,0.16260838508605957
645,-0.6732487678527832,-0.7175561189651489,0.01986016519367695,0.02444717288017273,0.16255928575992584
646,-0.716095507144928,-0.7858067750930786,0.03225230053067207,0.03745894506573677,0.1625099927186966
647,-0.7129268646240234,-0.7517959475517273,0.021413631737232208,0.017455436289310455,0.16246077418327332
648,-0.6479869484901428,-0.7230314016342163,0.041650209575891495,0.03339420631527901,0.1624114215373993
649,-0.6798933744430542,-0.7508816719055176,0.03632562980055809,0.0346626341342926,0.16236211359500885
650,-0.6711780428886414,-0.7249091863632202,0.025672215968370438,0.028058959171175957,0.1623128205537796
651,-0.7116660475730896,-0.7597391605377197,0.024096481502056122,0.02397661842405796,0.16226376593112946
652,-0.6029659509658813,-0.8158742189407349,0.10643290728330612,0.10647536814212799,0.16221477091312408
653,-0.6604360342025757,-0.7052716612815857,0.01906895637512207,0.025766674429178238,0.16216591000556946
654,-0.5733928680419922,-0.6384074687957764,0.03667904809117317,0.0283355750143528,0.16211692988872528
655,-0.7544564008712769,-0.8020554780960083,0.023174889385700226,0.024424219503998756,0.16206808388233185
656,-0.7163121700286865,-0.7670903205871582,0.024866916239261627,0.025911197066307068,0.16201947629451752
657,-0.6786063313484192,-0.7534430027008057,0.03496707230806351,0.03986959904432297,0.16197079420089722
658,-0.6718775629997253,-0.7257333993911743,0.026662755757570267,0.02719305455684662,0.1619221568107605
659,-0.75597083568573,-0.8188314437866211,0.02862062305212021,0.034239981323480606,0.16187359392642975
660,-0.7401697635650635,-0.8093319535255432,0.03365907073020935,0.035503167659044266,0.16182520985603333
661,-0.7363635301589966,-0.7670109868049622,0.015392256900668144,0.015255185775458813,0.16177703440189362
662,-0.7386800646781921,-0.8323933482170105,0.05070430040359497,0.0430089607834816,0.16172906756401062
663,-0.7087882161140442,-0.7320228815078735,0.012157492339611053,0.011077187955379486,0.16168110072612762
664,-0.8343039751052856,-0.8824172616004944,0.027197303250432014,0.020915992558002472,0.16163307428359985
665,-0.8096637725830078,-0.8538298010826111,0.0208538006991148,0.02331218682229519,0.16158515214920044
666,-0.6691345572471619,-0.852721095085144,0.09239086508750916,0.09119566529989243,0.16153700649738312
667,-0.6612419486045837,-0.7110790014266968,0.023081600666046143,0.02675544284284115,0.16148896515369415
668,-0.7160732746124268,-0.7709182500839233,0.026661939918994904,0.028183013200759888,0.16144083440303802
669,-0.6860334277153015,-0.7410519123077393,0.028474250808358192,0.02654418535530567,0.16139253973960876
670,-0.638623833656311,-0.6910858154296875,0.026317410171031952,0.026144573464989662,0.1613442450761795
671,-0.758908748626709,-0.8105586767196655,0.02641749382019043,0.025232460349798203,0.16129572689533234
672,-0.7081664800643921,-0.743050217628479,0.015574835240840912,0.019308917224407196,0.1612468659877777
673,-0.7590211033821106,-0.8158592581748962,0.03336562216281891,0.02347254380583763,0.16119804978370667
674,-0.7043662667274475,-0.7507851123809814,0.02420325018465519,0.02221563085913658,0.16114915907382965
675,-0.7041692733764648,-0.76697838306427,0.025312982499599457,0.03749611973762512,0.16110025346279144
676,-0.7826390266418457,-0.824813961982727,0.02244756743311882,0.019727328792214394,0.1610514372587204
677,-0.7293376326560974,-0.8326602578163147,0.04650608450174332,0.05681654065847397,0.1610027253627777
678,-0.5518029928207397,-0.8222119212150574,0.13404861092567444,0.1363602876663208,0.16095390915870667
679,-0.6962940692901611,-0.7447379231452942,0.023888995870947838,0.02455485798418522,0.16090531647205353
680,-0.755896270275116,-0.8224254846572876,0.031744420528411865,0.03478481248021126,0.16085675358772278
681,-0.6130715012550354,-0.6600645184516907,0.02030876651406288,0.02668420597910881,0.16080866754055023
682,-0.8111687898635864,-0.851459801197052,0.015514880418777466,0.02477608248591423,0.16076074540615082
683,-0.650348424911499,-0.7165235877037048,0.033985041081905365,0.03219015896320343,0.16071300208568573
684,-0.795778751373291,-0.8538467884063721,0.029625294730067253,0.028442732989788055,0.16066518425941467
685,-0.7420486211776733,-0.8081659078598022,0.03202713280916214,0.03409019112586975,0.16061730682849884
686,-0.6866922974586487,-0.7157284021377563,0.016356322914361954,0.012679751962423325,0.16056956350803375
687,-0.7143996357917786,-0.8079674243927002,0.04338948056101799,0.05017826333642006,0.16052182018756866
688,-0.8605213165283203,-0.9139779806137085,0.024116311222314835,0.029340306296944618,0.16047422587871552
689,-0.818971574306488,-0.8654584288597107,0.019161619246006012,0.027325190603733063,0.1604265719652176
690,-0.7970705628395081,-0.8506636619567871,0.02864944376051426,0.02494366280734539,0.16037902235984802
691,-0.7791207432746887,-0.8583795428276062,0.0391516238451004,0.04010719805955887,0.1603313535451889
692,-0.7672960758209229,-0.8515238761901855,0.04626855626702309,0.03795924037694931,0.16028352081775665
693,-0.7723957896232605,-0.8367993235588074,0.034638840705156326,0.029764732345938683,0.16023574769496918
694,-0.7468335628509521,-0.7822127342224121,0.017224062234163284,0.01815509796142578,0.16018828749656677
695,-0.7451907396316528,-0.7740689516067505,0.015470236539840698,0.01340797170996666,0.1601407527923584
696,-0.7517203092575073,-0.7995033264160156,0.024463411420583725,0.023319575935602188,0.1600933074951172
697,-0.6888811588287354,-0.777614951133728,0.043484218418598175,0.04524955525994301,0.1600458323955536
698,-0.6712052226066589,-0.7594727873802185,0.04048464074730873,0.04778287932276726,0.15999840199947357
699,-0.7296532392501831,-0.7858075499534607,0.024494262412190437,0.03165999427437782,0.159950852394104
700,-0.6327036023139954,-0.7188689112663269,0.039178065955638885,0.04698723927140236,0.15990333259105682
701,-0.727961540222168,-0.7806054949760437,0.024398595094680786,0.02824535220861435,0.1598556488752365
702,-0.7685812711715698,-0.8320180773735046,0.029070410877466202,0.034366343170404434,0.1598079800605774
703,-0.7480577230453491,-0.8450877666473389,0.04310953989624977,0.053920526057481766,0.15976032614707947
704,-0.758416473865509,-0.8121027946472168,0.023831026628613472,0.029855288565158844,0.15971271693706512
705,-0.6894204020500183,-0.7606340646743774,0.03351332247257233,0.03770036622881889,0.1596650630235672
706,-0.7423111796379089,-0.8164910078048706,0.03318338468670845,0.04099644720554352,0.15961791574954987
707,-0.7083028554916382,-0.7683364152908325,0.029784105718135834,0.030249491333961487,0.15957103669643402
708,-0.6534236669540405,-0.7438422441482544,0.042843569070100784,0.047575004398822784,0.1595241129398346
709,-0.8164274096488953,-0.8674642443656921,0.025419121608138084,0.02561774291098118,0.1594773530960083
710,-0.7547934651374817,-0.8288910388946533,0.03322726488113403,0.040870316326618195,0.15943080186843872
711,-0.6212793588638306,-0.6887471675872803,0.02887459471821785,0.038593221455812454,0.15938428044319153
712,-0.745781660079956,-0.814739465713501,0.03162577003240585,0.037332065403461456,0.15933753550052643
713,-0.6396765112876892,-0.7437989115715027,0.0447172187268734,0.059405192732810974,0.1592906266450882
714,-0.6593521237373352,-0.7226349115371704,0.027455933392047882,0.03582686930894852,0.15924374759197235
715,-0.6508529782295227,-0.7319095730781555,0.035078197717666626,0.045978348702192307,0.1591968834400177
716,-0.7020996809005737,-0.7657480239868164,0.028109032660722733,0.03553934767842293,0.1591499000787735
717,-0.7079426050186157,-0.7437134981155396,0.018327008932828903,0.01744389906525612,0.15910311043262482
718,-0.8289614915847778,-0.9155053496360779,0.041537076234817505,0.045006778091192245,0.15905632078647614
719,-0.698146641254425,-0.8379840850830078,0.06944826990365982,0.07038915902376175,0.15900951623916626
720,-0.8793060779571533,-0.9365730285644531,0.026651715859770775,0.03061518259346485,0.15896280109882355
721,-0.7409132719039917,-0.8475266695022583,0.041018273681402206,0.0655951276421547,0.1589159369468689
722,-0.6450519561767578,-0.6910788416862488,0.021700942888855934,0.024325963109731674,0.15886913239955902
723,-0.6933653950691223,-0.7516140341758728,0.025356685742735863,0.032891903072595596,0.15882232785224915
724,-0.7317473292350769,-0.7690593600273132,0.01750040613114834,0.01981160417199135,0.1587754786014557
725,-0.7394269704818726,-0.8239415884017944,0.036628708243370056,0.04788588732481003,0.15872865915298462
726,-0.7550316452980042,-0.836637556552887,0.039903488010168076,0.041702430695295334,0.15868186950683594
727,-0.7075010538101196,-0.7556990385055542,0.021034758538007736,0.027163231745362282,0.15863491594791412
728,-0.7301034331321716,-0.786270797252655,0.02512544021010399,0.031041935086250305,0.15858808159828186
729,-0.7034978866577148,-0.8131227493286133,0.046623002737760544,0.0630018562078476,0.15854109823703766
730,-0.8372622728347778,-0.8828451633453369,0.019518079236149788,0.026064841076731682,0.15849430859088898
731,-0.6403179168701172,-0.7744163274765015,0.06345605105161667,0.07064233720302582,0.1584475338459015
732,-0.775663435459137,-0.8811488151550293,0.0436401292681694,0.06184522062540054,0.15840063989162445
733,-0.8101668953895569,-0.8409802317619324,0.01184480544179678,0.018968509510159492,0.15835390985012054
734,-0.7023038268089294,-0.7593574523925781,0.026034440845251083,0.031019199639558792,0.15830732882022858
735,-0.8412467241287231,-0.8932634592056274,0.02504832297563553,0.026968391612172127,0.158260777592659
736,-0.8100172877311707,-0.8709854483604431,0.02758857049047947,0.03337959572672844,0.15821439027786255
737,-0.9552406668663025,-1.0033822059631348,0.024276558309793472,0.023865003138780594,0.15816780924797058
738,-0.7729305028915405,-0.8305507898330688,0.030393457040190697,0.027226818725466728,0.1581212878227234
739,-0.8506091833114624,-0.8931647539138794,0.019491072744131088,0.023064466193318367,0.15807493031024933
740,-0.7050662636756897,-0.7751290202140808,0.03629264980554581,0.03377009183168411,0.15802843868732452
741,-0.9248337149620056,-0.9707047343254089,0.02170403115451336,0.024166999384760857,0.15798191726207733
742,-0.8564908504486084,-0.9114513397216797,0.027089877054095268,0.027870599180459976,0.15793517231941223
743,-0.790498673915863,-0.835503876209259,0.021085601300001144,0.02391955628991127,0.15788857638835907
744,-0.5454185009002686,-0.5891042947769165,0.020141275599598885,0.023544464260339737,0.1578419953584671
745,-0.661113440990448,-0.737742006778717,0.03467577323317528,0.041952766478061676,0.15779538452625275
746,-0.8293257355690002,-0.866660475730896,0.0159204863011837,0.02141430601477623,0.15774887800216675
747,-0.682037889957428,-0.7223827242851257,0.01902768388390541,0.021317116916179657,0.15770223736763
748,-0.6372268199920654,-0.7110060453414917,0.036333270370960236,0.037445977330207825,0.15765559673309326
749,-0.6729977130889893,-0.7594378590583801,0.0467911958694458,0.03964892029762268,0.15760910511016846
750,-0.7935856580734253,-0.854978084564209,0.029231403023004532,0.03216097131371498,0.15756283700466156
751,-0.7864323854446411,-0.8560887575149536,0.02987634763121605,0.03978002071380615,0.1575165092945099
752,-0.7342855334281921,-0.7841346263885498,0.026100005954504013,0.023749137297272682,0.15747065842151642
753,-0.8896178603172302,-0.9475880861282349,0.027127455919981003,0.030842790380120277,0.1574244201183319
754,-0.8710564970970154,-0.9438565373420715,0.03551119938492775,0.037288859486579895,0.15737825632095337
755,-0.7748721837997437,-0.8051767945289612,0.01557155977934599,0.0147330891340971,0.15733231604099274
756,-0.6655101776123047,-0.7531106472015381,0.04044314846396446,0.04715733230113983,0.15728618204593658
757,-0.7338616251945496,-0.7858800888061523,0.02829180285334587,0.023726630955934525,0.1572405993938446
758,-0.7628697156906128,-0.8415789604187012,0.03564829379320145,0.04306096211075783,0.1571948379278183
759,-0.8837798237800598,-0.949575662612915,0.030477304011583328,0.03531854972243309,0.15714885294437408
760,-0.703068733215332,-0.7858774662017822,0.040452588349580765,0.042356111109256744,0.1571027636528015
761,-0.7920740246772766,-0.8588553667068481,0.029394635930657387,0.0373866967856884,0.15705643594264984
762,-0.7535597681999207,-0.8304846286773682,0.036033764481544495,0.040891133248806,0.1570103019475937
763,-0.7183877229690552,-0.77455735206604,0.019453000277280807,0.036716632544994354,0.15696410834789276
764,-0.7067915201187134,-0.7831874489784241,0.03170867636799812,0.04468725994229317,0.15691828727722168
765,-0.7478739023208618,-0.8641258478164673,0.05689371004700661,0.05935825780034065,0.1568726748228073
766,-0.7698746919631958,-0.8206207752227783,0.02210337109863758,0.028642704710364342,0.15682727098464966
767,-0.6849023699760437,-0.7349570393562317,0.02210867963731289,0.027945972979068756,0.15678219497203827
768,-0.7865391969680786,-0.8487083911895752,0.03380493074655533,0.028364237397909164,0.1567370444536209
769,-0.8905289173126221,-0.9395871758460999,0.022733086720108986,0.026325169950723648,0.15669162571430206
770,-0.9236618876457214,-0.9522098898887634,0.013314394280314445,0.015233650803565979,0.15664614737033844
771,-0.730906069278717,-0.8424389362335205,0.04669980704784393,0.06483305990695953,0.1566009521484375
772,-0.6454737186431885,-0.7026523351669312,0.02494736947119236,0.03223124146461487,0.1565556675195694
773,-0.810252845287323,-0.8620520830154419,0.023312851786613464,0.028486380353569984,0.15651069581508636
774,-0.79532790184021,-0.8634957671165466,0.03065149113535881,0.03751637786626816,0.156465545296669
775,-0.6486186981201172,-0.7338477969169617,0.044974397867918015,0.04025471955537796,0.15642046928405762
776,-0.6309778094291687,-0.7221031188964844,0.045089855790138245,0.04603544995188713,0.15637561678886414
777,-0.757901132106781,-0.8245221376419067,0.03371134027838707,0.032909709960222244,0.15633051097393036
778,-0.5564954876899719,-0.6297317147254944,0.02772596664726734,0.04551023244857788,0.15628573298454285
779,-0.5617690682411194,-0.6741505861282349,0.05534357205033302,0.05703792721033096,0.15624116361141205
780,-0.7803553938865662,-0.8651038408279419,0.04122268408536911,0.043525781482458115,0.15619638562202454
781,-0.7851146459579468,-0.8780331611633301,0.040338195860385895,0.05258030444383621,0.15615145862102509
782,-0.8675156235694885,-0.9324279427528381,0.03240672126412392,0.03250554949045181,0.15610642731189728
783,-0.6654295325279236,-0.7132153511047363,0.01883700117468834,0.028948821127414703,0.15606145560741425
784,-0.8153502941131592,-0.8626558184623718,0.020823808386921883,0.026481708511710167,0.156016543507576
785,-0.9119471311569214,-0.9895366430282593,0.033034779131412506,0.04455472528934479,0.1559714376926422
786,-0.7296791076660156,-0.7708889842033386,0.0219622403383255,0.019247660413384438,0.15592607855796814
787,-0.8574892282485962,-0.9469199180603027,0.04035697504878044,0.04907369986176491,0.15588097274303436
788,-0.7963377237319946,-0.8361579179763794,0.019343456253409386,0.02047673799097538,0.1558355987071991
789,-0.6732690334320068,-0.7175631523132324,0.02228720299899578,0.022006934508681297,0.15579035878181458
790,-0.8143774271011353,-0.8619891405105591,0.019908446818590164,0.0277033019810915,0.1557449847459793
791,-0.6835750937461853,-0.7603670358657837,0.03452897071838379,0.042262963950634,0.15569967031478882
792,-0.6082532405853271,-0.7017433643341064,0.04591461271047592,0.04757552966475487,0.15565437078475952
793,-0.5617731809616089,-0.7891112565994263,0.11736992001533508,0.1099681630730629,0.15560919046401978
794,-0.7565739750862122,-0.8363839387893677,0.034868426620960236,0.04494152590632439,0.1555638313293457
795,-0.7298984527587891,-0.8290573954582214,0.04960731416940689,0.0495515912771225,0.15551848709583282
796,-0.7036418914794922,-0.7650532126426697,0.030623475089669228,0.030787844210863113,0.1554732322692871
797,-0.7059512734413147,-0.8204038739204407,0.059284839779138565,0.05516771972179413,0.15542814135551453
798,-0.813949465751648,-0.8728834390640259,0.029879316687583923,0.0290546678006649,0.1553831547498703
799,-0.7985946536064148,-0.8529536128044128,0.027587689459323883,0.02677125670015812,0.15533806383609772
800,-0.831165075302124,-0.8791925311088562,0.02439234033226967,0.023635080084204674,0.15529297292232513
801,-0.8854415416717529,-0.9328436255455017,0.02049286477267742,0.026909252628684044,0.15524806082248688
802,-0.74434894323349,-0.7970759272575378,0.022640859708189964,0.030086105689406395,0.1552029699087143
803,-0.7541966438293457,-0.7895455360412598,0.016428042203187943,0.018920842558145523,0.15515805780887604
804,-0.6666669845581055,-0.7254473567008972,0.03484159708023071,0.02393878437578678,0.155113086104393
805,-0.6080083250999451,-0.6604332327842712,0.022649234160780907,0.02977568656206131,0.15506809949874878
806,-0.5680254101753235,-0.6667887568473816,0.04714404419064522,0.05161929503083229,0.155022993683815
807,-0.8908219933509827,-0.9436278343200684,0.023457031697034836,0.029348798096179962,0.15497757494449615
808,-0.6827341914176941,-0.7689858675003052,0.043687716126441956,0.042563971132040024,0.15493233501911163
809,-0.783483624458313,-0.8456650376319885,0.03216801583766937,0.030013399198651314,0.1548871546983719
810,-0.9171736240386963,-0.9941105842590332,0.03674875199794769,0.04018816351890564,0.15484198927879333
811,-0.8323566913604736,-0.8763505816459656,0.01946079358458519,0.024533063173294067,0.15479686856269836
812,-0.7114705443382263,-0.7729406952857971,0.03081357292830944,0.030656587332487106,0.15475152432918549
813,-0.6990747451782227,-0.7587065100669861,0.030368167906999588,0.02926359325647354,0.15470634400844574
814,-0.7762620449066162,-0.8643481731414795,0.041586413979530334,0.04649969935417175,0.15466159582138062
815,-0.7380747199058533,-0.7952660918235779,0.02550501748919487,0.03168636932969093,0.1546170860528946
816,-0.8250482678413391,-0.9003214836120605,0.0362483412027359,0.03902490437030792,0.15457238256931305
817,-0.7977224588394165,-0.8723806738853455,0.03900224715471268,0.03565597906708717,0.1545274257659912
818,-0.7123356461524963,-0.7795553207397461,0.032742347568273544,0.03447733074426651,0.15448273718357086
819,-0.7811679840087891,-0.8489975929260254,0.033221323043107986,0.03460828959941864,0.1544381082057953
820,-0.7140558362007141,-0.776591956615448,0.028298307210206985,0.034237783402204514,0.15439355373382568
821,-0.6379055976867676,-0.6768269538879395,0.01831335574388504,0.020608030259609222,0.15434889495372772
822,-0.6349539160728455,-0.7095787525177002,0.03923342376947403,0.03539137542247772,0.15430444478988647
823,-0.7739997506141663,-0.8323794603347778,0.02877211570739746,0.02960762195289135,0.15425986051559448
824,-0.8112102150917053,-0.8853870630264282,0.03576784208416939,0.038409002125263214,0.1542152762413025
825,-0.7014974355697632,-0.8388698101043701,0.06122325733304024,0.07614913582801819,0.15417064726352692
826,-0.7495319843292236,-0.8369352221488953,0.03944531828165054,0.0479578822851181,0.15412592887878418
827,-0.8438712954521179,-0.8991174697875977,0.03136807680130005,0.0238780714571476,0.15408113598823547
828,-0.8800152540206909,-0.931429922580719,0.022651830688118935,0.02876281924545765,0.15403620898723602
829,-0.8055222630500793,-0.8589112758636475,0.026266910135746002,0.027122098952531815,0.1539909988641739
830,-0.8404584527015686,-0.9265415668487549,0.04180199280381203,0.04428114742040634,0.1539459079504013
831,-0.8511130213737488,-0.9032927751541138,0.0246040727943182,0.027575664222240448,0.1539011001586914
832,-0.9310551881790161,-0.9910309910774231,0.02884562499821186,0.031130164861679077,0.15385636687278748
833,-0.8117349743843079,-0.8723114728927612,0.03098171204328537,0.0295947827398777,0.15381193161010742
834,-0.7923475503921509,-0.8524515628814697,0.028022535145282745,0.0320814810693264,0.1537676900625229
835,-0.7369328141212463,-0.802230715751648,0.030649660155177116,0.03464822098612785,0.1537235826253891
836,-0.7046605348587036,-0.8101066946983337,0.05289026349782944,0.05255590006709099,0.15367954969406128
837,-0.7379891872406006,-0.8018466830253601,0.030971935018897057,0.032885536551475525,0.15363582968711853
838,-0.7629801630973816,-0.8345738649368286,0.03514435142278671,0.0364493653178215,0.1535920798778534
839,-0.7435159087181091,-0.7796503305435181,0.01599889248609543,0.02013550139963627,0.15354852378368378
840,-0.8138307929039001,-0.8978351950645447,0.03673823922872543,0.047266170382499695,0.15350499749183655
841,-0.8721720576286316,-0.9010620713233948,0.014385243877768517,0.014504784718155861,0.1534613072872162
842,-0.6935648322105408,-0.7605500817298889,0.03349277004599571,0.03349250555038452,0.15341737866401672
843,-0.8895592093467712,-0.9422318339347839,0.026380088180303574,0.02629254385828972,0.15337342023849487
844,-0.7439375519752502,-0.8119664192199707,0.030729154124855995,0.03729969263076782,0.15332984924316406
845,-0.7516017556190491,-0.849602222442627,0.04834042862057686,0.04966002702713013,0.15328656136989594
846,-0.8218784928321838,-0.9020018577575684,0.03358282148838043,0.04654056578874588,0.15324318408966064
847,-0.7142800688743591,-0.7569276690483093,0.020853567868471146,0.021794043481349945,0.15319965779781342
848,-0.7764347195625305,-0.8271724581718445,0.02504020184278488,0.025697529315948486,0.15315650403499603
849,-0.8950955867767334,-0.9728081226348877,0.03834621608257294,0.039366304874420166,0.15311309695243835
850,-0.7624050378799438,-0.8032991886138916,0.017092714086174965,0.023801427334547043,0.15306925773620605
851,-0.7818744778633118,-0.9005332589149475,0.05643264204263687,0.06222610920667648,0.15302541851997375
852,-0.83568274974823,-0.916638195514679,0.037422798573970795,0.043532684445381165,0.15298160910606384
853,-0.7259318828582764,-0.7589045763015747,0.014441869221627712,0.01853087544441223,0.15293791890144348
854,-0.7044631838798523,-0.7690749168395996,0.030603250488638878,0.03400850296020508,0.15289416909217834
855,-0.7359474301338196,-0.7968140840530396,0.026370037347078323,0.03449660912156105,0.1528501808643341
856,-0.7939654588699341,-0.9442431926727295,0.06625580042600632,0.0840219110250473,0.15280656516551971
857,-0.845312774181366,-0.9195662140846252,0.03420288860797882,0.04005058854818344,0.15276268124580383
858,-0.829928994178772,-0.9182435274124146,0.04115394875407219,0.04716053977608681,0.15271875262260437
859,-0.8887253403663635,-0.9353007674217224,0.025191377848386765,0.021384049206972122,0.15267466008663177
860,-0.8280911445617676,-0.8994308710098267,0.03480466827750206,0.03653508424758911,0.15263059735298157
861,-0.6602837443351746,-0.7173241972923279,0.025463402271270752,0.03157707303762436,0.15258698165416718
862,-0.8324184417724609,-0.8975208401679993,0.031332336366176605,0.033770062029361725,0.15254294872283936
863,-0.684130072593689,-0.7483099699020386,0.028391916304826736,0.035787999629974365,0.15249919891357422
864,-0.6428080797195435,-0.7745723128318787,0.060908135026693344,0.07085609436035156,0.15245495736598969
865,-0.682783842086792,-0.8038988709449768,0.051118817180395126,0.06999625265598297,0.15241055190563202
866,-0.7325264811515808,-0.7648728489875793,0.01500371377915144,0.017342641949653625,0.1523662805557251
867,-0.6974413394927979,-0.7684755921363831,0.03686898574233055,0.034165237098932266,0.15232235193252563
868,-0.756402313709259,-0.8317437171936035,0.039293818175792694,0.03604758530855179,0.15227851271629333
869,-0.7233399748802185,-0.7909417152404785,0.03329397737979889,0.03430778905749321,0.1522350311279297
870,-0.8728616833686829,-0.9357785582542419,0.031683873385190964,0.031233038753271103,0.15219180285930634
871,-0.8937424421310425,-0.9384381175041199,0.021793659776449203,0.02290201187133789,0.15214845538139343
872,-0.7968310713768005,-0.8551798462867737,0.028192192316055298,0.03015652857720852,0.15210489928722382
873,-0.8315357565879822,-0.9058231115341187,0.03350920230150223,0.04077818617224693,0.15206117928028107
874,-0.6798415780067444,-0.8227080702781677,0.07474613934755325,0.06812034547328949,0.15201795101165771
875,-0.6957883238792419,-0.7402236461639404,0.02056168019771576,0.02387361042201519,0.15197469294071198
876,-0.7126291990280151,-0.7502108812332153,0.016164999455213547,0.0214166808873415,0.15193137526512146
877,-0.7562059760093689,-0.8088819980621338,0.024055583402514458,0.0286203995347023,0.15188805758953094
878,-0.6923134326934814,-0.7702480554580688,0.037841446697711945,0.040093161165714264,0.15184490382671356
879,-0.646869421005249,-0.7528274655342102,0.04800371080636978,0.05795430764555931,0.15180188417434692
880,-0.8234370946884155,-0.8703455328941345,0.02034599334001541,0.026562444865703583,0.15175853669643402
881,-0.8628286719322205,-0.9603044986724854,0.04792960360646248,0.049546267837285995,0.15171538293361664
882,-0.7144902348518372,-0.7638598680496216,0.02588302083313465,0.023486627265810966,0.15167218446731567
883,-0.7888937592506409,-0.869362473487854,0.038215521723032,0.04225319251418114,0.15162909030914307
884,-0.8421262502670288,-0.8996596932411194,0.023635806515812874,0.03389766439795494,0.15158633887767792
885,-0.9471909999847412,-1.0109856128692627,0.034898001700639725,0.028896652162075043,0.15154363214969635
886,-0.7442553043365479,-0.8374541997909546,0.04221813753247261,0.05098074674606323,0.15150140225887299
887,-0.896946370601654,-0.9571357369422913,0.030808668583631516,0.029380671679973602,0.1514589935541153
888,-0.8623602390289307,-0.9195957183837891,0.02849373035132885,0.0287417471408844,0.15141652524471283
889,-0.6827871203422546,-0.7786526679992676,0.04997481778264046,0.04589075222611427,0.1513744443655014
890,-0.7823238372802734,-0.8286615014076233,0.02112193964421749,0.025215720757842064,0.1513323187828064
891,-0.728001594543457,-0.7943496704101562,0.030135851353406906,0.03621217608451843,0.15128999948501587
892,-0.7298023104667664,-0.793895423412323,0.030420321971178055,0.03367280960083008,0.15124744176864624
893,-0.92641282081604,-1.0053465366363525,0.037173718214035034,0.041759952902793884,0.1512049436569214
894,-0.7986716628074646,-0.8571215867996216,0.0291932113468647,0.029256707057356834,0.15116247534751892
895,-0.8850341439247131,-0.9464852213859558,0.029193595051765442,0.03225749731063843,0.15112026035785675
896,-0.802935004234314,-0.8649600744247437,0.030488155782222748,0.031536925584077835,0.1510777473449707
897,-0.917120635509491,-0.94419926404953,0.013961237855255604,0.01311738695949316,0.15103523433208466
898,-0.7210463881492615,-0.7920506000518799,0.0330284908413887,0.0379757359623909,0.1509927362203598
899,-0.6741097569465637,-0.7424809336662292,0.032524507492780685,0.03584666550159454,0.15095093846321106
900,-0.6569786071777344,-0.7750869989395142,0.0612679049372673,0.056840505450963974,0.1509091854095459
901,-0.7453162670135498,-0.8579514622688293,0.05250617861747742,0.060129016637802124,0.1508675515651703
902,-0.7581580877304077,-0.8545385003089905,0.04795646294951439,0.048423945903778076,0.15082599222660065
903,-0.6052781939506531,-0.695224404335022,0.04272880032658577,0.047217413783073425,0.15078426897525787
904,-0.8191455602645874,-0.9662054181098938,0.07076698541641235,0.07629288733005524,0.15074235200881958
905,-0.8241947293281555,-0.9265987873077393,0.05298276245594025,0.04942132532596588,0.15070068836212158
906,-0.567867636680603,-0.6273478865623474,0.02955249510705471,0.029927723109722137,0.1506589651107788
907,-0.6779064536094666,-0.7062783241271973,0.012802129611372948,0.015569766983389854,0.15061748027801514
908,-0.7257973551750183,-0.7753150463104248,0.025232873857021332,0.0242848452180624,0.15057583153247833
909,-0.8148605823516846,-0.8855571746826172,0.03220492601394653,0.03849164396524429,0.1505342274904251
910,-0.74128258228302,-0.7927678823471069,0.024745512753725052,0.02673976495862007,0.15049207210540771
911,-0.7076922655105591,-0.7962803840637207,0.04875238984823227,0.03983578085899353,0.1504497081041336
912,-0.8035181760787964,-0.8565659523010254,0.026340316981077194,0.02670745924115181,0.15040698647499084
913,-0.832383394241333,-0.8966996669769287,0.029130414128303528,0.035185862332582474,0.15036417543888092
914,-0.7948874235153198,-0.8501353859901428,0.025327980518341064,0.02991999126970768,0.15032152831554413
915,-0.7542328238487244,-0.8657934069633484,0.05535810440778732,0.05620249733328819,0.15027888119220734
916,-0.704796552658081,-0.7937513589859009,0.044704459607601166,0.04425039514899254,0.15023623406887054
917,-0.7302080392837524,-0.7931531071662903,0.03503227233886719,0.027912817895412445,0.1501934677362442
918,-0.8242852091789246,-0.9005977511405945,0.03676651790738106,0.03954603523015976,0.15015070140361786
919,-0.8417819142341614,-0.8879608511924744,0.021805932745337486,0.024372989311814308,0.15010812878608704
920,-0.7243298292160034,-0.7662110328674316,0.018767526373267174,0.023113681003451347,0.15006542205810547
921,-0.8218488693237305,-0.9034031629562378,0.04078078269958496,0.04077349230647087,0.15002262592315674
922,-0.7318432927131653,-0.8041775822639465,0.03162601217627525,0.040708277374506,0.14998044073581696
923,-0.8628237843513489,-0.9328538775444031,0.030617427080869675,0.03941269591450691,0.1499384343624115
924,-0.6645005941390991,-0.7023801803588867,0.015952832996845245,0.021926742047071457,0.1498967558145523
925,-0.7555583119392395,-0.8380608558654785,0.04339127242565155,0.039111245423555374,0.14985479414463043
926,-0.9732042551040649,-1.0655057430267334,0.04138968512415886,0.05091175436973572,0.14981243014335632
927,-0.8566575050354004,-0.9279347062110901,0.039176903665065765,0.03210032731294632,0.1497701108455658
928,-0.8653193116188049,-0.9064154028892517,0.01937161758542061,0.02172447368502617,0.14972764253616333
929,-0.7702992558479309,-0.8421129584312439,0.03442005440592766,0.03739360719919205,0.14968544244766235
930,-0.7989311218261719,-0.8463550209999084,0.020551390945911407,0.026872543618083,0.14964351058006287
931,-0.8595153093338013,-0.8986374139785767,0.020168153569102287,0.01895400881767273,0.14960192143917084
932,-0.8037790656089783,-0.8753230571746826,0.034642793238162994,0.03690120205283165,0.14956034719944
933,-0.6387988328933716,-0.6879322528839111,0.0224723182618618,0.02666107565164566,0.14951874315738678
934,-0.6666274070739746,-0.7184350490570068,0.024355081841349602,0.027452565729618073,0.14947724342346191
935,-0.7369911074638367,-0.8041340708732605,0.029184158891439438,0.0379587858915329,0.1494361311197281
936,-0.9215326905250549,-0.9670993089675903,0.02332395687699318,0.02224263921380043,0.14939504861831665
937,-0.7963656187057495,-0.843114972114563,0.02103947475552559,0.025709878653287888,0.1493537276983261
938,-0.5648654699325562,-0.6941052079200745,0.06335771828889847,0.06588201224803925,0.1493128091096878
939,-0.7220169305801392,-0.7833030819892883,0.029505539685487747,0.031780607998371124,0.14927183091640472
940,-0.8132659196853638,-0.8495005965232849,0.01855369284749031,0.017680978402495384,0.1492306888103485
941,-0.827179491519928,-0.8558362722396851,0.01617385447025299,0.012482921592891216,0.14918974041938782
942,-0.9001378417015076,-0.9512633085250854,0.025187866762280464,0.02593759074807167,0.14914891123771667
943,-0.8923856616020203,-0.9402786493301392,0.021675152704119682,0.026217810809612274,0.1491081714630127
944,-0.6967721581459045,-0.7448596954345703,0.022057294845581055,0.02603026293218136,0.14906752109527588
945,-0.879612147808075,-0.936487078666687,0.02553725056350231,0.03133769705891609,0.14902625977993011
946,-0.7756525874137878,-0.8870643377304077,0.05598912015557289,0.0554225891828537,0.14898480474948883
947,-0.8351159691810608,-0.8985018730163574,0.0303511880338192,0.033034760504961014,0.14894326031208038
948,-0.6001921892166138,-0.6682478189468384,0.034926895052194595,0.0331287682056427,0.14890195429325104
949,-0.8806077837944031,-0.9462144374847412,0.028580449521541595,0.037026237696409225,0.148860365152359
950,-0.7846390008926392,-0.8818914890289307,0.04729215428233147,0.049960311502218246,0.14881844818592072
951,-0.8479725122451782,-0.9055739045143127,0.02634018287062645,0.03126119449734688,0.14877654612064362
952,-0.6697535514831543,-0.7846609354019165,0.059612587094306946,0.055294811725616455,0.14873455464839935
953,-0.8139132857322693,-0.8740472793579102,0.02766343019902706,0.03247056528925896,0.14869241416454315
954,-0.866620659828186,-0.9238317012786865,0.029968274757266045,0.02724277600646019,0.14865049719810486
955,-0.9460172653198242,-1.0301066637039185,0.04386000335216522,0.040229350328445435,0.1486085206270218
956,-0.8331223726272583,-0.859769344329834,0.013368035666644573,0.013278971426188946,0.14856645464897156
957,-0.8860565423965454,-0.9756605625152588,0.043901268392801285,0.04570275917649269,0.14852486550807953
958,-0.8423137664794922,-0.8846235871315002,0.01880408264696598,0.023505747318267822,0.14848339557647705
959,-0.7319793701171875,-0.9137775897979736,0.08724529296159744,0.09455294907093048,0.14844141900539398
960,-0.7563334107398987,-0.8141705989837646,0.032075949013233185,0.02576126717031002,0.14839929342269897
961,-0.8554689884185791,-0.9400169849395752,0.038882553577423096,0.045665428042411804,0.14835689961910248
962,-0.7813234329223633,-0.8429358005523682,0.02962416596710682,0.031988196074962616,0.1483151912689209
963,-0.7802859544754028,-0.848058819770813,0.0318804569542408,0.03589242324233055,0.1482735276222229
964,-0.5831379890441895,-0.8359379172325134,0.12481000274419785,0.1279899775981903,0.14823202788829803
965,-0.6751403212547302,-0.7518270015716553,0.03718380630016327,0.039502859115600586,0.1481909304857254
966,-0.6376605033874512,-0.6975330114364624,0.03106597810983658,0.02880653738975525,0.14815004169940948
967,-0.698203980922699,-0.7448785305023193,0.023180557414889336,0.023494014516472816,0.14810916781425476
968,-0.6191105842590332,-0.6523071527481079,0.018500715494155884,0.014695911668241024,0.1480683535337448
969,-0.7355362772941589,-0.8247504234313965,0.04000118747353554,0.049212925136089325,0.1480271965265274
970,-0.604935348033905,-0.668181300163269,0.03240975737571716,0.03083617612719536,0.14798615872859955
971,-0.7417755722999573,-0.7961894273757935,0.03217817842960358,0.022235700860619545,0.14794504642486572
972,-0.9154890179634094,-1.0193310976028442,0.05146491900086403,0.052377160638570786,0.14790403842926025
973,-0.9519135355949402,-1.0076993703842163,0.030009977519512177,0.025775842368602753,0.14786303043365479
974,-0.8617491126060486,-0.901851236820221,0.018996382132172585,0.021105768159031868,0.1478217989206314
975,-0.8880696296691895,-0.997366726398468,0.05352408438920975,0.055772989988327026,0.14778058230876923
976,-0.853860080242157,-0.9395322799682617,0.037308357656002045,0.04836388677358627,0.14773917198181152
977,-0.8224535584449768,-0.9363518953323364,0.055406104773283005,0.05849221721291542,0.14769786596298218
978,-0.779025137424469,-0.846363365650177,0.033580098301172256,0.03375811129808426,0.14765655994415283
979,-0.7881200313568115,-0.8436322808265686,0.02892374061048031,0.026588480919599533,0.14761483669281006
980,-0.7036304473876953,-0.7767184972763062,0.032873861491680145,0.04021419957280159,0.14757320284843445
981,-0.6258541345596313,-0.6588972210884094,0.014463216997683048,0.018579864874482155,0.14753137528896332
982,-0.7809024453163147,-0.8532804250717163,0.036872029304504395,0.03550597280263901,0.14748981595039368
983,-0.7240577936172485,-0.8154419660568237,0.043674640357494354,0.047709494829177856,0.14744828641414642
984,-0.8251024484634399,-0.924422025680542,0.051431912928819656,0.04788770526647568,0.14740696549415588
985,-0.8319068551063538,-0.9011104702949524,0.036281518638134,0.032922111451625824,0.14736558496952057
986,-0.9255642890930176,-0.9778679609298706,0.027077285572886467,0.025226397439837456,0.14732441306114197
987,-0.8443793654441833,-0.9466061592102051,0.04638587683439255,0.05584089457988739,0.14728383719921112
988,-0.811683714389801,-0.9352594017982483,0.05981636419892311,0.06375931948423386,0.14724308252334595
989,-0.7371317744255066,-0.879572868347168,0.06867366284132004,0.07376743853092194,0.1472025066614151
990,-0.689045250415802,-0.7469685673713684,0.023889096453785896,0.03403421491384506,0.14716202020645142
991,-0.8798913359642029,-0.9082819223403931,0.015389655716717243,0.013000919483602047,0.1471220701932907
992,-0.8858028054237366,-1.0483253002166748,0.08044794201850891,0.08207456022500992,0.14708203077316284
993,-0.8411070704460144,-0.882007896900177,0.021203983575105667,0.01969681680202484,0.1470421701669693
994,-0.8512307405471802,-0.9123554825782776,0.029612401500344276,0.0315123051404953,0.14700201153755188
995,-0.8465943336486816,-0.8965724110603333,0.023522300645709038,0.02645578421652317,0.14696159958839417
996,-0.5913322567939758,-0.6324845552444458,0.01748911291360855,0.02366315759718418,0.14692124724388123
997,-0.8819994926452637,-0.9406105279922485,0.02797357738018036,0.030637413263320923,0.1468805968761444
998,-0.8021178245544434,-0.87255859375,0.03150058165192604,0.03894020617008209,0.14684003591537476
999,-0.7405136823654175,-0.7796974778175354,0.020426074042916298,0.01875767856836319,0.14679956436157227
1000,-0.788536548614502,-0.897279679775238,0.054562266916036606,0.05418089032173157,0.14675919711589813
1001,-0.8939452767372131,-0.9522567987442017,0.030504995957016945,0.02780652977526188,0.14671874046325684
1002,-0.8276839256286621,-0.8802535533905029,0.023925820365548134,0.028643790632486343,0.14667844772338867
1003,-0.7758146524429321,-0.8084767460823059,0.013765284791588783,0.018896792083978653,0.14663831889629364
1004,-0.6345551013946533,-0.6623964309692383,0.012897219508886337,0.014944133348762989,0.1465977281332016
1005,-0.6799870133399963,-0.7485839128494263,0.033907681703567505,0.03468924015760422,0.14655685424804688
1006,-0.8550903797149658,-0.9005489945411682,0.022458000108599663,0.023000625893473625,0.1465158313512802
1007,-0.5715041160583496,-0.6739773750305176,0.045524053275585175,0.056949175894260406,0.14647497236728668
1008,-0.8902225494384766,-0.9521300196647644,0.032389141619205475,0.02951829694211483,0.14643430709838867
1009,-0.6564322113990784,-0.6912824511528015,0.01539020799100399,0.019460009410977364,0.14639422297477722
1010,-0.6917207837104797,-0.759528398513794,0.0352957583963871,0.032511819154024124,0.14635415375232697
1011,-0.6897050142288208,-0.7711227536201477,0.03984242305159569,0.041575320065021515,0.14631395041942596
1012,-0.7419769763946533,-0.8040093779563904,0.03028739243745804,0.03174498677253723,0.14627382159233093
1013,-0.85109543800354,-0.9037714004516602,0.02546769194304943,0.027208298444747925,0.1462336629629135
1014,-0.8527400493621826,-0.9258760213851929,0.03704019635915756,0.03609577566385269,0.14619387686252594
1015,-0.7979461550712585,-0.8487182855606079,0.024269353598356247,0.026502802968025208,0.1461544781923294
1016,-0.8797867298126221,-0.9526858925819397,0.035460054874420166,0.037439100444316864,0.1461145281791687
1017,-0.8659310936927795,-0.9387161731719971,0.03453117981553078,0.03825392574071884,0.14607413113117218
1018,-0.706506073474884,-0.7521851658821106,0.02160140685737133,0.024077733978629112,0.14603421092033386
1019,-0.7144539952278137,-0.7621694207191467,0.02260778099298477,0.02510760724544525,0.14599421620368958
1020,-0.8888404965400696,-0.9294083714485168,0.01830420270562172,0.022263674065470695,0.1459541618824005
1021,-0.9091431498527527,-0.9439308643341064,0.01742793619632721,0.017359808087348938,0.14591455459594727
1022,-0.7542322278022766,-0.8339235782623291,0.03639319911599159,0.04329812526702881,0.1458749920129776
1023,-0.9065930247306824,-0.9435622096061707,0.016674846410751343,0.02029437944293022,0.14583538472652435
1024,-0.8726767301559448,-0.9865384101867676,0.05358746647834778,0.06027422845363617,0.14579559862613678
1025,-0.879327654838562,-0.9430546164512634,0.028390586376190186,0.03533639386296272,0.14575563371181488
1026,-0.8241588473320007,-0.9152065515518188,0.04435628652572632,0.046691425144672394,0.14571592211723328
1027,-0.8525489568710327,-0.9206305146217346,0.03213977813720703,0.03594178706407547,0.14567597210407257
1028,-0.8467230796813965,-0.8908283710479736,0.020080039277672768,0.024025265127420425,0.14563603699207306
1029,-0.7379502654075623,-0.838874101638794,0.055420346558094025,0.04550350457429886,0.14559626579284668
1030,-0.9383047819137573,-1.0332332849502563,0.046023592352867126,0.04890492185950279,0.14555642008781433
1031,-0.8989310264587402,-0.9492847919464111,0.024992845952510834,0.02536093443632126,0.14551660418510437
1032,-0.8263893723487854,-0.8936057090759277,0.029155351221561432,0.03806095942854881,0.14547663927078247
1033,-0.8542769551277161,-0.9102189540863037,0.02586919441819191,0.030072789639234543,0.14543651044368744
1034,-0.7902733683586121,-0.8372899293899536,0.025859147310256958,0.02115746960043907,0.14539621770381927
1035,-0.733250617980957,-0.8119223117828369,0.03980717062950134,0.038864489644765854,0.1453557312488556
1036,-0.7085898518562317,-0.7655142545700073,0.026734063401818275,0.030190343037247658,0.14531536400318146
1037,-0.8966891169548035,-0.964012861251831,0.03538159281015396,0.031942155212163925,0.145274817943573
1038,-0.9424315690994263,-1.0077732801437378,0.03128407523036003,0.03405759483575821,0.14523446559906006
1039,-0.8760669231414795,-0.9399721622467041,0.02679898776113987,0.037106264382600784,0.14519405364990234
1040,-0.8327807188034058,-0.9248937368392944,0.042068567126989365,0.050044458359479904,0.14515379071235657
1041,-0.807549774646759,-0.8675143122673035,0.03013637103140354,0.029828209429979324,0.14511355757713318
1042,-0.8398613333702087,-0.925531268119812,0.03505564481019974,0.05061427876353264,0.1450738161802292
1043,-1.0025153160095215,-1.0440558195114136,0.019858896732330322,0.021681595593690872,0.14503414928913116
1044,-0.8418349027633667,-0.9965730905532837,0.07494277507066727,0.07979541271924973,0.1449943631887436
1045,-0.9361523389816284,-1.0494009256362915,0.05923507735133171,0.05401350557804108,0.1449548304080963
1046,-0.7063794732093811,-0.7829150557518005,0.037381257861852646,0.03915437310934067,0.14491522312164307
1047,-0.8189442157745361,-0.9147320985794067,0.047734327614307404,0.048053592443466187,0.14487524330615997
1048,-0.9440863728523254,-1.0086297988891602,0.031186478212475777,0.033356986939907074,0.14483501017093658
1049,-1.049704670906067,-1.128880262374878,0.035731617361307144,0.043443869799375534,0.1447945535182953
1050,-0.9417827129364014,-1.0928120613098145,0.06807586550712585,0.08295344561338425,0.1447538584470749
1051,-0.7637720704078674,-0.815599262714386,0.02186502143740654,0.02996218204498291,0.14471320807933807
1052,-0.8453046083450317,-0.9324578046798706,0.04555424675345421,0.04159897565841675,0.14467252790927887
1053,-0.6970675587654114,-0.7427956461906433,0.01602337509393692,0.029704716056585312,0.14463239908218384
1054,-0.884423017501831,-0.9578429460525513,0.03726614639163017,0.03615376353263855,0.14459212124347687
1055,-0.8640914559364319,-0.9445796608924866,0.03688225522637367,0.043605923652648926,0.1445518583059311
1056,-0.7429736852645874,-0.8468723297119141,0.053896043449640274,0.05000259727239609,0.14451172947883606
1057,-0.7628907561302185,-0.8313087821006775,0.03166257217526436,0.03675541654229164,0.14447163045406342
1058,-0.7874781489372253,-0.8413482904434204,0.024835987016558647,0.029034143313765526,0.14443181455135345
1059,-0.7380411028862,-0.8606782555580139,0.06514270603656769,0.05749444663524628,0.14439192414283752
1060,-0.719517171382904,-0.783694863319397,0.03256874531507492,0.03160891681909561,0.14435184001922607
1061,-0.8247899413108826,-0.9186654686927795,0.04658970236778259,0.04728586599230766,0.14431136846542358
1062,-0.7196974158287048,-0.8054766058921814,0.04570550099015236,0.0400736927986145,0.1442708820104599
1063,-0.7857617735862732,-0.8584113121032715,0.03182699903845787,0.04082253947854042,0.14423029124736786
1064,-0.9866659641265869,-1.0134267807006836,0.012937336228787899,0.013823488727211952,0.14418984949588776
1065,-0.7570796012878418,-0.8154882192611694,0.024272797629237175,0.03413582593202591,0.14414939284324646
1066,-0.8264343738555908,-0.8889488577842712,0.031561076641082764,0.030953435227274895,0.14410889148712158
1067,-0.9175896048545837,-0.9638226628303528,0.019605958834290504,0.026627102866768837,0.14406822621822357
1068,-0.8322765827178955,-0.9132900834083557,0.03933802247047424,0.041675448417663574,0.14402788877487183
1069,-0.7534750699996948,-0.8642723560333252,0.04724084585905075,0.06355641782283783,0.14398716390132904
1070,-0.8889502286911011,-0.9429268836975098,0.02626587264239788,0.027710767462849617,0.1439465433359146
1071,-0.8042194247245789,-0.8404927253723145,0.015210334211587906,0.02106299437582493,0.1439066231250763
1072,-0.7758414149284363,-0.9113945364952087,0.06607405841350555,0.0694790631532669,0.14386668801307678
1073,-0.8122997879981995,-0.9080051779747009,0.04514208808541298,0.0505632609128952,0.14382654428482056
1074,-0.9263421893119812,-0.973665714263916,0.0218453798443079,0.02547810971736908,0.14378628134727478
1075,-0.955051839351654,-1.0168750286102295,0.03200904279947281,0.029814116656780243,0.14374646544456482
1076,-0.9417746663093567,-0.9978894591331482,0.027931418269872665,0.028183385729789734,0.14370690286159515
1077,-0.9785714149475098,-1.0705788135528564,0.04167754575610161,0.050329796969890594,0.1436673104763031
1078,-0.7040258646011353,-0.7874595522880554,0.03848414868116379,0.04494950547814369,0.14362798631191254
1079,-0.9622811675071716,-1.0160273313522339,0.027713168412446976,0.026032989844679832,0.14358873665332794
1080,-0.9108625650405884,-0.9913926124572754,0.03792228549718857,0.04260776564478874,0.14354917407035828
1081,-0.6405303478240967,-0.6831233501434326,0.021834537386894226,0.020758474245667458,0.14351016283035278
1082,-0.8717741966247559,-0.8959037065505981,0.011268990114331245,0.012860564514994621,0.14347147941589355
1083,-0.8008635640144348,-0.879962146282196,0.03938036412000656,0.03971821814775467,0.14343278110027313
1084,-0.9447290897369385,-1.0038291215896606,0.030880969017744064,0.028219074010849,0.14339402318000793
1085,-0.9319145679473877,-0.9850810170173645,0.023725446313619614,0.029440980404615402,0.1433548480272293
1086,-0.8616706132888794,-0.9575059413909912,0.046258095651865005,0.04957722872495651,0.14331591129302979
1087,-0.7843325138092041,-0.9124371409416199,0.055285073816776276,0.07281956076622009,0.14327707886695862
1088,-0.8254950046539307,-0.9110806584358215,0.03864460065960884,0.046941012144088745,0.1432381272315979
1089,-0.6539998650550842,-0.7337011694908142,0.035352904349565506,0.044348444789648056,0.1431993693113327
1090,-0.9086213111877441,-1.0171171426773071,0.052043359726667404,0.05645245313644409,0.14315998554229736
1091,-0.8630319237709045,-0.9218844771385193,0.027752267196774483,0.031100254505872726,0.1431206315755844
1092,-0.9654210805892944,-1.053286075592041,0.04509256035089493,0.04277243837714195,0.14308106899261475
1093,-0.89913409948349,-0.987993597984314,0.04301175847649574,0.04584769159555435,0.1430414915084839
1094,-1.074288010597229,-1.1185725927352905,0.023741791024804115,0.02054278925061226,0.14300204813480377
1095,-0.7973469495773315,-0.843059241771698,0.02398400753736496,0.02172829583287239,0.14296269416809082
1096,-0.8839038610458374,-0.9678322076797485,0.043948084115982056,0.03998027369379997,0.14292359352111816
1097,-0.7266690135002136,-0.7749398946762085,0.02513021230697632,0.023140665143728256,0.14288468658924103
1098,-0.8973687291145325,-0.9561168551445007,0.025795890018343925,0.032952241599559784,0.14284534752368927
1099,-0.8134744763374329,-0.8937522768974304,0.04083295911550522,0.03944484144449234,0.14280565083026886
1100,-0.8643725514411926,-0.9308689832687378,0.030703555792570114,0.035792894661426544,0.1427658498287201
1101,-0.9696033596992493,-1.022838830947876,0.021981701254844666,0.031253740191459656,0.1427256315946579
1102,-0.9072719812393188,-0.9516609311103821,0.02071237750351429,0.023676590994000435,0.14268498122692108
1103,-0.7809272408485413,-0.8340507745742798,0.025404905900359154,0.02771860733628273,0.14264434576034546
1104,-0.793380618095398,-0.8425638675689697,0.025756727904081345,0.023426547646522522,0.14260371029376984
1105,-0.9200829863548279,-0.9777214527130127,0.02824374847114086,0.029394755139946938,0.14256316423416138
1106,-0.7680315971374512,-0.8561951518058777,0.04069133475422859,0.04747221991419792,0.14252260327339172
1107,-1.1213096380233765,-1.1808542013168335,0.02755565382540226,0.03198883682489395,0.14248235523700714
1108,-1.0966131687164307,-1.1599724292755127,0.02946505881845951,0.03389421105384827,0.14244231581687927
1109,-0.8844414949417114,-0.947386622428894,0.026369113475084305,0.036576028913259506,0.14240217208862305
1110,-0.9877638816833496,-1.0260041952133179,0.01838085427880287,0.019859416410326958,0.14236201345920563
1111,-0.8793143630027771,-0.9293603897094727,0.023942522704601288,0.026103496551513672,0.1423220932483673
1112,-0.7854533791542053,-0.8731932640075684,0.039597004652023315,0.04814283549785614,0.14228197932243347
1113,-0.8719485402107239,-0.9465366005897522,0.03685678169131279,0.03773128613829613,0.14224186539649963
1114,-0.8934826254844666,-0.9753061532974243,0.03277571499347687,0.04904780164361,0.14220131933689117
1115,-0.824745774269104,-0.8890104293823242,0.03124723769724369,0.03301740437746048,0.14216060936450958
1116,-0.9631645083427429,-1.0296664237976074,0.028696956112980843,0.037804897874593735,0.1421203911304474
1117,-0.8238417506217957,-0.8937588334083557,0.03469899669289589,0.03521805256605148,0.14208073914051056
1118,-0.6989983916282654,-0.7426334023475647,0.022019363939762115,0.021615637466311455,0.14204135537147522
1119,-0.7631772756576538,-0.8285254240036011,0.029423106461763382,0.03592503070831299,0.1420018970966339
1120,-0.8851926326751709,-0.9492477774620056,0.02989809773862362,0.034157007932662964,0.14196252822875977
1121,-0.6190043091773987,-0.6695746183395386,0.02622545138001442,0.024344852194190025,0.14192353188991547
1122,-0.8322761654853821,-0.872015118598938,0.017157647758722305,0.022581251338124275,0.14188481867313385
1123,-0.865569531917572,-0.9165831208229065,0.025040464475750923,0.025973116979002953,0.14184615015983582
1124,-0.8757883310317993,-0.9244533777236938,0.023597968742251396,0.025067109614610672,0.14180709421634674
1125,-0.7921749353408813,-0.8547751903533936,0.02835855633020401,0.0342416949570179,0.14176803827285767
1126,-0.8805788159370422,-0.9793699979782104,0.05137696862220764,0.04741425812244415,0.1417291760444641
1127,-0.9531525373458862,-1.0019925832748413,0.024324823170900345,0.024515192955732346,0.14169038832187653
1128,-0.9735480546951294,-1.0218214988708496,0.023481182754039764,0.024792280048131943,0.14165206253528595
1129,-0.7158108353614807,-0.8576031923294067,0.07031664997339249,0.07147566974163055,0.14161384105682373
1130,-0.938913881778717,-0.9844304919242859,0.022508786991238594,0.023007817566394806,0.14157545566558838
1131,-0.9771552681922913,-1.0439507961273193,0.027447491884231567,0.03934808820486069,0.14153726398944855
1132,-0.863499641418457,-0.91773921251297,0.025680486112833023,0.028559116646647453,0.1414988934993744
1133,-0.9415905475616455,-0.9945961236953735,0.025127721950411797,0.027877874672412872,0.1414605677127838
1134,-0.9658040404319763,-1.0384174585342407,0.02914881706237793,0.04346461221575737,0.1414223313331604
1135,-0.6971266269683838,-0.767296314239502,0.036316853016614914,0.03385281562805176,0.1413840353488922
1136,-1.006521463394165,-1.0444393157958984,0.018217986449599266,0.01969984918832779,0.14134624600410461
1137,-0.6942496299743652,-0.7612456679344177,0.03010803833603859,0.03688797354698181,0.14130869507789612
1138,-0.6679194569587708,-0.7083395719528198,0.02131958119571209,0.01910054311156273,0.14127092063426971
1139,-0.9604271054267883,-0.9952135682106018,0.016712624579668045,0.01807383820414543,0.1412331759929657
1140,-0.9041156768798828,-0.969457745552063,0.03388566896319389,0.03145640343427658,0.1411953568458557
1141,-0.7034955620765686,-0.755894124507904,0.02769208699464798,0.02470647171139717,0.14115750789642334
1142,-0.6762453317642212,-0.7448994517326355,0.03227393329143524,0.036380164325237274,0.14111952483654022
1143,-0.7542307376861572,-0.8646299242973328,0.05582848936319351,0.054570671170949936,0.14108163118362427
1144,-0.7377658486366272,-0.8212940692901611,0.03505634516477585,0.048471853137016296,0.14104367792606354
1145,-0.7687127590179443,-0.804348349571228,0.017329761758446693,0.01830582320690155,0.14100565016269684
1146,-0.7775790095329285,-0.8830600380897522,0.05008199065923691,0.05539907142519951,0.1409672200679779
1147,-0.6875964999198914,-0.7916069626808167,0.04347788169980049,0.06053255498409271,0.14092910289764404
1148,-0.8353593945503235,-0.9092747569084167,0.03780128434300423,0.03611407428979874,0.1408907026052475
1149,-0.7825654149055481,-0.8704570531845093,0.04378102347254753,0.044110603630542755,0.14085260033607483
1150,-0.7911946773529053,-0.9009323716163635,0.04987950623035431,0.05985820293426514,0.1408146172761917
1151,-0.8808130621910095,-0.9226258993148804,0.019330507144331932,0.02248235233128071,0.14077699184417725
1152,-0.9029571413993835,-0.9948384761810303,0.045060113072395325,0.046821221709251404,0.14073938131332397
1153,-0.9987974166870117,-1.0632710456848145,0.030621156096458435,0.033852458000183105,0.14070163667201996
1154,-0.9378904104232788,-0.9683995246887207,0.015670008957386017,0.014839092269539833,0.14066381752490997
1155,-0.933690071105957,-0.9816760420799255,0.021041685715317726,0.026944290846586227,0.14062654972076416
1156,-0.9353932738304138,-1.0053151845932007,0.03568773716688156,0.0342341810464859,0.1405889391899109
1157,-0.8662891387939453,-0.9275586605072021,0.02728833258152008,0.03398120403289795,0.14055144786834717
1158,-0.7585058212280273,-0.8128436207771301,0.02396119385957718,0.030376633629202843,0.14051376283168793
1159,-0.8041930794715881,-0.8689272999763489,0.026884038001298904,0.03785019367933273,0.14047612249851227
1160,-0.5815490484237671,-0.8736714124679565,0.1495659500360489,0.14255644381046295,0.14043836295604706
1161,-0.748190701007843,-0.8301223516464233,0.03467318415641785,0.04725846275687218,0.14040029048919678
1162,-0.8449416160583496,-0.8843710422515869,0.019220568239688873,0.020208826288580894,0.14036224782466888
1163,-0.8175448179244995,-0.9201882481575012,0.04621381312608719,0.05642959475517273,0.14032410085201263
1164,-0.8354518413543701,-0.9026340246200562,0.032084520906209946,0.0350976400077343,0.14028632640838623
1165,-0.8750824928283691,-0.9449924230575562,0.03315480053424835,0.036755114793777466,0.14024849236011505
1166,-0.8807502388954163,-0.9649918675422668,0.03645697981119156,0.04778463393449783,0.14021062850952148
1167,-0.8454144597053528,-0.917113721370697,0.03873634338378906,0.032962922006845474,0.14017252624034882
1168,-0.7573758959770203,-0.8001811504364014,0.02102714404463768,0.02177809178829193,0.14013414084911346
1169,-0.7019418478012085,-0.7576040029525757,0.025489874184131622,0.030172277241945267,0.14009574055671692
1170,-0.8277839422225952,-0.8742750883102417,0.02275271713733673,0.023738428950309753,0.14005747437477112
1171,-0.8983986973762512,-0.9573704600334167,0.028843017295002937,0.030128732323646545,0.14001913368701935
1172,-0.7393131256103516,-0.801826000213623,0.030445704236626625,0.03206716477870941,0.13998053967952728
1173,-0.8856499195098877,-0.9495404958724976,0.033216435462236404,0.030674148350954056,0.13994234800338745
1174,-1.050752878189087,-1.095365047454834,0.022409461438655853,0.022202786058187485,0.13990409672260284
1175,-0.8906779289245605,-0.9301048517227173,0.014192838221788406,0.025234131142497063,0.13986608386039734
1176,-0.8850448131561279,-0.9809572100639343,0.04538993909955025,0.050522468984127045,0.13982830941677094
1177,-0.855327308177948,-0.9355995059013367,0.03808717057108879,0.04218503460288048,0.13979049026966095
1178,-0.884456992149353,-0.9472664594650269,0.03187505155801773,0.030934393405914307,0.13975238800048828
1179,-0.7950507402420044,-0.8443394303321838,0.01908561773598194,0.03020305372774601,0.13971440494060516
1180,-0.8259878754615784,-0.9194200038909912,0.04691998288035393,0.046512119472026825,0.1396760791540146
1181,-0.6089051365852356,-0.6915883421897888,0.04059160128235817,0.04209161549806595,0.13963823020458221
1182,-0.7820461392402649,-0.8263762593269348,0.025603115558624268,0.018727030605077744,0.1396002620458603
1183,-0.7680637240409851,-0.832948625087738,0.032554131001234055,0.03233076259493828,0.13956250250339508
1184,-0.9924610257148743,-1.0886147022247314,0.05005098879337311,0.046102702617645264,0.13952484726905823
1185,-0.8071786761283875,-0.8691703081130981,0.03126447647809982,0.030727125704288483,0.13948673009872437
1186,-0.9140475988388062,-1.0103847980499268,0.04968975484371185,0.04664743319153786,0.13944856822490692
1187,-0.8020926713943481,-0.860834002494812,0.02442668192088604,0.03431461378931999,0.13941046595573425
1188,-1.0016117095947266,-1.0564942359924316,0.025164086371660233,0.029718421399593353,0.1393725872039795
1189,-0.7474640607833862,-0.8396525382995605,0.04471144452691078,0.04747700318694115,0.13933461904525757
1190,-1.1195321083068848,-1.1811401844024658,0.030251627787947655,0.03135640174150467,0.13929712772369385
1191,-0.9419518709182739,-1.0010976791381836,0.0276152603328228,0.03153054788708687,0.13925977051258087
1192,-0.7122341990470886,-0.7975069880485535,0.04344168305397034,0.04183105379343033,0.13922235369682312
1193,-0.9342472553253174,-0.9961798191070557,0.029864460229873657,0.032068103551864624,0.13918493688106537
1194,-0.8681512475013733,-0.9853182435035706,0.05556506663560867,0.06160193309187889,0.13914743065834045
1195,-0.6990720629692078,-0.8252020478248596,0.06233722344040871,0.06379275768995285,0.1391099989414215
1196,-0.767231822013855,-0.8730732202529907,0.055103108286857605,0.050738245248794556,0.13907311856746674
1197,-0.836270272731781,-0.8998173475265503,0.02540489286184311,0.03814222663640976,0.13903596997261047
1198,-0.7441724538803101,-0.8073428273200989,0.030532270669937134,0.03263804689049721,0.1389988362789154
1199,-0.8211020827293396,-0.9196195006370544,0.04784630239009857,0.050671085715293884,0.13896185159683228
1200,-0.7358852624893188,-0.9905856847763062,0.1290147602558136,0.1256856620311737,0.13892439007759094
1201,-1.0673243999481201,-1.171651840209961,0.04815167933702469,0.05617574602365494,0.1388874053955078
1202,-0.6316356658935547,-0.7306224703788757,0.04465843364596367,0.05432840436697006,0.1388506144285202
1203,-0.6925164461135864,-0.7101467847824097,0.008897831663489342,0.008732524700462818,0.1388138383626938
1204,-0.8521910309791565,-0.9382247924804688,0.040801092982292175,0.04523264244198799,0.13877730071544647
1205,-0.8847131729125977,-0.9757096767425537,0.04125814884901047,0.049738336354494095,0.13874055445194244
1206,-0.8214206099510193,-0.8892683982849121,0.034945908933877945,0.03290189057588577,0.1387040764093399
1207,-0.9414656162261963,-0.9884463548660278,0.021427441388368607,0.02555329166352749,0.13866771757602692
1208,-0.9803699851036072,-1.0847227573394775,0.04829522222280502,0.05605752021074295,0.13863125443458557
1209,-0.7117319107055664,-0.8170880079269409,0.051805466413497925,0.05355061963200569,0.13859480619430542
1210,-0.7479411363601685,-0.8705266714096069,0.0594390444457531,0.06314647942781448,0.138558030128479
1211,-0.7625396847724915,-0.8281798362731934,0.024008886888623238,0.04163126274943352,0.13852131366729736
1212,-1.0133734941482544,-1.0430349111557007,0.013461962342262268,0.016199463978409767,0.13848476111888885
1213,-1.0564990043640137,-1.1337783336639404,0.03759417310357094,0.03968514874577522,0.13844837248325348
1214,-0.9322627186775208,-0.9819744825363159,0.02166377380490303,0.028047960251569748,0.13841240108013153
1215,-0.9259229302406311,-1.0139609575271606,0.040190547704696655,0.04784747213125229,0.1383766531944275
1216,-0.8635131120681763,-0.9142423868179321,0.02201138436794281,0.02871788665652275,0.13834074139595032
1217,-0.8712334632873535,-0.9287023544311523,0.031476445496082306,0.025992443785071373,0.13830508291721344
1218,-0.7325544357299805,-0.8225071430206299,0.040994275361299515,0.048958390951156616,0.1382693499326706
1219,-0.9904395341873169,-1.0306130647659302,0.01855485513806343,0.021618738770484924,0.13823363184928894
1220,-0.7503558397293091,-0.8079129457473755,0.02554173581302166,0.03201538324356079,0.13819772005081177
1221,-0.7122852802276611,-0.7555326819419861,0.016430260613560677,0.02681715600192547,0.13816224038600922
1222,-0.7443229556083679,-0.7816135287284851,0.01896473579108715,0.018325887620449066,0.13812673091888428
1223,-0.5275955200195312,-0.5984720587730408,0.03473595529794693,0.036140549927949905,0.13809145987033844
1224,-0.9873775839805603,-1.0148355960845947,0.012656819075345993,0.014801221899688244,0.1380557119846344
1225,-0.7601202726364136,-0.794582724571228,0.01554681733250618,0.018915636464953423,0.13802021741867065
1226,-0.7340478897094727,-0.8515838980674744,0.05611968785524368,0.061416301876306534,0.1379842907190323
1227,-0.8376764059066772,-0.9654366970062256,0.06455343216657639,0.06320683658123016,0.13794857263565063
1228,-0.9534483551979065,-1.005124807357788,0.02574334107339382,0.025933098047971725,0.1379125714302063
1229,-0.8718050122261047,-0.9454085826873779,0.030926985666155815,0.04267655313014984,0.13787618279457092
1230,-0.9213690757751465,-0.9574731588363647,0.018371015787124634,0.017733069136738777,0.13783995807170868
1231,-0.6973643898963928,-0.797062873840332,0.05003330856561661,0.04966515675187111,0.137803852558136
1232,-0.8898489475250244,-0.9231402277946472,0.01678524725139141,0.01650598831474781,0.13776707649230957
1233,-0.8627499341964722,-0.9536851644515991,0.04807022958993912,0.04286498576402664,0.13773028552532196
1234,-0.6987162232398987,-0.7495843172073364,0.023180050775408745,0.02768804505467415,0.13769352436065674
1235,-0.8246954083442688,-0.9139866232872009,0.045300960540771484,0.04399026930332184,0.13765734434127808
1236,-0.8998434543609619,-0.9400405883789062,0.015858545899391174,0.024338580667972565,0.13762108981609344
1237,-0.9112973213195801,-0.9904817342758179,0.032113730907440186,0.0470707006752491,0.1375848650932312
1238,-0.8816269040107727,-0.9964304566383362,0.0587017796933651,0.05610180273652077,0.1375485360622406
1239,-0.8472378253936768,-0.9171059131622314,0.03678852692246437,0.033079538494348526,0.13751207292079926
1240,-0.7617937326431274,-0.8521430492401123,0.04198538511991501,0.04836389422416687,0.1374751776456833
1241,-0.8223462700843811,-0.9014403820037842,0.040510065853595734,0.03858404606580734,0.13743813335895538
1242,-0.8710298538208008,-0.9880865216255188,0.05524866282939911,0.06180799752473831,0.1374003142118454
1243,-0.78482586145401,-0.9040743708610535,0.05909130349755287,0.060157183557748795,0.13736261427402496
1244,-1.0378005504608154,-1.0834410190582275,0.023099223151803017,0.02254125475883484,0.13732454180717468
1245,-0.7991888523101807,-0.9258109331130981,0.06194900721311569,0.06467306613922119,0.1372862607240677
1246,-0.6942655444145203,-0.7916200160980225,0.04934358596801758,0.04801088944077492,0.13724753260612488
1247,-0.8431714177131653,-0.8998225927352905,0.03177270293235779,0.024878449738025665,0.137208953499794
1248,-0.9473788738250732,-1.0264029502868652,0.04003022983670235,0.03899384289979935,0.13717076182365417
1249,-0.8296722173690796,-0.9089476466178894,0.03492273390293121,0.04435271769762039,0.1371326893568039
1250,-0.8159126043319702,-0.868863046169281,0.026489906013011932,0.026460517197847366,0.13709436357021332
1251,-0.9271916151046753,-1.0055898427963257,0.03369852900505066,0.04469965398311615,0.13705608248710632
1252,-0.623214066028595,-0.686465322971344,0.0274953693151474,0.035755857825279236,0.1370181292295456
1253,-0.7792589664459229,-0.8800774216651917,0.04810166731476784,0.052716776728630066,0.13698022067546844
1254,-0.5693404674530029,-0.6058717370033264,0.01685994304716587,0.019671304151415825,0.1369425505399704
1255,-0.5280230045318604,-0.6044044494628906,0.03210454806685448,0.04427691176533699,0.1369052678346634
1256,-0.7703492641448975,-0.7999413013458252,0.01565546542406082,0.013936562463641167,0.13686800003051758
1257,-0.7456181645393372,-0.8387259244918823,0.05041477084159851,0.04269295558333397,0.13683101534843445
1258,-0.9253804683685303,-0.9786357283592224,0.022014204412698746,0.031241044402122498,0.1367941051721573
1259,-0.8124327659606934,-0.8995487093925476,0.04028809815645218,0.04682782292366028,0.1367572396993637
1260,-0.8919756412506104,-0.995246410369873,0.04394286125898361,0.05932788923382759,0.1367202252149582
1261,-0.8501625657081604,-0.9014748930931091,0.024978842586278915,0.026333536952733994,0.1366834193468094
1262,-0.7060818076133728,-0.7586601972579956,0.02423885464668274,0.028339577838778496,0.1366467922925949
1263,-0.9185325503349304,-0.9741494655609131,0.02596312388777733,0.029653800651431084,0.1366102695465088
1264,-0.942081093788147,-1.0290284156799316,0.03904816880822182,0.04789912700653076,0.13657371699810028
1265,-0.8767452239990234,-0.9667062759399414,0.04687447100877762,0.04308658465743065,0.13653725385665894
1266,-0.9593222737312317,-0.9964674711227417,0.014885030686855316,0.02226017601788044,0.13650065660476685
1267,-0.6991856694221497,-0.7565990686416626,0.023895680904388428,0.03351769596338272,0.1364644318819046
1268,-0.5369881987571716,-0.6109182834625244,0.03404141962528229,0.03988867998123169,0.13642795383930206
1269,-0.8674660325050354,-0.9222735166549683,0.029216185212135315,0.02559133619070053,0.1363918036222458
1270,-1.1152833700180054,-1.1850148439407349,0.03178662806749344,0.037944767624139786,0.13635586202144623
1271,-1.1032768487930298,-1.1664888858795166,0.028369901701807976,0.034842103719711304,0.13631971180438995
1272,-0.9164503812789917,-1.006639838218689,0.04167553037405014,0.04851391911506653,0.13628333806991577
1273,-0.9259830117225647,-0.9735179543495178,0.021205510944128036,0.02632948011159897,0.13624665141105652
1274,-0.878006637096405,-0.9266685843467712,0.024712536484003067,0.02394939959049225,0.13620933890342712
1275,-0.8278310298919678,-0.9212433099746704,0.04298305884003639,0.05042920634150505,0.1361716389656067
1276,-0.8586363196372986,-0.962975025177002,0.042602866888046265,0.06173580512404442,0.13613392412662506
1277,-0.8430539965629578,-0.8765960335731506,0.018323954194784164,0.015218094922602177,0.13609619438648224
1278,-0.8455171585083008,-0.934235692024231,0.04363249987363815,0.04508601129055023,0.13605836033821106
1279,-0.6245166063308716,-0.7087690830230713,0.043743446469306946,0.040509045124053955,0.136020690202713
1280,-0.7492648363113403,-0.8193332552909851,0.033161528408527374,0.03690691664814949,0.13598306477069855
1281,-0.5104126930236816,-0.5614349842071533,0.027090301737189293,0.02393197827041149,0.13594576716423035
1282,-0.8351921439170837,-0.8778471946716309,0.018931373953819275,0.023723656311631203,0.13590899109840393
1283,-0.7760368585586548,-0.8702989816665649,0.043335627764463425,0.05092650279402733,0.1358724683523178
1284,-0.8725897669792175,-0.9475427865982056,0.03570042550563812,0.03925260156393051,0.13583612442016602
1285,-0.8193926215171814,-0.8590285778045654,0.018777264282107353,0.020858727395534515,0.13579979538917542
1286,-0.8363317251205444,-0.9311685562133789,0.04723288118839264,0.047603968530893326,0.13576357066631317
1287,-0.8169146180152893,-0.8821609616279602,0.031864117830991745,0.03338222578167915,0.1357274055480957
1288,-0.8368624448776245,-1.0112428665161133,0.08075814694166183,0.09362228214740753,0.13569092750549316
1289,-0.8716241717338562,-0.9528568387031555,0.039853621274232864,0.04137905314564705,0.13565421104431152
1290,-0.7171124219894409,-0.8160454034805298,0.04816350340843201,0.05076947063207626,0.13561785221099854
1291,-0.7650909423828125,-0.8260860443115234,0.027311209589242935,0.0336839035153389,0.13558132946491241
1292,-0.8964064717292786,-0.9206930994987488,0.011740069836378098,0.012546535581350327,0.13554511964321136
1293,-0.9254024028778076,-1.0252747535705566,0.04914503172039986,0.050727300345897675,0.13550880551338196
1294,-0.8549550771713257,-0.920125424861908,0.0327896773815155,0.03238067030906677,0.13547278940677643
1295,-0.9298790097236633,-1.028479814529419,0.04647718369960785,0.05212360620498657,0.13543646037578583
1296,-0.9033592939376831,-0.9470430612564087,0.02168804034590721,0.02199573814868927,0.1353999674320221
1297,-0.8821324706077576,-0.9406261444091797,0.03360585868358612,0.024887796491384506,0.13536377251148224
1298,-0.7256765365600586,-0.8487017750740051,0.05499769374728203,0.06802752614021301,0.13532766699790955
1299,-0.9934514164924622,-1.0370944738388062,0.019825128838419914,0.023817982524633408,0.13529111444950104
1300,-0.5809077024459839,-0.6713129281997681,0.04508525878190994,0.04531995952129364,0.13525477051734924
1301,-0.8273738026618958,-0.8805933594703674,0.024389564990997314,0.028829989954829216,0.13521847128868103
1302,-0.8280255794525146,-0.9254852533340454,0.04545076936483383,0.05200895294547081,0.13518214225769043
1303,-0.874855101108551,-0.919872522354126,0.019505182281136513,0.025512229651212692,0.13514623045921326
1304,-0.7008662819862366,-0.7690191268920898,0.03516104817390442,0.03299183398485184,0.13511015474796295
1305,-0.5756215453147888,-0.6566265821456909,0.03944685682654381,0.041558198630809784,0.13507427275180817
1306,-0.7387430667877197,-0.7794283628463745,0.02119619771838188,0.019489113241434097,0.13503876328468323
1307,-0.7766669988632202,-0.8310151100158691,0.027545545250177383,0.026802510023117065,0.13500311970710754
1308,-0.8988468050956726,-0.9612718820571899,0.03145593777298927,0.03096916899085045,0.13496726751327515
1309,-1.0190918445587158,-1.1246803998947144,0.045959144830703735,0.05962944030761719,0.1349312961101532
1310,-0.7162163853645325,-0.7665092349052429,0.019379492849111557,0.030913371592760086,0.13489533960819244
1311,-0.612988293170929,-0.6779289245605469,0.026962239295244217,0.037978388369083405,0.1348593831062317
1312,-1.0224635601043701,-1.0827645063400269,0.026685167104005814,0.03361579403281212,0.13482354581356049
1313,-0.810763955116272,-0.8594693541526794,0.023992540314793587,0.02471286430954933,0.1347881555557251
1314,-0.8407848477363586,-0.9508756399154663,0.05194827541708946,0.05814256891608238,0.13475275039672852
1315,-1.1144264936447144,-1.1742416620254517,0.02635153941810131,0.03346359357237816,0.1347172111272812
1316,-0.7096149325370789,-0.7749829888343811,0.028760496526956558,0.036607589572668076,0.13468162715435028
1317,-0.6031911969184875,-0.658564567565918,0.024470580741763115,0.0309028010815382,0.13464614748954773
1318,-0.8700477480888367,-0.9208998680114746,0.02521049976348877,0.025641636922955513,0.13461075723171234
1319,-0.6513365507125854,-0.7594074010848999,0.05293497443199158,0.05513583496212959,0.13457538187503815
1320,-0.7415398359298706,-0.8013973236083984,0.02857252024114132,0.031285010278224945,0.13454028964042664
1321,-0.7003880143165588,-0.764160692691803,0.028274543583393097,0.035498131066560745,0.13450510799884796
1322,-0.6777593493461609,-0.7655883431434631,0.04171442613005638,0.04611458629369736,0.13447003066539764
1323,-0.9043971300125122,-0.9838687181472778,0.041619520634412766,0.03785203769803047,0.13443489372730255
1324,-0.6281357407569885,-0.6506847143173218,0.007227374240756035,0.015321610495448112,0.1343994140625
1325,-0.9263842701911926,-0.9659078121185303,0.017055155709385872,0.022468414157629013,0.1343638300895691
1326,-0.8234859108924866,-0.9076794981956482,0.03891373053193092,0.0452798530459404,0.13432849943637848
1327,-0.7017659544944763,-0.7996150255203247,0.05089598149061203,0.04695308953523636,0.13429343700408936
1328,-1.0387728214263916,-1.1390084028244019,0.0506732203066349,0.04956229403614998,0.13425792753696442
1329,-0.9606196880340576,-1.0266062021255493,0.03165383264422417,0.03433271497488022,0.13422229886054993
1330,-0.8489276170730591,-0.9788476824760437,0.06422311067581177,0.06569695472717285,0.1341870129108429
1331,-0.7675634026527405,-0.8115443587303162,0.019758490845561028,0.02422250621020794,0.13415156304836273
1332,-0.6714503169059753,-0.7444580793380737,0.030755357816815376,0.04225241765379906,0.13411609828472137
1333,-1.0109403133392334,-1.102400541305542,0.03742977976799011,0.05403044819831848,0.1340804249048233
1334,-0.9855546355247498,-1.037627100944519,0.0252719447016716,0.026800578460097313,0.13404472172260284
1335,-0.8021570444107056,-0.9602969288825989,0.06717564165592194,0.09096423536539078,0.13400842249393463
1336,-0.8649933934211731,-0.9060986638069153,0.01799270510673523,0.023112595081329346,0.13397175073623657
1337,-1.3637020587921143,-1.4236911535263062,0.028942573815584183,0.031046519055962563,0.13393527269363403
1338,-0.6969355344772339,-0.7584012746810913,0.030196253210306168,0.03126946836709976,0.13389891386032104
1339,-0.84200119972229,-0.8826439380645752,0.016901932656764984,0.02374083548784256,0.1338624209165573
1340,-0.7936604022979736,-0.8740655779838562,0.03429647535085678,0.046108730137348175,0.13382616639137268
1341,-1.001826286315918,-1.0425779819488525,0.020545683801174164,0.020205918699502945,0.13378986716270447
1342,-0.8357634544372559,-0.9138780832290649,0.035044558346271515,0.043070100247859955,0.13375426828861237
1343,-0.7953261137008667,-0.8605666160583496,0.03472793102264404,0.030512550845742226,0.13371850550174713
1344,-0.7574282288551331,-0.8058542013168335,0.023486534133553505,0.024939440190792084,0.13368260860443115
1345,-0.6086390018463135,-0.6437337398529053,0.015586634166538715,0.01950812339782715,0.13364706933498383
1346,-0.740924060344696,-0.8398193717002869,0.05092136561870575,0.047973934561014175,0.13361190259456635
1347,-0.6574086546897888,-0.9418039321899414,0.14521199464797974,0.13918329775333405,0.13357670605182648
1348,-0.950452446937561,-1.034286618232727,0.037523601204156876,0.04631057381629944,0.13354158401489258
1349,-0.9766584634780884,-1.0445353984832764,0.03432133048772812,0.03355559706687927,0.13350681960582733
1350,-0.8510370850563049,-0.9089398384094238,0.028362378478050232,0.029540356248617172,0.13347215950489044
1351,-1.2749935388565063,-1.3566821813583374,0.03704160824418068,0.04464703053236008,0.1334378570318222
1352,-1.1426095962524414,-1.2323817014694214,0.04063946753740311,0.0491325706243515,0.13340340554714203
1353,-0.7053145170211792,-0.8111046552658081,0.049679554998874664,0.05611058324575424,0.13336913287639618
1354,-0.8671156167984009,-1.0081346035003662,0.06508525460958481,0.07593372464179993,0.1333346962928772
1355,-0.8914042115211487,-0.9619240164756775,0.028098562732338905,0.04242120310664177,0.13330021500587463
1356,-0.929634690284729,-1.0202096700668335,0.04261790215969086,0.04795705899596214,0.13326579332351685
1357,-0.753334641456604,-0.8233007192611694,0.03366568312048912,0.03630043566226959,0.13323132693767548
1358,-0.726455807685852,-0.8039834499359131,0.03715306520462036,0.040374547243118286,0.1331966072320938
1359,-0.8147271871566772,-0.8973926901817322,0.036251503974199295,0.04641404747962952,0.1331619918346405
1360,-0.5955327153205872,-0.6539121270179749,0.02517561987042427,0.033203769475221634,0.13312721252441406
1361,-0.9006946682929993,-0.9664996862411499,0.0295061357319355,0.03629889339208603,0.13309235870838165
1362,-0.7457147240638733,-0.8068782091140747,0.03369361162185669,0.027469856664538383,0.1330580711364746
1363,-1.0552655458450317,-1.1148591041564941,0.02582566626369953,0.03376791626214981,0.13302361965179443
1364,-0.756081223487854,-0.868310272693634,0.048686396330595016,0.0635426938533783,0.13298921287059784
1365,-1.1049028635025024,-1.138195514678955,0.015537423081696033,0.0177552979439497,0.13295423984527588
1366,-0.9070223569869995,-0.9542380571365356,0.023050930351018906,0.024164795875549316,0.1329195350408554
1367,-0.6530193090438843,-0.723181962966919,0.03101232834160328,0.03915027156472206,0.13288477063179016
1368,-0.9684311151504517,-1.010300874710083,0.01543229166418314,0.02643747627735138,0.13284942507743835
1369,-0.816868245601654,-0.9124593138694763,0.04406420513987541,0.051526859402656555,0.13281433284282684
1370,-0.9293156862258911,-0.9727652668952942,0.018105030059814453,0.02534455992281437,0.1327793151140213
1371,-0.8869048357009888,-0.9917776584625244,0.05313071608543396,0.0517420619726181,0.13274411857128143
1372,-0.970820963382721,-1.0376992225646973,0.03187581151723862,0.03500240296125412,0.13270880281925201
1373,-0.6745074391365051,-0.7598130106925964,0.034282319247722626,0.05102322995662689,0.13267336785793304
1374,-0.8950246572494507,-0.9948449730873108,0.042724478989839554,0.057095855474472046,0.13263766467571259
1375,-1.0782560110092163,-1.1321148872375488,0.0223491583019495,0.03150971233844757,0.13260199129581451
1376,-0.9217990636825562,-1.0269804000854492,0.046633876860141754,0.05854741483926773,0.13256652653217316
1377,-0.827910840511322,-0.9154812693595886,0.038246333599090576,0.04932407662272453,0.13253161311149597
1378,-0.5926547050476074,-0.6688395738601685,0.03710625320672989,0.03907857835292816,0.13249704241752625
1379,-0.6882213950157166,-0.7538927793502808,0.030895553529262543,0.034775879234075546,0.13246268033981323
1380,-1.0229164361953735,-1.1450300216674805,0.06320419907569885,0.058909401297569275,0.13242915272712708
1381,-0.8519634008407593,-0.9457756280899048,0.04827035963535309,0.04554188624024391,0.13239514827728271
1382,-0.8736113905906677,-1.001412034034729,0.06735751777887344,0.06044309586286545,0.13236099481582642
1383,-0.8131462931632996,-0.9377382397651672,0.060202378779649734,0.06438957154750824,0.1323266327381134
1384,-1.1135814189910889,-1.194916009902954,0.04682399332523346,0.034510623663663864,0.1322917491197586
1385,-0.9934254884719849,-1.0561784505844116,0.03326963260769844,0.02948330156505108,0.13225698471069336
1386,-0.8188285827636719,-0.9021492004394531,0.03987545892596245,0.043445196002721786,0.1322222501039505
1387,-0.7106139659881592,-0.7475929260253906,0.016343913972377777,0.02063504420220852,0.13218820095062256
1388,-1.0267082452774048,-1.1002572774887085,0.037899091839790344,0.0356498658657074,0.13215385377407074
1389,-0.8247697353363037,-0.8663913607597351,0.020370706915855408,0.021250905469059944,0.13211920857429504
1390,-0.7784126996994019,-0.8644711375236511,0.042318761348724365,0.04373965412378311,0.132084459066391
1391,-0.7337672710418701,-0.8887698650360107,0.08308715373277664,0.07191541790962219,0.13204963505268097
1392,-0.9924188256263733,-1.057281494140625,0.02569524385035038,0.03916744887828827,0.13201437890529633
1393,-0.785098135471344,-0.9432553648948669,0.07722058892250061,0.08093662559986115,0.13197900354862213
1394,-1.0763534307479858,-1.1978782415390015,0.05180273577570915,0.06972204893827438,0.13194358348846436
1395,-0.8899295330047607,-0.9960039854049683,0.04851771146059036,0.05755675211548805,0.1319083571434021
1396,-0.4672204256057739,-0.5488438010215759,0.03993804007768631,0.04168533533811569,0.13187332451343536
1397,-0.7875017523765564,-0.8446191549301147,0.030526502057909966,0.026590893045067787,0.13183842599391937
1398,-0.705826997756958,-0.7512175440788269,0.020367128774523735,0.025023408234119415,0.1318037360906601
1399,-0.9477604627609253,-1.0264564752578735,0.0387694276869297,0.039926595985889435,0.13176867365837097
1400,-0.9132868647575378,-0.975395917892456,0.0316799096763134,0.03042915090918541,0.13173332810401917
1401,-0.8536154627799988,-0.9246259331703186,0.02666415087878704,0.044346340000629425,0.13169828057289124
1402,-0.7524265050888062,-0.7852287292480469,0.013334687799215317,0.019467545673251152,0.13166318833827972
1403,-0.8043249845504761,-0.867118775844574,0.030914325267076492,0.03187950700521469,0.13162831962108612
1404,-0.8982720375061035,-0.957341730594635,0.030165137723088264,0.028904585167765617,0.1315937042236328
1405,-0.7876705527305603,-0.8729161024093628,0.04585762321949005,0.039387933909893036,0.13155947625637054
1406,-0.6059640049934387,-0.6637240648269653,0.03300846368074417,0.02475161850452423,0.1315256655216217
1407,-0.9342042803764343,-0.9872027039527893,0.022966058924794197,0.03003232181072235,0.13149170577526093
1408,-0.9760172367095947,-1.0264430046081543,0.02133486047387123,0.029090864583849907,0.1314573884010315
1409,-0.8860042691230774,-0.955203652381897,0.029958980157971382,0.039240408688783646,0.13142289221286774
1410,-0.974131166934967,-1.0432970523834229,0.03296220675110817,0.036203671246767044,0.13138826191425323
1411,-0.8296895623207092,-0.9538582563400269,0.04512085020542145,0.07904785126447678,0.13135331869125366
1412,-0.7687708139419556,-0.824645459651947,0.02528582327067852,0.030588798224925995,0.13131849467754364
1413,-0.9828579425811768,-1.0517632961273193,0.03704391419887543,0.03186141327023506,0.13128343224525452
1414,-0.8008751273155212,-0.8632396459579468,0.028201552107930183,0.03416292741894722,0.13124850392341614
1415,-1.1178513765335083,-1.1608850955963135,0.02106333151459694,0.02197035774588585,0.1312134861946106
1416,-0.812449038028717,-0.8685052394866943,0.025135232135653496,0.03092096373438835,0.13117842376232147
1417,-0.8524700403213501,-0.9077626466751099,0.022419139742851257,0.032873451709747314,0.13114362955093384
1418,-0.96799635887146,-1.0407891273498535,0.03657865151762962,0.036214087158441544,0.1311086118221283
1419,-0.7737036943435669,-0.8417338132858276,0.03819558396935463,0.029834479093551636,0.1310739517211914
1420,-0.8560469150543213,-0.9887112379074097,0.05993413180112839,0.07273019850254059,0.1310396045446396
1421,-0.895504891872406,-0.9335584044456482,0.016618825495243073,0.021434646099805832,0.13100503385066986
1422,-0.6836281418800354,-0.7689526677131653,0.04055256024003029,0.04477197676897049,0.13097058236598969
1423,-0.764477014541626,-0.8839975595474243,0.05905265361070633,0.060467906296253204,0.13093583285808563
1424,-0.6750608682632446,-0.7456157207489014,0.03252222388982773,0.0380326472222805,0.1309010237455368
1425,-0.8762715458869934,-0.9567610621452332,0.03891119733452797,0.04157830774784088,0.1308663934469223
1426,-0.8913637399673462,-0.9592239856719971,0.0321231372654438,0.03573710843920708,0.13083188235759735
1427,-0.5518271923065186,-0.5839556455612183,0.015728924423456192,0.016399474814534187,0.13079804182052612
1428,-0.6049772500991821,-0.6696997880935669,0.033559586852788925,0.03116297349333763,0.13076427578926086
1429,-0.8025517463684082,-0.8892749547958374,0.040665097534656525,0.04605810344219208,0.1307305246591568
1430,-0.8925126194953918,-0.9462401270866394,0.025959959253668785,0.02776752971112728,0.13069643080234528
1431,-0.6917734146118164,-0.7624216079711914,0.03349987417459488,0.03714831545948982,0.13066230714321136
1432,-0.7358343601226807,-0.8373119831085205,0.047006841748952866,0.054470788687467575,0.13062836229801178
1433,-0.9506290555000305,-1.003798007965088,0.025360295549035072,0.027808640152215958,0.13059450685977936
1434,-1.0705947875976562,-1.146501898765564,0.03602705895900726,0.03988005965948105,0.1305610090494156
1435,-0.8319271802902222,-0.8975033760070801,0.028898756951093674,0.03667740523815155,0.13052718341350555
1436,-0.9426080584526062,-1.0291862487792969,0.03927085921168327,0.047307323664426804,0.13049298524856567
1437,-0.8532722592353821,-0.9314168691635132,0.037055663764476776,0.04108894243836403,0.13045912981033325
1438,-1.0111976861953735,-1.0717331171035767,0.02509620413184166,0.035439200699329376,0.1304248869419098
1439,-0.8126182556152344,-0.9090010523796082,0.050963640213012695,0.04541914165019989,0.1303904503583908
1440,-0.9633433222770691,-1.0458070039749146,0.031425490975379944,0.0510382205247879,0.13035596907138824
1441,-0.8938103318214417,-0.9450563788414001,0.02294055186212063,0.02830548584461212,0.13032151758670807
1442,-0.7190695405006409,-0.8009927868843079,0.04196766018867493,0.03995557129383087,0.13028712570667267
1443,-0.7106813192367554,-0.8425073027610779,0.06610940396785736,0.06571659445762634,0.13025270402431488
1444,-1.108748435974121,-1.1909995079040527,0.03082628734409809,0.051424767822027206,0.1302182674407959
1445,-0.7243089079856873,-0.8096356391906738,0.04378578066825867,0.04154093936085701,0.13018430769443512
1446,-0.85474693775177,-0.9485963582992554,0.04119023680686951,0.052659157663583755,0.13015036284923553
1447,-1.1158665418624878,-1.1674997806549072,0.024373948574066162,0.027259182184934616,0.130116268992424
1448,-0.9294998049736023,-1.0266705751419067,0.044085998088121414,0.05308479815721512,0.13008235394954681
1449,-0.8551836609840393,-0.9499751925468445,0.0408448688685894,0.05394664779305458,0.13004806637763977
1450,-0.9991133809089661,-1.0873041152954102,0.037357281893491745,0.05083342641592026,0.13001367449760437
1451,-0.8798367381095886,-0.9640244245529175,0.04317931458353996,0.04100832715630531,0.12997905910015106
1452,-0.756390392780304,-0.8059364557266235,0.02564672939479351,0.023899301886558533,0.12994451820850372
1453,-0.8498154878616333,-0.910979151725769,0.02603706531226635,0.03512662649154663,0.129910409450531
1454,-0.6522510051727295,-0.7980361580848694,0.07363350689411163,0.07215169072151184,0.12987612187862396
1455,-0.7336854934692383,-0.8221113085746765,0.038338497281074524,0.05008731782436371,0.1298414170742035
1456,-1.0117958784103394,-1.100184440612793,0.03987862914800644,0.04850996658205986,0.12980662286281586
1457,-0.7098841667175293,-0.8120478391647339,0.04791419208049774,0.054249461740255356,0.12977193295955658
1458,-0.935950756072998,-1.0119593143463135,0.03570569306612015,0.04030288755893707,0.12973719835281372
1459,-0.7863699197769165,-0.8833789229393005,0.04027017205953598,0.05673886090517044,0.12970228493213654
1460,-1.0940507650375366,-1.141454815864563,0.020353885367512703,0.027050159871578217,0.12966765463352203
1461,-0.9983615279197693,-1.076027750968933,0.039137180894613266,0.03852911293506622,0.12963281571865082
1462,-0.9889938831329346,-1.1388969421386719,0.06420465558767319,0.08569837361574173,0.1295977383852005
1463,-1.0606119632720947,-1.1223472356796265,0.026737255975604057,0.03499799966812134,0.12956282496452332
1464,-1.0393840074539185,-1.1083316802978516,0.033985238522291183,0.03496242314577103,0.12952758371829987
1465,-0.723730206489563,-0.7664408087730408,0.01895122043788433,0.023759350180625916,0.12949247658252716
1466,-0.7952947020530701,-0.8626116514205933,0.034974437206983566,0.03234250470995903,0.1294577568769455
1467,-0.9164021015167236,-0.9868147969245911,0.03431716933846474,0.03609547019004822,0.1294230967760086
1468,-0.9115250110626221,-1.0496413707733154,0.06402778625488281,0.07408855855464935,0.12938836216926575
1469,-0.6362254023551941,-0.7260482311248779,0.05186914652585983,0.03795367479324341,0.12935349345207214
1470,-0.8354262113571167,-0.9336016178131104,0.049093469977378845,0.049081891775131226,0.1293184459209442
1471,-1.1249569654464722,-1.2728583812713623,0.07021168619394302,0.07768979668617249,0.1292833536863327
1472,-0.8030768632888794,-0.893184244632721,0.04541490226984024,0.04469244182109833,0.12924835085868835
1473,-0.8141418099403381,-0.8753288984298706,0.02908388525247574,0.03210320696234703,0.12921328842639923
1474,-0.7277733683586121,-0.793647050857544,0.03387220948934555,0.03200148046016693,0.12917859852313995
1475,-0.8992470502853394,-0.9880590438842773,0.03963369503617287,0.04917829856276512,0.12914423644542694
1476,-0.9176979660987854,-0.949283242225647,0.014215818606317043,0.017369424924254417,0.12910960614681244
1477,-0.9605324268341064,-1.0407180786132812,0.04010799899697304,0.04007767140865326,0.1290750354528427
1478,-0.8845649361610413,-0.947837233543396,0.02751222997903824,0.035760022699832916,0.1290404200553894
1479,-1.0576316118240356,-1.149397373199463,0.04246898368000984,0.04929670691490173,0.12900590896606445
1480,-1.0996394157409668,-1.1649329662322998,0.03689972683787346,0.028393832966685295,0.12897099554538727
1481,-0.7905648350715637,-0.8113706707954407,0.011968550272285938,0.008837281726300716,0.1289360672235489
1482,-0.8652300834655762,-0.9522984027862549,0.04895427078008652,0.03811407834291458,0.12890097498893738
1483,-1.0521225929260254,-1.0871555805206299,0.014810096472501755,0.020222879946231842,0.1288658231496811
1484,-0.8257861733436584,-0.8762254118919373,0.02466844953596592,0.025770775973796844,0.12883073091506958
1485,-0.879997193813324,-0.9326212406158447,0.02730850875377655,0.025315511971712112,0.12879621982574463
1486,-0.9990115165710449,-1.07593834400177,0.035348258912563324,0.04157852753996849,0.12876152992248535
1487,-0.9077478647232056,-1.2307238578796387,0.16109877824783325,0.16187724471092224,0.12872666120529175
1488,-0.8513306975364685,-0.9633879065513611,0.049742139875888824,0.062315043061971664,0.12869161367416382
1489,-0.7429454922676086,-0.8494136929512024,0.05087992921471596,0.055588237941265106,0.1286567598581314
1490,-0.687133252620697,-0.7477096319198608,0.030222980305552483,0.030353453010320663,0.12862183153629303
1491,-0.8317054510116577,-0.9189927577972412,0.04190356284379959,0.045383721590042114,0.12858662009239197
1492,-0.8215862512588501,-0.8731682896614075,0.024357831105589867,0.027224190533161163,0.12855134904384613
1493,-1.055511236190796,-1.1095266342163086,0.026343483477830887,0.02767189033329487,0.12851610779762268
1494,-0.9254661798477173,-1.0738979578018188,0.07132343202829361,0.07710836827754974,0.1284809559583664
1495,-1.1229424476623535,-1.1804795265197754,0.028579341247677803,0.028957735747098923,0.1284455507993698
1496,-0.7964977622032166,-0.8555939197540283,0.03164779767394066,0.027448361739516258,0.12841010093688965
1497,-0.94252610206604,-1.0055798292160034,0.03459464758634567,0.02845904789865017,0.12837480008602142
1498,-0.778066873550415,-0.8451478481292725,0.03182610124349594,0.035254888236522675,0.1283397078514099
1499,-0.7061020135879517,-0.7944483160972595,0.04396317899227142,0.04438310116529465,0.12830455601215363
1500,-0.8975167870521545,-1.056990146636963,0.08152415603399277,0.07794921100139618,0.1282692849636078
1501,-0.7665976285934448,-0.8259634375572205,0.03223711997270584,0.02712872624397278,0.12823443114757538
1502,-0.9951183199882507,-1.0523898601531982,0.025467989966273308,0.031803540885448456,0.12819969654083252
1503,-1.1499334573745728,-1.1979318857192993,0.018637150526046753,0.029361246153712273,0.12816525995731354
1504,-0.7595893144607544,-0.8048662543296814,0.021904395893216133,0.023372523486614227,0.12813091278076172
1505,-0.9439001679420471,-1.0099256038665771,0.03400910645723343,0.03201635926961899,0.12809628248214722
1506,-0.9167886972427368,-1.0202686786651611,0.05581760033965111,0.04766238108277321,0.12806174159049988
1507,-0.8567120432853699,-0.9661336541175842,0.05313321575522423,0.05628844350576401,0.12802745401859283
1508,-0.8802257776260376,-1.001791000366211,0.061867229640483856,0.059697993099689484,0.12799285352230072
1509,-0.7789644598960876,-0.8633326292037964,0.037254225462675095,0.04711394011974335,0.1279577612876892
1510,-0.8678343296051025,-0.9293110370635986,0.03067297488451004,0.030803747475147247,0.12792271375656128
1511,-0.8345515727996826,-0.9241355061531067,0.04589123651385307,0.04369267821311951,0.12788783013820648
1512,-0.7079047560691833,-0.7671979665756226,0.028503861278295517,0.030789371579885483,0.12785319983959198
1513,-0.8159664869308472,-0.8840751647949219,0.029248317703604698,0.03886040300130844,0.12781906127929688
1514,-0.8781214952468872,-0.9666610360145569,0.0434744693338871,0.04506506770849228,0.12778489291667938
1515,-0.9834003448486328,-1.046081781387329,0.033080484718084335,0.02960100583732128,0.12775090336799622
1516,-1.2116390466690063,-1.3142218589782715,0.04287061095237732,0.05971211940050125,0.12771691381931305
1517,-0.8233823776245117,-0.8866852521896362,0.03328550606966019,0.030017387121915817,0.1276833713054657
1518,-0.9705290794372559,-1.0264016389846802,0.024188652634620667,0.03168394789099693,0.1276503950357437
1519,-1.0316078662872314,-1.1702806949615479,0.056898314505815506,0.08177448809146881,0.12761719524860382
1520,-1.280896544456482,-1.3299980163574219,0.0254933163523674,0.023608170449733734,0.12758395075798035
1521,-0.9163217544555664,-1.0047210454940796,0.041807882487773895,0.0465913787484169,0.12755082547664642
1522,-0.89500892162323,-0.9963805079460144,0.047175996005535126,0.05419555678963661,0.12751728296279907
1523,-0.9383271932601929,-1.0134221315383911,0.03293098136782646,0.04216396063566208,0.1274845451116562
1524,-0.9123448133468628,-1.0011593103408813,0.041390955448150635,0.04742351174354553,0.1274520605802536
1525,-0.950930118560791,-1.0207444429397583,0.036849334836006165,0.03296500816941261,0.12741918861865997
1526,-0.7974295616149902,-0.9066388607025146,0.051360320299863815,0.05784899741411209,0.12738598883152008
1527,-0.6899427175521851,-0.77252596616745,0.04514053463935852,0.03744267672300339,0.1273525506258011
1528,-0.9226366281509399,-1.0359222888946533,0.05412955954670906,0.05915610119700432,0.12731903791427612
1529,-0.8416183590888977,-0.8831158876419067,0.019100148230791092,0.022397387772798538,0.12728558480739594
1530,-0.9823533892631531,-1.288865327835083,0.16110539436340332,0.1454065442085266,0.12725187838077545
1531,-0.8732735514640808,-0.9768871068954468,0.045221343636512756,0.058392234146595,0.1272180825471878
1532,-0.7888117432594299,-0.938163161277771,0.0751287043094635,0.07422274351119995,0.12718424201011658
1533,-0.8220592141151428,-0.9135875701904297,0.035598210990428925,0.05593013018369675,0.12715016305446625
1534,-1.0794057846069336,-1.2217161655426025,0.059496089816093445,0.08281433582305908,0.12711593508720398
1535,-0.8287353515625,-0.8795828223228455,0.02066834829747677,0.030179142951965332,0.12708218395709991
1536,-0.8993924856185913,-1.011620044708252,0.05453793331980705,0.057689595967531204,0.12704822421073914
1537,-1.0685383081436157,-1.213701844215393,0.06325513124465942,0.08190830796957016,0.12701430916786194
1538,-1.046636939048767,-1.1578165292739868,0.05035906285047531,0.060820601880550385,0.12698036432266235
1539,-1.1098979711532593,-1.217307209968567,0.05013754591345787,0.05727176368236542,0.1269465535879135
1540,-0.841080367565155,-0.9715749025344849,0.06519007682800293,0.0653044804930687,0.12691271305084229
1541,-1.0760282278060913,-1.1503829956054688,0.029438061639666557,0.044916726648807526,0.1268787384033203
1542,-0.9484789967536926,-1.026731252670288,0.03393789753317833,0.04431439936161041,0.12684468924999237
1543,-0.8008986711502075,-0.9874550104141235,0.08955597877502441,0.09700039029121399,0.12681035697460175
1544,-0.8527775406837463,-0.9157060384750366,0.02991347573697567,0.033014990389347076,0.1267758458852768
1545,-0.9448294639587402,-0.9961550235748291,0.023647410795092583,0.027678104117512703,0.12674137949943542
1546,-0.8815945386886597,-0.9567682147026062,0.03536051884293556,0.03981315717101097,0.1267068237066269
1547,-0.7812877297401428,-0.8408935070037842,0.03101346455514431,0.028592314571142197,0.12667256593704224
1548,-0.43586790561676025,-0.49926868081092834,0.031012481078505516,0.03238828480243683,0.12663878500461578
1549,-0.7680507898330688,-0.8343638181686401,0.03141678497195244,0.03489624708890915,0.1266048103570938
1550,-0.8893569111824036,-0.9842363595962524,0.0447225496172905,0.05015690624713898,0.1265707165002823
1551,-0.8226548433303833,-0.9338930249214172,0.056722622364759445,0.05451555922627449,0.12653671205043793
1552,-1.1156517267227173,-1.1617227792739868,0.02265924960374832,0.02341175265610218,0.1265028566122055
1553,-1.0149145126342773,-1.0966745615005493,0.037283122539520264,0.04447698965668678,0.12646938860416412
1554,-0.8942976593971252,-1.0180468559265137,0.05954493209719658,0.06420429050922394,0.12643592059612274
1555,-1.0879912376403809,-1.2079299688339233,0.053336337208747864,0.06660236418247223,0.12640225887298584
1556,-0.8934951424598694,-0.9523137211799622,0.025211557745933533,0.033606987446546555,0.12636853754520416
1557,-1.0760109424591064,-1.147362470626831,0.03833566978573799,0.03301586955785751,0.12633483111858368
1558,-1.0439445972442627,-1.0871387720108032,0.021685749292373657,0.02150844968855381,0.12630164623260498
1559,-0.9657012820243835,-1.0652222633361816,0.046322718262672424,0.05319825932383537,0.12626861035823822
1560,-0.902932345867157,-0.9554976224899292,0.02831324376165867,0.024252085015177727,0.1262352615594864
1561,-0.7659233212471008,-0.8925793170928955,0.060036394745111465,0.06661957502365112,0.12620161473751068
1562,-0.7551374435424805,-0.8560786247253418,0.04927995055913925,0.05166125297546387,0.1261679232120514
1563,-0.9749388098716736,-1.1484789848327637,0.08261076360940933,0.09092943370342255,0.12613429129123688
1564,-0.9875003099441528,-1.067216396331787,0.040223877876996994,0.03949222341179848,0.12610064446926117
1565,-0.8171730041503906,-0.9207302927970886,0.060700468719005585,0.04285678267478943,0.12606680393218994
1566,-0.7415814399719238,-0.8639830350875854,0.060647353529930115,0.0617542564868927,0.12603305280208588
1567,-0.6340135335922241,-0.8822066783905029,0.12289771437644958,0.12529541552066803,0.1259993463754654
1568,-0.9096235036849976,-1.0068222284317017,0.04173516482114792,0.05546356737613678,0.12596507370471954
1569,-0.8555939197540283,-0.955809473991394,0.0399487130343914,0.06026685982942581,0.12593095004558563
1570,-0.9368714690208435,-1.0714495182037354,0.061185676604509354,0.07339233160018921,0.12589691579341888
1571,-1.1486749649047852,-1.3118696212768555,0.07496961951255798,0.08822506666183472,0.12586240470409393
1572,-1.0136840343475342,-1.1086504459381104,0.048736635595560074,0.046229682862758636,0.12582798302173615
1573,-1.048577904701233,-1.1855578422546387,0.0576009675860405,0.07937891036272049,0.12579330801963806
1574,-0.8914188146591187,-0.9861124157905579,0.047373704612255096,0.04731990024447441,0.1257590353488922
1575,-0.8382121324539185,-0.867339015007019,0.012904557399451733,0.016222326084971428,0.1257254034280777
1576,-0.9042124152183533,-0.9597756266593933,0.03124304488301277,0.024320170283317566,0.12569177150726318
1577,-1.1414220333099365,-1.293768286705017,0.07179231941699982,0.08055383712053299,0.125657856464386
1578,-0.6446128487586975,-0.7322762608528137,0.04387276619672775,0.043790657073259354,0.12562358379364014
1579,-0.6175095438957214,-0.7410520911216736,0.05861862003803253,0.0649239644408226,0.12558911740779877
1580,-1.085209846496582,-1.1683833599090576,0.04500517621636391,0.03816825523972511,0.12555447220802307
1581,-0.9918349385261536,-1.0955910682678223,0.05865978077054024,0.04509631544351578,0.1255197823047638
1582,-0.9914860725402832,-1.055444598197937,0.026088504120707512,0.03787006065249443,0.1254853755235672
1583,-0.8063225150108337,-0.8598322868347168,0.024028724059462547,0.0294810701161623,0.12545140087604523
1584,-0.7696456909179688,-0.8996573090553284,0.05753035098314285,0.07248126715421677,0.12541772425174713
1585,-0.89545077085495,-0.9854750633239746,0.04819314926862717,0.041831135749816895,0.12538453936576843
1586,-0.7417360544204712,-0.8345617055892944,0.0430704765021801,0.049755170941352844,0.12535114586353302
1587,-1.038977861404419,-1.1436243057250977,0.047449201345443726,0.057197194546461105,0.12531717121601105
1588,-0.880446195602417,-0.9540346264839172,0.03790920600295067,0.03567924350500107,0.1252831071615219
1589,-0.7396349310874939,-0.867343544960022,0.06585322320461273,0.06185536086559296,0.12524990737438202
1590,-0.7699196338653564,-0.9337800741195679,0.07346904277801514,0.09039141982793808,0.1252162754535675
1591,-0.8769648671150208,-0.9491415023803711,0.032826509326696396,0.039350152015686035,0.12518315017223358
1592,-0.917017936706543,-1.044140338897705,0.05919991061091423,0.06792247295379639,0.12515005469322205
1593,-0.5584521889686584,-0.6725622415542603,0.05763257294893265,0.05647747218608856,0.12511703372001648
1594,-1.0522335767745972,-1.125579833984375,0.03333863615989685,0.04000762850046158,0.1250838041305542
1595,-1.0254679918289185,-1.1563361883163452,0.06002200022339821,0.07084624469280243,0.12505163252353668
1596,-1.1210156679153442,-1.2426217794418335,0.05804966762661934,0.06355641782283783,0.12501904368400574
1597,-0.9878947734832764,-1.0627444982528687,0.03380298987030983,0.04104676470160484,0.12498641014099121
1598,-1.010232925415039,-1.146875262260437,0.07543076574802399,0.06121158227324486,0.12495378404855728
1599,-0.8814128637313843,-1.0109302997589111,0.056100569665431976,0.07341691106557846,0.12492131441831589
1600,-0.7896521091461182,-0.9581982493400574,0.08104108273983002,0.0875050276517868,0.12488894909620285
1601,-0.8445791602134705,-0.9268845915794373,0.040268827229738235,0.04203660041093826,0.12485628575086594
1602,-0.9310985207557678,-1.0637404918670654,0.06324329972267151,0.06939870864152908,0.12482369691133499
1603,-0.9068185687065125,-0.9894250631332397,0.033167678862810135,0.04943884164094925,0.12479128688573837
1604,-0.9363298416137695,-1.081392765045166,0.07726314663887024,0.06779980659484863,0.12475907057523727
1605,-0.9475520849227905,-1.044269323348999,0.044491175562143326,0.05222606658935547,0.12472623586654663
1606,-1.0750840902328491,-1.2036373615264893,0.06244273483753204,0.06611044704914093,0.12469325959682465
1607,-0.8916804790496826,-0.9607188701629639,0.03335057571530342,0.03568783029913902,0.12466038763523102
1608,-0.8560177087783813,-0.9819959402084351,0.055806852877140045,0.07017135620117188,0.1246277242898941
1609,-0.9665537476539612,-1.0473822355270386,0.028130650520324707,0.05269783362746239,0.12459489703178406
1610,-1.1903254985809326,-1.248079776763916,0.02512352727353573,0.032630812376737595,0.12456177920103073
1611,-0.9461525678634644,-1.0538089275360107,0.04390602186322212,0.06375041604042053,0.12452855706214905
1612,-1.014472484588623,-1.1106011867523193,0.051812224090099335,0.04431654512882233,0.12449512630701065
1613,-0.8614462614059448,-1.0154541730880737,0.07387878000736237,0.08012914657592773,0.12446179986000061
1614,-0.7479642629623413,-0.9272665977478027,0.08651197701692581,0.09279035031795502,0.12442830204963684
1615,-0.7618054747581482,-0.8324079513549805,0.03588005155324936,0.0347224697470665,0.12439505010843277
1616,-0.8000456690788269,-0.9168778657913208,0.0558716282248497,0.06096058338880539,0.12436201423406601
1617,-0.7400506734848022,-0.8623038530349731,0.056091345846652985,0.06616178900003433,0.12432922422885895
1618,-1.0324000120162964,-1.104312777519226,0.0404343381524086,0.0314783975481987,0.12429609149694443
1619,-1.2993797063827515,-1.3584877252578735,0.030102238059043884,0.02900572493672371,0.12426260858774185
1620,-1.1905593872070312,-1.3025280237197876,0.04995397478342056,0.06201465427875519,0.12422972917556763
1621,-0.9895015954971313,-1.0498836040496826,0.024228466674685478,0.03615356609225273,0.1241973266005516
1622,-1.0417673587799072,-1.1497182846069336,0.04650860279798508,0.06144242733716965,0.12416461110115051
1623,-0.8660950660705566,-0.9443495869636536,0.036071229726076126,0.0421832874417305,0.12413184344768524
1624,-0.8544943332672119,-0.9050970077514648,0.025436267256736755,0.025166403502225876,0.12409903109073639
1625,-1.0505058765411377,-1.1580398082733154,0.05109015852212906,0.056443773210048676,0.12406645715236664
1626,-0.8785750865936279,-0.9697423577308655,0.04417187720537186,0.04699543118476868,0.12403406947851181
1627,-0.6923987865447998,-0.823845386505127,0.06223702058196068,0.06920959800481796,0.1240013986825943
1628,-0.8424955010414124,-0.934140682220459,0.03455287590622902,0.0570923276245594,0.12396837770938873
1629,-1.2238354682922363,-1.2798511981964111,0.028909366577863693,0.02710641920566559,0.12393584102392197
1630,-0.7757974863052368,-0.8141849637031555,0.017159951850771904,0.021227538585662842,0.12390322983264923
1631,-1.2108159065246582,-1.2896367311477661,0.030336279422044754,0.04848451167345047,0.1238706186413765
1632,-0.9477705955505371,-1.1651320457458496,0.11129430681467056,0.10606721043586731,0.12383822351694107
1633,-1.2756762504577637,-1.345449447631836,0.031142141669988632,0.03863108158111572,0.12380542606115341
1634,-1.0355781316757202,-1.16155207157135,0.059257570654153824,0.06671634316444397,0.12377239763736725
1635,-0.8824237585067749,-0.9609613418579102,0.031518060714006424,0.04701956734061241,0.12373964488506317
1636,-0.9151399731636047,-1.0028338432312012,0.04248635843396187,0.045207519084215164,0.12370696663856506
1637,-0.9470623135566711,-0.9994831085205078,0.02723519131541252,0.025185585021972656,0.1236744076013565
1638,-1.2048503160476685,-1.2774455547332764,0.03056524507701397,0.042029961943626404,0.12364265322685242
1639,-1.121877670288086,-1.1798248291015625,0.024730704724788666,0.03321649506688118,0.1236104965209961
1640,-0.9156784415245056,-0.9653785824775696,0.023914456367492676,0.025785664096474648,0.12357834726572037
1641,-0.9804053902626038,-1.0512895584106445,0.032444510608911514,0.03843969851732254,0.12354615330696106
1642,-0.8095741868019104,-0.968147337436676,0.08105525374412537,0.07751793414354324,0.12351404875516891
1643,-0.7278238534927368,-0.8030091524124146,0.03541746735572815,0.039767876267433167,0.12348160147666931
1644,-0.7228842377662659,-0.8658138513565063,0.06501027941703796,0.07791929692029953,0.1234494000673294
1645,-0.8573432564735413,-0.9227016568183899,0.029686298221349716,0.03567212074995041,0.12341678887605667
1646,-0.6877623200416565,-0.7675341367721558,0.03808870166540146,0.04168315231800079,0.12338428199291229
1647,-0.8656376600265503,-0.9241862893104553,0.02898569405078888,0.029562976211309433,0.12335169315338135
1648,-0.9452776908874512,-1.0146201848983765,0.030197683721780777,0.039144787937402725,0.12331905215978622
1649,-1.037505865097046,-1.1525096893310547,0.04939688742160797,0.06560689210891724,0.12328670918941498
1650,-1.06277334690094,-1.1833522319793701,0.06384186446666718,0.056737080216407776,0.12325415015220642
1651,-1.1621243953704834,-1.2527587413787842,0.05294666811823845,0.03768761456012726,0.12322168052196503
1652,-0.9571574330329895,-0.9996780157089233,0.017115838825702667,0.02540472522377968,0.12318883836269379
1653,-1.1081873178482056,-1.1728241443634033,0.030739322304725647,0.033897463232278824,0.12315642088651657
1654,-1.0712169408798218,-1.1282010078430176,0.02330097369849682,0.033683113753795624,0.12312374264001846
1655,-1.0193724632263184,-1.1284377574920654,0.047834157943725586,0.06123115122318268,0.12309113144874573
1656,-1.0544593334197998,-1.1791884899139404,0.05645669251680374,0.0682724192738533,0.12305832654237747
1657,-0.9096236228942871,-0.9644807577133179,0.028858203440904617,0.025998957455158234,0.12302570790052414
1658,-0.9733892679214478,-1.082430362701416,0.04470714181661606,0.06433390080928802,0.12299256771802902
1659,-0.9870388507843018,-1.0657093524932861,0.03956904634833336,0.03910147026181221,0.12295996397733688
1660,-0.7405788898468018,-0.8281965851783752,0.03458669036626816,0.053031034767627716,0.12292798608541489
1661,-1.0996150970458984,-1.1987158060073853,0.04002643749117851,0.059074241667985916,0.12289577722549438
1662,-0.862946093082428,-1.115615963935852,0.12512952089309692,0.12754033505916595,0.12286384403705597
1663,-0.7975589632987976,-0.8952765464782715,0.04046280309557915,0.057254765182733536,0.12283197790384293
1664,-0.9301261901855469,-1.085744023323059,0.08059733361005783,0.07502057403326035,0.12279970943927765
1665,-1.0561130046844482,-1.1436127424240112,0.038426462560892105,0.049073226749897,0.12276727706193924
1666,-0.9468061923980713,-1.077470064163208,0.06926856189966202,0.06139529123902321,0.12273487448692322
1667,-0.5379619598388672,-0.6235540509223938,0.04014165326952934,0.04545043408870697,0.12270298600196838
1668,-0.9428071975708008,-1.0183063745498657,0.036724887788295746,0.03877430781722069,0.12267124652862549
1669,-0.9238393902778625,-1.000028371810913,0.03423938527703285,0.041949547827243805,0.12263960391283035
1670,-1.098905086517334,-1.1945291757583618,0.04409990459680557,0.05152417719364166,0.12260782718658447
1671,-0.9614815711975098,-1.060829758644104,0.04881608858704567,0.05053211748600006,0.12257587909698486
1672,-0.6147121787071228,-0.6684102416038513,0.027481257915496826,0.026216791942715645,0.12254408746957779
1673,-0.9785783290863037,-1.143526315689087,0.07832078635692596,0.08662723004817963,0.12251224368810654
1674,-0.8637997508049011,-0.9260953068733215,0.027133822441101074,0.03516172990202904,0.12248079478740692
1675,-1.0800377130508423,-1.1681318283081055,0.03762764111161232,0.05046646669507027,0.1224496066570282
1676,-1.0800002813339233,-1.239715337753296,0.08198358863592148,0.07773151248693466,0.12241822481155396
1677,-0.8338251113891602,-0.9484552145004272,0.05913610756397247,0.05549398064613342,0.12238679826259613
1678,-0.7832360863685608,-0.9971946477890015,0.10526292771100998,0.1086956262588501,0.12235540896654129
1679,-0.9044801592826843,-0.9589294195175171,0.024075942113995552,0.03037334978580475,0.12232384830713272
1680,-1.0042304992675781,-1.0559885501861572,0.021634379401803017,0.03012365847826004,0.12229203432798386
1681,-0.7531683444976807,-0.8252306580543518,0.03517339006066322,0.03688890114426613,0.12226057797670364
1682,-1.238250732421875,-1.2887561321258545,0.022673724219202995,0.0278316717594862,0.12222865968942642
1683,-0.8024623394012451,-0.9125314354896545,0.057851359248161316,0.05221770331263542,0.12219704687595367
1684,-0.9452958703041077,-1.0212355852127075,0.03982677310705185,0.0361129492521286,0.12216643244028091
1685,-0.9087426066398621,-1.1252191066741943,0.10439281910657883,0.11208372563123703,0.12213567644357681
1686,-1.1114002466201782,-1.1798455715179443,0.029415450990200043,0.039029818028211594,0.12210428714752197
1687,-0.7983999252319336,-0.8624996542930603,0.029993141070008278,0.03410663455724716,0.1220732033252716
1688,-0.7621034979820251,-0.8591395616531372,0.04492032900452614,0.05211576074361801,0.12204203754663467
1689,-0.8938883543014526,-1.0439696311950684,0.06167546659708023,0.0884057804942131,0.12201081961393356
1690,-1.298750638961792,-1.3726987838745117,0.03490570932626724,0.039042502641677856,0.12197931855916977
1691,-0.9996092915534973,-1.111069679260254,0.05411346256732941,0.05734690651297569,0.12194826453924179
1692,-1.1099270582199097,-1.186751127243042,0.04101604223251343,0.03580791503190994,0.12191729992628098
1693,-0.810671865940094,-0.9046087265014648,0.051803018897771835,0.04213384911417961,0.12188605964183807
1694,-0.7370283603668213,-0.8621202707290649,0.05877507105469704,0.06631682813167572,0.1218547374010086
1695,-0.7263166904449463,-0.7693129181861877,0.021123006939888,0.021873217076063156,0.12182348221540451
1696,-0.5393196940422058,-0.650374710559845,0.04903968423604965,0.06201537698507309,0.12179214507341385
1697,-1.0798307657241821,-1.1870418787002563,0.054594237357378006,0.05261680483818054,0.12176090478897095
1698,-1.0424492359161377,-1.1208819150924683,0.03362208977341652,0.04481050372123718,0.12172935158014297
1699,-1.0319745540618896,-1.2393510341644287,0.10265401750802994,0.10472245514392853,0.12169734388589859
1700,-0.6936076879501343,-0.8089651465415955,0.05242833495140076,0.06292915344238281,0.1216653436422348
1701,-0.8105888962745667,-0.8925427198410034,0.032529883086681366,0.04942391440272331,0.12163306772708893
1702,-0.8714404702186584,-0.9598231315612793,0.041002824902534485,0.047379858791828156,0.12160041183233261
1703,-0.9602996706962585,-1.085771083831787,0.051369816064834595,0.07410162687301636,0.12156765908002853
1704,-0.9839810132980347,-1.1085822582244873,0.05107898265123367,0.07352221757173538,0.1215347945690155
1705,-1.0895934104919434,-1.1640270948410034,0.0359831266105175,0.03845061734318733,0.12150176614522934
1706,-1.0557184219360352,-1.1090471744537354,0.028928183019161224,0.02440056949853897,0.12146860361099243
1707,-1.1121189594268799,-1.1841109991073608,0.03143267706036568,0.040559422224760056,0.12143599987030029
1708,-1.0351197719573975,-1.0955175161361694,0.02354896254837513,0.03684872388839722,0.12140380591154099
1709,-1.1684727668762207,-1.286952018737793,0.058349210768938065,0.060130007565021515,0.12137139588594437
1710,-0.9244541525840759,-1.0469002723693848,0.060178242623806,0.06226788088679314,0.12133898586034775
1711,-1.1303941011428833,-1.1917579174041748,0.028026262298226357,0.033337585628032684,0.12130685150623322
1712,-1.1371428966522217,-1.2032030820846558,0.03167577460408211,0.034384384751319885,0.12127446383237839
1713,-1.0877399444580078,-1.1676177978515625,0.03507307171821594,0.044804804027080536,0.12124243378639221
1714,-1.2505500316619873,-1.2914223670959473,0.01636442169547081,0.02450793795287609,0.12121006101369858
1715,-0.7517893314361572,-0.8360298275947571,0.04125604405999184,0.04298441857099533,0.1211775541305542
1716,-1.0958353281021118,-1.268490195274353,0.08095536381006241,0.09169946610927582,0.12114551663398743
1717,-0.8856850266456604,-0.9811646342277527,0.05010069161653519,0.04537893086671829,0.12111346423625946
1718,-0.7494982481002808,-0.8093838691711426,0.03141746297478676,0.028468145057559013,0.12108147144317627
1719,-1.2219082117080688,-1.3188639879226685,0.04613817110657692,0.05081761255860329,0.12104914337396622
1720,-0.9404569864273071,-1.0112000703811646,0.03680017963051796,0.03394290432333946,0.12101659178733826
1721,-1.0849565267562866,-1.1798726320266724,0.044128693640232086,0.05078749731183052,0.12098387628793716
1722,-0.8095495700836182,-1.0015952587127686,0.07527448236942291,0.11677122861146927,0.12095139920711517
1723,-0.9161977171897888,-1.0169930458068848,0.049531396478414536,0.05126390606164932,0.12091890722513199
1724,-1.111374020576477,-1.1676242351531982,0.02777557447552681,0.028474658727645874,0.12088671326637268
1725,-0.7575269341468811,-0.8301214575767517,0.03835654258728027,0.034237973392009735,0.12085457891225815
1726,-0.5489686727523804,-0.7837966084480286,0.11443133652210236,0.12039658427238464,0.12082257121801376
1727,-0.9253301024436951,-1.0222927331924438,0.04545679688453674,0.05150587856769562,0.12079086154699326
1728,-1.2637901306152344,-1.3259943723678589,0.028816184028983116,0.03338798135519028,0.12075935304164886
1729,-1.159706950187683,-1.2556076049804688,0.04458797350525856,0.05131266638636589,0.12072745710611343
1730,-0.829555869102478,-0.9034159183502197,0.033109135925769806,0.04075091332197189,0.12069582939147949
1731,-0.9012717008590698,-1.0367108583450317,0.06646712124347687,0.06897204369306564,0.12066394835710526
1732,-0.5785409212112427,-0.6804909706115723,0.04232003912329674,0.05963004007935524,0.12063216418027878
1733,-0.8895137310028076,-0.9652408361434937,0.03576882928609848,0.03995829075574875,0.12060027569532394
1734,-0.9256115555763245,-1.0744163990020752,0.07609064131975174,0.07271421700716019,0.12056787312030792
1735,-0.7854063510894775,-0.9923922419548035,0.10078989714384079,0.10619599372148514,0.12053550779819489
1736,-0.9354763627052307,-1.041988730430603,0.04710571467876434,0.05940663442015648,0.12050318717956543
1737,-0.8713635802268982,-0.9339656829833984,0.02916223183274269,0.03343988209962845,0.12047106772661209
1738,-1.1466070413589478,-1.2732900381088257,0.06175348162651062,0.06492951512336731,0.12043881416320801
1739,-0.8633741140365601,-0.9393527507781982,0.036019474267959595,0.03995919227600098,0.12040668725967407
1740,-1.0213125944137573,-1.08756685256958,0.030064061284065247,0.036190133541822433,0.12037448585033417
1741,-1.0431489944458008,-1.1781262159347534,0.060921333730220795,0.07405595481395721,0.12034240365028381
1742,-0.9347342252731323,-0.9700799584388733,0.01714159920811653,0.018204133957624435,0.12031064927577972
1743,-1.1233012676239014,-1.2423707246780396,0.048054635524749756,0.07101483643054962,0.1202787235379219
1744,-0.9084683656692505,-1.0382542610168457,0.0712391585111618,0.05854672193527222,0.12024667114019394
1745,-0.924640417098999,-1.0681759119033813,0.05918179452419281,0.08435371518135071,0.12021493911743164
1746,-1.3385071754455566,-1.4165929555892944,0.03603954240679741,0.0420461967587471,0.12018301337957382
1747,-0.9443569779396057,-1.0692877769470215,0.05501171201467514,0.06991906464099884,0.12015092372894287
1748,-0.9900200963020325,-1.0734384059906006,0.04365338012576103,0.03976491466164589,0.12011941522359848
1749,-0.9703429937362671,-1.0444812774658203,0.03458713740110397,0.039551131427288055,0.1200881153345108
1750,-0.5360192060470581,-0.6805651187896729,0.05652535706758499,0.08802059292793274,0.1200561672449112
1751,-0.6746781468391418,-0.753624677658081,0.03613617271184921,0.04281037300825119,0.12002483010292053
1752,-1.0108642578125,-1.064908742904663,0.022427596151828766,0.03161690756678581,0.11999407410621643
1753,-1.026459813117981,-1.118056297302246,0.044426023960113525,0.04717055708169937,0.11996334791183472
1754,-0.46011120080947876,-0.5805720686912537,0.059120673686265945,0.06134020537137985,0.11993288993835449
1755,-0.7522281408309937,-0.8669244647026062,0.04500266909599304,0.0696936771273613,0.11990215629339218
1756,-0.7019152641296387,-0.8214013576507568,0.04882511869072914,0.07066095620393753,0.11987122893333435
1757,-0.8524438738822937,-0.9552353024482727,0.046925995498895645,0.05586542934179306,0.11984039843082428
1758,-0.8994983434677124,-1.0280219316482544,0.060600630939006805,0.0679229348897934,0.11980945616960526
1759,-1.1140732765197754,-1.1982461214065552,0.04482796788215637,0.03934492915868759,0.11977881193161011
1760,-1.2058100700378418,-1.3047093152999878,0.047945085912942886,0.05095415562391281,0.11974811553955078
1761,-1.2553097009658813,-1.3342230319976807,0.03741048648953438,0.04150281101465225,0.11971648782491684
1762,-0.9481114745140076,-1.0346641540527344,0.035957757383584976,0.05059490725398064,0.119685098528862
1763,-0.857744574546814,-0.929902970790863,0.03397871553897858,0.03817971795797348,0.11965370923280716
1764,-1.0942517518997192,-1.1985224485397339,0.048953887075185776,0.05531676858663559,0.11962224543094635
1765,-0.9496819376945496,-1.0585366487503052,0.04776758700609207,0.06108705326914787,0.11959070712327957
1766,-1.3530796766281128,-1.4356257915496826,0.04009011387825012,0.042456045746803284,0.11955903470516205
1767,-0.9869768023490906,-1.0720510482788086,0.037072617560625076,0.048001568764448166,0.11952731758356094
1768,-0.966403067111969,-1.0311486721038818,0.03357949107885361,0.031166136264801025,0.11949534714221954
1769,-1.092734932899475,-1.1987684965133667,0.05203413963317871,0.053999416530132294,0.1194632425904274
1770,-1.115229845046997,-1.2143582105636597,0.04111265391111374,0.058015696704387665,0.11943148821592331
1771,-0.9746823310852051,-1.05653977394104,0.032840143889188766,0.04901731386780739,0.11939988285303116
1772,-0.8159692883491516,-0.9227949976921082,0.054683197289705276,0.05214252695441246,0.11936831474304199
1773,-0.9011455774307251,-0.9847808480262756,0.043759360909461975,0.039875928312540054,0.11933684349060059
1774,-0.9912611842155457,-1.1055879592895508,0.054101720452308655,0.06022508442401886,0.11930564045906067
1775,-0.7409353256225586,-0.8612024188041687,0.0580594576895237,0.06220763176679611,0.11927469074726105
1776,-0.9838575720787048,-1.0303645133972168,0.02167556621134281,0.024831343442201614,0.11924421042203903
1777,-0.773702085018158,-0.8659652471542358,0.04397154971957207,0.0482916496694088,0.11921348422765732
1778,-0.659740686416626,-0.7184094786643982,0.024440856650471687,0.03422793373465538,0.1191822811961174
1779,-1.2325544357299805,-1.3339834213256836,0.05011776089668274,0.05131128430366516,0.11915068328380585
1780,-1.0449094772338867,-1.1155920028686523,0.03431157395243645,0.03637097403407097,0.11911901831626892
1781,-1.2311174869537354,-1.3140523433685303,0.042850956320762634,0.04008389636874199,0.11908769607543945
1782,-1.1993366479873657,-1.2784364223480225,0.042584847658872604,0.036514848470687866,0.11905638128519058
1783,-0.8169859647750854,-0.92118901014328,0.04657619819045067,0.057626873254776,0.1190251037478447
1784,-0.7798123359680176,-0.8259740471839905,0.018115835264325142,0.028045909479260445,0.11899423599243164
1785,-1.2490413188934326,-1.3536714315414429,0.052827365696430206,0.051802732050418854,0.1189630851149559
1786,-0.8099286556243896,-0.9654310941696167,0.08508701622486115,0.0704154223203659,0.11893240362405777
1787,-1.1789119243621826,-1.2591354846954346,0.04165889322757721,0.03856473043560982,0.1189015582203865
1788,-1.0085991621017456,-1.0517940521240234,0.017266133800148964,0.02592870220541954,0.11887017637491226
1789,-0.958046555519104,-1.0029476881027222,0.017898432910442352,0.027002714574337006,0.11883912235498428
1790,-1.0968222618103027,-1.191788673400879,0.05058874934911728,0.0443776398897171,0.11880812793970108
1791,-0.8631157279014587,-0.9009021520614624,0.018464254215359688,0.01932215504348278,0.11877691745758057
1792,-1.0011098384857178,-1.1019045114517212,0.04884282872080803,0.05195188522338867,0.11874577403068542
1793,-0.7483152151107788,-0.8045006990432739,0.023714115843176842,0.03247138857841492,0.1187145784497261
1794,-0.8737443089485168,-1.0416396856307983,0.08236473053693771,0.08553063124418259,0.11868293583393097
1795,-0.9744364023208618,-1.0950390100479126,0.05166083574295044,0.06894174218177795,0.11865189671516418
1796,-0.7136064767837524,-0.7579756379127502,0.019086617976427078,0.025282546877861023,0.11862078309059143
1797,-1.029127836227417,-1.094641089439392,0.0387033075094223,0.0268099345266819,0.1185891404747963
1798,-0.5737228989601135,-0.6611651182174683,0.039114899933338165,0.04832732304930687,0.11855745315551758
1799,-0.9056367874145508,-0.9614553451538086,0.024870602414011955,0.03094799444079399,0.11852571368217468
1800,-1.019122838973999,-1.1351248025894165,0.059009306132793427,0.05699269473552704,0.11849327385425568
1801,-0.7060168385505676,-0.7388961911201477,0.01273439358919859,0.020144931972026825,0.11846105009317398
1802,-0.8837388753890991,-0.9946590662002563,0.049663200974464417,0.061256974935531616,0.11842871457338333
1803,-1.0007060766220093,-1.0931432247161865,0.03735877946019173,0.05507839471101761,0.11839684098958969
1804,-0.6246694922447205,-0.6746252179145813,0.02295585162937641,0.026999888941645622,0.11836505681276321
1805,-0.6729721426963806,-0.8090290427207947,0.06548383831977844,0.07057302445173264,0.11833322793245316
1806,-1.105214238166809,-1.1708608865737915,0.027871256694197655,0.037775374948978424,0.11830132454633713
1807,-0.8689352869987488,-0.995648980140686,0.06545872986316681,0.06125497817993164,0.11826926469802856
1808,-0.5879887342453003,-0.8394701480865479,0.12776486575603485,0.12371654808521271,0.11823739856481552
1809,-0.8339045643806458,-0.933538556098938,0.043133560568094254,0.056500449776649475,0.1182057186961174
1810,-1.031008243560791,-1.0762478113174438,0.017807552590966225,0.027432024478912354,0.11817356944084167
1811,-1.1727428436279297,-1.2339829206466675,0.030426999554038048,0.03081306628882885,0.1181412860751152
1812,-0.9856599569320679,-1.0698206424713135,0.038005635142326355,0.046155087649822235,0.11810892820358276
1813,-0.8781851530075073,-0.9444469213485718,0.028398120775818825,0.03786366432905197,0.11807651817798615
1814,-0.8506179451942444,-0.9060654044151306,0.025352515280246735,0.030094895511865616,0.11804403364658356
1815,-1.0862466096878052,-1.1688308715820312,0.03761841729283333,0.04496588185429573,0.11801094561815262
1816,-0.968980610370636,-1.038584589958191,0.029001101851463318,0.04060288146138191,0.11797799915075302
1817,-0.8522805571556091,-0.9287629723548889,0.035836707800626755,0.04064573720097542,0.11794546246528625
1818,-0.556954562664032,-0.6614981889724731,0.050735533237457275,0.053808119148015976,0.11791341006755829
1819,-1.0482091903686523,-1.2144699096679688,0.07493896782398224,0.09132175892591476,0.1178816705942154
1820,-1.0013889074325562,-1.1192080974578857,0.05963921919465065,0.05817994102835655,0.11785000562667847
1821,-0.773796558380127,-0.8117015957832336,0.015753820538520813,0.02215123176574707,0.1178184524178505
1822,-1.2361440658569336,-1.3142873048782349,0.039775848388671875,0.03836733102798462,0.1177864596247673
1823,-0.9351473450660706,-1.0375336408615112,0.04770677909255028,0.0546795018017292,0.1177544817328453
1824,-0.7791314125061035,-0.8623554706573486,0.045050133019685745,0.03817392513155937,0.11772183328866959
1825,-0.94205242395401,-0.9939982891082764,0.0257912315428257,0.026154663413763046,0.11768928170204163
1826,-0.8325005769729614,-0.9266007542610168,0.04636638984084129,0.04773377254605293,0.11765684932470322
1827,-1.3666919469833374,-1.4350088834762573,0.030724622309207916,0.03759225457906723,0.11762470752000809
1828,-0.8833577036857605,-0.9422838687896729,0.02968672662973404,0.029239414259791374,0.1175917312502861
1829,-0.8547993898391724,-0.9098513722419739,0.02520245499908924,0.02984951250255108,0.11755896359682083
1830,-0.8807913661003113,-0.9592050313949585,0.037080466747283936,0.04133317992091179,0.11752760410308838
1831,-1.023760437965393,-1.0914238691329956,0.03369097039103508,0.03397253900766373,0.1174965351819992
1832,-1.0613338947296143,-1.1844494342803955,0.05403084680438042,0.06908469647169113,0.1174653023481369
1833,-1.0578556060791016,-1.1157034635543823,0.028250299394130707,0.029597492888569832,0.1174335777759552
1834,-1.0078576803207397,-1.0641276836395264,0.022737320512533188,0.03353268280625343,0.11740227788686752
1835,-1.0204799175262451,-1.1209434270858765,0.061564501374959946,0.038899049162864685,0.11737106740474701
1836,-1.0672990083694458,-1.1677958965301514,0.04180062934756279,0.05869622156023979,0.11733973026275635
1837,-1.0178861618041992,-1.0962810516357422,0.027953704819083214,0.0504412017762661,0.11730815470218658
1838,-1.0322120189666748,-1.1572188138961792,0.04931022226810455,0.07569657266139984,0.11727672070264816
1839,-1.2905361652374268,-1.3526606559753418,0.032655131071805954,0.029469329863786697,0.11724468320608139
1840,-1.1233373880386353,-1.2632250785827637,0.07049000263214111,0.06939765065908432,0.11721254140138626
1841,-0.9657136797904968,-1.0784767866134644,0.05242947116494179,0.06033364683389664,0.11718040704727173
1842,-0.7479326725006104,-0.8627480268478394,0.05827401205897331,0.05654133856296539,0.11714845150709152
1843,-0.8425209522247314,-0.924107551574707,0.032748617231845856,0.04883792996406555,0.11711619794368744
1844,-1.3552106618881226,-1.42799973487854,0.036170847713947296,0.03661825507879257,0.11708417534828186
1845,-0.7261667251586914,-0.8317837119102478,0.043630845844745636,0.061986155807971954,0.11705268919467926
1846,-0.8485332131385803,-0.9304632544517517,0.035274043679237366,0.04665600508451462,0.11702179908752441
1847,-0.9112328886985779,-1.029375433921814,0.04823990911245346,0.06990267336368561,0.11699080467224121
1848,-0.9651204347610474,-1.0673162937164307,0.04827927425503731,0.0539165660738945,0.1169596016407013
1849,-1.1764358282089233,-1.267594575881958,0.05237707495689392,0.03878163546323776,0.11692862212657928
1850,-0.7728923559188843,-0.8511861562728882,0.04122604802250862,0.03706774860620499,0.11689753830432892
1851,-0.8073106408119202,-0.8532169461250305,0.025546491146087646,0.020359789952635765,0.11686666309833527
1852,-1.0069422721862793,-1.0915781259536743,0.0365716777741909,0.048064224421978,0.1168353259563446
1853,-0.8139958381652832,-0.9964680075645447,0.07435845583677292,0.10811372101306915,0.11680379509925842
1854,-1.1462081670761108,-1.301873803138733,0.0670875534415245,0.08857807517051697,0.11677244305610657
1855,-0.7403554320335388,-0.7865316867828369,0.02184569463133812,0.02433053031563759,0.11674053966999054
1856,-0.8024264574050903,-0.8758261203765869,0.03350253030657768,0.0398971326649189,0.11670853942632675
1857,-0.8719896674156189,-0.9156579971313477,0.025815941393375397,0.017852356657385826,0.11667634546756744
1858,-0.8754934072494507,-0.9949696063995361,0.048581983894109726,0.0708942711353302,0.11664411425590515
1859,-0.9813609719276428,-1.0158843994140625,0.015881504863500595,0.01864190213382244,0.11661180108785629
1860,-0.9205155968666077,-1.0418795347213745,0.056171268224716187,0.06519261747598648,0.11657930165529251
1861,-0.8288449048995972,-0.8892488479614258,0.026887748390436172,0.03351617604494095,0.11654709279537201
1862,-0.7711536884307861,-0.8133402466773987,0.018572956323623657,0.023613551631569862,0.11651472747325897
1863,-1.2972908020019531,-1.408424973487854,0.05651767551898956,0.05461641028523445,0.11648259311914444
1864,-0.7783998250961304,-0.8527408838272095,0.03656287491321564,0.03777819126844406,0.11645016074180603
1865,-1.1395870447158813,-1.1630531549453735,0.00889535527676344,0.014570655301213264,0.11641745269298553
1866,-1.025453805923462,-1.099568486213684,0.02808406762778759,0.046030592173337936,0.1163850948214531
1867,-1.5077732801437378,-1.5863490104675293,0.0352206751704216,0.04335508123040199,0.11635272204875946
1868,-0.9947900772094727,-1.0993154048919678,0.052241262048482895,0.052284110337495804,0.11632037907838821
1869,-0.9801097512245178,-1.1080137491226196,0.06680111587047577,0.06110294908285141,0.11628849059343338
1870,-0.963924765586853,-1.0235440731048584,0.029271408915519714,0.03034791350364685,0.11625649780035019
1871,-1.161069631576538,-1.2085356712341309,0.01977994292974472,0.027686158195137978,0.1162244901061058
1872,-0.6665146946907043,-0.7117332220077515,0.01834944076836109,0.026869051158428192,0.1161922961473465
1873,-0.8617690801620483,-1.024558663368225,0.08135023713111877,0.08143939077854156,0.1161603033542633
1874,-0.8529074192047119,-0.895737886428833,0.01928432658314705,0.023546187207102776,0.11612865328788757
1875,-1.2130634784698486,-1.3124654293060303,0.049129337072372437,0.05027253180742264,0.116097092628479
1876,-0.9392396211624146,-1.0100480318069458,0.03343544527888298,0.03737295791506767,0.11606524139642715
1877,-1.01541006565094,-1.123639702796936,0.046008527278900146,0.062221162021160126,0.11603369563817978
1878,-1.2032337188720703,-1.2376128435134888,0.01929931342601776,0.015079833567142487,0.11600199341773987
1879,-1.220940113067627,-1.3593087196350098,0.07331672310829163,0.06505195051431656,0.11597080528736115
1880,-0.8198793530464172,-0.9405638575553894,0.06646604835987091,0.05421847105026245,0.1159394234418869
1881,-1.3474851846694946,-1.4151955842971802,0.03129523992538452,0.03641519695520401,0.11590825021266937
1882,-0.6835194826126099,-0.7998833656311035,0.05481720343232155,0.061546701937913895,0.11587702482938766
1883,-0.9283706545829773,-1.0571861267089844,0.058841556310653687,0.0699739083647728,0.11584575474262238
1884,-1.0437148809432983,-1.140852451324463,0.04674524813890457,0.05039222911000252,0.11581466346979141
1885,-0.9762871861457825,-1.0782243013381958,0.04088443145155907,0.061052754521369934,0.11578390747308731
1886,-0.9101778268814087,-0.9780213236808777,0.02681363932788372,0.04102985933423042,0.11575338244438171
1887,-0.9053535461425781,-0.9613907337188721,0.02456609159708023,0.03147106617689133,0.11572261154651642
1888,-0.8733065724372864,-0.9379416704177856,0.02891579270362854,0.03571932762861252,0.11569218337535858
1889,-0.7332069873809814,-0.8603672385215759,0.053718842566013336,0.07344141602516174,0.11566184461116791
1890,-0.9507665038108826,-1.0473434925079346,0.03575056046247482,0.06082648038864136,0.11563115566968918
1891,-0.8805219531059265,-0.9663728475570679,0.04627419263124466,0.0395766943693161,0.11560022830963135
1892,-1.0366454124450684,-1.1238586902618408,0.045543327927589417,0.04166996851563454,0.1155690923333168
1893,-0.8259838223457336,-0.9141899347305298,0.03820865973830223,0.04999746009707451,0.11553815007209778
1894,-0.9340851306915283,-0.9985840916633606,0.03008955903351307,0.03440941870212555,0.11550719290971756
1895,-1.1501221656799316,-1.248990774154663,0.04470016807317734,0.05416840314865112,0.11547627300024033
1896,-0.8806295990943909,-0.9552497863769531,0.037030305713415146,0.03758988901972771,0.11544489115476608
1897,-1.2741186618804932,-1.3772765398025513,0.043159421533346176,0.05999855324625969,0.11541379243135452
1898,-0.8980433940887451,-1.1359158754348755,0.12596644461154938,0.11190608143806458,0.11538223177194595
1899,-0.650328516960144,-0.8223738670349121,0.07885478436946869,0.09319054335355759,0.11535082012414932
1900,-0.8484066724777222,-0.947133481502533,0.044642627239227295,0.054084211587905884,0.11531957983970642
1901,-0.9936808347702026,-1.0471999645233154,0.027945449575781822,0.02557375468313694,0.11528832465410233
1902,-0.8686621189117432,-0.9787925481796265,0.05428377911448479,0.055846646428108215,0.11525707691907883
1903,-1.0656956434249878,-1.1678600311279297,0.04778900742530823,0.05437546223402023,0.11522597819566727
1904,-1.1415674686431885,-1.2682760953903198,0.0611337274312973,0.06557486951351166,0.1151948794722557
1905,-0.9796963930130005,-1.039878487586975,0.02926267869770527,0.030919404700398445,0.11516330391168594
1906,-0.5556918382644653,-0.7332177758216858,0.08442004024982452,0.09310593456029892,0.11513175815343857
1907,-0.8796263933181763,-1.0000382661819458,0.06380686908960342,0.056604985147714615,0.11510060727596283
1908,-1.1412231922149658,-1.2234903573989868,0.04548051953315735,0.03678666800260544,0.11506913602352142
1909,-1.285610318183899,-1.3990284204483032,0.05977977439761162,0.053638357669115067,0.11503786593675613
1910,-1.1874204874038696,-1.2465367317199707,0.034172460436820984,0.024943778291344643,0.11500624567270279
1911,-0.6044865846633911,-0.7397671937942505,0.06958900392055511,0.06569162011146545,0.11497485637664795
1912,-1.1814906597137451,-1.297608733177185,0.05466144531965256,0.06145673245191574,0.11494344472885132
1913,-1.0940864086151123,-1.1670647859573364,0.0303835179656744,0.042594924569129944,0.11491234600543976
1914,-0.8788754343986511,-1.0650845766067505,0.09234002232551575,0.09386912733316422,0.11488166451454163
1915,-1.3486196994781494,-1.4181382656097412,0.030611131340265274,0.038907427340745926,0.11485099047422409
1916,-1.1017773151397705,-1.2626616954803467,0.07834171503782272,0.08254261314868927,0.11482010781764984
1917,-1.140602946281433,-1.2743568420410156,0.06291817873716354,0.0708356648683548,0.11478934437036514
1918,-0.8056156039237976,-0.8791526556015015,0.02996453084051609,0.043572526425123215,0.11475814878940582
1919,-1.0023455619812012,-1.1446348428726196,0.059254031628370285,0.0830351859331131,0.11472712457180023
1920,-0.8911463618278503,-1.055267572402954,0.0738019123673439,0.09031927585601807,0.11469633132219315
1921,-0.7445453405380249,-0.8482341766357422,0.04861148074269295,0.05507736653089523,0.11466529220342636
1922,-0.7563986778259277,-0.8187534213066101,0.03166567534208298,0.030689047649502754,0.11463434994220734
1923,-1.0230962038040161,-1.1735916137695312,0.07745663821697235,0.07303884625434875,0.1146039068698883
1924,-0.9581096768379211,-1.0197389125823975,0.029472827911376953,0.03215641528367996,0.11457356065511703
1925,-0.9524463415145874,-1.0258183479309082,0.028716718778014183,0.044655244797468185,0.11454296857118607
1926,-0.7867207527160645,-0.8449751138687134,0.028162159025669098,0.030092183500528336,0.11451276391744614
1927,-0.8670171499252319,-0.9699167609214783,0.05380173772573471,0.04909792169928551,0.11448249220848083
1928,-0.8116472959518433,-0.9153245091438293,0.053616464138031006,0.050060778856277466,0.11445222795009613
1929,-0.7022150158882141,-0.787004292011261,0.03895964473485947,0.045829638838768005,0.11442147940397263
1930,-0.7456904649734497,-0.8327822685241699,0.03938999027013779,0.047701865434646606,0.11439085006713867
1931,-0.9632208943367004,-1.0354478359222412,0.03414610028266907,0.03808089718222618,0.1143602505326271
1932,-0.8509212136268616,-0.8869791030883789,0.02159072458744049,0.014467157423496246,0.11432971805334091
1933,-0.7369905114173889,-0.8012162446975708,0.02842411771416664,0.03580160811543465,0.11429973691701889
1934,-0.981784462928772,-1.09592604637146,0.053532376885414124,0.06060919165611267,0.11426971107721329
1935,-0.9010205268859863,-1.0082815885543823,0.05139430612325668,0.055866777896881104,0.11423928290605545
1936,-0.8543872833251953,-0.9259039759635925,0.028632264584302902,0.04288441687822342,0.11420897394418716
1937,-1.1043479442596436,-1.1386710405349731,0.015259867534041405,0.01906326599419117,0.11417839676141739
1938,-0.9001942276954651,-0.9441288709640503,0.02165715955197811,0.022277478128671646,0.1141478568315506
1939,-1.5523165464401245,-1.6412386894226074,0.038005486130714417,0.05091666057705879,0.11411746591329575
1940,-0.7907967567443848,-0.8844780921936035,0.0391489677131176,0.05453232303261757,0.11408647894859314
1941,-1.1419861316680908,-1.2301071882247925,0.0386698842048645,0.0494510680437088,0.11405579745769501
1942,-1.085928201675415,-1.1583482027053833,0.032871611416339874,0.0395483560860157,0.11402551084756851
1943,-0.9499139189720154,-1.157483696937561,0.10436705499887466,0.10320277512073517,0.11399473994970322
1944,-1.2293123006820679,-1.3529534339904785,0.06573410332202911,0.05790695920586586,0.11396411806344986
1945,-0.7606011629104614,-0.8506031632423401,0.0410330705344677,0.048968903720378876,0.11393341422080994
1946,-1.318138837814331,-1.3763738870620728,0.023540854454040527,0.03469417989253998,0.11390272527933121
1947,-1.0194308757781982,-1.1190884113311768,0.04325717315077782,0.05640042573213577,0.1138724759221077
1948,-1.1482421159744263,-1.3291044235229492,0.09066978842020035,0.09019259363412857,0.11384212970733643
1949,-1.0083829164505005,-1.1457829475402832,0.0654212236404419,0.07197882235050201,0.11381138116121292
1950,-0.6084474921226501,-0.6808620691299438,0.03527984395623207,0.03713472560048103,0.11378102004528046
1951,-1.0867003202438354,-1.1407132148742676,0.025862378999590874,0.028150519356131554,0.1137501522898674
1952,-1.0496448278427124,-1.1293950080871582,0.03910335525870323,0.04064682126045227,0.11371913552284241
1953,-0.7273077368736267,-0.8008021712303162,0.03670717403292656,0.036787256598472595,0.11368773877620697
1954,-1.229203701019287,-1.2986780405044556,0.04040007293224335,0.02907435968518257,0.11365695297718048
1955,-0.9228891134262085,-1.2544423341751099,0.17069484293460846,0.1608584225177765,0.11362604051828384
1956,-0.903494656085968,-0.9774375557899475,0.03309289366006851,0.04085000231862068,0.11359510570764542
1957,-0.9634844660758972,-1.0382822751998901,0.034229665994644165,0.04056818410754204,0.1135641559958458
1958,-1.0989772081375122,-1.2592811584472656,0.07283567637205124,0.08746826648712158,0.11353304982185364
1959,-1.081766128540039,-1.1980726718902588,0.05294527858495712,0.0633612871170044,0.11350197345018387
1960,-0.8333629369735718,-0.9978344440460205,0.08136928826570511,0.08310220390558243,0.11347153782844543
1961,-0.9524921774864197,-1.0269453525543213,0.03323080763220787,0.04122237488627434,0.1134406179189682
1962,-1.059531569480896,-1.1606813669204712,0.04218290001153946,0.058966830372810364,0.11340927332639694
1963,-0.96941077709198,-1.0404419898986816,0.036051757633686066,0.03497948497533798,0.11337799578905106
1964,-0.6959142088890076,-0.8318694829940796,0.06888792663812637,0.06706732511520386,0.11334683746099472
1965,-1.1230931282043457,-1.2199126482009888,0.04637511447072029,0.05044430494308472,0.1133154109120369
1966,-0.9808948636054993,-1.0973823070526123,0.052929360419511795,0.06355802714824677,0.11328396946191788
1967,-0.9823524951934814,-1.046590805053711,0.027520889416337013,0.03671739995479584,0.11325272172689438
1968,-0.8766842484474182,-0.9456835985183716,0.025837179273366928,0.04316216707229614,0.11322129517793655
1969,-1.0964547395706177,-1.1751439571380615,0.037820421159267426,0.04086875542998314,0.11318982392549515
1970,-0.8936187624931335,-0.9419346451759338,0.023585207760334015,0.024730706587433815,0.11315830796957016
1971,-1.214658260345459,-1.309483289718628,0.036984581500291824,0.05784040689468384,0.11312747746706009
1972,-1.1291528940200806,-1.2202311754226685,0.04473006725311279,0.04634823277592659,0.11309665441513062
1973,-0.7008175253868103,-0.8899827003479004,0.08655917644500732,0.10260599851608276,0.11306589096784592
1974,-1.0870649814605713,-1.160451054573059,0.03259032592177391,0.04079575836658478,0.11303497105836868
1975,-0.7936311364173889,-0.8345291614532471,0.01993488147854805,0.02096312865614891,0.11300468444824219
1976,-0.8416461944580078,-0.9636519551277161,0.05858864635229111,0.06341712921857834,0.11297491937875748
1977,-0.9449423551559448,-0.9841843247413635,0.01588146947324276,0.023360468447208405,0.11294502764940262
1978,-1.248066782951355,-1.3645198345184326,0.05142133682966232,0.0650317370891571,0.11291535198688507
1979,-0.9943714141845703,-1.0727167129516602,0.038395754992961884,0.039949528872966766,0.1128854751586914
1980,-1.0145207643508911,-1.1718367338180542,0.07623543590307236,0.0810806006193161,0.11285635828971863
1981,-1.0941120386123657,-1.176247000694275,0.03409924358129501,0.04803572595119476,0.11282721906900406
1982,-1.330720067024231,-1.4380395412445068,0.049123819917440414,0.05819572135806084,0.11279787868261337
1983,-1.0469889640808105,-1.115393042564392,0.033032819628715515,0.03537129983305931,0.11276829987764359
1984,-0.818195104598999,-0.8522011637687683,0.0177607461810112,0.01624530740082264,0.11273883283138275
1985,-1.006619930267334,-1.1971986293792725,0.0998726636171341,0.09070593118667603,0.11270911246538162
1986,-0.969657301902771,-1.0539824962615967,0.03651774674654007,0.04780746251344681,0.11267928779125214
1987,-0.9432374238967896,-1.1827268600463867,0.11637136340141296,0.12311805039644241,0.11264925450086594
1988,-0.5620658993721008,-0.6408562660217285,0.03589083254337311,0.04289957508444786,0.11261904984712601
1989,-0.7723687887191772,-0.805355966091156,0.015235263854265213,0.017751935869455338,0.11258884519338608
1990,-0.6780544519424438,-0.7264904379844666,0.02384287863969803,0.024593142792582512,0.1125587597489357
1991,-1.0459471940994263,-1.198625922203064,0.0701342225074768,0.08254443854093552,0.1125289723277092
1992,-1.2721580266952515,-1.3282207250595093,0.02571798674762249,0.03034474514424801,0.11249873787164688
1993,-0.9876373410224915,-1.0746774673461914,0.036029111593961716,0.05101102590560913,0.11246862262487411
1994,-0.9304858446121216,-0.9803824424743652,0.022214751690626144,0.027681831270456314,0.11243854463100433
1995,-0.7415736317634583,-0.8733826279640198,0.06340938806533813,0.06839962303638458,0.1124083623290062
1996,-1.1457912921905518,-1.2074437141418457,0.02349882572889328,0.03815363347530365,0.11237821727991104
1997,-0.8526222705841064,-0.9291388988494873,0.038080669939517975,0.038435935974121094,0.11234802007675171
1998,-0.6763822436332703,-1.1147042512893677,0.21419061720371246,0.22413140535354614,0.11231759935617447
1999,-0.9742031693458557,-1.0265555381774902,0.019044246524572372,0.033308081328868866,0.11228744685649872
2000,-0.9999862313270569,-1.0307749509811401,0.01409131195396185,0.01669747568666935,0.11225714534521103
2001,-1.110812783241272,-1.2304975986480713,0.061200469732284546,0.05848433077335358,0.11222677677869797
2002,-1.4002201557159424,-1.5555229187011719,0.08334917575120926,0.07195348292589188,0.11219672858715057
2003,-0.8446175456047058,-0.8926026821136475,0.021880511194467545,0.02610461786389351,0.1121668815612793
2004,-0.9137837886810303,-0.959709882736206,0.021022077649831772,0.02490401640534401,0.11213722825050354
2005,-0.7925805449485779,-0.8944488763809204,0.041522786021232605,0.06034553423523903,0.11210761219263077
2006,-0.945153534412384,-1.021468997001648,0.030317071825265884,0.04599837586283684,0.112077996134758
2007,-1.0013272762298584,-1.0826777219772339,0.03966522961854935,0.04168527200818062,0.11204804480075836
2008,-0.8339658975601196,-0.8836963176727295,0.02613428607583046,0.023596089333295822,0.11201829463243484
2009,-1.170238733291626,-1.263034462928772,0.045824725180864334,0.046970997005701065,0.11198846250772476
2010,-0.9500647187232971,-1.0385818481445312,0.04359474033117294,0.04492240771651268,0.11195896565914154
2011,-1.0538188219070435,-1.2671194076538086,0.10392692685127258,0.10937368869781494,0.11192891001701355
2012,-0.7713024616241455,-0.933586061000824,0.07416234910488129,0.08812125027179718,0.11189873516559601
2013,-0.6695715188980103,-0.7803663015365601,0.05515425652265549,0.055640511214733124,0.11186864227056503
2014,-0.6697220206260681,-0.7507855296134949,0.034213438630104065,0.046850111335515976,0.11183888465166092
2015,-0.9849351644515991,-1.0817663669586182,0.04924856126308441,0.04758262261748314,0.11180923879146576
2016,-0.8038932681083679,-0.8522253036499023,0.018487069755792618,0.029844967648386955,0.11177954077720642
2017,-1.1828490495681763,-1.3002780675888062,0.057514771819114685,0.05991417542099953,0.1117500439286232
2018,-0.7151039242744446,-0.7967836260795593,0.03602837771177292,0.045651309192180634,0.11172065883874893
2019,-0.7296296954154968,-0.7880721092224121,0.02704382687807083,0.03139859065413475,0.11169088631868362
2020,-1.1077828407287598,-1.2652833461761475,0.07446720451116562,0.08303336799144745,0.11166112124919891
2021,-0.8878104090690613,-1.017096996307373,0.06665046513080597,0.06263615190982819,0.11163119971752167
2022,-1.0546813011169434,-1.1314829587936401,0.03924790397286415,0.0375538170337677,0.111600860953331
2023,-1.0556079149246216,-1.149433970451355,0.052815839648246765,0.041010208427906036,0.1115707978606224
2024,-0.8054574131965637,-0.8626523613929749,0.029094301164150238,0.028100691735744476,0.11154045164585114
2025,-0.9070192575454712,-0.9797711372375488,0.0314226895570755,0.04132918640971184,0.11150984466075897
2026,-1.0066380500793457,-1.250455379486084,0.12477613985538483,0.11904116719961166,0.11147908866405487
2027,-0.9919730424880981,-1.0878417491912842,0.04753926023840904,0.04832949489355087,0.11144807934761047
2028,-0.9455325603485107,-0.9943360090255737,0.018997978419065475,0.02980547957122326,0.11141670495271683
2029,-0.7894940376281738,-0.8603299260139465,0.028535766527056694,0.04230009764432907,0.11138485372066498
2030,-0.8834382891654968,-0.9282823204994202,0.020252451300621033,0.024591568857431412,0.11135352402925491
2031,-0.8631829619407654,-0.9480403065681458,0.03792361542582512,0.046933725476264954,0.11132220178842545
2032,-0.8874503970146179,-0.9526704549789429,0.027890220284461975,0.03732984885573387,0.11129067838191986
2033,-0.8070563077926636,-0.9155026078224182,0.045534901320934296,0.06291137635707855,0.11125902831554413
2034,-0.7149432301521301,-0.8112396597862244,0.048563092947006226,0.04773334041237831,0.11122754216194153
2035,-0.9271618723869324,-0.994910478591919,0.0268800538033247,0.04086857661604881,0.11119622737169266
2036,-0.8776612877845764,-0.9647039175033569,0.036769621074199677,0.05027299001812935,0.11116465926170349
2037,-1.018052339553833,-1.0644469261169434,0.022997010499238968,0.0233975350856781,0.11113325506448746
2038,-0.849484384059906,-0.952946662902832,0.04829483851790428,0.05516745522618294,0.11110202223062515
2039,-1.0621323585510254,-1.2151494026184082,0.06783504784107208,0.08518195152282715,0.1110711395740509
2040,-1.1138417720794678,-1.1847846508026123,0.035028718411922455,0.035914137959480286,0.11104010790586472
2041,-0.9461889266967773,-1.0298959016799927,0.03705097734928131,0.046655986458063126,0.11100926995277405
2042,-0.959423303604126,-1.0193090438842773,0.02463569864630699,0.03525004908442497,0.11097830533981323
2043,-0.9464105367660522,-1.0322673320770264,0.03303903713822365,0.05281776189804077,0.11094772815704346
2044,-1.1769027709960938,-1.3520753383636475,0.06626804918050766,0.10890444368124008,0.11091741919517517
2045,-1.1961373090744019,-1.2578107118606567,0.025170274078845978,0.036503035575151443,0.11088761687278748
2046,-0.9615750908851624,-1.007215142250061,0.019009849056601524,0.02663024328649044,0.11085764318704605
2047,-0.8469513058662415,-0.9157829284667969,0.03383135795593262,0.0350002683699131,0.11082746088504791
2048,-0.9955598711967468,-1.104790210723877,0.058167874813079834,0.05106241628527641,0.11079755425453186
2049,-1.1812396049499512,-1.2988075017929077,0.05396630987524986,0.06360156089067459,0.11076818406581879
2050,-0.8706949353218079,-0.9354561567306519,0.033373862504959106,0.03138737380504608,0.11073871701955795
2051,-1.2626018524169922,-1.3260364532470703,0.02596157230436802,0.03747310861945152,0.11070885509252548
2052,-0.8331469297409058,-0.8647040724754333,0.01301512960344553,0.018542015925049782,0.11067868769168854
2053,-0.989963948726654,-1.1472184658050537,0.08176044374704361,0.07549408823251724,0.11064866930246353
2054,-1.145615816116333,-1.267259955406189,0.057135164737701416,0.06450893729925156,0.1106184646487236
2055,-1.473068118095398,-1.557737112045288,0.03616458922624588,0.0485043041408062,0.1105884537100792
2056,-0.6408272981643677,-0.7644306421279907,0.06358139216899872,0.06002195179462433,0.11055868864059448
2057,-0.9482889175415039,-1.015381932258606,0.032210372388362885,0.03488265722990036,0.1105283573269844
2058,-0.7413851618766785,-0.8605931997299194,0.061666280031204224,0.057541802525520325,0.11049805581569672
2059,-0.7890670895576477,-0.8508764505386353,0.024688204750418663,0.03712116926908493,0.11046802997589111
2060,-0.7549039721488953,-0.8100637197494507,0.022959016263484955,0.03220076486468315,0.11043816059827805
2061,-0.5325846672058105,-0.580933690071106,0.024654550477862358,0.023694470524787903,0.1104084923863411
2062,-0.9355195164680481,-1.0237911939620972,0.04256214573979378,0.045709531754255295,0.11037919670343399
2063,-1.1549867391586304,-1.2404834032058716,0.04166082665324211,0.043835923075675964,0.1103496253490448
2064,-1.0570348501205444,-1.0794847011566162,0.009824719280004501,0.01262504979968071,0.11032010614871979
2065,-0.8328322768211365,-0.8724785447120667,0.015394989401102066,0.024251261726021767,0.11029044538736343
2066,-1.212727427482605,-1.3356387615203857,0.05196365714073181,0.07094764709472656,0.11026110500097275
2067,-0.6417868733406067,-0.739764928817749,0.03847827762365341,0.0594998262822628,0.11023179441690445
2068,-1.07698392868042,-1.1479226350784302,0.03593197837471962,0.03500671684741974,0.11020231246948242
2069,-0.9449307918548584,-1.0365678071975708,0.04586104303598404,0.045775946229696274,0.11017241328954697
2070,-1.1157641410827637,-1.1921277046203613,0.0319804847240448,0.04438308626413345,0.11014234274625778
2071,-1.523615837097168,-1.7027113437652588,0.08761575818061829,0.0914798155426979,0.1101127490401268
2072,-0.8954862356185913,-0.9626415371894836,0.030313890427350998,0.03684139996767044,0.11008232831954956
2073,-1.2953931093215942,-1.3327054977416992,0.013518532738089561,0.02379380352795124,0.1100517064332962
2074,-1.0726063251495361,-1.1392035484313965,0.033044811338186264,0.03355235606431961,0.11002087593078613
2075,-0.9479858875274658,-1.0318409204483032,0.032817989587783813,0.05103705823421478,0.10999006032943726
2076,-1.197699785232544,-1.2804721593856812,0.03572245314717293,0.04704992100596428,0.10995956510305405
2077,-1.2465412616729736,-1.363671898841858,0.06106262654066086,0.05606810003519058,0.10992918908596039
2078,-1.199244499206543,-1.2865283489227295,0.044704124331474304,0.04257972911000252,0.10989876091480255
2079,-1.2862478494644165,-1.3449461460113525,0.0264960415661335,0.03220224007964134,0.1098683699965477
2080,-0.9068200588226318,-0.996661901473999,0.042141277343034744,0.04770061373710632,0.10983796417713165
2081,-1.041538119316101,-1.0985342264175415,0.02149485982954502,0.03550122305750847,0.10980727523565292
2082,-1.009889006614685,-1.1047216653823853,0.045186836272478104,0.049645744264125824,0.10977646708488464
2083,-1.4422566890716553,-1.5468783378601074,0.05001696199178696,0.054604656994342804,0.10974561423063278
2084,-0.8233124017715454,-0.8910741209983826,0.031113827601075172,0.03664793819189072,0.10971435159444809
2085,-1.331955909729004,-1.3845106363296509,0.024269836023449898,0.028284939005970955,0.10968343913555145
2086,-1.3249201774597168,-1.396301507949829,0.03535328060388565,0.03602796792984009,0.10965248197317123
2087,-1.0469856262207031,-1.1215265989303589,0.032172322273254395,0.04236860200762749,0.1096217930316925
2088,-0.9464873671531677,-1.065094232559204,0.05282752215862274,0.06577937304973602,0.10959038138389587
2089,-1.3295027017593384,-1.3997218608856201,0.03280084207653999,0.03741835057735443,0.1095590814948082
2090,-1.2532180547714233,-1.3570929765701294,0.05431051552295685,0.04956430941820145,0.10952787101268768
2091,-0.6852336525917053,-0.7318368554115295,0.0173049196600914,0.029298312962055206,0.1094965934753418
2092,-1.1437710523605347,-1.197188377380371,0.0186495129019022,0.03476790338754654,0.10946532338857651
2093,-1.1542718410491943,-1.217651128768921,0.026980062946677208,0.036399293690919876,0.10943421721458435
2094,-0.8625400066375732,-0.9363155364990234,0.03312337026000023,0.04065217077732086,0.10940364003181458
2095,-0.6448400616645813,-0.7201088666915894,0.035855088382959366,0.03941371291875839,0.10937320441007614
2096,-1.0389487743377686,-1.1177268028259277,0.032634489238262177,0.0461435504257679,0.10934233665466309
2097,-0.5532355308532715,-0.6504664421081543,0.04750059172511101,0.04973030835390091,0.10931191593408585
2098,-0.8187795877456665,-0.8930772542953491,0.037182725965976715,0.037114888429641724,0.1092810407280922
2099,-0.9923754930496216,-1.02350652217865,0.009326557628810406,0.02180446684360504,0.10925011336803436
2100,-1.1927103996276855,-1.2691068649291992,0.03892037644982338,0.03747602179646492,0.10921923071146011
2101,-1.0650994777679443,-1.1908255815505981,0.06557857245206833,0.06014753505587578,0.1091885045170784
2102,-0.9056626558303833,-0.9972147941589355,0.03686486557126045,0.0546872653067112,0.1091582328081131
2103,-1.0361119508743286,-1.0689984560012817,0.012940596789121628,0.019945811480283737,0.10912812501192093
2104,-0.9186623096466064,-1.0160603523254395,0.051770612597465515,0.04562743380665779,0.10909852385520935
2105,-1.1513371467590332,-1.2029272317886353,0.01989375427365303,0.03169627487659454,0.10906947404146194
2106,-0.8735941648483276,-0.9784026145935059,0.052856337279081345,0.051952145993709564,0.10904032737016678
2107,-0.873358964920044,-0.9772398471832275,0.05102946236729622,0.05285141244530678,0.10901175439357758
2108,-0.8489454984664917,-1.0218712091445923,0.07394281774759293,0.09898286312818527,0.1089831218123436
2109,-1.1624785661697388,-1.2298299074172974,0.03657831251621246,0.03077300451695919,0.10895480215549469
2110,-0.9369727969169617,-0.9987530708312988,0.025904575362801552,0.03587566688656807,0.1089266985654831
2111,-0.6974148750305176,-0.7492060661315918,0.019452692940831184,0.03233851119875908,0.10889831930398941
2112,-0.7160563468933105,-0.7656528949737549,0.026689903810620308,0.02290668711066246,0.10887004435062408
2113,-1.0052804946899414,-1.2024080753326416,0.09900075197219849,0.09812682867050171,0.10884170234203339
2114,-1.1502840518951416,-1.207056999206543,0.028124209493398666,0.028648698702454567,0.10881321877241135
2115,-0.7597169876098633,-0.8605877161026001,0.04101529344916344,0.059855442494153976,0.1087845042347908
2116,-1.125389814376831,-1.158276915550232,0.014283070340752602,0.018604077398777008,0.10875634104013443
2117,-1.010251760482788,-1.1434787511825562,0.06845372915267944,0.06477335095405579,0.10872849076986313
2118,-0.8525471091270447,-1.0630040168762207,0.09828206896781921,0.11217480152845383,0.10870083421468735
2119,-1.1454408168792725,-1.169605016708374,0.010497434064745903,0.013666771352291107,0.10867300629615784
2120,-1.0691616535186768,-1.169327974319458,0.049479514360427856,0.0506867840886116,0.1086447685956955
2121,-1.0527411699295044,-1.1003916263580322,0.026460343971848488,0.021190183237195015,0.10861708223819733
2122,-0.8622689843177795,-0.9077632427215576,0.018480263650417328,0.02701399102807045,0.10858893394470215
2123,-1.0063401460647583,-1.09182608127594,0.04237232357263565,0.04311363771557808,0.10856110602617264
2124,-0.8648638725280762,-0.9602948427200317,0.045366790145635605,0.050064221024513245,0.10853282362222672
2125,-0.8621101975440979,-1.0231616497039795,0.06528294086456299,0.09576849639415741,0.10850506275892258
2126,-1.108974575996399,-1.1889184713363647,0.0343141034245491,0.04562979191541672,0.108477383852005
2127,-1.1788722276687622,-1.2322849035263062,0.022409548982977867,0.031003152951598167,0.10844971239566803
2128,-1.3116347789764404,-1.489495038986206,0.08397699892520905,0.093883216381073,0.10842220485210419
2129,-0.8691505789756775,-0.9806210994720459,0.05036699026823044,0.061103515326976776,0.10839477926492691
2130,-0.8136708736419678,-0.8760150671005249,0.026978658512234688,0.0353655107319355,0.10836728662252426
2131,-0.8407441973686218,-0.9069379568099976,0.030856383964419365,0.035337407141923904,0.10833972692489624
2132,-0.8657964468002319,-0.9723377227783203,0.04806738346815109,0.05847388133406639,0.10831141471862793
2133,-0.8229818344116211,-1.0075008869171143,0.09631365537643433,0.08820536732673645,0.10828288644552231
2134,-1.2161815166473389,-1.3336822986602783,0.05352885648608208,0.06397193670272827,0.10825451463460922
2135,-0.8082287311553955,-0.8925465941429138,0.035833656787872314,0.0484841912984848,0.10822566598653793
2136,-1.4656034708023071,-1.5846408605575562,0.0650966614484787,0.05394076183438301,0.10819682478904724
2137,-1.3095556497573853,-1.429839849472046,0.05797427520155907,0.06231003627181053,0.10816801339387894
2138,-0.8843163251876831,-1.0139719247817993,0.06240777298808098,0.06724783778190613,0.10813908278942108
2139,-0.8776476383209229,-1.012382984161377,0.05725514143705368,0.07748018950223923,0.1081097200512886
2140,-0.8132953643798828,-0.9356452226638794,0.057846423238515854,0.06450346112251282,0.10808064788579941
2141,-0.7866446375846863,-0.9549829363822937,0.07859745621681213,0.0897407978773117,0.10805132985115051
2142,-1.3256677389144897,-1.4230750799179077,0.05236545205116272,0.045041926205158234,0.10802250355482101
2143,-1.225914716720581,-1.3192591667175293,0.03535976633429527,0.05798466131091118,0.10799293965101242
2144,-1.3400001525878906,-1.387979507446289,0.024983050301671028,0.02299635298550129,0.10796300321817398
2145,-0.9149653911590576,-0.9656447172164917,0.023957710713148117,0.026721607893705368,0.10793301463127136
2146,-0.5726984143257141,-0.7977317571640015,0.11353616416454315,0.1114971861243248,0.10790309309959412
2147,-0.728620171546936,-0.7851736545562744,0.026085061952471733,0.03046838939189911,0.10787387192249298
2148,-0.8746067881584167,-1.0605731010437012,0.08417447656393051,0.1017918661236763,0.10784479230642319
2149,-0.7448050379753113,-0.7997949719429016,0.0248373132199049,0.03015260025858879,0.10781563818454742
2150,-0.8739916086196899,-1.0358898639678955,0.08482839912176132,0.07706989347934723,0.10778602957725525
2151,-0.8461646437644958,-0.8817787170410156,0.016878243535757065,0.018735811114311218,0.10775691270828247
2152,-1.0295377969741821,-1.1025686264038086,0.03526179865002632,0.037769071757793427,0.10772783309221268
2153,-0.9387664198875427,-1.0845401287078857,0.07382579892873764,0.07194789499044418,0.10769858211278915
2154,-0.8444625735282898,-0.8930710554122925,0.015920989215373993,0.032687511295080185,0.10766947269439697
2155,-1.1988799571990967,-1.31244695186615,0.050291191786527634,0.06327584385871887,0.10764026641845703
2156,-1.1589407920837402,-1.2418296337127686,0.043887898325920105,0.03900092840194702,0.10761106014251709
2157,-0.887653112411499,-0.9302706718444824,0.022562505677342415,0.02005506306886673,0.107581228017807
2158,-1.199389100074768,-1.296769618988037,0.047502223402261734,0.049878206104040146,0.10755106806755066
2159,-0.9736636281013489,-1.0699567794799805,0.04442042484879494,0.05187266319990158,0.10752109438180923
2160,-0.7761205434799194,-0.8338025808334351,0.02753433957695961,0.030147690325975418,0.10749080032110214
2161,-0.7939884066581726,-0.8201740980148315,0.011438768357038498,0.014746909961104393,0.10746035724878311
2162,-0.9063633680343628,-1.0269074440002441,0.059754252433776855,0.0607898086309433,0.10743002593517303
2163,-0.8748248815536499,-0.9905691742897034,0.05147908627986908,0.0642651692032814,0.10739970952272415
2164,-0.7335711717605591,-0.781522274017334,0.02635267935693264,0.02159840613603592,0.10736880451440811
2165,-0.8814855813980103,-0.9085283279418945,0.01093493215739727,0.01610778272151947,0.10733768343925476
2166,-0.5941203236579895,-0.67232346534729,0.03551248088479042,0.04269064590334892,0.10730636119842529
2167,-1.0799373388290405,-1.2255909442901611,0.07838750630617142,0.06726609170436859,0.10727525502443314
2168,-1.0129384994506836,-1.1194642782211304,0.04712202399969101,0.059403784573078156,0.10724438726902008
2169,-1.2193758487701416,-1.2835372686386108,0.032999731600284576,0.031161673367023468,0.1072135865688324
2170,-1.1348137855529785,-1.247725009918213,0.057297445833683014,0.05561371147632599,0.10718316584825516
2171,-1.0925664901733398,-1.1686307191848755,0.03553066402673721,0.04053352028131485,0.10715238004922867
2172,-1.0835977792739868,-1.1668949127197266,0.03675995022058487,0.04653716832399368,0.10712160170078278
2173,-0.90505051612854,-0.9945910573005676,0.037941452115774155,0.05159907788038254,0.1070910319685936
2174,-1.2676746845245361,-1.4760392904281616,0.10745234042406082,0.1009121835231781,0.10706024616956711
2175,-1.149896264076233,-1.2601515054702759,0.05254347622394562,0.057711709290742874,0.10703010857105255
2176,-0.6356034874916077,-0.7224627137184143,0.03954313322901726,0.0473160594701767,0.10699979215860367
2177,-1.4219249486923218,-1.5001749992370605,0.03822358697652817,0.0400264635682106,0.10696925967931747
2178,-1.1192665100097656,-1.2615703344345093,0.05838347226381302,0.08392030745744705,0.10693863779306412
2179,-0.7524134516716003,-0.7984480857849121,0.020637772977352142,0.02539690211415291,0.10690806806087494
2180,-0.9926586747169495,-1.0666377544403076,0.03698241710662842,0.03699668496847153,0.1068776398897171
2181,-0.9405003786087036,-0.9820036888122559,0.02111474610865116,0.020388562232255936,0.10684719681739807
2182,-1.1876866817474365,-1.2820178270339966,0.05276494100689888,0.041566237807273865,0.10681703686714172
2183,-1.1761116981506348,-1.3491621017456055,0.0817033126950264,0.09134706854820251,0.10678721964359283
2184,-1.0923876762390137,-1.1742582321166992,0.034798476845026016,0.04707210138440132,0.1067572832107544
2185,-1.404003620147705,-1.4938169717788696,0.0392027273774147,0.050610680133104324,0.10672778636217117
2186,-0.9510402679443359,-1.1554043292999268,0.10426930338144302,0.10009477287530899,0.1066986545920372
2187,-1.5087817907333374,-1.597699522972107,0.04502051696181297,0.04389728605747223,0.1066698357462883
2188,-0.8289512395858765,-0.8942407965660095,0.027614962309598923,0.037674590945243835,0.10664046555757523
2189,-0.5000350475311279,-0.5416125059127808,0.01587323471903801,0.025704190135002136,0.10661133378744125
2190,-1.1613558530807495,-1.2217179536819458,0.02365974150598049,0.03670235350728035,0.1065819263458252
2191,-0.8193703889846802,-0.9719495177268982,0.06412386894226074,0.08845527470111847,0.1065526083111763
2192,-0.6301699280738831,-0.6750425696372986,0.02015819028019905,0.024714477360248566,0.10652332007884979
2193,-0.6913217306137085,-0.7716852426528931,0.036599885672330856,0.04376364126801491,0.1064942479133606
2194,-0.6043277978897095,-0.7063133120536804,0.04902449995279312,0.052960991859436035,0.10646500438451767
2195,-1.075231909751892,-1.2060115337371826,0.07201722264289856,0.05876247584819794,0.10643591731786728
2196,-0.9019597768783569,-1.0366461277008057,0.06607507169246674,0.0686112716794014,0.1064068153500557
2197,-0.9950465559959412,-1.0498273372650146,0.02534584142267704,0.02943497523665428,0.10637754201889038
2198,-0.8955422043800354,-0.9703205823898315,0.032812632620334625,0.041965749114751816,0.10634903609752655
2199,-1.0004255771636963,-1.1389498710632324,0.05807941034436226,0.08044487237930298,0.10632071644067764
2200,-0.9434952735900879,-1.097298264503479,0.07063412666320801,0.08316884934902191,0.10629182308912277
2201,-1.2940380573272705,-1.375328540802002,0.0403052493929863,0.040985219180583954,0.10626301914453506
2202,-1.1176573038101196,-1.1854416131973267,0.03358614444732666,0.03419816866517067,0.10623439401388168
2203,-1.3521794080734253,-1.46226966381073,0.0523875392973423,0.057702671736478806,0.10620592534542084
2204,-1.3345614671707153,-1.4069916009902954,0.04061443731188774,0.031815625727176666,0.10617785155773163
2205,-0.8722817301750183,-0.9305328726768494,0.0293897558003664,0.028861425817012787,0.10614916682243347
2206,-1.3254199028015137,-1.4730103015899658,0.06865344196557999,0.07893692702054977,0.10612032562494278
2207,-1.1068801879882812,-1.182457447052002,0.033401135355234146,0.04217611998319626,0.10609128326177597
2208,-0.5944215059280396,-0.7547416090965271,0.07482456415891647,0.08549556136131287,0.10606247186660767
2209,-1.3270807266235352,-1.4122645854949951,0.04570842534303665,0.0394754484295845,0.10603349655866623
2210,-0.7765688896179199,-1.0258219242095947,0.13126131892204285,0.11799167096614838,0.10600488632917404
2211,-0.8691704273223877,-0.9951193332672119,0.06505021452903748,0.060898661613464355,0.10597645491361618
2212,-0.9632743000984192,-1.0957146883010864,0.055261872708797455,0.07717852294445038,0.1059478372335434
2213,-1.0047886371612549,-1.083105206489563,0.027675937861204147,0.05064058676362038,0.10591863840818405
2214,-0.8883947730064392,-0.9429341554641724,0.0211871936917305,0.03335220366716385,0.10588914901018143
2215,-0.7466458678245544,-0.9262721538543701,0.09763941913843155,0.08198684453964233,0.10586001724004745
2216,-0.9047235250473022,-0.9820271730422974,0.037307009100914,0.03999663516879082,0.10583043843507767
2217,-0.8555740714073181,-0.9714891314506531,0.055716000497341156,0.06019909307360649,0.10580054670572281
2218,-1.173509120941162,-1.259141206741333,0.04045337438583374,0.045178696513175964,0.10577098280191422
2219,-1.0025180578231812,-1.0463464260101318,0.01909571699798107,0.02473272755742073,0.10574173927307129
2220,-0.8690434098243713,-1.0033624172210693,0.059541020542383194,0.07477797567844391,0.10571267455816269
2221,-1.3157302141189575,-1.4432376623153687,0.06590823084115982,0.06159919872879982,0.10568336397409439
2222,-1.1345529556274414,-1.2038120031356812,0.03173690661787987,0.03752215579152107,0.10565365850925446
2223,-1.0566514730453491,-1.1880022287368774,0.05625634267926216,0.07509442418813705,0.10562358796596527
2224,-0.8426500558853149,-0.8753560781478882,0.014985466375946999,0.017720604315400124,0.10559312254190445
2225,-0.8463029265403748,-0.9199295043945312,0.03625587373971939,0.03737066313624382,0.10556317120790482
2226,-1.0150291919708252,-1.0923069715499878,0.04049171879887581,0.036786094307899475,0.10553297400474548
2227,-0.804455041885376,-0.8852145671844482,0.032856155186891556,0.04790332913398743,0.10550311207771301
2228,-1.1216622591018677,-1.1614421606063843,0.018461227416992188,0.021318627521395683,0.10547330975532532
2229,-0.6450309157371521,-0.7531965374946594,0.05139995738863945,0.05676567927002907,0.10544376075267792
2230,-1.2482314109802246,-1.3770370483398438,0.06562402844429016,0.06318163126707077,0.10541389882564545
2231,-0.5481640100479126,-0.6291881799697876,0.04289104416966438,0.03813311830163002,0.10538432747125626
2232,-1.629672884941101,-1.7462425231933594,0.05698705092072487,0.059582583606243134,0.10535473376512527
2233,-0.9604029059410095,-1.0212892293930054,0.02884182706475258,0.032044488936662674,0.10532504320144653
2234,-1.3070093393325806,-1.4556498527526855,0.06814022362232208,0.08050025254487991,0.10529536753892899
2235,-1.0198793411254883,-1.0899195671081543,0.03400504216551781,0.03603518754243851,0.10526599735021591
2236,-1.1985267400741577,-1.298532247543335,0.051394738256931305,0.04861076548695564,0.10523688793182373
2237,-1.2169663906097412,-1.287837266921997,0.03139946982264519,0.03947141021490097,0.10520783811807632
2238,-0.9532047510147095,-1.0460293292999268,0.048431575298309326,0.04439298436045647,0.10517892241477966
2239,-1.3731590509414673,-1.447337031364441,0.03466685116291046,0.0395110659301281,0.1051497608423233
2240,-0.9797297120094299,-1.0979870557785034,0.055255405604839325,0.06300192326307297,0.10512056201696396
2241,-1.1376162767410278,-1.2196910381317139,0.03544892370700836,0.04662586376070976,0.10509069263935089
2242,-0.9654814600944519,-1.0223884582519531,0.02382487989962101,0.033082105219364166,0.10506105422973633
2243,-1.3732913732528687,-1.535152554512024,0.07363294064998627,0.08822819590568542,0.10503140091896057
2244,-1.192574143409729,-1.27568519115448,0.034690093249082565,0.04842093959450722,0.10500157624483109
2245,-1.2771358489990234,-1.3955156803131104,0.05381109192967415,0.06456880271434784,0.10497128963470459
2246,-0.9825453162193298,-1.1022608280181885,0.046784527599811554,0.07293099164962769,0.10494089126586914
2247,-0.8287754654884338,-0.8868179321289062,0.020992528647184372,0.03704993799328804,0.10491082072257996
2248,-0.8830074667930603,-0.9597211480140686,0.038344964385032654,0.03836869075894356,0.10488103330135345
2249,-0.9628523588180542,-1.081344485282898,0.05640261620283127,0.06208958104252815,0.10485095530748367
2250,-1.2492374181747437,-1.3112916946411133,0.02857486717402935,0.03347940370440483,0.1048206090927124
2251,-0.9140477776527405,-1.0946736335754395,0.10247896611690521,0.07814689725637436,0.10479103028774261
2252,-1.4072604179382324,-1.5167264938354492,0.05401573330163956,0.05545029789209366,0.10476165264844894
2253,-0.9931041598320007,-1.13112211227417,0.06723256409168243,0.07078532874584198,0.10473228245973587
2254,-0.5947498679161072,-0.6152850389480591,0.00873189140111208,0.011803255416452885,0.10470319539308548
2255,-0.838150680065155,-0.9404232501983643,0.04505321756005287,0.05721930041909218,0.1046743169426918
2256,-1.0214946269989014,-1.1291332244873047,0.05332546681165695,0.05431320518255234,0.10464542359113693
2257,-0.8888213038444519,-0.9300154447555542,0.019544590264558792,0.021649563685059547,0.10461688041687012
2258,-0.8513016104698181,-0.9081096649169922,0.025972630828619003,0.030835449695587158,0.10458802431821823
2259,-1.0255509614944458,-1.1470494270324707,0.05283083766698837,0.06866767257452011,0.10455913096666336
2260,-0.7430296540260315,-0.817172646522522,0.03311619162559509,0.041026756167411804,0.10452986508607864
2261,-0.9684611558914185,-1.3465226888656616,0.20094159245491028,0.17711995542049408,0.10450088977813721
2262,-1.0997397899627686,-1.2127082347869873,0.05224427208304405,0.06072409078478813,0.1044715940952301
2263,-0.9854889512062073,-1.1642872095108032,0.07700473815202713,0.10179345309734344,0.10444238036870956
2264,-0.86845862865448,-0.9561404585838318,0.03718433156609535,0.05049750208854675,0.10441319644451141
2265,-1.0227031707763672,-1.0786913633346558,0.027295511215925217,0.028692711144685745,0.10438400506973267
2266,-1.1459771394729614,-1.227847933769226,0.0442555770277977,0.03761517256498337,0.10435503721237183
2267,-0.7235740423202515,-0.797453761100769,0.02798762358725071,0.045892104506492615,0.1043258085846901
2268,-1.1191041469573975,-1.2012372016906738,0.032939545810222626,0.04919351264834404,0.10429663956165314
2269,-0.888185441493988,-1.0189365148544312,0.06690986454486847,0.06384123116731644,0.10426735132932663
2270,-0.8803278207778931,-1.0055632591247559,0.05285676568746567,0.07237868756055832,0.10423799604177475
2271,-0.7624457478523254,-0.9182742834091187,0.06919227540493011,0.0866362601518631,0.10420869290828705
2272,-1.2297159433364868,-1.3149797916412354,0.03666799142956734,0.04859590902924538,0.10417880862951279
2273,-1.176432728767395,-1.2737882137298584,0.04494873806834221,0.052406780421733856,0.10414871573448181
2274,-0.946220338344574,-0.9909989237785339,0.02111031301319599,0.02366827242076397,0.10411899536848068
2275,-0.7698661684989929,-0.842832088470459,0.029887089505791664,0.04307886213064194,0.10408903658390045
2276,-0.9990350604057312,-1.1004124879837036,0.05108159780502319,0.050295889377593994,0.10405943542718887
2277,-1.1180946826934814,-1.184575080871582,0.024863723665475845,0.04161662980914116,0.10403021425008774
2278,-1.0809615850448608,-1.2096190452575684,0.06569113582372665,0.06296634674072266,0.1040005013346672
2279,-1.3398476839065552,-1.4369906187057495,0.0486447811126709,0.048498112708330154,0.10397147387266159
2280,-1.4897598028182983,-1.5348702669143677,0.02055191621184349,0.024558531120419502,0.10394257307052612
2281,-1.0437698364257812,-1.0856807231903076,0.016292735934257507,0.025618230924010277,0.10391382873058319
2282,-1.5188113451004028,-1.5507766008377075,0.012143725529313087,0.019821511581540108,0.10388509184122086
2283,-1.4032520055770874,-1.549399733543396,0.06640011817216873,0.07974757999181747,0.10385654121637344
2284,-1.0855908393859863,-1.1756608486175537,0.03434843569993973,0.05572150647640228,0.10382819175720215
2285,-1.2410038709640503,-1.3075462579727173,0.027966685593128204,0.038575682789087296,0.10379975289106369
2286,-0.7638636827468872,-0.8042035698890686,0.022257357835769653,0.01808249205350876,0.10377137362957001
2287,-1.0217398405075073,-1.1530276536941528,0.05084477737545967,0.08044305443763733,0.10374294966459274
2288,-1.1953712701797485,-1.287062406539917,0.03927934169769287,0.052411749958992004,0.1037144809961319
2289,-0.8574068546295166,-1.0306190252304077,0.07652883231639862,0.09668329358100891,0.1036861464381218
2290,-0.9438085556030273,-1.1809990406036377,0.10558217018842697,0.13160835206508636,0.1036580428481102
2291,-1.2800838947296143,-1.4291613101959229,0.07091394066810608,0.0781634971499443,0.10362984985113144
2292,-1.0487024784088135,-1.208993911743164,0.07435454428195953,0.08593689650297165,0.10360153764486313
2293,-0.8465285301208496,-0.9113734364509583,0.0345626175403595,0.030282247811555862,0.1035732850432396
2294,-1.2812690734863281,-1.4186758995056152,0.06477353721857071,0.072633296251297,0.10354511439800262
2295,-1.0246187448501587,-1.18602454662323,0.0864020437002182,0.07500369101762772,0.1035173162817955
2296,-1.0533138513565063,-1.239353895187378,0.07050608098506927,0.1155339926481247,0.10348951071500778
2297,-0.9429115653038025,-1.0121381282806396,0.0313030369579792,0.03792348876595497,0.10346202552318573
2298,-0.8245512247085571,-0.9225829839706421,0.045431219041347504,0.05260057374835014,0.10343474894762039
2299,-1.037825345993042,-1.1560012102127075,0.05687240883708,0.06130344420671463,0.10340730100870132
2300,-0.8385683298110962,-0.9131129384040833,0.028979429975152016,0.0455651618540287,0.10337986797094345
2301,-1.4422385692596436,-1.5288808345794678,0.035141684114933014,0.05150052160024643,0.1033521443605423
2302,-1.2451430559158325,-1.387591004371643,0.06197388097643852,0.08047406375408173,0.10332454741001129
2303,-0.5575594305992126,-0.9054497480392456,0.18073195219039917,0.1671583652496338,0.10329688340425491
2304,-1.0557208061218262,-1.105345368385315,0.026099782437086105,0.02352481707930565,0.10326940566301346
2305,-1.082247018814087,-1.2763508558273315,0.09662710130214691,0.0974767729640007,0.10324212908744812
2306,-1.0860854387283325,-1.1307306289672852,0.01835937798023224,0.026285788044333458,0.10321424156427383
2307,-1.6057889461517334,-1.634487509727478,0.014462542720139027,0.01423599012196064,0.10318612307310104
2308,-1.12338125705719,-1.173553705215454,0.024193476885557175,0.025978881865739822,0.1031583771109581
2309,-1.1396106481552124,-1.2035040855407715,0.030401621013879776,0.0334918349981308,0.10313036292791367
2310,-1.2653460502624512,-1.4287395477294922,0.08105568587779999,0.0823378711938858,0.1031026542186737
2311,-0.9643989205360413,-1.0866060256958008,0.05587353929877281,0.0663335919380188,0.10307496041059494
2312,-1.4362456798553467,-1.5512771606445312,0.05646023154258728,0.05857125297188759,0.10304706543684006
2313,-0.7552179098129272,-1.1144129037857056,0.18765617907047272,0.17153885960578918,0.10301889479160309
2314,-1.1080938577651978,-1.2023811340332031,0.047486912459135056,0.0468004010617733,0.10299108922481537
2315,-1.0071536302566528,-1.0412943363189697,0.013119570910930634,0.021021071821451187,0.10296278446912766
2316,-0.9054808616638184,-1.0216758251190186,0.05221065133810043,0.06398431211709976,0.1029343381524086
2317,-1.2722629308700562,-1.4591221809387207,0.08346826583147049,0.1033908948302269,0.10290628671646118
2318,-1.2775211334228516,-1.3571970462799072,0.03667004778981209,0.04300587996840477,0.10287775844335556
2319,-0.7634347677230835,-0.8015702962875366,0.012058823369443417,0.02607671171426773,0.1028490886092186
2320,-1.4605978727340698,-1.6482700109481812,0.09850902855396271,0.08916311711072922,0.10282082110643387
2321,-0.9525268077850342,-1.0053632259368896,0.022924548014998436,0.029911860823631287,0.10279273241758347
2322,-1.0019288063049316,-1.281559944152832,0.1433926522731781,0.13623851537704468,0.10276518762111664
2323,-0.8908491134643555,-1.0421699285507202,0.0708460584282875,0.08047476410865784,0.10273794829845428
2324,-0.5858208537101746,-0.8041499853134155,0.11337020248174667,0.10495893657207489,0.10271061211824417
2325,-0.9753426909446716,-1.1882221698760986,0.11207315325737,0.10080631822347641,0.10268311947584152
2326,-0.6728342175483704,-0.7801631093025208,0.053260091692209244,0.054068781435489655,0.10265562683343887
2327,-1.2400612831115723,-1.3700265884399414,0.06525278091430664,0.06471256166696548,0.10262800008058548
2328,-0.761853039264679,-0.8665785789489746,0.04916089028120041,0.055564649403095245,0.10260030627250671
2329,-0.8782217502593994,-0.940622091293335,0.031769901514053345,0.030630460008978844,0.10257191210985184
2330,-1.1098865270614624,-1.2003042697906494,0.043320316821336746,0.04709746316075325,0.10254418104887009
2331,-1.3231334686279297,-1.4008245468139648,0.035346925258636475,0.0423441156744957,0.10251650959253311
2332,-1.2628719806671143,-1.5312390327453613,0.13614335656166077,0.13222366571426392,0.10248921066522598
2333,-1.0975269079208374,-1.3553274869918823,0.12083522230386734,0.13696539402008057,0.10246133804321289
2334,-1.325761079788208,-1.3986623287200928,0.03108632005751133,0.04181494563817978,0.10243339091539383
2335,-1.1678858995437622,-1.3117963075637817,0.0667833536863327,0.0771271288394928,0.10240533202886581
2336,-1.3955315351486206,-1.4980628490447998,0.04487251862883568,0.05765877664089203,0.10237733274698257
2337,-0.9544676542282104,-1.0696978569030762,0.05666115880012512,0.05856906250119209,0.10234899818897247
2338,-0.7124632000923157,-1.1593947410583496,0.2176414281129837,0.22929011285305023,0.10232093930244446
2339,-0.8721650838851929,-1.0311022996902466,0.08498042076826096,0.07395681738853455,0.10229279100894928
2340,-0.525920569896698,-0.7434050440788269,0.10604812204837799,0.11143635213375092,0.10226455330848694
2341,-0.9383184313774109,-1.271986961364746,0.1653159111738205,0.1683526486158371,0.10223671793937683
2342,-1.1173781156539917,-1.2318588495254517,0.05472130700945854,0.05975937098264694,0.10220866650342941
2343,-0.9852625727653503,-1.0449762344360352,0.026028145104646683,0.033685505390167236,0.10218064486980438
2344,-1.028215765953064,-1.0938358306884766,0.03451744467020035,0.031102705746889114,0.10215309262275696
2345,-1.1590726375579834,-1.2136614322662354,0.0272060539573431,0.027382776141166687,0.10212550312280655
2346,-1.0657989978790283,-1.206903338432312,0.07400790601968765,0.06709641963243484,0.10209818929433823
2347,-0.48737889528274536,-0.6012545824050903,0.043233390897512436,0.07064228504896164,0.10207138955593109
2348,-1.002265214920044,-1.0683317184448242,0.035477034747600555,0.030589498579502106,0.10204464942216873
2349,-0.8645457029342651,-0.9043981432914734,0.015365459024906158,0.024486955255270004,0.10201786458492279
2350,-0.9377553462982178,-1.0043940544128418,0.027567636221647263,0.039071060717105865,0.10199128836393356
2351,-0.880146861076355,-1.0124754905700684,0.06231232360005379,0.07001632452011108,0.10196461528539658
2352,-1.1874771118164062,-1.268829584121704,0.04063977673649788,0.04071265459060669,0.1019376814365387
2353,-1.0944863557815552,-1.1461153030395508,0.02654990367591381,0.02507896162569523,0.1019105389714241
2354,-0.4915010929107666,-0.5576918721199036,0.03354945033788681,0.03264136239886284,0.10188330709934235
2355,-1.009197473526001,-1.0986347198486328,0.0446951687335968,0.044742096215486526,0.10185600072145462
2356,-0.9772177338600159,-1.0622650384902954,0.028601864352822304,0.0564454086124897,0.10182856768369675
2357,-1.247078776359558,-1.300473928451538,0.026066001504659653,0.027329154312610626,0.10180086642503738
2358,-1.2512696981430054,-1.4478451013565063,0.10208895802497864,0.09448647499084473,0.10177286714315414
2359,-0.9949562549591064,-1.133491039276123,0.0654289498925209,0.0731058120727539,0.10174503922462463
2360,-1.0593706369400024,-1.20665442943573,0.05746355652809143,0.08982030302286148,0.10171706974506378
2361,-1.0816420316696167,-1.1767019033432007,0.041970595717430115,0.053089238703250885,0.10168921202421188
2362,-0.8395505547523499,-0.9087513089179993,0.0373900905251503,0.03181065618991852,0.10166087001562119
2363,-1.065420389175415,-1.1084940433502197,0.01683284156024456,0.026240799576044083,0.10163266211748123
2364,-0.7812919616699219,-0.8559929728507996,0.03902435302734375,0.03567667305469513,0.10160434246063232
2365,-0.5284487009048462,-0.6243961453437805,0.04030581936240196,0.055641625076532364,0.1015758365392685
2366,-0.648646891117096,-0.7763911485671997,0.05176261439919472,0.07598160207271576,0.10154701769351959
2367,-1.0595818758010864,-1.1139588356018066,0.02555648609995842,0.02882050722837448,0.10151821374893188
2368,-0.818610429763794,-0.8924928903579712,0.030181150883436203,0.04370131343603134,0.10148921608924866
2369,-1.009016752243042,-1.2499123811721802,0.1211833581328392,0.11971224099397659,0.10146011412143707
2370,-1.025051236152649,-1.0759159326553345,0.021005919203162193,0.029858771711587906,0.10143070667982101
2371,-0.83942711353302,-1.0232534408569336,0.0893394723534584,0.09448686242103577,0.101401686668396
2372,-0.9737196564674377,-1.01279878616333,0.017799293622374535,0.021279824897646904,0.10137294977903366
2373,-1.1886240243911743,-1.299656867980957,0.04207234084606171,0.06896049529314041,0.10134366154670715
2374,-1.050017237663269,-1.1501846313476562,0.051222339272499084,0.04894503951072693,0.10131464153528214
2375,-1.1744496822357178,-1.2319344282150269,0.0273280031979084,0.03015676699578762,0.10128553956747055
2376,-1.1371562480926514,-1.3041050434112549,0.07711977511644363,0.08982894569635391,0.10125666111707687
2377,-1.1203505992889404,-1.2544759511947632,0.07009321451187134,0.06403204053640366,0.10122747719287872
2378,-1.1706037521362305,-1.3541128635406494,0.10072556138038635,0.08278363943099976,0.1011982336640358
2379,-0.7001996040344238,-0.7671127319335938,0.029172439128160477,0.037740688771009445,0.10116919130086899
2380,-0.9473578333854675,-1.1257405281066895,0.09028694033622742,0.08809574693441391,0.1011396199464798
2381,-1.0176903009414673,-1.0754085779190063,0.02818148396909237,0.029536819085478783,0.10110994428396225
2382,-1.3632315397262573,-1.455315351486206,0.04270259663462639,0.049381207674741745,0.10108036547899246
2383,-1.1473368406295776,-1.236620545387268,0.04996815696358681,0.039315588772296906,0.10105082392692566
2384,-1.1961064338684082,-1.3213862180709839,0.07671567797660828,0.048564083874225616,0.10102114826440811
2385,-0.9482645392417908,-1.0770435333251953,0.056637953966856,0.07214101403951645,0.10099183768033981
2386,-0.8206695914268494,-0.8674077391624451,0.023942315950989723,0.02279588207602501,0.1009628027677536
2387,-0.9712867736816406,-1.1143922805786133,0.06707976758480072,0.07602570205926895,0.10093390196561813
2388,-1.2260090112686157,-1.2631361484527588,0.01595277152955532,0.021174265071749687,0.10090502351522446
2389,-0.6690652370452881,-0.8040363192558289,0.05707492679357529,0.07789614796638489,0.10087630897760391
2390,-1.1209739446640015,-1.1946810483932495,0.03418274223804474,0.039524320513010025,0.10084785521030426
2391,-0.8357216715812683,-0.9383852481842041,0.04630300775170326,0.056360531598329544,0.10081937164068222
2392,-1.343418836593628,-1.501120686531067,0.06917039304971695,0.0885315015912056,0.10079088807106018
2393,-0.8384041786193848,-1.0124036073684692,0.082638680934906,0.09136072546243668,0.10076232254505157
2394,-1.2186371088027954,-1.4220426082611084,0.09395726025104523,0.10944819450378418,0.10073414444923401
2395,-1.0332828760147095,-1.1896370649337769,0.0709357038140297,0.0854184702038765,0.10070576518774033
2396,-1.1441757678985596,-1.2399805784225464,0.050403524190187454,0.045401353389024734,0.10067712515592575
2397,-1.533786416053772,-1.647998332977295,0.0536426305770874,0.06056926026940346,0.10064846277236938
2398,-0.751142144203186,-0.7958371043205261,0.02441190741956234,0.0202830471098423,0.10061996430158615
2399,-0.9610112905502319,-1.0254217386245728,0.036638181656599045,0.027772262692451477,0.1005917340517044
2400,-0.5747498869895935,-0.7147551774978638,0.060697007924318314,0.07930824905633926,0.10056355595588684
2401,-0.960700511932373,-1.0739717483520508,0.05398928374052048,0.05928195267915726,0.10053557902574539
2402,-0.927314817905426,-0.9943955540657043,0.038089632987976074,0.028991080820560455,0.10050772875547409
2403,-0.840574324131012,-0.9343416690826416,0.039862312376499176,0.05390503630042076,0.1004796028137207
2404,-0.766968846321106,-0.8371120691299438,0.02774137258529663,0.042401839047670364,0.10045105218887329
2405,-0.9050161242485046,-1.088207483291626,0.09869549423456192,0.08449584245681763,0.10042279213666916
2406,-1.725306749343872,-1.7928636074066162,0.032407693564891815,0.035149265080690384,0.10039423406124115
2407,-0.9187796711921692,-1.0432888269424438,0.06415151059627533,0.060357630252838135,0.10036618262529373
2408,-0.918501615524292,-0.9682254195213318,0.02491123601794243,0.02481260523200035,0.10033754259347916
2409,-1.0690306425094604,-1.2263398170471191,0.06373491138219833,0.09357426315546036,0.10030891746282578
2410,-0.9211959838867188,-1.0224674940109253,0.06144191697239876,0.03982963785529137,0.10027981549501419
2411,-1.299415946006775,-1.418389081954956,0.051383182406425476,0.06759005039930344,0.10025100409984589
2412,-1.3695566654205322,-1.529079556465149,0.08874104917049408,0.07078183442354202,0.10022244602441788
2413,-0.6785901784896851,-0.7502199411392212,0.02979978546500206,0.04182998090982437,0.1001940444111824
2414,-0.9665195941925049,-1.0013058185577393,0.011875377036631107,0.022910811007022858,0.10016516596078873
2415,-0.6324543952941895,-0.7212815880775452,0.04273472726345062,0.046092428267002106,0.10013629496097565
2416,-1.392006278038025,-1.483604073524475,0.04888703674077988,0.042710792273283005,0.1001075804233551
2417,-1.4135396480560303,-1.5048696994781494,0.04534776881337166,0.045982249081134796,0.10007879883050919
2418,-0.9469435214996338,-1.0173925161361694,0.033441003412008286,0.03700798377394676,0.1000499352812767
2419,-0.6533815860748291,-0.7347006797790527,0.03937790170311928,0.04194117709994316,0.10002098232507706
2420,-1.1019421815872192,-1.1656941175460815,0.030678408220410347,0.033073555678129196,0.09999172389507294
2421,-0.7708842754364014,-0.8200454711914062,0.025468507781624794,0.023692665621638298,0.09996254742145538
2422,-1.1317123174667358,-1.2176529169082642,0.03822716325521469,0.04771335422992706,0.09993390738964081
2423,-1.123889446258545,-1.1689873933792114,0.019300611689686775,0.02579730935394764,0.0999053418636322
2424,-1.033591866493225,-1.146955966949463,0.04319549351930618,0.07016856223344803,0.09987638145685196
2425,-0.9399367570877075,-1.0258835554122925,0.03936272859573364,0.04658409208059311,0.09984728693962097
2426,-1.072210431098938,-1.3187713623046875,0.12603700160980225,0.12052398175001144,0.09981808066368103
2427,-1.6619514226913452,-1.7336044311523438,0.030163824558258057,0.04148922488093376,0.09978903084993362
2428,-1.0536234378814697,-1.127076268196106,0.03372221067547798,0.039730705320835114,0.09976065158843994
2429,-1.1416237354278564,-1.2065752744674683,0.03489503636956215,0.030056482180953026,0.09973172843456268
2430,-0.9505743384361267,-1.0745023488998413,0.04487389326095581,0.07905417680740356,0.0997026339173317
2431,-1.3378238677978516,-1.448639154434204,0.05321647226810455,0.0575987882912159,0.09967351704835892
2432,-0.7327868938446045,-0.7815238833427429,0.027029119431972504,0.021707909181714058,0.09964422136545181
2433,-0.8331572413444519,-0.9307900667190552,0.04719538614153862,0.050437428057193756,0.09961500018835068
2434,-0.8527019023895264,-0.916330873966217,0.022993456572294235,0.04063553735613823,0.0995853915810585
2435,-0.7694330811500549,-0.9885842800140381,0.11274788528680801,0.10640329122543335,0.0995560735464096
2436,-1.2372798919677734,-1.3522471189498901,0.06733179092407227,0.047635454684495926,0.09952680766582489
2437,-0.7525933384895325,-0.9787527322769165,0.10817712545394897,0.11798225343227386,0.09949805587530136
2438,-0.7920742034912109,-1.075226902961731,0.14984703063964844,0.1333056539297104,0.09946918487548828
2439,-1.235378623008728,-1.3054038286209106,0.03191988542675972,0.03810534253716469,0.09943990409374237
2440,-1.272468090057373,-1.3705463409423828,0.04810205101966858,0.04997625574469566,0.09941067546606064
2441,-0.9895976781845093,-1.136831283569336,0.07250360399484634,0.0747300460934639,0.0993812158703804
2442,-1.12749445438385,-1.2512781620025635,0.052939966320991516,0.07084371894598007,0.09935193508863449
2443,-0.9762625694274902,-1.0964386463165283,0.0628051608800888,0.05737091600894928,0.09932280331850052
2444,-1.1481326818466187,-1.3146209716796875,0.07732696086168289,0.08916131407022476,0.09929342567920685
2445,-1.559052586555481,-1.6659116744995117,0.04361291602253914,0.06324610114097595,0.09926440566778183
2446,-1.4274623394012451,-1.5069806575775146,0.03752009570598602,0.041998241096735,0.09923534840345383
2447,-0.9165361523628235,-1.104053258895874,0.09609365463256836,0.09142347425222397,0.09920622408390045
2448,-0.8361331224441528,-0.945601224899292,0.046112000942230225,0.06335610896348953,0.09917737543582916
2449,-1.2212105989456177,-1.3146015405654907,0.04926113411784172,0.044129811227321625,0.0991489589214325
2450,-0.6222754120826721,-0.9111031293869019,0.1483379304409027,0.14048977196216583,0.09912047535181046
2451,-0.9678027629852295,-1.1754359006881714,0.08477629721164703,0.12285683304071426,0.09909188002347946
2452,-1.4775092601776123,-1.5617009401321411,0.034374311566352844,0.04981737583875656,0.09906323254108429
2453,-0.7213370203971863,-0.8801838159561157,0.07502306997776031,0.08382375538349152,0.09903522580862045
2454,-0.9028147459030151,-0.9845157861709595,0.0355631522834301,0.046137865632772446,0.09900767356157303
2455,-0.8482160568237305,-0.9421873092651367,0.04482916742563248,0.049142032861709595,0.09898059815168381
2456,-0.8759804368019104,-0.9330370426177979,0.02803003415465355,0.029026545584201813,0.09895370155572891
2457,-1.1637628078460693,-1.2308350801467896,0.031449832022190094,0.035622451454401016,0.09892706573009491
2458,-1.148812174797058,-1.2129602432250977,0.025428276509046555,0.03871973976492882,0.09890016168355942
2459,-1.14553701877594,-1.2807589769363403,0.06477531790733337,0.07044661790132523,0.0988730937242508
2460,-1.0399296283721924,-1.1560475826263428,0.0638720691204071,0.05224580317735672,0.09884615242481232
2461,-1.0649309158325195,-1.1436285972595215,0.02443867363035679,0.05425909906625748,0.09881912916898727
2462,-1.1388275623321533,-1.289361596107483,0.07486474514007568,0.07566923648118973,0.0987926498055458
2463,-1.1145365238189697,-1.2047683000564575,0.04466672241687775,0.04556502401828766,0.09876641631126404
2464,-0.522914707660675,-0.6611554622650146,0.0652313083410263,0.0730094164609909,0.09874004125595093
2465,-0.9379613399505615,-1.07863187789917,0.05578278750181198,0.08488775789737701,0.0987139642238617
2466,-1.142177939414978,-1.2406601905822754,0.04360295459628105,0.054879311472177505,0.09868746250867844
2467,-1.1171127557754517,-1.3583968877792358,0.12179914861917496,0.1194850355386734,0.09866179525852203
2468,-1.7185187339782715,-1.7684977054595947,0.02693367376923561,0.023045286536216736,0.09863592684268951
2469,-1.2376383543014526,-1.3364324569702148,0.03959427773952484,0.05919977277517319,0.09861008822917938
2470,-0.49130335450172424,-0.5811445116996765,0.03878631070256233,0.05105486512184143,0.09858371317386627
2471,-1.1514331102371216,-1.2779319286346436,0.06686364859342575,0.05963519215583801,0.09855739027261734
2472,-1.2225754261016846,-1.3006503582000732,0.041900552809238434,0.03617439791560173,0.09853076934814453
2473,-1.2706005573272705,-1.468651533126831,0.09014339745044708,0.10790754854679108,0.09850478917360306
2474,-1.3779022693634033,-1.5253376960754395,0.0641472339630127,0.08328817039728165,0.09847839921712875
2475,-1.3100402355194092,-1.3734126091003418,0.029228147119283676,0.03414427861571312,0.09845172613859177
2476,-1.1552200317382812,-1.2319844961166382,0.038076892495155334,0.038687631487846375,0.0984245240688324
2477,-0.8024905920028687,-0.9203467965126038,0.05340368673205376,0.06445255875587463,0.09839670360088348
2478,-1.0075396299362183,-1.106621265411377,0.04486731439828873,0.05421435832977295,0.09836862236261368
2479,-0.8854129314422607,-1.0283989906311035,0.06639209389686584,0.07659399509429932,0.09834083169698715
2480,-1.2994247674942017,-1.4415709972381592,0.05854962393641472,0.08359657973051071,0.0983131006360054
2481,-0.9128245115280151,-1.0345193147659302,0.061894550919532776,0.059800248593091965,0.09828533232212067
2482,-0.9362319111824036,-1.0561139583587646,0.04696911945939064,0.07291285693645477,0.09825723618268967
2483,-0.9183297753334045,-1.0965216159820557,0.0910278782248497,0.0871639996767044,0.09822924435138702
2484,-1.1915096044540405,-1.40981125831604,0.09747189283370972,0.12082966417074203,0.09820098429918289
2485,-0.8549450039863586,-1.0737671852111816,0.10312394052743912,0.11569823324680328,0.09817218780517578
2486,-1.0606842041015625,-1.1676558256149292,0.043437834829092026,0.06353379786014557,0.09814342856407166
2487,-1.175499677658081,-1.2629927396774292,0.04743994399905205,0.04005317762494087,0.09811486303806305
2488,-0.7662886381149292,-0.8773365616798401,0.04916718229651451,0.061880771070718765,0.09808620810508728
2489,-0.794451117515564,-0.878168523311615,0.040572069585323334,0.04314534366130829,0.09805747121572495
2490,-0.686053991317749,-0.8501578569412231,0.07523776590824127,0.08886610716581345,0.09802914410829544
2491,-1.2437573671340942,-1.3117210865020752,0.03268496319651604,0.03527882695198059,0.09800124168395996
2492,-1.175776720046997,-1.2920914888381958,0.03944193571805954,0.076872818171978,0.09797365218400955
2493,-0.853534460067749,-0.941379189491272,0.041171327233314514,0.04667343199253082,0.09794623404741287
2494,-0.6817052960395813,-0.8921148777008057,0.11186125129461288,0.09854836761951447,0.09791891276836395
2495,-0.8939813375473022,-0.9420005679130554,0.020695697516202927,0.027323545888066292,0.09789165109395981
2496,-1.4975056648254395,-1.586571216583252,0.0412127710878849,0.04785275459289551,0.09786460548639297
2497,-1.1690768003463745,-1.2448996305465698,0.035265956073999405,0.04055692255496979,0.09783761203289032
2498,-1.5379126071929932,-1.7121613025665283,0.08918190002441406,0.08506684005260468,0.09781093150377274
2499,-1.0382981300354004,-1.123119592666626,0.03692025691270828,0.04790116101503372,0.09778402000665665
2500,-0.7635751366615295,-0.8757592439651489,0.04369974136352539,0.06848437339067459,0.09775707125663757
2501,-1.1612542867660522,-1.2205463647842407,0.030028507113456726,0.029263636097311974,0.09773018211126328
2502,-1.214350938796997,-1.2818970680236816,0.034970853477716446,0.03257529437541962,0.09770336747169495
2503,-0.6602352261543274,-0.730602502822876,0.033410247415304184,0.036957036703825,0.09767662733793259
2504,-1.1908906698226929,-1.2650381326675415,0.027289969846606255,0.04685746133327484,0.09764903783798218
2505,-1.1610801219940186,-1.2788670063018799,0.0590081550180912,0.05877871438860893,0.09762133657932281
2506,-1.113802433013916,-1.200968623161316,0.037493545562028885,0.04967254400253296,0.09759370982646942
2507,-1.2337920665740967,-1.331465482711792,0.044632259756326675,0.053041063249111176,0.09756651520729065
2508,-0.9484958052635193,-0.9948253631591797,0.0238189697265625,0.022510599344968796,0.09753955900669098
2509,-0.716101884841919,-0.8755035996437073,0.07656682282686234,0.08283492922782898,0.09751288592815399
2510,-1.0477640628814697,-1.1260384321212769,0.02959391660988331,0.04868047684431076,0.0974864810705185
2511,-1.2771425247192383,-1.3473726511001587,0.03429553285241127,0.035934560000896454,0.09746059030294418
2512,-1.1194524765014648,-1.2297475337982178,0.053888071328401566,0.056407034397125244,0.09743499010801315
2513,-1.3841474056243896,-1.4475232362747192,0.03778139129281044,0.025594502687454224,0.09740892797708511
2514,-1.1404625177383423,-1.24576735496521,0.042839258909225464,0.062465596944093704,0.09738299250602722
2515,-1.0022766590118408,-1.057329535484314,0.024686481803655624,0.030366448685526848,0.09735698997974396
2516,-1.147342562675476,-1.2341294288635254,0.03970944881439209,0.04707736149430275,0.09733095020055771
2517,-1.1292502880096436,-1.222757339477539,0.0383354127407074,0.05517163127660751,0.09730485081672668
2518,-1.0355693101882935,-1.1195613145828247,0.03692976012825966,0.04706224054098129,0.09727891534566879
2519,-1.3190683126449585,-1.3720436096191406,0.02309385873377323,0.02988142892718315,0.09725312888622284
2520,-1.1989277601242065,-1.2424609661102295,0.018828071653842926,0.024705195799469948,0.09722704440355301
2521,-1.5143839120864868,-1.6308571100234985,0.04878882318735123,0.06768444180488586,0.09720106422901154
2522,-0.8777315020561218,-0.9512773156166077,0.028331756591796875,0.045214030891656876,0.09717501699924469
2523,-0.5592992901802063,-0.6027509570121765,0.01775805838406086,0.025693612173199654,0.09714969992637634
2524,-1.3494012355804443,-1.3950326442718506,0.019373124465346336,0.026258202269673347,0.09712422639131546
2525,-0.9843796491622925,-1.0435364246368408,0.02459772862493992,0.034559011459350586,0.097098708152771
2526,-1.0868148803710938,-1.2419042587280273,0.06378444284200668,0.09130488336086273,0.09707356989383698
2527,-0.9056054949760437,-1.082078218460083,0.08455853909254074,0.09191415458917618,0.0970485582947731
2528,-1.0322719812393188,-1.0947059392929077,0.02443079650402069,0.03800325095653534,0.09702331572771072
2529,-1.2160981893539429,-1.2609248161315918,0.01964375376701355,0.025182854384183884,0.09699803590774536
2530,-1.2427880764007568,-1.3811469078063965,0.06575830280780792,0.07260045409202576,0.0969727411866188
2531,-1.3282338380813599,-1.3780783414840698,0.020764272660017014,0.029080219566822052,0.09694742411375046
2532,-1.2715504169464111,-1.4499332904815674,0.08931731432676315,0.08906558156013489,0.09692232310771942
2533,-0.9149722456932068,-1.0254055261611938,0.047160107642412186,0.06327319145202637,0.09689709544181824
2534,-1.4952430725097656,-1.618945837020874,0.051279447972774506,0.07242327928543091,0.09687173366546631
2535,-1.5189740657806396,-1.6200945377349854,0.04855596274137497,0.05256448686122894,0.09684605151414871
2536,-0.550769031047821,-0.7071244716644287,0.07654094696044922,0.07981451600790024,0.09682028740644455
2537,-0.6896750926971436,-1.0188229084014893,0.15301859378814697,0.17612920701503754,0.09679446369409561
2538,-1.1389243602752686,-1.2958853244781494,0.07556807994842529,0.08139292150735855,0.09676901251077652
2539,-0.9438585042953491,-1.087882399559021,0.07431206852197647,0.06971178948879242,0.09674359112977982
2540,-1.5806455612182617,-1.6373238563537598,0.02445507049560547,0.03222323954105377,0.0967179462313652
2541,-1.8618382215499878,-1.9419610500335693,0.035631440579891205,0.04449141398072243,0.09669230133295059
2542,-0.9891692996025085,-1.1031705141067505,0.049511127173900604,0.06449016183614731,0.09666628390550613
2543,-1.2404735088348389,-1.3401145935058594,0.047688134014606476,0.05195293575525284,0.09664056450128555
2544,-1.24764084815979,-1.3363028764724731,0.04901348799467087,0.039648521691560745,0.09661491960287094
2545,-0.8920471668243408,-1.121208906173706,0.10542397201061249,0.12373784184455872,0.0965893343091011
2546,-0.920501708984375,-1.132124662399292,0.09913238137960434,0.11249054223299026,0.09656407684087753
2547,-1.5135458707809448,-1.6034677028656006,0.039445191621780396,0.05047672614455223,0.0965384766459465
2548,-1.1646915674209595,-1.3328967094421387,0.08990088105201721,0.07830431312322617,0.09651288390159607
2549,-0.636706531047821,-0.7233073115348816,0.03729516267776489,0.04930562153458595,0.09648727625608444
2550,-1.5711548328399658,-1.6430424451828003,0.028881380334496498,0.04300621524453163,0.09646124392747879
2551,-0.9295074939727783,-0.9777076840400696,0.018066884949803352,0.03013332560658455,0.09643498063087463
2552,-1.3451753854751587,-1.5489906072616577,0.09078601002693176,0.11302924156188965,0.09640859067440033
2553,-0.9972301125526428,-1.3035550117492676,0.11596346646547318,0.19036144018173218,0.09638220816850662
2554,-1.6094567775726318,-1.7321127653121948,0.06377435475587845,0.05888162553310394,0.09635581076145172
2555,-1.2658923864364624,-1.3581825494766235,0.0404747873544693,0.05181543529033661,0.09632913768291473
2556,-1.2642790079116821,-1.3573654890060425,0.043669119477272034,0.049417391419410706,0.09630215913057327
2557,-1.2958570718765259,-1.3714908361434937,0.034886304289102554,0.04074744135141373,0.09627515822649002
2558,-1.4328787326812744,-1.500067949295044,0.0369066447019577,0.030282655730843544,0.09624844789505005
2559,-1.484175682067871,-1.6049678325653076,0.06584940105676651,0.054942674934864044,0.09622150659561157
2560,-1.443783164024353,-1.5774879455566406,0.06547338515520096,0.06823134422302246,0.096194788813591
2561,-0.563863217830658,-0.6980966329574585,0.05697741359472275,0.07725601643323898,0.09616836905479431
2562,-0.6356676816940308,-0.7344996333122253,0.040128301829099655,0.05870368331670761,0.09614214301109314
2563,-1.050623893737793,-1.15030038356781,0.05044812709093094,0.04922827333211899,0.09611605852842331
2564,-1.0133506059646606,-1.0618534088134766,0.018536057323217392,0.02996675856411457,0.09608961641788483
2565,-1.2244755029678345,-1.2809196710586548,0.03083628974854946,0.025607876479625702,0.09606332331895828
2566,-0.9922136068344116,-1.0588213205337524,0.035230353474617004,0.031377315521240234,0.09603694081306458
2567,-0.483737975358963,-1.0490992069244385,0.27036184072494507,0.2949993908405304,0.09601111710071564
2568,-1.223892331123352,-1.2652370929718018,0.022723369300365448,0.018621424213051796,0.09598541259765625
2569,-0.6694965958595276,-0.7552255392074585,0.02591788023710251,0.05981104075908661,0.0959596261382103
2570,-0.9889845252037048,-1.097428321838379,0.05784985423088074,0.05059391260147095,0.09593359380960464
2571,-1.1056406497955322,-1.2751784324645996,0.08348996192216873,0.08604773133993149,0.09590795636177063
2572,-1.0312029123306274,-1.0985723733901978,0.036922045052051544,0.030447417870163918,0.09588198363780975
2573,-1.177234172821045,-1.2630293369293213,0.04432561621069908,0.04146952927112579,0.09585627168416977
2574,-0.5339240431785583,-0.7597839832305908,0.09311170876026154,0.13274824619293213,0.09583074599504471
2575,-0.9174426198005676,-1.0190532207489014,0.04029718041419983,0.0613134540617466,0.09580525010824203
2576,-1.3685529232025146,-1.4166861772537231,0.020978212356567383,0.027154993265867233,0.09577947109937668
2577,-1.159285306930542,-1.2145016193389893,0.02623814158141613,0.028978213667869568,0.09575355052947998
2578,-1.1510707139968872,-1.2652547359466553,0.06325255334377289,0.05093143507838249,0.09572736918926239
2579,-1.006831169128418,-1.0998481512069702,0.04299299046397209,0.05002407729625702,0.09570124000310898
2580,-0.821310818195343,-0.9179413914680481,0.039810746908187866,0.056819848716259,0.095675028860569
2581,-1.1108574867248535,-1.2815638780593872,0.08174335211515427,0.08896305412054062,0.0956488698720932
2582,-1.117006778717041,-1.2048320770263672,0.03908827155828476,0.04873710870742798,0.09562262147665024
2583,-0.6322327852249146,-0.755734384059906,0.05373579263687134,0.06976578384637833,0.09559668600559235
2584,-1.121896743774414,-1.255821704864502,0.061524081975221634,0.07240098714828491,0.09557104855775833
2585,-0.8442150354385376,-0.9850479960441589,0.07712038606405258,0.06371260434389114,0.09554518759250641
2586,-1.2393157482147217,-1.3189340829849243,0.03865084424614906,0.04096749797463417,0.09551933407783508
2587,-1.2806545495986938,-1.474473237991333,0.09434132277965546,0.09947742521762848,0.09549369663000107
2588,-0.9351178407669067,-1.268797755241394,0.16782090067863464,0.16585901379585266,0.09546790271997452
2589,-0.9378898739814758,-1.0224664211273193,0.03450778126716614,0.05006876960396767,0.09544184803962708
2590,-0.9073634147644043,-1.0202662944793701,0.05649518966674805,0.056407660245895386,0.09541583806276321
2591,-0.9631507992744446,-1.1624785661697388,0.09475623071193695,0.10457153618335724,0.09539040923118591
2592,-1.0340487957000732,-1.0936741828918457,0.02330896072089672,0.03631635382771492,0.09536478668451309
2593,-1.114621877670288,-1.2345330715179443,0.049696777015924454,0.07021439075469971,0.09533873200416565
2594,-1.6407722234725952,-1.8005162477493286,0.05966189503669739,0.10008212178945541,0.0953127071261406
2595,-1.015108346939087,-1.110694408416748,0.04227503389120102,0.05331094190478325,0.09528642147779465
2596,-1.1314513683319092,-1.212660551071167,0.04357249662280083,0.03763660043478012,0.09526020288467407
2597,-1.3187062740325928,-1.3964706659317017,0.031999025493860245,0.045765385031700134,0.09523386508226395
2598,-1.3124693632125854,-1.4501283168792725,0.04844219610095024,0.08921673148870468,0.09520723670721054
2599,-1.2572216987609863,-1.4883919954299927,0.13523034751415253,0.09593994915485382,0.09518077224493027
2600,-1.70396089553833,-1.7773648500442505,0.03759321942925453,0.035810649394989014,0.09515411406755447
2601,-1.1675870418548584,-1.267447590827942,0.05173793435096741,0.04812265560030937,0.09512747824192047
2602,-0.9786663055419922,-1.0730457305908203,0.043778061866760254,0.05060133710503578,0.09510096907615662
2603,-0.7427123188972473,-0.9083207845687866,0.07454697787761688,0.09106148034334183,0.09507467597723007
2604,-1.545998215675354,-1.6249130964279175,0.03984135761857033,0.03907348960638046,0.0950479507446289
2605,-1.4197694063186646,-1.4713866710662842,0.0249410979449749,0.02667618729174137,0.09502109885215759
2606,-1.3721989393234253,-1.458928108215332,0.03935552015900612,0.04737364500761032,0.09499426186084747
2607,-1.0924291610717773,-1.1816688776016235,0.04199511930346489,0.04724454507231712,0.09496767818927765
2608,-0.8326331973075867,-0.9162269234657288,0.04187718406319618,0.041716501116752625,0.09494150429964066
2609,-0.8796330690383911,-1.0142964124679565,0.06705459952354431,0.06760873645544052,0.09491552412509918
2610,-0.7205555438995361,-0.7791000604629517,0.019770506769418716,0.03877399116754532,0.09488949924707413
2611,-0.8848745822906494,-0.9974343180656433,0.04462515190243721,0.0679345652461052,0.09486344456672668
2612,-1.0241756439208984,-1.173406720161438,0.06741717457771301,0.08181391656398773,0.09483709931373596
2613,-1.3507392406463623,-1.399573564529419,0.02086555026471615,0.027968738228082657,0.09481105208396912
2614,-1.6384755373001099,-1.745290756225586,0.05405517295002937,0.05275994911789894,0.09478487819433212
2615,-1.1500848531723022,-1.237319827079773,0.04622938483953476,0.04100557416677475,0.09475930035114288
2616,-1.0223588943481445,-1.0634937286376953,0.014608143828809261,0.026526687666773796,0.09473393112421036
2617,-1.3128491640090942,-1.5236577987670898,0.1013067439198494,0.10950183868408203,0.09470868855714798
2618,-1.2458341121673584,-1.293541669845581,0.02145431563258171,0.026253268122673035,0.09468391537666321
2619,-0.7138546705245972,-0.8308194875717163,0.054987870156764984,0.06197699159383774,0.094659224152565
2620,-1.004284143447876,-1.1155872344970703,0.03659551963210106,0.07470756769180298,0.09463456273078918
2621,-0.9110606908798218,-1.0019711256027222,0.05142206326127052,0.03948836773633957,0.09461046755313873
2622,-1.3140558004379272,-1.43122398853302,0.056585781276226044,0.06058236584067345,0.0945863351225853
2623,-0.7002530097961426,-0.7856330871582031,0.03854580596089363,0.04683428257703781,0.09456243366003036
2624,-1.249827265739441,-1.3785648345947266,0.04883142188191414,0.07990608364343643,0.09453827142715454
2625,-1.0421861410140991,-1.137532114982605,0.04121296852827072,0.0541331022977829,0.09451374411582947
2626,-1.524773120880127,-1.6189994812011719,0.04535796493291855,0.04886847734451294,0.0944889634847641
2627,-1.3116964101791382,-1.378143548965454,0.038665831089019775,0.027781374752521515,0.09446457028388977
2628,-0.8733453154563904,-0.9944059252738953,0.05123355984687805,0.06982702761888504,0.09444020688533783
2629,-1.050772786140442,-1.128653883934021,0.04183054342865944,0.03605060651898384,0.09441591054201126
2630,-0.6194170117378235,-0.733169436454773,0.05537646636366844,0.05837596207857132,0.0943916067481041
2631,-1.3199836015701294,-1.4600526094436646,0.0672709122300148,0.07279811799526215,0.09436730295419693
2632,-1.195602297782898,-1.2796581983566284,0.03584469482302666,0.048211243003606796,0.09434296190738678
2633,-1.0632461309432983,-1.241095781326294,0.08901503682136536,0.08883459120988846,0.0943182185292244
2634,-1.5003666877746582,-1.6212570667266846,0.04978540539741516,0.07110505551099777,0.09429294615983963
2635,-1.1711926460266113,-1.2589521408081055,0.05213554948568344,0.035623908042907715,0.09426772594451904
2636,-1.6326314210891724,-1.8388200998306274,0.10012802481651306,0.10606057941913605,0.09424224495887756
2637,-0.831081748008728,-0.8838300108909607,0.023614834994077682,0.029133420437574387,0.09421654045581818
2638,-1.0559567213058472,-1.1205615997314453,0.02636917494237423,0.03823567181825638,0.09419076144695282
2639,-0.9097884297370911,-0.9689686894416809,0.024424104019999504,0.034756168723106384,0.09416522830724716
2640,-1.5845704078674316,-1.6769061088562012,0.035577692091464996,0.05675802007317543,0.09413966536521912
2641,-0.905860185623169,-0.9868454933166504,0.03647106513381004,0.044514212757349014,0.09411405771970749
2642,-1.092106580734253,-1.1290186643600464,0.017926182597875595,0.018985828384757042,0.09408885985612869
2643,-0.9455031752586365,-1.1201269626617432,0.08339878916740417,0.09122496843338013,0.094063900411129
2644,-0.8545950651168823,-0.9960230588912964,0.07315707206726074,0.06827094405889511,0.09403856098651886
2645,-1.1696338653564453,-1.2166993618011475,0.02446548454463482,0.022600004449486732,0.09401300549507141
2646,-1.6981635093688965,-1.7839326858520508,0.04415656626224518,0.04161263257265091,0.09398797154426575
2647,-0.7905988693237305,-0.8997154235839844,0.04283440485596657,0.06628212332725525,0.0939626470208168
2648,-0.8823341131210327,-0.9981071949005127,0.06913616508245468,0.04663696140050888,0.09393740445375443
2649,-0.8330484628677368,-0.904915452003479,0.03265922889113426,0.039207760244607925,0.09391288459300995
2650,-1.1231447458267212,-1.1686094999313354,0.0262361541390419,0.01922854781150818,0.09388790279626846
2651,-1.5693244934082031,-1.7324262857437134,0.08589515835046768,0.07720663398504257,0.09386265277862549
2652,-0.5786369442939758,-0.7056242823600769,0.06712295860052109,0.059864409267902374,0.09383806586265564
2653,-1.277287483215332,-1.3693186044692993,0.04055184870958328,0.05147923529148102,0.09381325542926788
2654,-1.00375497341156,-1.1749399900436401,0.08870171755552292,0.08248331397771835,0.09378905594348907
2655,-1.0924738645553589,-1.204238772392273,0.06139965355396271,0.050365157425403595,0.09376510977745056
2656,-0.7803020477294922,-0.8481568694114685,0.03209082782268524,0.03576397895812988,0.09374117106199265
2657,-1.102911114692688,-1.228213906288147,0.05142999440431595,0.07387284934520721,0.09371708333492279
2658,-1.0410974025726318,-1.1187939643859863,0.03581053018569946,0.04188612848520279,0.09369302541017532
2659,-1.0504499673843384,-1.1349599361419678,0.04207199439406395,0.04243798553943634,0.09366874396800995
2660,-1.1856051683425903,-1.2869876623153687,0.04551662877202034,0.05586586147546768,0.09364395588636398
2661,-0.8888100981712341,-0.9949672818183899,0.038880474865436554,0.06727669388055801,0.09361899644136429
2662,-0.7632983326911926,-0.8484933972358704,0.04079774394631386,0.044397301971912384,0.0935937836766243
2663,-0.8706226944923401,-0.9932633638381958,0.05997536703944206,0.06266529113054276,0.09356825798749924
2664,-1.491799235343933,-1.575879693031311,0.04200879484415054,0.04207164794206619,0.09354222565889359
2665,-0.9635826349258423,-1.0341238975524902,0.03693947568535805,0.03360174968838692,0.09351615607738495
2666,-1.465066909790039,-1.5426722764968872,0.04123159497976303,0.03637368232011795,0.0934901013970375
2667,-0.8429592847824097,-0.9158056378364563,0.038001708686351776,0.034844666719436646,0.09346458315849304
2668,-1.269388198852539,-1.4159355163574219,0.06081278994679451,0.0857345312833786,0.09343880414962769
2669,-0.9229363203048706,-1.1148337125778198,0.09146739542484283,0.10043001919984818,0.09341267496347427
2670,-0.8352739214897156,-0.8940727710723877,0.0170722845941782,0.04172658920288086,0.09338691085577011
2671,-0.9658555388450623,-1.0720387697219849,0.042079050093889236,0.06410413980484009,0.09336090832948685
2672,-1.1779637336730957,-1.291866421699524,0.049363698810338974,0.06453891098499298,0.09333518147468567
2673,-0.975899875164032,-1.0630993843078613,0.05140969529747963,0.035789769142866135,0.09331008046865463
2674,-1.5247780084609985,-1.5546238422393799,0.013142838142812252,0.01670299470424652,0.09328518807888031
2675,-1.2312785387039185,-1.3033359050750732,0.037796348333358765,0.03426099568605423,0.09326030313968658
2676,-1.1191681623458862,-1.267258882522583,0.07757297903299332,0.07051777094602585,0.09323569387197495
2677,-1.2747995853424072,-1.5010758638381958,0.10451037436723709,0.12176579236984253,0.09321147203445435
2678,-1.1855692863464355,-1.2775425910949707,0.042475733906030655,0.04949761927127838,0.09318733960390091
2679,-1.2362359762191772,-1.5070724487304688,0.13093039393424988,0.13990607857704163,0.09316319227218628
2680,-1.4206610918045044,-1.5934264659881592,0.07525952905416489,0.09750579297542572,0.09313885122537613
2681,-1.3200392723083496,-1.4904143810272217,0.07740738242864609,0.09296777844429016,0.09311440587043762
2682,-1.2120448350906372,-1.3584586381912231,0.07800599932670593,0.06840780377388,0.09309002757072449
2683,-1.3865851163864136,-1.526208519935608,0.060242053121328354,0.07938139140605927,0.09306555241346359
2684,-1.1417895555496216,-1.3174313306808472,0.07020590454339981,0.1054357960820198,0.09304077178239822
2685,-1.3330588340759277,-1.4160680770874023,0.0317319892346859,0.0512772761285305,0.09301608800888062
2686,-0.9520691633224487,-1.0209201574325562,0.03489217534661293,0.0339588038623333,0.09299107640981674
2687,-1.0167964696884155,-1.0968799591064453,0.03459550812840462,0.04548802971839905,0.09296584874391556
2688,-1.0450966358184814,-1.1532702445983887,0.0532134473323822,0.05496013164520264,0.09294020384550095
2689,-1.155545949935913,-1.2900325059890747,0.06283880025148392,0.0716477781534195,0.09291432797908783
2690,-0.8102432489395142,-0.8658721446990967,0.025135360658168793,0.03049357235431671,0.09288854897022247
2691,-1.4210002422332764,-1.573516607284546,0.07166284322738647,0.08085347712039948,0.09286265820264816
2692,-1.2597815990447998,-1.401646375656128,0.07958697527647018,0.06227775663137436,0.09283700585365295
2693,-1.2674174308776855,-1.4706817865371704,0.08944918215274811,0.11381523311138153,0.09281162172555923
2694,-1.0480613708496094,-1.1344531774520874,0.041198570281267166,0.045193158090114594,0.09278639405965805
2695,-0.6170973181724548,-0.6788831353187561,0.027160366997122765,0.03462545573711395,0.09276138246059418
2696,-1.0366365909576416,-1.1900309324264526,0.07145047187805176,0.08194385468959808,0.0927363932132721
2697,-1.2287713289260864,-1.3991901874542236,0.0739779993891716,0.09644093364477158,0.09271152317523956
2698,-0.9234509468078613,-0.9760259389877319,0.02437312714755535,0.028201857581734657,0.0926864817738533
2699,-0.8892104625701904,-0.9860163331031799,0.04654892906546593,0.05025698244571686,0.09266126900911331
2700,-0.5968883037567139,-0.6644686460494995,0.03317300230264664,0.03440733999013901,0.09263653308153152
2701,-0.8238425254821777,-0.8886288404464722,0.02918655425310135,0.03559974953532219,0.09261173009872437
2702,-1.1086235046386719,-1.182922124862671,0.038345158100128174,0.03595346957445145,0.09258660674095154
2703,-0.8831340074539185,-1.0782538652420044,0.0867307186126709,0.10838914662599564,0.09256120026111603
2704,-1.250751256942749,-1.3055264949798584,0.027520332485437393,0.027254944667220116,0.0925360694527626
2705,-0.8731415867805481,-1.0183682441711426,0.07612591236829758,0.06910073757171631,0.09251050651073456
2706,-0.7470511794090271,-0.8410145044326782,0.056552592664957047,0.037410736083984375,0.0924842581152916
2707,-0.6497265696525574,-0.8302741646766663,0.07222799956798553,0.10831960290670395,0.09245802462100983
2708,-1.2839750051498413,-1.3572883605957031,0.030341267585754395,0.04297204315662384,0.09243135899305344
2709,-1.1625550985336304,-1.3047417402267456,0.07207939028739929,0.07010717689990997,0.09240513294935226
2710,-0.9940884113311768,-1.152218222618103,0.08014136552810669,0.077988401055336,0.09237857162952423
2711,-0.8993837237358093,-0.9722005128860474,0.03103545308113098,0.04178134351968765,0.09235205501317978
2712,-1.1897940635681152,-1.276680827140808,0.041883379220962524,0.04500346630811691,0.09232565760612488
2713,-1.6037169694900513,-1.6620469093322754,0.02231057919561863,0.036019302904605865,0.09229964762926102
2714,-1.1902095079421997,-1.2525949478149414,0.030997607856988907,0.031387809664011,0.09227387607097626
2715,-1.0628502368927002,-1.2521485090255737,0.09384308755397797,0.0954551100730896,0.09224832057952881
2716,-1.0663573741912842,-1.1744868755340576,0.04695859178900719,0.06117094308137894,0.09222269803285599
2717,-1.0161856412887573,-1.0775262117385864,0.028284888714551926,0.03305560722947121,0.09219719469547272
2718,-0.60881507396698,-0.6455031633377075,0.01859179511666298,0.018096286803483963,0.09217143803834915
2719,-0.914570152759552,-1.1089516878128052,0.0944003015756607,0.09998123347759247,0.09214575588703156
2720,-0.854255735874176,-0.9218380451202393,0.034698426723480225,0.0328839011490345,0.09212016314268112
2721,-1.4170852899551392,-1.5147968530654907,0.045597828924655914,0.05211380496621132,0.09209466725587845
2722,-0.9119279384613037,-1.071077823638916,0.0639834925532341,0.09516645967960358,0.09206966310739517
2723,-1.2337441444396973,-1.452519416809082,0.11212155967950821,0.10665367543697357,0.0920449048280716
2724,-1.2139959335327148,-1.292084813117981,0.03444983437657356,0.04363911971449852,0.09202001988887787
2725,-1.133390188217163,-1.1866739988327026,0.028140097856521606,0.02514372579753399,0.09199510514736176
2726,-1.1896778345108032,-1.26236891746521,0.04528879001736641,0.027402250096201897,0.09196996688842773
2727,-0.8561835885047913,-1.068122386932373,0.1061401292681694,0.10579865425825119,0.09194512665271759
2728,-1.0330798625946045,-1.2861374616622925,0.11280980706214905,0.14024779200553894,0.09192075580358505
2729,-1.0523227453231812,-1.2933422327041626,0.12282353639602661,0.11819586157798767,0.09189634770154953
2730,-0.8076971769332886,-0.917132556438446,0.05274231731891632,0.05669309198856354,0.09187222272157669
2731,-0.8251879215240479,-0.8596035838127136,0.01699933595955372,0.017416303977370262,0.09184780716896057
2732,-0.9679039716720581,-1.050650715827942,0.035153426229953766,0.04759334772825241,0.09182313084602356
2733,-0.8127738237380981,-0.9004515409469604,0.045819636434316635,0.04185810312628746,0.09179811179637909
2734,-1.171643853187561,-1.217595100402832,0.018517134711146355,0.02743413858115673,0.09177331626415253
2735,-1.5467524528503418,-1.6892979145050049,0.0707373321056366,0.0718081071972847,0.09174885600805283
2736,-1.2634278535842896,-1.321024775505066,0.029594941064715385,0.028002066537737846,0.09172392636537552
2737,-1.4780588150024414,-1.554794430732727,0.037311162799596786,0.03942446410655975,0.091698557138443
2738,-0.9526335000991821,-1.257426381111145,0.1523449718952179,0.152447909116745,0.09167309105396271
2739,-1.033203363418579,-1.080409288406372,0.01619156077504158,0.03101426362991333,0.09164728224277496
2740,-1.352517008781433,-1.5241212844848633,0.084625244140625,0.08697906136512756,0.09162139147520065
2741,-1.073885202407837,-1.2450881004333496,0.0730830654501915,0.09811986237764359,0.09159503132104874
2742,-1.164489507675171,-1.2379313707351685,0.037896864116191864,0.03554494306445122,0.09156876802444458
2743,-1.2036244869232178,-1.36399507522583,0.07367634028196335,0.08669420331716537,0.09154289960861206
2744,-1.5116901397705078,-1.6083391904830933,0.044724538922309875,0.05192449688911438,0.0915168896317482
2745,-1.126121163368225,-1.2297569513320923,0.055582303553819656,0.048053525388240814,0.09149105846881866
2746,-1.528172492980957,-1.6419706344604492,0.04526718705892563,0.06853090226650238,0.09146538376808167
2747,-0.742731511592865,-0.9635553956031799,0.0920795202255249,0.12874436378479004,0.09144000709056854
2748,-0.9747673273086548,-1.0941321849822998,0.05874115228652954,0.06062375009059906,0.0914144366979599
2749,-0.8355443477630615,-0.9293602705001831,0.03909434750676155,0.05472160875797272,0.09138859063386917
2750,-1.1533845663070679,-1.2397583723068237,0.0384773351252079,0.04789653420448303,0.09136258065700531
2751,-1.4512388706207275,-1.5929265022277832,0.05746816098690033,0.08421947062015533,0.09133635461330414
2752,-0.9420157670974731,-1.0603630542755127,0.056220244616270065,0.062126971781253815,0.09131040424108505
2753,-0.9378059506416321,-1.0125598907470703,0.030668819323182106,0.044085144996643066,0.09128408879041672
2754,-1.1141481399536133,-1.25420343875885,0.06495694071054459,0.07509835064411163,0.09125764667987823
2755,-0.8952329754829407,-1.0716360807418823,0.08640089631080627,0.09000221639871597,0.09123162925243378
2756,-1.077639102935791,-1.2135728597640991,0.06694705039262772,0.0689866915345192,0.0912056416273117
2757,-1.514220952987671,-1.6464053392410278,0.05883351340889931,0.07335095852613449,0.09117969870567322
2758,-0.9273803234100342,-1.026746392250061,0.05505531653761864,0.044310737401247025,0.09115322679281235
2759,-1.253138542175293,-1.4363863468170166,0.0908251702785492,0.09242255240678787,0.09112656861543655
2760,-1.350515365600586,-1.4299966096878052,0.029342947527766228,0.05013839527964592,0.0911000669002533
2761,-1.6114263534545898,-1.7826170921325684,0.09019467979669571,0.08099598437547684,0.09107400476932526
2762,-1.2412455081939697,-1.3223119974136353,0.04205701872706413,0.03900951147079468,0.09104825556278229
2763,-1.2754188776016235,-1.3317840099334717,0.0238947756588459,0.03247036039829254,0.09102264046669006
2764,-0.8829444646835327,-1.0434894561767578,0.07485328614711761,0.08569169789552689,0.09099706262350082
2765,-1.277275800704956,-1.4399479627609253,0.07263791561126709,0.09003420919179916,0.09097150713205338
2766,-1.1713000535964966,-1.252004861831665,0.04542591795325279,0.03527893126010895,0.09094572067260742
2767,-0.9494372606277466,-0.9780817031860352,0.01320184301584959,0.01544259861111641,0.09091972559690475
2768,-1.0472583770751953,-1.091065764427185,0.01916639134287834,0.024641042575240135,0.09089399874210358
2769,-0.9600545763969421,-1.0389504432678223,0.029368804767727852,0.04952709749341011,0.0908682569861412
2770,-1.165740966796875,-1.2719987630844116,0.04811646416783333,0.05814138054847717,0.09084311127662659
2771,-0.9928498864173889,-1.0759717226028442,0.043039727956056595,0.0400821678340435,0.0908178836107254
2772,-1.0793312788009644,-1.1223323345184326,0.017475556582212448,0.025525415316224098,0.09079279005527496
2773,-1.0619536638259888,-1.1535180807113647,0.03625581040978432,0.05530858784914017,0.09076742082834244
2774,-0.9920603632926941,-1.070052981376648,0.03165809065103531,0.04633457958698273,0.09074199944734573
2775,-1.1096298694610596,-1.15891695022583,0.02373536303639412,0.025551626458764076,0.0907166451215744
2776,-0.9734948873519897,-1.0430444478988647,0.033759746700525284,0.035789854824543,0.09069186449050903
2777,-1.279854655265808,-1.4244192838668823,0.06770440191030502,0.07686015963554382,0.09066721796989441
2778,-1.1195945739746094,-1.1873064041137695,0.028088297694921494,0.039623528718948364,0.09064281731843948
2779,-1.1043286323547363,-1.3584269285202026,0.1209123432636261,0.1331859678030014,0.09061811864376068
2780,-1.215227484703064,-1.3734285831451416,0.07645676285028458,0.08174429088830948,0.09059333801269531
2781,-1.2392334938049316,-1.3386852741241455,0.051424797624349594,0.04802703857421875,0.09056831151247025
2782,-1.0589922666549683,-1.2093664407730103,0.06681597232818604,0.08355818688869476,0.09054350107908249
2783,-1.2008037567138672,-1.2803053855895996,0.03954573720693588,0.039955850690603256,0.0905187651515007
2784,-1.2558014392852783,-1.332194447517395,0.04140293598175049,0.034990113228559494,0.09049425274133682
2785,-1.2747251987457275,-1.5831632614135742,0.1519639939069748,0.15647417306900024,0.09046981483697891
2786,-1.0576645135879517,-1.1271429061889648,0.034810278564691544,0.03466809540987015,0.09044525027275085
2787,-0.9532377123832703,-1.0008134841918945,0.024894816800951958,0.022680919617414474,0.09042062610387802
2788,-1.3475836515426636,-1.4197818040847778,0.036845285445451736,0.03535277023911476,0.09039583802223206
2789,-0.778359591960907,-0.8809163570404053,0.05442042648792267,0.048136353492736816,0.09037110209465027
2790,-1.1084017753601074,-1.2125674486160278,0.05131882056593895,0.05284690856933594,0.09034667164087296
2791,-1.0333702564239502,-1.114937424659729,0.03672686591744423,0.044840287417173386,0.0903223305940628
2792,-0.9105604290962219,-1.0655232667922974,0.08270972222089767,0.07225308567285538,0.09029769897460938
2793,-1.0448956489562988,-1.1025668382644653,0.022348515689373016,0.03532266616821289,0.09027276933193207
2794,-0.8447546362876892,-0.9133875966072083,0.026760201901197433,0.041872717440128326,0.09024791419506073
2795,-1.1375865936279297,-1.1723543405532837,0.018184209242463112,0.016583533957600594,0.09022293984889984
2796,-0.9843114614486694,-1.1785517930984497,0.09121859073638916,0.10302171111106873,0.09019790589809418
2797,-1.2093214988708496,-1.4361011981964111,0.1010495200753212,0.12573020160198212,0.09017272293567657
2798,-1.333527684211731,-1.4516568183898926,0.05806168168783188,0.06006738543510437,0.09014789760112762
2799,-0.5606018900871277,-0.6195273995399475,0.024619750678539276,0.03430575504899025,0.09012346714735031
2800,-1.1822149753570557,-1.2427642345428467,0.029127802699804306,0.031421467661857605,0.09009891003370285
2801,-1.2012490034103394,-1.3939642906188965,0.09913301467895508,0.09358224272727966,0.09007412195205688
2802,-0.7513051629066467,-0.8552111983299255,0.04482375457882881,0.059082284569740295,0.09004916995763779
2803,-1.305897831916809,-1.3754942417144775,0.02903074212372303,0.04056556522846222,0.09002439677715302
2804,-1.1529419422149658,-1.220137357711792,0.03271797299385071,0.034477464854717255,0.08999945968389511
2805,-0.9383144974708557,-0.981991171836853,0.02046986296772957,0.02320685051381588,0.08997408300638199
2806,-0.7754008769989014,-0.9175558090209961,0.08125530928373337,0.06089962273836136,0.08994872868061066
2807,-1.4912176132202148,-1.6115186214447021,0.06144997850060463,0.058850981295108795,0.08992335945367813
2808,-1.417244791984558,-1.5206581354141235,0.04535166174173355,0.05806175619363785,0.08989774435758591
2809,-1.6300089359283447,-1.7885394096374512,0.07613211870193481,0.08239847421646118,0.08987230807542801
2810,-1.0877525806427002,-1.1578718423843384,0.03722239285707474,0.032896921038627625,0.089847132563591
2811,-1.00984525680542,-1.0673013925552368,0.026925262063741684,0.030530882999300957,0.08982205390930176
2812,-0.6972150802612305,-0.8039225339889526,0.0585394948720932,0.04816795140504837,0.08979742974042892
2813,-1.7828726768493652,-1.891928791999817,0.05652059242129326,0.05253554508090019,0.08977311104536057
2814,-1.483121395111084,-1.5444951057434082,0.03426412492990494,0.027109596878290176,0.08974892646074295
2815,-1.1104391813278198,-1.2298928499221802,0.061675772070884705,0.05777789652347565,0.08972464501857758
2816,-0.9862411618232727,-1.0843002796173096,0.03749126195907593,0.060567788779735565,0.08970019966363907
2817,-1.2542927265167236,-1.394830346107483,0.06433511525392532,0.07620257139205933,0.08967586606740952
2818,-0.9631338119506836,-1.089821219444275,0.05011967569589615,0.07656777650117874,0.08965147286653519
2819,-1.4363747835159302,-1.580761432647705,0.05936538428068161,0.08502122759819031,0.08962775021791458
2820,-1.6904810667037964,-1.809653639793396,0.05070752650499344,0.06846500188112259,0.08960403501987457
2821,-1.408617377281189,-1.524022102355957,0.06254728883504868,0.0528574101626873,0.08958028256893158
2822,-1.1950832605361938,-1.2830584049224854,0.03421304374933243,0.053762055933475494,0.08955651521682739
2823,-0.9897012710571289,-1.0607645511627197,0.03692543879151344,0.03413783758878708,0.08953262120485306
2824,-0.9993273019790649,-1.20818030834198,0.10029605031013489,0.10855700075626373,0.08950867503881454
2825,-1.2299028635025024,-1.2784714698791504,0.02588239498436451,0.02268621325492859,0.08948475867509842
2826,-1.4030096530914307,-1.558388113975525,0.07363158464431763,0.08174681663513184,0.0894608423113823
2827,-0.8983641266822815,-0.9478366374969482,0.02083660289645195,0.0286359004676342,0.08943712711334229
2828,-1.2858608961105347,-1.4080923795700073,0.06061173602938652,0.06161975860595703,0.08941320329904556
2829,-1.3884022235870361,-1.4263430833816528,0.018205346539616585,0.019735494628548622,0.08938924968242645
2830,-1.4351459741592407,-1.582000970840454,0.07760506868362427,0.06925003230571747,0.0893651470541954
2831,-0.9049549102783203,-0.9734674692153931,0.03636825084686279,0.03214431554079056,0.08934096992015839
2832,-1.507102131843567,-1.6885056495666504,0.06699623167514801,0.1144072487950325,0.08931673318147659
2833,-1.0946182012557983,-1.1833679676055908,0.05184272676706314,0.03690710291266441,0.08929218351840973
2834,-0.9710904955863953,-1.0178039073944092,0.024985697120428085,0.02172776125371456,0.08926770091056824
2835,-1.657627820968628,-1.7253581285476685,0.03630604222416878,0.03142431750893593,0.08924325555562973
2836,-1.0330103635787964,-1.0996252298355103,0.020628007128834724,0.04598688334226608,0.08921916782855988
2837,-1.2483668327331543,-1.328141212463379,0.037529002875089645,0.04224543645977974,0.0891951397061348
2838,-1.4622091054916382,-1.677795648574829,0.10722435265779495,0.10836218297481537,0.0891716405749321
2839,-0.9555791616439819,-1.0428414344787598,0.04223767668008804,0.04502464458346367,0.08914785087108612
2840,-1.2366790771484375,-1.2907497882843018,0.02920657768845558,0.024864042177796364,0.08912377804517746
2841,-1.3067872524261475,-1.369463324546814,0.030853433534502983,0.03182274103164673,0.08909961581230164
2842,-0.9378487467765808,-1.1013474464416504,0.08083371818065643,0.08266501128673553,0.08907536417245865
2843,-1.3174102306365967,-1.4051094055175781,0.04266292229294777,0.045036137104034424,0.08905132859945297
2844,-0.7687662839889526,-0.9473374485969543,0.0851709246635437,0.0934002697467804,0.0890272930264473
2845,-1.094804286956787,-1.2065765857696533,0.04629175364971161,0.06548058241605759,0.08900297433137894
2846,-1.1745505332946777,-1.3392486572265625,0.08339580148458481,0.08130224794149399,0.08897840231657028
2847,-1.1736063957214355,-1.4273241758346558,0.13026781380176544,0.12344996631145477,0.08895383775234222
2848,-0.8337948322296143,-0.9078297019004822,0.037518683820962906,0.036516204476356506,0.08892928808927536
2849,-1.4643449783325195,-1.531669020652771,0.030487028881907463,0.036837004125118256,0.08890486508607864
2850,-0.9765340089797974,-1.1320230960845947,0.06703592836856842,0.08845318853855133,0.08888009190559387
2851,-1.0967612266540527,-1.2226377725601196,0.06440683454275131,0.061469677835702896,0.08885542303323746
2852,-0.8471513390541077,-0.8904342651367188,0.023178352043032646,0.020104575902223587,0.08883053809404373
2853,-1.1841392517089844,-1.2380977869033813,0.01909622550010681,0.03486231714487076,0.08880550414323807
2854,-1.3379926681518555,-1.4012209177017212,0.03486112505197525,0.028367122635245323,0.08878016471862793
2855,-0.8277607560157776,-0.9118039011955261,0.03390441834926605,0.05013872683048248,0.08875470608472824
2856,-1.0340781211853027,-1.0655957460403442,0.010842308402061462,0.020675307139754295,0.0887293815612793
2857,-1.1872612237930298,-1.341416597366333,0.07666730135679245,0.07748803496360779,0.08870391547679901
2858,-1.4485256671905518,-1.5293190479278564,0.036040421575307846,0.04475295543670654,0.0886785164475441
2859,-1.055492877960205,-1.1285550594329834,0.03146444633603096,0.04159776493906975,0.08865278959274292
2860,-1.3470039367675781,-1.446736216545105,0.03967909887433052,0.060053255409002304,0.08862711489200592
2861,-1.2119628190994263,-1.269012689590454,0.020518135279417038,0.03653164580464363,0.08860094100236893
2862,-1.4115062952041626,-1.53630793094635,0.06400826573371887,0.060793399810791016,0.08857472985982895
2863,-0.8872790932655334,-0.9852548241615295,0.0395333506166935,0.058442339301109314,0.08854911476373672
2864,-0.5879529714584351,-0.6842771172523499,0.04829423129558563,0.048029907047748566,0.0885234922170639
2865,-1.4906048774719238,-1.6194514036178589,0.06737220287322998,0.06147431582212448,0.08849789202213287
2866,-1.346411943435669,-1.4992433786392212,0.061121243983507156,0.0917101725935936,0.08847213536500931
2867,-1.0517312288284302,-1.1878204345703125,0.06083602458238602,0.07525308430194855,0.08844644576311111
2868,-1.8763799667358398,-1.9962358474731445,0.05936601385474205,0.060489945113658905,0.08842059224843979
2869,-1.1311157941818237,-1.2022647857666016,0.02914690226316452,0.0420021153986454,0.08839493989944458
2870,-1.36827552318573,-1.5227631330490112,0.07720652222633362,0.07728112488985062,0.0883692130446434
2871,-1.5969464778900146,-1.675222635269165,0.03313123434782028,0.04514488950371742,0.08834336698055267
2872,-1.4255989789962769,-1.540009617805481,0.047397203743457794,0.06701338291168213,0.08831771463155746
2873,-0.8381168842315674,-0.9095367193222046,0.033773649483919144,0.03764616325497627,0.08829234540462494
2874,-0.9855570197105408,-1.0346554517745972,0.024980099871754646,0.024118386209011078,0.08826702833175659
2875,-1.2752554416656494,-1.302546501159668,0.013142014853656292,0.014149079099297523,0.08824200928211212
2876,-1.1750119924545288,-1.2790623903274536,0.05201362445950508,0.052036773413419724,0.08821680396795273
2877,-0.7967430949211121,-0.8305978775024414,0.013063370250165462,0.02079140394926071,0.08819159120321274
2878,-1.6719006299972534,-1.7664680480957031,0.04597632214426994,0.04859112203121185,0.08816676586866379
2879,-1.0453410148620605,-1.2518508434295654,0.09151945263147354,0.11499030888080597,0.08814223855733871
2880,-1.1503973007202148,-1.2688755989074707,0.05553518980741501,0.06294314563274384,0.08811803162097931
2881,-1.0654946565628052,-1.0961225032806396,0.016254248097538948,0.01437359768897295,0.08809349685907364
2882,-1.1925081014633179,-1.2469887733459473,0.03149297460913658,0.022987762466073036,0.08806884288787842
2883,-1.280281901359558,-1.363289475440979,0.0382101908326149,0.044797420501708984,0.08804446458816528
2884,-1.4879075288772583,-1.5832853317260742,0.05749265477061272,0.037885136902332306,0.08802024275064468
2885,-1.111362338066101,-1.1930246353149414,0.037682171911001205,0.043980177491903305,0.08799594640731812
2886,-1.4556697607040405,-1.5229744911193848,0.03552147373557091,0.03178326413035393,0.08797191083431244
2887,-0.8730383515357971,-1.0151317119598389,0.06503941863775253,0.0770539715886116,0.08794785290956497
2888,-0.9380226135253906,-1.0023467540740967,0.028918128460645676,0.03540598973631859,0.08792351186275482
2889,-0.7535045146942139,-0.8100233674049377,0.02429024502635002,0.032228585332632065,0.08789949119091034
2890,-0.9117105007171631,-0.9682623744010925,0.028529608622193336,0.028022266924381256,0.08787539601325989
2891,-1.287367582321167,-1.4940608739852905,0.09665511548519135,0.1100381463766098,0.08785168081521988
2892,-1.276715636253357,-1.3655270338058472,0.03949463367462158,0.04931671917438507,0.0878276601433754
2893,-0.8797628879547119,-1.0054582357406616,0.06093917787075043,0.06475617736577988,0.08780383318662643
2894,-1.0958799123764038,-1.23539137840271,0.066278837621212,0.07323268055915833,0.0877794697880745
2895,-1.5028440952301025,-1.5850529670715332,0.03713040426373482,0.04507847875356674,0.0877557247877121
2896,-0.6022871732711792,-0.8979052305221558,0.16363435983657837,0.1319837123155594,0.08773239701986313
2897,-0.7216320633888245,-0.7837841510772705,0.03313406556844711,0.029018038883805275,0.08770938962697983
2898,-1.443658471107483,-1.560760498046875,0.057557202875614166,0.059544745832681656,0.08768638968467712
2899,-0.907349169254303,-1.061171054840088,0.07107540220022202,0.0827464833855629,0.08766312897205353
2900,-1.2054280042648315,-1.271994709968567,0.03310524299740791,0.033461399376392365,0.08763990551233292
2901,-0.9678141474723816,-1.1888550519943237,0.10533960163593292,0.11570125073194504,0.08761657029390335
2902,-0.8652072548866272,-1.099433183670044,0.12976431846618652,0.10446163266897202,0.08759301155805588
2903,-1.6024739742279053,-1.677783727645874,0.03886062651872635,0.03644903004169464,0.08756951987743378
2904,-1.1038974523544312,-1.239370584487915,0.06431055068969727,0.07116257399320602,0.08754566311836243
2905,-1.0118942260742188,-1.1361768245697021,0.0661470890045166,0.058135513216257095,0.08752157539129257
2906,-1.341623067855835,-1.475036382675171,0.06527248024940491,0.06814081966876984,0.08749758452177048
2907,-0.8172942996025085,-0.862830638885498,0.02595488354563713,0.019581463187932968,0.08747346699237823
2908,-1.5477731227874756,-1.6281566619873047,0.027244100347161293,0.05313942953944206,0.08744949102401733
2909,-1.7106868028640747,-1.9163273572921753,0.10285505652427673,0.10278548300266266,0.0874258503317833
2910,-0.9582949876785278,-1.405689001083374,0.21944960951805115,0.22794440388679504,0.08740232139825821
2911,-0.9546778202056885,-1.0236976146697998,0.03555142879486084,0.03346836939454079,0.0873788371682167
2912,-1.315439224243164,-1.548770546913147,0.1018005833029747,0.1315307468175888,0.08735544979572296
2913,-1.1610103845596313,-1.2617526054382324,0.047966282814741135,0.05277595296502113,0.08733206242322922
2914,-1.4303148984909058,-1.5353140830993652,0.05229349061846733,0.05270565301179886,0.08730863779783249
2915,-0.9232098460197449,-0.9740824103355408,0.02086159586906433,0.030011001974344254,0.08728531002998352
2916,-1.1786434650421143,-1.2590339183807373,0.03398505970835686,0.04640549421310425,0.08726146072149277
2917,-1.700646996498108,-1.8674705028533936,0.08983729034662247,0.07698624581098557,0.08723720908164978
2918,-0.9897326231002808,-1.0768567323684692,0.04227146506309509,0.0448526106774807,0.08721303939819336
2919,-0.9039722084999084,-0.9453011751174927,0.020053036510944366,0.021275954321026802,0.08718898892402649
2920,-1.8178658485412598,-1.9578624963760376,0.07564538717269897,0.06435131281614304,0.08716471493244171
2921,-1.220192790031433,-1.308009147644043,0.04147525131702423,0.04634111002087593,0.08714067190885544
2922,-1.4049776792526245,-1.540341854095459,0.05263897031545639,0.08272521942853928,0.08711688220500946
2923,-0.9221795797348022,-0.990933895111084,0.032200638204813004,0.03655370697379112,0.08709285408258438
2924,-0.7525975108146667,-0.8076278567314148,0.028233561664819717,0.026796739548444748,0.08706898242235184
2925,-1.6866824626922607,-1.774038553237915,0.03604812175035477,0.05130795016884804,0.08704507350921631
2926,-1.5672285556793213,-1.7109997272491455,0.05137405917048454,0.09239712357521057,0.08702126890420914
2927,-1.4387351274490356,-1.5279957056045532,0.047701578587293625,0.04155897721648216,0.08699720352888107
2928,-0.760722815990448,-0.8328550457954407,0.030412020161747932,0.041720230132341385,0.08697298169136047
2929,-1.0616469383239746,-1.0957903861999512,0.011892014183104038,0.022251509130001068,0.08694861829280853
2930,-1.1945337057113647,-1.2521440982818604,0.028705697506666183,0.028904683887958527,0.08692453801631927
2931,-0.6269950866699219,-0.7839391231536865,0.06970412284135818,0.08723995089530945,0.0869002714753151
2932,-1.0262925624847412,-1.12196683883667,0.05431013181805611,0.04136425256729126,0.08687587082386017
2933,-1.3157806396484375,-1.416991949081421,0.052328579127788544,0.04888269305229187,0.08685202896595001
2934,-0.9600331783294678,-1.0493627786636353,0.043653570115566254,0.04567601904273033,0.08682799339294434
2935,-1.1875261068344116,-1.2495496273040771,0.03405357152223587,0.027969947084784508,0.08680402487516403
2936,-1.3741884231567383,-1.5871691703796387,0.10290595144033432,0.1100747361779213,0.08677995949983597
2937,-1.008629560470581,-1.0581637620925903,0.0226666908711195,0.026867546141147614,0.08675521612167358
2938,-1.0909696817398071,-1.1969623565673828,0.044594358652830124,0.06139826774597168,0.08673062920570374
2939,-1.1428247690200806,-1.2746845483779907,0.060655102133750916,0.07120466232299805,0.08670641481876373
2940,-1.6298987865447998,-1.6961090564727783,0.0298391655087471,0.0363711342215538,0.08668214827775955
2941,-0.8467628359794617,-0.9458854794502258,0.04799488186836243,0.051127705723047256,0.0866575613617897
2942,-1.4154760837554932,-1.5053319931030273,0.04688876122236252,0.04296723008155823,0.08663293719291687
2943,-1.1155775785446167,-1.1743855476379395,0.024597208946943283,0.03421080857515335,0.08660813421010971
2944,-0.9544909000396729,-1.0335158109664917,0.03632555156946182,0.04269935563206673,0.0865834429860115
2945,-1.1455572843551636,-1.3183269500732422,0.08071252703666687,0.09205711632966995,0.08655914664268494
2946,-0.9234837889671326,-0.9727312922477722,0.026066074147820473,0.02318142168223858,0.08653508871793747
2947,-1.2441011667251587,-1.4168554544448853,0.0820268765091896,0.09072744101285934,0.08651094883680344
2948,-1.033252239227295,-1.1200497150421143,0.03936373069882393,0.04743368178606033,0.08648647367954254
2949,-1.1772000789642334,-1.2697163820266724,0.03927183151245117,0.05324451997876167,0.08646171540021896
2950,-1.0666362047195435,-1.1661245822906494,0.04880345240235329,0.050684984773397446,0.08643708378076553
2951,-1.3742778301239014,-1.514776349067688,0.06376522034406662,0.0767332911491394,0.08641272783279419
2952,-1.2744003534317017,-1.366627812385559,0.04074360802769661,0.05148391053080559,0.08638858050107956
2953,-0.8706576228141785,-0.9573965072631836,0.04541447386145592,0.041324418038129807,0.08636453002691269
2954,-1.5052740573883057,-1.621145248413086,0.06287158280611038,0.05299966409802437,0.08634039759635925
2955,-1.1902304887771606,-1.2469494342803955,0.020887795835733414,0.035831060260534286,0.08631642162799835
2956,-1.4110594987869263,-1.5406932830810547,0.06336110830307007,0.06627265363931656,0.08629238605499268
2957,-1.3972440958023071,-1.6115549802780151,0.092100128531456,0.122210793197155,0.08626877516508102
2958,-1.6399364471435547,-1.7111583948135376,0.031884707510471344,0.03933723643422127,0.08624518662691116
2959,-1.2148830890655518,-1.3195526599884033,0.056778281927108765,0.04789120331406593,0.0862216055393219
2960,-1.3408137559890747,-1.3790807723999023,0.015636678785085678,0.022630387917160988,0.08619794249534607
2961,-0.9434528350830078,-1.0704362392425537,0.05574564263224602,0.07123781740665436,0.08617427200078964
2962,-1.1216697692871094,-1.166399598121643,0.019042933359742165,0.025686878710985184,0.08615058660507202
2963,-0.9957703351974487,-1.0460944175720215,0.02079649642109871,0.029527565464377403,0.08612684905529022
2964,-1.5614638328552246,-1.6786627769470215,0.06630701571702957,0.05089186504483223,0.08610284328460693
2965,-1.1037973165512085,-1.483015775680542,0.1734474003314972,0.20577113330364227,0.08607885241508484
2966,-1.2999943494796753,-1.381230354309082,0.034743327647447586,0.046492721885442734,0.08605460077524185
2967,-1.4479223489761353,-1.5575958490371704,0.0594019815325737,0.05027148500084877,0.08603047579526901
2968,-1.7190150022506714,-1.7854053974151611,0.03775022178888321,0.02864012122154236,0.08600617200136185
2969,-1.3035876750946045,-1.3891212940216064,0.03740759938955307,0.04812599718570709,0.08598185330629349
2970,-0.7517743706703186,-0.8458042144775391,0.034092243760824203,0.059937600046396255,0.08595746010541916
2971,-0.4125414788722992,-0.4964084029197693,0.036187443882226944,0.047679491341114044,0.08593352884054184
2972,-1.1552462577819824,-1.2179557085037231,0.027193762362003326,0.03551572561264038,0.0859093964099884
2973,-1.1343934535980225,-1.2675260305404663,0.06588073074817657,0.06725181639194489,0.08588516712188721
2974,-1.4032962322235107,-1.4971485137939453,0.034443072974681854,0.05940929800271988,0.08586131781339645
2975,-1.1726024150848389,-1.2223860025405884,0.027745520696043968,0.02203807234764099,0.08583720773458481
2976,-0.340104877948761,-0.7704713940620422,0.20099449157714844,0.2293720245361328,0.08581361174583435
2977,-0.5628669857978821,-0.6696184277534485,0.05188339203596115,0.05486803874373436,0.08578970283269882
2978,-0.612200140953064,-0.7910741567611694,0.10147859156131744,0.07739542424678802,0.08576587587594986
2979,-0.872430145740509,-0.9247997999191284,0.02492239512503147,0.02744726836681366,0.08574230223894119
2980,-1.3326082229614258,-1.4749153852462769,0.07039245963096619,0.07191472500562668,0.08571828156709671
2981,-0.9135228991508484,-0.9799394607543945,0.02809515967965126,0.038321394473314285,0.08569452166557312
2982,-1.4846011400222778,-1.637403964996338,0.07395138591527939,0.07885148376226425,0.08567111194133759
2983,-1.1819759607315063,-1.2527263164520264,0.03478908911347389,0.03596124053001404,0.08564794808626175
2984,-1.0413240194320679,-1.099787712097168,0.026749812066555023,0.031713806092739105,0.08562461286783218
2985,-1.6569855213165283,-1.6921275854110718,0.019143469631671906,0.01599855162203312,0.08560121804475784
2986,-1.4748302698135376,-1.5776187181472778,0.05145573243498802,0.051332760602235794,0.08557818084955215
2987,-0.9499355554580688,-0.9918890595436096,0.021742386743426323,0.0202111154794693,0.08555498719215393
2988,-1.1084251403808594,-1.24147367477417,0.06653725355863571,0.06651126593351364,0.08553114533424377
2989,-0.9226025342941284,-0.9872843027114868,0.02438548021018505,0.04029633849859238,0.08550716936588287
2990,-1.181360125541687,-1.2957265377044678,0.053969115018844604,0.06039726734161377,0.08548268675804138
2991,-1.3598564863204956,-1.4331752061843872,0.0337444432079792,0.03957429528236389,0.08545825630426407
2992,-1.2113189697265625,-1.2771477699279785,0.029426375404000282,0.036402467638254166,0.08543398976325989
2993,-1.2126022577285767,-1.4226473569869995,0.10113806277513504,0.10890702158212662,0.08541003614664078
2994,-1.017910361289978,-1.0646941661834717,0.01989971287548542,0.02688412554562092,0.08538613468408585
2995,-0.9767091274261475,-1.2051241397857666,0.11782773584127426,0.1105872243642807,0.08536230027675629
2996,-1.2667021751403809,-1.3698142766952515,0.0366731695830822,0.0664389356970787,0.08533833175897598
2997,-1.279026746749878,-1.4763388633728027,0.0894329845905304,0.10787919163703918,0.08531460911035538
2998,-1.271193265914917,-1.381037950515747,0.058603886514902115,0.05124086141586304,0.0852908119559288
2999,-1.4542042016983032,-1.5617831945419312,0.05950843542814255,0.04807059094309807,0.08526704460382462
3000,-1.2335686683654785,-1.3050307035446167,0.03309158608317375,0.038370467722415924,0.08524308353662491
3001,-1.1038365364074707,-1.1472903490066528,0.01999344676733017,0.023460397496819496,0.0852193832397461
3002,-0.9571307897567749,-1.2419687509536743,0.1566077321767807,0.1282302290201187,0.08519572019577026
3003,-0.48822221159935,-0.5146017670631409,0.010779887437820435,0.015599634498357773,0.08517173677682877
3004,-1.5512044429779053,-1.601812720298767,0.022968342527747154,0.027640027925372124,0.08514726907014847
3005,-0.822554349899292,-0.9238035082817078,0.047039635479450226,0.05420953035354614,0.08512291312217712
3006,-1.4224443435668945,-1.5465271472930908,0.06484482437372208,0.05923796072602272,0.0850987434387207
3007,-0.9649933576583862,-1.0176410675048828,0.02428632415831089,0.028361400589346886,0.08507458120584488
3008,-1.2072136402130127,-1.2970454692840576,0.04061949998140335,0.04921230301260948,0.08505061268806458
3009,-0.9119265079498291,-0.9893968105316162,0.03600401431322098,0.04146628826856613,0.08502644300460815
3010,-1.2863450050354004,-1.3420894145965576,0.02202744409441948,0.03371697664260864,0.08500204235315323
3011,-0.7867701649665833,-1.02987539768219,0.11075093597173691,0.13235433399677277,0.08497752249240875
3012,-1.7146222591400146,-1.8893225193023682,0.09038157016038895,0.08431866765022278,0.08495321124792099
3013,-1.2256754636764526,-1.4759708642959595,0.12761619687080383,0.12267923355102539,0.08492923527956009
3014,-0.9189820289611816,-0.9944053888320923,0.03731913864612579,0.03810420632362366,0.084905244410038
3015,-0.7300801873207092,-0.7833205461502075,0.02382967248558998,0.02941068634390831,0.0848810151219368
3016,-0.8071669340133667,-0.9168359041213989,0.05527200549840927,0.054396990686655045,0.08485669642686844
3017,-0.7432661056518555,-0.8156569004058838,0.028151050209999084,0.044239744544029236,0.08483228087425232
3018,-1.5310227870941162,-1.6962958574295044,0.06955739110708237,0.09571560472249985,0.08480756729841232
3019,-1.183620810508728,-1.393484115600586,0.10021292418241501,0.10965040326118469,0.08478274196386337
3020,-0.9531184434890747,-1.1651455163955688,0.11281611770391464,0.09921098500490189,0.08475810289382935
3021,-1.0057373046875,-1.2402757406234741,0.11273572593927383,0.1218026652932167,0.0847335159778595
3022,-1.4140427112579346,-1.528555154800415,0.06189446151256561,0.05261806771159172,0.08470866829156876
3023,-1.008264183998108,-1.0944721698760986,0.03592387214303017,0.05028414726257324,0.08468381315469742
3024,-1.2699916362762451,-1.3445074558258057,0.030383633449673653,0.04413217306137085,0.0846589207649231
3025,-0.9519139528274536,-1.0098881721496582,0.028210259974002838,0.0297639612108469,0.08463425934314728
3026,-0.9434055685997009,-1.0632789134979248,0.045309700071811676,0.07456369698047638,0.08460964262485504
3027,-0.9975818991661072,-1.1042436361312866,0.04633626714348793,0.06032545119524002,0.08458491414785385
3028,-1.5343762636184692,-1.568479061126709,0.011262290179729462,0.022840486839413643,0.0845600962638855
3029,-1.578336477279663,-1.6999919414520264,0.06403478980064392,0.057620663195848465,0.08453530073165894
3030,-0.8006669878959656,-0.860753059387207,0.03445613011717796,0.02562994696199894,0.08451055735349655
3031,-1.2372307777404785,-1.3460997343063354,0.06092856824398041,0.047940343618392944,0.08448585867881775
3032,-1.2254431247711182,-1.3056106567382812,0.043354932218790054,0.03681255131959915,0.08446136862039566
3033,-1.018507957458496,-1.0978665351867676,0.037650927901268005,0.041707657277584076,0.08443661779165268
3034,-1.067184567451477,-1.0985004901885986,0.014456622302532196,0.016859285533428192,0.08441248536109924
3035,-1.019301414489746,-1.0875561237335205,0.03599802777171135,0.032256774604320526,0.08438858389854431
3036,-1.687903881072998,-1.745457410812378,0.03154461458325386,0.026008950546383858,0.08436508476734161
3037,-1.449466586112976,-1.591367483139038,0.06894727051258087,0.07295354455709457,0.08434110879898071
3038,-0.9480819702148438,-1.0152089595794678,0.037523381412029266,0.029603587463498116,0.0843171626329422
3039,-0.9559617042541504,-1.2159777879714966,0.12605072557926178,0.133965402841568,0.08429364860057831
3040,-1.1576342582702637,-1.2056422233581543,0.025360465049743652,0.02264745533466339,0.08427000045776367
3041,-1.2360591888427734,-1.2776861190795898,0.01869058422744274,0.022936392575502396,0.08424617350101471
3042,-1.2161264419555664,-1.3462928533554077,0.0504009984433651,0.07976546883583069,0.084222212433815
3043,-0.9583562612533569,-1.0637712478637695,0.0520770326256752,0.0533379502594471,0.08419828116893768
3044,-1.2284259796142578,-1.4025042057037354,0.08230440318584442,0.0917738676071167,0.08417415618896484
3045,-1.5300967693328857,-1.5813790559768677,0.026203766465187073,0.025078505277633667,0.08414993435144424
3046,-0.8013885021209717,-0.9167323112487793,0.05420615151524544,0.06113770604133606,0.08412602543830872
3047,-1.5826382637023926,-1.6426513195037842,0.03136780112981796,0.0286452267318964,0.08410230278968811
3048,-1.2252942323684692,-1.3412792682647705,0.06124454736709595,0.05474059283733368,0.0840788409113884
3049,-0.6734427213668823,-0.7972701787948608,0.04755619913339615,0.07627123594284058,0.08405519276857376
3050,-1.38145112991333,-1.444385051727295,0.023593947291374207,0.03934001177549362,0.08403130620718002
3051,-1.219929814338684,-1.2752162218093872,0.026288744062185287,0.02899763733148575,0.08400721102952957
3052,-1.6152561902999878,-1.740308403968811,0.054422736167907715,0.07062944024801254,0.08398351818323135
3053,-1.0844413042068481,-1.28316330909729,0.08796490728855133,0.11075715720653534,0.08396003395318985
3054,-0.9168922901153564,-1.0440587997436523,0.07279440015554428,0.0543721541762352,0.08393663913011551
3055,-0.9022447466850281,-0.9959179759025574,0.05175160989165306,0.04192163422703743,0.08391330391168594
3056,-0.6233438849449158,-0.7860975861549377,0.07811251282691956,0.08464114367961884,0.08388980478048325
3057,-0.8542958498001099,-0.9132298827171326,0.025714833289384842,0.033219195902347565,0.08386588096618652
3058,-0.7769104838371277,-0.8186719417572021,0.022054523229599,0.019706932827830315,0.08384211361408234
3059,-1.2837016582489014,-1.3961470127105713,0.0648270919919014,0.047618258744478226,0.0838182270526886
3060,-0.7750295400619507,-0.89984530210495,0.06608384847640991,0.05873194336891174,0.08379445225000381
3061,-1.3583608865737915,-1.4417346715927124,0.03877175226807594,0.044602058827877045,0.08377061784267426
3062,-1.3430094718933105,-1.440674066543579,0.05342887341976166,0.04423568397760391,0.08374669402837753
3063,-1.1596266031265259,-1.4012625217437744,0.12161001563072205,0.12002584338188171,0.0837230235338211
3064,-1.205153465270996,-1.3087139129638672,0.0433729849755764,0.06018747389316559,0.08369939029216766
3065,-1.5019704103469849,-1.6109247207641602,0.051947977393865585,0.05700631067156792,0.08367544412612915
3066,-0.9963886141777039,-1.0528287887573242,0.026378430426120758,0.030061760917305946,0.08365170657634735
3067,-1.51345694065094,-1.6869595050811768,0.08667773008346558,0.08682481944561005,0.08362803608179092
3068,-0.9147129058837891,-1.258676528930664,0.16072840988636017,0.18323519825935364,0.08360419422388077
3069,-0.663804829120636,-0.7046345472335815,0.018976427614688873,0.021853242069482803,0.08358020335435867
3070,-0.8285109400749207,-0.963560163974762,0.07156219333410263,0.06348703801631927,0.08355585485696793
3071,-1.088861346244812,-1.1212263107299805,0.014580688439309597,0.01778426207602024,0.08353139460086823
3072,-0.7343315482139587,-0.9767755270004272,0.11961612850427628,0.12282780557870865,0.08350718021392822
3073,-0.9962600469589233,-1.2791112661361694,0.1508122682571411,0.1320389211177826,0.08348323404788971
3074,-0.8253050446510315,-0.8632360696792603,0.022950801998376846,0.014980222098529339,0.0834590494632721
3075,-1.0167220830917358,-1.1004307270050049,0.03431522473692894,0.049393463879823685,0.0834348201751709
