step,total_loss,actor_loss,q1_loss,q2_loss,alpha
1,0.2203071564435959,0.132253035902977,0.05646856874227524,0.031585559248924255,0.19993999600410461
2,0.2728918790817261,0.2128615528345108,0.03434407338500023,0.025686239823698997,0.1998807042837143
3,0.32280901074409485,0.19552697241306305,0.06403105705976486,0.06325098872184753,0.19982126355171204
4,0.3286016881465912,0.2490050196647644,0.04072447866201401,0.03887218236923218,0.19976212084293365
5,0.19665038585662842,0.14357583224773407,0.029729414731264114,0.02334514819085598,0.1997024565935135
6,0.25657081604003906,0.16595126688480377,0.04512998089194298,0.045489564538002014,0.19964246451854706
7,0.2241327315568924,0.16302518546581268,0.0285907331854105,0.032516807317733765,0.1995822936296463
8,0.24782128632068634,0.15799276530742645,0.04528908431529999,0.0445394366979599,0.1995220184326172
9,0.20033225417137146,0.1627512276172638,0.01899227313697338,0.018588755279779434,0.1994616538286209
10,0.2103816121816635,0.1577853262424469,0.026765048503875732,0.02583124116063118,0.1994011551141739
11,0.19911907613277435,0.16814830899238586,0.015464803203940392,0.015505963936448097,0.1993406116962433
12,0.1644616425037384,0.12630563974380493,0.019294079393148422,0.018861915916204453,0.19927972555160522
13,0.1568724811077118,0.13793805241584778,0.008236461319029331,0.010697965510189533,0.19921858608722687
14,0.30861520767211914,0.1560136079788208,0.07961197197437286,0.07298962026834488,0.19915741682052612
15,0.19422340393066406,0.16004200279712677,0.017036687582731247,0.017144717276096344,0.19909624755382538
16,0.21611151099205017,0.16955283284187317,0.023466093465685844,0.023092584684491158,0.19903521239757538
17,0.22349821031093597,0.16233158111572266,0.03227560222148895,0.028891023248434067,0.19897426664829254
18,0.16051781177520752,0.09532300382852554,0.03493449464440346,0.03026031330227852,0.19891290366649628
19,0.22261765599250793,0.0790562704205513,0.07450538873672485,0.06905601173639297,0.19885116815567017
20,0.21577231585979462,0.14525622129440308,0.037836965173482895,0.03267912566661835,0.1987897902727127
21,0.16950762271881104,0.07792556285858154,0.04801655560731888,0.04356550797820091,0.19872812926769257
22,0.17383897304534912,0.038692619651556015,0.07124748080968857,0.06389887630939484,0.1986660212278366
23,0.14527146518230438,0.08416089415550232,0.03184186667203903,0.02926870435476303,0.198604017496109
24,0.06165101006627083,0.01752440631389618,0.022088758647441864,0.022037845104932785,0.19854161143302917
25,0.08379167318344116,0.04466358572244644,0.01964457519352436,0.01948351226747036,0.19847923517227173
26,0.10776136815547943,0.0679522156715393,0.019158147275447845,0.02065100334584713,0.19841718673706055
27,0.07680285722017288,0.03761599585413933,0.018156640231609344,0.02103022113442421,0.19835515320301056
28,0.042311228811740875,-0.0022966060787439346,0.022002611309289932,0.022605225443840027,0.1982928067445755
29,0.03924485668540001,0.009762507863342762,0.01408360991626978,0.015398738905787468,0.1982303410768509
30,0.02390286698937416,-0.011224675923585892,0.01699085533618927,0.018136687576770782,0.1981676071882248
31,0.0897749736905098,0.026731589809060097,0.03149377927184105,0.0315496027469635,0.19810503721237183
32,0.10420268774032593,-0.014480733312666416,0.05906064808368683,0.05962277576327324,0.19804221391677856
33,0.056046709418296814,0.006812435574829578,0.02512504905462265,0.02410922572016716,0.1979794204235077
34,0.035340674221515656,-0.028801025822758675,0.031924985349178314,0.03221671283245087,0.1979164332151413
35,0.029500558972358704,-0.04388871416449547,0.03755190223455429,0.03583737090229988,0.1978531777858734
36,0.014554020017385483,-0.0831257775425911,0.04866936057806015,0.04901043698191643,0.19778934121131897
37,0.04018658772110939,-0.03008396551012993,0.03498770669102669,0.03528284654021263,0.1977255642414093
38,0.04135499149560928,-0.004925534129142761,0.023113027215003967,0.023167498409748077,0.19766217470169067
39,0.0018959734588861465,-0.05770982429385185,0.029955267906188965,0.029650529846549034,0.19759880006313324
40,-0.04646559804677963,-0.08324077725410461,0.017688844352960587,0.019086340442299843,0.19753515720367432
41,-0.07066239416599274,-0.09531520307064056,0.012735906057059765,0.011916907504200935,0.1974712312221527
42,-0.07210670411586761,-0.14980347454547882,0.039154939353466034,0.038541827350854874,0.1974065750837326
43,-0.05169713497161865,-0.12282450497150421,0.03573964536190033,0.03538772463798523,0.1973416656255722
44,-0.062306035310029984,-0.10578437894582748,0.02199079468846321,0.02148754522204399,0.19727662205696106
45,-0.13041217625141144,-0.15780678391456604,0.014075270853936672,0.013319343328475952,0.19721102714538574
46,-0.06425648927688599,-0.1274755597114563,0.031307075172662735,0.031912002712488174,0.19714529812335968
47,-0.13970842957496643,-0.16246441006660461,0.011786396615207195,0.010969576425850391,0.19707925617694855
48,0.056361064314842224,-0.1098392978310585,0.08279640972614288,0.08340395241975784,0.19701339304447174
49,-0.1099281758069992,-0.15497471392154694,0.021612565964460373,0.02343396469950676,0.19694733619689941
50,-0.05475433170795441,-0.1429859697818756,0.04532454162836075,0.042907096445560455,0.19688132405281067
51,-0.09762679040431976,-0.15448921918869019,0.029602473601698875,0.027259953320026398,0.19681523740291595
52,-0.11898604035377502,-0.18735258281230927,0.034944117069244385,0.033422425389289856,0.19674883782863617
53,-0.12682175636291504,-0.1575773060321808,0.015565909445285797,0.01518965233117342,0.1966824233531952
54,-0.19101060926914215,-0.21402287483215332,0.01190685573965311,0.011105397716164589,0.19661551713943481
55,-0.15662172436714172,-0.1790868192911148,0.011078235693275928,0.011386848986148834,0.1965484917163849
56,-0.07838746905326843,-0.1569008082151413,0.03891543298959732,0.03959790989756584,0.19648167490959167
57,-0.051975298672914505,-0.17048607766628265,0.060075316578149796,0.05843546614050865,0.1964150071144104
58,-0.14721441268920898,-0.1937468945980072,0.024291852489113808,0.02224062755703926,0.19634824991226196
59,-0.18603971600532532,-0.2174380123615265,0.01600124128162861,0.015397053211927414,0.19628135859966278
60,-0.19509652256965637,-0.22793301939964294,0.015685029327869415,0.017151471227407455,0.1962142437696457
61,-0.14438937604427338,-0.19697457551956177,0.02653791569173336,0.026047291234135628,0.19614732265472412
62,-0.15962979197502136,-0.27978262305259705,0.061238843947649,0.05891399085521698,0.19607992470264435
63,-0.20901092886924744,-0.24487420916557312,0.017650796100497246,0.018212484195828438,0.19601255655288696
64,-0.23727506399154663,-0.2704235315322876,0.016467828303575516,0.016680633649230003,0.19594484567642212
65,-0.2823541760444641,-0.3255155384540558,0.02148567885160446,0.021675683557987213,0.195876345038414
66,-0.09314915537834167,-0.2633013129234314,0.08489713817834854,0.08525502681732178,0.19580790400505066
67,-0.3297398090362549,-0.3557795286178589,0.013118547387421131,0.012921197339892387,0.19573867321014404
68,-0.28659290075302124,-0.3057887852191925,0.009407796896994114,0.009788107126951218,0.19566920399665833
69,-0.25382134318351746,-0.2818477749824524,0.014178745448589325,0.013847671449184418,0.1955997347831726
70,-0.26042717695236206,-0.27634939551353455,0.0075478642247617245,0.008374353870749474,0.19553032517433167
71,-0.2885565161705017,-0.3066570460796356,0.009363646619021893,0.008736884221434593,0.19546069204807281
72,-0.2404237985610962,-0.314852774143219,0.036732275038957596,0.03769669681787491,0.19539089500904083
73,-0.28405338525772095,-0.3150213360786438,0.015680886805057526,0.015287083573639393,0.1953209787607193
74,-0.28947341442108154,-0.3054097294807434,0.007731892168521881,0.008204417303204536,0.19525103271007538
75,-0.2669554352760315,-0.29568666219711304,0.013878238387405872,0.01485299039632082,0.195181205868721
76,-0.3360384404659271,-0.3725234270095825,0.018338730558753014,0.018146241083741188,0.19511084258556366
77,-0.2745254635810852,-0.302224725484848,0.013644001446664333,0.014055252075195312,0.19504065811634064
78,-0.29877758026123047,-0.3301880657672882,0.015353420749306679,0.016057083383202553,0.19497056305408478
79,-0.29290643334388733,-0.34987673163414,0.029356125742197037,0.027614163234829903,0.19490036368370056
80,-0.29651346802711487,-0.337272584438324,0.02038714475929737,0.020371977239847183,0.1948302835226059
81,-0.2885972559452057,-0.37224915623664856,0.041494790464639664,0.042157117277383804,0.1947600096464157
82,-0.3373911380767822,-0.3725283741950989,0.017842281609773636,0.017294952645897865,0.19468970596790314
83,-0.3447851240634918,-0.38164782524108887,0.018789472058415413,0.018073229119181633,0.1946193426847458
84,-0.3808724284172058,-0.39970827102661133,0.00905268732458353,0.009783145971596241,0.1945488452911377
85,-0.3357434868812561,-0.384738951921463,0.02491811104118824,0.024077344685792923,0.19447848200798035
86,-0.4019709527492523,-0.42250773310661316,0.010015980340540409,0.010520797222852707,0.19440792500972748
87,-0.39791807532310486,-0.41800814867019653,0.010004325769841671,0.010085754096508026,0.19433733820915222
88,-0.4329266846179962,-0.45106369256973267,0.009296764619648457,0.008840223774313927,0.19426663219928741
89,-0.4005396068096161,-0.432272344827652,0.015451222658157349,0.01628151535987854,0.1941959112882614
90,-0.43176060914993286,-0.45079803466796875,0.009669262915849686,0.009368161670863628,0.1941249966621399
91,-0.4126412570476532,-0.4324072599411011,0.010146629065275192,0.009619385004043579,0.19405417144298553
92,-0.4060073792934418,-0.425346314907074,0.010255488567054272,0.009083458222448826,0.19398346543312073
93,-0.35635340213775635,-0.3962113559246063,0.020792411640286446,0.019065523520112038,0.19391313195228577
94,-0.43485724925994873,-0.450913667678833,0.008140992373228073,0.007915440946817398,0.1938425898551941
95,-0.4012477695941925,-0.4129181504249573,0.005916262045502663,0.005754116922616959,0.19377218186855316
96,-0.4195813834667206,-0.4339069128036499,0.007669220678508282,0.006656331475824118,0.19370180368423462
97,-0.4412720203399658,-0.4544432461261749,0.005878288298845291,0.007292914669960737,0.19363124668598175
98,-0.38304823637008667,-0.424858957529068,0.020695650950074196,0.021115053445100784,0.19356083869934082
99,-0.43459323048591614,-0.44655632972717285,0.005977662745863199,0.005985441617667675,0.19349035620689392
100,-0.4417816400527954,-0.4477381706237793,0.0030145037453621626,0.0029420224018394947,0.19341997802257538
101,-0.410857230424881,-0.43677476048469543,0.01280998531728983,0.013107539154589176,0.19334973394870758
102,-0.4308706521987915,-0.4486068785190582,0.008790909312665462,0.008945315144956112,0.19327956438064575
103,-0.46583691239356995,-0.4745287299156189,0.004639504011720419,0.004052322823554277,0.19320911169052124
104,-0.4287276566028595,-0.45009613037109375,0.010875442065298557,0.010493054054677486,0.19313876330852509
105,-0.43991518020629883,-0.45581698417663574,0.00806327536702156,0.007838510908186436,0.19306857883930206
106,-0.4394407272338867,-0.45321547985076904,0.007172021083533764,0.0066027212888002396,0.19299857318401337
107,-0.4655380845069885,-0.471821129322052,0.0031211674213409424,0.0031618811190128326,0.19292859733104706
108,-0.4641064405441284,-0.4759298861026764,0.006013322621583939,0.005810101050883532,0.19285868108272552
109,-0.45180267095565796,-0.4635974168777466,0.006248174700886011,0.005546577274799347,0.19278886914253235
110,-0.4710257649421692,-0.4744950830936432,0.0019765025936067104,0.0014928254531696439,0.19271913170814514
111,-0.4638974666595459,-0.47204113006591797,0.004202644806355238,0.003941029775887728,0.19264939427375793
112,-0.4684494733810425,-0.47626596689224243,0.0036737490445375443,0.004142732359468937,0.1925797015428543
113,-0.47317638993263245,-0.4795507788658142,0.0030703190714120865,0.003304070793092251,0.19251006841659546
114,-0.46861696243286133,-0.4875325560569763,0.01015007495880127,0.008765524253249168,0.1924404501914978
115,-0.4810662269592285,-0.49651038646698,0.007686663884669542,0.007757470477372408,0.19237081706523895
116,-0.4894028306007385,-0.4981781542301178,0.0045384676195681095,0.004236845299601555,0.19230124354362488
117,-0.482294499874115,-0.4959515333175659,0.00650190282613039,0.00715513015165925,0.19223172962665558
118,-0.5077634453773499,-0.517239511013031,0.004588545765727758,0.0048875403590500355,0.1921621561050415
119,-0.49023720622062683,-0.5061542391777039,0.007777301594614983,0.008139718323946,0.19209261238574982
120,-0.5052159428596497,-0.5121939182281494,0.0033861068077385426,0.0035918925423175097,0.19202308356761932
121,-0.4960547685623169,-0.5063820481300354,0.00506551144644618,0.005261765792965889,0.19195368885993958
122,-0.48099565505981445,-0.5092904567718506,0.013884895481169224,0.014409887604415417,0.19188450276851654
123,-0.509870171546936,-0.518709659576416,0.004313917364925146,0.004525520373135805,0.1918153464794159
124,-0.5157527923583984,-0.5214337110519409,0.0030366177670657635,0.002644315827637911,0.19174635410308838
125,-0.5237547159194946,-0.5301553010940552,0.0034029106609523296,0.002997689414769411,0.19167737662792206
126,-0.5232452750205994,-0.5344213247299194,0.005525440443307161,0.005650574807077646,0.1916084736585617
127,-0.5262326598167419,-0.5339536070823669,0.0037503368221223354,0.0039705997332930565,0.19153961539268494
128,-0.5341470837593079,-0.5394947528839111,0.002935918513685465,0.002411722904071212,0.19147081673145294
129,-0.521111249923706,-0.5299264192581177,0.004436784889549017,0.004378360230475664,0.19140216708183289
130,-0.5445337295532227,-0.556433916091919,0.006073423195630312,0.005826759152114391,0.19133341312408447
131,-0.5459786653518677,-0.5503377318382263,0.0022108268458396196,0.0021482070442289114,0.1912645548582077
132,-0.518913745880127,-0.5247503519058228,0.003120344365015626,0.002716266782954335,0.19119587540626526
133,-0.5185970067977905,-0.5251615643501282,0.0031566759571433067,0.0034078750759363174,0.1911274492740631
134,-0.5081996917724609,-0.5171542763710022,0.00453418493270874,0.004420372191816568,0.1910591870546341
135,-0.5282931327819824,-0.5336118340492249,0.002793507883325219,0.0025252013001590967,0.19099101424217224
136,-0.515687108039856,-0.5257565379142761,0.005086759105324745,0.004982663318514824,0.19092299044132233
137,-0.5293275117874146,-0.5346333384513855,0.002710876986384392,0.00259497226215899,0.1908549964427948
138,-0.5334644317626953,-0.5443777441978455,0.005976475775241852,0.004936806857585907,0.19078703224658966
139,-0.5196763277053833,-0.5266110897064209,0.003999662585556507,0.0029351210687309504,0.19071929156780243
140,-0.534834086894989,-0.5457280278205872,0.005471913143992424,0.005422050599008799,0.19065159559249878
141,-0.5274221301078796,-0.5336650609970093,0.0028314972296357155,0.0034114334266632795,0.19058407843112946
142,-0.5283418297767639,-0.5348671674728394,0.0030122098978608847,0.0035131771583110094,0.19051679968833923
143,-0.5393651127815247,-0.5462484359741211,0.0034225531853735447,0.0034607581328600645,0.19044964015483856
144,-0.552406907081604,-0.5633553266525269,0.00549622206017375,0.005452215671539307,0.1903824359178543
145,-0.5258099436759949,-0.5337613224983215,0.003827650798484683,0.0041237180121243,0.19031554460525513
146,-0.5504468679428101,-0.5595663189888,0.005121983587741852,0.003997460938990116,0.19024869799613953
147,-0.5627613663673401,-0.5665456652641296,0.0019183665281161666,0.0018659079214558005,0.19018180668354034
148,-0.5484210252761841,-0.553675651550293,0.002617287216708064,0.0026373201981186867,0.1901150494813919
149,-0.5417991280555725,-0.5450008511543274,0.0015768632292747498,0.0016249041073024273,0.19004850089550018
150,-0.5498939156532288,-0.558545708656311,0.004210029263049364,0.004441732540726662,0.18998199701309204
151,-0.5442871451377869,-0.5499134063720703,0.0028106658719480038,0.0028156330808997154,0.18991555273532867
152,-0.5564528107643127,-0.5684399604797363,0.0060345190577209,0.005952637176960707,0.1898491531610489
153,-0.5716080665588379,-0.5834164619445801,0.0062252734787762165,0.005583126097917557,0.1897827386856079
154,-0.5240380764007568,-0.5352098345756531,0.005757363047450781,0.005414367187768221,0.18971659243106842
155,-0.5672252774238586,-0.5712516903877258,0.0020904599223285913,0.0019359465222805738,0.18965038657188416
156,-0.5644315481185913,-0.567691445350647,0.001757400925271213,0.0015025408938527107,0.1895841807126999
157,-0.5597306489944458,-0.5639418363571167,0.0021115809213370085,0.0020996418315917253,0.1895180344581604
158,-0.5620718598365784,-0.5663259625434875,0.002182313706725836,0.0020718099549412727,0.18945194780826569
159,-0.5240131616592407,-0.5329000353813171,0.004590973258018494,0.004295904189348221,0.18938609957695007
160,-0.55828458070755,-0.5635757446289062,0.002648745896294713,0.0026424196548759937,0.18932029604911804
161,-0.5654162764549255,-0.568661093711853,0.0015745144337415695,0.0016702850116416812,0.1892545521259308
162,-0.5254185795783997,-0.5308481454849243,0.0025562529917806387,0.0028733033686876297,0.1891891062259674
163,-0.5465917587280273,-0.5532979965209961,0.003168068826198578,0.0035382043570280075,0.18912376463413239
164,-0.5622349977493286,-0.5735165476799011,0.006207759957760572,0.005073781590908766,0.18905852735042572
165,-0.5624313354492188,-0.5676445364952087,0.002628050046041608,0.002585197566077113,0.18899329006671906
166,-0.5719427466392517,-0.5791263580322266,0.0036551186349242926,0.003528462490066886,0.18892814218997955
167,-0.5752876400947571,-0.5785540342330933,0.0016075257444754243,0.0016588640864938498,0.18886305391788483
168,-0.5552326440811157,-0.5595265626907349,0.0020106241572648287,0.0022832772228866816,0.18879808485507965
169,-0.5684460401535034,-0.5733144283294678,0.0023994827643036842,0.0024688616394996643,0.18873323500156403
170,-0.5699894428253174,-0.580650269985199,0.005546427797526121,0.005114376544952393,0.18866842985153198
171,-0.5703434944152832,-0.5747472047805786,0.002203317591920495,0.002200380200520158,0.18860363960266113
172,-0.5696322321891785,-0.5741260051727295,0.002343810396268964,0.0021499311551451683,0.18853893876075745
173,-0.5814083814620972,-0.5859802961349487,0.002370410831645131,0.002201512223109603,0.18847431242465973
174,-0.5606022477149963,-0.5729832649230957,0.006520591676235199,0.005860472563654184,0.18840983510017395
175,-0.5669474005699158,-0.5753524303436279,0.004270953591912985,0.00413403008133173,0.1883455067873001
176,-0.5731183886528015,-0.5779512524604797,0.002447486622259021,0.0023853869643062353,0.18828119337558746
177,-0.5664168000221252,-0.569166898727417,0.0013994378969073296,0.0013506392715498805,0.18821708858013153
178,-0.5752661824226379,-0.5814211964607239,0.003230553586035967,0.0029244194738566875,0.18815304338932037
179,-0.5711934566497803,-0.5784233808517456,0.003596047405153513,0.003633832558989525,0.18808908760547638
180,-0.5799006223678589,-0.587165117263794,0.0038097230717539787,0.0034547317773103714,0.18802522122859955
181,-0.5750809907913208,-0.5804817080497742,0.0027618787717074156,0.002638833597302437,0.1879614144563675
182,-0.5931372046470642,-0.6018780469894409,0.004402467980980873,0.004338361322879791,0.18789763748645782
183,-0.5852652788162231,-0.5925295352935791,0.0037150485441088676,0.0035492386668920517,0.1878339946269989
184,-0.6078472137451172,-0.6115601062774658,0.0018108892254531384,0.0019019858445972204,0.18777036666870117
185,-0.5865843892097473,-0.591301441192627,0.0025704780127853155,0.0021466093603521585,0.18770679831504822
186,-0.5475150942802429,-0.558043360710144,0.005889241583645344,0.004639009013772011,0.18764346837997437
187,-0.5942978858947754,-0.6048224568367004,0.005348590202629566,0.005176003091037273,0.18758010864257812
188,-0.5760776400566101,-0.5787977576255798,0.0015169790713116527,0.0012031241785734892,0.1875169277191162
189,-0.602928638458252,-0.6135437488555908,0.005499588325619698,0.005115531384944916,0.1874537616968155
190,-0.5982303619384766,-0.6078037023544312,0.005282723344862461,0.004290648270398378,0.18739058077335358
191,-0.6182788610458374,-0.6240911483764648,0.003097358625382185,0.0027149298693984747,0.18732737004756927
192,-0.6026826500892639,-0.611336886882782,0.004556816071271896,0.0040974002331495285,0.18726418912410736
193,-0.6182254552841187,-0.6244821548461914,0.003440001280978322,0.0028166528791189194,0.18720099329948425
194,-0.5925403833389282,-0.5994430184364319,0.0034220870584249496,0.0034805824980139732,0.1871379166841507
195,-0.5929940342903137,-0.6025687456130981,0.004969100933521986,0.004605578258633614,0.1870749592781067
196,-0.6067295670509338,-0.6135386228561401,0.0035083324182778597,0.0033007075544446707,0.18701209127902985
197,-0.609333872795105,-0.6127990484237671,0.0019297496182844043,0.001535419374704361,0.18694914877414703
198,-0.5978715419769287,-0.6033273935317993,0.003097307635471225,0.002358558587729931,0.186886265873909
199,-0.5620260834693909,-0.5759568810462952,0.006954899989068508,0.006975868251174688,0.18682365119457245
200,-0.5708091855049133,-0.5974401831626892,0.013123358599841595,0.01350763812661171,0.18676112592220306
201,-0.6011128425598145,-0.6055080890655518,0.002203818876296282,0.002191446255892515,0.18669873476028442
202,-0.611269474029541,-0.6194044351577759,0.0044828783720731735,0.0036521097645163536,0.1866362988948822
203,-0.6088196635246277,-0.6120871305465698,0.0016294617671519518,0.001638014568015933,0.18657393753528595
204,-0.6241369843482971,-0.6281914710998535,0.0019836353603750467,0.0020708588417619467,0.1865115612745285
205,-0.6259281635284424,-0.6338131427764893,0.0038222582079470158,0.004062710329890251,0.18644914031028748
206,-0.6174096465110779,-0.6232283711433411,0.0029088305309414864,0.0029098852537572384,0.18638676404953003
207,-0.6180804967880249,-0.6238771677017212,0.0028648143634200096,0.0029318593442440033,0.18632443249225616
208,-0.6012463569641113,-0.6146528720855713,0.00666786078363657,0.006738651543855667,0.1862621158361435
209,-0.5947520732879639,-0.6050108075141907,0.005366547964513302,0.004892170429229736,0.18619997799396515
210,-0.588108479976654,-0.5958883166313171,0.004161662422120571,0.0036181658506393433,0.18613800406455994
211,-0.6102124452590942,-0.6159188747406006,0.0029835880268365145,0.002722883364185691,0.18607600033283234
212,-0.6241092681884766,-0.6284098029136658,0.0021910839714109898,0.0021094875410199165,0.18601396679878235
213,-0.6050258278846741,-0.6111450791358948,0.0032004870008677244,0.002918799640610814,0.1859520822763443
214,-0.6305053234100342,-0.6361346244812012,0.0030643402133136988,0.002564994152635336,0.18589021265506744
215,-0.6213725805282593,-0.6252212524414062,0.001942068338394165,0.0019066532840952277,0.18582838773727417
216,-0.617138147354126,-0.6238433718681335,0.0033126012422144413,0.003392664948478341,0.18576662242412567
217,-0.6150263547897339,-0.6199393272399902,0.002455222886055708,0.0024577644653618336,0.18570491671562195
218,-0.6041178703308105,-0.618073582649231,0.00757606653496623,0.00637966301292181,0.1856432855129242
219,-0.6045010685920715,-0.615440845489502,0.005592986475676298,0.0053467522375285625,0.18558180332183838
220,-0.6160908937454224,-0.6196660995483398,0.0019438681192696095,0.0016312991501763463,0.18552036583423615
221,-0.6151146292686462,-0.6204003095626831,0.002535531297326088,0.002750157844275236,0.1854589283466339
222,-0.6222955584526062,-0.6313965916633606,0.004410483408719301,0.004690549336373806,0.18539735674858093
223,-0.6027032732963562,-0.6127334833145142,0.005437810905277729,0.004592404700815678,0.1853359043598175
224,-0.609623908996582,-0.6158326864242554,0.003177895210683346,0.0030308759305626154,0.18527458608150482
225,-0.612898051738739,-0.6167123317718506,0.002073231851682067,0.0017410352593287826,0.18521340191364288
226,-0.6370297074317932,-0.6396250128746033,0.0012217137264087796,0.0013736104592680931,0.18515217304229736
227,-0.6177849769592285,-0.6276321411132812,0.005318012088537216,0.004529195837676525,0.18509089946746826
228,-0.6402503252029419,-0.6461973786354065,0.002966552972793579,0.0029804417863488197,0.18502959609031677
229,-0.6269112229347229,-0.6396209597587585,0.006460640579462051,0.006249063182622194,0.18496832251548767
230,-0.6399289965629578,-0.6483558416366577,0.004280305467545986,0.004146542865782976,0.18490707874298096
231,-0.6455723643302917,-0.6514745354652405,0.003066382370889187,0.0028358232229948044,0.18484587967395782
232,-0.6468019485473633,-0.6536232829093933,0.0033869415055960417,0.0034344401210546494,0.18478475511074066
233,-0.6434118747711182,-0.6519432663917542,0.004521108232438564,0.004010248929262161,0.18472379446029663
234,-0.65506511926651,-0.660471498966217,0.002631007693707943,0.0027753424365073442,0.18466292321681976
235,-0.6540557146072388,-0.6586026549339294,0.0020769627299159765,0.0024699706118553877,0.18460211157798767
236,-0.6567345261573792,-0.6624940037727356,0.0032735697459429502,0.002485927427187562,0.18454128503799438
237,-0.6222232580184937,-0.62836754322052,0.002966540865600109,0.0031777778640389442,0.18448060750961304
238,-0.6554085612297058,-0.6604808568954468,0.0026398852933198214,0.0024324229452759027,0.18441994488239288
239,-0.631357729434967,-0.6374965310096741,0.0032712360844016075,0.002867551054805517,0.18435931205749512
240,-0.6186133623123169,-0.622069776058197,0.0016981313237920403,0.0017582576256245375,0.18429873883724213
241,-0.6265813112258911,-0.6293492317199707,0.0013458763714879751,0.001422034576535225,0.18423818051815033
242,-0.6157994270324707,-0.6204077005386353,0.0022755530662834644,0.002332729520276189,0.18417765200138092
243,-0.5858500003814697,-0.6128807067871094,0.014172685332596302,0.012858021073043346,0.18411719799041748
244,-0.6250397562980652,-0.6291717886924744,0.0022512804716825485,0.0018807791639119387,0.18405674397945404
245,-0.6185170412063599,-0.6234381794929504,0.002554680220782757,0.0023664720356464386,0.18399639427661896
246,-0.6321703791618347,-0.6362441182136536,0.002148612402379513,0.0019251385238021612,0.18393614888191223
247,-0.6394453644752502,-0.6495418548583984,0.005537466146051884,0.004559016320854425,0.18387599289417267
248,-0.6610417366027832,-0.6653019189834595,0.0021867614705115557,0.0020734225399792194,0.1838158518075943
249,-0.6684707403182983,-0.6758368611335754,0.003901591058820486,0.0034645048435777426,0.18375566601753235
250,-0.4288369417190552,-0.6585403680801392,0.11413435637950897,0.11556905508041382,0.18369553983211517
251,-0.6508561372756958,-0.6524069905281067,0.0008715566946193576,0.000679343065712601,0.18363547325134277
252,-0.6527180671691895,-0.6553053259849548,0.0012467086780816317,0.0013405483914539218,0.18357543647289276
253,-0.6635971665382385,-0.6670371890068054,0.0016246767481788993,0.001815347233787179,0.18351534008979797
254,-0.6350113153457642,-0.6408814191818237,0.0028605256229639053,0.003009551204741001,0.18345528841018677
255,-0.6320508122444153,-0.6355677247047424,0.0017118394607678056,0.0018050550715997815,0.18339532613754272
256,-0.6454285383224487,-0.6522103548049927,0.0035560941323637962,0.003225720487535,0.18333540856838226
257,-0.6330568194389343,-0.6394346356391907,0.0032667662017047405,0.00311104953289032,0.18327558040618896
258,-0.6402840614318848,-0.6446532607078552,0.002130310283973813,0.0022388980723917484,0.18321581184864044
259,0.6800453662872314,-0.6961807012557983,0.6833248138427734,0.6929012537002563,0.1831558644771576
260,-0.6655071377754211,-0.6762898564338684,0.005400477442890406,0.005382235627621412,0.1830960363149643
261,-0.6899193525314331,-0.69753497838974,0.003380453446879983,0.0042351228184998035,0.1830361783504486
262,-0.7203542590141296,-0.7255328893661499,0.00226675346493721,0.002911848248913884,0.18297624588012695
263,-0.7002589106559753,-0.7072523236274719,0.0034272815100848675,0.003566123778000474,0.1829163283109665
264,-0.701555609703064,-0.7132643461227417,0.005414664279669523,0.0062941014766693115,0.18285644054412842
265,-0.6934598088264465,-0.7079356908798218,0.0076052057556807995,0.006870676763355732,0.18279658257961273
266,-0.679017186164856,-0.6835988759994507,0.0022786238696426153,0.0023030878510326147,0.1827368140220642
267,-0.667302668094635,-0.6826387047767639,0.007685860153287649,0.00765021750703454,0.18267714977264404
268,-0.654804527759552,-0.6826470494270325,0.014239301905035973,0.013603217899799347,0.18261763453483582
269,-0.6443002223968506,-0.6568319797515869,0.006613154895603657,0.005918596405535936,0.18255817890167236
270,-0.650059700012207,-0.67057204246521,0.009891781955957413,0.010620527900755405,0.18249869346618652
271,-0.6519892811775208,-0.6597552299499512,0.0036138480063527822,0.004152106121182442,0.18243925273418427
272,-0.6576413512229919,-0.6622620820999146,0.0019304169109091163,0.0026903352700173855,0.18237978219985962
273,-0.6508069038391113,-0.6565361618995667,0.002742864191532135,0.0029863864183425903,0.18232041597366333
274,-0.646740734577179,-0.6553347706794739,0.004331473261117935,0.0042625474743545055,0.1822611689567566
275,-0.6509759426116943,-0.6577433347702026,0.003504282794892788,0.003263136837631464,0.1822020560503006
276,-0.666164219379425,-0.691055417060852,0.0128785390406847,0.012012635357677937,0.18214282393455505
277,-0.6667301654815674,-0.6721382141113281,0.002707497915253043,0.002700583077967167,0.18208369612693787
278,-0.46602028608322144,-0.6764627695083618,0.1047191172838211,0.10572337359189987,0.18202464282512665
279,-0.5963835716247559,-0.6825552582740784,0.04347106069326401,0.042700644582509995,0.18196561932563782
280,-0.68056321144104,-0.6834354996681213,0.0014583079610019922,0.0014139965642243624,0.181906595826149
281,-0.6528580784797668,-0.6690159440040588,0.0079218540340662,0.008235987275838852,0.1818476766347885
282,-0.6658328771591187,-0.6710440516471863,0.002596871927380562,0.0026143176946789026,0.1817888468503952
283,-0.650483250617981,-0.6675184965133667,0.008210379630327225,0.008824865333735943,0.18173010647296906
284,-0.6819531321525574,-0.6914831399917603,0.004767482168972492,0.004762553609907627,0.18167132139205933
285,-0.6631399989128113,-0.684662938117981,0.010602687485516071,0.010920236818492413,0.1816125065088272
286,-0.6835134029388428,-0.689213752746582,0.0027820139657706022,0.002918376587331295,0.18155372142791748
287,-0.6711077094078064,-0.6896811723709106,0.00963203702121973,0.008941402658820152,0.18149502575397491
288,-0.6652542948722839,-0.6737087368965149,0.003916811663657427,0.004537649918347597,0.1814364492893219
289,-0.6976314783096313,-0.701130747795105,0.0018261907389387488,0.0016731057548895478,0.18137775361537933
290,-0.6654242277145386,-0.6776326298713684,0.005657257977873087,0.006551151163876057,0.18131910264492035
291,-0.6810048818588257,-0.6952225565910339,0.007133019622415304,0.007084675133228302,0.18126048147678375
292,-0.690110981464386,-0.6930754780769348,0.0011894517811015248,0.0017750193364918232,0.18120190501213074
293,-0.677993655204773,-0.6994701623916626,0.010714258067309856,0.010762304067611694,0.1811434030532837
294,-0.6736289858818054,-0.6831498742103577,0.004763094242662191,0.00475781224668026,0.18108497560024261
295,-0.6192466020584106,-0.6836429238319397,0.031975917518138885,0.03242038935422897,0.1810266077518463
296,-0.6859988570213318,-0.6892139315605164,0.0016064095543697476,0.0016086935065686703,0.18096832931041718
297,-0.6896662712097168,-0.7097892761230469,0.009957830421626568,0.010165129788219929,0.18091005086898804
298,-0.6626795530319214,-0.7112199068069458,0.02376418747007847,0.02477618306875229,0.1808517724275589
299,-0.6736430525779724,-0.695012092590332,0.010707923211157322,0.010661138221621513,0.18079352378845215
300,-0.6808374524116516,-0.6911973357200623,0.005295588169246912,0.0050642830319702625,0.18073531985282898
301,-0.6941955089569092,-0.6981813907623291,0.001969829900190234,0.002016044221818447,0.18067719042301178
302,-0.6690629720687866,-0.6713470220565796,0.0011217329883947968,0.0011622884776443243,0.18061910569667816
303,-0.6589887738227844,-0.6833235025405884,0.012154809199273586,0.012179928831756115,0.1805611103773117
304,-0.6615854501724243,-0.6815072298049927,0.009813494980335236,0.010108287446200848,0.18050312995910645
305,-0.6923633813858032,-0.6973103880882263,0.0022354833781719208,0.002711550798267126,0.1804451197385788
306,-0.6743294596672058,-0.6830102205276489,0.004505748860538006,0.004175017587840557,0.18038716912269592
307,-0.6782242059707642,-0.6848441958427429,0.0032156771048903465,0.003404335118830204,0.18032924830913544
308,-0.6866011619567871,-0.6973072290420532,0.005670825485140085,0.0050352453254163265,0.18027126789093018
309,-0.6858011484146118,-0.7071650624275208,0.011228066869080067,0.010135829448699951,0.1802133470773697
310,-0.6804641485214233,-0.6987570524215698,0.009255853481590748,0.009037056006491184,0.18015553057193756
311,-0.6399008631706238,-0.7113138437271118,0.035718780010938644,0.0356941893696785,0.18009774386882782
312,-0.7094757556915283,-0.7278569340705872,0.008924318477511406,0.0094568757340312,0.1800399273633957
313,-0.680636465549469,-0.7087068557739258,0.013312366791069508,0.014758078381419182,0.17998217046260834
314,-0.6980252265930176,-0.7153607606887817,0.00843016430735588,0.008905347436666489,0.17992441356182098
315,-0.7003527283668518,-0.7142493724822998,0.0066430941224098206,0.007253554649651051,0.17986677587032318
316,-0.6688295006752014,-0.6992452144622803,0.01484943088144064,0.015566272661089897,0.17980913817882538
317,-0.7006853818893433,-0.7051182389259338,0.0026257894933223724,0.0018070688238367438,0.17975156009197235
318,-0.6907153129577637,-0.6957697868347168,0.0022764834575355053,0.002778001595288515,0.1796940565109253
319,-0.6902748942375183,-0.6944049000740051,0.0020734593272209167,0.0020565493032336235,0.17963655292987823
320,-0.6546492576599121,-0.6758226752281189,0.01026199758052826,0.010911381803452969,0.17957912385463715
321,-0.668988823890686,-0.6882588267326355,0.009022562764585018,0.010247498750686646,0.17952175438404083
322,-0.6608342528343201,-0.6836069226264954,0.010863283649086952,0.011909381486475468,0.17946435511112213
323,-0.6872522830963135,-0.6987254023551941,0.0056887222453951836,0.005784410983324051,0.17940685153007507
324,-0.6681859493255615,-0.6903623342514038,0.01123824156820774,0.010938187129795551,0.17934943735599518
325,-0.6594162583351135,-0.685986340045929,0.01331050880253315,0.013259602710604668,0.17929208278656006
326,-0.6736721992492676,-0.6796356439590454,0.0031371398363262415,0.002826313953846693,0.17923478782176971
327,-0.6843386888504028,-0.7022042274475098,0.008948709815740585,0.00891687162220478,0.17917749285697937
328,-0.6835396885871887,-0.7038044333457947,0.00995953194797039,0.010305210947990417,0.17912037670612335
329,-0.6463835835456848,-0.7066211700439453,0.029418136924505234,0.030819473788142204,0.17906339466571808
330,-0.7229026556015015,-0.7355488538742065,0.006808553822338581,0.00583762489259243,0.17900648713111877
331,-0.7362387180328369,-0.7415866851806641,0.00275387242436409,0.002594138029962778,0.17894966900348663
332,-0.723639965057373,-0.7400518655776978,0.00794286374002695,0.008469033055007458,0.1788928061723709
333,-0.719147264957428,-0.7241590619087219,0.0028397918213158846,0.0021720107179135084,0.17883598804473877
334,-0.7235671281814575,-0.7300771474838257,0.003424316644668579,0.0030857056844979525,0.17877919971942902
335,-0.7306483387947083,-0.7367652058601379,0.0033927930053323507,0.0027240451890975237,0.1787223219871521
336,-0.7003885507583618,-0.7319307327270508,0.015819182619452477,0.015723008662462234,0.1786653846502304
337,-0.6998187899589539,-0.7200405597686768,0.00970260426402092,0.01051914133131504,0.17860844731330872
338,-0.7004163265228271,-0.7152212262153625,0.007110572885721922,0.007694294210523367,0.17855143547058105
339,-0.6550434827804565,-0.6754686832427979,0.009753884747624397,0.010671298950910568,0.17849454283714294
340,-0.683092474937439,-0.6929582357406616,0.005054278299212456,0.004811488091945648,0.17843763530254364
341,-0.653213620185852,-0.6827255487442017,0.014453480951488018,0.015058483928442001,0.17838077247142792
342,-0.6592825055122375,-0.6919651627540588,0.015468575060367584,0.017214039340615273,0.17832379043102264
343,-0.6970557570457458,-0.7052280902862549,0.0039501371793448925,0.004222194664180279,0.17826680839061737
344,-0.7071505188941956,-0.7197179794311523,0.005956554785370827,0.006610934156924486,0.1782098412513733
345,-0.6796215176582336,-0.7038638591766357,0.012060198932886124,0.012182129546999931,0.17815297842025757
346,-0.7010875344276428,-0.7135970592498779,0.006205208133906126,0.0063043320551514626,0.17809616029262543
347,-0.7181691527366638,-0.7301443815231323,0.005805532447993755,0.006169699132442474,0.17803943157196045
348,-0.7571923732757568,-0.7617101073265076,0.0023223289754241705,0.0021953971590846777,0.1779826432466507
349,-0.7160974144935608,-0.7374051213264465,0.010742418467998505,0.010565299540758133,0.1779259890317917
350,-0.7347500920295715,-0.7410166263580322,0.0034168465062975883,0.002849672921001911,0.17786937952041626
351,-0.7090010046958923,-0.742889404296875,0.016599085181951523,0.017289331182837486,0.17781290411949158
352,-0.7190129160881042,-0.7411737442016602,0.01114971935749054,0.011011139489710331,0.17775657773017883
353,-0.7249385714530945,-0.7402727603912354,0.00768685806542635,0.0076473308727145195,0.1777002215385437
354,-0.717083215713501,-0.7299455404281616,0.006082830484956503,0.0067794970236718655,0.17764388024806976
355,-0.7086745500564575,-0.7499904036521912,0.020488180220127106,0.020827658474445343,0.17758755385875702
356,-0.7079172134399414,-0.7202625870704651,0.0063600302673876286,0.005985323805361986,0.17753125727176666
357,-0.733553409576416,-0.7370989322662354,0.001848934218287468,0.0016966011608019471,0.17747493088245392
358,-0.7392869591712952,-0.7442875504493713,0.002901722677052021,0.0020988848991692066,0.17741861939430237
359,-0.7249622941017151,-0.7321634292602539,0.00392319168895483,0.00327796908095479,0.177362322807312
360,-0.7166664004325867,-0.7349957227706909,0.008910182863473892,0.009419117122888565,0.17730611562728882
361,-0.7003567814826965,-0.7278562188148499,0.014001486822962761,0.013497966341674328,0.1772499680519104
362,-0.7272084355354309,-0.7413816452026367,0.007066014688462019,0.007107214070856571,0.17719383537769318
363,-0.7047967314720154,-0.7422031164169312,0.01805717870593071,0.019349243491888046,0.17713773250579834
364,-0.7399768829345703,-0.7481428980827332,0.004290238954126835,0.003875797614455223,0.17708170413970947
365,-0.7272281646728516,-0.735783576965332,0.004390355199575424,0.004165056627243757,0.1770256906747818
366,-0.7628645300865173,-0.7665656208992004,0.001733049051836133,0.0019680510740727186,0.17696964740753174
367,-0.5295246243476868,-0.7386093139648438,0.10563762485980988,0.10344710201025009,0.17691367864608765
368,-0.7235469818115234,-0.7458703517913818,0.010997673496603966,0.01132573839277029,0.17685768008232117
369,-0.7248093485832214,-0.7309017777442932,0.0030213657300919294,0.0030710422433912754,0.17680181562900543
370,-0.7111018300056458,-0.7365065813064575,0.012321547605097294,0.013083230704069138,0.17674580216407776
371,-0.7051385045051575,-0.7223535180091858,0.007857196033000946,0.009357788600027561,0.17668987810611725
372,-0.7080276012420654,-0.7365228533744812,0.014201948419213295,0.014293299987912178,0.17663393914699554
373,-0.6852898597717285,-0.7134149074554443,0.013653930276632309,0.014471097849309444,0.17657801508903503
374,-0.7133103013038635,-0.7199403047561646,0.002947795670479536,0.0036821714602410793,0.1765221357345581
375,-0.7364160418510437,-0.7405184507369995,0.0019880325999110937,0.0021143730264157057,0.17646633088588715
376,-0.7034884691238403,-0.7304994463920593,0.013371126726269722,0.013639882206916809,0.17641063034534454
377,-0.7040664553642273,-0.7209029793739319,0.008608773350715637,0.008227765560150146,0.17635491490364075
378,-0.6374272108078003,-0.7228499054908752,0.04221112281084061,0.043211549520492554,0.1762993037700653
379,-0.7352702021598816,-0.7478761076927185,0.006086219102144241,0.006519665475934744,0.17624375224113464
380,-0.6396884322166443,-0.7235612869262695,0.04256230220198631,0.04131053388118744,0.17618827521800995
381,-0.7401719689369202,-0.7507408261299133,0.005057265050709248,0.0055115907453000546,0.17613272368907928
382,-0.7573361396789551,-0.7624446153640747,0.002481134608387947,0.002627335023134947,0.176077201962471
383,-0.6868926286697388,-0.7622935175895691,0.037678349763154984,0.03772250935435295,0.17602171003818512
384,-0.7401169538497925,-0.7546025514602661,0.007232143543660641,0.007253493648022413,0.17596615850925446
385,-0.755142867565155,-0.7733975648880005,0.009048081003129482,0.009206579998135567,0.1759105622768402
386,-0.7195594310760498,-0.7448276877403259,0.012836433947086334,0.012431809678673744,0.17585504055023193
387,-0.7350637316703796,-0.7640261054039001,0.015362946316599846,0.013599444180727005,0.17579948902130127
388,-0.7180489301681519,-0.7331714034080505,0.007418976165354252,0.00770346587523818,0.175743967294693
389,-0.7271391153335571,-0.7466801404953003,0.008848943747580051,0.010692049749195576,0.1756884902715683
390,-0.6922205686569214,-0.720299243927002,0.014357304200530052,0.013721367344260216,0.17563317716121674
391,-0.7320694923400879,-0.7514857053756714,0.009578629396855831,0.00983757060021162,0.17557790875434875
392,-0.76303631067276,-0.7736339569091797,0.004579281434416771,0.006018335465341806,0.1755225956439972
393,-0.7148757576942444,-0.7776505947113037,0.03174725919961929,0.03102758154273033,0.1754673421382904
394,-0.7719659805297852,-0.778579592704773,0.003316453890874982,0.0032971338368952274,0.17541208863258362
395,-0.7739893794059753,-0.7869068384170532,0.006143532693386078,0.006773919332772493,0.17535685002803802
396,-0.7677262425422668,-0.7865043878555298,0.009373277425765991,0.009404812008142471,0.1753016710281372
397,-0.7792086601257324,-0.7906991243362427,0.00531021598726511,0.006180229596793652,0.1752464920282364
398,-0.7171498537063599,-0.7582933902740479,0.020269140601158142,0.020874395966529846,0.17519134283065796
399,-0.7826467752456665,-0.7877957224845886,0.0022738599218428135,0.002875096397474408,0.1751362383365631
400,-0.7477548718452454,-0.7648865580558777,0.008297167718410492,0.008834557607769966,0.17508108913898468
401,-0.7660312652587891,-0.7721153497695923,0.0030198232270777225,0.003064255230128765,0.17502593994140625
402,-0.7154322862625122,-0.7354928255081177,0.008979695849120617,0.011080890893936157,0.1749708503484726
403,-0.7037299871444702,-0.7284302711486816,0.010957088321447372,0.013743202202022076,0.17491576075553894
404,-0.7443662881851196,-0.7568212747573853,0.005808264948427677,0.0066466908901929855,0.17486068606376648
405,-0.7119778394699097,-0.7232826948165894,0.005202466621994972,0.00610240688547492,0.17480570077896118
406,-0.7460023164749146,-0.7687141299247742,0.011046487838029861,0.011665372177958488,0.17475074529647827
407,-0.7165868282318115,-0.7461937665939331,0.015427147038280964,0.014179760590195656,0.17469583451747894
408,-0.7558331489562988,-0.7710999846458435,0.008442986756563187,0.006823817268013954,0.17464092373847961
409,-0.7411915063858032,-0.7588651180267334,0.00838683545589447,0.009286781772971153,0.1745859533548355
410,-0.7656082510948181,-0.7723760008811951,0.0035851497668772936,0.003182600485160947,0.1745309829711914
411,-0.7383348941802979,-0.7622802257537842,0.011378452181816101,0.012566875666379929,0.17447614669799805
412,-0.7140596508979797,-0.7580287456512451,0.02209819108247757,0.021870916709303856,0.1744212806224823
413,-0.7620454430580139,-0.7837581634521484,0.01064890343695879,0.011063790880143642,0.17436639964580536
414,-0.7860458493232727,-0.790467381477356,0.002206677570939064,0.0022148294374346733,0.1743115484714508
415,-0.7129247188568115,-0.7375548481941223,0.011874270625412464,0.012755880132317543,0.1742568016052246
416,-0.7191874384880066,-0.7505687475204468,0.015393853187561035,0.015987465158104897,0.17420203983783722
417,-0.6919103264808655,-0.7325628995895386,0.019980773329734802,0.020671769976615906,0.1741473227739334
418,-0.6546947956085205,-0.7463110089302063,0.045283060520887375,0.04633312299847603,0.17409268021583557
419,-0.7500772476196289,-0.766240656375885,0.007024697959423065,0.009138716384768486,0.17403805255889893
420,-0.7779582142829895,-0.788913369178772,0.0055442387238144875,0.005410902667790651,0.17398345470428467
421,-0.774712324142456,-0.7823927998542786,0.00415385328233242,0.003526648972183466,0.173928901553154
422,-0.8060275912284851,-0.8122749328613281,0.00320411310531199,0.0030432541389018297,0.17387433350086212
423,-0.7783694863319397,-0.7929916381835938,0.007921124808490276,0.006701030768454075,0.17381983995437622
424,-0.8028373122215271,-0.8172036409378052,0.0071541848592460155,0.0072121755219995975,0.17376530170440674
425,-0.7751110792160034,-0.7891120314598083,0.007368468679487705,0.006632504519075155,0.17371079325675964
426,-0.7916290760040283,-0.8097406029701233,0.008945704437792301,0.009165838360786438,0.17365624010562897
427,-0.735663890838623,-0.8013665080070496,0.032558441162109375,0.033144187182188034,0.17360159754753113
428,-0.7914231419563293,-0.8020461201667786,0.0048585389740765095,0.005764402449131012,0.17354701459407806
429,-0.7929734587669373,-0.798985481262207,0.003193782176822424,0.00281821982935071,0.1734924465417862
430,-0.7658078670501709,-0.7821193337440491,0.0075268312357366085,0.008784624747931957,0.17343786358833313
431,-0.6647487282752991,-0.80191969871521,0.06617171317338943,0.07099928706884384,0.1733834147453308
432,-0.7789019346237183,-0.7961844801902771,0.008940408006310463,0.008342145942151546,0.17332898080348969
433,-0.8084489107131958,-0.8165332078933716,0.003658995730802417,0.004425260704010725,0.17327448725700378
434,-0.7816654443740845,-0.7963377833366394,0.006850591395050287,0.007821725681424141,0.1732199788093567
435,-0.8109152317047119,-0.8239026665687561,0.006572682876139879,0.006414792034775019,0.17316551506519318
436,-0.7424310445785522,-0.7685649394989014,0.011897441931068897,0.01423647627234459,0.17311109602451324
437,-0.7587514519691467,-0.7861804962158203,0.013936877250671387,0.013492180965840816,0.17305654287338257
438,-0.727117657661438,-0.7619345188140869,0.016591187566518784,0.018225660547614098,0.1730019748210907
439,-0.7338517904281616,-0.7595803737640381,0.013118966482579708,0.012609581463038921,0.172947496175766
440,-0.7342710494995117,-0.7541764974594116,0.009363524615764618,0.010541923344135284,0.17289306223392487
441,-0.695969820022583,-0.7233051061630249,0.013490388169884682,0.013844924978911877,0.17283865809440613
442,-0.7514498233795166,-0.7696501016616821,0.008090184070169926,0.010110082104802132,0.17278432846069336
443,-0.7456977367401123,-0.7586812973022461,0.006085791625082493,0.006897726096212864,0.17273010313510895
444,-0.7681838274002075,-0.780415415763855,0.006669323891401291,0.00556226447224617,0.1726759374141693
445,-0.7657157182693481,-0.7884575724601746,0.01092374138534069,0.011818110942840576,0.17262183129787445
446,-0.7630916833877563,-0.7815993428230286,0.009184584952890873,0.009323048405349255,0.17256766557693481
447,-0.783659040927887,-0.8021296858787537,0.009405502118170261,0.009065142832696438,0.17251354455947876
448,-0.7877664566040039,-0.802806556224823,0.006950967479497194,0.008089149370789528,0.1724594235420227
449,-0.7457988262176514,-0.7656511068344116,0.009624885395169258,0.010227384977042675,0.17240534722805023
450,-0.7228164076805115,-0.7489451766014099,0.012187422253191471,0.013941343873739243,0.1723514050245285
451,-0.7320873737335205,-0.7672185897827148,0.017029181122779846,0.018102066591382027,0.17229746282100677
452,-0.7814671397209167,-0.7906056046485901,0.004054494202136993,0.005083989351987839,0.17224350571632385
453,-0.7730264663696289,-0.7901936173439026,0.00782961118966341,0.009337514638900757,0.17218957841396332
454,-0.7565574645996094,-0.8238995671272278,0.034204598516225815,0.03313751891255379,0.1721356362104416
455,-0.8266390562057495,-0.836333155632019,0.005125504918396473,0.0045685539953410625,0.17208176851272583
456,-0.7872734665870667,-0.8123379945755005,0.012628545984625816,0.012435998767614365,0.17202799022197723
457,-0.7658621072769165,-0.7865221500396729,0.009611671790480614,0.01104836817830801,0.17197424173355103
458,-0.7825255990028381,-0.8053157329559326,0.011055203154683113,0.011734926141798496,0.1719205230474472
459,-0.7350863218307495,-0.8015139698982239,0.031046774238348007,0.035380881279706955,0.17186668515205383
460,-0.7875219583511353,-0.7987721562385559,0.006062400061637163,0.005187829956412315,0.17181305587291718
461,-0.8044201135635376,-0.8141928911209106,0.004752722568809986,0.0050200591795146465,0.1717594414949417
462,-0.7519121766090393,-0.7692476511001587,0.008388658985495567,0.008946863934397697,0.17170585691928864
463,-0.7551589012145996,-0.7758568525314331,0.010356813669204712,0.010341175831854343,0.17165227234363556
464,0.7265551686286926,-0.8129716515541077,0.768084704875946,0.7714421153068542,0.17159868776798248
465,-0.8095892667770386,-0.8197548389434814,0.005125962197780609,0.005039628129452467,0.1715451031923294
466,-0.780005693435669,-0.8113088607788086,0.015421292744576931,0.015881899744272232,0.17149153351783752
467,-0.8021844029426575,-0.822204053401947,0.009878388606011868,0.010141227394342422,0.17143799364566803
468,-0.7760519981384277,-0.8432251214981079,0.033272888511419296,0.03390023857355118,0.17138448357582092
469,-0.8150501847267151,-0.8372713923454285,0.01003144308924675,0.012189717963337898,0.171330988407135
470,-0.8075475692749023,-0.8361971974372864,0.013339283876121044,0.015310360118746758,0.1712774783372879
471,-0.8042100667953491,-0.8283258080482483,0.011728224344551563,0.012387542985379696,0.1712239384651184
472,-0.803019642829895,-0.8186577558517456,0.007171652279794216,0.008466462604701519,0.17117048799991608
473,-0.7585963010787964,-0.7879067659378052,0.01408062968403101,0.015229830518364906,0.1711171269416809
474,-0.7863309979438782,-0.809427797794342,0.010972191579639912,0.01212458498775959,0.17106378078460693
475,-0.8370311260223389,-0.8458950519561768,0.004664755426347256,0.004199160262942314,0.17101021111011505
476,-0.5948876142501831,-0.7996755242347717,0.1019340232014656,0.10285389423370361,0.17095665633678436
477,-0.7675421833992004,-0.7820420265197754,0.0072250450029969215,0.0072748190723359585,0.17090316116809845
478,-0.7239564657211304,-0.7566341161727905,0.01507706567645073,0.017600614577531815,0.17084969580173492
479,-0.8064180612564087,-0.8156774044036865,0.0046931602992117405,0.0045661660842597485,0.17079629004001617
480,-0.7537864446640015,-0.7706124782562256,0.008102395571768284,0.008723631501197815,0.17074288427829742
481,-0.7771731615066528,-0.7935181260108948,0.007297622039914131,0.009047347120940685,0.17068946361541748
482,-0.7732430696487427,-0.7915615439414978,0.009167622774839401,0.009150837548077106,0.17063605785369873
483,-0.8084433674812317,-0.8202866315841675,0.005742026027292013,0.0061012497171759605,0.17058265209197998
484,-0.7894522547721863,-0.8028647303581238,0.006475899834185839,0.00693657947704196,0.17052938044071198
485,-0.8095880150794983,-0.8211331367492676,0.0046628983691334724,0.006882229819893837,0.17047613859176636
486,-0.7768205404281616,-0.8020914196968079,0.012256639078259468,0.013014229014515877,0.17042303085327148
487,-0.8498408198356628,-0.8543692231178284,0.002278613392263651,0.0022497670724987984,0.170369952917099
488,-0.7986024618148804,-0.8241621851921082,0.012485228478908539,0.013074524700641632,0.1703168898820877
489,-0.7833801507949829,-0.8038293123245239,0.010658693499863148,0.009790461510419846,0.1702638417482376
490,-0.7920845746994019,-0.806977391242981,0.007586789317429066,0.007306045852601528,0.1702108234167099
491,-0.786761462688446,-0.805302083492279,0.009232744574546814,0.009307882748544216,0.17015784978866577
492,-0.7702887654304504,-0.7787826657295227,0.0035579465329647064,0.0049359919503331184,0.17010493576526642
493,-0.7797764539718628,-0.7930693626403809,0.0061944941990077496,0.007098441012203693,0.17005208134651184
494,-0.7678343057632446,-0.7831537127494812,0.0074226935394108295,0.007896735332906246,0.16999924182891846
495,-0.7962868213653564,-0.8085078001022339,0.006220199167728424,0.006000748835504055,0.16994638741016388
496,-0.7842211127281189,-0.8004744052886963,0.007881277240812778,0.00837202649563551,0.1698935478925705
497,-0.8402704000473022,-0.8444678783416748,0.0016169481677934527,0.002580544212833047,0.1698407679796219
498,-0.80131995677948,-0.8210715055465698,0.010898447595536709,0.008853052742779255,0.16978797316551208
499,-0.8288282155990601,-0.8366071581840515,0.004160890821367502,0.00361806433647871,0.16973526775836945
500,-0.8096901774406433,-0.8211258053779602,0.005168318282812834,0.006267304066568613,0.169682577252388
501,-0.8263576030731201,-0.8461559414863586,0.009834510274231434,0.00996382161974907,0.16962991654872894
502,-0.8272827863693237,-0.8360090255737305,0.003980089910328388,0.0047461409121751785,0.1695772409439087
503,-0.7739565968513489,-0.7913818955421448,0.008143945597112179,0.009281313978135586,0.16952459514141083
504,-0.784678041934967,-0.7977504134178162,0.005847192369401455,0.00722516467794776,0.16947196424007416
505,-0.7988923192024231,-0.8077948689460754,0.00475277891382575,0.004149782471358776,0.16941937804222107
506,-0.8000801801681519,-0.8182981610298157,0.008195046335458755,0.010022910311818123,0.16936679184436798
507,-0.5996171832084656,-0.8131496906280518,0.10988672822713852,0.10364580154418945,0.16931425034999847
508,-0.6178529858589172,-0.8295639753341675,0.10991492867469788,0.10179611295461655,0.16926172375679016
509,-0.5695675015449524,-0.7726765871047974,0.10505709797143936,0.09805198758840561,0.16920919716358185
510,-0.7182178497314453,-0.7799484133720398,0.03063908778131008,0.0310914795845747,0.1691567599773407
511,-0.752140998840332,-0.7902110815048218,0.01893235370516777,0.019137755036354065,0.16910427808761597
512,-0.8081172108650208,-0.8217185735702515,0.007184046786278486,0.006417313124984503,0.16905182600021362
513,0.6726754903793335,-0.8149772882461548,0.7400996685028076,0.7475531101226807,0.16899928450584412
514,-0.8379966616630554,-0.8499338030815125,0.005934449378401041,0.006002648733556271,0.168946772813797
515,-0.8827757835388184,-0.8953617215156555,0.005667186342179775,0.006918721832334995,0.16889427602291107
516,-0.8646987080574036,-0.8854528665542603,0.009661710821092129,0.011092409491539001,0.16884173452854156
517,-0.8935985565185547,-0.911047637462616,0.008407359011471272,0.009041756391525269,0.16878920793533325
518,-0.8841868042945862,-0.9010602235794067,0.008528050035238266,0.008345379494130611,0.16873671114444733
519,-0.8655482530593872,-0.8843880891799927,0.009795818477869034,0.009044021368026733,0.16868425905704498
520,-0.8384475111961365,-0.8544200658798218,0.008273418992757797,0.007699150126427412,0.16863176226615906
521,-0.8358908891677856,-0.8540869951248169,0.009687652811408043,0.008508453145623207,0.16857926547527313
522,-0.7733718156814575,-0.7948368191719055,0.01142419595271349,0.010040797293186188,0.16852670907974243
523,-0.8248839378356934,-0.8412854671478271,0.007132585626095533,0.009268962778151035,0.16847415268421173
524,-0.755849301815033,-0.7740689516067505,0.008462304249405861,0.009757322259247303,0.1684216856956482
525,-0.7783874273300171,-0.7900375127792358,0.005813276395201683,0.005836762022227049,0.16836930811405182
526,-0.8155848383903503,-0.8287109136581421,0.007057882845401764,0.0060681672766804695,0.16831690073013306
527,-0.8120444416999817,-0.8253083825111389,0.0073994360864162445,0.005864520091563463,0.1682644486427307
528,-0.7971523404121399,-0.8128975629806519,0.00811447948217392,0.007630751933902502,0.1682119369506836
529,-0.8085870742797852,-0.8332496881484985,0.01145732868462801,0.013205302879214287,0.16815945506095886
530,-0.7799630165100098,-0.8036074638366699,0.011239603161811829,0.012404832988977432,0.1681070327758789
531,-0.8514108061790466,-0.8627752065658569,0.0057960026897490025,0.005568377207964659,0.1680546998977661
532,-0.8302781581878662,-0.8453651070594788,0.0071190111339092255,0.007967946119606495,0.16800233721733093
533,-0.8664615750312805,-0.8725784420967102,0.0031076970044523478,0.0030091239605098963,0.16795001924037933
534,-0.8498607873916626,-0.8577896356582642,0.003656405257061124,0.004272439517080784,0.16789771616458893
535,-0.8470014929771423,-0.8559781312942505,0.003964320290833712,0.005012314300984144,0.1678454577922821
536,-0.8777590990066528,-0.886820912361145,0.004431970417499542,0.004629861563444138,0.1677931696176529
537,-0.8097834587097168,-0.8229097127914429,0.0069197360426187515,0.00620648730546236,0.16774094104766846
538,-0.8063190579414368,-0.8240206241607666,0.008276304230093956,0.009425299242138863,0.16768880188465118
539,-0.8227238059043884,-0.8344631791114807,0.004764213226735592,0.006975146010518074,0.16763673722743988
540,-0.8483666777610779,-0.8583033084869385,0.005551478359848261,0.004385157488286495,0.16758476197719574
541,-0.8181078433990479,-0.8322480916976929,0.006305565591901541,0.007834697142243385,0.167532816529274
542,-0.7692164778709412,-0.790118396282196,0.008809694088995457,0.012092255055904388,0.1674809604883194
543,-0.8297288417816162,-0.8433002233505249,0.00658862991258502,0.006982747931033373,0.16742907464504242
544,-0.7966259121894836,-0.8067435622215271,0.00433114031329751,0.0057865334674716,0.1673772633075714
545,-0.8359487652778625,-0.8519066572189331,0.007212712895125151,0.00874517485499382,0.16732540726661682
546,-0.8486740589141846,-0.8620545864105225,0.0058258227072656155,0.007554704323410988,0.16727355122566223
547,-0.872465193271637,-0.8796596527099609,0.00328040705062449,0.0039140391163527966,0.16722171008586884
548,-0.8404460549354553,-0.851662278175354,0.006161428522318602,0.005054749082773924,0.16716980934143066
549,-0.851985514163971,-0.8654561042785645,0.005894905887544155,0.007575719151645899,0.16711796820163727
550,-0.643981397151947,-0.8370267748832703,0.09838919341564178,0.09465614706277847,0.16706617176532745
551,-0.8870736360549927,-0.9002959728240967,0.006623352877795696,0.006599009968340397,0.16701442003250122
552,-0.7618555426597595,-0.7733191251754761,0.005785354413092136,0.005678226239979267,0.16696275770664215
553,-0.8444468379020691,-0.851570725440979,0.003572464222088456,0.003551430068910122,0.16691109538078308
554,-0.8561770915985107,-0.8676004409790039,0.0063125635497272015,0.0051107765175402164,0.1668594479560852
555,-0.8415976762771606,-0.8560012578964233,0.00660557858645916,0.007798023521900177,0.16680777072906494
556,-0.8518667221069336,-0.864459216594696,0.005791906267404556,0.006800612434744835,0.16675619781017303
557,-0.8106863498687744,-0.8208888173103333,0.004914380144327879,0.0052880458533763885,0.16670459508895874
558,-0.8323677182197571,-0.8407323360443115,0.0039599584415555,0.004404675215482712,0.16665305197238922
559,-0.8508352637290955,-0.8654915690422058,0.006107172463089228,0.008549163118004799,0.16660158336162567
560,-0.851656436920166,-0.859906017780304,0.003041029442101717,0.005208568647503853,0.16655012965202332
561,-0.8841829895973206,-0.8887969255447388,0.0020102059934288263,0.002603722270578146,0.16649873554706573
562,-0.8927505612373352,-0.902207612991333,0.004476646427065134,0.004980410914868116,0.16644734144210815
563,-0.8709697127342224,-0.8863985538482666,0.0070487638004124165,0.00838005356490612,0.1663958728313446
564,-0.8433510661125183,-0.8563812971115112,0.006077868398278952,0.006952353287488222,0.16634449362754822
565,-0.881365180015564,-0.893744945526123,0.005969834979623556,0.0064099193550646305,0.16629311442375183
566,-0.828376829624176,-0.8405435085296631,0.0051066093146800995,0.007060064934194088,0.16624172031879425
567,-0.8575541377067566,-0.869747519493103,0.005699300207197666,0.006494077388197184,0.1661902517080307
568,-0.8718869686126709,-0.8894234299659729,0.00859858188778162,0.008937898091971874,0.16613872349262238
569,-0.8454208970069885,-0.8577376008033752,0.006146668456494808,0.006170043721795082,0.1660872995853424
570,-0.8268425464630127,-0.8502905964851379,0.010324448347091675,0.013123633340001106,0.16603578627109528
571,-0.9022212028503418,-0.90986567735672,0.0034096338786184788,0.004234844818711281,0.16598430275917053
572,-0.8445675373077393,-0.854995846748352,0.004905249923467636,0.005523074418306351,0.16593286395072937
573,-0.8684612512588501,-0.8762638568878174,0.0037866204511374235,0.004015960264950991,0.1658814549446106
574,-0.8503638505935669,-0.8604598641395569,0.005470769014209509,0.004625275731086731,0.16583015024662018
575,-0.8954533338546753,-0.9017882347106934,0.003373754443600774,0.002961144084110856,0.16577884554862976
576,-0.8572567105293274,-0.86944979429245,0.005598350893706083,0.006594710052013397,0.16572745144367218
577,-0.8568540215492249,-0.8621397614479065,0.0022862025070935488,0.0029995483346283436,0.165676087141037
578,-0.8461806774139404,-0.8598768711090088,0.0072851888835430145,0.006411015056073666,0.1656247228384018
579,-0.8431471586227417,-0.8541251420974731,0.004857645835727453,0.006120337639003992,0.1655733436346054
580,-0.8284319043159485,-0.8440001606941223,0.007406339049339294,0.00816192664206028,0.1655220240354538
581,-0.8225471377372742,-0.8423470854759216,0.009491462260484695,0.010308511555194855,0.16547077894210815
582,-0.8081880211830139,-0.8226470947265625,0.006467278115451336,0.00799181405454874,0.16541960835456848
583,-0.9160740971565247,-0.9225079417228699,0.002680004108697176,0.00375385582447052,0.16536852717399597
584,-0.8855157494544983,-0.8941110372543335,0.004084283951669931,0.004510999657213688,0.16531749069690704
585,-0.8261507749557495,-0.8443266153335571,0.009345868602395058,0.008829961530864239,0.16526655852794647
586,-0.8213182091712952,-0.8331921696662903,0.005522414110600948,0.0063515398651361465,0.1652156412601471
587,-0.9178005456924438,-0.9254116415977478,0.002921849023550749,0.004689292050898075,0.16516472399234772
588,-0.8473548293113708,-0.8564396500587463,0.004159650765359402,0.004925171844661236,0.16511376202106476
589,-0.8343794345855713,-0.8428783416748047,0.004055964760482311,0.004442943260073662,0.1650628000497818
590,-0.7569618821144104,-0.7653995156288147,0.004648077301681042,0.0037895587738603354,0.1650119572877884
591,-0.8771088123321533,-0.8832311034202576,0.0032755453139543533,0.0028467332012951374,0.16496102511882782
592,-0.8988709449768066,-0.9133720993995667,0.007303574588149786,0.0071975598111748695,0.16491013765335083
593,-0.8480688333511353,-0.8561376333236694,0.004243606235831976,0.0038251883815973997,0.1648593693971634
594,-0.8466535210609436,-0.8527262210845947,0.003041177988052368,0.003031571162864566,0.1648087203502655
595,-0.8118313550949097,-0.8189384341239929,0.0034687479492276907,0.0036383559927344322,0.1647581309080124
596,-0.875347375869751,-0.8825598955154419,0.0037709795869886875,0.003441500011831522,0.16470760107040405
597,-0.8458355665206909,-0.8565260171890259,0.005461123771965504,0.005229325965046883,0.16465702652931213
598,-0.9048810601234436,-0.9157996773719788,0.005437018815428019,0.0054815723560750484,0.1646064668893814
599,-0.8821448683738708,-0.8935419917106628,0.005181805230677128,0.006215347442775965,0.16455590724945068
600,-0.8964311480522156,-0.9016386866569519,0.002376165706664324,0.0028314103838056326,0.16450528800487518
601,-0.8819918632507324,-0.8956815004348755,0.007227501831948757,0.006462166551500559,0.16445448994636536
602,-0.8716966509819031,-0.885492205619812,0.00682202959433198,0.006973517592996359,0.1644037514925003
603,-0.8697643280029297,-0.8774611353874207,0.0031870787497609854,0.004509738180786371,0.1643531173467636
604,-0.8049636483192444,-0.8161987066268921,0.006479454226791859,0.004755597561597824,0.16430234909057617
605,-0.8800916075706482,-0.8938973546028137,0.00699170446023345,0.006814084015786648,0.1642516702413559
606,-0.8520627617835999,-0.8638963103294373,0.006386359687894583,0.005447211675345898,0.16420097649097443
607,-0.9247169494628906,-0.9327650666236877,0.003907147794961929,0.004140978679060936,0.1641501933336258
608,-0.8810709118843079,-0.8881532549858093,0.003084579948335886,0.003997731488198042,0.16409949958324432
609,-0.876120388507843,-0.8849964141845703,0.004202597308903933,0.004673406016081572,0.16404888033866882
610,-0.8150268793106079,-0.8904075622558594,0.036144427955150604,0.039236221462488174,0.16399821639060974
611,-0.9050505757331848,-0.9276239275932312,0.010209981352090836,0.01236336026340723,0.16394749283790588
612,-0.8660710453987122,-0.8779236674308777,0.0058361683040857315,0.006016413681209087,0.16389676928520203
613,-0.8818463087081909,-0.8915666937828064,0.003923899028450251,0.005796497687697411,0.16384616494178772
614,-0.898814857006073,-0.9076244831085205,0.003836430609226227,0.004973172675818205,0.16379553079605103
615,-0.8363150954246521,-0.8489383459091187,0.006217431742697954,0.006405826658010483,0.1637449413537979
616,-0.8522846698760986,-0.867906928062439,0.007307357620447874,0.008314918726682663,0.1636943817138672
617,-0.8992983102798462,-0.9082933068275452,0.004612546879798174,0.004382431507110596,0.16364368796348572
618,-0.8683908581733704,-0.8773765563964844,0.004392497707158327,0.0045931702479720116,0.16359300911426544
619,-0.8911460041999817,-0.898042619228363,0.003120332956314087,0.0037762511055916548,0.16354231536388397
620,-0.7981327176094055,-0.8687618970870972,0.03717919811606407,0.03345000743865967,0.1634916365146637
621,-0.8562060594558716,-0.8625849485397339,0.003554315771907568,0.0028245309367775917,0.16344095766544342
622,-0.880966067314148,-0.8915899395942688,0.004357732832431793,0.006266127340495586,0.1633903831243515
623,-0.8426010012626648,-0.8513527512550354,0.0043688262812793255,0.004382905084639788,0.16333989799022675
624,-0.867319643497467,-0.8796015977859497,0.007014135830104351,0.005267801694571972,0.16328947246074677
625,-0.9025149345397949,-0.9095146656036377,0.0034247247967869043,0.0035750395618379116,0.163238987326622
626,-0.8782549500465393,-0.8917393684387207,0.006220397539436817,0.007263993378728628,0.16318854689598083
627,-0.871879518032074,-0.8762956261634827,0.0022049611434340477,0.0022111667785793543,0.16313816606998444
628,-0.8746067881584167,-0.8822565078735352,0.0034297890961170197,0.0042199743911623955,0.16308778524398804
629,-0.8615579009056091,-0.8740980625152588,0.006603024434298277,0.005937153473496437,0.16303743422031403
630,-0.8330419063568115,-0.8389772176742554,0.002635507844388485,0.003299826057627797,0.1629871428012848
631,-0.7905536890029907,-0.8322996497154236,0.020768309012055397,0.020977700129151344,0.16293694078922272
632,-0.873206377029419,-0.8850382566452026,0.006446138955652714,0.0053857360035181046,0.16288670897483826
633,-0.8092373609542847,-0.8448446393013,0.01780412346124649,0.01780313439667225,0.16283652186393738
634,-0.8591740131378174,-0.8732064962387085,0.006192643195390701,0.007839862257242203,0.16278621554374695
635,-0.8638297319412231,-0.8763651251792908,0.005771080031991005,0.006764309946447611,0.16273590922355652
636,-0.8735029697418213,-0.8808130025863647,0.003679655259475112,0.0036304087843745947,0.16268563270568848
637,-0.9043959975242615,-0.9115055203437805,0.0028105329256504774,0.004298974759876728,0.16263537108898163
638,-0.8192254900932312,-0.8402591943740845,0.010605081915855408,0.010428586974740028,0.1625850945711136
639,-0.9553079605102539,-0.9603143930435181,0.0025599882937967777,0.0024464528542011976,0.1625348925590515
640,-0.9318659901618958,-0.9372050762176514,0.002551476703956723,0.0027875653468072414,0.16248463094234467
641,-0.9009260535240173,-0.9071416854858398,0.0028939107432961464,0.003321726806461811,0.162434384226799
642,-0.9436689615249634,-0.963981032371521,0.011337521485984325,0.008974575437605381,0.16238413751125336
643,-0.9189954996109009,-0.9250646829605103,0.0025229700841009617,0.003546233754605055,0.1623338907957077
644,-0.882317066192627,-0.9493821263313293,0.03342653065919876,0.03363853693008423,0.16228361427783966
645,-0.8637402057647705,-0.8717823028564453,0.0041522011160850525,0.0038899015635252,0.1622334122657776
646,-0.941669225692749,-0.9490821957588196,0.003832723945379257,0.0035802479833364487,0.16218321025371552
647,-0.8913871049880981,-0.8980371952056885,0.002682998776435852,0.0039670830592513084,0.16213303804397583
648,-0.87409508228302,-0.8924099206924438,0.00802578590810299,0.010289052501320839,0.16208292543888092
649,-0.9140621423721313,-0.9199531078338623,0.0027333416510373354,0.003157629631459713,0.1620328277349472
650,-0.8784722685813904,-0.8850643634796143,0.003725382499396801,0.0028666837606579065,0.16198277473449707
651,-0.8544937372207642,-0.8676900267601013,0.006075850687921047,0.00712042860686779,0.16193272173404694
652,-0.8885926008224487,-0.8994303345680237,0.004079296253621578,0.006758471019566059,0.1618826985359192
653,-0.8742383122444153,-0.9075564742088318,0.016552403569221497,0.016765765845775604,0.16183272004127502
654,-0.8933219313621521,-0.9067520499229431,0.0075524309650063515,0.0058777001686394215,0.16178278625011444
655,-0.9162392616271973,-0.9248164296150208,0.004224500153213739,0.004352707881480455,0.16173289716243744
656,-0.9159345626831055,-0.9249167442321777,0.004451844375580549,0.004530339501798153,0.16168303787708282
657,-0.9074240326881409,-0.9169296026229858,0.004912851843982935,0.004592721350491047,0.1616332232952118
658,-0.9299482107162476,-0.9396249055862427,0.004444521851837635,0.005232170689851046,0.16158349812030792
659,-0.9553126096725464,-0.967485785484314,0.00669967383146286,0.005473512224853039,0.16153375804424286
660,-0.9481501579284668,-0.9595434665679932,0.005666319280862808,0.005727002397179604,0.16148407757282257
661,-0.94156813621521,-0.9507242441177368,0.004405419807881117,0.004750674590468407,0.16143447160720825
662,-0.9151163697242737,-0.9228029251098633,0.0038791941478848457,0.003807378001511097,0.16138488054275513
663,-0.8359469771385193,-0.8732082843780518,0.018692247569561005,0.018569031730294228,0.16133534908294678
664,-0.8634008765220642,-0.8692567944526672,0.0028944083023816347,0.002961517544463277,0.16128592193126678
665,-0.8126575350761414,-0.8494278192520142,0.01807538792490959,0.01869487389922142,0.16123628616333008
666,-0.8898423910140991,-0.8989065885543823,0.00413465267047286,0.004929534625262022,0.16118668019771576
667,-0.8691233396530151,-0.8868781924247742,0.007532529532909393,0.010222344659268856,0.1611371636390686
668,-0.8480684161186218,-0.8581143617630005,0.004500272683799267,0.005545667372643948,0.16108767688274384
669,-0.8513525724411011,-0.8593712449073792,0.0044953590258955956,0.0035233066882938147,0.16103827953338623
670,-0.9319307804107666,-0.939589262008667,0.003227740526199341,0.004430748987942934,0.16098880767822266
671,-0.9599394798278809,-0.9681211709976196,0.004853534512221813,0.0033281310461461544,0.16093938052654266
672,-0.915706992149353,-0.9263207912445068,0.005070360377430916,0.00554340984672308,0.16088998317718506
673,-0.9506461024284363,-0.9569212198257446,0.002764715813100338,0.003510418813675642,0.1608404666185379
674,-0.8835589289665222,-0.8977072238922119,0.0059000845067203045,0.008248194120824337,0.16079099476337433
675,-0.8442050814628601,-0.8570157289505005,0.005807472858577967,0.007003172300755978,0.16074150800704956
676,-0.9275118112564087,-0.9369616508483887,0.005099793896079063,0.004350095055997372,0.16069209575653076
677,-0.8997746706008911,-0.9103010296821594,0.005720887333154678,0.004805471748113632,0.16064271330833435
678,-0.8717004060745239,-0.8824275732040405,0.006207024212926626,0.004520100075751543,0.16059337556362152
679,-0.8213415145874023,-0.8339630961418152,0.006166331935673952,0.006455251947045326,0.16054406762123108
680,-0.8848622441291809,-0.8952767848968506,0.004733074456453323,0.005681435577571392,0.16049474477767944
681,-0.8586310148239136,-0.9044057130813599,0.022154636681079865,0.02362007088959217,0.1604454219341278
682,-0.8603513836860657,-0.8697170615196228,0.003788527799770236,0.005577127914875746,0.16039612889289856
683,-0.8617365956306458,-0.8791335821151733,0.007806180976331234,0.009590806439518929,0.16034679114818573
684,-0.8861841559410095,-0.8953416347503662,0.0048761190846562386,0.0042813615873456,0.1602974385023117
685,-0.8439055681228638,-0.8804666996002197,0.017685797065496445,0.0188753642141819,0.16024808585643768
686,-0.9144896268844604,-0.91982102394104,0.0024887099862098694,0.0028426398057490587,0.16019874811172485
687,-0.8806450963020325,-0.9511079788208008,0.03712974116206169,0.03333313763141632,0.1601494997739792
688,-0.8903350234031677,-0.9019462466239929,0.006078455597162247,0.005532743409276009,0.16010025143623352
689,-0.8604512214660645,-0.8744372725486755,0.007131611462682486,0.006854438688606024,0.16005101799964905
690,-0.9248669743537903,-0.9346616864204407,0.0040959822945296764,0.005698740016669035,0.16000176966190338
691,-0.8118360638618469,-0.8846708536148071,0.03369498997926712,0.03913980722427368,0.15995252132415771
692,-0.9912281036376953,-0.996333122253418,0.0026724806521087885,0.0024324983824044466,0.15990327298641205
693,-0.9071698188781738,-0.9142293930053711,0.0034735742956399918,0.003586022648960352,0.1598540097475052
694,-0.848946213722229,-0.8866684436798096,0.018573252484202385,0.01914897933602333,0.15980474650859833
695,-0.8579015731811523,-0.8627641201019287,0.0021887982729822397,0.002673722105100751,0.15975552797317505
696,-0.9151294827461243,-0.9207586050033569,0.0025602849200367928,0.003068865742534399,0.15970633924007416
697,-0.9046728014945984,-0.919348955154419,0.00758765684440732,0.007088497281074524,0.15965716540813446
698,-0.847087562084198,-0.8552581071853638,0.004171367734670639,0.003999150358140469,0.15960797667503357
699,-0.8960235714912415,-0.9021896123886108,0.0028636718634516,0.003302403260022402,0.15955878794193268
700,-0.8947133421897888,-0.9023413062095642,0.0037260549142956734,0.003901922143995762,0.15950967371463776
701,-0.9213393330574036,-0.9280315637588501,0.0033941250294446945,0.0032980935648083687,0.1594606339931488
702,-0.9211421608924866,-0.9257290959358215,0.0024046904873102903,0.002182257128879428,0.15941162407398224
703,-0.9050819277763367,-0.9612424373626709,0.026950325816869736,0.029210196807980537,0.15936265885829926
704,-0.8251392245292664,-0.8340815901756287,0.004572542384266853,0.004369817674160004,0.15931370854377747
705,-0.919043242931366,-0.9272898435592651,0.004103090614080429,0.004143525846302509,0.15926478803157806
706,-0.9941297769546509,-1.0007182359695435,0.0033132045064121485,0.00327525706961751,0.15921582281589508
707,-0.9480115175247192,-0.9571368098258972,0.004397682845592499,0.004727620165795088,0.1591668426990509
708,-0.9215375781059265,-0.9311493039131165,0.004094040486961603,0.005517635028809309,0.1591179519891739
709,-0.8809195756912231,-0.8885599970817566,0.004155568312853575,0.0034848181530833244,0.15906910598278046
710,-0.9314742088317871,-0.9497407674789429,0.008805197663605213,0.00946132279932499,0.15902025997638702
711,-0.9558635950088501,-0.9632679224014282,0.0038716315757483244,0.003532714443281293,0.1589713990688324
712,-0.9536752104759216,-0.9825273752212524,0.014738422818481922,0.014113720506429672,0.15892258286476135
713,-0.933083713054657,-0.9419252872467041,0.004643946886062622,0.004197651986032724,0.15887372195720673
714,-0.9473332762718201,-0.9543529748916626,0.0037009851075708866,0.003318750998005271,0.15882492065429688
715,-0.8426991105079651,-0.86860591173172,0.012241839431226254,0.013664966449141502,0.1587762087583542
716,-0.9086508750915527,-0.9156002402305603,0.0034813345409929752,0.0034680175594985485,0.15872757136821747
717,-0.9138259887695312,-0.9467640519142151,0.017680268734693527,0.015257769264280796,0.15867888927459717
718,-0.916827380657196,-0.9307495355606079,0.006719233933836222,0.007202910725027323,0.15863019227981567
719,-0.9100255370140076,-0.9199879765510559,0.005061325151473284,0.004901085514575243,0.15858152508735657
720,-0.8655627965927124,-0.9046937227249146,0.01914479397237301,0.01998613215982914,0.15853287279605865
721,-0.933430552482605,-0.940046489238739,0.0037103162612766027,0.0029055981431156397,0.15848413109779358
722,-0.8922910094261169,-0.9632322788238525,0.037514083087444305,0.033427171409130096,0.1584353893995285
723,-0.9689014554023743,-1.0002655982971191,0.015444152057170868,0.015920007601380348,0.1583867222070694
724,-0.9626564383506775,-0.9907283782958984,0.014213564805686474,0.013858371414244175,0.15833812952041626
725,-0.8941194415092468,-0.908352792263031,0.006693641655147076,0.00753970630466938,0.15828941762447357
726,-0.9445189833641052,-0.9613497257232666,0.009251068346202374,0.00757970567792654,0.1582406908273697
727,-0.9757665991783142,-0.9883432388305664,0.0071462905034422874,0.005430318880826235,0.15819206833839417
728,-0.9287706613540649,-0.9554935693740845,0.013209514319896698,0.01351338904350996,0.1581435203552246
729,-0.9805175065994263,-0.989753007888794,0.0049746171571314335,0.004260927438735962,0.15809497237205505
730,-0.8459470868110657,-0.8588653206825256,0.006545682903379202,0.0063725607469677925,0.15804637968540192
731,-0.8895661234855652,-0.9056594371795654,0.008457032032310963,0.007636314257979393,0.15799786150455475
732,-0.8905710577964783,-0.9072124361991882,0.008528969250619411,0.0081124072894454,0.15794934332370758
733,-0.8848980069160461,-0.9147050380706787,0.01509623322635889,0.014710797928273678,0.15790094435214996
734,-0.9219180941581726,-0.932614266872406,0.005778861232101917,0.004917331505566835,0.15785250067710876
735,0.434941828250885,-0.8921138048171997,0.6570563316345215,0.6699993014335632,0.15780410170555115
736,-0.9342260956764221,-0.9419169425964355,0.00386900850571692,0.003821843769401312,0.15775564312934875
737,-1.0248026847839355,-1.0336867570877075,0.003760489635169506,0.005123629234731197,0.15770722925662994
738,-0.8949620127677917,-0.9233699440956116,0.0139724500477314,0.014435485005378723,0.1576588898897171
739,-1.0397213697433472,-1.0581674575805664,0.009106987155973911,0.009339042007923126,0.15761058032512665
740,-0.996360182762146,-1.057734489440918,0.029405126348137856,0.03196918964385986,0.15756231546401978
741,-0.9974942803382874,-1.0071320533752441,0.0045554144307971,0.005082334857434034,0.1575140655040741
742,-1.0070732831954956,-1.0221495628356934,0.007889552973210812,0.0071867601945996284,0.15746581554412842
743,-0.8344745635986328,-0.9083727598190308,0.037497688084840775,0.03640047088265419,0.1574176549911499
744,-0.9011000990867615,-0.9086900949478149,0.003652852727100253,0.003937125205993652,0.1573694944381714
745,-0.9414993524551392,-0.9510640501976013,0.004712965805083513,0.004851785488426685,0.15732130408287048
746,-0.9352926015853882,-0.9419204592704773,0.003879578784108162,0.0027482565492391586,0.15727317333221436
747,-0.9384140372276306,-0.9488152861595154,0.005587082356214523,0.004814137704670429,0.1572251170873642
748,-0.8208902478218079,-0.8835767507553101,0.031170174479484558,0.03151632472872734,0.15717710554599762
749,-0.8884981870651245,-0.9762321710586548,0.043581001460552216,0.04415296018123627,0.15712913870811462
750,-0.8884435892105103,-0.9276337027549744,0.019097719341516495,0.020092356950044632,0.15708120167255402
751,-0.9002940654754639,-0.9158009886741638,0.008124266751110554,0.007382655516266823,0.15703324973583221
752,-0.9767732620239258,-0.9842180013656616,0.0039386325515806675,0.0035061065573245287,0.1569852977991104
753,-0.9136872887611389,-0.9231470823287964,0.005374284461140633,0.004085497930645943,0.1569374054670334
754,-0.9614656567573547,-0.9693909883499146,0.0039610727690160275,0.003964230418205261,0.15688945353031158
755,-0.9720383882522583,-0.9800279140472412,0.004457768518477678,0.003531743073835969,0.15684156119823456
756,-0.9577070474624634,-0.968825101852417,0.006158377509564161,0.004959704354405403,0.15679360926151276
757,-0.9342829585075378,-0.9662847518920898,0.01629970595240593,0.01570209302008152,0.15674561262130737
758,-1.029503583908081,-1.0375336408615112,0.004048736300319433,0.003981316927820444,0.15669754147529602
759,-0.9899837970733643,-0.9973194599151611,0.0036836040671914816,0.0036520317662507296,0.15664948523044586
760,-0.9090612530708313,-0.9163132905960083,0.003195062978193164,0.004056982696056366,0.15660147368907928
761,-0.9386310577392578,-0.9498716592788696,0.006595962680876255,0.004644614644348621,0.1565534472465515
762,-0.9170247316360474,-0.952945351600647,0.018381014466285706,0.017539646476507187,0.15650545060634613
763,-0.9879555702209473,-0.995069682598114,0.0036945685278624296,0.003419493790715933,0.15645746886730194
764,-0.9530450701713562,-0.9628319144248962,0.004469019360840321,0.005317780654877424,0.15640942752361298
765,-0.9991755485534668,-1.007732629776001,0.004209308419376612,0.004347804002463818,0.1563614457845688
766,-0.9225181341171265,-0.9326574206352234,0.005538651254028082,0.004600659478455782,0.15631350874900818
767,-0.968210756778717,-0.9764333963394165,0.00445940624922514,0.003763272427022457,0.15626563131809235
768,-0.948878288269043,-0.9753226041793823,0.01369462814182043,0.0127496886998415,0.15621770918369293
769,-0.9720069169998169,-0.9842451214790344,0.0066625382751226425,0.0055756703950464725,0.1561698615550995
770,-1.0307697057724,-1.0355548858642578,0.0024965449701994658,0.0022885228972882032,0.1561221182346344
771,-0.9477986693382263,-0.9596353769302368,0.00582776078954339,0.006008949596434832,0.1560744047164917
772,-0.9144903421401978,-0.9657429456710815,0.02568037435412407,0.02557225711643696,0.15602675080299377
773,-0.9274146556854248,-0.9507284760475159,0.01265840232372284,0.01065539289265871,0.15597912669181824
774,-0.9246971607208252,-0.9351275563240051,0.005420887842774391,0.00500952685251832,0.1559315025806427
775,-0.9901758432388306,-1.0168591737747192,0.013997496105730534,0.012685762718319893,0.15588387846946716
776,-0.9780319333076477,-0.9817990064620972,0.0017404550453647971,0.0020266417413949966,0.15583635866641998
777,-0.9652600288391113,-0.9764724969863892,0.005382360424846411,0.00583008723333478,0.1557888686656952
778,-0.9572720527648926,-0.9972881078720093,0.019282309338450432,0.02073378674685955,0.15574131906032562
779,-0.8858972787857056,-0.9591957330703735,0.036677367985248566,0.03662111610174179,0.15569382905960083
780,-0.927408754825592,-0.9897880554199219,0.03141821548342705,0.03096112422645092,0.15564636886119843
781,-0.8416092991828918,-0.9159291982650757,0.03673141449689865,0.03758846968412399,0.15559881925582886
782,-1.0234646797180176,-1.0298467874526978,0.002910688053816557,0.0034714164212346077,0.15555138885974884
783,-0.9640005230903625,-0.9768669605255127,0.007709256839007139,0.005157154053449631,0.1555039882659912
784,-0.9558994174003601,-1.052577257156372,0.04887891188263893,0.04779890924692154,0.15545661747455597
785,-0.9988486766815186,-1.0080721378326416,0.004535238724201918,0.00468828110024333,0.15540920197963715
786,-0.9788299798965454,-1.0531775951385498,0.034765686839818954,0.03958192467689514,0.15536178648471832
787,-0.8790351152420044,-0.9139785766601562,0.016627024859189987,0.018316423520445824,0.1553143560886383
788,-0.9133033156394958,-0.9227827787399292,0.004998445510864258,0.004480994772166014,0.15526703000068665
789,-0.7283132076263428,-0.804259181022644,0.03891275078058243,0.03703318163752556,0.15521971881389618
790,-0.959659218788147,-0.9686437845230103,0.003985496703535318,0.00499902106821537,0.1551724225282669
791,-0.9220489263534546,-0.9345769882202148,0.005923392716795206,0.006604672875255346,0.15512511134147644
792,-0.8706098198890686,-0.9056159257888794,0.015176178887486458,0.019829949364066124,0.1550777703523636
793,-0.764692485332489,-0.7886688113212585,0.012244497425854206,0.011731821112334728,0.15503042936325073
794,-0.8580607175827026,-0.9511973261833191,0.04697369039058685,0.04616287723183632,0.15498311817646027
795,-1.006417989730835,-1.0268696546554565,0.011148808524012566,0.009302813559770584,0.15493568778038025
796,-0.8346765637397766,-0.849695086479187,0.00737450597807765,0.00764397531747818,0.1548883020877838
797,-0.8574508428573608,-0.8809956908226013,0.013338906690478325,0.010205911472439766,0.15484105050563812
798,-0.9700804948806763,-0.9827808141708374,0.005385538563132286,0.00731482170522213,0.15479381382465363
799,-1.0235347747802734,-1.0398633480072021,0.0077958302572369576,0.00853279884904623,0.15474653244018555
800,-1.0733991861343384,-1.0824981927871704,0.004877964500337839,0.0042211199179291725,0.15469925105571747
801,-1.0248984098434448,-1.0335307121276855,0.004113224800676107,0.004519128706306219,0.15465199947357178
802,-1.035496711730957,-1.0534698963165283,0.009583801031112671,0.008389386348426342,0.1546047329902649
803,-0.9787243008613586,-1.024396300315857,0.022661706432700157,0.023010296747088432,0.15455736219882965
804,-1.008603811264038,-1.0172988176345825,0.00398553442209959,0.004709478002041578,0.1545099914073944
805,-1.0030895471572876,-1.0102801322937012,0.0036664253566414118,0.003524155355989933,0.15446260571479797
806,-0.9376792907714844,-0.9584553837776184,0.011208346113562584,0.009567711502313614,0.1544152796268463
807,-0.8458561897277832,-1.003955364227295,0.07759886234998703,0.0805002897977829,0.15436793863773346
808,-0.9826222062110901,-1.0027616024017334,0.01113555021584034,0.009003830142319202,0.1543206423521042
809,-0.9934224486351013,-1.0071208477020264,0.006242852192372084,0.007455545011907816,0.15427333116531372
810,-0.9037721753120422,-0.9143491983413696,0.004937219433486462,0.005639784503728151,0.15422609448432922
811,-0.9063523411750793,-0.987323522567749,0.04170890152454376,0.039262283593416214,0.15417888760566711
812,-0.9633832573890686,-0.970454752445221,0.0038434681482613087,0.003228000830858946,0.1541317254304886
813,0.37314027547836304,-0.961155116558075,0.6570118069648743,0.6772835850715637,0.1540844738483429
814,-0.9625493288040161,-0.9862229228019714,0.012716278433799744,0.010957322083413601,0.1540372371673584
815,-0.9138254523277283,-0.9230219721794128,0.003698447486385703,0.005498038604855537,0.1539900302886963
816,-0.837711751461029,-0.8875716924667358,0.022253461182117462,0.027606472373008728,0.15394286811351776
817,0.4000416398048401,-1.0023103952407837,0.6905712485313416,0.7117807865142822,0.1538957804441452
818,-1.0252596139907837,-1.0352808237075806,0.00415415596216917,0.005866992752999067,0.153848797082901
819,-1.0162423849105835,-1.0336254835128784,0.007588670589029789,0.009794427081942558,0.1538018137216568
820,-1.0826876163482666,-1.1151846647262573,0.015302248299121857,0.017194803804159164,0.15375478565692902
821,0.2716144919395447,-1.0558680295944214,0.6531992554664612,0.6742832660675049,0.15370780229568481
822,-0.9770321249961853,-1.0148279666900635,0.01952609047293663,0.018269803375005722,0.1536608785390854
823,-0.9975205659866333,-1.0644049644470215,0.0324641652405262,0.034420259296894073,0.15361399948596954
824,-1.016801118850708,-1.0323457717895508,0.007498388644307852,0.008046329021453857,0.1535671055316925
825,-0.9301958680152893,-0.9562455415725708,0.012689008377492428,0.013360705226659775,0.15352024137973785
826,-0.9538573622703552,-0.9989327788352966,0.022071797400712967,0.02300366573035717,0.1534734070301056
827,-0.8917402029037476,-0.9104356169700623,0.008571731857955456,0.010123654268682003,0.15342660248279572
828,-0.9995442628860474,-1.0179811716079712,0.009580401703715324,0.008856520056724548,0.1533798724412918
829,-0.852074146270752,-0.9022314548492432,0.02308477647602558,0.027072520926594734,0.15333309769630432
830,-0.9630391597747803,-1.0070494413375854,0.02096574939787388,0.023044556379318237,0.1532864272594452
831,-0.877535879611969,-0.8965468406677246,0.009375174529850483,0.00963583029806614,0.15323971211910248
832,-0.9742927551269531,-0.9969159364700317,0.01129564456641674,0.011327548883855343,0.15319305658340454
833,-0.8252577185630798,-0.9185081720352173,0.04489882290363312,0.04835167154669762,0.15314646065235138
834,-0.970727801322937,-1.0000172853469849,0.014220097102224827,0.015069379471242428,0.1530998796224594
835,-0.8835982084274292,-0.943523645401001,0.02994970604777336,0.02997569739818573,0.15305323898792267
836,-0.9254280924797058,-0.9961501955986023,0.035078197717666626,0.035643864423036575,0.1530066430568695
837,-0.8584017753601074,-0.8898868560791016,0.016185365617275238,0.015299765393137932,0.15296012163162231
838,-0.9541961550712585,-0.9742884635925293,0.00998745672404766,0.010104863904416561,0.1529136300086975
839,-0.9512453675270081,-0.9754923582077026,0.011476936750113964,0.01277005672454834,0.1528671681880951
840,-1.0323152542114258,-1.0512744188308716,0.009399945847690105,0.009559309110045433,0.15282060205936432
841,-0.9433708190917969,-0.966576099395752,0.010947490110993385,0.012257824651896954,0.15277400612831116
842,-1.000004768371582,-1.0302956104278564,0.016090499237179756,0.014200275763869286,0.1527274250984192
843,-0.9007681012153625,-0.9247950315475464,0.01257079653441906,0.011456127278506756,0.15268084406852722
844,-0.9873796105384827,-1.0039057731628418,0.007807756308466196,0.008718418888747692,0.15263424813747406
845,-1.0115691423416138,-1.0373610258102417,0.012385735288262367,0.013406173326075077,0.15258760750293732
846,-0.9585029482841492,-0.9845356345176697,0.01262649055570364,0.013406239449977875,0.15254107117652893
847,-0.8777478933334351,-0.9651187062263489,0.043341875076293945,0.04402892664074898,0.15249457955360413
848,-0.9318174719810486,-0.9491926431655884,0.007497271988540888,0.009877948090434074,0.15244808793067932
849,-0.9807941913604736,-0.9952041506767273,0.007136042695492506,0.007273939438164234,0.1524016261100769
850,-0.9803819060325623,-1.007550835609436,0.013224788010120392,0.013944140635430813,0.15235519409179688
851,-1.0017389059066772,-1.0096395015716553,0.0036677387543022633,0.004232870880514383,0.15230874717235565
852,-0.9664655923843384,-0.9975395798683167,0.0159841887652874,0.015089827589690685,0.15226228535175323
853,-1.0289498567581177,-1.0679527521133423,0.019434690475463867,0.01956818252801895,0.1522158682346344
854,-0.9746112823486328,-1.0004591941833496,0.012391144409775734,0.01345674879848957,0.15216951072216034
855,-0.9303961396217346,-0.9727324843406677,0.01875161938369274,0.023584727197885513,0.15212315320968628
856,-0.9838795065879822,-1.0125192403793335,0.01492894534021616,0.013710815459489822,0.15207676589488983
857,-0.9882919788360596,-1.0031042098999023,0.007579962722957134,0.007232240866869688,0.15203048288822174
858,-0.9642564058303833,-0.987935483455658,0.01131846196949482,0.012360640801489353,0.15198425948619843
859,-0.891480565071106,-0.9014028310775757,0.004907471127808094,0.0050147706642746925,0.15193809568881989
860,-1.016372799873352,-1.0344457626342773,0.008931480348110199,0.009141440503299236,0.15189184248447418
861,-0.9838923811912537,-0.9955049157142639,0.006089275237172842,0.005523245315998793,0.15184560418128967
862,-1.029304027557373,-1.0443191528320312,0.008885183371603489,0.006130021996796131,0.15179944038391113
863,-0.9781142473220825,-0.9965417385101318,0.008416076190769672,0.010011444799602032,0.1517532914876938
864,-0.997730553150177,-1.0176823139190674,0.009919571690261364,0.01003221794962883,0.151707261800766
865,-1.112220048904419,-1.125712513923645,0.006326030008494854,0.007166444323956966,0.1516612321138382
866,-0.9443292021751404,-0.9710680842399597,0.012755054980516434,0.013983864337205887,0.1516151875257492
867,-1.0246031284332275,-1.0350772142410278,0.005059093702584505,0.00541499862447381,0.15156908333301544
868,-1.0753945112228394,-1.0797677040100098,0.0020021311938762665,0.002371040638536215,0.1515229344367981
869,-1.0467382669448853,-1.0536863803863525,0.0033197621814906597,0.0036284211091697216,0.15147678554058075
870,-0.9076332449913025,-0.9305107593536377,0.010672889649868011,0.012204628437757492,0.1514306664466858
871,-1.012139081954956,-1.0533889532089233,0.019887227565050125,0.02136271446943283,0.15138456225395203
872,-0.980262041091919,-1.0068734884262085,0.013553188182413578,0.013058220967650414,0.15133844316005707
873,-0.9586178660392761,-0.9834778308868408,0.01129312813282013,0.013566833920776844,0.15129227936267853
874,-0.9188103079795837,-0.9484362602233887,0.011536038480699062,0.01808989606797695,0.1512461155653
875,-0.987480640411377,-0.9986395835876465,0.0058414810337126255,0.005317429080605507,0.15119998157024384
876,-0.9670284986495972,-0.9753822684288025,0.003872878849506378,0.004480882082134485,0.15115392208099365
877,-1.0410319566726685,-1.048200011253357,0.0030248737893998623,0.004143289756029844,0.15110789239406586
878,-1.0777311325073242,-1.1100331544876099,0.016251925379037857,0.016050122678279877,0.15106186270713806
879,-0.8700788021087646,-1.0179650783538818,0.07343456149101257,0.07445165514945984,0.15101581811904907
880,-0.9213969707489014,-0.9869847297668457,0.029888106510043144,0.03569968417286873,0.15096978843212128
881,-1.0603055953979492,-1.0648154020309448,0.0026757449377328157,0.0018340485403314233,0.1509236842393875
882,-0.9868041276931763,-1.0036362409591675,0.008397499099373817,0.00843460951000452,0.1508776694536209
883,-1.004491925239563,-1.0140330791473389,0.005442784167826176,0.004098445642739534,0.15083160996437073
884,-1.0308661460876465,-1.0533246994018555,0.011515147052705288,0.01094344723969698,0.1507856249809265
885,-1.0812135934829712,-1.0895698070526123,0.004209239035844803,0.00414691586047411,0.1507396548986435
886,-0.9560239315032959,-0.9646103382110596,0.004320008214563131,0.0042663621716201305,0.15069372951984406
887,-0.9444724917411804,-0.9540780782699585,0.004898715298622847,0.00470683304592967,0.15064780414104462
888,-1.024134874343872,-1.0459058284759521,0.009654784575104713,0.012116176076233387,0.15060190856456757
889,-0.8875963687896729,-0.9379163980484009,0.02538774162530899,0.02493223547935486,0.15055599808692932
890,-0.8531768321990967,-0.8855922222137451,0.015010224655270576,0.017405148595571518,0.1505100578069687
891,-0.8718470335006714,-0.9178041219711304,0.022597094997763634,0.02335999719798565,0.15046411752700806
892,-1.0044609308242798,-1.0211598873138428,0.007423644419759512,0.009275258518755436,0.15041817724704742
893,-1.021707534790039,-1.0305399894714355,0.0038304226472973824,0.005002080462872982,0.15037226676940918
894,-1.0224953889846802,-1.037079095840454,0.007065645419061184,0.007518048398196697,0.15032631158828735
895,-0.9728939533233643,-0.9907385110855103,0.008746174164116383,0.00909842923283577,0.1502804309129715
896,-1.0990608930587769,-1.112396240234375,0.006857117172330618,0.006478151306509972,0.15023456513881683
897,-1.064357042312622,-1.078338384628296,0.007090333849191666,0.006890958175063133,0.15018878877162933
898,-1.043645977973938,-1.0657591819763184,0.011059142649173737,0.011054039001464844,0.15014296770095825
899,-0.9357013702392578,-0.9651448130607605,0.01394643820822239,0.015497018583118916,0.15009716153144836
900,-0.9723155498504639,-0.9856417179107666,0.005722834728658199,0.007603335194289684,0.15005135536193848
901,-1.038681983947754,-1.0587897300720215,0.00919219758361578,0.010915488004684448,0.1500055342912674
902,-1.035495400428772,-1.0650156736373901,0.012611115351319313,0.016909146681427956,0.1499597728252411
903,-0.7254736423492432,-0.9600895047187805,0.11540093272924423,0.11921493709087372,0.1499139964580536
904,-1.0355024337768555,-1.0469484329223633,0.005161908455193043,0.006284075789153576,0.14986824989318848
905,-1.0074254274368286,-1.0194600820541382,0.0050970641896128654,0.0069375671446323395,0.14982248842716217
906,-0.9896190762519836,-1.006157636642456,0.008530380204319954,0.008008183911442757,0.14977671205997467
907,-0.9905785918235779,-1.0125654935836792,0.010955741629004478,0.0110311983153224,0.14973099529743195
908,-0.9417757391929626,-0.9634087085723877,0.009294424206018448,0.012338496744632721,0.1496853083372116
909,-0.8664296865463257,-0.8991486430168152,0.014965619891881943,0.017753351479768753,0.14963968098163605
910,-1.0622061491012573,-1.0756677389144897,0.005942585412412882,0.007519036531448364,0.14959409832954407
911,-1.0626933574676514,-1.081965446472168,0.00806412659585476,0.01120796799659729,0.14954854547977448
912,-0.9999420642852783,-1.0224882364273071,0.010962595231831074,0.011583583429455757,0.14950308203697205
913,-1.010231614112854,-1.0209627151489258,0.005168512463569641,0.0055625177919864655,0.14945752918720245
914,-0.9705443978309631,-0.9888250827789307,0.007846095599234104,0.010434589348733425,0.14941199123859406
915,-0.9571573734283447,-0.9774771332740784,0.008499941788613796,0.011819830164313316,0.1493663191795349
916,0.15803039073944092,-1.059566617012024,0.61777663230896,0.5998203754425049,0.14932070672512054
917,-1.1510257720947266,-1.1650562286376953,0.005873816553503275,0.008156598545610905,0.1492750495672226
918,-0.9959309697151184,-1.025903344154358,0.013800308108329773,0.016172118484973907,0.149229496717453
919,-1.0471354722976685,-1.0623401403427124,0.007980656810104847,0.007224000059068203,0.1491839736700058
920,-1.0424847602844238,-1.0676764249801636,0.012220891192555428,0.012970793060958385,0.14913851022720337
921,-0.9852625727653503,-1.0070059299468994,0.01161183975636959,0.010131539776921272,0.14909301698207855
922,-0.9757334589958191,-0.9982172846794128,0.010774399153888226,0.011709447018802166,0.1490475833415985
923,-1.0167511701583862,-1.0320690870285034,0.00749231455847621,0.0078255794942379,0.14900211989879608
924,-0.9530502557754517,-0.9844580888748169,0.014515825547277927,0.01689201220870018,0.14895667135715485
925,-1.0224591493606567,-1.03749418258667,0.006518193986266851,0.008516829460859299,0.1489112377166748
926,0.47703051567077637,-0.9369320869445801,0.7039738297462463,0.7099887728691101,0.1488657146692276
927,-0.957190990447998,-1.0118447542190552,0.02669024094939232,0.027963493019342422,0.1488201916217804
928,-1.070269227027893,-1.0857288837432861,0.00770028680562973,0.007759285159409046,0.14877469837665558
929,-0.9095631241798401,-0.9742822051048279,0.031266916543245316,0.03345213457942009,0.14872920513153076
930,-1.0027945041656494,-1.0165237188339233,0.007879762910306454,0.005849463865160942,0.14868371188640594
931,-0.9965422749519348,-1.0119154453277588,0.007437536958605051,0.007935557514429092,0.14863836765289307
932,-0.9097659587860107,-0.9282665252685547,0.009892895817756653,0.008607696741819382,0.1485930234193802
933,-1.041550874710083,-1.0686640739440918,0.014469010755419731,0.012644132599234581,0.14854773879051208
934,-0.9885166883468628,-1.000426173210144,0.005971175152808428,0.0059383041225373745,0.1485023945569992
935,-0.9976580739021301,-1.0075758695602417,0.005159133113920689,0.004758631344884634,0.14845706522464752
936,-1.0291520357131958,-1.0361576080322266,0.003097284585237503,0.003908307291567326,0.14841176569461823
937,-1.0552762746810913,-1.066404104232788,0.005715044215321541,0.0054128170013427734,0.14836648106575012
938,-0.9415245056152344,-1.0211851596832275,0.03777721896767616,0.041883401572704315,0.14832113683223724
939,-1.0831849575042725,-1.0883151292800903,0.0023356496822088957,0.0027945577166974545,0.1482757329940796
940,-1.0139278173446655,-1.032857894897461,0.009007617831230164,0.009922501631081104,0.14823035895824432
941,-1.0578835010528564,-1.0747846364974976,0.00789579190313816,0.009005285799503326,0.14818497002124786
942,-1.0385212898254395,-1.052399754524231,0.006395952310413122,0.007482524961233139,0.1481396108865738
943,-1.0536173582077026,-1.0702950954437256,0.00799267552793026,0.008685142733156681,0.1480942666530609
944,-0.9195362329483032,-0.9417493939399719,0.01094459556043148,0.011268554255366325,0.14804895222187042
945,-1.0412821769714355,-1.0471359491348267,0.0027843727730214596,0.0030693956650793552,0.1480037271976471
946,-1.0621308088302612,-1.073521614074707,0.005786499474197626,0.005604231264442205,0.1479586362838745
947,-1.0040011405944824,-1.0306147336959839,0.013059156946837902,0.013554427772760391,0.14791364967823029
948,-0.9385328888893127,-0.9631604552268982,0.012079672887921333,0.012547900900244713,0.14786867797374725
949,-0.957797110080719,-1.03573739528656,0.04075787216424942,0.037182409316301346,0.1478237509727478
950,-1.1286858320236206,-1.1369165182113647,0.0045934440568089485,0.0036372137255966663,0.14777886867523193
951,-1.119259238243103,-1.131451964378357,0.005912788677960634,0.006279936991631985,0.14773395657539368
952,-1.065123438835144,-1.094780445098877,0.014570051804184914,0.015087001956999302,0.14768899977207184
953,-1.1091371774673462,-1.1325615644454956,0.01190823782235384,0.011516119353473186,0.14764404296875
954,-1.0262582302093506,-1.043114423751831,0.008876338601112366,0.007979920133948326,0.14759907126426697
955,-0.9842473864555359,-1.0041007995605469,0.010104295797646046,0.009749086573719978,0.1475541889667511
956,-1.000518560409546,-1.013035535812378,0.005795213393867016,0.006721792742609978,0.14750932157039642
957,-1.0352535247802734,-1.0450339317321777,0.004471521824598312,0.005308913998305798,0.14746443927288055
958,-1.09258234500885,-1.1061713695526123,0.006937278900295496,0.006651778239756823,0.14741955697536469
959,-0.9684523344039917,-1.0222010612487793,0.02773156389594078,0.026017170399427414,0.14737477898597717
960,-0.982551097869873,-1.0045121908187866,0.010875850915908813,0.011085288599133492,0.14733001589775085
961,-0.9473204612731934,-0.9989626407623291,0.023881129920482635,0.02776106633245945,0.1472853124141693
962,-1.000684142112732,-1.0089935064315796,0.0038443005178123713,0.004465062171220779,0.1472405195236206
963,-1.0609681606292725,-1.0750418901443481,0.00740830646827817,0.006665510591119528,0.1471957415342331
964,-1.0141074657440186,-1.0252350568771362,0.004254821687936783,0.0068727401085197926,0.14715102314949036
965,-0.9816100001335144,-0.994382381439209,0.006950398441404104,0.005822006147354841,0.14710633456707
966,-0.9980079531669617,-1.0218583345413208,0.010656202211976051,0.013194157741963863,0.14706161618232727
967,-1.098664402961731,-1.1084885597229004,0.004575116094201803,0.005248998291790485,0.14701689779758453
968,-1.007445216178894,-1.0220050811767578,0.00687410868704319,0.007685829885303974,0.146972194314003
969,-1.0546348094940186,-1.0586129426956177,0.0017217228887602687,0.0022564127575606108,0.14692750573158264
970,-0.9834882020950317,-1.008474588394165,0.011533630080521107,0.013452798128128052,0.1468828171491623
971,-1.0650888681411743,-1.0720744132995605,0.0036195407155901194,0.003366017946973443,0.14683812856674194
972,-1.1125409603118896,-1.1272292137145996,0.006477627903223038,0.008210648782551289,0.1467934101819992
973,-1.0074964761734009,-1.0772113800048828,0.036761488765478134,0.03295337036252022,0.14674872159957886
974,-1.004068374633789,-1.0195906162261963,0.006563722155988216,0.008958619087934494,0.1467040479183197
975,-1.0837785005569458,-1.0940823554992676,0.0037209566216915846,0.0065828366205096245,0.14665938913822174
976,-1.1266849040985107,-1.1330327987670898,0.003180434927344322,0.0031675465870648623,0.14661473035812378
977,-1.0366311073303223,-1.0431722402572632,0.0026262071914970875,0.003914926666766405,0.14657002687454224
978,-0.9589799046516418,-0.9745551943778992,0.007677932735532522,0.007897395640611649,0.1465253233909607
979,-1.0878610610961914,-1.0959465503692627,0.004384391475468874,0.0037011108361184597,0.14648064970970154
980,-1.0358729362487793,-1.0470713376998901,0.006830843165516853,0.004367602523416281,0.14643597602844238
981,-0.9928479194641113,-1.006980299949646,0.006628166418522596,0.007504234090447426,0.1463913768529892
982,-1.086984634399414,-1.095237374305725,0.0042405505664646626,0.00401222612708807,0.1463468223810196
983,-1.0968658924102783,-1.1075407266616821,0.005838949698954821,0.004835807718336582,0.14630231261253357
984,-1.083030104637146,-1.1009395122528076,0.008893562480807304,0.009015770629048347,0.14625784754753113
985,-1.0159640312194824,-1.0300592184066772,0.006459017284214497,0.007636199705302715,0.1462133526802063
986,-1.0633445978164673,-1.0678281784057617,0.00266014295630157,0.0018234364688396454,0.14616888761520386
987,-1.0430747270584106,-1.0539085865020752,0.0056469314731657505,0.00518691586330533,0.14612449705600739
988,-0.9912029504776001,-1.0098625421524048,0.009613479487597942,0.009046084247529507,0.1460801512002945
989,-0.9858312010765076,-0.9975820779800415,0.005952839739620686,0.005798037629574537,0.14603590965270996
990,-1.0101486444473267,-1.0251274108886719,0.007364408113062382,0.007614403963088989,0.14599159359931946
991,-1.0579051971435547,-1.0699641704559326,0.006340381223708391,0.005718634929507971,0.14594729244709015
992,-1.101971983909607,-1.1112769842147827,0.004483478143811226,0.004821518436074257,0.14590305089950562
993,-0.9622542858123779,-0.9751659631729126,0.006246338598430157,0.006665336899459362,0.14585886895656586
994,-1.033079981803894,-1.0512512922286987,0.009790483862161636,0.008380812592804432,0.1458146572113037
995,-1.0778664350509644,-1.0924328565597534,0.006972265895456076,0.007594079244881868,0.14577043056488037
996,-0.9842289090156555,-0.9902340173721313,0.00306088593788445,0.002944250823929906,0.14572618901729584
997,-1.11604642868042,-1.123849868774414,0.0032864809036254883,0.004516978282481432,0.14568188786506653
998,-0.9784870743751526,-0.9864689111709595,0.0031600825022906065,0.004821761976927519,0.14563770592212677
999,-1.1239091157913208,-1.1300684213638306,0.0034265094436705112,0.0027327281422913074,0.14559349417686462
1000,-1.1511236429214478,-1.1578322649002075,0.003426839131861925,0.0032818904146552086,0.14554931223392487
1001,-1.0361982583999634,-1.0539628267288208,0.008127203211188316,0.009637312963604927,0.14550518989562988
1002,-1.0023301839828491,-1.0077303647994995,0.002568204188719392,0.002831940306350589,0.14546102285385132
1003,-0.997768759727478,-1.0160642862319946,0.008731008507311344,0.009564541280269623,0.14541691541671753
1004,-0.9285627603530884,-0.9487047791481018,0.009388979524374008,0.010753017850220203,0.14537283778190613
1005,-1.073254942893982,-1.0825930833816528,0.004916703328490257,0.004421520512551069,0.14532876014709473
1006,-0.9895873069763184,-0.9967570900917053,0.0038363938219845295,0.003333390224725008,0.14528469741344452
1007,-1.0405739545822144,-1.0902683734893799,0.025648586452007294,0.024045798927545547,0.1452406793832779
1008,-1.0251643657684326,-1.0461759567260742,0.010957798920571804,0.010053731501102448,0.14519669115543365
1009,-1.0266284942626953,-1.0355658531188965,0.004545749630779028,0.004391531925648451,0.14515268802642822
1010,-1.0062872171401978,-1.016912579536438,0.004861406981945038,0.005764000583440065,0.14510875940322876
1011,-1.1354612112045288,-1.1411612033843994,0.002607727888971567,0.003092327155172825,0.1450648456811905
1012,-1.111374020576477,-1.1775586605072021,0.03282890468835831,0.03335573896765709,0.14502087235450745
1013,-0.9930748343467712,-1.0005948543548584,0.0043297382071614265,0.0031902985647320747,0.14497685432434082
1014,-1.0422677993774414,-1.0530657768249512,0.00540854362770915,0.005389409139752388,0.1449328511953354
1015,-1.1195695400238037,-1.125479817390442,0.0029218534473329782,0.0029884916730225086,0.14488881826400757
1016,-1.0517385005950928,-1.0575014352798462,0.0024601740296930075,0.003302827477455139,0.14484484493732452
1017,-0.9998229742050171,-1.014373779296875,0.007516579702496529,0.007034161128103733,0.1448007971048355
1018,-1.0198493003845215,-1.0288922786712646,0.004757405258715153,0.004285614937543869,0.14475683867931366
1019,-1.01039719581604,-1.020045518875122,0.0051661403849720955,0.00448209885507822,0.1447129100561142
1020,-1.1021736860275269,-1.1147806644439697,0.0060119242407381535,0.006595063954591751,0.14466902613639832
1021,0.15657329559326172,-1.1133434772491455,0.6234265565872192,0.646490216255188,0.14462515711784363
1022,-0.019049108028411865,-1.116978645324707,0.5589609146118164,0.5389686226844788,0.14458127319812775
1023,-1.1582837104797363,-1.170387625694275,0.005341066978871822,0.006762830074876547,0.14453743398189545
1024,-1.1804218292236328,-1.198917269706726,0.008860914036631584,0.009634445421397686,0.14449362456798553
1025,-1.1464624404907227,-1.2090950012207031,0.03103351965546608,0.03159906342625618,0.14444977045059204
1026,-1.1274054050445557,-1.1496374607086182,0.009198786690831184,0.013033317402005196,0.14440587162971497
1027,-1.1258180141448975,-1.1486234664916992,0.010057155974209309,0.012748274952173233,0.1443619728088379
1028,-1.114316463470459,-1.134909749031067,0.009212084114551544,0.011381201446056366,0.1443181335926056
1029,-0.9719398617744446,-0.9990397095680237,0.012154459953308105,0.01494540274143219,0.1442742645740509
1030,-0.9995388388633728,-1.012802004814148,0.005690469406545162,0.0075727165676653385,0.14423039555549622
1031,-1.0143139362335205,-1.0234739780426025,0.0036906665191054344,0.00546935573220253,0.14418652653694153
1032,-0.9650008678436279,-0.9859733581542969,0.009994798339903355,0.010977660305798054,0.14414267241954803
1033,-0.995609700679779,-1.055525779724121,0.028042666614055634,0.03187341243028641,0.14409883320331573
1034,-0.9550726413726807,-0.9713690876960754,0.008152085356414318,0.008144388906657696,0.1440550684928894
1035,-0.9354321360588074,-0.963119387626648,0.013204174116253853,0.014483103528618813,0.14401137828826904
1036,-1.0560508966445923,-1.0661622285842896,0.005755872465670109,0.004355461336672306,0.14396771788597107
1037,-1.1066899299621582,-1.1191807985305786,0.006144687533378601,0.006346243899315596,0.1439240723848343
1038,-0.9776172637939453,-1.0757759809494019,0.04924425110220909,0.048914436250925064,0.14388036727905273
1039,-1.0090887546539307,-1.0220322608947754,0.006860969588160515,0.006082478445023298,0.14383667707443237
1040,-1.1652264595031738,-1.1820104122161865,0.008532293140888214,0.008251667954027653,0.14379286766052246
1041,-1.0472458600997925,-1.058854579925537,0.004764095414429903,0.006844679359346628,0.14374905824661255
1042,-1.11159086227417,-1.1322834491729736,0.01028025895357132,0.010412294417619705,0.14370524883270264
1043,-1.050023078918457,-1.1413642168045044,0.046694476157426834,0.04464660957455635,0.1436615288257599
1044,-1.1594421863555908,-1.167786717414856,0.003961105830967426,0.004383395425975323,0.1436178833246231
1045,-1.199531078338623,-1.2044764757156372,0.002789229154586792,0.0021561826579272747,0.14357426762580872
1046,-1.0244930982589722,-1.076363205909729,0.026378769427537918,0.025491315871477127,0.1435306966304779
1047,-1.0388906002044678,-1.0525498390197754,0.007131816353648901,0.0065274834632873535,0.1434871107339859
1048,-1.1363998651504517,-1.147109866142273,0.004533940460532904,0.006176114082336426,0.1434434950351715
1049,-1.0939584970474243,-1.107014536857605,0.00658156955614686,0.0064745256677269936,0.1433999240398407
1050,-1.1117587089538574,-1.1233901977539062,0.0058490862138569355,0.00578237185254693,0.1433563530445099
1051,-0.997762143611908,-1.013404130935669,0.007232191041111946,0.00840981025248766,0.14331282675266266
1052,-0.9292010068893433,-1.0290881395339966,0.05144812539219856,0.04843900725245476,0.1432693600654602
1053,-1.0110200643539429,-1.0239320993423462,0.006568558514118195,0.006343425251543522,0.14322581887245178
1054,-0.9422476291656494,-1.0362670421600342,0.04582584649324417,0.0481935478746891,0.14318226277828217
1055,-1.0947754383087158,-1.1107807159423828,0.00900209043174982,0.007003246806561947,0.14313875138759613
1056,-1.146937608718872,-1.155632734298706,0.004638032056391239,0.004057054873555899,0.1430952250957489
1057,-1.0133246183395386,-1.0799367427825928,0.03281980752944946,0.033792417496442795,0.14305178821086884
1058,-1.117640733718872,-1.123920202255249,0.0028087988030165434,0.0034706038422882557,0.1430082619190216
1059,-1.0411341190338135,-1.0673723220825195,0.012486749328672886,0.013751507736742496,0.14296476542949677
1060,-1.107617974281311,-1.1153978109359741,0.0038121500983834267,0.0039676097221672535,0.14292125403881073
1061,-1.0736156702041626,-1.1341896057128906,0.03155617415904999,0.029017850756645203,0.14287777245044708
1062,-1.1385698318481445,-1.155271053314209,0.008944901637732983,0.0077563561499118805,0.14283432066440582
1063,-1.0076584815979004,-1.077699899673462,0.03797859326004982,0.032062727957963943,0.14279085397720337
1064,-1.1978744268417358,-1.2070131301879883,0.0056473989970982075,0.003491314360871911,0.14274737238883972
1065,-1.0817691087722778,-1.0936492681503296,0.005952475592494011,0.0059276483952999115,0.1427038609981537
1066,-0.9793936610221863,-1.058603048324585,0.04125664010643959,0.0379527322947979,0.14266037940979004
1067,-1.0617858171463013,-1.0679813623428345,0.0038460223004221916,0.0023495489731431007,0.14261698722839355
1068,-1.0435243844985962,-1.056315541267395,0.007043300662189722,0.005747879855334759,0.14257366955280304
1069,-0.9017273783683777,-0.9260488152503967,0.013667422346770763,0.01065403874963522,0.14253036677837372
1070,0.2460726499557495,-0.9835624098777771,0.6057485342025757,0.6238865256309509,0.14248712360858917
1071,-1.013669729232788,-1.0295217037200928,0.007321389392018318,0.008530599996447563,0.14244389533996582
1072,-1.1534124612808228,-1.1685227155685425,0.008386609144508839,0.006723616737872362,0.14240068197250366
1073,-1.0346177816390991,-1.0491654872894287,0.007847568020224571,0.006700139958411455,0.1423574537038803
1074,-1.1148747205734253,-1.1581499576568604,0.02221926674246788,0.02105589583516121,0.1423141360282898
1075,-1.0568711757659912,-1.099463701248169,0.022447340190410614,0.020145233720541,0.14227086305618286
1076,-0.9406366944313049,-0.961117148399353,0.011008786037564278,0.009471632540225983,0.1422276347875595
1077,-1.0753016471862793,-1.1656060218811035,0.0448370985686779,0.045467227697372437,0.14218437671661377
1078,-1.0365307331085205,-1.0439099073410034,0.004611548036336899,0.002767655299976468,0.1421411782503128
1079,-1.1346689462661743,-1.143009901046753,0.004294608719646931,0.004046271555125713,0.14209792017936707
1080,-1.0497605800628662,-1.061732530593872,0.005960915237665176,0.0060109724290668964,0.1420546919107437
1081,-0.938511312007904,-0.9569172859191895,0.009573155082762241,0.008832825347781181,0.14201152324676514
1082,-1.027544617652893,-1.0370372533798218,0.004614736419171095,0.004877869039773941,0.14196832478046417
1083,-1.0983166694641113,-1.1093604564666748,0.005474778823554516,0.005569037050008774,0.14192523062229156
1084,-1.1011018753051758,-1.1123279333114624,0.005847855005413294,0.00537822674959898,0.14188215136528015
1085,-1.2026005983352661,-1.2095351219177246,0.004318105988204479,0.002616361016407609,0.14183908700942993
1086,-1.0259054899215698,-1.1016993522644043,0.03724353387951851,0.03855042904615402,0.14179596304893494
1087,-1.0607271194458008,-1.082920789718628,0.010982859879732132,0.01121075265109539,0.14175289869308472
1088,-1.1392399072647095,-1.1544677019119263,0.00750239472836256,0.007725412026047707,0.1417098045349121
1089,-0.9679536819458008,-0.9747093915939331,0.003536814823746681,0.0032189027406275272,0.14166676998138428
1090,-1.027336597442627,-1.0400022268295288,0.006072316784411669,0.006593374535441399,0.14162373542785645
1091,-1.061293601989746,-1.0817283391952515,0.0105939581990242,0.009840710088610649,0.14158065617084503
1092,-1.0042837858200073,-1.0547127723693848,0.02666425332427025,0.023764733225107193,0.141537606716156
1093,-1.0252548456192017,-1.0956175327301025,0.03637670353055,0.033985961228609085,0.14149466156959534
1094,-1.2056502103805542,-1.2087723016738892,0.0011418717913329601,0.00198023347184062,0.14145171642303467
1095,-1.0554362535476685,-1.1371071338653564,0.04100944101810455,0.04066143184900284,0.141408771276474
1096,-1.0376977920532227,-1.053240180015564,0.007826918736100197,0.007715473882853985,0.14136584103107452
1097,-0.9337480068206787,-0.9463909864425659,0.007590564899146557,0.005052400752902031,0.14132298529148102
1098,-1.1815999746322632,-1.1955208778381348,0.007270451169461012,0.006650420371443033,0.1412801444530487
1099,-1.0666508674621582,-1.0754380226135254,0.004279366694390774,0.0045078108087182045,0.14123737812042236
1100,-1.131667137145996,-1.1708446741104126,0.02037336677312851,0.01880422979593277,0.14119461178779602
1101,-1.0652395486831665,-1.0779842138290405,0.0052490695379674435,0.007495596539229155,0.14115184545516968
1102,-1.0257068872451782,-1.0428493022918701,0.00875248946249485,0.008389958180487156,0.14110906422138214
1103,-1.1819255352020264,-1.2004402875900269,0.009856130927801132,0.008658630773425102,0.14106634259223938
1104,-1.2054699659347534,-1.210932731628418,0.0028457322623580694,0.0026170527562499046,0.14102360606193542
1105,-1.0948512554168701,-1.09898042678833,0.0021713930182158947,0.0019577364437282085,0.14098089933395386
1106,-0.9858829379081726,-1.0584497451782227,0.0358571819961071,0.036709584295749664,0.14093811810016632
1107,-1.0912041664123535,-1.0998047590255737,0.003966453950852156,0.004634089767932892,0.14089538156986237
1108,-1.1465562582015991,-1.1507865190505981,0.002020647982135415,0.0022096876055002213,0.1408526599407196
1109,-1.0923147201538086,-1.1069018840789795,0.0074547333642840385,0.007132379803806543,0.1408098191022873
1110,-1.1527483463287354,-1.1574525833129883,0.00222957250662148,0.002474724780768156,0.14076700806617737
1111,-1.1245840787887573,-1.1289418935775757,0.002177968854084611,0.0021798640955239534,0.1407243311405182
1112,-1.0655313730239868,-1.0706783533096313,0.002127216197550297,0.0030197969172149897,0.1406816840171814
1113,-1.0434324741363525,-1.0521676540374756,0.004774886649101973,0.003960202448070049,0.1406390368938446
1114,-1.0954581499099731,-1.108428716659546,0.0055974326096475124,0.007373143918812275,0.140596404671669
1115,-1.0002267360687256,-1.0272414684295654,0.013132819905877113,0.013881896622478962,0.14055374264717102
1116,-1.0895471572875977,-1.1018118858337402,0.005299550946801901,0.006965183652937412,0.14051112532615662
1117,-0.9484117031097412,-1.0242904424667358,0.036732614040374756,0.03914613649249077,0.1404685527086258
1118,-1.1255499124526978,-1.1309150457382202,0.002720535034313798,0.002644582185894251,0.14042603969573975
1119,0.09450119733810425,-1.0912806987762451,0.5856045484542847,0.6001773476600647,0.1403835415840149
1120,-1.0283485651016235,-1.0601577758789062,0.015029008500277996,0.016780303791165352,0.14034104347229004
1121,-0.9676367044448853,-0.9850595593452454,0.008702792227268219,0.008720042183995247,0.14029856026172638
1122,-1.1036062240600586,-1.1206477880477905,0.008310925215482712,0.00873059593141079,0.14025604724884033
1123,-1.055757999420166,-1.0741393566131592,0.008037668652832508,0.010343684814870358,0.14021354913711548
1124,-1.1469815969467163,-1.160771131515503,0.006712646223604679,0.007076841779053211,0.140171080827713
1125,-1.0310933589935303,-1.0758886337280273,0.023359518498182297,0.021435735747218132,0.1401287019252777
1126,-1.0026651620864868,-1.0317707061767578,0.014308439567685127,0.014797125943005085,0.14008627831935883
1127,-1.0514683723449707,-1.0630124807357788,0.006017414387315512,0.005526720080524683,0.14004388451576233
1128,-1.0648607015609741,-1.0854079723358154,0.009624937549233437,0.010922369547188282,0.1400015652179718
1129,-1.0174298286437988,-1.0283122062683105,0.005133782513439655,0.005748662166297436,0.13995930552482605
1130,-1.1078715324401855,-1.1238775253295898,0.007815942168235779,0.00819002091884613,0.1399170309305191
1131,-0.9576854109764099,-0.9797789454460144,0.010631977580487728,0.011461536400020123,0.13987477123737335
1132,-1.059723973274231,-1.0768100023269653,0.008558242581784725,0.008527733385562897,0.1398325264453888
1133,-1.110900640487671,-1.1205743551254272,0.004969324916601181,0.004704329650849104,0.1397903859615326
1134,-0.9167311191558838,-0.9844663143157959,0.033940739929676056,0.03379444405436516,0.13974827527999878
1135,-1.1536712646484375,-1.158034086227417,0.0021211551502346992,0.0022416366264224052,0.1397061049938202
1136,-1.080434799194336,-1.0941039323806763,0.008318386971950531,0.005350671708583832,0.1396639496088028
1137,-1.1189539432525635,-1.1917827129364014,0.035424575209617615,0.03740416467189789,0.13962191343307495
1138,-1.2146509885787964,-1.2266746759414673,0.007160271983593702,0.004863401409238577,0.13957977294921875
1139,-1.14374840259552,-1.156356692314148,0.006013154983520508,0.006595088168978691,0.13953760266304016
1140,-1.258022665977478,-1.2719799280166626,0.007486735936254263,0.006470501888543367,0.139495387673378
1141,-1.2096717357635498,-1.2199199199676514,0.004928295500576496,0.005319817923009396,0.1394532173871994
1142,-1.0284709930419922,-1.0355191230773926,0.003245661733672023,0.0038024503737688065,0.13941098749637604
1143,-1.17015540599823,-1.17875337600708,0.003835350973531604,0.004762642085552216,0.13936874270439148
1144,-1.1233896017074585,-1.1311472654342651,0.003890463151037693,0.003867095336318016,0.13932645320892334
1145,-0.9700209498405457,-1.0184123516082764,0.024786528199911118,0.023604895919561386,0.13928420841693878
1146,-1.013017177581787,-1.0609484910964966,0.02382468618452549,0.024106604978442192,0.1392420083284378
1147,-0.913583517074585,-0.9915894269943237,0.03694136068224907,0.04106457903981209,0.13919973373413086
1148,-0.8908156156539917,-0.9128777384757996,0.010512585751712322,0.011549514718353748,0.13915756344795227
1149,-1.083319067955017,-1.1009678840637207,0.008150388486683369,0.009498490951955318,0.13911548256874084
1150,-1.1026759147644043,-1.1218093633651733,0.00812319666147232,0.01101034414023161,0.13907335698604584
1151,-1.1262705326080322,-1.1399205923080444,0.006821177434176207,0.0068288762122392654,0.13903126120567322
1152,-1.0825233459472656,-1.0966401100158691,0.007421206682920456,0.006695513613522053,0.13898919522762299
1153,-1.0564348697662354,-1.1204211711883545,0.031759195029735565,0.032227110117673874,0.13894709944725037
1154,-1.01201331615448,-1.0285634994506836,0.00744332792237401,0.009106917306780815,0.13890501856803894
1155,-1.0949008464813232,-1.1017488241195679,0.002891943324357271,0.003956047352403402,0.1388629674911499
1156,-1.1230474710464478,-1.1582577228546143,0.017707742750644684,0.01750253513455391,0.13882091641426086
1157,-1.1978859901428223,-1.2150580883026123,0.00905591994524002,0.008116068318486214,0.13877885043621063
1158,-1.0899075269699097,-1.1075631380081177,0.009770065546035767,0.007885628379881382,0.1387367844581604
1159,-1.15939199924469,-1.171003818511963,0.006155343260616064,0.005456462502479553,0.13869474828243256
1160,-1.1883848905563354,-1.1945769786834717,0.0025000222958624363,0.0036919917911291122,0.1386527717113495
1161,-1.1015434265136719,-1.1423146724700928,0.020793257281184196,0.019978083670139313,0.13861079514026642
1162,-1.0171856880187988,-1.0485135316848755,0.014344613067805767,0.01698325388133526,0.13856881856918335
1163,-1.1592626571655273,-1.1843007802963257,0.012625562958419323,0.012412512674927711,0.13852693140506744
1164,-1.132354736328125,-1.1376230716705322,0.0026182716246694326,0.0026499975938349962,0.13848499953746796
1165,-1.0776556730270386,-1.090942144393921,0.00665645394474268,0.0066300611943006516,0.13844306766986847
1166,-1.1237860918045044,-1.1353859901428223,0.005192824173718691,0.0064070504158735275,0.13840116560459137
1167,-1.0311990976333618,-1.043588638305664,0.005670853890478611,0.006718622054904699,0.13835926353931427
1168,-1.0913810729980469,-1.0988816022872925,0.003150530392304063,0.004349931608885527,0.1383172869682312
1169,-1.220220923423767,-1.2287486791610718,0.004013120196759701,0.004514752887189388,0.13827529549598694
1170,-0.8490597605705261,-1.0600687265396118,0.10599971562623978,0.1050092801451683,0.13823331892490387
1171,-1.1462842226028442,-1.1505805253982544,0.002037973841652274,0.0022582942619919777,0.1381913125514984
1172,-1.0667990446090698,-1.110367774963379,0.02119155414402485,0.022377094253897667,0.13814939558506012
1173,-1.1059194803237915,-1.1821290254592896,0.03994656726717949,0.036263033747673035,0.1381075084209442
1174,-1.1049696207046509,-1.1777493953704834,0.035177841782569885,0.03760196641087532,0.1380656659603119
1175,-1.1016267538070679,-1.1064256429672241,0.0021746645215898752,0.0026242679450660944,0.13802377879619598
1176,-1.1708216667175293,-1.1768784523010254,0.0028681557159870863,0.003188610775396228,0.13798190653324127
1177,-1.0880882740020752,-1.0953209400177002,0.0032893619500100613,0.003943313378840685,0.13794012367725372
1178,-1.1778472661972046,-1.184221625328064,0.0032008758280426264,0.0031735089141875505,0.13789843022823334
1179,-1.0881376266479492,-1.0944468975067139,0.003130252007395029,0.003179083811119199,0.13785679638385773
1180,-1.0669080018997192,-1.0842410326004028,0.008368337526917458,0.00896461121737957,0.13781510293483734
1181,-1.1284157037734985,-1.201960802078247,0.03648652508854866,0.03705860301852226,0.13777343928813934
1182,-1.0280871391296387,-1.0403286218643188,0.0060265338979661465,0.0062149628065526485,0.13773177564144135
1183,-1.0496978759765625,-1.0654447078704834,0.0070620132610201836,0.00868488010019064,0.13769015669822693
1184,-1.2421131134033203,-1.2543835639953613,0.005705316551029682,0.006565103307366371,0.1376485377550125
1185,-1.1332066059112549,-1.138641119003296,0.0031162528321146965,0.002318303333595395,0.1376069188117981
1186,-1.0051918029785156,-1.014386773109436,0.004799546208232641,0.004395318683236837,0.13756532967090607
1187,-1.1838115453720093,-1.1893655061721802,0.0031344741582870483,0.00241945986635983,0.13752377033233643
1188,-1.0322083234786987,-1.0404800176620483,0.0042472765780985355,0.004024443216621876,0.1374821662902832
1189,-1.0113939046859741,-1.0788308382034302,0.03228186070919037,0.03515501320362091,0.13744056224822998
1190,-1.1988672018051147,-1.2080450057983398,0.004728888161480427,0.0044489228166639805,0.13739895820617676
1191,-1.0405327081680298,-1.047777533531189,0.003166030626744032,0.004078775644302368,0.13735732436180115
1192,-1.1116752624511719,-1.1203383207321167,0.004190186969935894,0.004472856875509024,0.13731567561626434
1193,-1.108690857887268,-1.1139665842056274,0.0025089429691433907,0.0027666864916682243,0.13727398216724396
1194,-1.1652625799179077,-1.1741607189178467,0.004484894685447216,0.004413195885717869,0.13723233342170715
1195,-1.1687647104263306,-1.1769102811813354,0.003647384699434042,0.004498244263231754,0.13719071447849274
1196,0.010347366333007812,-1.1370234489440918,0.5658594369888306,0.581511378288269,0.13714906573295593
1197,-1.2100088596343994,-1.2170534133911133,0.003695292165502906,0.0033492930233478546,0.13710743188858032
1198,-1.149558663368225,-1.161928653717041,0.006675383076071739,0.005694585852324963,0.13706576824188232
1199,-1.1444370746612549,-1.1596360206604004,0.007556703872978687,0.007642255164682865,0.13702410459518433
1200,-1.1352218389511108,-1.148566484451294,0.006979445461183786,0.006365156266838312,0.13698244094848633
1201,-1.1764198541641235,-1.1878612041473389,0.005661075934767723,0.005780174396932125,0.13694077730178833
1202,-1.1341787576675415,-1.1439629793167114,0.004284111317247152,0.00550004281103611,0.13689914345741272
1203,-0.9692067503929138,-0.9784761667251587,0.004594519268721342,0.004674916621297598,0.13685745000839233
1204,-1.197648286819458,-1.2074294090270996,0.005530971102416515,0.0042501408606767654,0.13681575655937195
1205,-1.1172010898590088,-1.1258488893508911,0.003788321278989315,0.004859487526118755,0.13677409291267395
1206,-1.1245449781417847,-1.1330881118774414,0.0042483750730752945,0.004294697195291519,0.13673242926597595
1207,-1.1474802494049072,-1.1712244749069214,0.011694718152284622,0.012049560435116291,0.13669082522392273
1208,-1.1631481647491455,-1.1868194341659546,0.010969164781272411,0.01270207203924656,0.1366492062807083
1209,-1.0035017728805542,-1.065377116203308,0.029491139575839043,0.03238413482904434,0.13660761713981628
1210,-1.0380085706710815,-1.0554695129394531,0.008969548158347607,0.00849144347012043,0.13656607270240784
1211,-1.101657748222351,-1.1571940183639526,0.02868141233921051,0.02685490809381008,0.136524498462677
1212,-1.0513826608657837,-1.0591157674789429,0.004953359719365835,0.0027797457296401262,0.13648304343223572
1213,-1.1207553148269653,-1.1261719465255737,0.003213235642760992,0.002203390235081315,0.13644161820411682
1214,-1.0434956550598145,-1.0667930841445923,0.011770576238632202,0.011526834219694138,0.13640014827251434
1215,-1.1723419427871704,-1.1819294691085815,0.004719890188425779,0.004867680370807648,0.13635869324207306
1216,-0.9930843114852905,-1.0021874904632568,0.004262507427483797,0.0048406487330794334,0.1363171935081482
1217,-1.0211708545684814,-1.044808030128479,0.01138022355735302,0.012257012538611889,0.13627570867538452
1218,-1.119293451309204,-1.1476848125457764,0.015780797228217125,0.01261055562645197,0.13623429834842682
1219,-1.1838074922561646,-1.1981637477874756,0.00703070592135191,0.007325506769120693,0.1361929029226303
1220,-1.143244981765747,-1.1564278602600098,0.007326134946197271,0.005856717471033335,0.1361515372991562
1221,-1.071659803390503,-1.08612859249115,0.007253994233906269,0.007214751094579697,0.13611021637916565
1222,-1.2452900409698486,-1.250512957572937,0.002878161845728755,0.002344772918149829,0.1360689252614975
1223,-1.0816378593444824,-1.0879054069519043,0.0032646004110574722,0.0030029520858079195,0.13602763414382935
1224,-1.1672554016113281,-1.1758848428726196,0.004837949760258198,0.003791501745581627,0.1359863579273224
1225,-1.1699161529541016,-1.1752220392227173,0.0026719991583377123,0.002633950673043728,0.13594509661197662
1226,-1.0956281423568726,-1.1036105155944824,0.0040933918207883835,0.003888992127031088,0.13590388000011444
1227,-1.1799135208129883,-1.1886515617370605,0.003999668639153242,0.004738312680274248,0.13586260378360748
1228,-1.0975908041000366,-1.1473978757858276,0.025478333234786987,0.02432871237397194,0.1358213573694229
1229,-1.0013768672943115,-1.0099444389343262,0.004301261156797409,0.004266280680894852,0.13578009605407715
1230,-1.2136788368225098,-1.2197599411010742,0.002992727095261216,0.0030883203726261854,0.1357387900352478
1231,0.02891486883163452,-0.9952774047851562,0.5255284309387207,0.49866384267807007,0.1356976479291916
1232,-1.1400761604309082,-1.1495554447174072,0.004994731862097979,0.0044844867661595345,0.13565652072429657
1233,-1.1824952363967896,-1.1908364295959473,0.0046107349917292595,0.0037304130382835865,0.13561543822288513
1234,-1.0916752815246582,-1.1009914875030518,0.004234883468598127,0.005081309471279383,0.1355743110179901
1235,-1.0583207607269287,-1.0692713260650635,0.005159864667803049,0.005790765397250652,0.13553330302238464
1236,-1.11979079246521,-1.1750022172927856,0.026795145124197006,0.02841624617576599,0.13549233973026276
1237,-1.1770868301391602,-1.1873211860656738,0.004879876505583525,0.005354512017220259,0.13545136153697968
1238,-1.2499977350234985,-1.256237268447876,0.0031712371855974197,0.0030683695804327726,0.13541044294834137
1239,-1.1141642332077026,-1.1224360466003418,0.00399889936670661,0.004272935446351767,0.13536958396434784
1240,-0.9899763464927673,-0.9986950159072876,0.0040139248594641685,0.004704785067588091,0.13532869517803192
1241,-1.0443702936172485,-1.0545045137405396,0.005514565389603376,0.00461954390630126,0.1352877914905548
1242,-1.094377875328064,-1.1034867763519287,0.0047537898644804955,0.0043551260605454445,0.13524693250656128
1243,-1.1134036779403687,-1.1227822303771973,0.004596167244017124,0.004782478790730238,0.13520608842372894
1244,-1.2899768352508545,-1.2959532737731934,0.0031055102590471506,0.0028708793688565493,0.13516518473625183
1245,-1.1973333358764648,-1.2039244174957275,0.004022265784442425,0.002568842377513647,0.1351242959499359
1246,-0.985736608505249,-0.999913215637207,0.008019093424081802,0.0061575197614729404,0.1350834220647812
1247,-1.1029847860336304,-1.1188724040985107,0.008017567917704582,0.007870042696595192,0.13504262268543243
1248,-1.0915439128875732,-1.124974012374878,0.01640983857214451,0.017020270228385925,0.13500183820724487
1249,-1.1528780460357666,-1.161428451538086,0.0034807980991899967,0.005069640930742025,0.13496102392673492
1250,-1.1420305967330933,-1.2125707864761353,0.03411191701889038,0.036428291350603104,0.13492019474506378
1251,-1.2647242546081543,-1.2704905271530151,0.0026561436243355274,0.0031102157663553953,0.13487935066223145
1252,-1.0562118291854858,-1.071339726448059,0.007749160286039114,0.007378656882792711,0.1348385512828827
1253,-1.133345365524292,-1.1969103813171387,0.030753739178180695,0.032811228185892105,0.13479773700237274
1254,-1.1461549997329712,-1.1545898914337158,0.0038961684331297874,0.004538798239082098,0.1347568929195404
1255,-0.9240984320640564,-0.9809414148330688,0.029289454221725464,0.02755352295935154,0.13471606373786926
1256,-1.1891142129898071,-1.1947624683380127,0.0029448051936924458,0.0027034548111259937,0.1346752792596817
1257,-1.1450163125991821,-1.1513123512268066,0.0030162676703184843,0.0032798065803945065,0.13463453948497772
1258,-1.1621661186218262,-1.1703441143035889,0.003587617538869381,0.0045903450809419155,0.13459381461143494
1259,-1.1513755321502686,-1.1583733558654785,0.003432752098888159,0.0035650937352329493,0.13455311954021454
1260,-1.0927531719207764,-1.1065211296081543,0.007248935289680958,0.00651903310790658,0.13451248407363892
1261,-1.1868432760238647,-1.2305247783660889,0.02259027026593685,0.021091200411319733,0.13447178900241852
1262,-1.0890581607818604,-1.0952889919281006,0.0029956712387502193,0.0032350595574826,0.13443110883235931
1263,-1.0959645509719849,-1.1685594320297241,0.036940399557352066,0.03565436974167824,0.13439041376113892
1264,-1.2206103801727295,-1.2281850576400757,0.003723581787198782,0.0038510356098413467,0.13434985280036926
1265,-1.1177328824996948,-1.1241014003753662,0.004168205428868532,0.002200326882302761,0.1343093067407608
1266,-1.150089979171753,-1.1593116521835327,0.0038823895156383514,0.005339235533028841,0.13426877558231354
1267,-1.1106363534927368,-1.1195565462112427,0.004039673134684563,0.004880586173385382,0.13422828912734985
1268,-1.0819042921066284,-1.0917761325836182,0.004718503449112177,0.0051532466895878315,0.1341877430677414
1269,-1.1260062456130981,-1.1334292888641357,0.0033996382262557745,0.004023429937660694,0.1341472566127777
1270,-1.2572978734970093,-1.2732075452804565,0.007999260909855366,0.007910369895398617,0.1341067999601364
1271,-1.1317545175552368,-1.1387889385223389,0.003826390951871872,0.0032080274540930986,0.13406629860401154
1272,-1.2069354057312012,-1.2127982378005981,0.0029389141127467155,0.0029239230789244175,0.13402584195137024
1273,-1.285361647605896,-1.292307734489441,0.003841402707621455,0.003104692790657282,0.13398538529872894
1274,-1.1374119520187378,-1.14581298828125,0.0044671520590782166,0.003933878615498543,0.13394491374492645
1275,-1.203359603881836,-1.2100800275802612,0.003605978097766638,0.003114405320957303,0.13390450179576874
1276,-1.3193681240081787,-1.3283205032348633,0.005080173723399639,0.003872146364301443,0.1338641196489334
1277,-1.1928974390029907,-1.2023930549621582,0.0047102733515203,0.004785251338034868,0.13382375240325928
1278,-1.1097959280014038,-1.119573950767517,0.005245632026344538,0.004532323218882084,0.13378329575061798
1279,-1.1172999143600464,-1.1227521896362305,0.002207292476668954,0.0032450309954583645,0.1337428241968155
1280,-1.2254639863967896,-1.2306824922561646,0.002269588178023696,0.002948910230770707,0.1337023675441742
1281,-1.1316583156585693,-1.137868881225586,0.0026427300181239843,0.0035678395070135593,0.13366195559501648
1282,-1.251312017440796,-1.2563319206237793,0.0030329509172588587,0.00198703957721591,0.1336214244365692
1283,-1.0973939895629883,-1.148480772972107,0.028054026886820793,0.023032763972878456,0.13358087837696075
1284,-1.1509943008422852,-1.1614363193511963,0.005747506860643625,0.0046944404020905495,0.13354037702083588
1285,-1.2051137685775757,-1.2091708183288574,0.002105968538671732,0.0019511545542627573,0.13349995017051697
1286,-0.9243319630622864,-1.137628197669983,0.1058712899684906,0.10742491483688354,0.13345955312252045
1287,-1.079957365989685,-1.1449512243270874,0.03107992745935917,0.033913977444171906,0.1334191858768463
1288,-1.2080564498901367,-1.213374137878418,0.0024903276935219765,0.0028273717034608126,0.13337889313697815
1289,-1.1491206884384155,-1.155956745147705,0.00447459239512682,0.002361434744670987,0.13333860039710999
1290,-1.0716482400894165,-1.0954680442810059,0.012448362074792385,0.011371529661118984,0.1332983672618866
1291,-1.0267530679702759,-1.0405991077423096,0.007715031038969755,0.006131037604063749,0.1332581341266632
1292,-1.102953553199768,-1.1885311603546143,0.042110979557037354,0.043466705828905106,0.13321802020072937
1293,-1.1475416421890259,-1.1557830572128296,0.0042863162234425545,0.003955071792006493,0.13317787647247314
1294,-1.201032280921936,-1.20871901512146,0.0032767413649708033,0.004410082474350929,0.1331377476453781
1295,-1.247860312461853,-1.256068468093872,0.0044762687757611275,0.0037318954709917307,0.13309766352176666
1296,-1.2116268873214722,-1.278756856918335,0.03642059490084648,0.03070935793220997,0.13305754959583282
1297,-1.121172308921814,-1.1344020366668701,0.006291212048381567,0.006938445381820202,0.133017435669899
1298,-1.1778409481048584,-1.1875892877578735,0.005314587615430355,0.004433778114616871,0.13297735154628754
1299,-1.1404855251312256,-1.1490739583969116,0.004148379899561405,0.004440054297447205,0.1329372525215149
1300,-1.0515252351760864,-1.0696700811386108,0.009394049644470215,0.008750762790441513,0.13289713859558105
1301,-1.0105376243591309,-1.017182469367981,0.003684984054416418,0.00295985653065145,0.1328570544719696
1302,-1.1224637031555176,-1.128777027130127,0.0028482116758823395,0.0034651136957108974,0.13281692564487457
1303,0.364946186542511,-1.0801007747650146,0.7231879234313965,0.7218590378761292,0.13277681171894073
1304,-1.1258198022842407,-1.1412737369537354,0.007604832760989666,0.007849038578569889,0.1327367126941681
1305,-1.171306848526001,-1.217902421951294,0.023436108604073524,0.0231594517827034,0.13269665837287903
1306,-1.150118350982666,-1.1668145656585693,0.00856701098382473,0.008129265159368515,0.13265660405158997
1307,-1.1913905143737793,-1.198395848274231,0.003140334039926529,0.0038650447968393564,0.13261660933494568
1308,-1.1404635906219482,-1.149935245513916,0.004923537373542786,0.0045480369590222836,0.132576584815979
1309,-1.1804795265197754,-1.1906780004501343,0.00405475590378046,0.00614367937669158,0.13253654539585114
1310,-1.2552345991134644,-1.2616790533065796,0.003329278901219368,0.0031151671428233385,0.13249650597572327
1311,-1.070977807044983,-1.0809317827224731,0.004293607547879219,0.005660427268594503,0.1324564516544342
1312,-1.0831327438354492,-1.095531940460205,0.0064536347053945065,0.005945576820522547,0.13241645693778992
1313,-1.1820279359817505,-1.1967509984970093,0.006783368065953255,0.00793972983956337,0.13237646222114563
1314,-1.1425626277923584,-1.1570733785629272,0.006805664859712124,0.007705106865614653,0.13233651220798492
1315,-1.2645928859710693,-1.2717126607894897,0.0032161176204681396,0.0039036497473716736,0.1322965770959854
1316,-1.2640469074249268,-1.2674837112426758,0.001351628452539444,0.002085230778902769,0.13225658237934113
1317,-1.1057729721069336,-1.110450029373169,0.0020174607634544373,0.002659502439200878,0.1322166621685028
1318,-1.196410059928894,-1.2040746212005615,0.003911335486918688,0.0037532050628215075,0.13217677175998688
1319,-1.0792847871780396,-1.0859181880950928,0.002938592806458473,0.003694749902933836,0.13213680684566498
1320,-1.189243197441101,-1.1966817378997803,0.003322859760373831,0.0041157277300953865,0.13209687173366547
1321,-1.1440576314926147,-1.1537501811981201,0.004745498299598694,0.004947024397552013,0.13205698132514954
1322,-1.2015830278396606,-1.2083266973495483,0.003181712469086051,0.0035619698464870453,0.1320170909166336
1323,-1.2231671810150146,-1.229384183883667,0.0029934877529740334,0.0032235905528068542,0.13197718560695648
1324,-1.0301319360733032,-1.0429120063781738,0.0068221623077988625,0.005957971327006817,0.13193729519844055
1325,-1.2313555479049683,-1.2393810749053955,0.0035586487501859665,0.004466846585273743,0.1318974792957306
1326,-1.283207654953003,-1.287322998046875,0.0021366712171584368,0.001978661399334669,0.13185754418373108
1327,-1.2280749082565308,-1.2311378717422485,0.001811934169381857,0.001250981236808002,0.13181765377521515
1328,-1.1790932416915894,-1.1834790706634521,0.0024761499371379614,0.0019097510958090425,0.13177786767482758
1329,-1.3302818536758423,-1.3393290042877197,0.004823166411370039,0.004223900381475687,0.1317380666732788
1330,-1.270958423614502,-1.275827169418335,0.0024079594295471907,0.0024607903324067593,0.13169828057289124
1331,-1.1334043741226196,-1.1419382095336914,0.00384126347489655,0.004692543298006058,0.13165850937366486
1332,-1.08246648311615,-1.0881989002227783,0.0031475129071623087,0.0025849698577076197,0.13161876797676086
1333,-1.2455759048461914,-1.2575305700302124,0.006056130398064852,0.005898456089198589,0.13157902657985687
1334,-1.241925835609436,-1.2467488050460815,0.003185464069247246,0.0016374909318983555,0.13153928518295288
1335,-1.2392470836639404,-1.247550129890442,0.0038200034759938717,0.004482954274863005,0.1314995139837265
1336,-1.07243013381958,-1.133707046508789,0.03197662532329559,0.02930031530559063,0.13145974278450012
1337,-1.2247041463851929,-1.2294820547103882,0.0022423791233450174,0.0025355417747050524,0.13141997158527374
1338,-1.1862132549285889,-1.1912806034088135,0.0027656101156026125,0.002301675733178854,0.13138024508953094
1339,-1.1792073249816895,-1.1919560432434082,0.006569597404450178,0.0061790915206074715,0.13134056329727173
1340,-1.1486852169036865,-1.1542192697525024,0.002430998720228672,0.0031030545942485332,0.1313008964061737
1341,-1.1880953311920166,-1.192802906036377,0.0023662971798330545,0.002341233426705003,0.13126124441623688
1342,-1.156460165977478,-1.1665098667144775,0.005173478275537491,0.0048762839287519455,0.13122162222862244
1343,-1.112139105796814,-1.1226941347122192,0.005105352029204369,0.005449614021927118,0.13118202984333038
1344,-1.1825387477874756,-1.187978982925415,0.0024808982852846384,0.0029594148509204388,0.13114243745803833
1345,-1.2320622205734253,-1.2392879724502563,0.003684368683025241,0.0035414015874266624,0.13110285997390747
1346,-1.1572641134262085,-1.168146014213562,0.004829231649637222,0.006052643526345491,0.13106326758861542
1347,-1.1696481704711914,-1.1771119832992554,0.003265759442001581,0.004198021721094847,0.13102373480796814
1348,-1.291325569152832,-1.299088478088379,0.003658464876934886,0.004104447551071644,0.1309841275215149
1349,-1.1298109292984009,-1.1382514238357544,0.004304557107388973,0.0041359164752066135,0.1309446096420288
1350,-1.1549251079559326,-1.202041506767273,0.025093432515859604,0.022022902965545654,0.1309051215648651
1351,-1.2491003274917603,-1.256540298461914,0.0034259988460689783,0.004013983532786369,0.13086560368537903
1352,-1.3597493171691895,-1.3683052062988281,0.004208893049508333,0.004346915055066347,0.13082611560821533
1353,-1.0482815504074097,-1.058943271636963,0.005343853496015072,0.0053179822862148285,0.13078656792640686
1354,-1.2477964162826538,-1.2549903392791748,0.003456047037616372,0.0037379064597189426,0.13074703514575958
1355,-1.2763742208480835,-1.281095027923584,0.0016361608868464828,0.00308463373221457,0.13070742785930634
1356,-1.1796449422836304,-1.2503106594085693,0.03389004245400429,0.03677571564912796,0.13066785037517548
1357,-1.1363322734832764,-1.1434417963027954,0.0023502581752836704,0.004759347066283226,0.1306283324956894
1358,-1.1022591590881348,-1.1647783517837524,0.030027784407138824,0.03249148651957512,0.1305888444185257
1359,-1.3071049451828003,-1.3158196210861206,0.004650511313229799,0.0040642558597028255,0.1305493712425232
1360,-1.1538084745407104,-1.1599396467208862,0.003136384766548872,0.0029948269948363304,0.13050994277000427
1361,-1.2701729536056519,-1.2785394191741943,0.004313590005040169,0.004052818287163973,0.13047051429748535
1362,-1.0321747064590454,-1.0506666898727417,0.00878293439745903,0.009708977304399014,0.13043105602264404
1363,-1.327029824256897,-1.3356993198394775,0.004101742058992386,0.004567711614072323,0.13039159774780273
1364,-1.085412859916687,-1.1064525842666626,0.010111749172210693,0.010928005911409855,0.13035215437412262
1365,-1.2087432146072388,-1.2155883312225342,0.003920294344425201,0.0029248057398945093,0.1303127557039261
1366,-1.2471855878829956,-1.2532100677490234,0.002665096428245306,0.003359494497999549,0.13027329742908478
1367,-1.1528100967407227,-1.1591441631317139,0.0033330374862998724,0.0030009588226675987,0.1302337944507599
1368,-1.0892976522445679,-1.1009747982025146,0.005703001283109188,0.005974166095256805,0.13019433617591858
1369,-1.185494065284729,-1.1909509897232056,0.001938528730534017,0.0035183026921004057,0.13015492260456085
1370,-1.121454119682312,-1.1290490627288818,0.004038895480334759,0.003556024981662631,0.1301155537366867
1371,-1.1813535690307617,-1.1938532590866089,0.00623877951875329,0.0062609207816421986,0.13007621467113495
1372,-1.1502846479415894,-1.1950007677078247,0.02253904938697815,0.02217705361545086,0.13003693521022797
1373,-1.0906627178192139,-1.1585849523544312,0.03332173451781273,0.03460053354501724,0.12999768555164337
1374,-1.1837924718856812,-1.2293272018432617,0.022995013743638992,0.022539755329489708,0.12995845079421997
1375,-1.206257700920105,-1.2123150825500488,0.0025069445837289095,0.0035503632389009,0.12991923093795776
1376,-0.3406933844089508,-1.3020689487457275,0.49594011902809143,0.4654354751110077,0.12987999618053436
1377,-1.1734364032745361,-1.1816076040267944,0.003551793284714222,0.00461934320628643,0.1298407018184662
1378,-1.1918162107467651,-1.2047932147979736,0.006455921567976475,0.006521129980683327,0.1298014521598816
1379,-1.2543741464614868,-1.2626187801361084,0.0033925289753824472,0.00485208397731185,0.1297621876001358
1380,-1.304273247718811,-1.312270998954773,0.003978555090725422,0.004019112791866064,0.1297229677438736
1381,-1.2566219568252563,-1.273876428604126,0.008756131865084171,0.008498357608914375,0.12968376278877258
1382,-1.2651711702346802,-1.2696559429168701,0.0024231262505054474,0.0020615558605641127,0.12964455783367157
1383,-1.3079322576522827,-1.311323881149292,0.0015842663124203682,0.0018072929233312607,0.12960536777973175
1384,-1.2347325086593628,-1.240986943244934,0.003261241363361478,0.0029931911267340183,0.12956607341766357
1385,-1.1548269987106323,-1.1666874885559082,0.006185589358210564,0.005674923770129681,0.12952680885791779
1386,-1.1586081981658936,-1.1706650257110596,0.004634905606508255,0.0074219112284481525,0.129487544298172
1387,-1.0898983478546143,-1.0972496271133423,0.003289349377155304,0.0040619634091854095,0.12944824993610382
1388,-1.2057619094848633,-1.2138841152191162,0.00337532558478415,0.004746908787637949,0.12940900027751923
1389,-1.289487361907959,-1.296338438987732,0.0033962978050112724,0.0034548528492450714,0.12936975061893463
1390,-1.0754460096359253,-1.0845929384231567,0.0038650191854685545,0.0052819750271737576,0.1293305903673172
1391,-1.090956211090088,-1.159997820854187,0.032574936747550964,0.036466777324676514,0.12929140031337738
1392,-1.235613465309143,-1.240502953529358,0.0028056278824806213,0.0020839362405240536,0.12925222516059875
1393,-1.061915397644043,-1.1153314113616943,0.02738904021680355,0.02602701634168625,0.1292130947113037
1394,-1.116082787513733,-1.1212947368621826,0.0021096058189868927,0.0031023225747048855,0.12917397916316986
1395,-1.1548874378204346,-1.1617048978805542,0.003837504191324115,0.002980043413117528,0.1291348785161972
1396,-1.1582167148590088,-1.1670348644256592,0.004623651038855314,0.0041944533586502075,0.12909580767154694
1397,-1.1838780641555786,-1.1926980018615723,0.003926459234207869,0.004893479868769646,0.12905678153038025
1398,-1.1143001317977905,-1.1348580121994019,0.010494602844119072,0.010063240304589272,0.12901781499385834
1399,-1.159192681312561,-1.1666191816329956,0.00388493575155735,0.003541558049619198,0.12897880375385284
1400,-1.1950194835662842,-1.2083232402801514,0.0066751278936862946,0.006628680508583784,0.12893973290920258
1401,-1.058826208114624,-1.0671114921569824,0.00441755773499608,0.0038677894044667482,0.1289006918668747
1402,-1.2122310400009155,-1.2220542430877686,0.0043908655643463135,0.005432344973087311,0.12886163592338562
1403,-1.3074278831481934,-1.3252496719360352,0.010269955731928349,0.0075517878867685795,0.12882262468338013
1404,-1.2063159942626953,-1.213787317276001,0.003040457610040903,0.004430845379829407,0.12878359854221344
1405,-1.2235774993896484,-1.2326164245605469,0.003957497421652079,0.005081426352262497,0.12874460220336914
1406,-1.2468076944351196,-1.2576074600219727,0.004848362412303686,0.005951428320258856,0.12870563566684723
1407,-1.1757521629333496,-1.1796884536743164,0.0018141735345125198,0.0021221081260591745,0.12866660952568054
1408,-1.1662983894348145,-1.228868842124939,0.032942403107881546,0.02962801605463028,0.12862765789031982
1409,-1.2665660381317139,-1.2747429609298706,0.004607651382684708,0.003569304011762142,0.1285887360572815
1410,-1.1644353866577148,-1.171899437904358,0.0033939480781555176,0.0040700677782297134,0.12854987382888794
1411,-1.1342524290084839,-1.1394411325454712,0.0023538421373814344,0.0028349661733955145,0.128510981798172
1412,-1.0814805030822754,-1.0898948907852173,0.004654161632061005,0.003760208375751972,0.12847210466861725
1413,-1.1503905057907104,-1.159845232963562,0.004532946273684502,0.004921815823763609,0.12843327224254608
1414,-1.1623761653900146,-1.166919231414795,0.002274930477142334,0.002268053824082017,0.12839442491531372
1415,-1.2062901258468628,-1.2738735675811768,0.03319196775555611,0.03439154475927353,0.12835559248924255
1416,-1.1301263570785522,-1.1401365995407104,0.004249333404004574,0.005760947708040476,0.12831678986549377
1417,-1.0818076133728027,-1.0905030965805054,0.0051425457932055,0.0035529143642634153,0.1282779723405838
1418,-1.2983694076538086,-1.3065528869628906,0.0030704487580806017,0.005112998653203249,0.12823913991451263
1419,-1.2117656469345093,-1.218072533607483,0.002996543189510703,0.003310292260721326,0.12820033729076385
1420,-1.1650805473327637,-1.1682063341140747,0.0012942325556650758,0.0018315835623070598,0.12816153466701508
1421,-1.385249376296997,-1.3911404609680176,0.0032109718304127455,0.0026800110936164856,0.12812276184558868
1422,-1.2156329154968262,-1.223814606666565,0.0037788168992847204,0.004402840975672007,0.12808403372764587
1423,-1.3061997890472412,-1.3120031356811523,0.0032612746581435204,0.0025420389138162136,0.12804532051086426
1424,-1.0615342855453491,-1.068395733833313,0.00364992069080472,0.0032114579807966948,0.12800660729408264
1425,-1.2388396263122559,-1.2449008226394653,0.003234709380194545,0.0028264480642974377,0.12796786427497864
1426,-0.4101276397705078,-1.2884435653686523,0.4537389278411865,0.424576997756958,0.12792915105819702
1427,-1.2587350606918335,-1.2736263275146484,0.007533172145485878,0.007358068600296974,0.1278904527425766
1428,-1.139017105102539,-1.1551709175109863,0.00831310823559761,0.007840768434107304,0.1278516948223114
1429,-1.2261641025543213,-1.2319574356079102,0.0026891378220170736,0.0031042543705552816,0.1278129369020462
1430,-1.0744915008544922,-1.0917936563491821,0.009420102462172508,0.007881984114646912,0.127774178981781
1431,-1.1859735250473022,-1.2001495361328125,0.007228544447571039,0.006947525776922703,0.127735435962677
1432,-1.2222942113876343,-1.2324328422546387,0.005777996964752674,0.00436062179505825,0.1276966631412506
1433,-1.2319047451019287,-1.2378876209259033,0.0029176538810133934,0.0030651967972517014,0.12765789031982422
1434,-1.309404969215393,-1.314438819885254,0.002597087062895298,0.0024367407895624638,0.12761914730072021
1435,-1.1479833126068115,-1.1568222045898438,0.0043892632238566875,0.004449658561497927,0.1275804489850998
1436,-1.1030367612838745,-1.1102783679962158,0.0041041299700737,0.0031374203972518444,0.12754176557064056
1437,-1.3321691751480103,-1.3919811248779297,0.03034891001880169,0.029463067650794983,0.12750303745269775
1438,-1.2664741277694702,-1.2709966897964478,0.00241919350810349,0.0021033554803580046,0.12746427953243256
1439,-1.2117419242858887,-1.228358268737793,0.008497747592628002,0.008118659257888794,0.12742553651332855
1440,-1.1700440645217896,-1.2384483814239502,0.0340256430208683,0.03437862545251846,0.12738680839538574
1441,-1.2081860303878784,-1.2272292375564575,0.009915024042129517,0.009128200821578503,0.12734809517860413
1442,-1.1520663499832153,-1.159961462020874,0.004658948164433241,0.0032361727207899094,0.12730944156646729
1443,-1.3183027505874634,-1.3250832557678223,0.004162410274147987,0.002618058817461133,0.12727081775665283
1444,-1.2690677642822266,-1.2767914533615112,0.0033994410187005997,0.0043241665698587894,0.12723219394683838
1445,-1.0589896440505981,-1.0659016370773315,0.0034726897720247507,0.003439338179305196,0.12719355523586273
1446,-1.0686023235321045,-1.1495672464370728,0.04235776141285896,0.03860711678862572,0.12715491652488708
1447,-1.2216424942016602,-1.2265546321868896,0.002496049739420414,0.0024160996545106173,0.1271163672208786
1448,-1.3212027549743652,-1.3335635662078857,0.0058856988325715065,0.0064750900492072105,0.12707781791687012
1449,-1.1516072750091553,-1.161949634552002,0.004916383419185877,0.005425949115306139,0.12703928351402283
1450,-1.346136212348938,-1.3520939350128174,0.0029062447138130665,0.003051532432436943,0.1270008236169815
1451,-1.2305152416229248,-1.234900951385498,0.0023188188206404448,0.0020667980425059795,0.12696240842342377
1452,-1.0863430500030518,-1.146594524383545,0.0290396548807621,0.031211895868182182,0.12692400813102722
1453,-1.2787840366363525,-1.2893331050872803,0.006299419794231653,0.004249704070389271,0.12688563764095306
1454,-1.177594780921936,-1.1834028959274292,0.003370888065546751,0.0024372718762606382,0.1268473118543625
1455,-1.1391074657440186,-1.2131494283676147,0.0369238518178463,0.03711804747581482,0.12680897116661072
1456,-1.248881459236145,-1.2635493278503418,0.0077489204704761505,0.0069189611822366714,0.12677061557769775
1457,-1.083430528640747,-1.0926103591918945,0.003968533128499985,0.0052113719284534454,0.1267322599887848
1458,-1.2857043743133545,-1.2928727865219116,0.0036115143448114395,0.0035568843595683575,0.12669391930103302
1459,-1.2197320461273193,-1.23233962059021,0.0064856610260903835,0.0061219059862196445,0.12665565311908722
1460,-1.2780284881591797,-1.2848371267318726,0.003315568435937166,0.003493113908916712,0.12661737203598022
1461,-1.2457118034362793,-1.255269169807434,0.0052599357441067696,0.004297338891774416,0.1265791356563568
1462,-1.265478253364563,-1.2725087404251099,0.0035330443643033504,0.003497431054711342,0.12654083967208862
1463,-1.2095917463302612,-1.2242209911346436,0.0068554505705833435,0.00777375278994441,0.12650255858898163
1464,-1.206966519355774,-1.2117573022842407,0.0028550545684993267,0.0019357267301529646,0.12646432220935822
1465,-1.0752623081207275,-1.0784316062927246,0.0013678190298378468,0.0018015202367678285,0.126426100730896
1466,-1.258580207824707,-1.2693915367126465,0.0052481964230537415,0.00556318461894989,0.12638790905475616
1467,-1.3301851749420166,-1.3327138423919678,0.0012628844706341624,0.001265751663595438,0.12634974718093872
1468,-1.159612774848938,-1.165648102760315,0.002337179845198989,0.0036981080193072557,0.1263115108013153
1469,-1.2645785808563232,-1.2717998027801514,0.003200112609192729,0.004021143075078726,0.1262732744216919
1470,-1.250216007232666,-1.254805326461792,0.0020456239581108093,0.0025436575524508953,0.1262350231409073
1471,-1.4402321577072144,-1.4452909231185913,0.0025341829750686884,0.0025246082805097103,0.12619680166244507
1472,-1.206742763519287,-1.212863564491272,0.0029977785889059305,0.0031230084132403135,0.12615862488746643
1473,-1.309850811958313,-1.3215681314468384,0.005913883913308382,0.005803472362458706,0.1261204332113266
1474,-1.172849178314209,-1.1804310083389282,0.002883179811760783,0.004698659759014845,0.12608219683170319
1475,-1.340959906578064,-1.3483960628509521,0.004105907864868641,0.0033301902003586292,0.12604399025440216
1476,-1.3392307758331299,-1.3986564874649048,0.033140987157821655,0.026284698396921158,0.12600576877593994
1477,-1.2195466756820679,-1.2258343696594238,0.003140951506793499,0.003146800911054015,0.1259676218032837
1478,-1.4115687608718872,-1.417702317237854,0.0029412643052637577,0.003192298114299774,0.12592951953411102
1479,-1.1866750717163086,-1.1935094594955444,0.00384362880140543,0.0029907135758548975,0.12589141726493835
1480,-1.3597325086593628,-1.365997314453125,0.0031708995811641216,0.0030939988791942596,0.12585337460041046
1481,-1.31721031665802,-1.3255541324615479,0.004151955246925354,0.004191852640360594,0.12581536173820496
1482,-1.3152003288269043,-1.3206106424331665,0.0030505373142659664,0.0023596929386258125,0.12577734887599945
1483,-1.3259692192077637,-1.3310284614562988,0.0027641342021524906,0.0022951308637857437,0.1257394254207611
1484,-1.1597394943237305,-1.1954152584075928,0.019013382494449615,0.01666233316063881,0.12570151686668396
1485,-1.2525243759155273,-1.2650643587112427,0.005631515756249428,0.0069083659909665585,0.1256636083126068
1486,-1.0964512825012207,-1.1106675863265991,0.008878014981746674,0.005338314920663834,0.12562571465969086
1487,-1.1734603643417358,-1.2437392473220825,0.0346977598965168,0.0355810672044754,0.1255878210067749
1488,-1.2724860906600952,-1.2793054580688477,0.003370155580341816,0.0034491983242332935,0.12554989755153656
1489,-1.2816652059555054,-1.2901990413665771,0.0037732520140707493,0.004760649986565113,0.12551194429397583
1490,-1.2561719417572021,-1.261518955230713,0.002461617812514305,0.002885368885472417,0.12547394633293152
1491,-1.1758427619934082,-1.1811764240264893,0.003214609809219837,0.0021190685220062733,0.125435933470726
1492,-1.138165831565857,-1.1455868482589722,0.004889079835265875,0.0025319047272205353,0.1253979504108429
1493,-1.1599265336990356,-1.210876703262329,0.026121461763978004,0.02482863888144493,0.12536002695560455
1494,-1.1846044063568115,-1.1959469318389893,0.005191630683839321,0.006150807719677687,0.1253221333026886
1495,-1.381150245666504,-1.3879711627960205,0.0036266318056732416,0.0031942902132868767,0.12528425455093384
1496,-1.196669340133667,-1.2604317665100098,0.03101527877151966,0.032747089862823486,0.12524643540382385
1497,-1.2290009260177612,-1.232430100440979,0.0012563932687044144,0.00217276974581182,0.12520864605903625
1498,-1.148301601409912,-1.1528141498565674,0.0019203575793653727,0.0025921936612576246,0.12517079710960388
1499,-1.2718757390975952,-1.2823950052261353,0.00537525862455368,0.005144042894244194,0.1251329630613327
1500,-1.2971700429916382,-1.3038227558135986,0.0031320706475526094,0.0035205816384404898,0.12509509921073914
1501,-1.0804752111434937,-1.109419822692871,0.015120899304747581,0.013823779299855232,0.12505726516246796
1502,-1.2944421768188477,-1.3004883527755737,0.0026895906776189804,0.0033565438352525234,0.12501946091651917
1503,-1.3417853116989136,-1.3521270751953125,0.0054052481427788734,0.004936429671943188,0.12498164176940918
1504,-1.2211130857467651,-1.2258610725402832,0.002511677099391818,0.002236342988908291,0.12494374811649323
1505,-1.127608299255371,-1.1400818824768066,0.006637350656092167,0.005836193449795246,0.12490586191415787
1506,-1.1850566864013672,-1.1939001083374023,0.0038877029437571764,0.0049557616002857685,0.1248680129647255
1507,-1.2973331212997437,-1.3080317974090576,0.005159257911145687,0.005539442412555218,0.12483008950948715
1508,-1.2197743654251099,-1.225605845451355,0.002116989577189088,0.003714433405548334,0.12479224056005478
1509,-1.1818434000015259,-1.1880310773849487,0.00263799587264657,0.003549701301380992,0.12475445866584778
1510,-1.0172823667526245,-1.0956965684890747,0.040148720145225525,0.03826546669006348,0.12471675127744675
1511,-1.2640107870101929,-1.2705332040786743,0.0030204206705093384,0.0035020080395042896,0.12467902153730392
1512,-1.3601775169372559,-1.3666847944259644,0.0029621883295476437,0.003545104991644621,0.12464127689599991
1513,-1.2253093719482422,-1.236181616783142,0.005671538878232241,0.005200706887990236,0.12460356950759888
1514,-1.1241323947906494,-1.131670594215393,0.0034877173602581024,0.004050497431308031,0.12456599622964859
1515,-1.223739504814148,-1.229457974433899,0.0028012623079121113,0.002917197532951832,0.12452846765518188
1516,-1.3173640966415405,-1.324824571609497,0.004193194210529327,0.00326727912761271,0.1244908794760704
1517,-1.286582589149475,-1.294623851776123,0.0042417836375534534,0.003799412865191698,0.1244533434510231
1518,-1.1711312532424927,-1.1841541528701782,0.007042354438453913,0.005980520509183407,0.12441584467887878
1519,-1.1901466846466064,-1.1956771612167358,0.002736272057518363,0.002794174011796713,0.12437829375267029
1520,-1.3892171382904053,-1.3993196487426758,0.005359497852623463,0.004742924589663744,0.12434078752994537
1521,-1.2868785858154297,-1.2924561500549316,0.0019807463977485895,0.003596816211938858,0.12430328875780106
1522,-1.3873857259750366,-1.3938627243041992,0.0030193915590643883,0.0034577064216136932,0.12426577508449554
1523,-1.107221007347107,-1.1153578758239746,0.003909117542207241,0.004227789584547281,0.12422830611467361
1524,-1.2725770473480225,-1.2819545269012451,0.003609606996178627,0.005767864640802145,0.12419084459543228
1525,-1.3714168071746826,-1.3775099515914917,0.0033531126100569963,0.002740052528679371,0.12415336072444916
1526,-1.2369928359985352,-1.2433435916900635,0.002772973384708166,0.003577826078981161,0.12411589920520782
1527,-1.1125850677490234,-1.120343804359436,0.002899248618632555,0.004859440959990025,0.12407843768596649
1528,-1.317115068435669,-1.3224821090698242,0.0021225225646048784,0.003244551829993725,0.12404096126556396
1529,-1.241542935371399,-1.2458478212356567,0.0017296192236244678,0.0025753239169716835,0.12400349974632263
1530,-1.2660977840423584,-1.271747350692749,0.0021671713329851627,0.0034823808819055557,0.1239660456776619
1531,-1.282479166984558,-1.2934201955795288,0.004567743744701147,0.00637332396581769,0.12392854690551758
1532,-1.3006716966629028,-1.3069316148757935,0.002673970302566886,0.003585978876799345,0.12389105558395386
1533,-1.1328659057617188,-1.1388614177703857,0.0029979136306792498,0.0029976731166243553,0.1238536685705185
1534,-1.3257983922958374,-1.338802695274353,0.006271070800721645,0.00673323031514883,0.12381628900766373
1535,-1.1099170446395874,-1.1198804378509521,0.0054342057555913925,0.004529288969933987,0.12377895414829254
1536,-1.286812663078308,-1.2938100099563599,0.0043685780838131905,0.002628820715472102,0.12374162673950195
1537,-1.313125491142273,-1.323377013206482,0.0052529675886034966,0.0049986205995082855,0.12370436638593674
1538,-1.228156328201294,-1.2343764305114746,0.002929678652435541,0.0032904150430113077,0.12366709858179092
1539,-1.213377594947815,-1.284500241279602,0.036496851593256,0.03462572768330574,0.12362980097532272
1540,-1.2944507598876953,-1.3004038333892822,0.002311041811481118,0.003642081283032894,0.12359249591827393
1541,-1.2076795101165771,-1.2284117937088013,0.01048512477427721,0.01024712435901165,0.12355522066354752
1542,-1.2859951257705688,-1.2953534126281738,0.004741942975670099,0.0046163275837898254,0.1235179677605629
1543,-1.3529266119003296,-1.357857346534729,0.0022771363146603107,0.002653613220900297,0.12348071485757828
1544,-1.2840614318847656,-1.2902742624282837,0.003197665326297283,0.0030151279643177986,0.12344345450401306
1545,0.04354017972946167,-1.3220499753952026,0.6728460192680359,0.6927441358566284,0.12340625375509262
1546,-1.2518718242645264,-1.271497130393982,0.009420474991202354,0.010204807855188847,0.12336904555559158
1547,-1.2968907356262207,-1.3029565811157227,0.002489997074007988,0.0035757890436798334,0.12333186715841293
1548,-1.3368873596191406,-1.3597896099090576,0.009554672986268997,0.013347659260034561,0.12329468131065369
1549,-0.9807943105697632,-1.2416913509368896,0.12791359424591064,0.13298344612121582,0.12325752526521683
1550,-1.2279151678085327,-1.240683913230896,0.006480793934315443,0.006287897936999798,0.12322038412094116
1551,-1.1648013591766357,-1.1764277219772339,0.004862703382968903,0.006763744633644819,0.12318319827318192
1552,-1.1737736463546753,-1.197400689125061,0.012340408749878407,0.011286571621894836,0.12314602732658386
1553,-1.1572750806808472,-1.1864447593688965,0.01501087099313736,0.014158890582621098,0.1231088638305664
1554,-1.1656075716018677,-1.1790547370910645,0.006696113385260105,0.006751043722033501,0.12307173758745193
1555,-1.2524645328521729,-1.263484239578247,0.005112939048558474,0.005906779784709215,0.12303459644317627
1556,-0.996490478515625,-1.0066943168640137,0.004411209374666214,0.005792640149593353,0.12299743294715881
1557,-1.2711268663406372,-1.2875643968582153,0.007483582943677902,0.008953971788287163,0.12296028435230255
1558,-1.290781855583191,-1.2955411672592163,0.002662698505446315,0.0020966827869415283,0.12292318046092987
1559,-1.2979676723480225,-1.3070825338363647,0.00511177908629179,0.004003069829195738,0.12288610637187958
1560,-1.4244664907455444,-1.4324380159378052,0.004448791965842247,0.0035226973704993725,0.12284908443689346
1561,-1.2262489795684814,-1.2342908382415771,0.003618336748331785,0.004423476289957762,0.12281203269958496
1562,-1.2673507928848267,-1.2742273807525635,0.0022878870368003845,0.004588672891259193,0.12277506291866302
1563,-1.3616108894348145,-1.3695358037948608,0.003817079123109579,0.0041078198701143265,0.1227380633354187
1564,-1.238060474395752,-1.2545491456985474,0.006263896822929382,0.010224763303995132,0.12270108610391617
1565,-1.3500570058822632,-1.3621840476989746,0.00592577550560236,0.00620131753385067,0.12266401946544647
1566,-1.2545430660247803,-1.327832818031311,0.036810390651226044,0.036479298025369644,0.12262706458568573
1567,-1.3089087009429932,-1.3220936059951782,0.006417745258659124,0.0067671057768166065,0.12259013950824738
1568,-1.2942310571670532,-1.3019920587539673,0.0037278763484209776,0.004033131990581751,0.12255320698022842
1569,-1.1738923788070679,-1.1859546899795532,0.005128391552716494,0.006933912634849548,0.12251627445220947
1570,-1.3463525772094727,-1.3523963689804077,0.0020213243551552296,0.004022424109280109,0.12247927486896515
1571,-1.3135757446289062,-1.3212847709655762,0.0034721526317298412,0.004236804321408272,0.12244228273630142
1572,-1.1121646165847778,-1.1295416355133057,0.00954659003764391,0.007830372080206871,0.12240523844957352
1573,-1.3041763305664062,-1.311347484588623,0.004328400362282991,0.002842830726876855,0.1223682090640068
1574,-1.3896502256393433,-1.3954343795776367,0.003113056067377329,0.0026711751706898212,0.12233122438192368
1575,-1.331758737564087,-1.3384100198745728,0.003182395128533244,0.003468827810138464,0.12229424715042114
1576,-1.3293408155441284,-1.3389744758605957,0.005450048018246889,0.004183677956461906,0.1222572848200798
1577,-1.3039780855178833,-1.3173036575317383,0.0060568987391889095,0.007268676068633795,0.12222032994031906
1578,-1.2750670909881592,-1.2808994054794312,0.002683708444237709,0.0031485711224377155,0.12218335270881653
1579,-1.0091438293457031,-1.2289725542068481,0.11287646740674973,0.10695236921310425,0.1221463605761528
1580,-1.3829296827316284,-1.4372165203094482,0.02589224837720394,0.02839455008506775,0.12210935354232788
1581,-1.1402708292007446,-1.156092882156372,0.008433431386947632,0.007388618309050798,0.12207241356372833
1582,-1.4190326929092407,-1.4277063608169556,0.0039865244179964066,0.004687193315476179,0.12203548848628998
1583,-1.4327116012573242,-1.4392449855804443,0.0032928960863500834,0.0032404325902462006,0.12199860066175461
1584,-1.3313997983932495,-1.3392449617385864,0.0030886854510754347,0.004756479989737272,0.12196169793605804
1585,-1.2210513353347778,-1.231989860534668,0.005281440913677216,0.005657096393406391,0.12192477285861969
1586,-1.3020780086517334,-1.3099582195281982,0.00370037998072803,0.0041798935271799564,0.12188789248466492
1587,-1.3173290491104126,-1.3257941007614136,0.004518751986324787,0.003946349956095219,0.12185098975896835
1588,-1.3262557983398438,-1.335286259651184,0.00455183070152998,0.004478568211197853,0.12181410193443298
1589,-1.251259446144104,-1.254716157913208,0.0013067405670881271,0.0021499069407582283,0.12177719175815582
1590,-1.3708499670028687,-1.3781797885894775,0.003419745247811079,0.003910115920007229,0.12174029648303986
1591,-1.2918696403503418,-1.3009194135665894,0.004640740808099508,0.0044091129675507545,0.12170340865850449
1592,-1.1776070594787598,-1.1917147636413574,0.00783439539372921,0.006273239850997925,0.1216665655374527
1593,-1.1135120391845703,-1.1241302490234375,0.005523787811398506,0.005094349384307861,0.1216297596693039
1594,-1.3316504955291748,-1.337753176689148,0.0036463409196585417,0.002456353511661291,0.12159302085638046
1595,-1.3456352949142456,-1.356316089630127,0.005278808530420065,0.005402012262493372,0.12155629694461823
1596,-1.385868787765503,-1.3927353620529175,0.0038996562361717224,0.0029668991919606924,0.12151964008808136
1597,-1.3615018129348755,-1.3674534559249878,0.002545356983318925,0.003406308824196458,0.12148299813270569
1598,-1.3057925701141357,-1.3135203123092651,0.004080465063452721,0.0036473427899181843,0.121446393430233
1599,-1.2778594493865967,-1.2833119630813599,0.0021527581848204136,0.003299725241959095,0.12140979617834091
1600,-1.3529740571975708,-1.4025282859802246,0.025437235832214355,0.024116937071084976,0.12137321382761002
1601,-1.3356541395187378,-1.3403611183166504,0.0021463718730956316,0.002560581546276808,0.12133669853210449
1602,-1.2048789262771606,-1.2139838933944702,0.004414374474436045,0.004690611269325018,0.12130016833543777
1603,-1.2975467443466187,-1.3094353675842285,0.006796953734010458,0.00509166345000267,0.12126362323760986
1604,-1.398391604423523,-1.4048724174499512,0.0023918405640870333,0.004088941495865583,0.12122713774442673
1605,-1.3792258501052856,-1.3828980922698975,0.0013372234534472227,0.0023351225536316633,0.12119066715240479
1606,-1.3379607200622559,-1.3444018363952637,0.002816227963194251,0.003624877892434597,0.12115424126386642
1607,-1.4076489210128784,-1.4190951585769653,0.00450466014444828,0.006941608153283596,0.12111785262823105
1608,-1.4216582775115967,-1.4255942106246948,0.0022445940412580967,0.0016913024010136724,0.12108147144317627
1609,-1.3471200466156006,-1.369717001914978,0.010918607003986835,0.01167833898216486,0.1210450753569603
1610,-1.2000272274017334,-1.2185245752334595,0.008329452015459538,0.010167892090976238,0.12100862711668015
1611,-1.4216718673706055,-1.4804996252059937,0.029465414583683014,0.02936234511435032,0.12097219377756119
1612,-1.273996353149414,-1.284072756767273,0.005158603191375732,0.004917812533676624,0.12093574553728104
1613,-1.2358957529067993,-1.3463163375854492,0.05849097669124603,0.051929596811532974,0.12089936435222626
1614,-1.1599980592727661,-1.1759551763534546,0.008342047221958637,0.007615072187036276,0.12086290866136551
1615,-1.3319456577301025,-1.3397216796875,0.0035810975823551416,0.004194976761937141,0.12082649022340775
1616,-1.2090610265731812,-1.2274158000946045,0.008980353362858295,0.009374354965984821,0.12079004943370819
1617,-1.3423644304275513,-1.355352520942688,0.005416947416961193,0.007571157068014145,0.12075365334749222
1618,-1.3409979343414307,-1.3484638929367065,0.003896530717611313,0.0035694523248821497,0.12071721255779266
1619,-1.3100721836090088,-1.316432237625122,0.0038105901330709457,0.002549398224800825,0.1206807792186737
1620,-1.3104348182678223,-1.3259352445602417,0.006394277326762676,0.009106134064495564,0.12064436078071594
1621,-1.1555650234222412,-1.1698882579803467,0.00761869503185153,0.006704595871269703,0.12060797959566116
1622,-1.3144302368164062,-1.3229655027389526,0.00479311915114522,0.003742125816643238,0.12057161331176758
1623,-1.2910925149917603,-1.2993484735488892,0.0034659302327781916,0.004790089093148708,0.12053525447845459
1624,-1.2869952917099,-1.292887806892395,0.0023685558699071407,0.0035239679273217916,0.12049887329339981
1625,-1.4361857175827026,-1.4428070783615112,0.0027178919408470392,0.0039035254158079624,0.12046239525079727
1626,-1.446043848991394,-1.4516615867614746,0.0022444049827754498,0.0033733793534338474,0.1204259842634201
1627,-1.387984275817871,-1.393588662147522,0.0028372413944453,0.002767140045762062,0.12038955092430115
1628,-1.3538399934768677,-1.3593113422393799,0.0020040269009768963,0.0034673355985432863,0.12035316228866577
1629,-1.3864402770996094,-1.3998949527740479,0.006952874828130007,0.006501760333776474,0.1203167587518692
1630,-1.2635877132415771,-1.2737998962402344,0.005117607302963734,0.005094500724226236,0.12028035521507263
1631,-1.437394618988037,-1.4442404508590698,0.0037829396314918995,0.003062835428863764,0.12024394422769547
1632,-1.4208779335021973,-1.4324110746383667,0.0064818114042282104,0.005051424261182547,0.1202075406908989
1633,-1.480462670326233,-1.4891338348388672,0.003978015389293432,0.004693115595728159,0.12017114460468292
1634,-1.2230318784713745,-1.2591875791549683,0.016411585733294487,0.019744163379073143,0.12013479322195053
1635,-1.30601167678833,-1.3138762712478638,0.004518495872616768,0.003346101613715291,0.12009848654270172
1636,-1.3404582738876343,-1.3471096754074097,0.003636601846665144,0.003014798741787672,0.12006215006113052
1637,-1.3923869132995605,-1.3975379467010498,0.0027109277434647083,0.002440111245959997,0.12002580612897873
1638,-1.4207561016082764,-1.4364420175552368,0.008268158882856369,0.007417764514684677,0.11998946964740753
1639,-1.3100782632827759,-1.3180186748504639,0.003660517977550626,0.004279883112758398,0.11995317041873932
1640,-1.3080008029937744,-1.3192259073257446,0.004287696443498135,0.006937386002391577,0.11991696804761887
1641,-1.3080922365188599,-1.3166868686676025,0.004661889746785164,0.003932710271328688,0.1198807805776596
1642,-1.3155924081802368,-1.3244984149932861,0.00460016168653965,0.0043058376759290695,0.11984463036060333
1643,-1.2632250785827637,-1.2682068347930908,0.003305000951513648,0.001676760846748948,0.11980851739645004
1644,-1.326412558555603,-1.392126441001892,0.034434325993061066,0.03127961978316307,0.11977238953113556
1645,-1.20303475856781,-1.2087578773498535,0.0029175993986427784,0.002805454656481743,0.11973632872104645
1646,-1.1203844547271729,-1.1334342956542969,0.006837049499154091,0.0062127988785505295,0.11970022320747375
1647,-1.1464354991912842,-1.3458151817321777,0.09996602684259415,0.0994136705994606,0.11966409534215927
1648,-1.353459119796753,-1.3673828840255737,0.006155846640467644,0.0077679636888206005,0.11962801218032837
1649,-1.2773529291152954,-1.2842438220977783,0.0036317030899226665,0.0032591712661087513,0.11959193646907806
1650,-1.4101464748382568,-1.4188040494918823,0.003474717028439045,0.005182861350476742,0.11955584585666656
1651,-1.2140463590621948,-1.2840749025344849,0.034605324268341064,0.03542318195104599,0.11951979249715805
1652,-1.4052430391311646,-1.4177606105804443,0.006102105136960745,0.006415526382625103,0.11948374658823013
1653,-1.3310978412628174,-1.3375961780548096,0.003157798433676362,0.0033405392896384,0.11944771558046341
1654,-1.3574715852737427,-1.3655493259429932,0.004435901530086994,0.003641804214566946,0.1194116398692131
1655,-1.4432682991027832,-1.449680209159851,0.0026156301610171795,0.003796336706727743,0.11937548965215683
1656,-1.3355754613876343,-1.341299057006836,0.002820885507389903,0.0029027278069406748,0.11933934688568115
1657,-1.4496617317199707,-1.4569116830825806,0.003276942763477564,0.003972999751567841,0.11930321902036667
1658,-1.318937063217163,-1.3292956352233887,0.0040122405625879765,0.006346291396766901,0.11926718801259995
1659,-1.376434564590454,-1.3878346681594849,0.005608029197901487,0.005792005453258753,0.11923113465309143
1660,-1.2173728942871094,-1.2313132286071777,0.006488407030701637,0.007451894227415323,0.1191951259970665
1661,-1.4100251197814941,-1.4137500524520874,0.0020809450652450323,0.001643978524953127,0.11915912479162216
1662,-1.3156037330627441,-1.3284432888031006,0.005517506506294012,0.007322058547288179,0.11912322044372559
1663,-1.4428489208221436,-1.4482769966125488,0.0017715587746351957,0.003656520275399089,0.11908727139234543
1664,-1.3768458366394043,-1.3921465873718262,0.007531302981078625,0.007769481744617224,0.11905127018690109
1665,-1.3095675706863403,-1.3179656267166138,0.0043138316832482815,0.004084281623363495,0.11901531368494034
1666,-1.4804202318191528,-1.4875775575637817,0.0036312330048531294,0.003526102053001523,0.11897942423820496
1667,-1.1965214014053345,-1.2059035301208496,0.004351524636149406,0.005030636675655842,0.11894357204437256
1668,-1.359349012374878,-1.3744374513626099,0.008168807253241539,0.006919628940522671,0.11890770494937897
1669,-1.3526607751846313,-1.4027321338653564,0.025655193254351616,0.02441621944308281,0.11887182295322418
1670,-1.420231819152832,-1.424666166305542,0.0015895236283540726,0.0028448235243558884,0.11883600056171417
1671,-1.2633463144302368,-1.315858006477356,0.02737830951809883,0.025133410468697548,0.11880020052194595
1672,-1.0272877216339111,-1.115341305732727,0.04418155178427696,0.04387199506163597,0.11876443028450012
1673,-1.3034881353378296,-1.311670184135437,0.0038391840644180775,0.0043428861536085606,0.11872867494821548
1674,-1.3475266695022583,-1.3552961349487305,0.0038635972887277603,0.003905875375494361,0.11869289726018906
1675,-1.3008753061294556,-1.3064260482788086,0.003081178292632103,0.002469597849994898,0.11865713447332382
1676,-1.3815138339996338,-1.3916603326797485,0.0037651928141713142,0.006381249520927668,0.11862129718065262
1677,-1.2780935764312744,-1.289539098739624,0.005475982092320919,0.005969575140625238,0.11858554929494858
1678,-1.3649026155471802,-1.3695160150527954,0.0019583823159337044,0.0026550735346972942,0.11854982376098633
1679,-0.21017402410507202,-1.381049633026123,0.5708804726600647,0.5999951362609863,0.11851412802934647
1680,-1.4331200122833252,-1.4423344135284424,0.005196067038923502,0.004018270410597324,0.11847841739654541
1681,-1.3242651224136353,-1.3384544849395752,0.007128237746655941,0.007061097305268049,0.11844269186258316
1682,-1.4581248760223389,-1.4682198762893677,0.005039768293499947,0.005055214278399944,0.11840697377920151
1683,-1.3106883764266968,-1.3262091875076294,0.007807220797985792,0.007713540457189083,0.11837129294872284
1684,-1.4616063833236694,-1.4743692874908447,0.00639442540705204,0.0063685160130262375,0.11833562701940536
1685,-1.4299118518829346,-1.4398021697998047,0.004454091656953096,0.00543620903044939,0.11829996854066849
1686,-1.3616840839385986,-1.3715715408325195,0.0043470305390655994,0.005540397949516773,0.11826435476541519
1687,-0.517196774482727,-1.3426921367645264,0.4294365644454956,0.3960588276386261,0.11822863668203354
1688,-1.321282148361206,-1.3275516033172607,0.003225156106054783,0.0030442867428064346,0.1181928962469101
1689,-1.3182036876678467,-1.3393523693084717,0.010199857875704765,0.010948739014565945,0.11815720051527023
1690,-1.3250118494033813,-1.3448965549468994,0.007732473313808441,0.012152168899774551,0.11812159419059753
1691,-1.3675802946090698,-1.388537883758545,0.010949159041047096,0.010008412413299084,0.11808600276708603
1692,-1.277768850326538,-1.2913262844085693,0.007258415687829256,0.006298989988863468,0.11805039644241333
1693,-1.337409257888794,-1.3529831171035767,0.008231980726122856,0.0073418989777565,0.118014857172966
1694,-1.3965544700622559,-1.4111279249191284,0.0072203585878014565,0.00735307764261961,0.11797932535409927
1695,-1.288899302482605,-1.2957464456558228,0.002551639685407281,0.004295428283512592,0.11794374883174896
1696,-1.3782010078430176,-1.3851374387741089,0.0037712235935032368,0.0031651898752897978,0.11790823191404343
1697,-1.4679086208343506,-1.4820021390914917,0.006984605919569731,0.00710888160392642,0.11787276715040207
1698,-1.50973641872406,-1.5188336372375488,0.0038782854098826647,0.005219041369855404,0.11783738434314728
1699,-1.3393568992614746,-1.4155402183532715,0.0378059558570385,0.03837746009230614,0.11780207604169846
1700,-1.3580985069274902,-1.3770707845687866,0.008204550482332706,0.01076764240860939,0.11776677519083023
1701,-1.3341420888900757,-1.3435354232788086,0.0037152105942368507,0.005678129848092794,0.11773151904344559
1702,-1.4486626386642456,-1.4587661027908325,0.003030416090041399,0.0070730457082390785,0.11769615858793259
1703,-1.3654595613479614,-1.4244390726089478,0.030663542449474335,0.028315985575318336,0.1176607757806778
1704,-1.3443102836608887,-1.3516523838043213,0.0031610000878572464,0.004181144759058952,0.1176254078745842
1705,-1.405888557434082,-1.416398048400879,0.006939086131751537,0.003570434171706438,0.1175900474190712
1706,-1.3462187051773071,-1.3625777959823608,0.007440422661602497,0.008918673731386662,0.117554672062397
1707,-1.3406366109848022,-1.3479762077331543,0.003483058884739876,0.003856529016047716,0.117519311606884
1708,-1.505876898765564,-1.5140650272369385,0.002949657617136836,0.005238421261310577,0.117483951151371
1709,-1.4378807544708252,-1.4470162391662598,0.003821492427960038,0.005313956178724766,0.11744863539934158
1710,-1.3749655485153198,-1.3830996751785278,0.0037898672744631767,0.004344190005213022,0.11741330474615097
1711,-1.3512040376663208,-1.3569612503051758,0.0020776628516614437,0.0036795190535485744,0.11737798154354095
1712,-1.3732894659042358,-1.3938233852386475,0.011568172834813595,0.008965718559920788,0.11734264343976974
1713,-1.4423613548278809,-1.5191243886947632,0.0378301776945591,0.03893282637000084,0.11730728298425674
1714,-1.403886079788208,-1.4082516431808472,0.0017543223220854998,0.0026113023050129414,0.11727199703454971
1715,-1.3867287635803223,-1.395390272140503,0.003621608018875122,0.005039882846176624,0.11723668873310089
1716,-1.293824315071106,-1.3119356632232666,0.008010312914848328,0.010101028718054295,0.11720138788223267
1717,-1.3084022998809814,-1.3192102909088135,0.004888719879090786,0.005919271148741245,0.11716610193252563
1718,-1.4370862245559692,-1.4462405443191528,0.0041187056340277195,0.005035643465816975,0.11713080108165741
1719,-1.4122205972671509,-1.4697694778442383,0.03115946054458618,0.026389455422759056,0.11709553003311157
1720,-1.347303032875061,-1.361114263534546,0.0046799625270068645,0.00913127139210701,0.11706022173166275
1721,-1.452437400817871,-1.4606164693832397,0.003420948749408126,0.004758171737194061,0.11702489852905273
1722,-1.2537307739257812,-1.2602490186691284,0.002733950037509203,0.0037843429017812014,0.11698957532644272
1723,-1.357622742652893,-1.3623018264770508,0.0018997432198375463,0.0027794181369245052,0.11695429682731628
1724,-1.4401509761810303,-1.4467370510101318,0.0029875568579882383,0.0035985473077744246,0.11691903322935104
1725,-1.3482263088226318,-1.3538322448730469,0.00196059443987906,0.0036452782806009054,0.1168837770819664
1726,-1.3087817430496216,-1.313950777053833,0.0024840207770466805,0.002685092156752944,0.11684849858283997
1727,-1.2982474565505981,-1.3056644201278687,0.0036996351554989815,0.0037173042073845863,0.11681326478719711
1728,-1.3333394527435303,-1.3424731492996216,0.005542712286114693,0.0035909239668399096,0.11677809059619904
1729,-1.4137353897094727,-1.425602912902832,0.005046883597970009,0.006820703390985727,0.11674290895462036
1730,-1.3777717351913452,-1.3872959613800049,0.0036414251662790775,0.005882901605218649,0.11670767515897751
1731,-1.3703536987304688,-1.3761581182479858,0.00347548327408731,0.002328933449462056,0.11667247861623764
1732,-1.2041089534759521,-1.212108850479126,0.0044630602933466434,0.003536790609359741,0.11663729697465897
1733,-1.1856944561004639,-1.1975592374801636,0.004971868824213743,0.00689290277659893,0.1166021004319191
1734,-1.441434621810913,-1.4507880210876465,0.004484595265239477,0.004868719726800919,0.11656685173511505
1735,-1.443469524383545,-1.4481868743896484,0.0019218472298234701,0.002795481588691473,0.11653164774179459
1736,-1.4136203527450562,-1.4232581853866577,0.005320836789906025,0.00431708013638854,0.11649645119905472
1737,-1.3281642198562622,-1.338261365890503,0.004016781225800514,0.006080377846956253,0.11646126210689545
1738,-1.48330819606781,-1.4947301149368286,0.005229557398706675,0.006192337721586227,0.11642608791589737
1739,-1.222257375717163,-1.2277178764343262,0.002799695124849677,0.0026607150211930275,0.11639086902141571
1740,-1.235346794128418,-1.2758022546768188,0.019118782132864,0.021336674690246582,0.11635565757751465
1741,-1.2609124183654785,-1.2675104141235352,0.003131740028038621,0.003466238034889102,0.11632043123245239
1742,-1.3291757106781006,-1.3381130695343018,0.004035094752907753,0.004902247805148363,0.11628521978855133
1743,-1.3538907766342163,-1.369602084159851,0.007412545848637819,0.008298730477690697,0.11625001579523087
1744,-1.3297784328460693,-1.3399043083190918,0.006979760713875294,0.0031461305916309357,0.116214819252491
1745,-1.3102656602859497,-1.3218908309936523,0.005980568006634712,0.005644514225423336,0.11617965996265411
1746,-1.4995454549789429,-1.5096362829208374,0.005684454459697008,0.0044063786044716835,0.11614454537630081
1747,-1.4378807544708252,-1.444309115409851,0.0032919030636548996,0.0031364858150482178,0.1161094382405281
1748,-1.370977759361267,-1.377442717552185,0.00348490197211504,0.002980100456625223,0.11607436835765839
1749,-1.3846248388290405,-1.3916916847229004,0.0024847311433404684,0.004582225810736418,0.11603931337594986
1750,-1.2739129066467285,-1.2804474830627441,0.0025599233340471983,0.003974732011556625,0.11600421369075775
1751,-1.414731502532959,-1.4345972537994385,0.009276974946260452,0.010588815435767174,0.11596914380788803
1752,-1.4510115385055542,-1.4639180898666382,0.006298486143350601,0.006608000956475735,0.1159340888261795
1753,-1.4718739986419678,-1.4757013320922852,0.0019293033983558416,0.0018981044413521886,0.11589907854795456
1754,-1.3763926029205322,-1.3863857984542847,0.00432203384116292,0.005671155173331499,0.11586412787437439
1755,-1.4650850296020508,-1.470497488975525,0.002482761861756444,0.002929629758000374,0.11582915484905243
1756,-1.1422767639160156,-1.1551365852355957,0.006083534099161625,0.006776302121579647,0.11579422652721405
1757,-1.3227745294570923,-1.3891005516052246,0.03906572237610817,0.027260301634669304,0.11575928330421448
1758,-1.3905929327011108,-1.4014644622802734,0.00466071767732501,0.00621085474267602,0.11572440713644028
1759,-1.4117203950881958,-1.4736350774765015,0.03682702034711838,0.02508770301938057,0.11568953096866608
1760,-1.4398608207702637,-1.4499211311340332,0.004537159111350775,0.005523218773305416,0.11565464735031128
1761,-1.29330575466156,-1.3580561876296997,0.039349962025880814,0.02540055476129055,0.11561982333660126
1762,-1.3101199865341187,-1.3178948163986206,0.004031024407595396,0.003743800800293684,0.11558504402637482
1763,-1.427276372909546,-1.4786136150360107,0.031316712498664856,0.020020540803670883,0.11555024236440659
1764,-1.4576367139816284,-1.467714786529541,0.004393297713249922,0.005684675648808479,0.11551550775766373
1765,-1.3202024698257446,-1.335057020187378,0.009098760783672333,0.005755743943154812,0.1154807060956955
1766,-1.3545842170715332,-1.411165475845337,0.02933626063168049,0.027245087549090385,0.11544593423604965
1767,-1.4484366178512573,-1.4576284885406494,0.0051072752103209496,0.004084615968167782,0.11541128903627396
1768,-1.1375523805618286,-1.2193242311477661,0.041140589863061905,0.040631335228681564,0.11537665128707886
1769,-1.3770862817764282,-1.3882488012313843,0.005501171573996544,0.00566134974360466,0.11534202098846436
1770,-1.368717074394226,-1.3792608976364136,0.005966849625110626,0.004576968029141426,0.11530737578868866
1771,-1.3446372747421265,-1.3596606254577637,0.006558910012245178,0.008464491926133633,0.11527276784181595
1772,-1.283113956451416,-1.3612350225448608,0.03776489198207855,0.04035620391368866,0.11523814499378204
1773,-0.36645472049713135,-1.342656135559082,0.4786509573459625,0.49755048751831055,0.11520353704690933
1774,-0.7435170412063599,-1.5643974542617798,0.43088066577911377,0.38999977707862854,0.11516884714365005
1775,-1.3496214151382446,-1.3666386604309082,0.008874950930476189,0.008142344653606415,0.11513423174619675
1776,-1.3461577892303467,-1.432494044303894,0.04474284127354622,0.04159340262413025,0.11509959399700165
1777,-1.5246573686599731,-1.5571274757385254,0.013808920048177242,0.018661102280020714,0.11506499350070953
1778,-1.361131191253662,-1.3848377466201782,0.010381425730884075,0.013325153850018978,0.11503034830093384
1779,-1.3783750534057617,-1.3885266780853271,0.003928189631551504,0.006223392207175493,0.11499574780464172
1780,-1.4749504327774048,-1.5890973806381226,0.05901367589831352,0.05513319373130798,0.11496111750602722
1781,-1.3395395278930664,-1.3549790382385254,0.007284822873771191,0.008154615759849548,0.1149265393614769
1782,-1.09916353225708,-1.1220135688781738,0.009251282550394535,0.013598832301795483,0.1148919090628624
1783,-0.9899011850357056,-1.066408395767212,0.03850606456398964,0.0380011610686779,0.11485728621482849
1784,-1.203566551208496,-1.2231870889663696,0.008635830134153366,0.010984661057591438,0.11482265591621399
1785,-1.4251067638397217,-1.4743400812149048,0.026361119002103806,0.022872235625982285,0.11478808522224426
1786,-1.3469624519348145,-1.3607144355773926,0.0064720939844846725,0.007279859855771065,0.11475352197885513
1787,-1.469233751296997,-1.4784115552902222,0.0037392196245491505,0.005438582506030798,0.1147189736366272
1788,-1.4406087398529053,-1.5107136964797974,0.03416747227311134,0.035937387496232986,0.11468440294265747
1789,-1.3179435729980469,-1.3234822750091553,0.002429640619084239,0.0031090977136045694,0.11464982479810715
1790,-1.340778112411499,-1.3623782396316528,0.009510786272585392,0.012089414522051811,0.11461519449949265
1791,-1.391592025756836,-1.4491517543792725,0.03030153177678585,0.02725811116397381,0.11458057910203934
1792,-1.5201947689056396,-1.5333694219589233,0.004874108359217644,0.008300570771098137,0.11454597115516663
1793,-1.4937312602996826,-1.5061098337173462,0.005430694669485092,0.006947843357920647,0.11451137810945511
1794,-1.3176695108413696,-1.3281992673873901,0.005657144822180271,0.0048725055530667305,0.11447679251432419
1795,-1.195291519165039,-1.2539656162261963,0.03368353098630905,0.024990588426589966,0.11444224417209625
1796,-1.0034115314483643,-1.196433663368225,0.10614488273859024,0.08687719702720642,0.11440770328044891
1797,-1.391892433166504,-1.4099253416061401,0.008454224094748497,0.009578683413565159,0.11437314748764038
1798,-1.3408366441726685,-1.3645726442337036,0.009911340661346912,0.013824734836816788,0.11433849483728409
1799,-1.2169753313064575,-1.3152985572814941,0.049865562468767166,0.04845757409930229,0.11430390924215317
1800,-1.3453395366668701,-1.3842229843139648,0.02224011719226837,0.016643239185214043,0.11426935344934464
1801,-1.3333344459533691,-1.4294627904891968,0.0497765950858593,0.046351805329322815,0.1142348200082779
1802,-1.4416147470474243,-1.4563658237457275,0.00811215303838253,0.006638845428824425,0.11420033872127533
1803,-1.4070615768432617,-1.4160898923873901,0.005023038014769554,0.004005325026810169,0.11416590213775635
1804,-1.1964489221572876,-1.2457985877990723,0.030296556651592255,0.019053135067224503,0.11413150280714035
1805,-1.5063393115997314,-1.532849669456482,0.013573932461440563,0.012936525978147984,0.11409711092710495
1806,-1.4966920614242554,-1.5129423141479492,0.008688695728778839,0.007561583537608385,0.11406276375055313
1807,-1.4199045896530151,-1.431038498878479,0.00590862799435854,0.005225288216024637,0.11402841657400131
1808,-1.2949837446212769,-1.43095064163208,0.06500229239463806,0.07096454501152039,0.11399403214454651
1809,-1.4947795867919922,-1.5220649242401123,0.016008630394935608,0.011276746168732643,0.1139596626162529
1810,-1.3193529844284058,-1.4448355436325073,0.06095103174448013,0.06453153491020203,0.11392529308795929
1811,-1.506003975868225,-1.5159016847610474,0.005895635113120079,0.004002078901976347,0.11389093846082687
1812,-1.4625258445739746,-1.469481348991394,0.0026764192152768373,0.004279163666069508,0.11385659873485565
1813,-1.4371042251586914,-1.4607131481170654,0.014107555150985718,0.009501345455646515,0.11382220685482025
1814,-1.223476767539978,-1.2497587203979492,0.014020680449903011,0.012261275202035904,0.11378782987594604
1815,-1.2867792844772339,-1.4599583148956299,0.0844855085015297,0.08869344741106033,0.11375343799591064
1816,-1.3181464672088623,-1.3864773511886597,0.033637091517448425,0.03469381481409073,0.11371913552284241
1817,-1.3369362354278564,-1.3430205583572388,0.002257390646263957,0.003826938569545746,0.11368484050035477
1818,-1.468274474143982,-1.4732565879821777,0.0024137331638485193,0.0025683664716780186,0.11365041881799698
1819,-1.5106374025344849,-1.5220611095428467,0.004484990611672401,0.006938669830560684,0.11361601203680038
1820,-1.441251277923584,-1.4599519968032837,0.008700004778802395,0.010000656358897686,0.11358164250850677
1821,-1.218263030052185,-1.2549961805343628,0.02142932265996933,0.01530386507511139,0.11354728788137436
1822,-1.2705498933792114,-1.4100146293640137,0.070298932492733,0.06916579604148865,0.11351296305656433
1823,-1.2286317348480225,-1.2751166820526123,0.028918279334902763,0.017566649243235588,0.11347873508930206
1824,-1.305726170539856,-1.3250726461410522,0.0126110864803195,0.006735440343618393,0.113444484770298
1825,-1.3535653352737427,-1.3653895854949951,0.0065361130982637405,0.005288170650601387,0.11341024935245514
1826,-1.3828665018081665,-1.4125155210494995,0.015749793499708176,0.013899261131882668,0.11337602138519287
1827,-1.450426697731018,-1.469494342803955,0.009753595106303692,0.009314045310020447,0.11334175616502762
1828,-1.306554913520813,-1.4278428554534912,0.057249218225479126,0.0640387311577797,0.11330749094486237
1829,-1.4585188627243042,-1.4749844074249268,0.008504245430231094,0.00796129647642374,0.11327321827411652
1830,-1.4380433559417725,-1.4513112306594849,0.005256247706711292,0.008011562749743462,0.11323897540569305
1831,-1.1472841501235962,-1.224785566329956,0.03952449560165405,0.03797691687941551,0.11320477724075317
1832,-1.3439241647720337,-1.4754136800765991,0.06373396515846252,0.06775558739900589,0.11317066848278046
1833,-1.4687213897705078,-1.4911588430404663,0.013974333181977272,0.00846315361559391,0.11313656717538834
1834,-1.3769593238830566,-1.3953012228012085,0.007974850945174694,0.010367066599428654,0.11310247331857681
1835,-1.5752602815628052,-1.6001720428466797,0.013193551450967789,0.011718099005520344,0.11306842416524887
1836,-1.4445605278015137,-1.4624485969543457,0.009950761683285236,0.007937265560030937,0.11303430050611496
1837,-1.5139631032943726,-1.5363318920135498,0.011680577881634235,0.010688145644962788,0.11300024390220642
1838,-1.3153181076049805,-1.3421216011047363,0.013112256303429604,0.013691222295165062,0.11296619474887848
1839,-1.2786586284637451,-1.2866780757904053,0.003935413435101509,0.0040839966386556625,0.11293218284845352
1840,-1.420782208442688,-1.4418431520462036,0.012994358316063881,0.008066536858677864,0.11289817839860916
1841,-1.115543246269226,-1.146837592124939,0.016562292352318764,0.01473198365420103,0.11286421865224838
1842,-1.5022236108779907,-1.5101948976516724,0.0027472267393022776,0.005224147811532021,0.11283023655414581
1843,-1.410825252532959,-1.4220261573791504,0.006906671449542046,0.004294233862310648,0.11279623955488205
1844,-1.451550006866455,-1.4654748439788818,0.00667667668312788,0.007248138077557087,0.11276227980852127
1845,-1.3774327039718628,-1.3857200145721436,0.0037812041118741035,0.00450605433434248,0.11272835731506348
1846,-1.2454761266708374,-1.3030978441238403,0.029817137867212296,0.02780461683869362,0.11269446462392807
1847,-1.287232756614685,-1.3979018926620483,0.052889347076416016,0.057779792696237564,0.11266061663627625
1848,-1.546301245689392,-1.5566383600234985,0.0041817473247647285,0.0061553409323096275,0.11262678354978561
1849,-1.5126389265060425,-1.523697853088379,0.005759586114436388,0.005299373529851437,0.1125929206609726
1850,-1.4921038150787354,-1.4995622634887695,0.0033396973740309477,0.004118815995752811,0.11255905032157898
1851,-1.2196381092071533,-1.3297914266586304,0.052002303302288055,0.058150965720415115,0.11252524703741074
1852,-1.5281705856323242,-1.539781093597412,0.006386361084878445,0.005224079824984074,0.11249147355556488
1853,-1.4084126949310303,-1.4166736602783203,0.004012568853795528,0.004248432815074921,0.11245768517255783
1854,-1.4583545923233032,-1.5367058515548706,0.040671203285455704,0.037679996341466904,0.11242393404245377
1855,-1.2084994316101074,-1.412939190864563,0.09823065996170044,0.10620908439159393,0.1123901903629303
1856,-1.507925033569336,-1.5150370597839355,0.003588769817724824,0.003523195395246148,0.11235643178224564
1857,-1.1366201639175415,-1.234136939048767,0.045368026942014694,0.052148688584566116,0.11232271045446396
1858,-1.242653250694275,-1.2626615762710571,0.010163993574678898,0.009844324551522732,0.11228892207145691
1859,-1.423727035522461,-1.4378633499145508,0.006304414477199316,0.007831929251551628,0.11225508898496628
1860,-1.3982398509979248,-1.482534408569336,0.04011083021759987,0.04418378323316574,0.11222126334905624
1861,-1.1103978157043457,-1.232025146484375,0.05555294081568718,0.06607434898614883,0.11218742281198502
1862,-1.332905888557434,-1.3547210693359375,0.011347544379532337,0.010467630811035633,0.11215358972549438
1863,-1.5190653800964355,-1.529876708984375,0.004875188693404198,0.005936114117503166,0.11211977154016495
1864,-1.4815006256103516,-1.5667520761489868,0.037911925464868546,0.04733961820602417,0.11208596080541611
1865,-1.4703614711761475,-1.4818193912506104,0.005248694214969873,0.006209208630025387,0.11205213516950607
1866,-1.4914729595184326,-1.5010955333709717,0.004803447052836418,0.0048191300593316555,0.11201831698417664
1867,-1.4472671747207642,-1.4808834791183472,0.01706615649163723,0.016550125554203987,0.11198453605175018
1868,-1.5959467887878418,-1.6040018796920776,0.0031225255224853754,0.004932485520839691,0.11195068806409836
1869,-1.2289470434188843,-1.2840945720672607,0.02985115349292755,0.02529638260602951,0.11191684752702713
1870,-1.485821008682251,-1.5029247999191284,0.010173655115067959,0.00693014170974493,0.11188304424285889
1871,-1.3294535875320435,-1.400359869003296,0.033253706991672516,0.037652626633644104,0.11184925585985184
1872,-1.3168390989303589,-1.3305258750915527,0.006684164050966501,0.00700256647542119,0.111815445125103
1873,-1.2297824621200562,-1.4000550508499146,0.0815240666270256,0.08874858915805817,0.11178164929151535
1874,-1.454756498336792,-1.464519739151001,0.0043950630351901054,0.005368214566260576,0.11174788326025009
1875,-1.5861575603485107,-1.605617880821228,0.01152694784104824,0.007933327928185463,0.11171421408653259
1876,-1.3847020864486694,-1.4071046113967896,0.01031887624412775,0.012083697132766247,0.11168055236339569
1877,-1.2760040760040283,-1.2933430671691895,0.007731015793979168,0.009608015418052673,0.11164692789316177
1878,-1.3807666301727295,-1.4326322078704834,0.0276858638972044,0.02417965978384018,0.11161325871944427
1879,-1.5035154819488525,-1.515004277229309,0.006454325281083584,0.005034413188695908,0.11157960444688797
1880,-1.3142919540405273,-1.366537094116211,0.025340678170323372,0.02690451592206955,0.11154595762491226
1881,-1.4628751277923584,-1.4780421257019043,0.009277702309191227,0.005889297462999821,0.11151229590177536
1882,-1.4954551458358765,-1.5050374269485474,0.0041595823131501675,0.005422746762633324,0.11147861182689667
1883,-1.5032142400741577,-1.5075974464416504,0.0017220728332176805,0.0026611259672790766,0.11144497245550156
1884,-1.389561653137207,-1.397979974746704,0.003576028859242797,0.004842317663133144,0.11141136288642883
1885,-1.3185985088348389,-1.394800066947937,0.03767755627632141,0.03852406516671181,0.1113777682185173
1886,-1.3842275142669678,-1.4293869733810425,0.025866419076919556,0.01929309591650963,0.11134415119886398
1887,-1.2657983303070068,-1.480783224105835,0.10705013573169708,0.10793469101190567,0.11131057888269424
1888,-1.3282169103622437,-1.3390556573867798,0.004700791090726852,0.006137991324067116,0.1112770140171051
1889,-1.2859442234039307,-1.3563652038574219,0.03606346622109413,0.03435755521059036,0.11124350875616074
1890,-1.0889689922332764,-1.1933543682098389,0.0464111790060997,0.05797422304749489,0.11120998859405518
1891,-1.1812483072280884,-1.389854907989502,0.10385315865278244,0.1047535091638565,0.11117653548717499
1892,-1.4174357652664185,-1.523949146270752,0.05566730722784996,0.050846122205257416,0.1111430898308754
1893,-1.187363862991333,-1.2704672813415527,0.03852476179599762,0.04457862302660942,0.1111096739768982
1894,-1.2054190635681152,-1.358081579208374,0.06622203439474106,0.08644046634435654,0.11107628047466278
1895,-1.370017647743225,-1.3918486833572388,0.013045507483184338,0.008785516954958439,0.11104296892881393
1896,-1.189513921737671,-1.3433430194854736,0.08018933981657028,0.07363980263471603,0.11100947856903076
1897,-1.348502516746521,-1.44969642162323,0.04380028322339058,0.05739368498325348,0.11097600311040878
1898,-1.2771663665771484,-1.3012380599975586,0.013318821787834167,0.010752961970865726,0.11094256490468979
1899,-1.3049709796905518,-1.405571699142456,0.05046384781599045,0.05013693496584892,0.1109091117978096
1900,-1.1805046796798706,-1.207757830619812,0.014908934012055397,0.012344211339950562,0.1108756959438324
1901,-1.1924374103546143,-1.3062974214553833,0.04958907887339592,0.06427101045846939,0.11084228754043579
1902,-1.221545696258545,-1.3636821508407593,0.0646253451704979,0.07751110196113586,0.11080893874168396
1903,-1.4163997173309326,-1.4321882724761963,0.008303348906338215,0.007485141512006521,0.11077557504177094
1904,-1.6321173906326294,-1.6494673490524292,0.006581906694918871,0.010768030770123005,0.1107422485947609
1905,-1.1723902225494385,-1.3804086446762085,0.09813190996646881,0.10988658666610718,0.11070890724658966
1906,-1.1857819557189941,-1.3250561952590942,0.06252867728471756,0.07674545794725418,0.11067549884319305
1907,-1.3606500625610352,-1.3756552934646606,0.008931860327720642,0.006073339842259884,0.11064206808805466
1908,-1.440317153930664,-1.6063464879989624,0.07961492985486984,0.0864144116640091,0.11060862988233566
1909,-1.4879878759384155,-1.509116530418396,0.009484706446528435,0.011643976904451847,0.11057506501674652
1910,-1.4064953327178955,-1.4933587312698364,0.038920704275369644,0.04794258624315262,0.11054150760173798
1911,-1.4405975341796875,-1.454837679862976,0.007903320714831352,0.006336771883070469,0.11050798743963242
1912,-1.4696826934814453,-1.4807683229446411,0.005781358573585749,0.005304183345288038,0.11047450453042984
1913,-1.4770703315734863,-1.5508768558502197,0.034160684794187546,0.03964577987790108,0.11044105887413025
1914,-1.3075954914093018,-1.3294702768325806,0.009480251930654049,0.012394548393785954,0.11040765047073364
1915,-1.4181034564971924,-1.4863483905792236,0.029585624113678932,0.038659341633319855,0.11037422716617584
1916,-1.3678781986236572,-1.3849958181381226,0.0071788509376347065,0.009938733652234077,0.11034086346626282
1917,-1.4317307472229004,-1.480799674987793,0.02313285693526268,0.025936100631952286,0.1103074848651886
1918,-1.1720631122589111,-1.2419239282608032,0.039720382541418076,0.030140409246087074,0.11027411371469498
1919,-1.355241060256958,-1.4235025644302368,0.03299686312675476,0.03526456654071808,0.11024075746536255
1920,-1.4663126468658447,-1.5081417560577393,0.021732155233621597,0.020096875727176666,0.11020740866661072
1921,-1.3367986679077148,-1.3870954513549805,0.021297933533787727,0.02899887226521969,0.11017406731843948
1922,-1.4135730266571045,-1.4695974588394165,0.025204937905073166,0.03081953339278698,0.11014074087142944
1923,-1.3443504571914673,-1.37424635887146,0.016336822882294655,0.013559087179601192,0.11010745167732239
1924,-1.5845551490783691,-1.613300085067749,0.015447735786437988,0.013297192752361298,0.11007419228553772
1925,-1.3346012830734253,-1.3534739017486572,0.009178441017866135,0.009694186970591545,0.11004099994897842
1926,-1.2829509973526,-1.3073736429214478,0.014355502091348171,0.010067158378660679,0.11000784486532211
1927,-1.2948577404022217,-1.432679295539856,0.06344736367464066,0.0743742287158966,0.10997477173805237
1928,-1.412808895111084,-1.4656645059585571,0.025759002193808556,0.02709660679101944,0.10994166135787964
1929,-1.2602401971817017,-1.3461239337921143,0.03430422022938728,0.05157952383160591,0.10990861058235168
1930,-1.194810152053833,-1.2307329177856445,0.020611997693777084,0.015310746617615223,0.10987560451030731
1931,-1.3247820138931274,-1.3895200490951538,0.03162553906440735,0.03311251103878021,0.10984257608652115
1932,-1.276969313621521,-1.327332854270935,0.024327384307980537,0.026036186143755913,0.1098095253109932
1933,-1.250187635421753,-1.323809266090393,0.03049962781369686,0.04312202334403992,0.10977644473314285
1934,-1.4327824115753174,-1.5293755531311035,0.03935161232948303,0.057241588830947876,0.10974333435297012
1935,-1.1298093795776367,-1.2300434112548828,0.0472024567425251,0.05303162336349487,0.10971032083034515
1936,-1.347956895828247,-1.414177656173706,0.030849844217300415,0.035370901226997375,0.10967736691236496
1937,-1.3277093172073364,-1.3557281494140625,0.014024979434907436,0.013993879780173302,0.10964445024728775
1938,-1.2692914009094238,-1.3442262411117554,0.03131410479545593,0.0436207540333271,0.10961160063743591
1939,-1.3629624843597412,-1.3769160509109497,0.008097612299025059,0.005855935160070658,0.1095786765217781
1940,-1.3628501892089844,-1.3885198831558228,0.01409265585243702,0.011576974764466286,0.1095457598567009
1941,-1.3324289321899414,-1.38435697555542,0.023523706942796707,0.028404295444488525,0.1095128282904625
1942,-1.3790662288665771,-1.3990354537963867,0.012183300219476223,0.007785885129123926,0.10947996377944946
1943,-1.4551975727081299,-1.4866416454315186,0.012381067499518394,0.01906299591064453,0.10944710671901703
1944,-1.6075409650802612,-1.6274328231811523,0.008784614503383636,0.01110719796270132,0.1094142347574234
1945,-1.5075950622558594,-1.5393329858779907,0.016494017094373703,0.015243833884596825,0.10938134044408798
1946,-1.5647848844528198,-1.583064317703247,0.007565515581518412,0.010713937692344189,0.1093483567237854
1947,-1.5430927276611328,-1.5757026672363281,0.018700867891311646,0.013909095898270607,0.10931533575057983
1948,-1.4585657119750977,-1.4823081493377686,0.010050066746771336,0.01369232777506113,0.10928231477737427
1949,-1.3394123315811157,-1.3604037761688232,0.010445096530020237,0.010546301491558552,0.10924936085939407
1950,-1.2882986068725586,-1.3214527368545532,0.015920374542474747,0.01723378896713257,0.10921641439199448
1951,-1.381909728050232,-1.4305977821350098,0.022290125489234924,0.026397893205285072,0.10918350517749786
1952,-1.3422502279281616,-1.3593924045562744,0.008597512729465961,0.008544711396098137,0.10915066301822662
1953,-1.4777144193649292,-1.5064412355422974,0.012182381935417652,0.016544466838240623,0.10911782085895538
1954,-1.461472749710083,-1.4838627576828003,0.01011451706290245,0.01227543968707323,0.10908497124910355
1955,-1.5354483127593994,-1.5453828573226929,0.006175588816404343,0.0037588588893413544,0.1090521514415741
1956,-1.3215748071670532,-1.3502310514450073,0.010759403929114342,0.017896944656968117,0.10901942849159241
1957,-1.4529885053634644,-1.4672470092773438,0.007858579978346825,0.0063999006524682045,0.10898670554161072
1958,-1.4234404563903809,-1.4683669805526733,0.01783873327076435,0.027087848633527756,0.10895401984453201
1959,-1.460658073425293,-1.491607427597046,0.014637429267168045,0.016311848536133766,0.10892140120267868
1960,-1.3906104564666748,-1.399573802947998,0.004738093353807926,0.0042252494022250175,0.10888884216547012
1961,-1.3942545652389526,-1.4038729667663574,0.005714631173759699,0.0039037386886775494,0.10885626077651978
1962,-1.317596435546875,-1.3390398025512695,0.010802630335092545,0.010640772059559822,0.10882369428873062
1963,-1.4418061971664429,-1.4573004245758057,0.006785638630390167,0.008708547800779343,0.10879114270210266
1964,-1.4445381164550781,-1.4691603183746338,0.010628290474414825,0.013993877917528152,0.10875853896141052
1965,-1.5792970657348633,-1.59389328956604,0.008962323889136314,0.00563399400562048,0.10872595012187958
1966,-0.15484750270843506,-1.4595353603363037,0.6564511656761169,0.6482366919517517,0.10869334638118744
1967,-1.3478163480758667,-1.3879483938217163,0.01789381168782711,0.022238297387957573,0.10866080224514008
1968,-1.4749224185943604,-1.5536168813705444,0.03818024694919586,0.040514279156923294,0.10862822085618973
1969,-1.6137689352035522,-1.6343181133270264,0.009448207914829254,0.011101030744612217,0.10859561711549759
1970,-1.2842552661895752,-1.4292021989822388,0.0707465410232544,0.07420036941766739,0.10856299847364426
1971,-1.4169296026229858,-1.519452691078186,0.051572203636169434,0.050950877368450165,0.10853041708469391
1972,-0.2757418751716614,-1.489436388015747,0.6039738059043884,0.6097207069396973,0.10849789530038834
1973,-1.240771770477295,-1.3234689235687256,0.035683371126651764,0.0470137782394886,0.10846532881259918
1974,-1.3900811672210693,-1.4163997173309326,0.01332363486289978,0.012994905933737755,0.10843277722597122
1975,-1.3022204637527466,-1.3398246765136719,0.01951606199145317,0.018088120967149734,0.10840023308992386
1976,-1.297841191291809,-1.3373641967773438,0.018749644979834557,0.020773423835635185,0.10836772620677948
1977,-1.3302630186080933,-1.4044837951660156,0.03183857724070549,0.04238227382302284,0.10833527892827988
1978,-1.5192002058029175,-1.5287542343139648,0.004424995742738247,0.005128973163664341,0.10830281674861908
1979,-1.376178503036499,-1.4891186952590942,0.050243545323610306,0.06269674748182297,0.10827036947011948
1980,-1.434037446975708,-1.452588438987732,0.008550936356186867,0.010000145062804222,0.10823789983987808
1981,-1.3000359535217285,-1.3352420330047607,0.014944201335310936,0.02026187814772129,0.10820548981428146
1982,-1.4585920572280884,-1.479886770248413,0.011338495649397373,0.00995628535747528,0.10817306488752365
1983,-1.5690770149230957,-1.5775355100631714,0.004412383772432804,0.004046083427965641,0.10814065486192703
1984,-1.0114167928695679,-1.0673680305480957,0.0275932177901268,0.028358036652207375,0.10810822248458862
1985,-1.5048441886901855,-1.5354548692703247,0.014456233941018581,0.01615440659224987,0.10807585716247559
1986,-1.4681943655014038,-1.4864022731781006,0.006425890140235424,0.011782020330429077,0.10804344713687897
1987,-1.3895975351333618,-1.4558602571487427,0.025417497381567955,0.040845248848199844,0.10801099240779877
1988,-1.4689406156539917,-1.4980140924453735,0.014231267385184765,0.014842093922197819,0.10797855257987976
1989,-1.2959669828414917,-1.3368834257125854,0.01732400804758072,0.02359243482351303,0.10794612020254135
1990,-1.412492275238037,-1.478634238243103,0.03544933721423149,0.030692607164382935,0.10791371762752533
1991,-1.3630303144454956,-1.392313003540039,0.015146536752581596,0.014136225916445255,0.10788130760192871
1992,-1.3955498933792114,-1.412500262260437,0.007688890676945448,0.009261480532586575,0.10784890502691269
1993,-1.4836522340774536,-1.5229039192199707,0.017851492390036583,0.021400190889835358,0.10781656205654144
1994,-1.2763879299163818,-1.3126574754714966,0.016235217452049255,0.02003426104784012,0.10778417438268661
1995,-1.3259713649749756,-1.3693678379058838,0.017716191709041595,0.02568032778799534,0.10775180160999298
1996,-1.4849483966827393,-1.513689398765564,0.014422852545976639,0.014318088069558144,0.10771943628787994
1997,-1.365059733390808,-1.420560598373413,0.02510387822985649,0.03039688616991043,0.10768703371286392
1998,-1.3473303318023682,-1.3826777935028076,0.016238892450928688,0.019108541309833527,0.10765460878610611
1999,-1.3175944089889526,-1.3387523889541626,0.008861679583787918,0.012296265922486782,0.1076221689581871
2000,-1.3569740056991577,-1.3722968101501465,0.007629132363945246,0.007693617604672909,0.10758979618549347
2001,-1.4125295877456665,-1.4329071044921875,0.010294877924025059,0.010082606226205826,0.10755745321512222
2002,-1.4338152408599854,-1.6446079015731812,0.10411227494478226,0.10668044537305832,0.10752507299184799
2003,-1.4310499429702759,-1.4443461894989014,0.005419465247541666,0.00787678174674511,0.10749277472496033
2004,-1.5755600929260254,-1.590044617652893,0.00520043121650815,0.009284112602472305,0.10746051371097565
2005,-1.2780468463897705,-1.3072181940078735,0.012145381420850754,0.017025958746671677,0.10742820799350739
2006,-1.3849824666976929,-1.4066962003707886,0.008775437250733376,0.012938247993588448,0.1073959693312645
2007,-1.4588645696640015,-1.4764145612716675,0.00676598260179162,0.010784023441374302,0.107363760471344
2008,-1.336301326751709,-1.365321159362793,0.011856934987008572,0.017162948846817017,0.10733158886432648
2009,-1.5140695571899414,-1.5327740907669067,0.00768076628446579,0.01102374866604805,0.10729938000440598
2010,-1.4770984649658203,-1.4952335357666016,0.0056901187635958195,0.012444915249943733,0.10726712644100189
2011,-1.4135172367095947,-1.4893388748168945,0.032620180398225784,0.04320148006081581,0.1072349026799202
2012,-1.3496899604797363,-1.4225411415100098,0.03777095302939415,0.03508021682500839,0.10720274597406387
2013,-1.1813222169876099,-1.2379239797592163,0.024256356060504913,0.03234541043639183,0.10717057436704636
2014,-1.3048592805862427,-1.4110639095306396,0.04765858128666878,0.0585460439324379,0.10713843256235123
2015,-1.3768121004104614,-1.3868294954299927,0.005101904273033142,0.0049155098386108875,0.10710640251636505
2016,-1.4635305404663086,-1.4858012199401855,0.0105543602257967,0.011716356500983238,0.10707433521747589
2017,-1.4284507036209106,-1.468915581703186,0.019679121673107147,0.020785819739103317,0.10704230517148972
2018,-1.363276720046997,-1.4051284790039062,0.017086433246731758,0.02476542629301548,0.10701032727956772
2019,-1.163179636001587,-1.1905452013015747,0.010355322621762753,0.017010260373353958,0.10697831958532333
2020,-1.4962371587753296,-1.5223681926727295,0.013434067368507385,0.01269693672657013,0.10694638639688492
2021,-0.5425927042961121,-1.652115821838379,0.5336460471153259,0.5758770108222961,0.10691449791193008
2022,-1.5817395448684692,-1.593834638595581,0.005845516920089722,0.006249525118619204,0.10688260942697525
2023,-1.5196418762207031,-1.5476348400115967,0.012265306897461414,0.01572764851152897,0.10685073584318161
2024,-1.4142683744430542,-1.4509491920471191,0.015535765327513218,0.021145083010196686,0.10681886970996857
2025,-1.3568470478057861,-1.4049487113952637,0.024031423032283783,0.02407023310661316,0.10678701847791672
2026,-1.5608388185501099,-1.5839710235595703,0.0108665581792593,0.012265685945749283,0.10675512254238129
2027,-1.3779163360595703,-1.4650259017944336,0.035021327435970306,0.05208829417824745,0.10672318190336227
2028,-1.2259567975997925,-1.294381856918335,0.02963206358253956,0.038792986422777176,0.10669120401144028
2029,-1.2039663791656494,-1.3648431301116943,0.08066640049219131,0.08021034300327301,0.10665921121835709
2030,-1.232263207435608,-1.273318886756897,0.01881602592766285,0.022239627316594124,0.1066272184252739
2031,-1.343252420425415,-1.3688327074050903,0.01202134508639574,0.013559030368924141,0.10659521818161011
2032,-1.423534631729126,-1.4689955711364746,0.021987084299325943,0.023473843932151794,0.10656320303678513
2033,-1.512948751449585,-1.529964566230774,0.009672320447862148,0.007343539036810398,0.10653117299079895
2034,-1.4171339273452759,-1.432981252670288,0.005053041502833366,0.010794281959533691,0.10649917274713516
2035,-1.4204801321029663,-1.4353142976760864,0.004824787378311157,0.01000936422497034,0.10646718740463257
2036,-1.5202124118804932,-1.5758066177368164,0.028459077700972557,0.027135170996189117,0.10643525421619415
2037,-1.4586340188980103,-1.5068941116333008,0.018598463386297226,0.029661713168025017,0.10640333592891693
2038,-1.4842538833618164,-1.5041178464889526,0.010542051866650581,0.009321966208517551,0.10637147724628448
2039,-1.5104540586471558,-1.582259178161621,0.03409860283136368,0.037706468254327774,0.10633958131074905
2040,-1.5845495462417603,-1.6010587215423584,0.008147365413606167,0.00836186669766903,0.10630764067173004
2041,-1.3021198511123657,-1.5026438236236572,0.10274665057659149,0.09777741134166718,0.10627570748329163
2042,-1.434741735458374,-1.467101812362671,0.012647438794374466,0.01971270516514778,0.10624384135007858
2043,-1.4525624513626099,-1.4763123989105225,0.010576596483588219,0.013173311948776245,0.10621200501918793
2044,-1.4207768440246582,-1.432844638824463,0.005464497022330761,0.006603233981877565,0.1061801016330719
2045,-1.385475754737854,-1.4114177227020264,0.010532308369874954,0.01540972851216793,0.10614818334579468
2046,-1.2806568145751953,-1.3180222511291504,0.018358614295721054,0.01900682970881462,0.10611622780561447
2047,-1.403611421585083,-1.545239806175232,0.06604263186454773,0.07558567821979523,0.1060841977596283
2048,-1.4520845413208008,-1.49203622341156,0.01914030686020851,0.020811261609196663,0.1060522124171257
2049,-1.2436740398406982,-1.2645258903503418,0.009381238371133804,0.011470508761703968,0.10602027922868729
2050,-1.419201135635376,-1.4321541786193848,0.006331335287541151,0.006621695123612881,0.10598838329315186
2051,-1.4794859886169434,-1.5106830596923828,0.011527307331562042,0.019669827073812485,0.10595650225877762
2052,-1.377662181854248,-1.3890362977981567,0.006040491629391909,0.005333627574145794,0.10592467337846756
2053,-1.519737720489502,-1.5347768068313599,0.00592708820477128,0.009112057276070118,0.10589280724525452
2054,-1.49486243724823,-1.5692222118377686,0.03808724135160446,0.03627254441380501,0.10586094856262207
2055,-1.6853094100952148,-1.7021980285644531,0.007373157422989607,0.009515445679426193,0.10582912713289261
2056,-1.4739887714385986,-1.491253137588501,0.007842746563255787,0.009421643801033497,0.10579731315374374
2057,-1.3157068490982056,-1.3715580701828003,0.023416094481945038,0.03243516758084297,0.1057654619216919
2058,-1.277189016342163,-1.3658825159072876,0.04366270825266838,0.04503083974123001,0.10573364794254303
2059,-1.31617271900177,-1.3354313373565674,0.008225495927035809,0.011033215560019016,0.10570186376571655
2060,-1.423230767250061,-1.441894769668579,0.007296305615454912,0.011367622762918472,0.10567008703947067
2061,-1.2165796756744385,-1.2451062202453613,0.013976682908833027,0.01454987283796072,0.10563832521438599
2062,-0.010456621646881104,-1.443384051322937,0.7118197083473206,0.7211077213287354,0.10560661554336548
2063,-1.1922496557235718,-1.212217926979065,0.007624838035553694,0.01234335545450449,0.10557495057582855
2064,-1.3907986879348755,-1.4055352210998535,0.006964871194213629,0.007771591655910015,0.10554326325654984
2065,-1.3818050622940063,-1.4071769714355469,0.01106204278767109,0.014309881255030632,0.1055116131901741
2066,-1.6356765031814575,-1.6542515754699707,0.007331724278628826,0.0112433647736907,0.10547991842031479
2067,-1.541138768196106,-1.5729384422302246,0.014278052374720573,0.017521675676107407,0.10544823855161667
2068,-1.5172542333602905,-1.5336140394210815,0.00762493209913373,0.00873483531177044,0.10541646182537079
2069,-1.43929123878479,-1.4711250066757202,0.01731528341770172,0.014518527314066887,0.1053847000002861
2070,-1.3129067420959473,-1.371705412864685,0.03126167878508568,0.027537040412425995,0.10535299777984619
2071,-1.520546317100525,-1.5358762741088867,0.008085425943136215,0.00724463677033782,0.10532128065824509
2072,-1.126763939857483,-1.1598749160766602,0.017459426075220108,0.015651550143957138,0.10528957098722458
2073,-1.3258826732635498,-1.3565762042999268,0.01532447338104248,0.015368998050689697,0.10525794327259064
2074,-1.2858617305755615,-1.3127853870391846,0.00972081907093525,0.01720288023352623,0.1052263006567955
2075,-1.333803415298462,-1.3471689224243164,0.005944857839494944,0.007420673500746489,0.10519474744796753
2076,-1.568272590637207,-1.5806770324707031,0.005900940857827663,0.00650345254689455,0.10516312718391418
2077,-1.5029741525650024,-1.5148485898971558,0.004355689976364374,0.007518788333982229,0.10513153672218323
2078,-1.6300413608551025,-1.6369950771331787,0.00239155744202435,0.0045621031895279884,0.10509990900754929
2079,-1.5267419815063477,-1.5413897037506104,0.00666932575404644,0.007978444918990135,0.10506824404001236
2080,-1.488606333732605,-1.509003758430481,0.00816669687628746,0.012230719439685345,0.10503660887479782
2081,-1.37157142162323,-1.4290410280227661,0.024998510256409645,0.032471030950546265,0.10500498116016388
2082,-1.4371871948242188,-1.4626500606536865,0.008742811158299446,0.016720103099942207,0.10497339069843292
2083,-1.562769889831543,-1.5918011665344238,0.015681099146604538,0.013350150547921658,0.10494179278612137
2084,-1.3793115615844727,-1.4559329748153687,0.035570815205574036,0.04105059802532196,0.10491014271974564
2085,-1.5695346593856812,-1.5850697755813599,0.006573926657438278,0.008961168117821217,0.1048784852027893
2086,-1.2949776649475098,-1.3268814086914062,0.012354213744401932,0.01954946480691433,0.10484690964221954
2087,-1.2745614051818848,-1.313536286354065,0.015461024828255177,0.023513857275247574,0.10481531172990799
2088,-1.4293346405029297,-1.4618158340454102,0.016600925475358963,0.015880275517702103,0.10478368401527405
2089,-1.2896132469177246,-1.3064980506896973,0.007846424356102943,0.009038370102643967,0.1047520861029625
2090,-1.520249605178833,-1.5472617149353027,0.015310239046812057,0.011701768264174461,0.10472049564123154
2091,-1.2780745029449463,-1.3042963743209839,0.015178550034761429,0.011043251492083073,0.10468894243240356
2092,-1.5632447004318237,-1.576175332069397,0.004745098762214184,0.008185487240552902,0.10465744882822037
2093,-1.340227484703064,-1.3616117238998413,0.009286757558584213,0.012097446247935295,0.1046258881688118
2094,-1.4019235372543335,-1.466137409210205,0.03320210054516792,0.031011803075671196,0.10459426045417786
2095,-1.3364444971084595,-1.3552427291870117,0.0069024828262627125,0.011895822361111641,0.10456272214651108
2096,-1.602195143699646,-1.6155903339385986,0.0056325215846300125,0.007762685883790255,0.10453116148710251
2097,-1.4615907669067383,-1.570887804031372,0.04782962426543236,0.061467405408620834,0.1044996902346611
2098,-1.480168104171753,-1.5038111209869385,0.011151688173413277,0.012491402216255665,0.10446827858686447
2099,-1.4901397228240967,-1.5303698778152466,0.018280021846294403,0.021950149908661842,0.1044369786977768
2100,-1.5863313674926758,-1.6078829765319824,0.00837643537670374,0.013175074011087418,0.1044057309627533
2101,-1.7223871946334839,-1.7489292621612549,0.01090165413916111,0.01564033143222332,0.10437442362308502
2102,-1.4130499362945557,-1.4318745136260986,0.00619884766638279,0.012625721283257008,0.10434307157993317
2103,-1.5517635345458984,-1.5803594589233398,0.01312527246773243,0.015470603480935097,0.10431177914142609
2104,-1.3413989543914795,-1.3909251689910889,0.021512683480978012,0.028013531118631363,0.10428052395582199
2105,-1.4917020797729492,-1.5144867897033691,0.01251074206084013,0.010273948311805725,0.1042492538690567
2106,-1.3044401407241821,-1.4638817310333252,0.07712087780237198,0.08232072740793228,0.10421803593635559
2107,-1.2724103927612305,-1.288169264793396,0.007039080373942852,0.008719781413674355,0.10418686270713806
2108,-1.3131999969482422,-1.3324288129806519,0.00950595922768116,0.009722835384309292,0.10415566712617874
2109,-1.4465867280960083,-1.4812310934066772,0.016922174021601677,0.017722195014357567,0.10412443429231644
2110,-1.595075249671936,-1.602710247039795,0.005210851784795523,0.002424118807539344,0.10409323126077652
2111,-1.5299994945526123,-1.53972327709198,0.005477117840200663,0.004246741067618132,0.10406208783388138
2112,-1.4525619745254517,-1.469645380973816,0.008203522302210331,0.008879955857992172,0.10403100401163101
2113,-1.6224931478500366,-1.632015585899353,0.006057306192815304,0.003465191926807165,0.10399990528821945
2114,-1.4436779022216797,-1.4590893983840942,0.007340388372540474,0.0080710519105196,0.10396886616945267
2115,-1.3133468627929688,-1.3760316371917725,0.02393731102347374,0.038747478276491165,0.10393781214952469
2116,-1.527071237564087,-1.5400663614273071,0.007044332567602396,0.005950850434601307,0.10390674322843552
2117,-1.4289129972457886,-1.4357143640518188,0.0033080449793487787,0.003493259660899639,0.10387562960386276
2118,-1.3613271713256836,-1.3764283657073975,0.0059780883602797985,0.009123090654611588,0.103844553232193
2119,-1.5156662464141846,-1.5337369441986084,0.010824033059179783,0.007246572058647871,0.10381349176168442
2120,-1.4542276859283447,-1.4881832599639893,0.01838097721338272,0.015574588440358639,0.10378245264291763
2121,-1.2074146270751953,-1.4197769165039062,0.1022680401802063,0.1100943386554718,0.10375145822763443
2122,-1.3396881818771362,-1.3629947900772095,0.009730261750519276,0.013576339930295944,0.10372046381235123
2123,-1.3393102884292603,-1.3538668155670166,0.0059560751542449,0.00860050693154335,0.10368950664997101
2124,-1.4135327339172363,-1.425676941871643,0.006181081756949425,0.005963061936199665,0.1036585122346878
2125,-1.417596459388733,-1.4491082429885864,0.01934690959751606,0.012164860032498837,0.10362750291824341
2126,-1.5200895071029663,-1.532344102859497,0.006585006136447191,0.005669642239809036,0.10359657555818558
2127,-1.4717134237289429,-1.4977813959121704,0.011060713790357113,0.015007251873612404,0.10356558114290237
2128,-1.197029709815979,-1.217043161392212,0.007956038229167461,0.012057376094162464,0.1035345271229744
2129,-1.5599446296691895,-1.5661869049072266,0.001995457336306572,0.0042467908933758736,0.10350342839956284
2130,-1.3963543176651,-1.407706618309021,0.006319208536297083,0.005033162888139486,0.10347235947847366
2131,-1.3960933685302734,-1.4217783212661743,0.012606614269316196,0.013078279793262482,0.10344130545854568
2132,-1.3723737001419067,-1.393080472946167,0.008943752385675907,0.011762951500713825,0.10341031104326248
2133,-1.5059982538223267,-1.518641710281372,0.005702318623661995,0.006941043306142092,0.10337932407855988
2134,-1.3820141553878784,-1.4108374118804932,0.012858713045716286,0.015964485704898834,0.10334837436676025
2135,-1.5912762880325317,-1.602975606918335,0.006437668576836586,0.005261662416160107,0.10331740230321884
2136,-1.6316980123519897,-1.6550899744033813,0.008831420913338661,0.014560559764504433,0.10328646749258041
2137,-1.4787217378616333,-1.5319976806640625,0.024918969720602036,0.02835700288414955,0.103255495429039
2138,-1.5125032663345337,-1.5400415658950806,0.01301682647317648,0.014521472156047821,0.10322438180446625
2139,-1.4791696071624756,-1.499342679977417,0.007534668780863285,0.012638410553336143,0.10319337993860245
2140,-1.5955326557159424,-1.609814167022705,0.007145483512431383,0.007136009633541107,0.10316233336925507
2141,-1.5680780410766602,-1.5881764888763428,0.00824094470590353,0.0118574732914567,0.10313132405281067
2142,-1.5584594011306763,-1.5685954093933105,0.00526050291955471,0.004875533282756805,0.10310027003288269
2143,-1.4612241983413696,-1.4823229312896729,0.010675071738660336,0.01042369194328785,0.10306930541992188
2144,-1.3064243793487549,-1.3216043710708618,0.006767916493117809,0.008412173949182034,0.10303827375173569
2145,-1.5315288305282593,-1.5452265739440918,0.005216643214225769,0.008481141179800034,0.10300727933645248
2146,-1.3267436027526855,-1.3492852449417114,0.010727141052484512,0.011814525350928307,0.10297635942697525
2147,-1.3984678983688354,-1.4095169305801392,0.004976445809006691,0.006072629243135452,0.10294543206691742
2148,-1.4752545356750488,-1.4884427785873413,0.006969810463488102,0.006218467373400927,0.10291451215744019
2149,-1.2348077297210693,-1.2660773992538452,0.013729043304920197,0.01754060760140419,0.10288359969854355
2150,-1.5143612623214722,-1.5321823358535767,0.007020867429673672,0.010800291784107685,0.10285267233848572
2151,-1.2625890970230103,-1.2873502969741821,0.013817639090120792,0.01094351802021265,0.1028217300772667
2152,-1.430992841720581,-1.4480714797973633,0.008159207180142403,0.008919444866478443,0.10279075056314468
2153,-1.596268653869629,-1.6079647541046143,0.005071412771940231,0.006624720059335232,0.10275974869728088
2154,-1.4717841148376465,-1.4880914688110352,0.009924103505909443,0.006383350118994713,0.10272883623838425
2155,-1.380950689315796,-1.3947486877441406,0.006017250008881092,0.007780771702528,0.10269787907600403
2156,-1.3710349798202515,-1.4497510194778442,0.043481409549713135,0.03523454815149307,0.102666936814785
2157,-1.5629223585128784,-1.5729150772094727,0.007250598631799221,0.0027421542908996344,0.10263609886169434
2158,-1.486332893371582,-1.509584903717041,0.009275680407881737,0.013976290822029114,0.10260529816150665
2159,-1.4237359762191772,-1.4367220401763916,0.006751505192369223,0.006234484259039164,0.10257445275783539
2160,-1.5406880378723145,-1.5557007789611816,0.007694072090089321,0.007318607531487942,0.10254357010126114
2161,-1.4243489503860474,-1.4490690231323242,0.010870338417589664,0.013849709182977676,0.10251262038946152
2162,-1.4301501512527466,-1.4923951625823975,0.030502924695611,0.03174208849668503,0.10248170793056488
2163,-1.3920732736587524,-1.4019485712051392,0.004664307925850153,0.005211017094552517,0.10245081037282944
2164,-1.3449196815490723,-1.3591814041137695,0.005262012127786875,0.008999689482152462,0.10242000967264175
2165,-1.5763790607452393,-1.5885984897613525,0.005561446771025658,0.006657913792878389,0.10238922387361526
2166,-1.4041895866394043,-1.4234219789505005,0.008389725349843502,0.010842656716704369,0.10235846787691116
2167,-1.4617797136306763,-1.4721531867980957,0.005468916147947311,0.00490451930090785,0.10232767462730408
2168,-1.455021858215332,-1.486039400100708,0.015620344318449497,0.015397245064377785,0.10229682177305222
2169,-1.464187502861023,-1.482567310333252,0.00805360171943903,0.010326175019145012,0.10226594656705856
2170,-1.5587401390075684,-1.580012559890747,0.009579666890203953,0.0116927120834589,0.10223513096570969
2171,-1.5418068170547485,-1.5492035150527954,0.0028333081863820553,0.00456329295411706,0.10220437496900558
2172,-1.544390082359314,-1.5599919557571411,0.00618544640019536,0.009416465647518635,0.10217364877462387
2173,-1.2134262323379517,-1.409811019897461,0.10080692172050476,0.09557782858610153,0.10214293748140335
2174,-1.3776178359985352,-1.396289587020874,0.008475331589579582,0.010196488350629807,0.1021123081445694
2175,-1.4874268770217896,-1.5126826763153076,0.01308815460652113,0.01216763537377119,0.10208166390657425
2176,-1.3087669610977173,-1.3185101747512817,0.005251314025372267,0.004491873551160097,0.1020510271191597
2177,-1.463265061378479,-1.4762194156646729,0.006288672797381878,0.00666572293266654,0.10202034562826157
2178,-1.5396522283554077,-1.5556412935256958,0.00856601633131504,0.0074230399914085865,0.10198967903852463
2179,-1.3513832092285156,-1.3709716796875,0.008433040231466293,0.011155517771840096,0.10195907205343246
2180,-1.608806848526001,-1.6208069324493408,0.00530671700835228,0.006693408824503422,0.1019284725189209
2181,-1.5664746761322021,-1.5865713357925415,0.01172555610537529,0.00837116502225399,0.10189785808324814
2182,-1.4474636316299438,-1.4731049537658691,0.010240119881927967,0.015401210635900497,0.10186722129583359
2183,-1.5946571826934814,-1.6131609678268433,0.008192796260118484,0.010311023332178593,0.10183655470609665
2184,-1.433587908744812,-1.4457676410675049,0.005510551854968071,0.006669110618531704,0.1018059179186821
2185,-0.3757953643798828,-1.4353771209716797,0.519111692905426,0.5404700636863708,0.10177526623010635
2186,-1.5740220546722412,-1.5848901271820068,0.004542954731732607,0.0063250684179365635,0.10174459964036942
2187,-1.6549739837646484,-1.6766929626464844,0.007565521635115147,0.014153474010527134,0.10171394050121307
2188,-1.5461735725402832,-1.558512568473816,0.004132472909986973,0.008206521160900593,0.10168334096670151
2189,-1.4029161930084229,-1.4173043966293335,0.006065479014068842,0.008322731591761112,0.10165275633335114
2190,-1.2994285821914673,-1.3261873722076416,0.011379638686776161,0.015379213728010654,0.10162219405174255
2191,-1.6697332859039307,-1.68274986743927,0.005359346978366375,0.007657244801521301,0.10159164667129517
2192,-1.4537007808685303,-1.4983720779418945,0.01970900222659111,0.024962330237030983,0.10156113654375076
2193,-1.5283905267715454,-1.574558973312378,0.01994740217924118,0.02622108906507492,0.10153058171272278
2194,-1.367531180381775,-1.4127671718597412,0.019593840464949608,0.02564217895269394,0.1015000119805336
2195,-1.536080241203308,-1.5847529172897339,0.021013246849179268,0.02765936218202114,0.1014695018529892
2196,-1.396012306213379,-1.4358524084091187,0.019118450582027435,0.02072167955338955,0.10143899917602539
2197,-1.5067925453186035,-1.5654724836349487,0.028611959889531136,0.03006787784397602,0.10140850394964218
2198,-1.3447915315628052,-1.363190770149231,0.007781068794429302,0.010618222877383232,0.10137797147035599
2199,-1.4700822830200195,-1.4874911308288574,0.008235159330070019,0.009173618629574776,0.10134747624397278
2200,-1.618921160697937,-1.6431347131729126,0.010661564767360687,0.013551990501582623,0.10131701081991196
2201,-1.4709584712982178,-1.4850322008132935,0.005772894248366356,0.008300789631903172,0.10128658264875412
2202,-1.436319351196289,-1.449302077293396,0.00657785777002573,0.006404884159564972,0.10125622898340225
2203,-1.6713263988494873,-1.6762505769729614,0.0010721280705183744,0.0038519748486578465,0.10122589021921158
2204,-1.4668724536895752,-1.4935237169265747,0.01278750505298376,0.013863807544112206,0.1011955589056015
2205,-1.399432897567749,-1.4202184677124023,0.00898953340947628,0.011795971542596817,0.10116520524024963
2206,-1.6389368772506714,-1.6592272520065308,0.008190511725842953,0.012099835090339184,0.10113489627838135
2207,-1.394517421722412,-1.4106740951538086,0.007479284889996052,0.008677322417497635,0.10110456496477127
2208,-1.361876368522644,-1.374145269393921,0.005398742854595184,0.0068701449781656265,0.10107421875
2209,-1.4540598392486572,-1.5340983867645264,0.0383334755897522,0.04170507937669754,0.10104390978813171
2210,-1.5441584587097168,-1.5526357889175415,0.003860646625980735,0.004616785794496536,0.10101358592510223
2211,-1.3304452896118164,-1.3475661277770996,0.00874532200396061,0.008375490084290504,0.10098334401845932
2212,-1.580845832824707,-1.590065360069275,0.0041924817487597466,0.005027066450566053,0.10095305740833282
2213,-1.587676763534546,-1.59478759765625,0.003158401697874069,0.00395240867510438,0.10092278569936752
2214,-1.4858882427215576,-1.4956601858139038,0.005017566494643688,0.004754477646201849,0.10089249163866043
2215,-1.424986481666565,-1.4399887323379517,0.008417249657213688,0.006585049442946911,0.10086219012737274
2216,-1.2669196128845215,-1.289556622505188,0.00884321890771389,0.013793804682791233,0.10083191841840744
2217,-1.5562329292297363,-1.5656511783599854,0.0036303771194070578,0.005787884816527367,0.10080165416002274
2218,-1.6125898361206055,-1.6221457719802856,0.00525662349537015,0.004299307707697153,0.10077142715454102
2219,-1.5155601501464844,-1.5262091159820557,0.005354107823222876,0.005294786766171455,0.10074116289615631
2220,-1.3665968179702759,-1.411982536315918,0.02426990121603012,0.021115783601999283,0.10071087628602982
2221,-1.4580717086791992,-1.4670579433441162,0.0040147206746041775,0.0049715531058609486,0.10068055242300034
2222,-1.4882088899612427,-1.5007617473602295,0.006920917425304651,0.005631889682263136,0.10065031051635742
2223,-1.2774468660354614,-1.285524845123291,0.003798612393438816,0.004279338754713535,0.10062012821435928
2224,-1.5241044759750366,-1.5354286432266235,0.0053858766332268715,0.005938257556408644,0.10058993101119995
2225,-1.373412013053894,-1.3839893341064453,0.003711477853357792,0.0068659125827252865,0.10055971890687943
2226,-1.5029449462890625,-1.5137531757354736,0.004388168919831514,0.006420050282031298,0.10052963346242905
2227,-1.3738622665405273,-1.3938466310501099,0.007133322302252054,0.012851017527282238,0.10049953311681747
2228,-1.5233389139175415,-1.5422649383544922,0.006424166727811098,0.012501830235123634,0.1004694476723671
2229,-1.3480619192123413,-1.3687942028045654,0.008310125209391117,0.012422164902091026,0.10043933987617493
2230,-1.6131536960601807,-1.6283011436462402,0.005569158121943474,0.009578296914696693,0.10040923953056335
2231,-1.5293539762496948,-1.5452531576156616,0.0065596564672887325,0.009339585900306702,0.10037913173437119
2232,-1.4667342901229858,-1.4769597053527832,0.005529982969164848,0.0046953908167779446,0.1003490537405014
2233,-1.3843724727630615,-1.3950046300888062,0.004733235575258732,0.005898940376937389,0.10031890869140625
2234,-1.6574194431304932,-1.6734566688537598,0.009676397778093815,0.006360819563269615,0.10028883069753647
2235,-1.4855611324310303,-1.50868558883667,0.010068383999168873,0.013056043535470963,0.10025882720947266
2236,-1.5042150020599365,-1.5750346183776855,0.03337577357888222,0.0374438539147377,0.10022883117198944
2237,-1.405186414718628,-1.4178169965744019,0.005453902296721935,0.007176651153713465,0.10019872337579727
2238,-1.438187837600708,-1.4517323970794678,0.0038018980994820595,0.00974259153008461,0.10016869753599167
2239,-1.5530985593795776,-1.5641820430755615,0.004504155833274126,0.00657927431166172,0.10013870894908905
2240,-1.4327977895736694,-1.4471150636672974,0.008110170252621174,0.006207065656781197,0.10010872781276703
2241,-1.455393671989441,-1.467180848121643,0.0039995089173316956,0.007787708193063736,0.1000787764787674
2242,-1.5865453481674194,-1.6066843271255493,0.007441878318786621,0.012697083875536919,0.10004883259534836
2243,-1.4861453771591187,-1.5100748538970947,0.010485498234629631,0.013443942181766033,0.10001890361309052
2244,-1.1789720058441162,-1.1992590427398682,0.007268337998539209,0.01301874965429306,0.09998893737792969
2245,-1.567255973815918,-1.5962059497833252,0.01750912517309189,0.011440910398960114,0.09995885193347931
2246,-1.4177554845809937,-1.430035948753357,0.005604009609669447,0.006676378194242716,0.09992890059947968
2247,-1.4547231197357178,-1.4675321578979492,0.00620662048459053,0.0066024246625602245,0.09989897906780243
2248,-1.4145982265472412,-1.4272133111953735,0.005486644338816404,0.007128475233912468,0.09986899793148041
2249,-1.5157862901687622,-1.5266762971878052,0.003980142995715141,0.006909893825650215,0.09983909875154495
2250,-1.5219120979309082,-1.5311487913131714,0.003789077280089259,0.0054476140066981316,0.09980922937393188
2251,-1.4072266817092896,-1.4217404127120972,0.006773161701858044,0.007740600034594536,0.09977934509515762
2252,-1.4469239711761475,-1.4542292356491089,0.0035045018885284662,0.0038006985560059547,0.09974944591522217
2253,-1.424342393875122,-1.4538204669952393,0.015014645643532276,0.014463387429714203,0.09971955418586731
2254,-1.3092807531356812,-1.3267021179199219,0.008478887379169464,0.008942432701587677,0.09968969970941544
2255,-1.558231234550476,-1.5691208839416504,0.004914873279631138,0.005974819418042898,0.09965980798006058
2256,-1.477220058441162,-1.4940073490142822,0.009747172705829144,0.0070401811972260475,0.09962991625070572
2257,-1.3890814781188965,-1.4030219316482544,0.006762048229575157,0.007178417406976223,0.09960001707077026
2258,-1.3464555740356445,-1.3624534606933594,0.007380774710327387,0.008617195300757885,0.0995701253414154
2259,-1.6369801759719849,-1.6422744989395142,0.002049820264801383,0.003244553692638874,0.09954028576612473
2260,-1.4524701833724976,-1.4649550914764404,0.006728044245392084,0.005756883416324854,0.09951048344373703
2261,-1.437414288520813,-1.4472885131835938,0.004331379197537899,0.00554282171651721,0.09948064386844635
2262,-1.5168055295944214,-1.5291494131088257,0.006250894628465176,0.0060930573381483555,0.09945075958967209
2263,-1.449210286140442,-1.4605746269226074,0.005174257792532444,0.00619005411863327,0.09942089021205902
2264,-1.4383912086486816,-1.4527227878570557,0.006906354799866676,0.007425247225910425,0.09939098358154297
2265,-1.5341393947601318,-1.5428826808929443,0.004740213509649038,0.004002997186034918,0.09936117380857468
2266,-1.4728202819824219,-1.486098289489746,0.006572372280061245,0.006705695763230324,0.09933135658502579
2267,-1.5233062505722046,-1.5369138717651367,0.006207112222909927,0.007400566712021828,0.09930144995450974
2268,-1.7238932847976685,-1.7383676767349243,0.008410826325416565,0.006063544191420078,0.09927157312631607
2269,-1.535947322845459,-1.549738883972168,0.008415231481194496,0.005376379005610943,0.09924177825450897
2270,-1.511146903038025,-1.5741000175476074,0.03219785541296005,0.030755233019590378,0.09921199828386307
2271,-1.5398262739181519,-1.5482120513916016,0.0028535318560898304,0.0055322106927633286,0.09918227046728134
2272,-1.5591368675231934,-1.5785728693008423,0.010817622765898705,0.008618411608040333,0.0991525948047638
2273,-1.560067057609558,-1.565915822982788,0.00281918584369123,0.003029584651812911,0.09912295639514923
2274,-1.5778995752334595,-1.5898401737213135,0.00444016233086586,0.007500411942601204,0.09909328073263168
2275,-1.4461387395858765,-1.466761827468872,0.010042048990726471,0.010581059381365776,0.09906363487243652
2276,-1.5206116437911987,-1.5274548530578613,0.002787497127428651,0.0040556867606937885,0.09903392195701599
2277,-1.6026111841201782,-1.6142795085906982,0.0059068710543215275,0.005761458072811365,0.09900424629449844
2278,-1.5447139739990234,-1.5581215620040894,0.006374503020197153,0.00703305471688509,0.0989745557308197
2279,-1.6798272132873535,-1.688476324081421,0.004246904514729977,0.004402150399982929,0.09894492477178574
2280,-1.6717360019683838,-1.682480812072754,0.005897712893784046,0.004847036674618721,0.09891527891159058
2281,-1.5501505136489868,-1.5665870904922485,0.006536733824759722,0.009899867698550224,0.09888556599617004
2282,-1.4745289087295532,-1.4921208620071411,0.010383003391325474,0.00720898387953639,0.09885583817958832
2283,-1.477178931236267,-1.5085418224334717,0.01611499860882759,0.015247968025505543,0.0988260805606842
2284,-1.4540798664093018,-1.4712177515029907,0.0072221639566123486,0.009915749542415142,0.0987963005900383
2285,-1.5778764486312866,-1.5920213460922241,0.007918622344732285,0.006226294673979282,0.0987665057182312
2286,-1.3787156343460083,-1.3849557638168335,0.003911659587174654,0.002328553469851613,0.09873681515455246
2287,-1.2997403144836426,-1.314084768295288,0.007434026338160038,0.006910399533808231,0.0987071618437767
2288,-1.4546219110488892,-1.4670305252075195,0.005591747350990772,0.00681681465357542,0.09867751598358154
2289,-1.4552288055419922,-1.4674384593963623,0.005715194623917341,0.006494430359452963,0.09864792227745056
2290,-1.4220290184020996,-1.4282474517822266,0.002421458251774311,0.0037969418335705996,0.0986182913184166
2291,-1.4561489820480347,-1.4711158275604248,0.006913864053785801,0.00805295817553997,0.09858869016170502
2292,-1.346697211265564,-1.3646478652954102,0.01027841679751873,0.007672202307730913,0.09855908155441284
2293,-1.3761742115020752,-1.3888543844223022,0.0056541734375059605,0.007025987841188908,0.09852954745292664
2294,-1.6655032634735107,-1.6735811233520508,0.003937629051506519,0.004140291828662157,0.09849997609853745
2295,-1.6233562231063843,-1.629756212234497,0.002581754233688116,0.003818224184215069,0.09847043454647064
2296,-1.4026750326156616,-1.4250086545944214,0.014841391704976559,0.007492240983992815,0.09844095259904861
2297,-1.6063605546951294,-1.6206297874450684,0.00778375705704093,0.006485440768301487,0.09841150790452957
2298,-1.5921156406402588,-1.6038869619369507,0.006582962814718485,0.005188345909118652,0.09838208556175232
2299,-1.5895745754241943,-1.5981802940368652,0.0036259046755731106,0.004979842808097601,0.09835267812013626
2300,-1.629953145980835,-1.6427415609359741,0.005666607059538364,0.0071217650547623634,0.0983232781291008
2301,-1.412590742111206,-1.4275686740875244,0.006129003595560789,0.008848953060805798,0.09829386323690414
2302,-1.386604905128479,-1.4035983085632324,0.008389148861169815,0.008604299277067184,0.09826445579528809
2303,-1.5130544900894165,-1.5204427242279053,0.004149854648858309,0.003238326869904995,0.09823507815599442
2304,-1.4288605451583862,-1.461929440498352,0.013889224268496037,0.019179724156856537,0.09820569306612015
2305,-1.465409755706787,-1.4841606616973877,0.009737532585859299,0.00901342835277319,0.0981762632727623
2306,-1.4807757139205933,-1.5226764678955078,0.02245512790977955,0.019445694983005524,0.09814687073230743
2307,-1.4759446382522583,-1.4840012788772583,0.0038587860763072968,0.004197845701128244,0.09811755269765854
2308,-1.4102637767791748,-1.4188885688781738,0.0052465880289673805,0.003378132823854685,0.09808824211359024
2309,-1.5508990287780762,-1.558633804321289,0.002906008390709758,0.004828762728720903,0.09805896878242493
2310,-1.61301589012146,-1.6368075609207153,0.013407738879323006,0.010383999906480312,0.09802970290184021
2311,-1.4454452991485596,-1.4579732418060303,0.00505783362314105,0.007470117881894112,0.0980004221200943
2312,-1.4682660102844238,-1.4807991981506348,0.0064562540501356125,0.0060768830589950085,0.0979711264371872
2313,-1.4488136768341064,-1.4582228660583496,0.004929199814796448,0.004480005707591772,0.09794186800718307
2314,-1.5319122076034546,-1.5408920049667358,0.004059198312461376,0.0049205985851585865,0.09791258722543716
2315,-1.5029364824295044,-1.5198434591293335,0.010789471678435802,0.006117421202361584,0.09788322448730469
2316,-1.626371145248413,-1.6404120922088623,0.005984498653560877,0.008056367747485638,0.09785386919975281
2317,-1.5631996393203735,-1.573697566986084,0.0058471099473536015,0.004650861956179142,0.09782452881336212
2318,-1.4405597448349,-1.4541884660720825,0.007312621921300888,0.006316041573882103,0.09779516607522964
2319,-1.3184292316436768,-1.3335262537002563,0.0075615993700921535,0.007535462733358145,0.09776586294174194
2320,-1.7310603857040405,-1.747328519821167,0.008098996244370937,0.008169221691787243,0.09773658961057663
2321,-1.4556776285171509,-1.471848487854004,0.006849738769233227,0.009321118704974651,0.09770732372999191
2322,-1.725523591041565,-1.7351350784301758,0.0039019007235765457,0.005709478631615639,0.09767818450927734
2323,-1.4856903553009033,-1.493675947189331,0.003741806373000145,0.004243683069944382,0.09764903783798218
2324,-1.506182312965393,-1.5198079347610474,0.007789202965795994,0.005836310796439648,0.09761986881494522
2325,-1.6538628339767456,-1.6654764413833618,0.006931624840945005,0.004681988153606653,0.09759068489074707
2326,-1.5711405277252197,-1.5900214910507202,0.009875094518065453,0.009005851112306118,0.09756151586771011
2327,-1.4771549701690674,-1.4911012649536133,0.006724675185978413,0.007221581880003214,0.09753237664699554
2328,-1.3851345777511597,-1.3930095434188843,0.004225758835673332,0.003649272257462144,0.0975031927227974
2329,-1.3835660219192505,-1.3934402465820312,0.0039036856032907963,0.005970555357635021,0.09747406840324402
2330,-1.5433070659637451,-1.562424898147583,0.00918526854366064,0.009932547807693481,0.09744495898485184
2331,-1.561390995979309,-1.566294550895691,0.002586773131042719,0.002316825557500124,0.09741582721471786
2332,-1.6399853229522705,-1.7177711725234985,0.03901776298880577,0.03876807540655136,0.09738663583993912
2333,-1.4791020154953003,-1.4905351400375366,0.006083915010094643,0.0053491368889808655,0.09735750406980515
2334,-1.5847214460372925,-1.6114915609359741,0.01414287369698286,0.012627258896827698,0.09732841700315475
2335,-1.5569640398025513,-1.5691349506378174,0.0054204342886805534,0.006750468164682388,0.09729932993650436
2336,-1.660692572593689,-1.6649901866912842,0.0024418120738118887,0.001855894341133535,0.09727024286985397
2337,-1.5822147130966187,-1.5902317762374878,0.004217215348035097,0.0037998396437615156,0.09724116325378418
2338,-1.6692367792129517,-1.6784361600875854,0.004738671705126762,0.004460687283426523,0.09721206873655319
2339,-1.3446300029754639,-1.3553144931793213,0.0051089380867779255,0.005575557705014944,0.09718289226293564
2340,-1.3512552976608276,-1.3713573217391968,0.011593269184231758,0.008508836850523949,0.09715377539396286
2341,-1.6067442893981934,-1.6177717447280884,0.004566306713968515,0.006461146287620068,0.0971246138215065
2342,-1.4274523258209229,-1.445374608039856,0.009563097730278969,0.008359166793525219,0.09709544479846954
2343,-1.4802000522613525,-1.4872230291366577,0.003310905769467354,0.0037121030036360025,0.09706630557775497
2344,-1.12819242477417,-1.1441642045974731,0.008658383972942829,0.007313413079828024,0.09703724086284637
2345,-1.6375751495361328,-1.6618374586105347,0.012390954419970512,0.011871282942593098,0.09700816124677658
2346,-1.4816681146621704,-1.489412784576416,0.003803224302828312,0.003941462375223637,0.0969790518283844
2347,-1.4924062490463257,-1.5020012855529785,0.005079637281596661,0.004515410400927067,0.0969499871134758
2348,-1.5506278276443481,-1.5707061290740967,0.00971826072782278,0.01036001741886139,0.09692095965147018
2349,-1.482778549194336,-1.496450424194336,0.0068835546262562275,0.006788366008549929,0.09689199179410934
2350,-1.4236013889312744,-1.4423542022705078,0.009820844978094101,0.00893200933933258,0.0968630239367485
2351,-1.4412908554077148,-1.473372459411621,0.017500197514891624,0.014581394381821156,0.09683402627706528
2352,-1.6059731245040894,-1.616346836090088,0.004580233246088028,0.005793449003249407,0.09680510312318802
2353,-1.5021778345108032,-1.5126721858978271,0.005640453193336725,0.004853885620832443,0.09677620977163315
2354,-1.3223005533218384,-1.3349609375,0.006753877736628056,0.005906424950808287,0.09674730151891708
2355,-1.557620644569397,-1.566277027130127,0.003875888418406248,0.004780571907758713,0.09671840816736221
2356,-1.5047054290771484,-1.5168542861938477,0.006327793467789888,0.005821064580231905,0.09668953716754913
2357,-1.6537530422210693,-1.6629773378372192,0.004562905058264732,0.004661449696868658,0.09666061401367188
2358,-1.3247554302215576,-1.5516102313995361,0.11071614921092987,0.11613872647285461,0.09663166850805283
2359,-1.6946675777435303,-1.7002636194229126,0.0024851441849023104,0.003110838821157813,0.09660269320011139
2360,-1.372737169265747,-1.3801227807998657,0.003909105900675058,0.0034764858428388834,0.09657377004623413
2361,-1.4403753280639648,-1.449784755706787,0.004734120797365904,0.004675224423408508,0.09654489904642105
2362,-1.4086142778396606,-1.4165847301483154,0.0037982130888849497,0.004172161687165499,0.09651603549718857
2363,-1.6259405612945557,-1.6363084316253662,0.004684860352426767,0.0056831007823348045,0.09648720920085907
2364,-1.5458351373672485,-1.618889570236206,0.03751927614212036,0.03553519397974014,0.09645839035511017
2365,-1.5746943950653076,-1.5894931554794312,0.007756778970360756,0.007041900418698788,0.09642939269542694
2366,-1.4786722660064697,-1.49889075756073,0.012680198065936565,0.007538304664194584,0.09640034288167953
2367,-1.5493323802947998,-1.560860514640808,0.0048286886885762215,0.006699409801512957,0.09637131541967392
2368,-1.594960331916809,-1.6049429178237915,0.003674884093925357,0.006307694595307112,0.09634239226579666
2369,-1.4233214855194092,-1.4408268928527832,0.008250593207776546,0.009254771284759045,0.09631345421075821
2370,-1.3237639665603638,-1.3339356184005737,0.0046396334655582905,0.005531996488571167,0.09628456830978394
2371,-1.3351082801818848,-1.3473014831542969,0.006017533130943775,0.00617559440433979,0.09625569730997086
2372,-1.4691667556762695,-1.476588487625122,0.0035309677477926016,0.0038906936533749104,0.09622690081596375
2373,-1.8467316627502441,-1.8520536422729492,0.0022225480061024427,0.0030994354747235775,0.09619806706905365
2374,-0.821218729019165,-1.614761471748352,0.42101719975471497,0.3725256025791168,0.09616928547620773
2375,-1.428085446357727,-1.4409279823303223,0.0067243208177387714,0.0061182063072919846,0.09614051878452301
2376,-1.5134689807891846,-1.5235497951507568,0.0040776049718260765,0.006003285758197308,0.09611179679632187
2377,-1.551087737083435,-1.5642907619476318,0.00644727423787117,0.006755756679922342,0.09608311206102371
2378,-1.504919171333313,-1.5225011110305786,0.009464964270591736,0.008117006160318851,0.09605447947978973
2379,-1.5094788074493408,-1.521730661392212,0.0066993809305131435,0.005552550777792931,0.09602588415145874
2380,-1.5303032398223877,-1.5428202152252197,0.005785615649074316,0.006731339264661074,0.09599734097719193
2381,-1.432977557182312,-1.4563522338867188,0.009908473119139671,0.013466213829815388,0.0959688052535057
2382,-1.3401503562927246,-1.3526513576507568,0.005270838271826506,0.0072301700711250305,0.09594029933214188
2383,-1.443970799446106,-1.4553658962249756,0.006504780612885952,0.0048903366550803185,0.09591171145439148
2384,-1.6697686910629272,-1.6811919212341309,0.004662699997425079,0.006760516203939915,0.09588303416967392
2385,-1.3890172243118286,-1.4149069786071777,0.0143563998863101,0.011533410288393497,0.09585437178611755
2386,-1.4982051849365234,-1.518308401107788,0.008256742730736732,0.011846443638205528,0.09582576900720596
2387,-1.3936165571212769,-1.4170234203338623,0.009618792682886124,0.0137880714610219,0.09579716622829437
2388,-1.6747558116912842,-1.6878328323364258,0.0067372736521065235,0.006339846644550562,0.09576857835054398
2389,-1.3987449407577515,-1.4191977977752686,0.008668340742588043,0.011784587055444717,0.09573999047279358
2390,-1.359955906867981,-1.3798893690109253,0.009028912521898746,0.010904556140303612,0.09571143984794617
2391,-1.6935536861419678,-1.706289529800415,0.006674503441900015,0.006061280611902475,0.09568289667367935
2392,-1.6078085899353027,-1.625922679901123,0.008076359517872334,0.010037736035883427,0.09565424919128418
2393,-1.7408610582351685,-1.7624423503875732,0.012060225941240788,0.009521018713712692,0.09562567621469498
2394,-1.5843629837036133,-1.5990999937057495,0.007271255366504192,0.007465708535164595,0.09559709578752518
2395,-1.4021952152252197,-1.4744858741760254,0.036812108010053635,0.03547853231430054,0.09556849300861359
2396,-0.13063973188400269,-1.4086806774139404,0.6267576813697815,0.6512832641601562,0.0955398827791214
2397,-1.6431620121002197,-1.6570730209350586,0.008470536209642887,0.005440509878098965,0.09551120549440384
2398,-1.4068490266799927,-1.4291921854019165,0.00993549358099699,0.012407684698700905,0.09548252075910568
2399,-1.554157018661499,-1.631551742553711,0.036736827343702316,0.04065784811973572,0.09545383602380753
2400,-1.3884671926498413,-1.406540870666504,0.009474365040659904,0.008599285036325455,0.09542512148618698
2401,-1.5692739486694336,-1.585341453552246,0.009222798980772495,0.006844803225249052,0.09539641439914703
2402,-1.5126664638519287,-1.5212159156799316,0.004192308057099581,0.00435712281614542,0.09536773711442947
2403,-1.477283000946045,-1.502467155456543,0.012507222592830658,0.01267695426940918,0.09533905237913132
2404,-1.4060899019241333,-1.4167040586471558,0.006231292150914669,0.004382884595543146,0.09531032294034958
2405,-1.388667106628418,-1.4026035070419312,0.005537940189242363,0.00839842390269041,0.09528164565563202
2406,-1.6160502433776855,-1.6312408447265625,0.007506189867854118,0.0076845185831189156,0.09525302797555923
2407,-1.4609788656234741,-1.491684913635254,0.01697355881333351,0.013732420280575752,0.09522446244955063
2408,-1.3099614381790161,-1.5245904922485352,0.10575864464044571,0.10887033492326736,0.09519593417644501
2409,-1.5758733749389648,-1.5885586738586426,0.005844992585480213,0.006840357091277838,0.0951673835515976
2410,-1.5912166833877563,-1.6046658754348755,0.007279373239725828,0.0061697461642324924,0.09513884037733078
2411,-1.7264916896820068,-1.7428131103515625,0.0072084148414433,0.009112956933677197,0.09511031210422516
2412,-1.7099469900131226,-1.726121187210083,0.008516130037605762,0.007658069021999836,0.09508172422647476
2413,-1.4880468845367432,-1.505366563796997,0.007901807315647602,0.009417833760380745,0.09505309909582138
2414,-1.383697748184204,-1.4059388637542725,0.011197185143828392,0.011043918319046497,0.09502452611923218
2415,-1.1418370008468628,-1.1649125814437866,0.010668962262570858,0.012406558729708195,0.09499607235193253
2416,-1.450527310371399,-1.478365421295166,0.011499607935547829,0.016338462010025978,0.09496764838695526
2417,-1.6465868949890137,-1.6591856479644775,0.006837460678070784,0.005761226173490286,0.09493926167488098
2418,-1.5760964155197144,-1.5877881050109863,0.006206868216395378,0.0054847788996994495,0.09491083770990372
2419,-1.359653353691101,-1.3771635293960571,0.00869485642760992,0.008815267123281956,0.09488246589899063
2420,-1.4597924947738647,-1.4796888828277588,0.009405829943716526,0.01049051433801651,0.09485414624214172
2421,-1.5578886270523071,-1.5718344449996948,0.005466043949127197,0.008479720912873745,0.09482581168413162
2422,-1.5557500123977661,-1.5656700134277344,0.005454427562654018,0.004465578589588404,0.09479742497205734
2423,-1.5558445453643799,-1.566171407699585,0.005676912143826485,0.004649993032217026,0.09476901590824127
2424,-1.4577010869979858,-1.4702204465866089,0.004858143627643585,0.007661188952624798,0.09474064409732819
2425,-1.664353609085083,-1.6803592443466187,0.010672892443835735,0.005332697182893753,0.09471230208873749
2426,-1.479972004890442,-1.48857843875885,0.0037111015990376472,0.004895299673080444,0.09468398243188858
2427,-1.533929467201233,-1.5515706539154053,0.009665312245488167,0.007975809276103973,0.09465554356575012
2428,-1.645854115486145,-1.6547683477401733,0.004078693687915802,0.004835458938032389,0.09462714195251465
2429,-1.6190117597579956,-1.6245007514953613,0.002936192788183689,0.002552798017859459,0.09459874033927917
2430,-1.4515022039413452,-1.4620347023010254,0.005340096540749073,0.0051924120634794235,0.0945703461766243
2431,-1.5576058626174927,-1.5668374300003052,0.003876566421240568,0.005355009343475103,0.09454187750816345
2432,-1.3882148265838623,-1.4193336963653564,0.01667977310717106,0.014439087361097336,0.0945134311914444
2433,-1.8091645240783691,-1.814969539642334,0.001856497721746564,0.003948565572500229,0.09448495507240295
2434,-1.5203666687011719,-1.5275976657867432,0.0045432355254888535,0.002687775995582342,0.09445648640394211
2435,-1.6039739847183228,-1.618686556816101,0.004518771078437567,0.01019386388361454,0.09442809224128723
2436,-1.6201759576797485,-1.6277079582214355,0.0034048762172460556,0.004127142485231161,0.09439968317747116
2437,-1.6059579849243164,-1.6210631132125854,0.006875263527035713,0.00822986289858818,0.09437132626771927
2438,-1.7186299562454224,-1.7260998487472534,0.004177809692919254,0.003292037406936288,0.09434298425912857
2439,-1.7049720287322998,-1.7116535902023315,0.003645180957391858,0.0030363779515028,0.09431469440460205
2440,-1.5486396551132202,-1.5565671920776367,0.004278222098946571,0.0036492967046797276,0.09428642690181732
2441,-1.5526033639907837,-1.5623689889907837,0.003932943567633629,0.005832729395478964,0.09425817430019379
2442,-1.503930687904358,-1.513806700706482,0.00524849584326148,0.004627419635653496,0.09422990679740906
2443,-1.528283953666687,-1.5382418632507324,0.006188828963786364,0.003769028466194868,0.0942016988992691
2444,-1.639914631843567,-1.6454262733459473,0.002894468605518341,0.002617103047668934,0.09417349100112915
2445,-1.4684497117996216,-1.5075922012329102,0.01985057257115841,0.019291851669549942,0.09414523094892502
2446,-1.5507898330688477,-1.558867335319519,0.0029122713021934032,0.005165262147784233,0.0941169261932373
2447,-1.5786548852920532,-1.591989278793335,0.005743314512073994,0.00759111950173974,0.09408863633871078
2448,-1.5371373891830444,-1.5480782985687256,0.003777769859880209,0.007163192145526409,0.09406037628650665
2449,-1.5500067472457886,-1.5612084865570068,0.005397231318056583,0.0058045173063874245,0.09403207898139954
2450,-1.3913896083831787,-1.402278184890747,0.0059387944638729095,0.004949834663420916,0.09400385618209839
2451,-1.4775948524475098,-1.4922995567321777,0.006979487370699644,0.007725217845290899,0.09397564828395844
2452,-1.6604043245315552,-1.6670007705688477,0.0032543449196964502,0.0033421642147004604,0.09394748508930206
2453,-1.5452320575714111,-1.5543391704559326,0.0027902794536203146,0.0063167656771838665,0.09391933679580688
2454,-1.1136393547058105,-1.134361982345581,0.0121005829423666,0.008622034452855587,0.0938911885023117
2455,-1.3499447107315063,-1.3663800954818726,0.009995797649025917,0.006439531221985817,0.0938630998134613
2456,-1.3604323863983154,-1.372291922569275,0.006922936998307705,0.004936596844345331,0.09383504092693329
2457,-1.4291106462478638,-1.4434744119644165,0.007193867117166519,0.007169832941144705,0.09380701184272766
2458,-1.491428017616272,-1.4997388124465942,0.004706953652203083,0.0036038574762642384,0.09377897530794144
2459,-1.487092137336731,-1.4994878768920898,0.0074191889725625515,0.004976500757038593,0.09375082701444626
2460,-1.653963565826416,-1.6616644859313965,0.004418450407683849,0.0032823726069182158,0.09372273832559586
2461,-1.6393353939056396,-1.6482387781143188,0.002721967874094844,0.0061813644133508205,0.09369467198848724
2462,-1.4140329360961914,-1.4193651676177979,0.0025461874902248383,0.002786009106785059,0.09366670995950699
2463,-1.5256465673446655,-1.5333070755004883,0.0028858622536063194,0.004774730186909437,0.09363875538110733
2464,-1.5251541137695312,-1.5323883295059204,0.004466397222131491,0.0027678566984832287,0.09361076354980469
2465,-1.3695625066757202,-1.382023572921753,0.0052699255757033825,0.007191152311861515,0.09358280152082443
2466,-1.5665165185928345,-1.5773614645004272,0.00788522232323885,0.0029597566463053226,0.09355480223894119
2467,-0.37475037574768066,-1.4171104431152344,0.49378398060798645,0.5485761165618896,0.09352686256170273
2468,-1.5565918684005737,-1.5683904886245728,0.005542329046875238,0.00625635776668787,0.09349887818098068
2469,-1.7514265775680542,-1.758893609046936,0.003345708828419447,0.004121273756027222,0.09347088634967804
2470,-1.5229307413101196,-1.586748719215393,0.03182255104184151,0.03199538215994835,0.0934428796172142
2471,-1.6568821668624878,-1.6789138317108154,0.009368963539600372,0.012662705034017563,0.09341494739055634
2472,-1.6526126861572266,-1.6657459735870361,0.004369861911982298,0.008763447403907776,0.09338700026273727
2473,-1.637654185295105,-1.6488457918167114,0.005310674197971821,0.0058809006586670876,0.09335901588201523
2474,-1.7175909280776978,-1.7258325815200806,0.003221674356609583,0.0050200531259179115,0.09333108365535736
2475,-1.6576799154281616,-1.6698145866394043,0.004629508592188358,0.007505175191909075,0.09330325573682785
2476,-1.610782504081726,-1.6341028213500977,0.010777694173157215,0.01254255324602127,0.09327540546655655
2477,-1.509324073791504,-1.5234006643295288,0.005632132291793823,0.008444479666650295,0.09324757009744644
2478,-1.5645639896392822,-1.58077073097229,0.007046444807201624,0.009160304442048073,0.09321971237659454
2479,-1.5592900514602661,-1.571874976158142,0.006089997477829456,0.006494858767837286,0.09319184720516205
2480,-1.561140775680542,-1.5827041864395142,0.01004190742969513,0.011521456763148308,0.09316394478082657
2481,-1.4906723499298096,-1.5077018737792969,0.006600641645491123,0.010428952053189278,0.09313598275184631
2482,-1.7518154382705688,-1.76409912109375,0.005468889605253935,0.0068148658610880375,0.09310796856880188
2483,-1.3797160387039185,-1.400309681892395,0.008737793192267418,0.011855874210596085,0.09307990968227386
2484,-1.6673786640167236,-1.6750226020812988,0.0034009076189249754,0.004243075847625732,0.09305186569690704
2485,-1.583335041999817,-1.5963881015777588,0.0043290164321660995,0.008724046871066093,0.09302378445863724
2486,-1.4333850145339966,-1.46137535572052,0.013044700026512146,0.014945607632398605,0.09299573302268982
2487,-1.53413987159729,-1.6007280349731445,0.03365091606974602,0.032937340438365936,0.09296766668558121
2488,-1.5345338582992554,-1.5504324436187744,0.007770738564431667,0.008127774111926556,0.09293967485427856
2489,-1.7638840675354004,-1.7708078622817993,0.0025808168575167656,0.004343040287494659,0.0929117351770401
2490,-1.38393235206604,-1.3944141864776611,0.004625061992555857,0.005856702104210854,0.09288383275270462
2491,-1.5958589315414429,-1.6134928464889526,0.008596748113632202,0.009037092328071594,0.09285593032836914
2492,-1.4629161357879639,-1.4706236124038696,0.0031362755689769983,0.004571189172565937,0.09282804280519485
2493,-1.449298620223999,-1.470711588859558,0.009118042886257172,0.012294929474592209,0.09280013293027878
2494,-1.6606600284576416,-1.6665050983428955,0.0023987609893083572,0.003446311689913273,0.09277219325304031
2495,-1.5166840553283691,-1.533077359199524,0.008153200149536133,0.008240128867328167,0.09274426102638245
2496,-1.4776347875595093,-1.4849873781204224,0.003887878730893135,0.0034646897111088037,0.09271634370088577
2497,-1.5756624937057495,-1.5815651416778564,0.00254770927131176,0.0033549489453434944,0.09268847107887268
2498,-1.2665307521820068,-1.2871098518371582,0.009978310205042362,0.010600818321108818,0.09266062825918198
2499,-1.5441151857376099,-1.5521299839019775,0.004519719630479813,0.0034951111301779747,0.09263280034065247
2500,-1.6510719060897827,-1.6636828184127808,0.005713884253054857,0.006896990351378918,0.09260497242212296
2501,-1.2628207206726074,-1.2841830253601074,0.010163212195038795,0.01119907759130001,0.09257713705301285
2502,-1.6245708465576172,-1.632007122039795,0.0030927262268960476,0.004343561362475157,0.09254930913448334
2503,-1.5364397764205933,-1.5441771745681763,0.002146336017176509,0.005590982735157013,0.09252148866653442
2504,-1.650278925895691,-1.6570147275924683,0.003702247515320778,0.0030335639603435993,0.09249365329742432
2505,-1.7238205671310425,-1.7332919836044312,0.0036159977316856384,0.0058554126881062984,0.0924658477306366
2506,-0.48314088582992554,-1.4173330068588257,0.45623916387557983,0.4779529571533203,0.09243807941675186
2507,-1.5981330871582031,-1.6134870052337646,0.006033303681761026,0.009320631623268127,0.09241035580635071
2508,-1.334062099456787,-1.350936770439148,0.008101207204163074,0.008773463778197765,0.09238264709711075
2509,-1.4460862874984741,-1.4543976783752441,0.004193579312413931,0.004117838107049465,0.09235493838787079
2510,-1.5725399255752563,-1.5823308229446411,0.004087445326149464,0.005703432485461235,0.09232726693153381
2511,-1.6770108938217163,-1.744215726852417,0.03587009385228157,0.0313347652554512,0.09229955822229385
2512,-1.7051079273223877,-1.7126784324645996,0.005640046671032906,0.0019304825691506267,0.0922718346118927
2513,-1.7452633380889893,-1.7603884935379028,0.007032538298517466,0.008092583157122135,0.09224407374858856
2514,-1.7967654466629028,-1.804673671722412,0.003511051880195737,0.004397145006805658,0.09221628308296204
2515,-1.5914360284805298,-1.6060748100280762,0.006042210850864649,0.008596528321504593,0.0921885147690773
2516,-1.5962543487548828,-1.6948139667510986,0.050574906170368195,0.04798475652933121,0.09216071665287018
2517,-1.6682780981063843,-1.6767911911010742,0.003772265510633588,0.004740810487419367,0.09213290363550186
2518,-1.426979660987854,-1.4436383247375488,0.00855882465839386,0.008099767379462719,0.09210505336523056
2519,-1.4952222108840942,-1.5959174633026123,0.04950496926903725,0.05119025334715843,0.09207721054553986
2520,-1.5351146459579468,-1.5447584390640259,0.004572055768221617,0.005071818362921476,0.09204936027526855
2521,-1.584153175354004,-1.5945837497711182,0.005138528533279896,0.0052920058369636536,0.09202155470848083
2522,-1.6533914804458618,-1.6613248586654663,0.004240456037223339,0.0036928614135831594,0.0919937863945961
2523,-1.4578653573989868,-1.4666427373886108,0.004583359695971012,0.004194005858153105,0.09196595847606659
2524,-1.4125438928604126,-1.433995008468628,0.010274886153638363,0.011176173575222492,0.09193822741508484
2525,-1.2579597234725952,-1.2693732976913452,0.005136522464454174,0.0062770480290055275,0.09191056340932846
2526,-1.4716798067092896,-1.5948083400726318,0.0629444420337677,0.06018415465950966,0.09188295900821686
2527,-1.6840248107910156,-1.6962544918060303,0.006152097601443529,0.006077535916119814,0.09185536205768585
2528,-1.4976482391357422,-1.5073916912078857,0.004698390606790781,0.005045113619416952,0.09182772785425186
2529,-1.334588646888733,-1.4129959344863892,0.03807404264807701,0.040333300828933716,0.09180007874965668
2530,-1.7858648300170898,-1.796280026435852,0.004397332668304443,0.006017971318215132,0.09177244454622269
2531,-1.4391728639602661,-1.453981637954712,0.0070372698828577995,0.0077714696526527405,0.09174487739801407
2532,-1.348345398902893,-1.360627293586731,0.005910985171794891,0.006370873190462589,0.09171727299690247
2533,-1.6409120559692383,-1.6473605632781982,0.0029653282836079597,0.0034832009114325047,0.09168968349695206
2534,-1.5029593706130981,-1.517540454864502,0.009487124159932137,0.005093961954116821,0.09166216850280762
2535,-1.4458651542663574,-1.5453133583068848,0.055074792355298996,0.04437340795993805,0.09163463115692139
2536,-1.546347737312317,-1.5549986362457275,0.003986651077866554,0.004664261359721422,0.09160713106393814
2537,-1.4684869050979614,-1.4821271896362305,0.005427282769232988,0.008213073015213013,0.09157963842153549
2538,-1.5695910453796387,-1.5818731784820557,0.005266515538096428,0.007015632465481758,0.09155213087797165
2539,-1.7751859426498413,-1.7991803884506226,0.012742377817630768,0.011252067983150482,0.0915246531367302
2540,-1.7121257781982422,-1.7206015586853027,0.0046667419373989105,0.0038091372698545456,0.09149718284606934
2541,-1.629563570022583,-1.6448252201080322,0.0059346361085772514,0.009327017702162266,0.09146977216005325
2542,-1.633662223815918,-1.700670838356018,0.03284681588411331,0.0341617725789547,0.09144231677055359
2543,-1.7710810899734497,-1.7839226722717285,0.0068472824059426785,0.005994332022964954,0.09141483157873154
2544,-1.3692580461502075,-1.394885540008545,0.01338893361389637,0.012238448485732079,0.0913873240351677
2545,-1.6310960054397583,-1.640742540359497,0.004984484985470772,0.004661993123590946,0.09135983139276505
2546,-1.5000014305114746,-1.5114059448242188,0.005729454103857279,0.005675057414919138,0.09133235365152359
2547,-1.7407112121582031,-1.7540793418884277,0.0062766349874436855,0.007091512903571129,0.09130492061376572
2548,-1.4808461666107178,-1.4920213222503662,0.004443817771971226,0.006731340195983648,0.09127753973007202
2549,-1.5827760696411133,-1.6033047437667847,0.010173494927585125,0.0103552071377635,0.09125007688999176
2550,-1.5637078285217285,-1.6975033283233643,0.06570297479629517,0.06809253990650177,0.0912226215004921
2551,-1.5802513360977173,-1.6011435985565186,0.011878742836415768,0.009013510309159756,0.09119520336389542
2552,-1.5289199352264404,-1.5396819114685059,0.0052880169823765755,0.005473914556205273,0.09116777032613754
2553,-1.6789326667785645,-1.6909335851669312,0.007283934857696295,0.004717011004686356,0.09114034473896027
2554,-1.6669816970825195,-1.675025463104248,0.0036260911729186773,0.004417600575834513,0.09111294150352478
2555,-1.7567209005355835,-1.7643402814865112,0.002998870797455311,0.00462057301774621,0.0910855308175087
2556,-1.4929540157318115,-1.5144321918487549,0.009649285115301609,0.01182892918586731,0.09105819463729858
2557,-1.6398251056671143,-1.6463706493377686,0.003973841201514006,0.0025716954842209816,0.09103088825941086
2558,-1.5021690130233765,-1.522656798362732,0.010294287465512753,0.010193492285907269,0.09100354462862015
2559,-0.9953702688217163,-1.6531378030776978,0.3601483106613159,0.2976192235946655,0.09097623825073242
2560,-1.4139137268066406,-1.4330763816833496,0.008506616577506065,0.010656051337718964,0.09094895422458649
2561,-1.2600598335266113,-1.4927539825439453,0.1188674345612526,0.11382671445608139,0.09092170000076294
2562,-1.2809605598449707,-1.3181753158569336,0.019788328558206558,0.017426365986466408,0.09089447557926178
2563,-1.5757516622543335,-1.5881538391113281,0.005963435862213373,0.006438716314733028,0.09086724370718002
2564,-1.3499195575714111,-1.391353726387024,0.023432182148098946,0.018002009019255638,0.0908399447798729
2565,-1.6119734048843384,-1.6232032775878906,0.004787375219166279,0.00644251424819231,0.09081268310546875
2566,-1.5305768251419067,-1.5523351430892944,0.013545013032853603,0.008213315159082413,0.09078540652990341
2567,-1.500077724456787,-1.5118495225906372,0.007641744799911976,0.0041299681179225445,0.09075815975666046
2568,-1.3718003034591675,-1.4226175546646118,0.025890231132507324,0.024927061051130295,0.09073089808225632
2569,-1.1578187942504883,-1.3747159242630005,0.10840152204036713,0.10849564522504807,0.09070360660552979
2570,-1.5066664218902588,-1.5157115459442139,0.004813604988157749,0.004231606610119343,0.09067630022764206
2571,-1.7304396629333496,-1.7399511337280273,0.004817335866391659,0.004694162867963314,0.09064901620149612
2572,-1.7439697980880737,-1.759648084640503,0.0057982588186860085,0.00988000724464655,0.09062176942825317
2573,-1.5545700788497925,-1.5697011947631836,0.005986585281789303,0.009144561365246773,0.09059453010559082
2574,-1.5178680419921875,-1.5459635257720947,0.016810227185487747,0.011285302229225636,0.09056723117828369
2575,-1.4602047204971313,-1.563220739364624,0.05218906328082085,0.05082690715789795,0.09053998440504074
2576,-1.5722742080688477,-1.580957293510437,0.004809922073036432,0.0038731046952307224,0.09051274508237839
2577,-1.6980644464492798,-1.7101109027862549,0.006281469017267227,0.005764910485595465,0.09048549830913544
2578,-1.6105297803878784,-1.626695156097412,0.006865368224680424,0.009299969300627708,0.09045814722776413
2579,-1.5831007957458496,-1.6119639873504639,0.015842504799365997,0.013020586222410202,0.0904308632016182
2580,-1.5689127445220947,-1.5798685550689697,0.0058114975690841675,0.00514441030099988,0.09040363878011703
2581,-1.3315471410751343,-1.3518145084381104,0.010129014030098915,0.010138406418263912,0.09037639945745468
2582,-1.5253316164016724,-1.5386463403701782,0.006803265772759914,0.006511396262794733,0.09034916758537292
2583,-1.55904221534729,-1.5656276941299438,0.003067281097173691,0.0035181851126253605,0.09032196551561356
2584,-1.5264980792999268,-1.5398657321929932,0.00780884362757206,0.005558893084526062,0.09029470384120941
2585,-1.3552335500717163,-1.3690731525421143,0.006852477788925171,0.0069871279411017895,0.09026745706796646
2586,-1.6164647340774536,-1.6471800804138184,0.01891883835196495,0.011796514503657818,0.09024021774530411
2587,-1.70502507686615,-1.7145260572433472,0.0044886087998747826,0.00501237204298377,0.09021300077438354
2588,-1.6828505992889404,-1.6888679265975952,0.003181730629876256,0.0028356516268104315,0.09018582105636597
2589,-1.7451304197311401,-1.749891996383667,0.0020879139192402363,0.0026735980063676834,0.09015864878892899
2590,-1.4563703536987305,-1.472304105758667,0.009046019986271858,0.006887692958116531,0.090131476521492
2591,-1.6370054483413696,-1.6474155187606812,0.005170727614313364,0.0052393777295947075,0.09010429680347443
2592,-1.4914917945861816,-1.5044299364089966,0.006665748544037342,0.00627246405929327,0.09007712453603745
2593,-1.6473402976989746,-1.6817560195922852,0.018074188381433487,0.016341540962457657,0.09004996716976166
2594,-1.6477043628692627,-1.6582130193710327,0.005460354965180159,0.005048333201557398,0.09002285450696945
2595,-1.492897629737854,-1.4999659061431885,0.0038602647837251425,0.0032080188393592834,0.08999570459127426
2596,-1.5109272003173828,-1.5237065553665161,0.005934635177254677,0.006844702176749706,0.08996861428022385
2597,-1.6720170974731445,-1.7431143522262573,0.03641575574874878,0.034681517630815506,0.08994150161743164
2598,-1.2671958208084106,-1.38546884059906,0.06252875924110413,0.055744294077157974,0.08991444110870361
2599,-1.3461791276931763,-1.3579109907150269,0.005037779454141855,0.006694132462143898,0.0898873507976532
2600,-1.625271201133728,-1.6330151557922363,0.004270804114639759,0.003473203396424651,0.08986031264066696
2601,-1.48109769821167,-1.5045102834701538,0.011999541893601418,0.01141304336488247,0.08983322978019714
2602,-1.597936987876892,-1.6025137901306152,0.0018828791799023747,0.002693840302526951,0.08980612456798553
2603,-1.2719528675079346,-1.2830027341842651,0.006695988588035107,0.004353904165327549,0.08977899700403214
2604,-1.7278457880020142,-1.7399699687957764,0.006375758908689022,0.005748354829847813,0.08975192159414291
2605,-1.715787649154663,-1.7242993116378784,0.00277525931596756,0.005736359395086765,0.08972486108541489
2606,-0.5913012027740479,-1.680363416671753,0.5365800857543945,0.5524821281433105,0.08969784528017044
2607,-1.5625243186950684,-1.6037755012512207,0.018950778990983963,0.022300368174910545,0.08967083692550659
2608,-1.3241358995437622,-1.338624358177185,0.007275047246366739,0.007213320583105087,0.08964388817548752
2609,-1.8097655773162842,-1.818206548690796,0.004065403249114752,0.0043756114318966866,0.0896170437335968
2610,-1.5016252994537354,-1.5088087320327759,0.003308330662548542,0.0038751347456127405,0.08959021419286728
2611,-1.3869813680648804,-1.4292784929275513,0.019143301993608475,0.02315373532474041,0.08956345170736313
2612,-1.6518505811691284,-1.6667300462722778,0.0068851071409881115,0.007994415238499641,0.08953661471605301
2613,-1.7299983501434326,-1.7461094856262207,0.00840792153030634,0.007703134324401617,0.0895097628235817
2614,-1.6414810419082642,-1.7291978597640991,0.0450638122856617,0.042652927339076996,0.08948291838169098
2615,-1.4865212440490723,-1.4982842206954956,0.005507254973053932,0.006255725398659706,0.08945606648921967
2616,-1.459135890007019,-1.4711313247680664,0.00672451825812459,0.005270997993648052,0.08942925930023193
2617,-1.6332231760025024,-1.6429972648620605,0.0041343942284584045,0.0056396168656647205,0.08940242230892181
2618,-1.5977957248687744,-1.6149383783340454,0.007212800905108452,0.009929951280355453,0.0893755704164505
2619,-1.3301129341125488,-1.4755557775497437,0.0667055994272232,0.07873726636171341,0.08934871852397919
2620,-1.5761483907699585,-1.5970057249069214,0.009998053312301636,0.010859295725822449,0.08932190388441086
2621,-1.5581670999526978,-1.577228307723999,0.010138047859072685,0.008923135697841644,0.08929507434368134
2622,-1.4059956073760986,-1.4483191967010498,0.018381381407380104,0.023942213505506516,0.08926823735237122
2623,-1.599786400794983,-1.6089513301849365,0.0044867112301290035,0.004678267054259777,0.08924135565757751
2624,-1.4819539785385132,-1.4934595823287964,0.005679624155163765,0.005826035048812628,0.08921448886394501
2625,-1.491663932800293,-1.570134162902832,0.039850447326898575,0.03861980885267258,0.0891876071691513
2626,-1.30097496509552,-1.313539981842041,0.0062072123400866985,0.006357748527079821,0.08916077762842178
2627,-1.546407699584961,-1.565039038658142,0.007589627057313919,0.011041815392673016,0.08913397789001465
2628,-1.2878704071044922,-1.5749660730361938,0.14066556096076965,0.1464301198720932,0.0891072005033493
2629,-1.649353265762329,-1.6633810997009277,0.008276326581835747,0.005751508288085461,0.08908046036958694
2630,-1.4500552415847778,-1.5528020858764648,0.05269062891602516,0.05005624517798424,0.08905374258756638
2631,-1.5438427925109863,-1.5633102655410767,0.008773635141551495,0.010693814605474472,0.089027039706707
2632,-1.7445769309997559,-1.7522982358932495,0.0027828800957649946,0.004938510246574879,0.08900034427642822
2633,-1.6658189296722412,-1.6829843521118164,0.007915831170976162,0.00924956239759922,0.08897363394498825
2634,-1.6031137704849243,-1.6743654012680054,0.03595033660531044,0.035301294177770615,0.08894693106412888
2635,-1.3197624683380127,-1.5612157583236694,0.12421632558107376,0.11723694950342178,0.0889202132821083
2636,-1.6276432275772095,-1.6462680101394653,0.011554807424545288,0.007069914136081934,0.08889354765415192
2637,-1.5716451406478882,-1.5873970985412598,0.006652827840298414,0.009099145419895649,0.08886688947677612
2638,-1.5535714626312256,-1.569106936454773,0.007600525394082069,0.00793489906936884,0.08884019404649734
2639,-1.3915598392486572,-1.4174418449401855,0.012307886965572834,0.013574081473052502,0.08881353586912155
2640,-1.6900900602340698,-1.7010825872421265,0.004741815384477377,0.006250705104321241,0.08878687769174576
2641,-1.6924316883087158,-1.7104089260101318,0.009747255593538284,0.00822995975613594,0.08876024931669235
2642,-1.4523520469665527,-1.4673120975494385,0.007540359161794186,0.007419753819704056,0.08873361349105835
2643,-1.6542867422103882,-1.6697760820388794,0.006048977375030518,0.009440290741622448,0.08870696276426315
2644,-1.686378836631775,-1.8013079166412354,0.06078688055276871,0.054142218083143234,0.08868031948804855
2645,-1.4453952312469482,-1.5638444423675537,0.06147027760744095,0.0569789744913578,0.08865363895893097
2646,-1.8536559343338013,-1.9166042804718018,0.03267785906791687,0.030270405113697052,0.0886269211769104
2647,-1.6066436767578125,-1.6136713027954102,0.0035405801609158516,0.003486940637230873,0.08860024064779282
2648,-1.4744352102279663,-1.696475625038147,0.10785527527332306,0.11418511718511581,0.08857356756925583
2649,-1.4366860389709473,-1.5036230087280273,0.03394464775919914,0.03299231454730034,0.08854687958955765
2650,-1.4692761898040771,-1.4781190156936646,0.0041952054016292095,0.004647556692361832,0.08852017670869827
2651,-1.686321496963501,-1.7019970417022705,0.008751933462917805,0.006923497188836336,0.08849352598190308
2652,-1.3312232494354248,-1.487058162689209,0.0797935426235199,0.07604129612445831,0.0884668380022049
2653,-1.5883958339691162,-1.6068634986877441,0.010767432861030102,0.007700237445533276,0.0884401798248291
2654,-1.2317808866500854,-1.4258109331130981,0.09745419025421143,0.09657589346170425,0.08841349184513092
2655,-1.4729082584381104,-1.485450029373169,0.007229997776448727,0.005311741027981043,0.08838682621717453
2656,-0.09359169006347656,-1.433052659034729,0.6609511971473694,0.6785097718238831,0.0883602425456047
2657,-1.1857713460922241,-1.3346554040908813,0.0716005265712738,0.07728354632854462,0.08833365887403488
2658,-1.8911603689193726,-1.9110634326934814,0.011963047087192535,0.007940040901303291,0.08830703794956207
2659,-1.6850988864898682,-1.7033240795135498,0.008811432868242264,0.009413773193955421,0.08828043192625046
2660,-1.480322241783142,-1.532599925994873,0.026951057836413383,0.025326551869511604,0.08825381100177765
2661,-1.5980018377304077,-1.6211506128311157,0.012748325243592262,0.010400382801890373,0.08822721987962723
2662,-1.4584652185440063,-1.5020999908447266,0.026977520436048508,0.016657186672091484,0.0882006362080574
2663,-1.5556080341339111,-1.587998628616333,0.01949322037398815,0.01289735920727253,0.08817405998706818
2664,-1.4984445571899414,-1.5171297788619995,0.00785448495298624,0.01083080843091011,0.08814751356840134
2665,-1.3941020965576172,-1.4130420684814453,0.01117763202637434,0.00776226632297039,0.0881209746003151
2666,-1.5014277696609497,-1.5359299182891846,0.016268910840153694,0.018233168870210648,0.08809442073106766
2667,-1.4286251068115234,-1.4701743125915527,0.02020781673491001,0.021341398358345032,0.08806797862052917
2668,-1.6540088653564453,-1.6727664470672607,0.0074864719063043594,0.011271088384091854,0.08804163336753845
2669,-1.5369389057159424,-1.650850534439087,0.057091180235147476,0.056820373982191086,0.08801527321338654
2670,-1.6633862257003784,-1.689441204071045,0.013848608359694481,0.01220629084855318,0.087988942861557
2671,-1.7849647998809814,-1.794231653213501,0.004582041874527931,0.004684776533395052,0.0879625752568245
2672,-1.6162294149398804,-1.706575632095337,0.040379442274570465,0.04996684193611145,0.08793617784976959
2673,-1.3862075805664062,-1.6169886589050293,0.11753369867801666,0.1132473349571228,0.08790978789329529
2674,-1.5393977165222168,-1.560005784034729,0.008354748599231243,0.012253318913280964,0.08788344264030457
2675,-1.528596043586731,-1.650179386138916,0.07030165195465088,0.051281675696372986,0.08785714954137802
2676,-1.5383883714675903,-1.5495185852050781,0.004126505460590124,0.007003694772720337,0.08783086389303207
2677,-1.670031189918518,-1.691982626914978,0.014406409114599228,0.007545001804828644,0.08780457079410553
2678,-1.4517656564712524,-1.4743326902389526,0.011682913638651371,0.010884146206080914,0.08777834475040436
2679,-1.1551055908203125,-1.4481202363967896,0.14907300472259521,0.1439417004585266,0.0877520814538002
2680,-1.5038254261016846,-1.61531662940979,0.057548802345991135,0.05394242703914642,0.08772576600313187
2681,-1.6641123294830322,-1.6940640211105347,0.013760735280811787,0.016190992668271065,0.08769950270652771
2682,-1.4958418607711792,-1.515998125076294,0.008664986118674278,0.011491343379020691,0.08767326176166534
2683,-1.4381144046783447,-1.5459184646606445,0.059383392333984375,0.04842069745063782,0.08764705806970596
2684,-1.8558465242385864,-1.8624517917633057,0.002816808642819524,0.003788440255448222,0.087620809674263
2685,-1.8076016902923584,-1.8172248601913452,0.004392862785607576,0.0052302563562989235,0.08759453892707825
2686,-1.635004997253418,-1.656366229057312,0.009402638301253319,0.01195855438709259,0.0875682681798935
2687,-1.527872085571289,-1.5409903526306152,0.005459885112941265,0.0076583209447562695,0.08754200488328934
2688,-1.6265274286270142,-1.6462191343307495,0.008847353979945183,0.010844333097338676,0.08751579374074936
2689,-1.255218744277954,-1.339874505996704,0.045377809554338455,0.039277952164411545,0.08748957514762878
2690,-1.3909043073654175,-1.6688967943191528,0.139042466878891,0.13894997537136078,0.08746329694986343
2691,-1.7116625308990479,-1.7223151922225952,0.00562700442969799,0.005025584250688553,0.08743704110383987
2692,-1.624008059501648,-1.6427487134933472,0.008618908002972603,0.010121678933501244,0.08741084486246109
2693,-1.6410746574401855,-1.7424877882003784,0.050594501197338104,0.050818730145692825,0.0873846486210823
2694,-1.462985873222351,-1.4891419410705566,0.01065962016582489,0.01549650076776743,0.08735844492912292
2695,-1.4549643993377686,-1.4915329217910767,0.016535231843590736,0.02003328874707222,0.08733227103948593
2696,-1.4007855653762817,-1.57033371925354,0.08753214031457901,0.08201596140861511,0.08730609714984894
2697,-1.570399522781372,-1.660135269165039,0.0442163348197937,0.04551934078335762,0.08727991580963135
2698,-1.1576099395751953,-1.3543699979782104,0.1007150262594223,0.09604503959417343,0.08725376427173615
2699,-1.6625362634658813,-1.6779251098632812,0.008418934419751167,0.006969963200390339,0.08722757548093796
2700,-1.3572735786437988,-1.4581657648086548,0.052509039640426636,0.04838306084275246,0.08720146119594574
2701,-1.6244536638259888,-1.643691897392273,0.012458549812436104,0.0067797028459608555,0.08717535436153412
2702,-1.6719555854797363,-1.6906964778900146,0.009707137942314148,0.009033778682351112,0.08714929223060608
2703,-1.5928447246551514,-1.6779530048370361,0.04462003335356712,0.04048818722367287,0.08712324500083923
2704,-1.5582219362258911,-1.685183048248291,0.06849043816328049,0.0584707036614418,0.08709719777107239
2705,-1.5570833683013916,-1.5809333324432373,0.01225688774138689,0.011593084782361984,0.08707114309072495
2706,-1.410117268562317,-1.5137676000595093,0.0591818243265152,0.04446853697299957,0.0870451107621193
2707,-1.4356427192687988,-1.5511260032653809,0.05731332674622536,0.05816996097564697,0.08701911568641663
2708,-1.5720670223236084,-1.624886155128479,0.028892699629068375,0.023926321417093277,0.08699306100606918
2709,-1.434565544128418,-1.5046467781066895,0.039362479001283646,0.030718758702278137,0.08696702867746353
2710,-1.5289453268051147,-1.5387959480285645,0.006436781492084265,0.0034138020128011703,0.08694103360176086
2711,-1.3259488344192505,-1.5657821893692017,0.12100760638713837,0.1188257485628128,0.0869150459766388
2712,-1.7714786529541016,-1.7816414833068848,0.005430344957858324,0.004732522647827864,0.0868891254067421
2713,-1.5550205707550049,-1.5760467052459717,0.008165617473423481,0.01286056637763977,0.08686325699090958
2714,-1.3399583101272583,-1.4002621173858643,0.03410643711686134,0.026197314262390137,0.08683735132217407
2715,-1.4852194786071777,-1.5135047435760498,0.014565575867891312,0.01371972169727087,0.08681153506040573
2716,-1.520304799079895,-1.5387452840805054,0.010113302618265152,0.008327173069119453,0.08678573369979858
2717,-1.575197458267212,-1.6462903022766113,0.03263406455516815,0.03845882788300514,0.08675987273454666
2718,-1.221505880355835,-1.3949885368347168,0.08959924429655075,0.0838833749294281,0.08673401921987534
2719,-1.5802035331726074,-1.6017076969146729,0.012167757377028465,0.009336316958069801,0.08670813590288162
2720,-1.2767738103866577,-1.3560391664505005,0.037620943039655685,0.041644420474767685,0.0866822749376297
2721,-1.6961696147918701,-1.7120305299758911,0.006284474860876799,0.00957641564309597,0.0866563618183136
2722,-1.507757544517517,-1.5717073678970337,0.03354626148939133,0.030403640121221542,0.08663058280944824
2723,-1.3552134037017822,-1.4304492473602295,0.042337946593761444,0.03289800137281418,0.08660478889942169
2724,-1.2785564661026,-1.3069720268249512,0.016652649268507957,0.011762915179133415,0.0865791067481041
2725,-1.4691004753112793,-1.5810346603393555,0.05870360881090164,0.05323057621717453,0.08655345439910889
2726,-1.5994207859039307,-1.61635160446167,0.008974330499768257,0.007956517860293388,0.08652782440185547
2727,-1.4478516578674316,-1.509865641593933,0.0319000743329525,0.030113887041807175,0.08650226891040802
2728,-1.8250758647918701,-1.8707866668701172,0.02610504999756813,0.019605783745646477,0.08647666126489639
2729,-1.6780680418014526,-1.749603271484375,0.037590909749269485,0.03394433483481407,0.08645099401473999
2730,-1.3886752128601074,-1.4816967248916626,0.05136977508664131,0.041651785373687744,0.0864253118634224
2731,-1.5491591691970825,-1.5717766284942627,0.009051265195012093,0.013566108420491219,0.0863996222615242
2732,-1.515167236328125,-1.6107012033462524,0.044585153460502625,0.05094882473349571,0.08637390285730362
2733,-1.704850673675537,-1.7180912494659424,0.006548494566231966,0.006692105438560247,0.08634820580482483
2734,-1.5732367038726807,-1.6324714422225952,0.030229469761252403,0.02900531142950058,0.08632243424654007
2735,-1.5897972583770752,-1.6143100261688232,0.010526087135076523,0.013986662030220032,0.08629662543535233
2736,-1.775382161140442,-1.788414716720581,0.006148871965706348,0.006883788853883743,0.08627080917358398
2737,-1.6217164993286133,-1.646392583847046,0.0125772999599576,0.012098763138055801,0.08624503761529922
2738,-1.358569860458374,-1.378930687904358,0.011543264612555504,0.008817533031105995,0.08621928095817566
2739,-1.4470696449279785,-1.5073131322860718,0.03570668399333954,0.024536877870559692,0.08619360625743866
2740,-1.7669732570648193,-1.7816458940505981,0.005897139199078083,0.00877546425908804,0.0861678421497345
2741,-1.6167699098587036,-1.8312020301818848,0.1083293929696083,0.10610271245241165,0.08614208549261093
2742,-1.6097073554992676,-1.6664847135543823,0.03114846721291542,0.02562890760600567,0.08611637353897095
2743,-1.3364958763122559,-1.405841588973999,0.0395246185362339,0.029821084812283516,0.08609067648649216
2744,-1.6932563781738281,-1.7234355211257935,0.01413198746740818,0.01604711264371872,0.08606497943401337
2745,-1.6593438386917114,-1.7159391641616821,0.03131338953971863,0.025281963869929314,0.08603925257921219
2746,-1.7161006927490234,-1.768722653388977,0.03244037553668022,0.02018149197101593,0.08601357042789459
2747,-1.4612370729446411,-1.4867339134216309,0.0122861722484231,0.013210680335760117,0.08598785847425461
2748,-1.4941004514694214,-1.507459044456482,0.00659793009981513,0.006760734133422375,0.08596217632293701
2749,-1.605377197265625,-1.667832374572754,0.03092891164124012,0.031526219099760056,0.08593656122684479
2750,-1.316102385520935,-1.4689308404922485,0.07404830306768417,0.0787801742553711,0.08591093122959137
2751,-1.5002341270446777,-1.6135791540145874,0.05929535627365112,0.054049789905548096,0.08588531613349915
2752,-1.7617794275283813,-1.779290795326233,0.009036995470523834,0.008474331349134445,0.08585966378450394
2753,-1.4040807485580444,-1.6062626838684082,0.10379303991794586,0.09838893264532089,0.08583403378725052
2754,-1.3897196054458618,-1.4051158428192139,0.007621335331350565,0.007775004021823406,0.0858084186911583
2755,-1.5163817405700684,-1.533033847808838,0.006737023591995239,0.009915072470903397,0.08578278869390488
2756,-1.723878026008606,-1.7410264015197754,0.00920553132891655,0.007942834869027138,0.08575714379549026
2757,-1.6085588932037354,-1.6713756322860718,0.036929164081811905,0.025887608528137207,0.08573164790868759
2758,-1.6162339448928833,-1.6829237937927246,0.03854190558195114,0.028147883713245392,0.08570612221956253
2759,-1.696709156036377,-1.7605369091033936,0.029792960733175278,0.034034788608551025,0.08568062633275986
2760,-1.623163104057312,-1.6795061826705933,0.03436971455812454,0.02197333425283432,0.08565505594015121
2761,-1.564575433731079,-1.607914686203003,0.027170099318027496,0.016169194132089615,0.08562947064638138
2762,-1.572021245956421,-1.5839756727218628,0.0066107274033129215,0.005343663040548563,0.08560393750667572
2763,-0.5204691290855408,-1.7566275596618652,0.6040878295898438,0.6320706009864807,0.08557838946580887
2764,-1.503932237625122,-1.6096559762954712,0.05381505563855171,0.051908671855926514,0.08555275946855545
2765,-1.6495131254196167,-1.7195086479187012,0.02947293408215046,0.04052256420254707,0.0855272114276886
2766,-1.4643477201461792,-1.497280240058899,0.014934683218598366,0.017997806891798973,0.08550168573856354
2767,-1.6402698755264282,-1.697474479675293,0.030410371720790863,0.026794174686074257,0.08547614514827728
2768,-1.6023468971252441,-1.6219851970672607,0.010153401643037796,0.00948483869433403,0.08545061200857162
2769,-1.3702880144119263,-1.4402365684509277,0.03813118860125542,0.03181733936071396,0.08542513102293015
2770,-1.4001562595367432,-1.485629916191101,0.04388498514890671,0.0415886715054512,0.08539963513612747
2771,-1.6085565090179443,-1.6764347553253174,0.04330185428261757,0.02457643300294876,0.08537418395280838
2772,-1.563077688217163,-1.5928529500961304,0.011888746172189713,0.017886506393551826,0.08534877002239227
2773,-1.5702080726623535,-1.622615098953247,0.028499260544776917,0.023907730355858803,0.08532339334487915
2774,-1.239033818244934,-1.2629573345184326,0.011712747626006603,0.012210780754685402,0.08529803156852722
2775,-1.46067214012146,-1.5202631950378418,0.029609018936753273,0.029982149600982666,0.0852726548910141
2776,-1.6906440258026123,-1.738603949546814,0.02229594811797142,0.025663958862423897,0.08524728566408157
2777,-1.5373122692108154,-1.556983232498169,0.011036223731935024,0.008634736761450768,0.08522186428308487
2778,-1.5157384872436523,-1.5264674425125122,0.0047463406808674335,0.005982635542750359,0.08519645035266876
2779,-1.5592120885849,-1.6199513673782349,0.03394928574562073,0.02679000236093998,0.08517100661993027
2780,-0.22212910652160645,-1.563064694404602,0.6764081120491028,0.6645274758338928,0.08514554053544998
2781,-1.5708481073379517,-1.6347687244415283,0.044765204191207886,0.01915539614856243,0.08512020856142044
2782,-1.710374355316162,-1.7734570503234863,0.029918093234300613,0.033164676278829575,0.0850948691368103
2783,-1.52402925491333,-1.5387359857559204,0.0074370545335114,0.007269617170095444,0.08506955206394196
2784,-1.6356910467147827,-1.6739776134490967,0.02080930769443512,0.017477281391620636,0.0850442424416542
2785,-1.5847865343093872,-1.6129728555679321,0.013973228633403778,0.01421314012259245,0.08501886576414108
2786,-1.6505218744277954,-1.6896922588348389,0.021497156471014023,0.017673272639513016,0.08499351143836975
2787,-1.5985716581344604,-1.6419782638549805,0.0250934436917305,0.018313204869627953,0.08496817946434021
2788,-1.4747170209884644,-1.5589354038238525,0.047813210636377335,0.03640519082546234,0.08494290709495544
2789,-1.5388034582138062,-1.5669020414352417,0.012929070740938187,0.01516949012875557,0.08491761237382889
2790,-1.628341555595398,-1.6975669860839844,0.03720005601644516,0.03202534466981888,0.08489242941141129
2791,-1.3632923364639282,-1.4537241458892822,0.04762803763151169,0.04280373454093933,0.08486723899841309
2792,-0.6800286769866943,-1.3659337759017944,0.37021729350090027,0.31568774580955505,0.08484204858541489
2793,-1.5443601608276367,-1.5822622776031494,0.017601897940039635,0.020300276577472687,0.08481685072183609
2794,-1.4710170030593872,-1.4907612800598145,0.011092056520283222,0.008652164600789547,0.0847916528582573
2795,-1.4675785303115845,-1.5070644617080688,0.01750829629600048,0.021977638825774193,0.0847664326429367
2796,-1.7280265092849731,-1.7472825050354004,0.010096119716763496,0.009159978479146957,0.08474113047122955
2797,-1.6350369453430176,-1.6852238178253174,0.02779969945549965,0.022387107834219933,0.08471596240997314
2798,-1.616888403892517,-1.65582275390625,0.019797923043370247,0.01913641020655632,0.08469077944755554
2799,-1.4275935888290405,-1.46976900100708,0.028808820992708206,0.013366540893912315,0.0846656858921051
2800,-1.5716887712478638,-1.6178828477859497,0.018316661939024925,0.027877449989318848,0.08464055508375168
2801,-1.6500087976455688,-1.6985547542572021,0.025996414944529533,0.02254946157336235,0.08461539447307587
2802,-1.6462457180023193,-1.6907541751861572,0.025141583755612373,0.019366828724741936,0.08459027856588364
2803,-1.457667350769043,-1.5318446159362793,0.03948169946670532,0.03469567373394966,0.0845651924610138
2804,-1.49838387966156,-1.51327383518219,0.007616840302944183,0.007273049559444189,0.08454009890556335
2805,-1.3984565734863281,-1.6301900148391724,0.12228766083717346,0.10944582521915436,0.0845150277018547
2806,-1.5694551467895508,-1.6256937980651855,0.026476550847291946,0.029762111604213715,0.08448998630046844
2807,-1.7443559169769287,-1.7845642566680908,0.02533106692135334,0.014877368696033955,0.08446501195430756
2808,-1.7521140575408936,-1.7723004817962646,0.007754541002213955,0.012431814335286617,0.08443998545408249
2809,-1.5901072025299072,-1.6183867454528809,0.01466943509876728,0.013610105030238628,0.08441494405269623
2810,-1.597346305847168,-1.673911690711975,0.041504424065351486,0.035061050206422806,0.08438986539840698
2811,-1.4444997310638428,-1.4857513904571533,0.02384057268500328,0.017411107197403908,0.08436470478773117
2812,-1.4386812448501587,-1.5083262920379639,0.038865040987730026,0.03077998012304306,0.08433960378170013
2813,-1.638235330581665,-1.6623960733413696,0.013998141512274742,0.010162625461816788,0.08431456983089447
2814,-1.7566884756088257,-1.7763330936431885,0.008217512629926205,0.011427209712564945,0.08428950607776642
2815,-1.5387364625930786,-1.546778917312622,0.003773778211325407,0.004268643446266651,0.08426441252231598
2816,-1.6781516075134277,-1.694034218788147,0.00848449021577835,0.0073980847373604774,0.08423932641744614
2817,-1.645302176475525,-1.6656389236450195,0.00859892275184393,0.011737837456166744,0.08421418070793152
2818,-1.3998091220855713,-1.5173388719558716,0.06440545618534088,0.053124282509088516,0.08418899029493332
2819,-1.6863789558410645,-1.7111148834228516,0.01332893781363964,0.011407052166759968,0.08416376262903214
2820,-1.7224409580230713,-1.737924575805664,0.009446369484066963,0.006037179846316576,0.08413860201835632
2821,-1.610561728477478,-1.6323893070220947,0.01277961302548647,0.009048019535839558,0.08411342650651932
2822,-1.7055047750473022,-1.7682466506958008,0.031257424503564835,0.0314844585955143,0.0840882658958435
2823,-1.4801222085952759,-1.5912137031555176,0.06801468133926392,0.043076831847429276,0.0840631052851677
2824,-1.6485352516174316,-1.7508876323699951,0.06185107305645943,0.04050132632255554,0.08403787761926651
2825,-1.7488582134246826,-1.7585339546203613,0.005855919793248177,0.003819781355559826,0.0840127170085907
2826,-1.5608618259429932,-1.5774271488189697,0.00881209783256054,0.0077532087452709675,0.08398758620023727
2827,-1.296992540359497,-1.400094985961914,0.04731312021613121,0.05578931048512459,0.08396239578723907
2828,-1.3401540517807007,-1.3877476453781128,0.02514512464404106,0.0224484633654356,0.08393723517656326
2829,-1.6650301218032837,-1.6793456077575684,0.006896880455315113,0.00741866510361433,0.08391208946704865
2830,-1.8259681463241577,-1.8549861907958984,0.01511457096785307,0.01390354335308075,0.08388692140579224
2831,-1.6902132034301758,-1.7061941623687744,0.006568008102476597,0.00941295176744461,0.08386168628931046
2832,-1.8048186302185059,-1.8727604150772095,0.03377712517976761,0.03416461497545242,0.08383649587631226
2833,-1.5996899604797363,-1.6112346649169922,0.005794874858111143,0.005749776493757963,0.08381135761737823
2834,-1.6515644788742065,-1.6635658740997314,0.0068611865863204,0.005140155553817749,0.083786241710186
2835,-1.437888741493225,-1.5200603008270264,0.043933093547821045,0.03823845461010933,0.08376115560531616
2836,-1.3676344156265259,-1.4174962043762207,0.024672165513038635,0.025189680978655815,0.08373607695102692
2837,-1.5618292093276978,-1.6066454648971558,0.02580709010362625,0.019009150564670563,0.08371100574731827
2838,-1.6917659044265747,-1.7154910564422607,0.013553019613027573,0.010172154754400253,0.08368589729070663
2839,-1.3343666791915894,-1.3868865966796875,0.024650469422340393,0.027869466692209244,0.08366084098815918
2840,-1.678493857383728,-1.6962838172912598,0.007719673216342926,0.010070336982607841,0.0836358368396759
2841,-1.51722252368927,-1.569987416267395,0.02716895379126072,0.025595957413315773,0.0836109146475792
2842,-1.7214502096176147,-1.7570756673812866,0.019172055646777153,0.01645343378186226,0.08358602225780487
2843,-1.4832578897476196,-1.5464999675750732,0.039557673037052155,0.02368432655930519,0.08356115221977234
2844,-1.5606766939163208,-1.5978258848190308,0.02095726691186428,0.016191918402910233,0.0835362896323204
2845,-1.5361558198928833,-1.558692216873169,0.01160831842571497,0.010928042232990265,0.08351152390241623
2846,-1.5548466444015503,-1.5696288347244263,0.006434492766857147,0.008347748778760433,0.08348671346902847
2847,-1.8013567924499512,-1.829219937324524,0.018006620928645134,0.00985655002295971,0.08346189558506012
2848,-1.6733582019805908,-1.723418116569519,0.02400122955441475,0.026058657094836235,0.08343708515167236
2849,-1.543139100074768,-1.6072596311569214,0.03966248780488968,0.0244580265134573,0.08341220766305923
2850,-1.4257800579071045,-1.4951385259628296,0.03572404012084007,0.033634405583143234,0.08338729292154312
2851,-1.5520397424697876,-1.6022669076919556,0.023655887693166733,0.026571281254291534,0.08336236327886581
2852,-1.5116636753082275,-1.5454275608062744,0.01643567532300949,0.017328225076198578,0.08333752304315567
2853,-1.3307794332504272,-1.444570779800415,0.058425422757864,0.05536588653922081,0.08331271260976791
2854,-1.603279709815979,-1.6348035335540771,0.018329882994294167,0.01319392304867506,0.08328776806592941
2855,-1.5000361204147339,-1.525408148765564,0.011484847404062748,0.013887196779251099,0.08326289057731628
2856,-1.462265968322754,-1.5031620264053345,0.022162681445479393,0.018733426928520203,0.08323799818754196
2857,-1.5140975713729858,-1.5398117303848267,0.013537375256419182,0.012176735326647758,0.08321317285299301
2858,-1.6419113874435425,-1.722952961921692,0.039223894476890564,0.041817694902420044,0.08318834006786346
2859,-1.6426661014556885,-1.6619735956192017,0.00989912636578083,0.009408405050635338,0.08316343277692795
2860,-1.6681653261184692,-1.704683780670166,0.02159147523343563,0.01492704451084137,0.0831385925412178
2861,-1.5794758796691895,-1.6078685522079468,0.016465678811073303,0.011927048675715923,0.08311372250318527
2862,-1.6377182006835938,-1.754443645477295,0.0628822073340416,0.05384324863553047,0.08308885246515274
2863,-1.6951080560684204,-1.7278231382369995,0.016665050759911537,0.016049988567829132,0.0830640196800232
2864,-1.2341647148132324,-1.3220601081848145,0.04710213094949722,0.040793273597955704,0.08303914964199066
2865,-1.5266066789627075,-1.5845928192138672,0.02808244898915291,0.029903631657361984,0.08301427960395813
2866,-1.5421156883239746,-1.6051543951034546,0.0351979024708271,0.027840830385684967,0.08298952877521515
2867,-1.2094169855117798,-1.2991949319839478,0.05033322423696518,0.03944467008113861,0.08296487480401993
2868,-1.7149736881256104,-1.740178108215332,0.014750015921890736,0.010454387404024601,0.08294021338224411
2869,-1.565842866897583,-1.740358591079712,0.08651605993509293,0.08799965679645538,0.0829155221581459
2870,-1.5775179862976074,-1.6523469686508179,0.04123489931225777,0.03359415754675865,0.08289073407649994
2871,-1.5334104299545288,-1.5756995677947998,0.023414161056280136,0.01887505128979683,0.08286585658788681
2872,-1.5305496454238892,-1.5579674243927002,0.016368146985769272,0.01104957889765501,0.08284100890159607
2873,-1.3907239437103271,-1.453629970550537,0.03854168578982353,0.02436431683599949,0.08281616121530533
2874,-1.4704111814498901,-1.5186042785644531,0.024420030415058136,0.02377302199602127,0.08279142528772354
2875,-1.3874387741088867,-1.431925654411316,0.025490231812000275,0.01899653673171997,0.08276669681072235
2876,-1.5210070610046387,-1.5700616836547852,0.02695024013519287,0.022104429081082344,0.08274201303720474
2877,-1.560979962348938,-1.60700523853302,0.025102507323026657,0.02092275209724903,0.08271727710962296
2878,-1.59012770652771,-1.6108648777008057,0.01127462275326252,0.009462638758122921,0.08269251137971878
2879,-1.3996500968933105,-1.4382336139678955,0.017808012664318085,0.020775532349944115,0.08266767859458923
2880,-1.7671350240707397,-1.807148814201355,0.022953098639845848,0.017060674726963043,0.08264284580945969
2881,-1.401528239250183,-1.4466822147369385,0.022913943976163864,0.022240031510591507,0.0826181024312973
2882,-1.5701738595962524,-1.600966453552246,0.015434164553880692,0.01535841729491949,0.08259332925081253
2883,-1.6365516185760498,-1.698603868484497,0.032351505011320114,0.02970069646835327,0.08256863802671432
2884,-1.5578689575195312,-1.6530324220657349,0.04667747765779495,0.04848597198724747,0.08254393190145493
2885,-1.295624852180481,-1.3752312660217285,0.0422600656747818,0.03734637796878815,0.08251921832561493
2886,-1.4047454595565796,-1.4239305257797241,0.011097892187535763,0.008087214082479477,0.08249454945325851
2887,-1.6076569557189941,-1.6223933696746826,0.008164340630173683,0.0065720900893211365,0.0824698731303215
2888,-1.8228527307510376,-1.8475565910339355,0.015522323548793793,0.009181555360555649,0.08244531601667404
2889,-1.4144189357757568,-1.4497464895248413,0.016880368813872337,0.01844720169901848,0.08242075145244598
2890,-1.45897376537323,-1.5104864835739136,0.02667636051774025,0.024836285039782524,0.08239614963531494
2891,-1.6046749353408813,-1.6405386924743652,0.016767889261245728,0.019095856696367264,0.08237151801586151
2892,-1.542362093925476,-1.578100562095642,0.018976714462041855,0.016761766746640205,0.08234687894582748
2893,-1.354918360710144,-1.4675168991088867,0.06188693270087242,0.05071167275309563,0.08232232183218002
2894,-1.5885541439056396,-1.6315155029296875,0.018990494310855865,0.02397078461945057,0.08229771256446838
2895,-1.5349507331848145,-1.573214054107666,0.021349092945456505,0.016914231702685356,0.08227302879095078
2896,-1.468319058418274,-1.5414434671401978,0.03303849324584007,0.04008592665195465,0.08224830031394958
2897,-1.4357119798660278,-1.479235291481018,0.025558458641171455,0.0179648008197546,0.08222359418869019
2898,-1.781632900238037,-1.8013721704483032,0.007797611877322197,0.011941615492105484,0.08219894021749496
2899,-1.6224915981292725,-1.6640243530273438,0.02067909575998783,0.02085360884666443,0.08217422664165497
2900,-1.6652060747146606,-1.712491512298584,0.0283057764172554,0.018979638814926147,0.08214958757162094
2901,-1.4566805362701416,-1.5679969787597656,0.05549490824341774,0.05582154542207718,0.0821249708533287
2902,-1.6068270206451416,-1.656987190246582,0.028357351198792458,0.02180277183651924,0.08210032433271408
2903,-1.7612735033035278,-1.7892404794692993,0.012397879734635353,0.015569137409329414,0.08207566291093826
2904,-1.5135165452957153,-1.568777322769165,0.032563697546720505,0.022697148844599724,0.0820511057972908
2905,-1.697160243988037,-1.7293968200683594,0.020927855744957924,0.01130868773907423,0.08202657848596573
2906,-1.3788772821426392,-1.4545395374298096,0.03800385072827339,0.03765840083360672,0.08200215548276901
2907,-1.327370047569275,-1.4007841348648071,0.037603672593832016,0.03581050783395767,0.08197784423828125
2908,-1.5445195436477661,-1.5707921981811523,0.01326740626245737,0.013005237095057964,0.0819534882903099
2909,-1.243834137916565,-1.3019360303878784,0.029005011543631554,0.02909688651561737,0.08192913234233856
2910,-1.437208652496338,-1.4897955656051636,0.02604980766773224,0.026537006720900536,0.08190477639436722
2911,-1.6780321598052979,-1.702291488647461,0.014042297378182411,0.010217124596238136,0.08188045024871826
2912,-1.7055553197860718,-1.735787272453308,0.016719432547688484,0.01351246703416109,0.08185610920190811
2913,-1.5368154048919678,-1.5598046779632568,0.011412899941205978,0.011576446704566479,0.08183177560567856
2914,-1.521406650543213,-1.5945416688919067,0.03761252388358116,0.035522475838661194,0.08180736750364304
2915,-1.6232960224151611,-1.651144027709961,0.013362834230065346,0.014485142193734646,0.0817829966545105
2916,-1.6623703241348267,-1.6752448081970215,0.005548562854528427,0.0073259128257632256,0.08175862580537796
2917,-1.6802124977111816,-1.754284143447876,0.03861267864704132,0.03545893356204033,0.0817343220114708
2918,-1.6246026754379272,-1.672953724861145,0.02374008111655712,0.024610955268144608,0.08170998096466064
2919,-1.605032205581665,-1.6304850578308105,0.012230840511620045,0.013222003355622292,0.08168569207191467
2920,-1.5707271099090576,-1.6391868591308594,0.035764697939157486,0.03269508108496666,0.0816613957285881
2921,-1.7893273830413818,-1.8217244148254395,0.016821030527353287,0.015576021745800972,0.0816371738910675
2922,-1.6104522943496704,-1.6693212985992432,0.03278220444917679,0.026086775586009026,0.08161289244890213
2923,-1.459757924079895,-1.5176334381103516,0.02544834278523922,0.03242717310786247,0.08158858865499496
2924,-1.375280737876892,-1.4714452028274536,0.0511799082159996,0.04498458653688431,0.0815642774105072
2925,-1.4104183912277222,-1.4612971544265747,0.023221924901008606,0.027656788006424904,0.08153989911079407
2926,-1.6200587749481201,-1.7025153636932373,0.04223085194826126,0.04022569581866264,0.0815156027674675
2927,-1.666597843170166,-1.6994236707687378,0.017068687826395035,0.01575709879398346,0.08149126917123795
2928,-1.6122843027114868,-1.6346728801727295,0.010182320140302181,0.012206269428133965,0.0814669281244278
2929,-1.6466190814971924,-1.671427607536316,0.013763422146439552,0.011045136488974094,0.08144257962703705
2930,-1.50226628780365,-1.5663470029830933,0.03139307349920273,0.032687656581401825,0.0814182311296463
2931,-1.454892635345459,-1.5391058921813965,0.04454709589481354,0.03966618329286575,0.08139383792877197
2932,-1.4662574529647827,-1.503727674484253,0.017883386462926865,0.019586822018027306,0.08136948198080063
2933,-1.718029499053955,-1.7465770244598389,0.01572505757212639,0.012822563759982586,0.08134520053863525
2934,-1.552486538887024,-1.5754814147949219,0.01580880396068096,0.0071860626339912415,0.08132090419530869
2935,-1.2573052644729614,-1.358942985534668,0.05152636021375656,0.050111446529626846,0.08129672706127167
2936,-1.7690180540084839,-1.7841883897781372,0.008869186975061893,0.006301174405962229,0.08127260208129883
2937,-1.5118883848190308,-1.5669517517089844,0.0305626280605793,0.024500707164406776,0.08124847710132599
2938,-1.5578010082244873,-1.6129719018936157,0.033751651644706726,0.021419251337647438,0.08122438192367554
2939,-1.5696605443954468,-1.5881016254425049,0.009598757140338421,0.008842342533171177,0.0812002420425415
2940,-1.5337355136871338,-1.5536166429519653,0.009873869828879833,0.01000729575753212,0.08117607980966568
2941,-1.5876107215881348,-1.6117812395095825,0.012538743205368519,0.011631744913756847,0.08115196973085403
2942,-1.7241218090057373,-1.7813142538070679,0.0281559806317091,0.02903658151626587,0.08112782984972
2943,-1.7293814420700073,-1.7625956535339355,0.01623709686100483,0.01697711832821369,0.08110367506742477
2944,-1.691819429397583,-1.7088205814361572,0.007414073217660189,0.009587038308382034,0.08107957988977432
2945,-1.3213706016540527,-1.342583417892456,0.010977046564221382,0.010235757566988468,0.08105548471212387
2946,-1.4917380809783936,-1.5172730684280396,0.012241424061357975,0.01329348236322403,0.08103132992982864
2947,-1.447695255279541,-1.5257993936538696,0.04348279908299446,0.03462131693959236,0.08100718259811401
2948,-1.2357341051101685,-1.3922338485717773,0.07445552945137024,0.08204423636198044,0.08098304271697998
2949,-1.474577784538269,-1.514684796333313,0.020158929750323296,0.01994810625910759,0.08095885813236237
2950,-1.6176077127456665,-1.6484096050262451,0.013151179999113083,0.017650755122303963,0.08093467354774475
2951,-1.6166579723358154,-1.680653691291809,0.02943810448050499,0.03455764055252075,0.08091045916080475
2952,-1.4872432947158813,-1.5250319242477417,0.01998879760503769,0.01779988780617714,0.08088627457618713
2953,-1.2872517108917236,-1.3359265327453613,0.02365577220916748,0.025019081309437752,0.0808621346950531
2954,-1.790220856666565,-1.8104016780853271,0.008806930854916573,0.011373831890523434,0.0808379054069519
2955,-1.5011587142944336,-1.533652901649475,0.014358622021973133,0.018135588616132736,0.08081367611885071
2956,-1.7284477949142456,-1.782155990600586,0.024302413687109947,0.029405828565359116,0.0807894617319107
2957,-1.4422261714935303,-1.5408705472946167,0.051313117146492004,0.047331247478723526,0.0807652398943901
2958,-1.6050406694412231,-1.634993314743042,0.014718212187290192,0.015234475955367088,0.08074109256267548
2959,-1.7112481594085693,-1.7329407930374146,0.011782696470618248,0.0099099762737751,0.08071697503328323
2960,-1.5696494579315186,-1.5905845165252686,0.01211503241211176,0.008820068091154099,0.08069290220737457
2961,-1.6576956510543823,-1.6820095777511597,0.010362129658460617,0.013951768167316914,0.08066889643669128
2962,-1.3887324333190918,-1.4540138244628906,0.02696347050368786,0.03831789642572403,0.08064482361078262
2963,-1.498580813407898,-1.5444729328155518,0.019325612112879753,0.02656654641032219,0.08062079548835754
2964,-1.6593958139419556,-1.6779168844223022,0.011114099994301796,0.007406999822705984,0.08059676736593246
2965,-1.116268515586853,-1.4179723262786865,0.1542070358991623,0.14749686419963837,0.08057281374931335
2966,-1.726129412651062,-1.7716760635375977,0.024284714832901955,0.0212619137018919,0.08054883778095245
2967,-1.5193361043930054,-1.578301191329956,0.026515692472457886,0.032449375838041306,0.08052489906549454
2968,-1.537710428237915,-1.5703134536743164,0.013723114505410194,0.018879905343055725,0.08050096035003662
2969,-1.671125888824463,-1.7043066024780273,0.017116906121373177,0.016063781455159187,0.08047708868980408
2970,-1.3379607200622559,-1.377822995185852,0.020964358001947403,0.01889783702790737,0.08045320212841034
2971,-1.7728338241577148,-1.7927368879318237,0.009887291118502617,0.010015694424510002,0.08042928576469421
2972,-1.4065592288970947,-1.448969841003418,0.01933468133211136,0.023075954988598824,0.0804053544998169
2973,-1.7383601665496826,-1.770000696182251,0.015194574370980263,0.016445958986878395,0.08038141578435898
2974,-1.4104986190795898,-1.4430891275405884,0.01775691658258438,0.014833602122962475,0.08035748451948166
2975,-1.5901525020599365,-1.62493097782135,0.014762360602617264,0.020016029477119446,0.08033362030982971
2976,-1.6479967832565308,-1.7384636402130127,0.04868202656507492,0.04178483411669731,0.08030979335308075
2977,-0.8668285608291626,-1.3226723670959473,0.23739349842071533,0.21845030784606934,0.08028599619865417
2978,-1.426961898803711,-1.4548670053482056,0.014294030144810677,0.01361109595745802,0.080262191593647
2979,-1.412720799446106,-1.4344007968902588,0.008167457766830921,0.013512483797967434,0.08023834973573685
2980,-1.5203235149383545,-1.5509921312332153,0.01809654012322426,0.012571996077895164,0.08021457493305206
2981,-1.490285873413086,-1.5552517175674438,0.029930371791124344,0.03503550589084625,0.0801907479763031
2982,-1.5787485837936401,-1.612216591835022,0.01830514334142208,0.015162779949605465,0.08016695082187653
2983,-1.5665699243545532,-1.6019959449768066,0.018288729712367058,0.017137307673692703,0.08014307916164398
2984,-1.4805028438568115,-1.5603723526000977,0.03784923255443573,0.04202037304639816,0.08011921495199203
2985,-1.530335783958435,-1.5797251462936401,0.024571113288402557,0.024818293750286102,0.08009541779756546
2986,-1.4702961444854736,-1.497255563735962,0.015108836814761162,0.011850630864501,0.08007161319255829
2987,-1.6070349216461182,-1.6235836744308472,0.005829863250255585,0.010718912817537785,0.08004783093929291
2988,-1.8209919929504395,-1.86775803565979,0.02419896423816681,0.022567009553313255,0.0800241082906723
2989,-1.6517149209976196,-1.6872562170028687,0.018401196226477623,0.017140207812190056,0.08000035583972931
2990,-1.4584177732467651,-1.5457500219345093,0.04375578835606575,0.04357649013400078,0.07997667044401169
2991,-1.7045701742172241,-1.7525084018707275,0.021868471056222916,0.02606978267431259,0.07995297759771347
2992,-1.42440927028656,-1.4550198316574097,0.01526817586272955,0.015342405065894127,0.07992924749851227
2993,-1.5726374387741089,-1.6190404891967773,0.021997783333063126,0.024405185133218765,0.07990553975105286
2994,-1.4516000747680664,-1.5519694089889526,0.0477716326713562,0.0525977797806263,0.07988186180591583
2995,-1.72970712184906,-1.7581171989440918,0.016943419352173805,0.01146666705608368,0.0798582136631012
2996,-1.648877739906311,-1.6670523881912231,0.00863388366997242,0.00954077485948801,0.07983453571796417
2997,-1.596247911453247,-1.6187984943389893,0.010237512178719044,0.012313086539506912,0.07981085777282715
2998,-1.5869113206863403,-1.6329631805419922,0.020272228866815567,0.0257796049118042,0.07978717237710953
2999,-1.4148346185684204,-1.4454290866851807,0.01564166136085987,0.014952721074223518,0.07976344972848892
3000,-1.595686912536621,-1.6277000904083252,0.01740863174200058,0.014604542404413223,0.07973968237638474
3001,-1.3692983388900757,-1.3927327394485474,0.009779094718396664,0.013655362650752068,0.07971592247486115
3002,-1.3937244415283203,-1.4154716730117798,0.011212887242436409,0.01053430326282978,0.07969220727682114
3003,-1.3903106451034546,-1.4465885162353516,0.026449164375662804,0.029828647151589394,0.07966852188110352
3004,-1.6202776432037354,-1.640173077583313,0.008964293636381626,0.010931179858744144,0.07964487373828888
3005,-1.4192951917648315,-1.4584002494812012,0.019720304757356644,0.01938473805785179,0.07962121814489365
3006,-1.8931735754013062,-1.907637119293213,0.006849208846688271,0.007614425383508205,0.07959762960672379
3007,-1.4285343885421753,-1.4968048334121704,0.034201640635728836,0.03406877815723419,0.07957398146390915
3008,-1.6258889436721802,-1.6446897983551025,0.008764770813286304,0.010036163032054901,0.0795503631234169
3009,-1.5104515552520752,-1.5333597660064697,0.012525242753326893,0.01038304716348648,0.07952681183815002
3010,-1.3689775466918945,-1.413016676902771,0.02279101312160492,0.021248076111078262,0.07950325310230255
3011,-1.4858726263046265,-1.518817663192749,0.016667621210217476,0.016277454793453217,0.07947969436645508
3012,-1.8325202465057373,-1.8526346683502197,0.008756851777434349,0.011357598006725311,0.0794561430811882
3013,-1.7511337995529175,-1.7824771404266357,0.01603546552360058,0.015307898633182049,0.0794326514005661
3014,-1.4227367639541626,-1.4399868249893188,0.006787726655602455,0.010462336242198944,0.07940924912691116
3015,-1.6541955471038818,-1.6765223741531372,0.01103814784437418,0.011288626119494438,0.07938589155673981
3016,-1.6015979051589966,-1.6321098804473877,0.014323322102427483,0.016188565641641617,0.07936251908540726
3017,-1.2838948965072632,-1.3286880254745483,0.02788609080016613,0.016907112672924995,0.07933911681175232
3018,-1.4715025424957275,-1.4842959642410278,0.004562694579362869,0.008230681531131268,0.07931572198867798
3019,-1.562730073928833,-1.5827124118804932,0.011543755419552326,0.00843858066946268,0.07929227501153946
3020,-1.6272987127304077,-1.6518514156341553,0.012289323844015598,0.012263386510312557,0.07926885783672333
3021,-1.5395671129226685,-1.567832589149475,0.015866830945014954,0.012398650869727135,0.0792454406619072
3022,-1.5792779922485352,-1.600607991218567,0.006124292034655809,0.015205749310553074,0.07922203838825226
3023,-1.46486234664917,-1.4769660234451294,0.0059347632341086864,0.006168974097818136,0.07919859886169434
3024,-1.706334114074707,-1.7296955585479736,0.013581275939941406,0.009780202992260456,0.07917505502700806
3025,-1.4467543363571167,-1.5482109785079956,0.04879017174243927,0.05266648158431053,0.07915156334638596
3026,-1.6082168817520142,-1.6468321084976196,0.018374836072325706,0.020240383222699165,0.07912807166576385
3027,-1.5823324918746948,-1.6341694593429565,0.02573787048459053,0.026099124923348427,0.07910462468862534
3028,-1.4280040264129639,-1.4810940027236938,0.02491162344813347,0.028178291395306587,0.07908127456903458
3029,-1.7242357730865479,-1.7368417978286743,0.00606091134250164,0.00654510548338294,0.07905793935060501
3030,-1.3955978155136108,-1.4149341583251953,0.010311749763786793,0.00902461539953947,0.07903458923101425
3031,-1.6974979639053345,-1.7305248975753784,0.019622305408120155,0.013404573313891888,0.0790112093091011
3032,-1.5984019041061401,-1.6595357656478882,0.03115883283317089,0.02997501567006111,0.07898779958486557
3033,-1.5993890762329102,-1.6177982091903687,0.0075969574972987175,0.010812105610966682,0.07896433770656586
3034,-1.4491169452667236,-1.4928314685821533,0.02097192406654358,0.02274259179830551,0.07894088327884674
3035,-1.5023317337036133,-1.5650725364685059,0.02754836715757847,0.03519250825047493,0.07891743630170822
3036,-1.4652681350708008,-1.5144847631454468,0.022418387234210968,0.02679826319217682,0.0788939893245697
3037,-1.7662206888198853,-1.781762957572937,0.0074998848140239716,0.00804237462580204,0.07887057960033417
3038,-1.6190390586853027,-1.645042061805725,0.012044137343764305,0.013958835043013096,0.07884714752435684
3039,-1.360255241394043,-1.421222448348999,0.029122136533260345,0.031845130026340485,0.07882373034954071
3040,-1.3946559429168701,-1.4333099126815796,0.02000080980360508,0.01865318976342678,0.07880032062530518
3041,-1.3936485052108765,-1.4103922843933105,0.006204902660101652,0.010538946837186813,0.07877691090106964
3042,-1.4589385986328125,-1.4986432790756226,0.02040810137987137,0.019296497106552124,0.07875349372625351
3043,-1.6920920610427856,-1.7306243181228638,0.017009852454066277,0.021522391587495804,0.07873010635375977
3044,-1.6050080060958862,-1.6362279653549194,0.015981853008270264,0.01523812860250473,0.07870669662952423
3045,-1.5251801013946533,-1.5511960983276367,0.015843261033296585,0.010172706097364426,0.0786832645535469
3046,-1.6003179550170898,-1.6721620559692383,0.03339456021785736,0.0384494885802269,0.07865983992815018
3047,-1.670215129852295,-1.688252568244934,0.010130456648766994,0.007907000370323658,0.07863648980855942
3048,-1.7332358360290527,-1.75935697555542,0.014390535652637482,0.011730527505278587,0.07861313968896866
3049,-1.3906430006027222,-1.484979271888733,0.047427330166101456,0.04690900444984436,0.07858982682228088
3050,-1.698486566543579,-1.7103486061096191,0.0064576067961752415,0.005404437426477671,0.0785665214061737
3051,-1.407535195350647,-1.4290727376937866,0.011229452677071095,0.010308153927326202,0.07854325324296951
3052,-1.456100344657898,-1.5074756145477295,0.027322901412844658,0.02405240572988987,0.0785200223326683
3053,-1.566321611404419,-1.6338551044464111,0.03791459649801254,0.029618917033076286,0.07849671691656113
3054,-1.5991021394729614,-1.6272813081741333,0.013578077778220177,0.014601062051951885,0.07847355306148529
3055,-1.4556671380996704,-1.4836273193359375,0.015499653294682503,0.012460500001907349,0.07845041155815125
3056,-1.334482192993164,-1.3940553665161133,0.028996018692851067,0.03057718463242054,0.0784272626042366
3057,-1.731831431388855,-1.7440959215164185,0.006574542261660099,0.005689957179129124,0.07840412855148315
3058,-1.3062957525253296,-1.3687480688095093,0.029743686318397522,0.03270865976810455,0.07838103175163269
3059,-1.4268312454223633,-1.4740983247756958,0.027750566601753235,0.01951652020215988,0.07835792005062103
3060,-1.3040645122528076,-1.338052749633789,0.018875613808631897,0.015112671069800854,0.07833484560251236
3061,-1.5506702661514282,-1.5772409439086914,0.013627189211547375,0.012943536043167114,0.07831184566020966
3062,-1.3495545387268066,-1.3944858312606812,0.024176526814699173,0.020754767581820488,0.07828889787197113
3063,-1.3806228637695312,-1.438608169555664,0.030376294627785683,0.02760894037783146,0.07826594263315201
3064,-1.4496738910675049,-1.4825981855392456,0.019288038834929466,0.013636263087391853,0.0782429575920105
3065,-1.6728285551071167,-1.7013651132583618,0.01460505835711956,0.013931519351899624,0.07821986824274063
3066,-1.5568262338638306,-1.5825235843658447,0.010833288542926311,0.014864083379507065,0.07819680124521255
3067,-1.4716321229934692,-1.4936320781707764,0.010077148675918579,0.011922825127840042,0.07817377895116806
3068,-1.1358675956726074,-1.4038572311401367,0.13442441821098328,0.13356520235538483,0.07815076410770416
3069,-1.5054070949554443,-1.5312387943267822,0.014708101749420166,0.011123666539788246,0.0781276673078537
3070,-1.555637240409851,-1.6088216304779053,0.02864762395620346,0.024536700919270515,0.07810453325510025
3071,-1.4376877546310425,-1.4636847972869873,0.012001610361039639,0.013995394110679626,0.07808144390583038
3072,-1.4549137353897095,-1.4834394454956055,0.01637176238000393,0.0121539905667305,0.07805829495191574
3073,-1.4592348337173462,-1.4903279542922974,0.01484040729701519,0.016252802684903145,0.07803512364625931
3074,-1.1193187236785889,-1.2283538579940796,0.05268086865544319,0.056354280561208725,0.07801209390163422
3075,-1.626665711402893,-1.6463158130645752,0.011507978662848473,0.00814213976264,0.07798901945352554
3076,-1.263340950012207,-1.2989109754562378,0.018793348222970963,0.01677662879228592,0.0779658854007721
3077,-1.5794503688812256,-1.6014245748519897,0.0122278593480587,0.009746309369802475,0.07794293761253357
3078,-1.7670296430587769,-1.797191858291626,0.01565711200237274,0.014505092054605484,0.07791989296674728
3079,-1.681638479232788,-1.7045693397521973,0.012043963186442852,0.01088692620396614,0.077896848320961
3080,-1.455509901046753,-1.566023588180542,0.055146872997283936,0.05536673590540886,0.07787393033504486
3081,-1.4703857898712158,-1.5155928134918213,0.022556614130735397,0.022650357335805893,0.0778510794043541
3082,-1.5476619005203247,-1.5945361852645874,0.02514001727104187,0.021734250709414482,0.0778283104300499
3083,-1.6198437213897705,-1.6506366729736328,0.018574245274066925,0.012218672782182693,0.07780557870864868
3084,-1.6718432903289795,-1.7172212600708008,0.025994230061769485,0.019383832812309265,0.07778278738260269
3085,-1.491543173789978,-1.5192992687225342,0.011075831018388271,0.016680236905813217,0.07776007056236267
3086,-1.577651023864746,-1.6056832075119019,0.008355040103197098,0.019677136093378067,0.0777372494339943
3087,-1.6250883340835571,-1.6807096004486084,0.028061531484127045,0.02755977027118206,0.07771442085504532
3088,-1.8468655347824097,-1.8631563186645508,0.008914344944059849,0.007376488298177719,0.07769159972667694
3089,-1.653318166732788,-1.682112455368042,0.015979697927832603,0.012814617715775967,0.07766880095005035
3090,-1.4027082920074463,-1.4497437477111816,0.024145498871803284,0.022890014573931694,0.07764608412981033
3091,-1.7700374126434326,-1.7868160009384155,0.00707749929279089,0.009701120667159557,0.0776233896613121
3092,-1.3892978429794312,-1.430130124092102,0.02685670740902424,0.013975672423839569,0.07760073989629745
3093,-1.5089081525802612,-1.526289463043213,0.010050930082798004,0.007330460008233786,0.07757806032896042
3094,-1.5689642429351807,-1.5855156183242798,0.010687742382287979,0.005863694939762354,0.07755544036626816
3095,-1.5068042278289795,-1.5455169677734375,0.020407110452651978,0.01830562762916088,0.07753279060125351
3096,-1.9120502471923828,-1.9284205436706543,0.009809641167521477,0.006560659036040306,0.07751020789146423
3097,-1.4146791696548462,-1.445551872253418,0.01478862389922142,0.01608402281999588,0.07748761028051376
3098,-1.3619232177734375,-1.3767638206481934,0.006189888343214989,0.008650720119476318,0.0774649828672409
3099,-1.4812616109848022,-1.4900115728378296,0.0036927845794707537,0.005057191476225853,0.07744243741035461
3100,-1.4002161026000977,-1.432984709739685,0.015235509723424911,0.017533019185066223,0.07741987705230713
3101,-1.6504634618759155,-1.6845130920410156,0.017876166850328445,0.01617348939180374,0.07739721238613129
3102,-1.3482404947280884,-1.3705862760543823,0.010303696617484093,0.01204204373061657,0.07737457752227783
3103,-1.3756849765777588,-1.4160655736923218,0.0230664424598217,0.017314255237579346,0.0773518905043602
3104,-1.8775277137756348,-1.8929495811462402,0.007721522822976112,0.007700364105403423,0.07732924073934555
3105,-1.6358623504638672,-1.6580642461776733,0.011937588453292847,0.010264238342642784,0.0773065909743309
3106,-1.4806209802627563,-1.5055756568908691,0.013685950078070164,0.011268742382526398,0.07728390395641327
3107,-1.4358264207839966,-1.4784049987792969,0.021786298602819443,0.020792214199900627,0.07726118713617325
3108,-1.392660140991211,-1.4345550537109375,0.01708609238266945,0.024808743968605995,0.07723842561244965
3109,-1.6616162061691284,-1.6790516376495361,0.009829366579651833,0.007606027647852898,0.07721566408872604
3110,-1.6687943935394287,-1.6857273578643799,0.008603570982813835,0.008329375647008419,0.07719296962022781
3111,-1.322770595550537,-1.381237268447876,0.025294475257396698,0.03317219763994217,0.07717028260231018
3112,-1.4725149869918823,-1.500736117362976,0.01605926640331745,0.012161795981228352,0.0771474838256836
3113,-1.519864797592163,-1.533775806427002,0.005739770829677582,0.008171175606548786,0.07712473720312119
3114,-1.9047945737838745,-1.9200632572174072,0.007768192328512669,0.00750053720548749,0.07710196077823639
3115,-1.6395118236541748,-1.6725513935089111,0.014607753604650497,0.018431801348924637,0.07707924395799637
3116,-1.4788028001785278,-1.5129492282867432,0.01519861351698637,0.01894785463809967,0.07705652713775635
3117,-1.673830509185791,-1.7058906555175781,0.015494047664105892,0.016566190868616104,0.07703375071287155
3118,-1.335326075553894,-1.36647367477417,0.016882261261343956,0.014265348203480244,0.07701103389263153
3119,-1.7247308492660522,-1.743703842163086,0.010656110011041164,0.008316915482282639,0.07698829472064972
3120,-1.4553688764572144,-1.4840261936187744,0.01564168743789196,0.013015642762184143,0.07696569710969925
3121,-1.6724082231521606,-1.6930445432662964,0.010102929547429085,0.010533294640481472,0.07694318890571594
3122,-1.8249362707138062,-1.8520586490631104,0.015027233399450779,0.012095142155885696,0.0769207552075386
3123,-1.7044795751571655,-1.7377605438232422,0.017874976620078087,0.01540597528219223,0.07689832895994186
3124,-1.5677711963653564,-1.584456443786621,0.00765324616804719,0.009031991474330425,0.07687598466873169
3125,-1.6983721256256104,-1.7147235870361328,0.007048335857689381,0.009303085505962372,0.07685358822345734
3126,-1.7491997480392456,-1.7590142488479614,0.00559192756190896,0.004222630988806486,0.07683112472295761
3127,-1.4306318759918213,-1.4519764184951782,0.010059542953968048,0.01128500048071146,0.07680872827768326
3128,-1.6298071146011353,-1.6926568746566772,0.03604935109615326,0.026800397783517838,0.0767863541841507
3129,-1.4253714084625244,-1.4375720024108887,0.006305514834821224,0.005895111244171858,0.07676396518945694
3130,-1.5102739334106445,-1.540980339050293,0.015971867367625237,0.014734478667378426,0.07674164324998856
3131,-1.622334361076355,-1.6382620334625244,0.008473963476717472,0.007453681901097298,0.076719269156456
3132,-1.573309302330017,-1.590467929840088,0.008307553827762604,0.00885103177279234,0.07669682800769806
3133,-1.359866976737976,-1.3764748573303223,0.0093165198341012,0.007291282527148724,0.07667435705661774
3134,-1.4916073083877563,-1.5384060144424438,0.027705013751983643,0.0190935917198658,0.07665189355611801
3135,-1.3802543878555298,-1.4010282754898071,0.009669180028140545,0.011104652658104897,0.0766294002532959
3136,-1.3843847513198853,-1.407767653465271,0.010965141467750072,0.012417745776474476,0.0766068771481514
3137,-1.3908772468566895,-1.4774194955825806,0.04264672100543976,0.04389553144574165,0.0765843614935875
3138,-1.621288776397705,-1.6436480283737183,0.013824532739818096,0.008534710854291916,0.07656190544366837
3139,-1.682133436203003,-1.6980831623077393,0.007513490971177816,0.008436232805252075,0.07653938233852386
3140,-1.7417690753936768,-1.7591298818588257,0.007259629666805267,0.010101154446601868,0.07651690393686295
3141,-1.577602744102478,-1.5982773303985596,0.009371085092425346,0.011303487233817577,0.07649437338113785
3142,-1.3752373456954956,-1.3930422067642212,0.007464253343641758,0.010340527631342411,0.07647189497947693
3143,-1.5830799341201782,-1.6136943101882935,0.01255845557898283,0.0180558729916811,0.07644956558942795
3144,-1.7006597518920898,-1.734178066253662,0.018269699066877365,0.015248691663146019,0.07642718404531479
3145,-1.514589548110962,-1.5374659299850464,0.009731960482895374,0.013144406490027905,0.07640477269887924
3146,-0.2448630928993225,-1.6678214073181152,0.6958688497543335,0.7270894646644592,0.07638239115476608
3147,-1.6693198680877686,-1.707727074623108,0.018404468894004822,0.020002689212560654,0.07635997235774994
3148,-1.4653801918029785,-1.5104951858520508,0.020756112411618233,0.024358846247196198,0.07633747160434723
3149,-1.6094970703125,-1.7025010585784912,0.04078085720539093,0.052223093807697296,0.07631492614746094
3150,-1.5236124992370605,-1.5635945796966553,0.01747966930270195,0.022502433508634567,0.07629235088825226
3151,-1.5890395641326904,-1.6249488592147827,0.018360933288931847,0.01754830777645111,0.07626978307962418
3152,-1.583686351776123,-1.6477460861206055,0.033587273210287094,0.030472539365291595,0.0762471854686737
3153,-1.512986421585083,-1.791359543800354,0.1452333927154541,0.13313978910446167,0.07622461020946503
3154,-1.343454360961914,-1.3982568979263306,0.030808303505182266,0.023994170129299164,0.07620196789503098
3155,-1.2791248559951782,-1.3776122331619263,0.04895097762346268,0.04953635483980179,0.0761793851852417
3156,-1.4915437698364258,-1.5364370346069336,0.024922627955675125,0.019970599561929703,0.0761568695306778
3157,-1.5860644578933716,-1.6284403800964355,0.020897582173347473,0.021478336304426193,0.07613437622785568
3158,-1.2924354076385498,-1.3884813785552979,0.04510406404733658,0.05094190314412117,0.07611190527677536
3159,-1.8264801502227783,-1.85763680934906,0.016497790813446045,0.014658872969448566,0.07608937472105026
3160,-1.5266953706741333,-1.5406886339187622,0.006325549446046352,0.007667603436857462,0.07606673240661621
3161,-1.763508915901184,-1.7882145643234253,0.010417064651846886,0.01428849808871746,0.07604410499334335
3162,-1.5748744010925293,-1.6114940643310547,0.013714658096432686,0.022905003279447556,0.07602152228355408
3163,-1.5934525728225708,-1.6237176656723022,0.01334385760128498,0.01692131906747818,0.07599899172782898
3164,-1.9404165744781494,-1.9703900814056396,0.014194350689649582,0.015779122710227966,0.07597649097442627
3165,-1.5509889125823975,-1.5681121349334717,0.009334741160273552,0.007788535673171282,0.07595396041870117
3166,-1.5514222383499146,-1.6117188930511475,0.03140762820839882,0.02888902835547924,0.07593148946762085
3167,-1.758008599281311,-1.7878170013427734,0.017429370433092117,0.012379078194499016,0.07590921223163605
3168,-1.7303822040557861,-1.7517085075378418,0.011258799582719803,0.010067403316497803,0.07588684558868408
3169,-1.5325876474380493,-1.549060344696045,0.008752923458814621,0.007719765417277813,0.07586441189050674
3170,-1.787490725517273,-1.8026137351989746,0.005990063305944204,0.00913299061357975,0.07584197074174881
3171,-1.6216470003128052,-1.6597964763641357,0.018282564356923103,0.019866973161697388,0.07581951469182968
3172,-1.3786742687225342,-1.4546661376953125,0.040397778153419495,0.035594142973423004,0.07579701393842697
3173,-1.5240525007247925,-1.549695372581482,0.012887315824627876,0.012755553238093853,0.07577458769083023
3174,-1.728638768196106,-1.7649824619293213,0.02084166929125786,0.015501990914344788,0.07575228065252304
3175,-1.6082998514175415,-1.6310266256332397,0.009605859406292439,0.013120880350470543,0.07573004812002182
3176,-1.6095457077026367,-1.6246223449707031,0.007660283241420984,0.0074163079261779785,0.07570793479681015
3177,-1.5040607452392578,-1.5595264434814453,0.025180894881486893,0.030284754931926727,0.07568571716547012
3178,-1.6061985492706299,-1.6445444822311401,0.02178259938955307,0.016563313081860542,0.07566352933645248
3179,-1.4059547185897827,-1.429144263267517,0.01016727089881897,0.013022314757108688,0.07564130425453186
3180,-1.5302987098693848,-1.5905556678771973,0.03175316005945206,0.028503745794296265,0.07561907172203064
3181,-1.4637656211853027,-1.491234540939331,0.01643524505198002,0.011033613234758377,0.07559692114591599
3182,-1.4857596158981323,-1.5233778953552246,0.01838207244873047,0.019236233085393906,0.07557473331689835
3183,-1.417535424232483,-1.4401748180389404,0.011468425393104553,0.011170970275998116,0.07555253803730011
3184,-1.5311558246612549,-1.5925469398498535,0.029863940551877022,0.03152717649936676,0.07553033530712128
3185,-1.4578092098236084,-1.5817482471466064,0.05969280004501343,0.06424613296985626,0.07550811022520065
3186,-1.5811634063720703,-1.6040092706680298,0.010490892454981804,0.01235492154955864,0.07548592239618301
3187,-1.5703647136688232,-1.5968282222747803,0.01386230532079935,0.012601259164512157,0.07546373456716537
3188,-1.5338799953460693,-1.623326063156128,0.0429648756980896,0.046481188386678696,0.07544151693582535
3189,-1.7348805665969849,-1.7509628534317017,0.010951911099255085,0.00513041578233242,0.07541925460100174
3190,-1.6443300247192383,-1.6599129438400269,0.008356534875929356,0.007226404268294573,0.0753970667719841
3191,-1.601454734802246,-1.6354604959487915,0.014256143942475319,0.019749660044908524,0.07537490129470825
3192,-1.6835523843765259,-1.7055490016937256,0.01120403129607439,0.010792632587254047,0.0753527283668518
3193,-1.5026569366455078,-1.53165602684021,0.011332527734339237,0.0176665298640728,0.07533062249422073
3194,-1.6622402667999268,-1.6775527000427246,0.007726769894361496,0.007585692219436169,0.0753084272146225
3195,-1.5949842929840088,-1.6110440492630005,0.009042296558618546,0.00701748626306653,0.07528635859489441
3196,-1.5015202760696411,-1.5223054885864258,0.010329727083444595,0.0104554807767272,0.07526425272226334
3197,-1.6131043434143066,-1.6371034383773804,0.016537507995963097,0.0074615185149014,0.07524221390485764
3198,-1.5752756595611572,-1.5924714803695679,0.008493449538946152,0.008702389895915985,0.07522015273571014
3199,-1.347217082977295,-1.3703196048736572,0.013914277777075768,0.009188273921608925,0.07519802451133728
3200,-1.5680655241012573,-1.5958607196807861,0.013497852720320225,0.01429734006524086,0.0751759260892868
3201,-1.6978554725646973,-1.7053382396697998,0.004635155666619539,0.0028475152794271708,0.0751538798213005
3202,-1.5737812519073486,-1.6526066064834595,0.04214847460389137,0.036676906049251556,0.07513195276260376
3203,-1.730481743812561,-1.7501002550125122,0.011812005192041397,0.007806573994457722,0.07511008530855179
3204,-1.6251031160354614,-1.6448440551757812,0.009627118706703186,0.010113800875842571,0.0750882625579834
3205,-1.4878182411193848,-1.512253761291504,0.013352545909583569,0.011082973331212997,0.07506635040044785
3206,-1.5635626316070557,-1.5829479694366455,0.007961138151586056,0.011424144729971886,0.0750444307923317
3207,-1.9310537576675415,-1.9407274723052979,0.005446612369269133,0.004227134864777327,0.07502251118421555
3208,-1.5220651626586914,-1.538059949874878,0.007974768057465553,0.00802003126591444,0.07500046491622925
3209,-1.573131799697876,-1.6034258604049683,0.01368414144963026,0.01660989597439766,0.07497847080230713
3210,-1.6573145389556885,-1.6665911674499512,0.0035013132728636265,0.005775307305157185,0.0749565064907074
3211,-1.6331825256347656,-1.6515586376190186,0.009438639506697655,0.008937504142522812,0.07493457943201065
3212,-1.5392587184906006,-1.5539360046386719,0.006750078406184912,0.00792712438851595,0.07491259276866913
3213,-1.6489627361297607,-1.6685813665390015,0.009726008400321007,0.009892627596855164,0.07489057630300522
3214,-1.5916932821273804,-1.6042078733444214,0.007364440709352493,0.0051501537673175335,0.07486866414546967
3215,-1.5473508834838867,-1.564637541770935,0.008061561733484268,0.009225109592080116,0.07484672963619232
3216,-1.7187860012054443,-1.7371883392333984,0.009306187741458416,0.009096150286495686,0.07482480257749557
3217,-1.6174207925796509,-1.6349315643310547,0.008119245059788227,0.00939159095287323,0.07480280846357346
3218,-1.7340366840362549,-1.8083772659301758,0.03182567283511162,0.042514923959970474,0.07478079199790955
3219,-1.5516248941421509,-1.5917214155197144,0.02182512730360031,0.018271390348672867,0.07475873827934265
3220,-1.688863754272461,-1.6994547843933105,0.0057314494624733925,0.004859546665102243,0.07473680377006531
3221,-1.8104346990585327,-1.8360615968704224,0.012169226072728634,0.01345768477767706,0.07471488416194916
3222,-1.640438199043274,-1.6709794998168945,0.015356098301708698,0.015185188502073288,0.07469303160905838
3223,-1.5026682615280151,-1.521162509918213,0.010010951198637486,0.008483292534947395,0.0746711865067482
3224,-1.7532596588134766,-1.7654098272323608,0.006049442570656538,0.006100758910179138,0.07464927434921265
3225,-1.4388338327407837,-1.4580373764038086,0.010008059442043304,0.009195431135594845,0.07462736964225769
3226,-1.6863654851913452,-1.7068307399749756,0.009590714238584042,0.010874546132981777,0.07460537552833557
3227,-1.6497610807418823,-1.6855578422546387,0.019879167899489403,0.015917515382170677,0.07458335906267166
3228,-1.7308127880096436,-1.7413647174835205,0.0054122512228786945,0.005139684304594994,0.07456138730049133
3229,-1.6825844049453735,-1.7016935348510742,0.008187629282474518,0.010921456851065159,0.074539415538311
3230,-1.8720027208328247,-1.8823035955429077,0.005079709459096193,0.005221132189035416,0.07451742142438889
3231,-1.697312355041504,-1.72568678855896,0.012533430941402912,0.015841027721762657,0.07449547946453094
3232,-1.5063899755477905,-1.5924456119537354,0.04116667062044144,0.04488900676369667,0.07447369396686554
3233,-1.6084117889404297,-1.6308387517929077,0.013953737914562225,0.00847330316901207,0.07445192337036133
3234,-1.6156564950942993,-1.6428922414779663,0.013439472764730453,0.013796336017549038,0.0744302049279213
3235,-1.4705066680908203,-1.4892525672912598,0.00997881405055523,0.008767117746174335,0.07440866529941559
3236,-1.5805103778839111,-1.6087841987609863,0.012542333453893661,0.015731440857052803,0.07438705861568451
3237,-1.654220461845398,-1.676792025566101,0.01567937433719635,0.006892225705087185,0.0743655264377594
3238,-1.552443027496338,-1.5646781921386719,0.006622138433158398,0.0056130108423531055,0.07434399425983429
3239,-1.5192714929580688,-1.5431692600250244,0.012251930311322212,0.011645814403891563,0.07432238757610321
3240,-1.5719549655914307,-1.5931216478347778,0.010707441717386246,0.010459233075380325,0.07430077344179153
3241,-1.559903621673584,-1.5750380754470825,0.006819695699959993,0.008314751088619232,0.07427923381328583
3242,-1.3879406452178955,-1.601413369178772,0.10550293326377869,0.1079697236418724,0.07425768673419952
3243,-1.5480067729949951,-1.5702414512634277,0.010258292779326439,0.011976385489106178,0.07423612475395203
3244,-1.3342640399932861,-1.371986985206604,0.019110484048724174,0.018612496554851532,0.07421451807022095
3245,-1.4735934734344482,-1.4908990859985352,0.007863367907702923,0.00944221019744873,0.0741928443312645
3246,-1.5269640684127808,-1.543425440788269,0.006094510201364756,0.010366969741880894,0.07417121529579163
3247,-1.5710495710372925,-1.5843923091888428,0.004739291500300169,0.008603407070040703,0.07414964586496353
3248,-1.651403546333313,-1.6687310934066772,0.008440984413027763,0.008886589668691158,0.07412798702716827
3249,-1.7420316934585571,-1.7572226524353027,0.00437402818351984,0.010816922411322594,0.07410644739866257
3250,-1.5320279598236084,-1.54732084274292,0.008870602585375309,0.006422291975468397,0.07408487796783447
3251,-1.7135722637176514,-1.7362927198410034,0.012568512931466103,0.01015198603272438,0.0740632638335228
3252,-1.5039443969726562,-1.5213217735290527,0.01006469875574112,0.007312683388590813,0.07404156029224396
3253,-1.6111462116241455,-1.6205147504806519,0.004540381953120232,0.004828207660466433,0.07401996105909348
3254,-1.6912897825241089,-1.7070008516311646,0.007637891452759504,0.00807315856218338,0.07399845123291016
3255,-1.3529438972473145,-1.3734045028686523,0.010871710255742073,0.009588864631950855,0.07397696375846863
3256,-1.6875157356262207,-1.7117376327514648,0.012256490997970104,0.011965382844209671,0.07395544648170471
3257,-1.6756799221038818,-1.6857578754425049,0.004939825739711523,0.005138132255524397,0.07393386960029602
3258,-1.562676191329956,-1.581298828125,0.009078278206288815,0.00954439863562584,0.07391227781772614
3259,-1.522217869758606,-1.5307496786117554,0.003707754658535123,0.0048240358009934425,0.07389076799154282
3260,-1.718191385269165,-1.7344123125076294,0.00805672537535429,0.008164160884916782,0.07386920601129532
3261,-1.6155385971069336,-1.6307190656661987,0.0070584178902208805,0.008122037164866924,0.07384759932756424
3262,-1.7133806943893433,-1.7223998308181763,0.004038859624415636,0.004980363417416811,0.07382593303918839
3263,-1.6776282787322998,-1.6923203468322754,0.006173382513225079,0.008518751710653305,0.07380438596010208
3264,-1.7690147161483765,-1.783633828163147,0.007266079541295767,0.007353050634264946,0.07378285378217697
3265,-1.7352970838546753,-1.7466764450073242,0.005181211978197098,0.0061982059851288795,0.0737612172961235
3266,-1.515747308731079,-1.5268350839614868,0.0064235576428473,0.004664172418415546,0.07373955845832825
3267,-1.3215811252593994,-1.564732313156128,0.12682616710662842,0.1163249984383583,0.07371783256530762
3268,-1.4670957326889038,-1.4835388660430908,0.010857613757252693,0.0055855377577245235,0.07369621843099594
3269,-1.7135951519012451,-1.7383537292480469,0.011073424480855465,0.013685077428817749,0.07367460429668427
3270,-1.9141888618469238,-1.9301735162734985,0.008139953017234802,0.007844740524888039,0.07365305721759796
3271,-1.564793586730957,-1.6059269905090332,0.01997476816177368,0.021158749237656593,0.07363130152225494
3272,-1.6399328708648682,-1.7015469074249268,0.03254815563559532,0.029065828770399094,0.07360953837633133
3273,-1.1779391765594482,-1.2203696966171265,0.022421743720769882,0.020008772611618042,0.07358774542808533
3274,-1.3569544553756714,-1.3992702960968018,0.020610684528946877,0.02170512080192566,0.07356606423854828
3275,-1.8081587553024292,-1.8267366886138916,0.010655425488948822,0.007922529242932796,0.07354436814785004
3276,-1.6667683124542236,-1.680829405784607,0.005049059633165598,0.009011944755911827,0.07352270185947418
3277,-1.7589256763458252,-1.7756450176239014,0.007349848747253418,0.009369488805532455,0.07350103557109833
3278,-1.5338432788848877,-1.5665643215179443,0.017229899764060974,0.015491167083382607,0.07347934693098068
3279,-1.5921475887298584,-1.6149145364761353,0.010884483344852924,0.011882427148520947,0.07345764338970184
3280,-1.2114105224609375,-1.2674758434295654,0.03224193677306175,0.02382338047027588,0.07343601435422897
3281,-1.273521065711975,-1.3200750350952148,0.02692965418100357,0.01962430216372013,0.07341441512107849
3282,-1.7945550680160522,-1.8212010860443115,0.014008649624884129,0.012637337669730186,0.07339262962341309
3283,-1.745111346244812,-1.7669754028320312,0.010003546252846718,0.011860515922307968,0.07337089627981186
3284,-1.4605439901351929,-1.4814163446426392,0.013324062339961529,0.007548362948000431,0.07334919273853302
3285,-1.6066302061080933,-1.6400290727615356,0.014813755638897419,0.018585089594125748,0.07332754135131836
3286,-1.5952190160751343,-1.606405258178711,0.006326931994408369,0.0048593212850391865,0.07330581545829773
3287,-1.755685806274414,-1.7613497972488403,0.0024317894130945206,0.003232291666790843,0.07328416407108307
3288,-1.2750104665756226,-1.5038306713104248,0.09808455407619476,0.13073566555976868,0.07326262444257736
3289,-1.7338037490844727,-1.7596869468688965,0.011373260989785194,0.014509973116219044,0.07324107736349106
3290,-1.6987581253051758,-1.7168874740600586,0.010796330869197845,0.007333071902394295,0.07321951538324356
3291,-1.5332443714141846,-1.555733561515808,0.011203040368855,0.011286171153187752,0.0731981098651886
3292,-1.6786892414093018,-1.7066360712051392,0.01553002092987299,0.012416871264576912,0.07317670434713364
3293,-1.532376766204834,-1.561700701713562,0.013299733400344849,0.0160242710262537,0.07315514236688614
3294,-1.638624668121338,-1.6648931503295898,0.013038757257163525,0.01322973519563675,0.07313353568315506
3295,-1.6460628509521484,-1.6714810132980347,0.012794526293873787,0.012623674236238003,0.07311186194419861
3296,-1.7964184284210205,-1.808680772781372,0.006234160158783197,0.0060281651094555855,0.07309021800756454
3297,-1.436026930809021,-1.4784493446350098,0.021565144881606102,0.020857181400060654,0.0730685293674469
3298,-1.7073551416397095,-1.7250862121582031,0.005287235137075186,0.01244373805820942,0.07304682582616806
3299,-1.8756818771362305,-1.8853188753128052,0.005786448251456022,0.0038506377022713423,0.07302521169185638
3300,-1.6312792301177979,-1.6528350114822388,0.012442044913768768,0.009113826788961887,0.07300357520580292
3301,-1.8735347986221313,-1.8860180377960205,0.005663031712174416,0.006820207927376032,0.07298202812671661
3302,-1.8014707565307617,-1.8258895874023438,0.012484540231525898,0.011934294365346432,0.07296054065227509
3303,-1.8742307424545288,-1.8923033475875854,0.008184585720300674,0.009887995198369026,0.07293911278247833
3304,-1.5026826858520508,-1.5285800695419312,0.013313810341060162,0.012583563104271889,0.07291767746210098
3305,-1.6097238063812256,-1.6205954551696777,0.004844924435019493,0.006026786286383867,0.07289627939462662
3306,-1.5477321147918701,-1.5638351440429688,0.005259256809949875,0.010843783617019653,0.07287482172250748
3307,-1.6797525882720947,-1.693919062614441,0.006296664942055941,0.007869793102145195,0.0728534683585167
3308,-1.651550531387329,-1.6710582971572876,0.010484426282346249,0.009023311547935009,0.07283221185207367
3309,-1.5486289262771606,-1.5719817876815796,0.011761155910789967,0.011591619811952114,0.07281091064214706
3310,-1.6333191394805908,-1.645865559577942,0.004315819125622511,0.008230553939938545,0.07278963178396225
3311,-1.6486033201217651,-1.6691749095916748,0.009264285676181316,0.011307395063340664,0.07276835292577744
3312,-1.1836719512939453,-1.2144978046417236,0.017762819305062294,0.013063051737844944,0.07274715602397919
3313,-1.6990097761154175,-1.734901785850525,0.02116253413259983,0.014729545451700687,0.07272587716579437
3314,-1.5124868154525757,-1.5298057794570923,0.009109978564083576,0.008208995684981346,0.07270469516515732
3315,-1.5600796937942505,-1.5709222555160522,0.004835290368646383,0.006007276009768248,0.07268348336219788
3316,-1.2464559078216553,-1.4677969217300415,0.10121399909257889,0.12012702226638794,0.07266230881214142
3317,-1.671951174736023,-1.6985268592834473,0.01450821477919817,0.012067382223904133,0.07264108955860138
3318,-1.4493873119354248,-1.464471459388733,0.009018623270094395,0.0060654496774077415,0.07261990755796432
3319,-1.2978720664978027,-1.4762091636657715,0.07878974080085754,0.09954733401536942,0.07259880751371384
3320,-1.4438363313674927,-1.4642927646636963,0.011147009208798409,0.009309468790888786,0.07257778197526932
3321,-1.6310375928878784,-1.6549243927001953,0.012637227773666382,0.011249583214521408,0.07255668938159943
3322,-1.4331620931625366,-1.4670125246047974,0.013803796842694283,0.020046614110469818,0.07253555208444595
3323,-1.6617317199707031,-1.6870163679122925,0.010467247106134892,0.014817332848906517,0.07251451164484024
3324,-1.6272121667861938,-1.652700424194336,0.012951474636793137,0.012536758556962013,0.07249340415000916
3325,-1.5322422981262207,-1.5612165927886963,0.012157127261161804,0.016817186027765274,0.07247242331504822
3326,-1.6818652153015137,-1.6998087167739868,0.009061119519174099,0.008882435038685799,0.07245143502950668
3327,-1.6270477771759033,-1.6489005088806152,0.009929060935974121,0.011923631653189659,0.0724303275346756
3328,-1.568300724029541,-1.5925298929214478,0.011825055815279484,0.012404076755046844,0.07240917533636093
3329,-1.640855073928833,-1.6859571933746338,0.0219555851072073,0.023146511986851692,0.07238791137933731
3330,-1.484039068222046,-1.515697956085205,0.01731179468333721,0.014347135089337826,0.07236669957637787
3331,-1.5531771183013916,-1.5678985118865967,0.006090749986469746,0.008630688302218914,0.07234550267457962
3332,-1.6109352111816406,-1.6195300817489624,0.0033374479971826077,0.005257357377558947,0.07232426851987839
3333,-1.704056739807129,-1.711256504058838,0.0047414242289960384,0.002458373550325632,0.07230311632156372
3334,-1.578232765197754,-1.5976839065551758,0.00910218246281147,0.010348916985094547,0.07228206843137741
3335,-1.5619028806686401,-1.591294288635254,0.013142487034201622,0.016248945146799088,0.0722610354423523
3336,-1.3819292783737183,-1.4135078191757202,0.01652311533689499,0.015055452473461628,0.0722399652004242
3337,-1.0492461919784546,-1.3368176221847534,0.15609674155712128,0.13147474825382233,0.07221890240907669
3338,-1.5502209663391113,-1.565869927406311,0.007117952685803175,0.008530917577445507,0.07219783216714859
3339,-1.629374384880066,-1.6591899394989014,0.014864819124341011,0.01495076809078455,0.07217679917812347
3340,-1.3725576400756836,-1.391075611114502,0.010442106053233147,0.008075833320617676,0.07215575873851776
3341,-1.6411302089691162,-1.67376708984375,0.01720193400979042,0.015434976667165756,0.07213475555181503
3342,-1.609863042831421,-1.627984881401062,0.00807440746575594,0.010047401301562786,0.0721137598156929
3343,-1.6062088012695312,-1.6298779249191284,0.01307360827922821,0.01059552002698183,0.07209273427724838
3344,-1.4950096607208252,-1.5136975049972534,0.009344617836177349,0.009343275800347328,0.07207171618938446
3345,-1.5696228742599487,-1.5833714008331299,0.0057127163745462894,0.008035797625780106,0.07205082476139069
3346,-1.5716403722763062,-1.5864909887313843,0.007678275462239981,0.007172359153628349,0.07202985137701035
3347,-1.380832552909851,-1.4117870330810547,0.01643155701458454,0.014522964134812355,0.07200895994901657
3348,-1.4778110980987549,-1.501954436302185,0.011656022630631924,0.012487306259572506,0.07198801636695862
3349,-1.5712605714797974,-1.5983675718307495,0.010564005002379417,0.016543038189411163,0.07196708023548126
3350,-1.7177908420562744,-1.731793761253357,0.00884887482970953,0.005154002923518419,0.07194609940052032
3351,-1.7126076221466064,-1.7310923337936401,0.011131443083286285,0.0073533146642148495,0.0719250738620758
3352,-1.8975350856781006,-1.9065614938735962,0.0047906250692903996,0.004235721658915281,0.07190403342247009
3353,-1.6765964031219482,-1.7483359575271606,0.03438807651400566,0.037351541221141815,0.07188301533460617
3354,-1.6073708534240723,-1.6375923156738281,0.014793096110224724,0.015428435988724232,0.07186189293861389
3355,-1.4164575338363647,-1.430971384048462,0.007825508713722229,0.006688349414616823,0.07184066623449326
3356,-1.6524991989135742,-1.6726202964782715,0.008232862688601017,0.011888233944773674,0.07181943207979202
3357,-1.858898639678955,-1.8848907947540283,0.014779876917600632,0.011212221346795559,0.07179826498031616
3358,-1.473102331161499,-1.5066947937011719,0.016681035980582237,0.016911404207348824,0.07177707552909851
3359,-1.259058952331543,-1.2876415252685547,0.017068983986973763,0.011513571254909039,0.07175598293542862
3360,-1.8082971572875977,-1.8207792043685913,0.006627547089010477,0.005854446906596422,0.07173492759466171
3361,-1.7705127000808716,-1.785295009613037,0.006448640022426844,0.008333654142916203,0.0717138946056366
3362,-1.606330394744873,-1.6267009973526,0.010489172302186489,0.009881371632218361,0.07169288396835327
3363,-1.6315226554870605,-1.6467642784118652,0.009481769055128098,0.005759881343692541,0.07167194783687592
3364,-1.5185381174087524,-1.5397250652313232,0.011230213567614555,0.009956665337085724,0.07165106385946274
3365,-1.3746225833892822,-1.4534385204315186,0.03953208029270172,0.039283815771341324,0.07163017988204956
3366,-1.6065244674682617,-1.6299728155136108,0.013551542535424232,0.009896811097860336,0.0716092437505722
3367,-1.7477113008499146,-1.7667896747589111,0.012156905606389046,0.0069214641116559505,0.07158827781677246
3368,-1.840285062789917,-1.8520410060882568,0.007679746951907873,0.0040762824937701225,0.07156730443239212
3369,-1.5319880247116089,-1.5482780933380127,0.008915734477341175,0.007374301552772522,0.07154621928930283
3370,-1.3564940690994263,-1.3753713369369507,0.008196339942514896,0.010680886916816235,0.0715252086520195
3371,-1.751181960105896,-1.7655470371246338,0.004975046031177044,0.009389963001012802,0.07150422036647797
3372,-1.425918698310852,-1.440112590789795,0.006899178493767977,0.007294688373804092,0.07148320227861404
3373,-1.7701267004013062,-1.7833532094955444,0.00655507342889905,0.0066714161075651646,0.07146212458610535
3374,-1.631330966949463,-1.670370101928711,0.018276674672961235,0.02076246216893196,0.07144104689359665
3375,-1.7955843210220337,-1.8091174364089966,0.007169220130890608,0.006363863591104746,0.07141998410224915
3376,-1.758379578590393,-1.7700543403625488,0.005493253003805876,0.006181439850479364,0.07139890640974045
3377,-1.6031755208969116,-1.6969592571258545,0.04213406518101692,0.051649704575538635,0.07137788832187653
3378,-1.7004387378692627,-1.7142589092254639,0.0068987575359642506,0.006921424064785242,0.07135693728923798
3379,-1.993847370147705,-2.009140968322754,0.008768010884523392,0.006525477860122919,0.07133596390485764
3380,-1.5955636501312256,-1.6128113269805908,0.008730646222829819,0.008517002686858177,0.07131510227918625
3381,-1.4772931337356567,-1.4922600984573364,0.006757229566574097,0.008209672756493092,0.07129430770874023
3382,-1.6562964916229248,-1.6677216291427612,0.004151287954300642,0.007273837924003601,0.0712735578417778
3383,-1.727522850036621,-1.7456907033920288,0.009116367436945438,0.009051399305462837,0.07125288248062134
3384,-1.4024487733840942,-1.4681898355484009,0.03310556337237358,0.0326354056596756,0.07123211026191711
3385,-1.5971041917800903,-1.6262288093566895,0.02042475901544094,0.008699899539351463,0.07121128588914871
3386,-1.6619935035705566,-1.7391786575317383,0.03494089096784592,0.042244333773851395,0.07119034230709076
3387,-1.4814797639846802,-1.5185658931732178,0.021463938057422638,0.01562215480953455,0.07116946578025818
3388,-1.128599762916565,-1.2287898063659668,0.051743607968091965,0.0484464056789875,0.07114867120981216
3389,-1.3216475248336792,-1.3498029708862305,0.012736627832055092,0.015418726950883865,0.07112777233123779
3390,-1.188016653060913,-1.2144421339035034,0.012204724363982677,0.014220770448446274,0.071106918156147
3391,-1.5182673931121826,-1.5406771898269653,0.012858600355684757,0.009551146067678928,0.0710861012339592
3392,-1.7186033725738525,-1.7322349548339844,0.008408762514591217,0.005222789477556944,0.07106520980596542
3393,-1.722342610359192,-1.7399743795394897,0.0070382775738835335,0.010593492537736893,0.07104425132274628
3394,-1.7182612419128418,-1.7284880876541138,0.005323638208210468,0.004903219174593687,0.07102330029010773
3395,-1.6245893239974976,-1.6460587978363037,0.011832714080810547,0.009636718779802322,0.07100220769643784
3396,-1.6230595111846924,-1.6441707611083984,0.009103931486606598,0.012007339857518673,0.07098128646612167
3397,-1.583756446838379,-1.6021169424057007,0.011740261688828468,0.00662034610286355,0.07096035778522491
3398,-1.7175499200820923,-1.728323221206665,0.004950347356498241,0.005822932813316584,0.07093946635723114
3399,-1.6493315696716309,-1.6653175354003906,0.01007634587585926,0.005909575615078211,0.07091854512691498
3400,-1.6219537258148193,-1.6401375532150269,0.007658627349883318,0.010525178164243698,0.0708976686000824
3401,-1.7688562870025635,-1.79315984249115,0.01360609382390976,0.010697457939386368,0.07087692618370056
3402,-1.701951026916504,-1.7153958082199097,0.006113958545029163,0.0073308078572154045,0.07085631787776947
3403,-1.4940053224563599,-1.5221900939941406,0.014597667381167412,0.013587072491645813,0.07083573937416077
3404,-1.4810599088668823,-1.5033814907073975,0.010506965219974518,0.01181456632912159,0.07081524282693863
3405,-1.4439303874969482,-1.473981261253357,0.014240136370062828,0.015810701996088028,0.07079479843378067
3406,-1.587505578994751,-1.5958361625671387,0.004864085465669632,0.0034665444400161505,0.07077427953481674
3407,-1.6313304901123047,-1.6597903966903687,0.01317373476922512,0.01528617087751627,0.07075382769107819
3408,-1.8212358951568604,-1.8386613130569458,0.009234394878149033,0.008190931752324104,0.07073330134153366
3409,-1.7014333009719849,-1.7146260738372803,0.006348187103867531,0.006844601593911648,0.07071288675069809
3410,-1.5891505479812622,-1.5961666107177734,0.0036397904623299837,0.003376229666173458,0.07069248706102371
3411,-1.5974795818328857,-1.6164677143096924,0.009170264936983585,0.009817840531468391,0.07067214697599411
3412,-1.5383282899856567,-1.5539199113845825,0.009486312046647072,0.006105324719101191,0.07065176218748093
3413,-1.5174682140350342,-1.5326875448226929,0.007644386030733585,0.007574957329779863,0.07063129544258118
3414,-1.7679941654205322,-1.7813347578048706,0.007016077172011137,0.006324503570795059,0.07061080634593964
3415,-1.6337885856628418,-1.6549735069274902,0.010402228683233261,0.010782698169350624,0.0705903023481369
3416,-1.585585355758667,-1.6142760515213013,0.014106047339737415,0.014584648422896862,0.07056980580091476
3417,-1.7103594541549683,-1.7171050310134888,0.0033333187457174063,0.0034122958313673735,0.07054927200078964
3418,-1.731330394744873,-1.7499698400497437,0.009943812154233456,0.008695623837411404,0.07052875310182571
3419,-0.2980281710624695,-1.5225173234939575,0.6112954616546631,0.613193690776825,0.0705081894993782
3420,-1.6532468795776367,-1.665485143661499,0.0061625149101018906,0.00607571005821228,0.0704875960946083
3421,-1.4361909627914429,-1.4481085538864136,0.006453223060816526,0.005464293994009495,0.07046689838171005
3422,-1.6761168241500854,-1.685804843902588,0.005915517453104258,0.0037724890280514956,0.0704461857676506
3423,-1.3182940483093262,-1.3305301666259766,0.006156561430543661,0.00607953080907464,0.07042544335126877
3424,-1.613985300064087,-1.6504677534103394,0.01904170773923397,0.017440849915146828,0.07040473073720932
3425,-1.6725330352783203,-1.6919583082199097,0.008892199955880642,0.01053314283490181,0.07038416713476181
3426,-1.8279870748519897,-1.85429048538208,0.012896670959889889,0.013406725600361824,0.07036368548870087
3427,-1.5714044570922852,-1.6123981475830078,0.01703954115509987,0.02395419031381607,0.07034321874380112
3428,-1.5275685787200928,-1.5750058889389038,0.02207942306995392,0.02535788156092167,0.07032281160354614
3429,-1.7553653717041016,-1.774139404296875,0.011617741547524929,0.00715627009049058,0.07030237466096878
3430,-1.1769938468933105,-1.436553716659546,0.13170041143894196,0.1278594732284546,0.07028201222419739
3431,-1.5101231336593628,-1.5559078454971313,0.02541070245206356,0.020374096930027008,0.07026156038045883
3432,-1.6798983812332153,-1.7724686861038208,0.04554873704910278,0.047021474689245224,0.07024110853672028
3433,-1.488474726676941,-1.514510154724121,0.013281689956784248,0.012753778137266636,0.07022066414356232
3434,-1.5087069272994995,-1.5246682167053223,0.006777014583349228,0.009184202179312706,0.07020032405853271
3435,-1.646863579750061,-1.6710906028747559,0.011223820969462395,0.013003189116716385,0.0701800063252449
3436,-1.6601183414459229,-1.680711269378662,0.00893277209252119,0.011660110205411911,0.07015974819660187
3437,-1.6052991151809692,-1.6215177774429321,0.008367114700376987,0.007851647213101387,0.07013946026563644
3438,-1.6576629877090454,-1.6763445138931274,0.007161686196923256,0.011519845575094223,0.07011927664279938
3439,-1.6015499830245972,-1.6272497177124023,0.013423359952867031,0.012276453897356987,0.07009907066822052
3440,-1.748207688331604,-1.7725727558135986,0.011834310367703438,0.012530856765806675,0.07007881999015808
3441,-1.4212770462036133,-1.4632493257522583,0.022584062069654465,0.019388141110539436,0.07005856931209564
3442,-1.6709800958633423,-1.6945842504501343,0.013080421835184097,0.010523643344640732,0.0700383111834526
3443,-1.4629400968551636,-1.4828128814697266,0.0099722221493721,0.009900513105094433,0.07001804560422897
3444,-1.329617977142334,-1.3513187170028687,0.009312191046774387,0.01238858699798584,0.0699978768825531
3445,-1.4073524475097656,-1.4499826431274414,0.020276332274079323,0.022353870794177055,0.06997775286436081
3446,-1.4400639533996582,-1.4629329442977905,0.010802802629768848,0.01206621527671814,0.0699576735496521
3447,-1.5805662870407104,-1.5991066694259644,0.008146715350449085,0.010393661446869373,0.06993748992681503
3448,-1.3368616104125977,-1.364335060119629,0.012235012836754322,0.015238388441503048,0.06991730630397797
3449,-1.6440082788467407,-1.6610959768295288,0.011232881806790829,0.00585485715419054,0.06989708542823792
3450,-1.5030691623687744,-1.7345755100250244,0.11637897044420242,0.11512730270624161,0.06987689435482025
3451,-1.5855598449707031,-1.5968053340911865,0.005554217845201492,0.005691269412636757,0.06985681504011154
3452,-1.7130931615829468,-1.7226494550704956,0.0036608336959034204,0.005895526148378849,0.06983676552772522
3453,-1.4510983228683472,-1.4710333347320557,0.012340448796749115,0.007594583090394735,0.0698167085647583
3454,-1.5053502321243286,-1.5250451564788818,0.009501009248197079,0.010193971917033195,0.06979663670063019
3455,-1.5243823528289795,-1.7109487056732178,0.10260695219039917,0.08395930379629135,0.06977657228708267
3456,-1.6414985656738281,-1.7329479455947876,0.04746800661087036,0.04398135840892792,0.06975647807121277
3457,-1.5902135372161865,-1.619463562965393,0.013374350033700466,0.015875745564699173,0.06973645836114883
3458,-1.6695271730422974,-1.6905055046081543,0.010329739190638065,0.010648641735315323,0.0697164535522461
3459,-1.8203576803207397,-1.8523167371749878,0.016329020261764526,0.015630003064870834,0.06969638168811798
3460,-1.8057081699371338,-1.8256064653396606,0.010540473274886608,0.009357819333672523,0.06967629492282867
3461,-1.7147233486175537,-1.7348803281784058,0.007718435488641262,0.012438562698662281,0.06965617835521698
3462,-1.8645026683807373,-1.8836811780929565,0.01028895191848278,0.008889595046639442,0.06963610649108887
3463,-1.6395580768585205,-1.6483948230743408,0.0038857231847941875,0.004950992297381163,0.06961604952812195
3464,-1.665696382522583,-1.6839300394058228,0.007626628968864679,0.01060703955590725,0.06959598511457443
3465,-1.3840851783752441,-1.4429161548614502,0.032384131103754044,0.026446780189871788,0.0695759654045105
3466,-1.7798819541931152,-1.7910549640655518,0.005445538554340601,0.005727473646402359,0.06955602765083313
3467,-1.6074179410934448,-1.6276450157165527,0.011807920411229134,0.008419109508395195,0.06953614950180054
3468,-1.572308897972107,-1.5891093015670776,0.008704091422259808,0.008096350356936455,0.06951635330915451
3469,-1.5400171279907227,-1.6442608833312988,0.05188333988189697,0.052360400557518005,0.06949660181999207
3470,-1.5122462511062622,-1.539716124534607,0.014247412793338299,0.013222482986748219,0.06947691738605499
3471,-1.4998860359191895,-1.522402286529541,0.011190012097358704,0.011326233856379986,0.06945724040269852
3472,-1.506334900856018,-1.5188767910003662,0.00705424090847373,0.005487683229148388,0.06943754106760025
3473,-1.6761714220046997,-1.6950472593307495,0.010658594779670238,0.008217203430831432,0.06941777467727661
3474,-1.6528714895248413,-1.664758324623108,0.00398557074368,0.007901269011199474,0.06939790397882462
3475,-1.785874366760254,-1.7977535724639893,0.0059254905208945274,0.00595367606729269,0.06937801837921143
3476,-1.765846610069275,-1.7778432369232178,0.005598540883511305,0.006398135796189308,0.06935810297727585
3477,-1.7044366598129272,-1.717370867729187,0.004705744795501232,0.008228447288274765,0.06933820992708206
3478,-1.8058819770812988,-1.824950933456421,0.00925553310662508,0.00981344934552908,0.06931837648153305
3479,-0.5164523720741272,-1.6331785917282104,0.5426798462867737,0.5740463137626648,0.06929861754179001
3480,-1.8754863739013672,-1.8867839574813843,0.0060634007677435875,0.0052342587150633335,0.06927882134914398
3481,-1.6074503660202026,-1.6611896753311157,0.027218785136938095,0.026520483195781708,0.06925898790359497
3482,-1.7522213459014893,-1.7834688425064087,0.015087760053575039,0.01615973375737667,0.06923920661211014
3483,-1.5051833391189575,-1.5215586423873901,0.007168877404183149,0.009206468239426613,0.06921938806772232
3484,-1.5961509943008423,-1.6230167150497437,0.012290839105844498,0.014574868604540825,0.06919955462217331
3485,-1.6937878131866455,-1.7121644020080566,0.01040024496614933,0.007976307533681393,0.06917981058359146
3486,-1.7257193326950073,-1.7403334379196167,0.00864874105900526,0.005965324118733406,0.0691600814461708
3487,-1.7244635820388794,-1.7330677509307861,0.0027442057617008686,0.0058599235489964485,0.06914027035236359
3488,-1.5715484619140625,-1.5984375476837158,0.014288252219557762,0.012600724585354328,0.06912028789520264
3489,-1.555846929550171,-1.5780960321426392,0.011587240733206272,0.010661843232810497,0.06910018622875214
3490,-1.608709692955017,-1.6294490098953247,0.011421185918152332,0.00931808352470398,0.06908003985881805
3491,-1.438600778579712,-1.4695115089416504,0.014372953213751316,0.016537761315703392,0.06905987113714218
3492,-1.6524602174758911,-1.6755249500274658,0.01208531018346548,0.010979382321238518,0.0690397173166275
3493,-1.9584499597549438,-1.9683170318603516,0.005363289266824722,0.004503730684518814,0.06901955604553223
3494,-1.580458164215088,-1.6164172887802124,0.017731837928295135,0.018227363005280495,0.06899945437908173
3495,-1.6779592037200928,-1.6931368112564087,0.008090456016361713,0.007087164092808962,0.06897932291030884
3496,-1.4273159503936768,-1.445862889289856,0.010560194030404091,0.007986830547451973,0.06895920634269714
3497,-1.8293211460113525,-1.8399834632873535,0.005744001362472773,0.004918319173157215,0.06893910467624664
3498,-1.620673656463623,-1.6597702503204346,0.020923813804984093,0.018172746524214745,0.06891895830631256
3499,-1.8622241020202637,-1.8808495998382568,0.011363225989043713,0.007262246683239937,0.06889881193637848
3500,-1.5640612840652466,-1.577930212020874,0.0074909767135977745,0.006377963814884424,0.06887861341238022
3501,-1.4279154539108276,-1.4486865997314453,0.010246302001178265,0.010524814017117023,0.06885846704244614
3502,-1.8095569610595703,-1.8202154636383057,0.00621976051479578,0.004438700620085001,0.06883830577135086
3503,-1.7905703783035278,-1.8055742979049683,0.007894414477050304,0.007109550759196281,0.06881825625896454
3504,-0.05744558572769165,-1.544530987739563,0.7611863613128662,0.7258990406990051,0.06879827380180359
3505,-1.4555506706237793,-1.4787486791610718,0.010219057090580463,0.0129789337515831,0.06877843290567398
3506,-1.540345549583435,-1.555953025817871,0.008027634583413601,0.00757985282689333,0.0687585398554802
3507,-1.7464135885238647,-1.766764760017395,0.012269516475498676,0.00808172021061182,0.06873860955238342
3508,-1.9225201606750488,-1.9406177997589111,0.009034872986376286,0.009062707424163818,0.06871863454580307
3509,-1.6501578092575073,-1.6849275827407837,0.021800506860017776,0.012969211675226688,0.06869866698980331
3510,-1.4252586364746094,-1.4639220237731934,0.020354757085442543,0.018308695405721664,0.06867876648902893
3511,-1.5935806035995483,-1.6084372997283936,0.007571892812848091,0.007284772582352161,0.068658746778965
3512,-1.5769453048706055,-1.598906397819519,0.012225399725139141,0.009735649451613426,0.06863880902528763
3513,-1.6493651866912842,-1.6702102422714233,0.012408101931214333,0.008436971344053745,0.06861887872219086
3514,-0.5390406250953674,-1.6825687885284424,0.5779085159301758,0.5656196475028992,0.06859900802373886
3515,-1.7188719511032104,-1.7308095693588257,0.007301228120923042,0.004636386409401894,0.06857918947935104
3516,-1.5624582767486572,-1.5899548530578613,0.012493626214563847,0.01500300969928503,0.0685594230890274
3517,-1.323142647743225,-1.5798026323318481,0.1154119148850441,0.14124813675880432,0.06853979080915451
3518,-1.372712254524231,-1.426377296447754,0.025679394602775574,0.027985714375972748,0.06852017343044281
3519,-1.6307241916656494,-1.6730958223342896,0.02099062316119671,0.021381014958024025,0.06850055605173111
3520,-1.6736505031585693,-1.6972641944885254,0.009787253104150295,0.013826473616063595,0.06848104298114777
3521,-1.5769401788711548,-1.6155976057052612,0.01691429689526558,0.02174321748316288,0.06846150010824203
3522,-1.572908878326416,-1.597658395767212,0.010806756094098091,0.013942740857601166,0.06844188272953033
3523,-1.3408453464508057,-1.3814144134521484,0.018408993259072304,0.022160030901432037,0.06842222064733505
3524,-0.6966223120689392,-1.6985909938812256,0.49809134006500244,0.5038773417472839,0.06840238720178604
3525,-1.5773884057998657,-1.6199722290039062,0.02143194153904915,0.02115188166499138,0.06838254630565643
3526,-1.5042916536331177,-1.534830093383789,0.014389874413609505,0.01614859141409397,0.06836270540952682
3527,-1.9250892400741577,-1.9559965133666992,0.01575155183672905,0.015155667439103127,0.06834292411804199
3528,-1.9259696006774902,-1.9471715688705444,0.00983726792037487,0.011364717967808247,0.06832325458526611
3529,-1.40336275100708,-1.4640671014785767,0.028506143018603325,0.03219818323850632,0.06830359995365143
3530,-1.5366230010986328,-1.5827364921569824,0.023004569113254547,0.023108966648578644,0.06828389316797256
3531,-1.7590590715408325,-1.7810986042022705,0.01208564918488264,0.00995391234755516,0.0682641863822937
3532,-1.4061293601989746,-1.4372955560684204,0.014774389564990997,0.016391735523939133,0.06824452430009842
3533,-1.4797866344451904,-1.5027117729187012,0.01206625159829855,0.010858834721148014,0.0682249516248703
3534,-1.4652878046035767,-1.4883922338485718,0.008951387368142605,0.014152955263853073,0.06820537149906158
3535,-1.6074703931808472,-1.6284089088439941,0.009454643353819847,0.01148389745503664,0.06818568706512451
3536,-1.6271623373031616,-1.653732419013977,0.01306984294205904,0.013500211760401726,0.06816592067480087
3537,-1.7605558633804321,-1.787562608718872,0.012965662404894829,0.014041108079254627,0.06814617663621902
3538,-1.5035322904586792,-1.5222223997116089,0.008366690948605537,0.010323363356292248,0.06812642514705658
3539,-1.734317660331726,-1.7496217489242554,0.00803598202764988,0.00726807676255703,0.0681067556142807
3540,-1.6503348350524902,-1.667518138885498,0.006705146748572588,0.010478101670742035,0.0680871233344078
3541,-1.637869119644165,-1.657755970954895,0.009441062808036804,0.010445859283208847,0.06806760281324387
3542,-1.7533230781555176,-1.773322582244873,0.011311491951346397,0.008688021451234818,0.06804811209440231
3543,-1.3813432455062866,-1.3959119319915771,0.006727797444909811,0.007840873673558235,0.06802871078252792
3544,-1.5387489795684814,-1.5577369928359985,0.008810614235699177,0.010177377611398697,0.06800924986600876
3545,-1.7786855697631836,-1.791796088218689,0.005599381867796183,0.007511170580983162,0.06798968464136124
3546,-1.6051011085510254,-1.622376561164856,0.008172622881829739,0.009102796204388142,0.0679701715707779
3547,-1.5917079448699951,-1.6089589595794678,0.007717185653746128,0.009533850476145744,0.06795069575309753
3548,-1.646745204925537,-1.6632189750671387,0.008340179920196533,0.008133620955049992,0.06793127208948135
3549,-1.7781546115875244,-1.7882202863693237,0.004759093746542931,0.005306649021804333,0.06791185587644577
3550,-1.4784131050109863,-1.5155444145202637,0.021326646208763123,0.015804652124643326,0.06789254397153854
3551,-1.909205675125122,-1.9243744611740112,0.010339997708797455,0.004828787408769131,0.06787318736314774
3552,-1.6552280187606812,-1.6946161985397339,0.019951090216636658,0.019437119364738464,0.06785377115011215
3553,-1.5500199794769287,-1.5833721160888672,0.01950923167169094,0.013842925429344177,0.06783443689346313
3554,-1.7921608686447144,-1.8028020858764648,0.004926173947751522,0.005714969709515572,0.06781516224145889
3555,-1.3947993516921997,-1.4104682207107544,0.009297391399741173,0.006371521390974522,0.06779581308364868
3556,-1.633496880531311,-1.6537574529647827,0.009643186815083027,0.010617434047162533,0.06777661293745041
3557,-1.3302046060562134,-1.3417649269104004,0.0061349025927484035,0.005425505340099335,0.06775759905576706
3558,-1.816713571548462,-1.8338943719863892,0.006737750023603439,0.010443043895065784,0.06773865222930908
3559,-1.8164631128311157,-1.8265726566314697,0.00537560461089015,0.004733978770673275,0.06771966069936752
3560,-1.556457281112671,-1.5710973739624023,0.008380070328712463,0.00626000901684165,0.06770085543394089
3561,-1.4771989583969116,-1.487746238708496,0.005277919117361307,0.005269455723464489,0.0676819235086441
3562,-1.791959524154663,-1.8069322109222412,0.007263657171279192,0.007709051948040724,0.06766323745250702
3563,-1.8530505895614624,-1.8726247549057007,0.009216845966875553,0.01035727933049202,0.06764455884695053
3564,-1.5543665885925293,-1.5707834959030151,0.007889918982982635,0.008527014404535294,0.06762601435184479
3565,-1.7073421478271484,-1.7284032106399536,0.010497319512069225,0.010563710704445839,0.06760752201080322
3566,-1.536231279373169,-1.5523756742477417,0.005628516431897879,0.01051590871065855,0.06758908927440643
3567,-1.5538233518600464,-1.5730531215667725,0.00855434499680996,0.010675407946109772,0.06757082790136337
3568,-0.50112384557724,-1.6337507963180542,0.5621986389160156,0.5704283118247986,0.06755255162715912
3569,-1.8821951150894165,-1.9020953178405762,0.009651831351220608,0.010248414240777493,0.06753432005643845
3570,-1.9368939399719238,-1.950193166732788,0.006957532837986946,0.006341651082038879,0.06751619279384613
3571,-1.777652621269226,-1.8207554817199707,0.02236698940396309,0.02073580212891102,0.06749806553125381
3572,-1.7440847158432007,-1.7780640125274658,0.021240726113319397,0.01273853424936533,0.06748005002737045
3573,-1.5214375257492065,-1.547408103942871,0.014252089895308018,0.01171845756471157,0.06746214628219604
3574,-1.4879744052886963,-1.5011730194091797,0.007426713593304157,0.005771921016275883,0.0674440860748291
3575,-1.7054948806762695,-1.7259143590927124,0.0077348025515675545,0.012684683315455914,0.06742588430643082
3576,-1.5029386281967163,-1.523880958557129,0.009876850992441177,0.011065509170293808,0.06740763783454895
3577,-1.5463230609893799,-1.638029932975769,0.049527667462825775,0.042179204523563385,0.06738928705453873
3578,-1.6360797882080078,-1.6659629344940186,0.015616891905665398,0.014266232959926128,0.06737089157104492
3579,-1.6976046562194824,-1.7209515571594238,0.014375279657542706,0.008971601724624634,0.0673525407910347
3580,-1.5165441036224365,-1.5399118661880493,0.010872437618672848,0.0124952532351017,0.06733426451683044
3581,-1.8246281147003174,-1.8453772068023682,0.011023815721273422,0.009725349955260754,0.06731593608856201
3582,-1.726621389389038,-1.7612171173095703,0.016880827024579048,0.017714858055114746,0.06729757785797119
3583,-1.7850643396377563,-1.8236202001571655,0.016651857644319534,0.021903984248638153,0.06727918982505798
3584,-1.583264708518982,-1.6116278171539307,0.01099382247775793,0.017369264736771584,0.06726080924272537
3585,-1.8212605714797974,-1.8418775796890259,0.010136576369404793,0.010480393655598164,0.06724254786968231
3586,-1.3655668497085571,-1.4106675386428833,0.02262686751782894,0.022473765537142754,0.06722422689199448
3587,-1.6744122505187988,-1.688415288925171,0.0067187342792749405,0.007284271530807018,0.0672057494521141
3588,-1.6084752082824707,-1.6364003419876099,0.01780254952609539,0.010122557170689106,0.0671873390674591
3589,-1.360672116279602,-1.3787639141082764,0.010398518294095993,0.007693269290030003,0.0671689361333847
3590,-1.7481091022491455,-1.7766704559326172,0.013487394899129868,0.015074042603373528,0.06715045869350433
3591,-1.5670009851455688,-1.5872527360916138,0.011666630394756794,0.00858515128493309,0.06713203340768814
3592,-1.6798096895217896,-1.6902382373809814,0.004942483268678188,0.005485968664288521,0.06711358577013016
3593,-1.4804441928863525,-1.5135347843170166,0.013097230345010757,0.019993258640170097,0.06709510833024979
3594,-1.5172079801559448,-1.533150553703308,0.006714195478707552,0.009228356182575226,0.06707657128572464
3595,-1.6432292461395264,-1.663406491279602,0.01218460127711296,0.007992608472704887,0.06705797463655472
3596,-1.6594010591506958,-1.6864053010940552,0.011813391000032425,0.015190791338682175,0.06703934818506241
3597,-1.6084657907485962,-1.6298985481262207,0.013388448394834995,0.008044381625950336,0.06702075898647308
3598,-1.6902961730957031,-1.7105786800384521,0.012355823069810867,0.007926646620035172,0.0670023262500763
3599,-1.526293396949768,-1.6229008436203003,0.04633050039410591,0.0502769760787487,0.06698369979858398
3600,-1.7526663541793823,-1.767902135848999,0.006462412420660257,0.008773334324359894,0.06696506589651108
3601,-1.6180170774459839,-1.6334844827651978,0.008667059242725372,0.006800307892262936,0.06694643944501877
3602,-1.4728306531906128,-1.5045571327209473,0.011058815754950047,0.02066761627793312,0.0669279396533966
3603,-0.6562213897705078,-1.8114348649978638,0.5747466087341309,0.5804668664932251,0.06690923869609833
3604,-1.6685874462127686,-1.6830483675003052,0.0070886872708797455,0.0073722307570278645,0.06689050048589706
3605,-1.5764330625534058,-1.6023691892623901,0.013896885327994823,0.012039188295602798,0.06687181442975998
3606,-1.8408780097961426,-1.864388108253479,0.011530030518770218,0.011980048380792141,0.06685315817594528
3607,-1.7877880334854126,-1.8473680019378662,0.0332193449139595,0.026360658928751945,0.06683459132909775
3608,-1.7713481187820435,-1.784226417541504,0.007074807770550251,0.005803428590297699,0.06681614369153976
3609,-1.6200120449066162,-1.6366032361984253,0.008150765672326088,0.008440360426902771,0.06679752469062805
3610,-1.6733132600784302,-1.699216365814209,0.012714821845293045,0.013188224285840988,0.06677892804145813
3611,-1.3458377122879028,-1.363598108291626,0.006712140515446663,0.011048241518437862,0.06676028668880463
3612,-1.428849697113037,-1.458194613456726,0.018092410638928413,0.011252512224018574,0.06674164533615112
3613,-1.37333345413208,-1.3907150030136108,0.007620356976985931,0.009761262685060501,0.06672314554452896
3614,-1.5222246646881104,-1.5525583028793335,0.013616358861327171,0.016717342659831047,0.06670458614826202
3615,-1.6057132482528687,-1.8272626399993896,0.11408510059118271,0.10746435821056366,0.06668602675199509
3616,-1.5578992366790771,-1.5780373811721802,0.012367689050734043,0.007770475000143051,0.06666748970746994
3617,-1.76475989818573,-1.8476369380950928,0.03904055431485176,0.04383642598986626,0.06664896011352539
3618,-1.739484429359436,-1.756308913230896,0.008360622450709343,0.008463862352073193,0.06663032621145248
3619,-1.8550125360488892,-1.8703690767288208,0.006466737948358059,0.008889768272638321,0.06661167740821838
3620,-1.722472906112671,-1.7377820014953613,0.008486723527312279,0.006822354160249233,0.06659312546253204
3621,-1.8520303964614868,-1.8654663562774658,0.006882049608975649,0.006553878076374531,0.06657449156045914
3622,-1.5480821132659912,-1.569484829902649,0.011802158318459988,0.009600532241165638,0.06655598431825638
3623,-1.5586137771606445,-1.5834498405456543,0.01344437338411808,0.011391699314117432,0.06653743982315063
3624,-1.8342010974884033,-1.8451193571090698,0.004745178855955601,0.0061731538735330105,0.0665188804268837
3625,-1.725374698638916,-1.7371699810028076,0.005574807059019804,0.006220483221113682,0.06650034338235855
3626,-1.735012173652649,-1.7496836185455322,0.007007403764873743,0.00766412541270256,0.06648170202970505
3627,-1.6679577827453613,-1.6905038356781006,0.01133031863719225,0.011215654201805592,0.06646308302879333
3628,-1.6496323347091675,-1.6615623235702515,0.005696164909750223,0.006233762949705124,0.06644449383020401
3629,-1.709443211555481,-1.744640827178955,0.02305823564529419,0.012139471247792244,0.06642575562000275
3630,-1.8151150941848755,-1.8323192596435547,0.008597695268690586,0.00860648974776268,0.06640702486038208
3631,-1.3552452325820923,-1.370134949684143,0.00707549462094903,0.007814154028892517,0.06638821959495544
3632,-1.7693487405776978,-1.7918031215667725,0.013745681382715702,0.008708729408681393,0.06636938452720642
3633,-1.7077211141586304,-1.724976897239685,0.010435976088047028,0.006819858215749264,0.0663505420088768
3634,-1.5992581844329834,-1.6257843971252441,0.012327568605542183,0.014198691584169865,0.06633166968822479
3635,-1.9036977291107178,-1.9229094982147217,0.008345548994839191,0.010866131633520126,0.0663127452135086
3636,-1.6006090641021729,-1.6332833766937256,0.018077000975608826,0.014597329311072826,0.06629364937543869
3637,-1.6030856370925903,-1.6238462924957275,0.008760870434343815,0.011999784037470818,0.06627460569143295
3638,-1.6278091669082642,-1.6555759906768799,0.012397916987538338,0.015368962660431862,0.066255584359169
3639,-1.5046097040176392,-1.5278785228729248,0.013295873068273067,0.00997296441346407,0.06623648852109909
3640,-1.6469018459320068,-1.6616162061691284,0.009077167138457298,0.005637188442051411,0.0662173479795456
3641,-1.9358235597610474,-1.943725824356079,0.0039514824748039246,0.003950813319534063,0.06619817018508911
3642,-1.5990626811981201,-1.6083959341049194,0.0034620771184563637,0.005871222820132971,0.06617902964353561
3643,-1.5300458669662476,-1.597404956817627,0.03613428398966789,0.031224826350808144,0.06615998595952988
3644,-1.7798434495925903,-1.7910456657409668,0.005536768585443497,0.005665460601449013,0.06614096462726593
3645,-1.5457905530929565,-1.5621037483215332,0.007015027105808258,0.009298164397478104,0.06612200289964676
3646,-1.5326532125473022,-1.5469932556152344,0.00865803100168705,0.0056820218451321125,0.06610308587551117
3647,-1.4646751880645752,-1.4883018732070923,0.008961069397628307,0.014665636233985424,0.06608419120311737
3648,-1.5273652076721191,-1.5464322566986084,0.008418611250817776,0.010648468509316444,0.06606533378362656
3649,-1.622446894645691,-1.6451992988586426,0.013057210482656956,0.009695186279714108,0.06604643911123276
3650,-1.808798909187317,-1.832881212234497,0.011137587018311024,0.012944726273417473,0.06602746248245239
3651,-1.3938977718353271,-1.402501106262207,0.0034608023706823587,0.005142510402947664,0.06600846350193024
3652,-1.6377997398376465,-1.6575806140899658,0.011407402344048023,0.008373474702239037,0.06598947197198868
3653,-1.710328221321106,-1.7341480255126953,0.013960713520646095,0.009859039448201656,0.06597048789262772
3654,-1.5552312135696411,-1.5708173513412476,0.007152940146625042,0.00843327771872282,0.06595148891210556
3655,-1.6127318143844604,-1.8233397006988525,0.10601659119129181,0.1045912355184555,0.06593248248100281
3656,-1.7484265565872192,-1.7619608640670776,0.006634651683270931,0.006899755448102951,0.06591338664293289
3657,-1.4496498107910156,-1.644522786140442,0.09765137732028961,0.09722160547971725,0.06589427590370178
3658,-1.8593631982803345,-1.8925389051437378,0.017679449170827866,0.015496201813220978,0.06587523967027664
3659,-1.4956166744232178,-1.528503179550171,0.016682805493474007,0.016203653067350388,0.06585630029439926
3660,-1.4705538749694824,-1.6413191556930542,0.08347855508327484,0.08728674799203873,0.06583724170923233
3661,-1.779098391532898,-1.8086847066879272,0.015978725627064705,0.013607627712190151,0.065818190574646
3662,-1.6442550420761108,-1.6584333181381226,0.006958898156881332,0.007219431921839714,0.06579917669296265
3663,-1.630094289779663,-1.7115004062652588,0.045073989778757095,0.0363321527838707,0.06577999144792557
3664,-1.7016799449920654,-1.714679479598999,0.007591363973915577,0.00540816318243742,0.06576090306043625
3665,-1.9445894956588745,-1.953752040863037,0.003503823420032859,0.005658781621605158,0.06574182957410812
3666,-1.726024866104126,-1.7490425109863281,0.011217234656214714,0.0118003711104393,0.06572280079126358
3667,-1.7061054706573486,-1.7216224670410156,0.007314618676900864,0.00820239633321762,0.06570383161306381
3668,-1.8036506175994873,-1.819040298461914,0.006267665419727564,0.00912196934223175,0.06568483263254166
3669,-1.3577966690063477,-1.4281831979751587,0.03381730988621712,0.03656923025846481,0.06566571444272995
3670,-1.623101830482483,-1.6387910842895508,0.007240382023155689,0.008448798209428787,0.06564661115407944
3671,-1.3587498664855957,-1.5810842514038086,0.11181893199682236,0.1105155274271965,0.06562749296426773
3672,-1.596550703048706,-1.6147081851959229,0.009130455553531647,0.009026972576975822,0.06560835987329483
3673,-1.6735587120056152,-1.688713550567627,0.007005388382822275,0.008149546571075916,0.06558918207883835
3674,-1.5808236598968506,-1.6016474962234497,0.009962042793631554,0.010861721821129322,0.06556995213031769
3675,-1.7023619413375854,-1.7258498668670654,0.011003930121660233,0.012483903206884861,0.0655508041381836
3676,-1.423900842666626,-1.5103576183319092,0.0408337377011776,0.04562302306294441,0.06553179025650024
3677,-1.6235220432281494,-1.644219160079956,0.009844084270298481,0.010853075422346592,0.06551283597946167
3678,-1.689958930015564,-1.7026634216308594,0.0072246128693223,0.005479950923472643,0.06549397110939026
3679,-1.539650321006775,-1.5629770755767822,0.011479404754936695,0.01184741873294115,0.06547509878873825
3680,-1.4844592809677124,-1.5032025575637817,0.007846470922231674,0.010896800085902214,0.06545635312795639
3681,-1.6799383163452148,-1.7101491689682007,0.013430710881948471,0.016780110076069832,0.06543753296136856
3682,-1.6485849618911743,-1.6733875274658203,0.01323501206934452,0.011567581444978714,0.06541870534420013
3683,-1.5166516304016113,-1.5335394144058228,0.007305432111024857,0.009582435712218285,0.0653999000787735
3684,-1.5440632104873657,-1.5559078454971313,0.005679786670953035,0.006164765451103449,0.06538107991218567
3685,-1.6599992513656616,-1.6746070384979248,0.0075815534219145775,0.007026169914752245,0.06536225229501724
3686,-1.4645665884017944,-1.476301908493042,0.005325610749423504,0.006409735418856144,0.06534355133771896
3687,-1.6943190097808838,-1.712330937385559,0.009304756298661232,0.008707156404852867,0.06532489508390427
3688,-1.8879181146621704,-1.9104018211364746,0.011764753609895706,0.010718991979956627,0.0653061717748642
3689,-1.6888264417648315,-1.7078403234481812,0.007405902724713087,0.011607956141233444,0.06528753787279129
3690,-1.8041553497314453,-1.8242231607437134,0.008575907908380032,0.011491861194372177,0.06526888161897659
3691,-1.7706941366195679,-1.7826721668243408,0.005934273358434439,0.006043757777661085,0.06525019556283951
3692,-1.6919370889663696,-1.7297347784042358,0.021609144285321236,0.016188515350222588,0.06523147970438004
3693,-1.7823389768600464,-1.8080731630325317,0.015366393141448498,0.010367803275585175,0.06521280109882355
3694,-1.800431251525879,-1.8143057823181152,0.008180571720004082,0.005693953949958086,0.06519410014152527
3695,-1.6326591968536377,-1.6430737972259521,0.005557654425501823,0.0048569077625870705,0.065175361931324
3696,-1.6618597507476807,-1.68085777759552,0.006453718990087509,0.012544292025268078,0.06515668332576752
3697,-1.7164909839630127,-1.7950904369354248,0.042238499969244,0.03636093810200691,0.06513813883066177
3698,-1.7066277265548706,-1.727517008781433,0.006900590844452381,0.013988730497658253,0.06511960178613663
3699,-1.652329444885254,-1.6673768758773804,0.00713182520121336,0.00791565515100956,0.06510117650032043
3700,-1.5489107370376587,-1.5682570934295654,0.009467009454965591,0.009879328310489655,0.06508273631334305
3701,-1.5376594066619873,-1.56139075756073,0.010650189593434334,0.013081211596727371,0.06506434828042984
3702,-1.5205557346343994,-1.538973331451416,0.01164295244961977,0.006774628534913063,0.06504586338996887
3703,-1.7571327686309814,-1.7643626928329468,0.0047874473966658115,0.0024425305891782045,0.06502708792686462
3704,-1.6309171915054321,-1.6459451913833618,0.007571524009108543,0.007456401828676462,0.06500828266143799
3705,-1.2943083047866821,-1.5472315549850464,0.12710492312908173,0.1258184015750885,0.06498948484659195
3706,-1.607972502708435,-1.6225146055221558,0.005780304316431284,0.008761784061789513,0.06497061252593994
3707,-1.5979888439178467,-1.6190462112426758,0.008620419539511204,0.01243693009018898,0.0649518147110939
3708,-1.641723394393921,-1.733410358428955,0.04860926792025566,0.04307767376303673,0.06493307650089264
3709,-2.0039029121398926,-2.0136287212371826,0.005605998449027538,0.0041198390536010265,0.06491431593894958
3710,-1.5842798948287964,-1.6585605144500732,0.03706178069114685,0.037218790501356125,0.06489549577236176
3711,-1.6858434677124023,-1.7010728120803833,0.008688417263329029,0.006540875416249037,0.06487677991390228
3712,-1.7121860980987549,-1.7255706787109375,0.0075558205135166645,0.00582877965644002,0.06485814601182938
3713,-1.8427494764328003,-1.8545767068862915,0.007023544516414404,0.00480367336422205,0.06483955681324005
3714,-1.8953096866607666,-1.9066275358200073,0.0055392151698470116,0.005778683815151453,0.06482107192277908
3715,-1.6379121541976929,-1.650235652923584,0.006690278183668852,0.005633227061480284,0.0648026242852211
3716,-1.7011127471923828,-1.7522943019866943,0.019151266664266586,0.03203032165765762,0.06478416174650192
3717,-1.3911471366882324,-1.4039993286132812,0.0052703064866364,0.007581887301057577,0.06476567685604095
3718,-1.8091987371444702,-1.8434256315231323,0.01578495278954506,0.01844189316034317,0.06474718451499939
3719,-1.6794874668121338,-1.7045743465423584,0.014337245374917984,0.010749603621661663,0.06472869217395782
3720,-1.6772388219833374,-1.716562032699585,0.019030224531888962,0.020292941480875015,0.06471022218465805
3721,-1.0722100734710693,-1.09878671169281,0.015617890283465385,0.0109588373452425,0.06469187885522842
3722,-1.5967350006103516,-1.6161141395568848,0.011253925040364265,0.008125155232846737,0.06467348337173462
3723,-1.643665075302124,-1.6599336862564087,0.008963407017290592,0.00730512011796236,0.06465505808591843
3724,-0.31197798252105713,-1.7082549333572388,0.6848215460777283,0.7114554643630981,0.06463652849197388
3725,-1.651074767112732,-1.6670175790786743,0.007394804153591394,0.008548061363399029,0.06461793184280396
3726,-1.6368881464004517,-1.6926082372665405,0.027038579806685448,0.02868148870766163,0.06459934264421463
3727,-1.8801592588424683,-1.8947558403015137,0.007181106600910425,0.007415547035634518,0.06458067893981934
3728,-1.95689058303833,-1.97867751121521,0.011004886589944363,0.010782035067677498,0.06456198543310165
3729,-1.6478787660598755,-1.6809825897216797,0.017374053597450256,0.015729831531643867,0.06454333662986755
3730,-1.8161211013793945,-1.843951940536499,0.013775596395134926,0.014055192470550537,0.06452465802431107
3731,-1.5477896928787231,-1.5883996486663818,0.020747680217027664,0.01986224576830864,0.06450604647397995
3732,-1.785204529762268,-1.802088737487793,0.00830229464918375,0.008581831119954586,0.06448739022016525
3733,-1.2804691791534424,-1.306118130683899,0.01220647245645523,0.01344247069209814,0.06446877121925354
3734,-1.8962877988815308,-1.907866358757019,0.007191170938313007,0.004387414548546076,0.06445011496543884
3735,-1.7968060970306396,-1.81582510471344,0.008946395479142666,0.010072543285787106,0.06443130970001221
3736,-1.444629430770874,-1.4698556661605835,0.014283159747719765,0.010943043977022171,0.06441263854503632
3737,-1.5410853624343872,-1.579329013824463,0.018108969554305077,0.020134635269641876,0.06439407169818878
3738,-1.5720539093017578,-1.6839046478271484,0.058101702481508255,0.053749099373817444,0.06437557190656662
3739,-1.814108967781067,-1.823466420173645,0.005719874054193497,0.0036375613417476416,0.06435700505971909
3740,-1.6108429431915283,-1.6363824605941772,0.012947341427206993,0.012592175975441933,0.06433850526809692
3741,-1.6392147541046143,-1.6676573753356934,0.01599002629518509,0.01245263870805502,0.06432003527879715
3742,-1.6345511674880981,-1.6530481576919556,0.00899864174425602,0.009498406201601028,0.06430148333311081
3743,-1.615110993385315,-1.6945117712020874,0.041642531752586365,0.037758223712444305,0.06428279727697372
3744,-1.616125464439392,-1.628442406654358,0.0058492207899689674,0.006467701867222786,0.06426413357257843
3745,-1.8426885604858398,-1.9193238019943237,0.03733895346522331,0.039296217262744904,0.06424553692340851
3746,-1.9049063920974731,-1.9346216917037964,0.01862759329378605,0.011087615974247456,0.064226895570755
3747,-1.7194396257400513,-1.7368056774139404,0.008758787997066975,0.008607303723692894,0.06420838832855225
3748,-1.7823735475540161,-1.800614833831787,0.006563584320247173,0.011677762493491173,0.06418988108634949
3749,-1.4685965776443481,-1.4869719743728638,0.010035904124379158,0.008339502848684788,0.06417130678892136
3750,-1.449627161026001,-1.46986985206604,0.010199437849223614,0.010043255053460598,0.06415288895368576
3751,-1.7691318988800049,-1.786589503288269,0.0077387127093970776,0.009718915447592735,0.06413435190916061
3752,-1.7418409585952759,-1.755615472793579,0.007623303681612015,0.006151244509965181,0.06411594152450562
3753,-1.8340781927108765,-1.8458831310272217,0.005775012541562319,0.006030013784766197,0.06409766525030136
3754,-1.8595505952835083,-1.8763039112091064,0.008251365274190903,0.008502052165567875,0.06407944858074188
3755,-1.8506138324737549,-1.9248275756835938,0.035456687211990356,0.038757115602493286,0.0640612542629242
3756,-1.68118155002594,-1.7002710103988647,0.00889146514236927,0.010198039002716541,0.0640430673956871
3757,-1.6519066095352173,-1.671649694442749,0.010214203037321568,0.009528875350952148,0.06402496248483658
3758,-1.7575725317001343,-1.7764945030212402,0.009395763278007507,0.009526250883936882,0.06400684267282486
3759,-1.5579627752304077,-1.5680862665176392,0.006193981971591711,0.003929474391043186,0.06398873776197433
3760,-1.7611685991287231,-1.7771344184875488,0.008021265268325806,0.007944629527628422,0.06397067755460739
3761,-1.6782727241516113,-1.7021503448486328,0.012621602974832058,0.011255971156060696,0.06395270675420761
3762,-1.4299795627593994,-1.443064570426941,0.00742601091042161,0.005658962298184633,0.0639347955584526
3763,-1.5782136917114258,-1.592261791229248,0.0063883098773658276,0.007659770082682371,0.06391695141792297
3764,-1.4020987749099731,-1.4458026885986328,0.021166197955608368,0.02253773808479309,0.06389909237623215
3765,-1.5601619482040405,-1.571075677871704,0.0050406688824296,0.005873103626072407,0.06388118118047714
3766,-1.708396315574646,-1.7215752601623535,0.008300097659230232,0.004878900945186615,0.06386319547891617
3767,-1.5934040546417236,-1.6347379684448242,0.02004799246788025,0.021285880357027054,0.06384524703025818
3768,-1.7971923351287842,-1.8064637184143066,0.004406388849020004,0.004865084309130907,0.06382714956998825
3769,-1.530672311782837,-1.7369489669799805,0.10979160666465759,0.09648503363132477,0.06380917876958847
3770,-1.7166167497634888,-1.7463889122009277,0.01578076370060444,0.013991390354931355,0.06379109621047974
3771,-1.611793875694275,-1.6275477409362793,0.008622771129012108,0.0071310680359601974,0.06377284228801727
3772,-1.6602706909179688,-1.6827908754348755,0.012843192555010319,0.00967696588486433,0.06375466287136078
3773,-1.7288789749145508,-1.743587613105774,0.007553831674158573,0.00715483445674181,0.06373652815818787
3774,-1.5853896141052246,-1.6111773252487183,0.014536376111209393,0.011251386255025864,0.06371845304965973
3775,-1.7974836826324463,-1.8358311653137207,0.018376540392637253,0.01997084729373455,0.06370025128126144
3776,-1.8746602535247803,-1.8820642232894897,0.0031079656910151243,0.004295992664992809,0.06368203461170197
3777,-1.3325172662734985,-1.3555909395217896,0.012564386241137981,0.010509285144507885,0.06366411596536636
3778,-1.4309412240982056,-1.4566384553909302,0.012723859399557114,0.012973461300134659,0.0636463612318039
3779,-1.6026583909988403,-1.6181917190551758,0.006489720195531845,0.009043540805578232,0.06362859159708023
3780,-1.599069356918335,-1.617186188697815,0.009744057431817055,0.008372783660888672,0.06361076980829239
3781,-1.6432123184204102,-1.6566814184188843,0.008186589926481247,0.005282535683363676,0.06359304487705231
3782,-1.8659158945083618,-1.881385087966919,0.009186623618006706,0.006282567046582699,0.0635753870010376
3783,-1.579466700553894,-1.599051833152771,0.010869624093174934,0.008715532720088959,0.06355759501457214
3784,-1.3532358407974243,-1.3786708116531372,0.014228399842977524,0.011206572875380516,0.06353969871997833
3785,-1.518609881401062,-1.6032605171203613,0.04501701518893242,0.03963364660739899,0.06352179497480392
3786,-1.7604074478149414,-1.7788559198379517,0.010078219696879387,0.008370250463485718,0.0635039284825325
3787,-1.6066923141479492,-1.6303644180297852,0.01149672456085682,0.012175314128398895,0.06348615139722824
3788,-1.5439062118530273,-1.5590591430664062,0.008210842497646809,0.006941985338926315,0.0634683221578598
3789,-1.70414137840271,-1.7254412174224854,0.010099703446030617,0.011200190521776676,0.06345042586326599
3790,-1.7194876670837402,-1.7406001091003418,0.01100455317646265,0.010107921436429024,0.06343252956867218
3791,-1.6269234418869019,-1.6432044506072998,0.007236869540065527,0.009044208563864231,0.06341458112001419
3792,-1.8441779613494873,-1.8533450365066528,0.005419875029474497,0.0037472392432391644,0.06339661031961441
3793,-1.6960910558700562,-1.7741506099700928,0.035761214792728424,0.0422983318567276,0.06337878853082657
3794,-1.656851887702942,-1.6701886653900146,0.00752188079059124,0.005814890842884779,0.06336086988449097
3795,-1.4823851585388184,-1.5969682931900024,0.06485846638679504,0.049724724143743515,0.06334294378757477
3796,-1.76875638961792,-1.8013895750045776,0.017090123146772385,0.01554312463849783,0.06332503259181976
3797,-1.595810055732727,-1.6657893657684326,0.03374084457755089,0.0362384058535099,0.0633070096373558
3798,-1.5872430801391602,-1.5965021848678589,0.003834749571979046,0.005424334667623043,0.06328891962766647
3799,-1.8506933450698853,-1.8609247207641602,0.005854188464581966,0.004377302713692188,0.06327090412378311
3800,-1.7422963380813599,-1.8836783170700073,0.07345665246248245,0.06792529672384262,0.06325279176235199
3801,-1.4946846961975098,-1.6081218719482422,0.061841923743486404,0.051595207303762436,0.06323473900556564
3802,-1.5580843687057495,-1.5693213939666748,0.005106037948280573,0.00613094586879015,0.0632166638970375
3803,-1.1625782251358032,-1.3770431280136108,0.10542203485965729,0.10904285311698914,0.06319855153560638
3804,-1.9145667552947998,-1.9350833892822266,0.010882750153541565,0.009633921086788177,0.06318046152591705
3805,-1.440756916999817,-1.5843194723129272,0.07893864065408707,0.06462392210960388,0.06316225230693817
3806,-1.7089269161224365,-1.7344142198562622,0.010712269693613052,0.014775064773857594,0.06314404308795929
3807,-1.6621276140213013,-1.6835603713989258,0.010200640186667442,0.011232196353375912,0.06312587857246399
3808,-1.495566964149475,-1.524303674697876,0.017390573397278786,0.011346076615154743,0.06310766935348511
3809,-1.6413252353668213,-1.6553754806518555,0.006961258593946695,0.007089019753038883,0.06308954209089279
3810,-1.8480567932128906,-1.8610986471176147,0.008209645748138428,0.004832213278859854,0.06307126581668854
3811,-1.891642689704895,-1.9073249101638794,0.008991913869976997,0.0066902427934110165,0.06305310130119324
3812,-1.671290397644043,-1.7064268589019775,0.017783645540475845,0.01735287718474865,0.06303516030311584
3813,-1.5397120714187622,-1.5703328847885132,0.011693591251969337,0.01892724633216858,0.06301732361316681
3814,-1.3881521224975586,-1.453574776649475,0.03384212404489517,0.03158055245876312,0.062999427318573
3815,-1.3784160614013672,-1.3994827270507812,0.01023664977401495,0.010830016806721687,0.06298142671585083
3816,-1.8214601278305054,-1.8404614925384521,0.007956154644489288,0.011045180261135101,0.06296350806951523
3817,-1.630327582359314,-1.6426868438720703,0.0056814891286194324,0.006677773781120777,0.0629456639289856
3818,-1.5523641109466553,-1.5766632556915283,0.01388034038245678,0.010418775491416454,0.06292791664600372
3819,-1.3480597734451294,-1.3723561763763428,0.011316384188830853,0.012980025261640549,0.06291018426418304
3820,-1.7157939672470093,-1.740087866783142,0.014483105391263962,0.009810847230255604,0.06289248913526535
3821,-1.8366652727127075,-1.8566229343414307,0.0112155107781291,0.00874203909188509,0.06287483870983124
3822,-1.685720682144165,-1.699368953704834,0.006424764636904001,0.007223508786410093,0.06285719573497772
3823,-1.682364821434021,-1.6998463869094849,0.012065215036273003,0.005416427738964558,0.06283970922231674
3824,-1.476902961730957,-1.6281471252441406,0.08253072202205658,0.06871338933706284,0.06282221525907516
3825,-1.5339665412902832,-1.5539370775222778,0.011091332882642746,0.008879134431481361,0.06280475109815598
3826,-1.761527180671692,-1.7834577560424805,0.008188655599951744,0.01374201849102974,0.06278732419013977
3827,-1.6926891803741455,-1.7014697790145874,0.004227236844599247,0.004553271923214197,0.06276986002922058
3828,-1.749597430229187,-1.7797237634658813,0.014493029564619064,0.01563337817788124,0.062752366065979
3829,-1.5065529346466064,-1.5337027311325073,0.014400092884898186,0.012749677523970604,0.06273496896028519
3830,-0.5331038236618042,-1.650046706199646,0.5564959049224854,0.5604469776153564,0.06271763890981674
3831,-1.8634378910064697,-1.8840992450714111,0.012366524897515774,0.008294784463942051,0.0627002939581871
3832,-1.687530517578125,-1.7183713912963867,0.0165692288428545,0.014271578751504421,0.0626831203699112
3833,-1.6599946022033691,-1.6794112920761108,0.012389037758111954,0.00702760461717844,0.06266572326421738
3834,-1.8451203107833862,-1.8686152696609497,0.012525313533842564,0.010969608090817928,0.06264834105968475
3835,-1.5241318941116333,-1.556352138519287,0.015746785327792168,0.016473397612571716,0.06263092160224915
3836,-1.7377558946609497,-1.7796686887741089,0.022669784724712372,0.019243024289608,0.06261342763900757
3837,-1.826220154762268,-1.842310905456543,0.010508318431675434,0.005582496523857117,0.0625959038734436
3838,-1.6644196510314941,-1.685945749282837,0.013325981795787811,0.00820014625787735,0.06257844716310501
3839,-1.6509066820144653,-1.6759182214736938,0.012118944898247719,0.012892624363303185,0.06256097555160522
3840,-1.5837239027023315,-1.6658133268356323,0.04277108609676361,0.03931836038827896,0.06254346668720245
3841,-0.9796470403671265,-1.8518574237823486,0.42606911063194275,0.4461412727832794,0.06252603977918625
3842,-1.6890358924865723,-1.7164198160171509,0.016367610543966293,0.011016367003321648,0.06250858306884766
3843,-1.6499536037445068,-1.8205958604812622,0.09064538776874542,0.07999677211046219,0.06249120831489563
3844,-1.8546451330184937,-1.8893401622772217,0.01998143456876278,0.014713597483932972,0.062473881989717484
3845,-1.6386088132858276,-1.6954402923583984,0.02951952815055847,0.02731192857027054,0.06245642900466919
3846,-1.880466103553772,-1.9004212617874146,0.009684182703495026,0.010270942002534866,0.06243903934955597
3847,-1.733458399772644,-1.757220983505249,0.012771890498697758,0.010990726761519909,0.06242159381508827
3848,-1.4789738655090332,-1.5647304058074951,0.04746243357658386,0.03829405456781387,0.06240418553352356
3849,-1.7664034366607666,-1.778128743171692,0.006405962165445089,0.005319336429238319,0.06238667294383049
3850,-1.5025527477264404,-1.5362162590026855,0.018390515819191933,0.015272960998117924,0.062369052320718765
3851,-1.6722513437271118,-1.7410166263580322,0.03597598895430565,0.032789379358291626,0.062351446598768234
3852,-1.7796063423156738,-1.7940921783447266,0.006727621890604496,0.007758264429867268,0.06233377382159233
3853,-1.5022956132888794,-1.5413295030593872,0.016180116683244705,0.022853722795844078,0.062316372990608215
3854,-1.6940573453903198,-1.722191333770752,0.012872185558080673,0.015261718071997166,0.06229917332530022
3855,-1.7220114469528198,-1.760590672492981,0.022116998210549355,0.01646224781870842,0.06228206306695938
3856,-1.6079999208450317,-1.6232304573059082,0.006210542283952236,0.009019963443279266,0.06226499006152153
3857,-1.5748577117919922,-1.7146906852722168,0.06858283281326294,0.07125020772218704,0.06224796548485756
3858,-1.6465623378753662,-1.6668424606323242,0.00765153719112277,0.012628580443561077,0.06223094463348389
3859,-1.5231233835220337,-1.5419998168945312,0.009632756002247334,0.009243760257959366,0.062214165925979614
3860,-1.8197219371795654,-1.8424475193023682,0.011510268785059452,0.01121530495584011,0.06219753995537758
3861,-1.6254827976226807,-1.6612446308135986,0.015879537910223007,0.019882366061210632,0.06218094751238823
3862,-1.6531169414520264,-1.6690642833709717,0.007732023019343615,0.008215322159230709,0.06216440722346306
3863,-1.790014386177063,-1.8927857875823975,0.05155631899833679,0.051215000450611115,0.0621480755507946
3864,-1.5630327463150024,-1.6697003841400146,0.056149356067180634,0.05051825940608978,0.06213174760341644
3865,-1.7113163471221924,-1.729285478591919,0.007904762402176857,0.010064391419291496,0.06211550161242485
3866,-1.7178905010223389,-1.732090711593628,0.006696891970932484,0.007503239903599024,0.06209934502840042
3867,-1.6625316143035889,-1.677374243736267,0.00880057830363512,0.006042048335075378,0.06208324059844017
3868,-1.5999616384506226,-1.6151320934295654,0.008930401876568794,0.006239955313503742,0.062067195773124695
3869,-1.9014254808425903,-1.9291256666183472,0.010013015009462833,0.017687154933810234,0.062051333487033844
3870,-1.518807053565979,-1.5386569499969482,0.011000413447618484,0.0088495509698987,0.06203550845384598
3871,-1.846701979637146,-1.8783576488494873,0.01754930429160595,0.014106366783380508,0.06201966851949692
3872,-0.9022312164306641,-1.8089207410812378,0.4438322186470032,0.4628572165966034,0.06200387701392174
3873,-1.4391653537750244,-1.5264532566070557,0.04311221092939377,0.04417573660612106,0.061987973749637604
3874,-1.8213340044021606,-1.8441344499588013,0.01040484569966793,0.012395585887134075,0.06197177618741989
3875,-1.577776312828064,-1.6509828567504883,0.038166772574186325,0.0350397527217865,0.06195564568042755
3876,-1.6812732219696045,-1.712020993232727,0.012084475718438625,0.018663275986909866,0.06193961948156357
3877,-1.7570849657058716,-1.780495285987854,0.012077748775482178,0.011332648806273937,0.06192367523908615
3878,-1.4871958494186401,-1.5102225542068481,0.0113173583522439,0.011709341779351234,0.06190752238035202
3879,-1.570237636566162,-1.591848611831665,0.011086281388998032,0.010524693876504898,0.06189142167568207
3880,-1.5743896961212158,-1.5946286916732788,0.01109220553189516,0.009146812371909618,0.06187528371810913
3881,-1.5475234985351562,-1.6159353256225586,0.024015741422772408,0.04439610242843628,0.061859145760536194
3882,-1.5787886381149292,-1.5974055528640747,0.009625018574297428,0.00899180956184864,0.06184302642941475
3883,-1.7191468477249146,-1.7384827136993408,0.00954681821167469,0.0097889993339777,0.061826810240745544
3884,-1.6564817428588867,-1.766452670097351,0.05226777493953705,0.057703178375959396,0.06181053817272186
3885,-1.563103437423706,-1.6419280767440796,0.038599465042352676,0.04022517055273056,0.061794448643922806
3886,-1.6506471633911133,-1.7186636924743652,0.03132354095578194,0.03669298067688942,0.06177833303809166
3887,-1.5134576559066772,-1.5632368326187134,0.025698721408843994,0.024080347269773483,0.06176228076219559
3888,-1.5930123329162598,-1.6047042608261108,0.00584091292694211,0.0058510336093604565,0.061746351420879364
3889,-1.5388916730880737,-1.5607730150222778,0.012213367968797684,0.009667999111115932,0.06173030659556389
3890,-1.6838231086730957,-1.7089905738830566,0.0112020717933774,0.013965395279228687,0.06171419098973274
3891,-1.3976929187774658,-1.4284695386886597,0.013517341576516628,0.01725924201309681,0.06169802322983742
3892,-1.6560388803482056,-1.7322136163711548,0.04034075513482094,0.035833995789289474,0.0616818442940712
3893,-1.616561770439148,-1.6338329315185547,0.011606157757341862,0.0056649972684681416,0.06166571378707886
3894,-1.7482515573501587,-1.7656832933425903,0.007643762044608593,0.00978794414550066,0.06164941191673279
3895,-1.7200874090194702,-1.7373919486999512,0.00642226729542017,0.010882220230996609,0.06163293495774269
3896,-1.6334717273712158,-1.6644716262817383,0.018543150275945663,0.012456814758479595,0.061616480350494385
3897,-1.7039673328399658,-1.729859471321106,0.00931631587445736,0.016575854271650314,0.0616002194583416
3898,-1.7842360734939575,-1.8012754917144775,0.007696476299315691,0.009342922829091549,0.0615839958190918
3899,-1.708421230316162,-1.7891490459442139,0.0453624352812767,0.03536538779735565,0.06156778708100319
3900,-1.55262291431427,-1.5694267749786377,0.009067258797585964,0.007736509200185537,0.061551567167043686
3901,-1.521055817604065,-1.6140813827514648,0.03804605454206467,0.0549796000123024,0.06153539940714836
3902,-1.5785715579986572,-1.6141064167022705,0.01582629419863224,0.019708488136529922,0.06151910126209259
3903,-1.6091117858886719,-1.6840581893920898,0.038189128041267395,0.03675723820924759,0.06150280684232712
3904,-1.6307564973831177,-1.7217873334884644,0.04244353622198105,0.04858735203742981,0.06148644536733627
3905,-1.7672300338745117,-1.7818354368209839,0.005255389958620071,0.009350116364657879,0.061469998210668564
3906,-1.81667160987854,-1.8303766250610352,0.007070762105286121,0.006634221877902746,0.061453647911548615
3907,-1.851532220840454,-1.8737268447875977,0.012681666761636734,0.00951295718550682,0.06143719330430031
3908,-1.8438196182250977,-1.8650556802749634,0.010748120956122875,0.01048788707703352,0.06142089515924454
3909,-1.582276701927185,-1.6060856580734253,0.010749567300081253,0.013059355318546295,0.061404597014188766
3910,-1.5639348030090332,-1.5966037511825562,0.01671072281897068,0.015958186239004135,0.061388321220874786
3911,-1.7035548686981201,-1.7258174419403076,0.00807890947908163,0.014183586463332176,0.061371900141239166
3912,-1.5651311874389648,-1.5837502479553223,0.009287241846323013,0.00933179073035717,0.06135548651218414
3913,-1.621368169784546,-1.8917397260665894,0.12504081428050995,0.14533072710037231,0.061339087784290314
3914,-1.7716320753097534,-1.800765037536621,0.013056463561952114,0.016076402738690376,0.06132280081510544
3915,-1.2498809099197388,-1.4856432676315308,0.11505293846130371,0.12070941925048828,0.06130644306540489
3916,-1.5135114192962646,-1.5343260765075684,0.01152167096734047,0.00929298810660839,0.061290234327316284
3917,-1.5614187717437744,-1.621709942817688,0.032478705048561096,0.027812432497739792,0.06127411872148514
3918,-1.7361419200897217,-1.769578456878662,0.016007274389266968,0.01742921955883503,0.06125783175230026
3919,-1.4345873594284058,-1.5124516487121582,0.04020034894347191,0.03766395524144173,0.061241623014211655
3920,-1.606078028678894,-1.6370646953582764,0.01439974457025528,0.016586877405643463,0.061225272715091705
3921,-1.7164340019226074,-1.733779788017273,0.00717541016638279,0.010170298628509045,0.06120888143777847
3922,-1.6238963603973389,-1.6528105735778809,0.012175168842077255,0.016739049926400185,0.061192408204078674
3923,-1.6511896848678589,-1.6809883117675781,0.01623302884399891,0.013565595261752605,0.06117581948637962
3924,-1.8442615270614624,-1.8534926176071167,0.004357907455414534,0.004873111844062805,0.06115923821926117
3925,-1.3517264127731323,-1.5046663284301758,0.05175338685512543,0.10118655860424042,0.06114264950156212
3926,-1.6232244968414307,-1.903220534324646,0.1280055046081543,0.15199053287506104,0.061125945299863815
3927,-1.4416303634643555,-1.4922415018081665,0.02400274947285652,0.026608288288116455,0.06110924482345581
3928,-1.7685186862945557,-1.7887805700302124,0.009062735363841057,0.011199125088751316,0.06109250709414482
3929,-1.4661331176757812,-1.6103483438491821,0.05329621583223343,0.09091906249523163,0.06107586249709129
3930,-1.5721579790115356,-1.599023699760437,0.01209795568138361,0.014767713844776154,0.061059363186359406
3931,-1.8179630041122437,-1.8455244302749634,0.011153928935527802,0.016407452523708344,0.06104275584220886
3932,-1.363924264907837,-1.4187690019607544,0.016995307058095932,0.03784943372011185,0.061026111245155334
3933,-1.5861867666244507,-1.61886465549469,0.015269175171852112,0.01740877702832222,0.06100941076874733
3934,-1.4231736660003662,-1.6490098237991333,0.12173852324485779,0.10409760475158691,0.06099281460046768
3935,-1.8389678001403809,-1.8538259267807007,0.006260923109948635,0.008597209118306637,0.06097618117928505
3936,-1.449547290802002,-1.7155476808547974,0.13590788841247559,0.13009245693683624,0.060959652066230774
3937,-1.716275930404663,-1.7261713743209839,0.006990411318838596,0.00290496414527297,0.060943059623241425
3938,-1.687651515007019,-1.7256184816360474,0.02166035585105419,0.016306670382618904,0.06092643737792969
3939,-1.5755914449691772,-1.6045976877212524,0.013035058975219727,0.01597113348543644,0.060909662395715714
3940,-1.6326361894607544,-1.649731993675232,0.008515051566064358,0.008580787107348442,0.06089286506175995
3941,-1.5131715536117554,-1.590676188468933,0.036938734352588654,0.04056581109762192,0.06087619811296463
3942,-1.648803472518921,-1.669230341911316,0.011423151940107346,0.009003708139061928,0.06085940822958946
3943,-1.7560316324234009,-1.7841002941131592,0.010411378927528858,0.017657287418842316,0.06084265187382698
3944,-1.7679647207260132,-1.7887248992919922,0.012975956313312054,0.007784188725054264,0.06082584336400032
3945,-1.4714398384094238,-1.5677664279937744,0.04142395034432411,0.05490270256996155,0.06080926954746246
3946,-1.6841678619384766,-1.6987401247024536,0.006380881182849407,0.00819131638854742,0.06079265475273132
3947,-1.7266007661819458,-1.7466137409210205,0.011800829321146011,0.00821203738451004,0.060776062309741974
3948,-1.6681020259857178,-1.6837265491485596,0.007527342066168785,0.008097195997834206,0.06075931340456009
3949,-1.8081872463226318,-1.8283052444458008,0.009258022531867027,0.010859910398721695,0.060742612928152084
3950,-1.6358633041381836,-1.6504027843475342,0.007063338533043861,0.007476057857275009,0.06072596088051796
3951,-1.5734710693359375,-1.6866717338562012,0.040378108620643616,0.07282257080078125,0.06070924177765846
3952,-1.66279137134552,-1.6871068477630615,0.009505393914878368,0.014810053631663322,0.0606924407184124
3953,-1.537431240081787,-1.6666995286941528,0.047029703855514526,0.08223853260278702,0.060675669461488724
3954,-1.6118336915969849,-1.688808798789978,0.036372993141412735,0.040602076798677444,0.06065886467695236
3955,-1.4831876754760742,-1.547257900238037,0.03199942782521248,0.03207070007920265,0.060641929507255554
3956,-1.777297854423523,-1.801100254058838,0.011808492243289948,0.011993899941444397,0.06062493100762367
3957,-1.580392837524414,-1.5998848676681519,0.012268899008631706,0.007223085965961218,0.06060806289315224
3958,-1.4495075941085815,-1.4651740789413452,0.00735861761495471,0.00830779504030943,0.06059100106358528
3959,-1.6321027278900146,-1.8351376056671143,0.09067187458276749,0.11236301809549332,0.060573987662792206
3960,-1.4767861366271973,-1.7099090814590454,0.11432556807994843,0.11879745125770569,0.0605570487678051
3961,-1.9210658073425293,-1.9369521141052246,0.006320692598819733,0.00956560019403696,0.06054011359810829
3962,-1.7035316228866577,-1.7260584831237793,0.01069968193769455,0.011827257461845875,0.060522954910993576
3963,-1.759150505065918,-1.8245726823806763,0.017576342448592186,0.047845885157585144,0.06050584465265274
3964,-1.5915147066116333,-1.7079921960830688,0.049165841192007065,0.06731169670820236,0.06048889458179474
3965,-1.4957698583602905,-1.596435308456421,0.044896021485328674,0.05576945096254349,0.060471996665000916
3966,-1.5586966276168823,-1.6114957332611084,0.028490018099546432,0.024308986961841583,0.060455042868852615
3967,-1.7178080081939697,-1.7626183032989502,0.021512199193239212,0.023298189043998718,0.06043803691864014
3968,-1.4552801847457886,-1.5694406032562256,0.048542216420173645,0.0656181201338768,0.0604211799800396
3969,-1.4695042371749878,-1.5625461339950562,0.058887727558612823,0.034154221415519714,0.060404226183891296
3970,-1.8701404333114624,-1.8925323486328125,0.010580363683402538,0.011811531148850918,0.06038729473948479
3971,-1.6488255262374878,-1.7160696983337402,0.019860807806253433,0.047383349388837814,0.06037026271224022
3972,-1.3654453754425049,-1.583336591720581,0.097617506980896,0.12027370929718018,0.060353267937898636
3973,-1.382676124572754,-1.4227432012557983,0.019435089081525803,0.020631970837712288,0.06033637747168541
3974,-1.5334182977676392,-1.6194486618041992,0.05157750844955444,0.03445282578468323,0.060319434851408005
3975,-1.8285880088806152,-1.8536977767944336,0.010048712603747845,0.015061045996844769,0.060302622616291046
3976,-1.8330343961715698,-1.8514351844787598,0.010588893666863441,0.0078118848614394665,0.06028592213988304
3977,-1.6855682134628296,-1.7110167741775513,0.012621177360415459,0.012827417813241482,0.0602693073451519
3978,-1.6070729494094849,-1.6577198505401611,0.02771143801510334,0.022935491055250168,0.06025278568267822
3979,-1.5647168159484863,-1.6626496315002441,0.047532692551612854,0.050400130450725555,0.06023626774549484
3980,-1.6807458400726318,-1.7097885608673096,0.013840426690876484,0.015202228911221027,0.060219794511795044
3981,-1.7510967254638672,-1.772512674331665,0.008541233837604523,0.012874743901193142,0.060203202068805695
3982,-1.3602540493011475,-1.4558923244476318,0.04299759492278099,0.052640728652477264,0.06018678471446037
3983,-1.6800239086151123,-1.7854604721069336,0.05029626190662384,0.05514024198055267,0.060170456767082214
3984,-1.4131748676300049,-1.4297175407409668,0.007838036864995956,0.008704625070095062,0.060154274106025696
3985,-1.7549893856048584,-1.795554757118225,0.018125073984265327,0.022440306842327118,0.06013818457722664
3986,-1.578692078590393,-1.6006911993026733,0.012983293272554874,0.009015848860144615,0.06012212857604027
3987,-1.697729468345642,-1.7592051029205322,0.02578776888549328,0.03568793833255768,0.060106076300144196
3988,-1.6278746128082275,-1.6932967901229858,0.03260747343301773,0.03281470760703087,0.0600900873541832
3989,-1.70265793800354,-1.8122813701629639,0.0528918020427227,0.05673157051205635,0.0600741021335125
3990,-1.6540906429290771,-1.7763018608093262,0.05604362487792969,0.06616758555173874,0.06005813181400299
3991,-1.9141390323638916,-1.9390664100646973,0.013258135877549648,0.011669228784739971,0.060042399913072586
3992,-1.6324381828308105,-1.6653306484222412,0.014467199333012104,0.018425216898322105,0.0600266233086586
3993,-1.8195514678955078,-1.8781589269638062,0.033104993402957916,0.025502393022179604,0.06001075729727745
3994,-1.587342619895935,-1.6281837224960327,0.02271059900522232,0.01813051477074623,0.05999477580189705
3995,-1.5912821292877197,-1.630440592765808,0.01833285018801689,0.020825684070587158,0.05997875705361366
3996,-1.5722804069519043,-1.6389832496643066,0.0258784256875515,0.040824469178915024,0.05996277183294296
3997,-1.7031933069229126,-1.7986758947372437,0.045740529894828796,0.049742091447114944,0.05994677543640137
3998,-1.6461305618286133,-1.720855712890625,0.03363044932484627,0.04109464958310127,0.059930671006441116
3999,-1.7278153896331787,-1.7817752361297607,0.01881267875432968,0.035147201269865036,0.05991462618112564
4000,-1.8600704669952393,-1.8817172050476074,0.012429405003786087,0.009217394515872002,0.059898730367422104
4001,-1.5679895877838135,-1.6116769313812256,0.019977880641818047,0.023709427565336227,0.05988302454352379
4002,-1.8750375509262085,-1.901665210723877,0.014369850978255272,0.012257843278348446,0.059867434203624725
4003,-1.3544590473175049,-1.4530280828475952,0.04787560552358627,0.05069337785243988,0.05985192209482193
4004,-1.5678216218948364,-1.6841020584106445,0.056272201240062714,0.060008253902196884,0.05983641371130943
4005,-1.4736738204956055,-1.5313758850097656,0.019696515053510666,0.038005612790584564,0.05982096493244171
4006,-1.5277191400527954,-1.672956109046936,0.06871866434812546,0.07651832699775696,0.059805478900671005
4007,-1.8155395984649658,-1.8382744789123535,0.011234326288104057,0.011500578373670578,0.059789981693029404
4008,-1.5549331903457642,-1.5770273208618164,0.010647068731486797,0.011447075754404068,0.05977458506822586
4009,-1.7642192840576172,-1.792704701423645,0.010575593449175358,0.017909785732626915,0.059759169816970825
4010,-1.7830098867416382,-1.8006161451339722,0.009410272352397442,0.00819605216383934,0.059743739664554596
4011,-1.5499969720840454,-1.7166576385498047,0.07801041752099991,0.08865020424127579,0.05972840264439583
4012,-1.443585991859436,-1.5320472717285156,0.04296019673347473,0.04550109803676605,0.05971309542655945
4013,-1.6957409381866455,-1.7190381288528442,0.011526010930538177,0.011771256104111671,0.05969777703285217
4014,-1.7481653690338135,-1.7828634977340698,0.017030514776706696,0.01766769215464592,0.05968241021037102
4015,-1.580474615097046,-1.6599210500717163,0.03789474815130234,0.041551679372787476,0.059667084366083145
4016,-1.3461986780166626,-1.4007676839828491,0.015805739909410477,0.03876325115561485,0.059651680290699005
4017,-1.5695416927337646,-1.6157869100570679,0.02118339017033577,0.02506190538406372,0.05963648110628128
4018,-1.3542900085449219,-1.4712508916854858,0.05710246413946152,0.05985841155052185,0.059621382504701614
4019,-1.6500835418701172,-1.686439037322998,0.01970399171113968,0.016651473939418793,0.05960623174905777
4020,-1.4498928785324097,-1.5061545372009277,0.021126678213477135,0.03513508662581444,0.05959111079573631
4021,-1.8033095598220825,-1.8282605409622192,0.010685100220143795,0.014265895821154118,0.05957598239183426
4022,-1.5481302738189697,-1.5691643953323364,0.009125100448727608,0.011909057386219501,0.059560757130384445
4023,-1.6599912643432617,-1.7486637830734253,0.04070763289928436,0.04796493053436279,0.059545550495386124
4024,-1.6546905040740967,-1.6772807836532593,0.013463076204061508,0.009127265773713589,0.05953037738800049
4025,-1.5630910396575928,-1.6825289726257324,0.0643942728638649,0.05504365265369415,0.05951516330242157
4026,-1.769029140472412,-1.7932254076004028,0.01451705489307642,0.00967924389988184,0.05950015410780907
4027,-1.7707353830337524,-1.7862906455993652,0.006654686294496059,0.008900514803826809,0.05948520451784134
4028,-1.635067105293274,-1.6508692502975464,0.00694688456133008,0.008855187334120274,0.059470284730196
4029,-1.8160771131515503,-1.829749345779419,0.0072713871486485004,0.00640081986784935,0.05945554003119469
4030,-1.6475913524627686,-1.7572135925292969,0.05553330481052399,0.05408899486064911,0.059440843760967255
4031,-1.542322039604187,-1.6505894660949707,0.049451444298028946,0.058815959841012955,0.05942605063319206
4032,-1.654059648513794,-1.6842091083526611,0.01319285947829485,0.016956593841314316,0.05941130220890045
4033,-1.8373557329177856,-1.9324281215667725,0.04271075129508972,0.052361633628606796,0.059396445751190186
4034,-1.545988917350769,-1.5673655271530151,0.012572077102959156,0.008804612793028355,0.05938168987631798
4035,-1.650699496269226,-1.6927516460418701,0.017587250098586082,0.024464847519993782,0.059366799890995026
4036,-1.4877231121063232,-1.5060365200042725,0.008926503360271454,0.00938691757619381,0.059351854026317596
4037,-1.618114709854126,-1.6580467224121094,0.022067829966545105,0.017864223569631577,0.059336841106414795
4038,-1.6825695037841797,-1.7060599327087402,0.009869237430393696,0.013621225953102112,0.059321846812963486
4039,-1.4546293020248413,-1.6569738388061523,0.09831913560628891,0.10402534902095795,0.059306785464286804
4040,-1.4367668628692627,-1.4516046047210693,0.007499699015170336,0.007338039111346006,0.059291575103998184
4041,-1.528261661529541,-1.6284106969833374,0.04196662828326225,0.058182381093502045,0.05927649140357971
4042,-1.627685308456421,-1.7705762386322021,0.06509435176849365,0.07779661566019058,0.05926138907670975
4043,-1.3040229082107544,-1.3908582925796509,0.04463977739214897,0.042195528745651245,0.0592464841902256
4044,-1.452045202255249,-1.5025861263275146,0.0272534117102623,0.023287493735551834,0.059231679886579514
4045,-1.3934614658355713,-1.4337708950042725,0.01628086343407631,0.024028584361076355,0.05921667069196701
4046,-1.7471725940704346,-1.7926855087280273,0.019556287676095963,0.02595667354762554,0.059201791882514954
4047,-1.7242765426635742,-1.83218252658844,0.05596208944916725,0.051943887025117874,0.0591869056224823
4048,-1.5756973028182983,-1.5959749221801758,0.012181215919554234,0.00809640996158123,0.05917206034064293
4049,-1.8145827054977417,-1.841868281364441,0.015308580361306667,0.011976968497037888,0.059157248586416245
4050,-1.4360281229019165,-1.4579521417617798,0.01056716125458479,0.01135685108602047,0.05914265289902687
4051,-1.6389405727386475,-1.6631274223327637,0.010690625756978989,0.013496319763362408,0.05912793427705765
4052,-1.6434545516967773,-1.6844974756240845,0.014822633937001228,0.02622031606733799,0.0591132752597332
4053,-1.4054908752441406,-1.5072417259216309,0.05089246854186058,0.05085841566324234,0.059098802506923676
4054,-1.721686840057373,-1.749035358428955,0.012877720408141613,0.01447079237550497,0.059083908796310425
4055,-1.5561728477478027,-1.574324369430542,0.0065129604190588,0.011638553813099861,0.0590689517557621
4056,-1.65352201461792,-1.7370295524597168,0.03856690600514412,0.044940631836652756,0.05905391275882721
4057,-1.4016221761703491,-1.6437852382659912,0.12059679627418518,0.1215662732720375,0.059038907289505005
4058,-1.5134423971176147,-1.620394229888916,0.03589913249015808,0.07105271518230438,0.059023890644311905
4059,-1.5528627634048462,-1.6229286193847656,0.030962012708187103,0.039103902876377106,0.059008847922086716
4060,-1.2649098634719849,-1.3165463209152222,0.02307131513953209,0.02856515720486641,0.05899374186992645
4061,-1.4957104921340942,-1.6367425918579102,0.05590520426630974,0.0851268544793129,0.05897853896021843
4062,-1.6510668992996216,-1.724287748336792,0.037035178393125534,0.0361856184899807,0.05896342173218727
4063,-1.7664903402328491,-1.8600040674209595,0.04904041439294815,0.04447333514690399,0.05894824117422104
4064,-1.7030683755874634,-1.792365312576294,0.046052075922489166,0.043244868516922,0.058933135122060776
4065,-1.3135573863983154,-1.4895718097686768,0.08260584622621536,0.09340852499008179,0.05891810357570648
4066,-1.8779278993606567,-1.9576371908187866,0.0383029505610466,0.04140636697411537,0.058903101831674576
4067,-1.9145162105560303,-1.957556128501892,0.02031238004565239,0.02272750809788704,0.05888800695538521
4068,-1.650620698928833,-1.8169267177581787,0.06144335865974426,0.104862742125988,0.05887278914451599
4069,-1.6693512201309204,-1.7400776147842407,0.031775474548339844,0.03895091265439987,0.05885753408074379
4070,-1.1099178791046143,-1.3454639911651611,0.09265555441379547,0.1428905725479126,0.05884222686290741
4071,-1.382369041442871,-1.4286143779754639,0.022565046325325966,0.02368036098778248,0.058826979249715805
4072,-1.4075932502746582,-1.4624404907226562,0.02773614600300789,0.02711111307144165,0.058811455965042114
4073,-1.4513843059539795,-1.5081521272659302,0.02524908073246479,0.03151867166161537,0.05879601836204529
4074,-1.4615768194198608,-1.553795337677002,0.04260886088013649,0.04960962012410164,0.05878043547272682
4075,-1.5627341270446777,-1.6099530458450317,0.01875399798154831,0.028464950621128082,0.05876493453979492
4076,-1.4726755619049072,-1.540555477142334,0.034366294741630554,0.03351361304521561,0.05874945595860481
4077,-1.6287249326705933,-1.704350471496582,0.03135475516319275,0.04427079111337662,0.05873405188322067
4078,-1.9847216606140137,-2.073787212371826,0.03295411542057991,0.05611138790845871,0.058718591928482056
4079,-1.713973045349121,-1.7725188732147217,0.03123083896934986,0.027314960956573486,0.05870328098535538
4080,-1.8715928792953491,-1.9105286598205566,0.016259491443634033,0.022676341235637665,0.05868806689977646
4081,-1.7296761274337769,-1.7739181518554688,0.017278453335165977,0.026963621377944946,0.058672890067100525
4082,-1.9437353610992432,-1.9832942485809326,0.016690349206328392,0.022868510335683823,0.05865766853094101
4083,-0.9410803318023682,-1.8878363370895386,0.4770757555961609,0.4696803092956543,0.058642469346523285
4084,-1.8795201778411865,-1.940815806388855,0.034380316734313965,0.026915300637483597,0.058627136051654816
4085,-1.800896406173706,-1.8582065105438232,0.02744578756392002,0.029864361509680748,0.05861205607652664
4086,-1.5468608140945435,-1.5740001201629639,0.013834480196237564,0.0133048789575696,0.05859706178307533
4087,-1.516526222229004,-1.5584301948547363,0.02040020190179348,0.021503746509552002,0.058581989258527756
4088,-1.447693943977356,-1.5140464305877686,0.0300618726760149,0.03629061207175255,0.058566853404045105
4089,-1.618956208229065,-1.7370376586914062,0.057990796864032745,0.06009068340063095,0.058551717549562454
4090,-1.376588225364685,-1.4497615098953247,0.02660840004682541,0.0465649850666523,0.05853655934333801
4091,-1.7231260538101196,-1.7602477073669434,0.018051929771900177,0.01906963624060154,0.058521419763565063
4092,-1.4449563026428223,-1.5185573101043701,0.025234214961528778,0.0483667366206646,0.058506350964307785
4093,-1.84950590133667,-1.8975887298583984,0.02241717465221882,0.025665581226348877,0.05849121883511543
4094,-1.7133935689926147,-1.7524300813674927,0.02034524455666542,0.018691297620534897,0.05847618728876114
4095,-2.0797698497772217,-2.0978846549987793,0.006911111995577812,0.011203806847333908,0.058461301028728485
4096,-1.795417070388794,-1.8626735210418701,0.038449205458164215,0.028807269409298897,0.05844641476869583
4097,-1.6242809295654297,-1.6560925245285034,0.014378860592842102,0.017432700842618942,0.05843166261911392
4098,-1.8369593620300293,-1.9007115364074707,0.027436789125204086,0.03631548583507538,0.058417048305273056
4099,-1.6740833520889282,-1.7503381967544556,0.03862401470541954,0.03763075917959213,0.05840234458446503
4100,-1.7557368278503418,-1.7878985404968262,0.01566823199391365,0.016493408009409904,0.058387696743011475
4101,-1.6830613613128662,-1.717956304550171,0.01711331121623516,0.017781557515263557,0.05837298557162285
4102,-1.7444959878921509,-1.7693442106246948,0.012271508574485779,0.012576662003993988,0.05835834518074989
4103,-1.7823785543441772,-1.8232665061950684,0.01855545863509178,0.02233249321579933,0.058343738317489624
4104,-1.3799129724502563,-1.4241238832473755,0.023709764704108238,0.02050117589533329,0.05832906439900398
4105,-1.458113670349121,-1.4972702264785767,0.020069031044840813,0.019087493419647217,0.058314379304647446
4106,-1.751955509185791,-1.8086689710617065,0.02876732498407364,0.02794615365564823,0.05829997733235359
4107,-1.726672887802124,-1.761094570159912,0.016994981095194817,0.01742670312523842,0.05828556418418884
4108,-1.8187261819839478,-1.8549268245697021,0.016855420544743538,0.01934514194726944,0.058271266520023346
4109,-1.6943413019180298,-1.715271234512329,0.011863511987030506,0.009066486731171608,0.058257170021533966
4110,-1.4993922710418701,-1.68571937084198,0.08358912169933319,0.10273805260658264,0.058243002742528915
4111,-1.8816598653793335,-1.8951767683029175,0.007118307985365391,0.0063985432498157024,0.0582287423312664
4112,-1.6234424114227295,-1.6610029935836792,0.019990140572190285,0.017570555210113525,0.05821433663368225
4113,-1.5190876722335815,-1.5721639394760132,0.02685435861349106,0.026221923530101776,0.058200180530548096
4114,-1.344923973083496,-1.3764088153839111,0.013686862774193287,0.017798006534576416,0.05818638950586319
4115,-1.7009384632110596,-1.7458009719848633,0.02121916227042675,0.023643365129828453,0.05817249044775963
4116,-1.4546444416046143,-1.662459373474121,0.10333862155675888,0.10447627305984497,0.05815841257572174
4117,-1.7694770097732544,-1.7978856563568115,0.014034002088010311,0.014374654740095139,0.058144357055425644
4118,-1.3769254684448242,-1.4565234184265137,0.035358551889657974,0.044239431619644165,0.05813048034906387
4119,-1.4435702562332153,-1.5337923765182495,0.038792066276073456,0.051430054008960724,0.05811666324734688
4120,-1.5860141515731812,-1.6205017566680908,0.01868257112801075,0.015805033966898918,0.05810287967324257
4121,-1.923075795173645,-1.959395170211792,0.018543090671300888,0.017776230350136757,0.05808912590146065
4122,-1.8624169826507568,-1.8820562362670898,0.008173249661922455,0.011466044001281261,0.0580754280090332
4123,-1.249698281288147,-1.3105273246765137,0.029518086463212967,0.03131091222167015,0.05806158483028412
4124,-1.7147154808044434,-1.7362091541290283,0.009494390338659286,0.011999189853668213,0.058047883212566376
4125,-1.5110509395599365,-1.5456448793411255,0.015374785289168358,0.019219134002923965,0.05803416669368744
4126,-1.2708314657211304,-1.3221044540405273,0.020897166803479195,0.030375830829143524,0.058020416647195816
4127,-1.7661514282226562,-1.802605152130127,0.019356586039066315,0.017097141593694687,0.058006640523672104
4128,-1.5099303722381592,-1.53378427028656,0.009452326223254204,0.014401603490114212,0.057992853224277496
4129,-1.4020355939865112,-1.493807315826416,0.06115391477942467,0.03061784617602825,0.057978931814432144
4130,-1.473590612411499,-1.5109190940856934,0.019245518371462822,0.018083026632666588,0.05796509608626366
4131,-1.7083467245101929,-1.8035913705825806,0.04558965563774109,0.04965498298406601,0.05795116722583771
4132,-1.8353668451309204,-1.8609914779663086,0.011453494429588318,0.01417115144431591,0.05793716013431549
4133,-1.7085437774658203,-1.7278672456741333,0.007515809033066034,0.011807640083134174,0.057923197746276855
4134,-1.7455177307128906,-1.7796810865402222,0.015227079391479492,0.01893625594675541,0.057909153401851654
4135,-1.6630160808563232,-1.688770055770874,0.010093719698488712,0.015660271048545837,0.05789518356323242
4136,-1.7532119750976562,-1.7809078693389893,0.012271652929484844,0.01542423851788044,0.05788117274641991
4137,-1.663346767425537,-1.6875500679016113,0.014389703050255775,0.009813494049012661,0.05786719545722008
4138,-1.6537920236587524,-1.688844919204712,0.017513083294034004,0.017539843916893005,0.05785323679447174
4139,-1.7498197555541992,-1.7757107019424438,0.015995966270565987,0.009894966147840023,0.057839278131723404
4140,-1.6142703294754028,-1.6276394128799438,0.0046041663736104965,0.00876484252512455,0.05782531201839447
4141,-1.4423160552978516,-1.4733532667160034,0.017977729439735413,0.013059538789093494,0.05781149864196777
4142,-1.2496960163116455,-1.2771013975143433,0.015134386718273163,0.01227099820971489,0.05779770389199257
4143,-1.4673916101455688,-1.575472354888916,0.05910478159785271,0.048976000398397446,0.05778393894433975
4144,-1.8247801065444946,-1.8480597734451294,0.01249043457210064,0.010789226740598679,0.05777016282081604
4145,-1.617883563041687,-1.7563217878341675,0.062243785709142685,0.07619445025920868,0.05775640532374382
4146,-1.4088621139526367,-1.4641294479370117,0.0322057344019413,0.023061610758304596,0.057742442935705185
4147,-1.740614652633667,-1.7870537042617798,0.023937061429023743,0.02250191755592823,0.05772855505347252
4148,-1.671136498451233,-1.7515583038330078,0.038331326097249985,0.04209053888916969,0.05771472305059433
4149,-1.7550021409988403,-1.8045141696929932,0.02093169093132019,0.028580348938703537,0.057700950652360916
4150,-1.6294740438461304,-1.6824761629104614,0.01708017662167549,0.03592190146446228,0.05768721178174019
4151,-1.9796667098999023,-2.001976251602173,0.01060296781361103,0.011706575751304626,0.05767345800995827
4152,-1.7182724475860596,-1.741135597229004,0.0125286765396595,0.010334518738090992,0.057659778743982315
4153,-1.915175437927246,-1.9427211284637451,0.010469818487763405,0.01707589626312256,0.05764610320329666
4154,-1.6798787117004395,-1.7338088750839233,0.029813649132847786,0.02411647140979767,0.057632509618997574
4155,-1.6554992198944092,-1.7027721405029297,0.016399310901761055,0.030873693525791168,0.05761885270476341
4156,-1.5240530967712402,-1.6286492347717285,0.06109633669257164,0.04349984973669052,0.05760524049401283
4157,-1.6997205018997192,-1.733386754989624,0.013702263124287128,0.019963985309004784,0.05759161710739136
4158,-1.3303821086883545,-1.371301293373108,0.019106609746813774,0.021812614053487778,0.05757812410593033
4159,-1.703946828842163,-1.7438770532608032,0.01889144256711006,0.021038725972175598,0.05756441131234169
4160,-1.5887802839279175,-1.6198456287384033,0.013198727741837502,0.0178665891289711,0.05755066126585007
4161,-1.6259942054748535,-1.6587969064712524,0.012615671381354332,0.020187003538012505,0.05753691494464874
4162,-1.3857288360595703,-1.4897271394729614,0.048969730734825134,0.05502855405211449,0.05752336233854294
4163,-1.7328245639801025,-1.7773927450180054,0.022258637472987175,0.022309496998786926,0.05750981345772743
4164,-0.593288779258728,-1.546088695526123,0.49173325300216675,0.4610665738582611,0.05749613046646118
4165,-2.1383056640625,-2.160506010055542,0.009064233861863613,0.013136086985468864,0.057482410222291946
4166,-1.6857479810714722,-1.7848222255706787,0.04588643088936806,0.05318780988454819,0.05746869370341301
4167,-1.6446869373321533,-1.6948118209838867,0.023220835253596306,0.026904158294200897,0.057455021888017654
4168,-0.3975256681442261,-1.5708308219909668,0.5709679126739502,0.6023372411727905,0.05744155868887901
4169,-1.6028863191604614,-1.653738260269165,0.029395055025815964,0.021456826478242874,0.05742828920483589
4170,-1.8595612049102783,-1.8953900337219238,0.014672947116196156,0.021155845373868942,0.057414982467889786
4171,-1.8889707326889038,-1.9151513576507568,0.01306928414851427,0.01311131939291954,0.057401593774557114
4172,-1.5391062498092651,-1.6111186742782593,0.038141921162605286,0.03387044370174408,0.057388294488191605
4173,-1.69614577293396,-1.7428408861160278,0.023517386987805367,0.02317768894135952,0.057375065982341766
4174,-1.7580088376998901,-1.7727231979370117,0.005799719598144293,0.008914569392800331,0.05736175552010536
4175,-1.569562554359436,-1.6178648471832275,0.024459108710289,0.02384311333298683,0.057348642498254776
4176,-1.457983136177063,-1.5090281963348389,0.02309289015829563,0.02795221470296383,0.05733541026711464
4177,-1.5928263664245605,-1.6461001634597778,0.02478059008717537,0.028493141755461693,0.05732216313481331
4178,-1.4618210792541504,-1.5361398458480835,0.03652571514248848,0.03779309242963791,0.05730896443128586
4179,-1.5910913944244385,-1.6471302509307861,0.02780510112643242,0.028233826160430908,0.05729588866233826
4180,-1.4886785745620728,-1.5449421405792236,0.027067871764302254,0.029195720329880714,0.05728277564048767
4181,-1.8250575065612793,-1.8524342775344849,0.01296495832502842,0.01441182754933834,0.05726955831050873
4182,-1.4090667963027954,-1.4611454010009766,0.024879930540919304,0.02719869092106819,0.05725637078285217
4183,-1.6132291555404663,-1.644967794418335,0.013525743968784809,0.018212947994470596,0.05724344402551651
4184,-1.714353084564209,-1.7508043050765991,0.018686410039663315,0.017764778807759285,0.05723043903708458
4185,-1.5303446054458618,-1.5528944730758667,0.009492861106991768,0.01305699534714222,0.0572173148393631
4186,-1.8506330251693726,-1.8725618124008179,0.008725306950509548,0.013203496113419533,0.05720389261841774
4187,-1.745573878288269,-1.7973052263259888,0.02430635690689087,0.02742491103708744,0.05719047412276268
4188,-1.6586294174194336,-1.6867148876190186,0.012599458917975426,0.015486050397157669,0.05717705935239792
4189,-1.6647597551345825,-1.6953791379928589,0.014282483607530594,0.016336865723133087,0.0571635365486145
4190,-0.6741552352905273,-1.4895461797714233,0.45354703068733215,0.3618439733982086,0.05715003237128258
4191,-1.176257848739624,-1.215376615524292,0.01886891759932041,0.0202498659491539,0.05713672190904617
4192,-1.7751851081848145,-1.7886807918548584,0.005975923966616392,0.00751970149576664,0.05712350830435753
4193,-1.171725869178772,-1.2043627500534058,0.018565401434898376,0.014071522280573845,0.05711020529270172
4194,-1.4486794471740723,-1.4781144857406616,0.01363658532500267,0.015798402950167656,0.057096902281045914
4195,-1.8073920011520386,-1.8467406034469604,0.021854374557733536,0.01749424822628498,0.05708380788564682
4196,-1.3768417835235596,-1.409619927406311,0.017237303778529167,0.015540853142738342,0.05707051232457161
4197,-1.4483455419540405,-1.477363109588623,0.015316692180931568,0.01370081678032875,0.057057373225688934
4198,-1.8631917238235474,-1.89337956905365,0.015769904479384422,0.01441793330013752,0.057044271379709244
4199,-1.7014046907424927,-1.729262113571167,0.0141572505235672,0.01370013877749443,0.057031162083148956
4200,-1.6526612043380737,-1.7024154663085938,0.02439061366021633,0.025363720953464508,0.057017963379621506
4201,-1.372446060180664,-1.4210275411605835,0.026072565466165543,0.022508827969431877,0.057004790753126144
4202,-1.6618367433547974,-1.7036494016647339,0.017658518627285957,0.024154240265488625,0.0569915696978569
4203,-1.6947681903839111,-1.7401896715164185,0.02220221608877182,0.02321925200521946,0.056978415697813034
4204,-2.0327367782592773,-2.0603139400482178,0.01876787468791008,0.008809329941868782,0.056965023279190063
4205,-1.7992360591888428,-1.8205065727233887,0.010694693773984909,0.010575776919722557,0.056951675564050674
4206,-1.429947018623352,-1.4681943655014038,0.021223409101366997,0.017023900523781776,0.056938301771879196
4207,-1.5966116189956665,-1.6911351680755615,0.04649914428591728,0.048024412244558334,0.056924741715192795
4208,-1.541893720626831,-1.6283730268478394,0.045491401106119156,0.04098786413669586,0.05691099539399147
4209,-1.6395832300186157,-1.6838934421539307,0.0197526216506958,0.02455754205584526,0.05689753592014313
4210,-1.7819160223007202,-1.8025952577590942,0.008020180277526379,0.012659044936299324,0.05688384920358658
4211,-1.5931470394134521,-1.6167068481445312,0.010381635278463364,0.013178195804357529,0.05687015503644943
4212,-1.5907859802246094,-1.6166877746582031,0.009621929377317429,0.01627977564930916,0.05685663968324661
4213,-1.785363793373108,-1.8109745979309082,0.011453792452812195,0.014157101511955261,0.05684289336204529
4214,-1.4659993648529053,-1.6131139993667603,0.0652070939540863,0.0819074809551239,0.056829411536455154
4215,-1.6353123188018799,-1.670396089553833,0.017447570338845253,0.017636170610785484,0.056815702468156815
4216,-1.7435575723648071,-1.771089792251587,0.017948832362890244,0.009583357721567154,0.056801628321409225
4217,-1.5531370639801025,-1.5903840065002441,0.01874457485973835,0.018502360209822655,0.056787505745887756
4218,-1.6517858505249023,-1.6740716695785522,0.012683319859206676,0.009602540172636509,0.056773073971271515
4219,-1.7070581912994385,-1.73667311668396,0.01577717624604702,0.01383771002292633,0.05675837770104408
4220,-1.8190439939498901,-1.9155908823013306,0.04455732926726341,0.05198953300714493,0.056743547320365906
4221,-1.3737330436706543,-1.4120529890060425,0.018762143328785896,0.019557887688279152,0.05672893673181534
4222,-1.849940538406372,-1.8789150714874268,0.011178730055689812,0.017795830965042114,0.05671445280313492
4223,-1.7508196830749512,-1.7918148040771484,0.022180568426847458,0.018814602866768837,0.05670006945729256
4224,-1.4036833047866821,-1.441202163696289,0.023450057953596115,0.014068784192204475,0.05668582394719124
4225,-1.553122878074646,-1.6030409336090088,0.02456781081855297,0.025350196287035942,0.05667176842689514
4226,-1.426457405090332,-1.465285301208496,0.026150060817599297,0.01267780177295208,0.05665794759988785
4227,-1.3898241519927979,-1.4174761772155762,0.017443379387259483,0.010208657011389732,0.05664433166384697
4228,-1.3254191875457764,-1.3802587985992432,0.02450782060623169,0.030331822112202644,0.05663074925541878
4229,-1.6725986003875732,-1.732287883758545,0.031078753992915154,0.02861054427921772,0.05661703273653984
4230,-1.6095994710922241,-1.6377646923065186,0.014073529280722141,0.014091677963733673,0.05660329386591911
4231,-1.7862192392349243,-1.8218023777008057,0.018845319747924805,0.01673782430589199,0.05658956989645958
4232,-1.6995909214019775,-1.7468159198760986,0.01841880939900875,0.028806213289499283,0.05657601356506348
4233,-1.3821643590927124,-1.4114856719970703,0.019916750490665436,0.009404509328305721,0.056562390178442
4234,-1.764344334602356,-1.7907178401947021,0.014711444266140461,0.011661960743367672,0.056548651307821274
4235,-1.799784541130066,-1.8913300037384033,0.0446244440972805,0.046920981258153915,0.05653507634997368
4236,-1.5536954402923584,-1.5837645530700684,0.011949772946536541,0.01811930164694786,0.056521691381931305
4237,-1.8235102891921997,-1.8497556447982788,0.007895732298493385,0.018349621444940567,0.056508272886276245
4238,-1.425779938697815,-1.6553202867507935,0.1156466156244278,0.11389375478029251,0.05649504438042641
4239,-1.861041784286499,-1.9109491109848022,0.025482015684247017,0.024425240233540535,0.056481748819351196
4240,-1.5426883697509766,-1.5683314800262451,0.010721848346292973,0.014921296387910843,0.0564684197306633
4241,-1.6190632581710815,-1.6580501794815063,0.016612553969025612,0.02237439900636673,0.05645531043410301
4242,-1.3092070817947388,-1.3421738147735596,0.01850091852247715,0.014465856365859509,0.056441985070705414
4243,-1.5992510318756104,-1.6413018703460693,0.024634283035993576,0.017416642978787422,0.056428637355566025
4244,-1.7831767797470093,-1.8242384195327759,0.013363828882575035,0.027697788551449776,0.05641533434391022
4245,-1.7079365253448486,-1.7846410274505615,0.04044725000858307,0.03625732287764549,0.05640223249793053
4246,-1.8305268287658691,-1.862697720527649,0.01453556027263403,0.017635369673371315,0.056389231234788895
4247,-1.6474823951721191,-1.6718546152114868,0.012081589549779892,0.01229065004736185,0.056376270949840546
4248,-1.5913368463516235,-1.6093961000442505,0.012297001667320728,0.005762250628322363,0.056363318115472794
4249,-1.7377183437347412,-1.765100359916687,0.015378699637949467,0.01200332771986723,0.056350432336330414
4250,-1.6723276376724243,-1.701845645904541,0.014940284192562103,0.014577778987586498,0.05633744224905968
4251,-1.6203968524932861,-1.6370384693145752,0.007330296095460653,0.009311258792877197,0.056324467062950134
4252,-1.5522022247314453,-1.5687956809997559,0.008824395015835762,0.007769070100039244,0.0563112273812294
4253,-1.6701953411102295,-1.7068480253219604,0.01975388452410698,0.0168987475335598,0.056298207491636276
4254,-1.3141839504241943,-1.3477702140808105,0.015174554660916328,0.01841173693537712,0.056285228580236435
4255,-1.5789685249328613,-1.6264373064041138,0.03343135118484497,0.01403736975044012,0.05627237632870674
4256,-1.784825086593628,-1.8238697052001953,0.01873703859746456,0.020307589322328568,0.05625949800014496
4257,-1.3595991134643555,-1.408523440361023,0.02610362134873867,0.022820673882961273,0.056246593594551086
4258,-1.2259103059768677,-1.2563997507095337,0.012317773886024952,0.0181716438382864,0.056233733892440796
4259,-1.5247637033462524,-1.643359661102295,0.07024917751550674,0.04834672063589096,0.056220799684524536
4260,-1.7802717685699463,-1.8148956298828125,0.016433503478765488,0.018190395087003708,0.05620822682976723
4261,-1.4897390604019165,-1.5591260194778442,0.03594671189785004,0.0334402434527874,0.056195925921201706
4262,-1.7580084800720215,-1.833933711051941,0.0387868657708168,0.03713829815387726,0.05618377402424812
4263,-1.6932650804519653,-1.707148790359497,0.00622665835544467,0.007657099515199661,0.0561717227101326
4264,-1.6328152418136597,-1.6714749336242676,0.018345678225159645,0.020314009860157967,0.05615973472595215
4265,-1.84934401512146,-1.8724373579025269,0.012009654194116592,0.011083729565143585,0.05614752694964409
4266,-1.7085990905761719,-1.7614458799362183,0.024613725021481514,0.0282330010086298,0.05613517016172409
4267,-1.9470438957214355,-1.9690042734146118,0.010456759482622147,0.011503542773425579,0.056122954934835434
4268,-1.7848246097564697,-1.803816795349121,0.011328009888529778,0.007664170116186142,0.05611060559749603
4269,-1.399498701095581,-1.4345022439956665,0.014942617155611515,0.02006094716489315,0.056098394095897675
4270,-1.6598702669143677,-1.6923351287841797,0.0163579024374485,0.01610693708062172,0.05608619377017021
4271,-1.4527182579040527,-1.496495008468628,0.02045789733529091,0.02331886626780033,0.056073933839797974
4272,-1.4077529907226562,-1.4420350790023804,0.016665011644363403,0.017617132514715195,0.05606168881058693
4273,-1.776534914970398,-1.8020559549331665,0.013087444007396698,0.012433632276952267,0.05604911223053932
4274,-1.4336649179458618,-1.4711941480636597,0.022581955417990685,0.014947289600968361,0.05603652819991112
4275,-1.7198301553726196,-1.7422031164169312,0.011552372947335243,0.010820573195815086,0.056023918092250824
4276,-1.6202343702316284,-1.6636155843734741,0.019856471568346024,0.023524705320596695,0.05601104348897934
4277,-1.6364126205444336,-1.6812453269958496,0.01715562492609024,0.027677075937390327,0.055998317897319794
4278,-1.486477017402649,-1.5181174278259277,0.02023925818502903,0.011401140131056309,0.05598566308617592
4279,-1.6595145463943481,-1.699653148651123,0.020622899755835533,0.019515762105584145,0.05597303435206413
4280,-1.7037707567214966,-1.7266204357147217,0.013243179768323898,0.009606518782675266,0.05596045404672623
4281,-1.679673194885254,-1.6974799633026123,0.009151414036750793,0.008655281737446785,0.05594784766435623
4282,-1.4622808694839478,-1.5081292390823364,0.025032946839928627,0.020815415307879448,0.055935174226760864
4283,-1.485267996788025,-1.5686464309692383,0.03934045881032944,0.044037945568561554,0.05592253431677818
4284,-1.9453308582305908,-1.9631164073944092,0.004397096112370491,0.013388368301093578,0.05591001734137535
4285,-1.4333293437957764,-1.5270217657089233,0.051497045904397964,0.04219537600874901,0.05589759349822998
4286,-1.4354445934295654,-1.4475719928741455,0.006794343702495098,0.005333079490810633,0.0558851882815361
4287,-1.4395273923873901,-1.473456859588623,0.01325135212391615,0.020678162574768066,0.05587298423051834
4288,-1.391257405281067,-1.513666033744812,0.05307099223136902,0.0693376287817955,0.05586083605885506
4289,-1.4087269306182861,-1.4557744264602661,0.024941133335232735,0.022106364369392395,0.055848851799964905
4290,-1.6715354919433594,-1.6991183757781982,0.010731136426329613,0.016851773485541344,0.05583644285798073
4291,-1.787070631980896,-1.8168543577194214,0.013685433194041252,0.01609828881919384,0.055824197828769684
4292,-1.8125970363616943,-1.876577377319336,0.03057498298585415,0.03340527415275574,0.05581195279955864
4293,-1.5116407871246338,-1.5404002666473389,0.013285508379340172,0.015473946928977966,0.05579967424273491
4294,-1.9103416204452515,-1.942190170288086,0.017488878220319748,0.01435971911996603,0.05578731372952461
4295,-1.3712362051010132,-1.4037137031555176,0.017857421189546585,0.014620067551732063,0.055775079876184464
4296,-1.5255427360534668,-1.5685772895812988,0.02605993114411831,0.01697453111410141,0.055762965232133865
4297,-1.3656072616577148,-1.3898054361343384,0.013424274511635303,0.010773925110697746,0.05575080215930939
4298,-1.5558030605316162,-1.5821174383163452,0.00949906650930643,0.016815315932035446,0.055738285183906555
4299,-1.7615914344787598,-1.785258412361145,0.012384054251015186,0.01128291990607977,0.05572604387998581
4300,-1.6532716751098633,-1.6892908811569214,0.019539831206202507,0.016479413956403732,0.055713851004838943
4301,-1.3416105508804321,-1.3733412027359009,0.015914030373096466,0.015816546976566315,0.055701710283756256
4302,-1.4782804250717163,-1.507556438446045,0.013209637254476547,0.016066379845142365,0.055689506232738495
4303,-1.3710187673568726,-1.3935749530792236,0.010664631612598896,0.011891549453139305,0.05567757412791252
4304,-1.7298660278320312,-1.7505381107330322,0.009363686665892601,0.011308383196592331,0.05566546693444252
4305,-1.5687017440795898,-1.607970952987671,0.019799474626779556,0.01946978084743023,0.055653177201747894
4306,-1.7707439661026,-1.7972382307052612,0.013353675603866577,0.013140606693923473,0.05564099922776222
4307,-1.4287797212600708,-1.4575424194335938,0.01402729656547308,0.014735503122210503,0.055628836154937744
4308,-1.7743048667907715,-1.8597326278686523,0.042010992765426636,0.043416690081357956,0.05561671406030655
4309,-0.3897949457168579,-1.5560969114303589,0.5870069861412048,0.5792949795722961,0.05560474097728729
4310,-1.7373970746994019,-1.7648186683654785,0.01268402487039566,0.014737604185938835,0.05559287965297699
4311,-1.926163673400879,-1.9590601921081543,0.015248185023665428,0.017648279666900635,0.055581070482730865
4312,-1.7881196737289429,-1.8596856594085693,0.03589002415537834,0.0356760136783123,0.05556933209300041
4313,-1.7517203092575073,-1.7946144342422485,0.022221066057682037,0.020673053339123726,0.0555575005710125
4314,-1.798895239830017,-1.816413164138794,0.009890696965157986,0.007627228274941444,0.05554572492837906
4315,-1.7633626461029053,-1.8043785095214844,0.02379145286977291,0.017224421724677086,0.055533941835165024
4316,-1.6763361692428589,-1.769317626953125,0.04798009619116783,0.04500143229961395,0.05552218481898308
4317,-1.1579768657684326,-1.2129838466644287,0.02538403496146202,0.029622860252857208,0.05551045760512352
4318,-1.378063678741455,-1.406279444694519,0.014341160655021667,0.013874695636332035,0.05549880117177963
4319,-1.4289063215255737,-1.4900476932525635,0.027667727321386337,0.0334736630320549,0.055486999452114105
4320,-1.8374336957931519,-1.8806332349777222,0.01601608842611313,0.027183471247553825,0.05547521263360977
4321,-1.4931153059005737,-1.5275321006774902,0.016368193551898003,0.018048683181405067,0.05546358600258827
4322,-1.6018246412277222,-1.6433651447296143,0.021902702748775482,0.01963786594569683,0.055451951920986176
4323,-1.7937443256378174,-1.877903938293457,0.040856096893548965,0.0433034785091877,0.05544029176235199
4324,-1.8115087747573853,-1.831404685974121,0.013562346808612347,0.006333536468446255,0.05542876571416855
4325,-1.5899871587753296,-1.6050571203231812,0.006847307085990906,0.008222709409892559,0.055417124181985855
4326,-1.8300188779830933,-1.8497918844223022,0.009912466630339622,0.009860465303063393,0.055405393242836
4327,-1.5984724760055542,-1.6536405086517334,0.025482047349214554,0.029685989022254944,0.05539357289671898
4328,-1.9315385818481445,-1.951918601989746,0.00989057682454586,0.010489478707313538,0.055381715297698975
4329,-1.8748493194580078,-1.9104182720184326,0.019249826669692993,0.016319191083312035,0.05537009611725807
4330,-1.7366033792495728,-1.8277872800827026,0.042346131056547165,0.04883779212832451,0.055358320474624634
4331,-1.5789576768875122,-1.603284239768982,0.013111761771142483,0.011214880272746086,0.055346548557281494
4332,-1.7274008989334106,-1.7513298988342285,0.012402720749378204,0.011526230722665787,0.0553346611559391
4333,-1.4828661680221558,-1.5188761949539185,0.015634534880518913,0.020375501364469528,0.05532284080982208
4334,-1.4237393140792847,-1.6609141826629639,0.12152721732854843,0.11564771831035614,0.055311065167188644
4335,-1.331472396850586,-1.3727056980133057,0.020049691200256348,0.021183572709560394,0.05529926344752312
4336,-1.4790750741958618,-1.5243844985961914,0.026216013357043266,0.019093360751867294,0.05528758466243744
4337,-1.268854022026062,-1.5322275161743164,0.13258622586727142,0.13078728318214417,0.05527593195438385
4338,-1.9543406963348389,-1.9767961502075195,0.011164763942360878,0.01129071693867445,0.05526433512568474
4339,-1.732370138168335,-1.8216060400009155,0.04770756885409355,0.04152831435203552,0.05525261163711548
4340,-1.4435250759124756,-1.4722977876663208,0.013222921639680862,0.015549779869616032,0.05524111166596413
4341,-1.6346042156219482,-1.6634223461151123,0.013948459178209305,0.014869715087115765,0.055229444056749344
4342,-1.8864308595657349,-1.9195362329483032,0.012602710165083408,0.02050268091261387,0.05521778017282486
4343,-1.801547646522522,-1.8252322673797607,0.013499774970114231,0.01018484216183424,0.05520603805780411
4344,-1.8841166496276855,-1.9225736856460571,0.013707512989640236,0.0247495174407959,0.05519440397620201
4345,-1.9082282781600952,-1.932178258895874,0.015073451213538647,0.008876603096723557,0.055183034390211105
4346,-1.66315495967865,-1.6914714574813843,0.015185065567493439,0.013131429441273212,0.055171575397253036
4347,-1.437349796295166,-1.465207576751709,0.01121215708553791,0.016645679250359535,0.05516013130545616
4348,-1.2517434358596802,-1.2817516326904297,0.016537634655833244,0.013470547273755074,0.05514873191714287
4349,-1.7162514925003052,-1.7487059831619263,0.013653306290507317,0.018801193684339523,0.05513732135295868
4350,-1.4881794452667236,-1.5193065404891968,0.011090336367487907,0.020036863163113594,0.055125899612903595
4351,-1.657269835472107,-1.8918755054473877,0.11471716314554214,0.11988849937915802,0.05511442571878433
4352,-1.3462026119232178,-1.3752986192703247,0.015242472290992737,0.013853589072823524,0.055102862417697906
4353,-1.539253830909729,-1.566260814666748,0.011545130982995033,0.015461795032024384,0.05509130284190178
4354,-1.4841209650039673,-1.523712158203125,0.018504798412322998,0.021086333319544792,0.055079612880945206
4355,-1.6247137784957886,-1.6631290912628174,0.019684284925460815,0.018731027841567993,0.05506784841418266
4356,-1.6778793334960938,-1.6999590396881104,0.011364823207259178,0.01071484386920929,0.05505615100264549
4357,-1.595578908920288,-1.6200182437896729,0.010195577517151833,0.01424374058842659,0.05504457652568817
4358,-1.63898503780365,-1.7619986534118652,0.06559954583644867,0.05741410329937935,0.05503309518098831
4359,-1.769412875175476,-1.7894643545150757,0.010415175929665565,0.009636295959353447,0.05502130091190338
4360,-1.3727729320526123,-1.3860952854156494,0.007653316482901573,0.005669048521667719,0.055009521543979645
4361,-1.5203845500946045,-1.5513567924499512,0.012286871671676636,0.01868532970547676,0.054997559636831284
4362,-1.725239634513855,-1.7418570518493652,0.00786500982940197,0.008752441965043545,0.054985709488391876
4363,-1.7702215909957886,-1.8089404106140137,0.016534743830561638,0.022184113040566444,0.054973844438791275
4364,-1.5303797721862793,-1.564015507698059,0.01554456539452076,0.018091188743710518,0.05496209114789963
4365,-1.3968853950500488,-1.4202406406402588,0.012493490241467953,0.010861807502806187,0.05495048314332962
4366,-1.7229945659637451,-1.7448269128799438,0.010836664587259293,0.010995596647262573,0.05493892729282379
4367,-1.5643930435180664,-1.5875320434570312,0.013214193284511566,0.009924713522195816,0.054927557706832886
4368,-1.6996896266937256,-1.7260007858276367,0.013088524341583252,0.013222679495811462,0.054916102439165115
4369,-1.8525495529174805,-1.8932591676712036,0.01738617941737175,0.02332347072660923,0.054904647171497345
4370,-1.9625492095947266,-1.982163906097412,0.010142233222723007,0.009472516365349293,0.05489300936460495
4371,-1.4755804538726807,-1.515520691871643,0.023619618266820908,0.016320617869496346,0.05488142743706703
4372,-1.6310043334960938,-1.6558480262756348,0.012902604416012764,0.011941020376980305,0.05486997961997986
4373,-1.7838621139526367,-1.800847053527832,0.006310500670224428,0.01067445706576109,0.05485830083489418
4374,-1.405873417854309,-1.44488525390625,0.022106371819972992,0.016905374825000763,0.05484665930271149
4375,-1.7568482160568237,-1.776519536972046,0.009901789017021656,0.009769557975232601,0.05483492091298103
4376,-1.4172521829605103,-1.5684280395507812,0.07565748691558838,0.07551839202642441,0.054823048412799835
4377,-1.402928352355957,-1.4320954084396362,0.013535801321268082,0.01563120074570179,0.05481120944023132
4378,-1.4959347248077393,-1.5235023498535156,0.01307299267500639,0.014494610950350761,0.05479932948946953
4379,-1.6965097188949585,-1.7162768840789795,0.01179545558989048,0.007971720770001411,0.05478737875819206
4380,-1.979514479637146,-2.008298397064209,0.017311029136180878,0.011472979560494423,0.054775387048721313
4381,-1.8769818544387817,-1.905714988708496,0.014224780723452568,0.014508405700325966,0.054763179272413254
4382,-1.9475769996643066,-1.9660629034042358,0.009145690128207207,0.009340165182948112,0.05475084111094475
4383,-1.9499810934066772,-1.9721332788467407,0.010735933668911457,0.011416253633797169,0.05473841726779938
4384,-1.598816990852356,-1.6244250535964966,0.011463752016425133,0.01414433866739273,0.05472603440284729
4385,-1.496904730796814,-1.5222179889678955,0.013303170911967754,0.01201009750366211,0.05471380800008774
4386,-1.8097648620605469,-1.8545539379119873,0.02588893100619316,0.018900178372859955,0.05470145493745804
4387,-1.6151376962661743,-1.6531639099121094,0.018972409889101982,0.019053850322961807,0.05468926206231117
4388,-1.3670352697372437,-1.3845546245574951,0.009683774784207344,0.007835573516786098,0.05467717722058296
4389,-1.885934591293335,-1.9107916355133057,0.014076875522732735,0.010780245065689087,0.05466518551111221
4390,-1.565015435218811,-1.5858992338180542,0.009526709094643593,0.011357090435922146,0.05465302616357803
4391,-1.4864429235458374,-1.5109777450561523,0.012633812613785267,0.011901015415787697,0.054640818387269974
4392,-1.5552825927734375,-1.5643991231918335,0.0036362584214657545,0.005480323918163776,0.05462869256734848
4393,-1.558481216430664,-1.5919075012207031,0.017035698518157005,0.016390547156333923,0.0546162948012352
4394,-1.5871127843856812,-1.6175121068954468,0.01639622077345848,0.014003142714500427,0.054604027420282364
4395,-1.4102360010147095,-1.4447503089904785,0.022622812539339066,0.01189152430742979,0.05459188297390938
4396,-1.7232623100280762,-1.743613839149475,0.008408249355852604,0.011943274177610874,0.05457988381385803
4397,-1.7447935342788696,-1.7612346410751343,0.007087858393788338,0.009353239089250565,0.054567888379096985
4398,-1.6544567346572876,-1.6841551065444946,0.011370035819709301,0.018328314647078514,0.05455593392252922
4399,-1.4135594367980957,-1.638075590133667,0.11374691873788834,0.11076927930116653,0.05454396829009056
4400,-1.4315910339355469,-1.4454542398452759,0.0064707170240581036,0.007392536383122206,0.05453193932771683
4401,-1.859849452972412,-1.8770631551742554,0.008283674716949463,0.008929941803216934,0.05451956391334534
4402,-1.6317005157470703,-1.6525547504425049,0.01304234191775322,0.007811850402504206,0.054507218301296234
4403,-1.4952077865600586,-1.5480488538742065,0.025749951601028442,0.027091100811958313,0.05449473112821579
4404,-1.5206602811813354,-1.5400729179382324,0.00787186436355114,0.011540824547410011,0.05448233708739281
4405,-1.8014814853668213,-1.821593999862671,0.012577946297824383,0.007534616626799107,0.0544704794883728
4406,-1.503196120262146,-1.5285720825195312,0.0124071529135108,0.012968819588422775,0.054458845406770706
4407,-1.4051486253738403,-1.4258655309677124,0.00941423512995243,0.011302681639790535,0.054447393864393234
4408,-1.616350769996643,-1.6520962715148926,0.021983152255415916,0.013762318529188633,0.05443574860692024
4409,-1.6062086820602417,-1.6231608390808105,0.008218285627663136,0.00873392354696989,0.054424189031124115
4410,-1.5368247032165527,-1.560228943824768,0.009990610182285309,0.013413628563284874,0.05441269278526306
4411,-2.0090432167053223,-2.0277013778686523,0.008281107991933823,0.010377109050750732,0.054401081055402756
4412,-1.7268409729003906,-1.7406415939331055,0.0074002910405397415,0.006400316022336483,0.05438964441418648
4413,-1.6673927307128906,-1.7119741439819336,0.027196146547794342,0.017385292798280716,0.054378196597099304
4414,-1.4463876485824585,-1.4635316133499146,0.007229082752019167,0.009914873167872429,0.05436668172478676
4415,-1.3129462003707886,-1.3475635051727295,0.017527814954519272,0.017089519649744034,0.05435506999492645
4416,-1.9218391180038452,-1.9346387386322021,0.00742826284840703,0.005371281877160072,0.05434366688132286
4417,-1.9584012031555176,-1.9816914796829224,0.008478100411593914,0.0148122888058424,0.054332032799720764
4418,-1.291507601737976,-1.3669483661651611,0.03977762162685394,0.03566308692097664,0.05432046577334404
4419,-1.7394100427627563,-1.764540672302246,0.01685362309217453,0.008277062326669693,0.054308902472257614
4420,-1.4020698070526123,-1.4339427947998047,0.012556959874927998,0.01931602880358696,0.054297614842653275
4421,-1.6250739097595215,-1.655029296875,0.014060483314096928,0.015894930809736252,0.05428619682788849
4422,-1.6653791666030884,-1.685049295425415,0.010076114907860756,0.009593983180820942,0.05427473038434982
4423,-1.3324602842330933,-1.3757925033569336,0.025927383452653885,0.01740475930273533,0.05426330491900444
4424,-1.747510313987732,-1.7716588973999023,0.013966499827802181,0.01018210593611002,0.054251883178949356
4425,-1.482017159461975,-1.5117571353912354,0.015737859532237053,0.014002064242959023,0.054240722209215164
4426,-1.4701160192489624,-1.5069921016693115,0.01819397509098053,0.01868206448853016,0.054229315370321274
4427,-1.557948112487793,-1.5880298614501953,0.015176832675933838,0.014905023388564587,0.05421800538897514
4428,-1.6710211038589478,-1.7115315198898315,0.016152404248714447,0.02435803972184658,0.054206591099500656
4429,-1.8744785785675049,-1.9021539688110352,0.013306083157658577,0.014369210228323936,0.05419505387544632
4430,-1.8566054105758667,-1.873056411743164,0.008880889043211937,0.007570174057036638,0.054183490574359894
4431,-1.5766427516937256,-1.5917985439300537,0.008232367224991322,0.006923399865627289,0.05417196825146675
4432,-1.5213980674743652,-1.5369601249694824,0.008949504233896732,0.0066125537268817425,0.054160550236701965
4433,-1.6149331331253052,-1.6311897039413452,0.005181790329515934,0.011074807494878769,0.054148878902196884
4434,-1.8368165493011475,-1.912500023841858,0.04195556417107582,0.033727891743183136,0.05413718521595001
4435,-0.1785779595375061,-1.5553340911865234,0.704221248626709,0.6725348830223083,0.05412568524479866
4436,-1.7950360774993896,-1.8223090171813965,0.0155521584674716,0.011720780283212662,0.05411403253674507
4437,-1.856835961341858,-1.9257375001907349,0.04170384258031845,0.0271976999938488,0.054102346301078796
4438,-1.6001613140106201,-1.6301519870758057,0.018428627401590347,0.011562003754079342,0.05409081652760506
4439,-1.4593440294265747,-1.5172345638275146,0.03283014893531799,0.025060443207621574,0.05407920852303505
4440,-1.8334417343139648,-1.846773624420166,0.007320030126720667,0.006011837162077427,0.05406751483678818
4441,-1.6554325819015503,-1.671663522720337,0.0073940041474998,0.008837028406560421,0.054055940359830856
4442,-1.4846537113189697,-1.5415483713150024,0.030893705785274506,0.02600100263953209,0.05404447391629219
4443,-1.575842261314392,-1.6226003170013428,0.021768037229776382,0.024989992380142212,0.054033033549785614
4444,-1.4145705699920654,-1.4367433786392212,0.013111540116369724,0.00906120240688324,0.054021645337343216
4445,-1.7226144075393677,-1.7423114776611328,0.010928979143500328,0.008768131025135517,0.05401040241122246
4446,-1.4185802936553955,-1.4459388256072998,0.013875389471650124,0.013483216054737568,0.05399913713335991
4447,-1.5022069215774536,-1.741987943649292,0.12117595225572586,0.11860496550798416,0.05398806557059288
4448,-1.717713713645935,-1.7542582750320435,0.01815742999315262,0.018387092277407646,0.053977176547050476
4449,-1.6637709140777588,-1.6902376413345337,0.014029701240360737,0.012436971999704838,0.05396639183163643
4450,-1.8162729740142822,-1.834549069404602,0.007450082339346409,0.01082603819668293,0.05395561084151268
4451,-1.6159008741378784,-1.650646448135376,0.02066316455602646,0.014082440175116062,0.053945090621709824
4452,-1.395198941230774,-1.454179048538208,0.025095321238040924,0.033884719014167786,0.05393444374203682
4453,-1.4845424890518188,-1.5016725063323975,0.010042162612080574,0.007087784819304943,0.05392369255423546
4454,-1.625726580619812,-1.6574627161026,0.017066899687051773,0.014669205993413925,0.05391298606991768
4455,-1.6869505643844604,-1.7038222551345825,0.007769312709569931,0.009102355688810349,0.05390216410160065
4456,-1.573777198791504,-1.5990737676620483,0.014784745872020721,0.010511856526136398,0.053891588002443314
4457,-1.534401535987854,-1.5906744003295898,0.03308245912194252,0.0231903288513422,0.053880780935287476
4458,-1.63664710521698,-1.6676651239395142,0.013324231840670109,0.017693759873509407,0.05386996641755104
4459,-1.3599705696105957,-1.369388461112976,0.005168002098798752,0.004249940160661936,0.053859103471040726
4460,-1.4322885274887085,-1.4604206085205078,0.012120568193495274,0.016011448577046394,0.053848523646593094
4461,-1.7255141735076904,-1.7462542057037354,0.013364553451538086,0.007375501096248627,0.05383790656924248
4462,-1.474875569343567,-1.5053308010101318,0.016382604837417603,0.014072696678340435,0.053827330470085144
4463,-1.4906749725341797,-1.5110700130462646,0.012624240480363369,0.0077707222662866116,0.05381670594215393
4464,-1.6634254455566406,-1.77979576587677,0.05494045466184616,0.06142990291118622,0.053805697709321976
4465,-1.7807793617248535,-1.8059265613555908,0.016503537073731422,0.008643582463264465,0.05379442125558853
4466,-1.7182748317718506,-1.7367424964904785,0.01166220661252737,0.006805455777794123,0.05378325283527374
4467,-1.5564056634902954,-1.573207974433899,0.008747037500143051,0.008055285550653934,0.05377191677689552
4468,-1.5932354927062988,-1.6197760105133057,0.014140311628580093,0.012400126084685326,0.05376068875193596
4469,-1.5133575201034546,-1.5289597511291504,0.007869030348956585,0.007733216509222984,0.05374971777200699
4470,-1.516422986984253,-1.58038330078125,0.029554035514593124,0.03440626710653305,0.05373867228627205
4471,-1.5474187135696411,-1.5655925273895264,0.0106506971642375,0.007523111067712307,0.05372763052582741
4472,-1.5284823179244995,-1.6278702020645142,0.0498533770442009,0.04953456297516823,0.05371646210551262
4473,-1.6550770998001099,-1.6861847639083862,0.017086906358599663,0.01402080524712801,0.053705308586359024
4474,-1.6516821384429932,-1.6805475950241089,0.010916020721197128,0.017949413508176804,0.053693950176239014
4475,-1.4196661710739136,-1.4518855810165405,0.015935242176055908,0.016284070909023285,0.0536823533475399
4476,-1.8777631521224976,-1.8921877145767212,0.008729195222258568,0.005695326719433069,0.05367061868309975
4477,-1.4323692321777344,-1.4719789028167725,0.023910127580165863,0.01569949835538864,0.05365877225995064
4478,-1.7308217287063599,-1.7481147050857544,0.008687973022460938,0.008604958653450012,0.053646836429834366
4479,-1.8271698951721191,-1.851920247077942,0.013642911799252033,0.011107497848570347,0.05363510921597481
4480,-1.5265603065490723,-1.6692143678665161,0.07518044114112854,0.0674736350774765,0.05362346023321152
4481,-2.1019673347473145,-2.1185598373413086,0.009351739659905434,0.007240834645926952,0.05361172556877136
4482,-1.5958999395370483,-1.6176831722259521,0.01304885745048523,0.00873439759016037,0.05359999090433121
4483,-1.7884434461593628,-1.8033535480499268,0.008604854345321655,0.0063052671030163765,0.053588416427373886
4484,-1.546066403388977,-1.582289218902588,0.015790104866027832,0.02043265290558338,0.0535767637193203
4485,-1.471073865890503,-1.543748378753662,0.03650866821408272,0.03616579994559288,0.05356518179178238
4486,-1.5260318517684937,-1.5836275815963745,0.025560343638062477,0.03203538805246353,0.05355389043688774
4487,-1.6402422189712524,-1.683990716934204,0.02345000021159649,0.020298445597290993,0.053542669862508774
4488,-1.5442646741867065,-1.5724554061889648,0.014531102031469345,0.013659549877047539,0.053531475365161896
4489,-1.7928162813186646,-1.8212890625,0.013859475031495094,0.01461324654519558,0.05352020636200905
4490,-1.3970273733139038,-1.4330646991729736,0.019878851249814034,0.01615840382874012,0.053508978337049484
4491,-1.6357784271240234,-1.67313551902771,0.0191404577344656,0.01821664348244667,0.053497906774282455
4492,-1.6333125829696655,-1.658660888671875,0.01600123941898346,0.009347065351903439,0.05348702892661095
4493,-1.793880820274353,-1.8122273683547974,0.009027071297168732,0.009319411590695381,0.05347607657313347
4494,-1.3900938034057617,-1.4328217506408691,0.022995097562670708,0.019732853397727013,0.05346546694636345
4495,-1.8848081827163696,-1.9050583839416504,0.011266469955444336,0.008983723819255829,0.05345484986901283
4496,-1.4788190126419067,-1.508952021598816,0.012864573858678341,0.017268380150198936,0.05344437435269356
4497,-1.7816152572631836,-1.8180261850357056,0.017773887142539024,0.01863706298172474,0.0534338653087616
4498,-1.5863523483276367,-1.6459276676177979,0.03500296175479889,0.02457241341471672,0.05342329293489456
4499,-1.739613652229309,-1.7905044555664062,0.026260435581207275,0.024630408734083176,0.05341269448399544
4500,-1.3625527620315552,-1.4085544347763062,0.024699827656149864,0.021301809698343277,0.05340180918574333
4501,-1.748976469039917,-1.781075119972229,0.01622920110821724,0.015869460999965668,0.05339088663458824
4502,-1.4600605964660645,-1.486618161201477,0.013530075550079346,0.013027440756559372,0.0533798523247242
4503,-1.5979573726654053,-1.6381311416625977,0.022072480991482735,0.018101317808032036,0.0533687025308609
4504,-1.6315090656280518,-1.6571569442749023,0.012951471842825413,0.012696434743702412,0.0533575713634491
4505,-1.5859978199005127,-1.618964672088623,0.017052004113793373,0.01591482199728489,0.05334640294313431
4506,-1.9395135641098022,-1.9632961750030518,0.015554324723780155,0.00822835136204958,0.05333532392978668
4507,-1.7195534706115723,-1.734627604484558,0.00649870652705431,0.00857541337609291,0.05332404747605324
4508,-1.7584353685379028,-1.7973599433898926,0.018527895212173462,0.020396757870912552,0.053312722593545914
4509,-1.7572556734085083,-1.7894268035888672,0.015661977231502533,0.016509180888533592,0.05330146104097366
4510,-1.715891718864441,-1.7408157587051392,0.010587970726191998,0.014336138032376766,0.05329017713665962
4511,-1.7206302881240845,-1.774763822555542,0.03220181167125702,0.021931814029812813,0.05327889695763588
4512,-1.7871146202087402,-1.8108197450637817,0.011487561278045177,0.012217521667480469,0.053267642855644226
4513,-1.341723918914795,-1.4364994764328003,0.0523238480091095,0.042451679706573486,0.0532567985355854
4514,-1.7062071561813354,-1.7162350416183472,0.005570125766098499,0.004457768518477678,0.05324576422572136
4515,-1.8392761945724487,-1.866888165473938,0.011787177063524723,0.01582476869225502,0.053234849125146866
4516,-1.552405834197998,-1.5759482383728027,0.012601396068930626,0.010940988548099995,0.0532241128385067
4517,-1.7239857912063599,-1.7497055530548096,0.006922982633113861,0.018796762451529503,0.05321323871612549
4518,-1.7822859287261963,-1.8047552108764648,0.00791260413825512,0.014556589536368847,0.053202442824840546
4519,-1.78756844997406,-1.8375272750854492,0.027200166136026382,0.022758617997169495,0.053191445767879486
4520,-1.8174546957015991,-1.8493794202804565,0.01889757253229618,0.01302715577185154,0.053180236369371414
4521,-1.830304503440857,-1.8496077060699463,0.011040867306292057,0.008262238465249538,0.053168877959251404
4522,-1.7119109630584717,-1.7322256565093994,0.013350359164178371,0.006964362226426601,0.0531575083732605
4523,-1.799965500831604,-1.8277033567428589,0.012327241711318493,0.01541062630712986,0.05314614251255989
4524,-1.3138772249221802,-1.3377807140350342,0.010255927219986916,0.013647571206092834,0.05313507840037346
4525,-1.8936042785644531,-1.9193150997161865,0.010956070385873318,0.014754717238247395,0.0531238429248333
4526,-1.6550850868225098,-1.6822388172149658,0.015597240068018436,0.01155649870634079,0.05311255902051926
4527,-1.4262378215789795,-1.4731776714324951,0.022652288898825645,0.024287544190883636,0.053101152181625366
4528,-1.4879735708236694,-1.5264896154403687,0.01956867054104805,0.018947377800941467,0.05308989807963371
4529,-1.6907802820205688,-1.7121015787124634,0.010509093292057514,0.010812150314450264,0.05307865887880325
4530,-1.7332990169525146,-1.7617143392562866,0.015797054395079613,0.012618275359272957,0.05306743457913399
4531,-1.6394027471542358,-1.658064365386963,0.008555090054869652,0.010106563568115234,0.05305597558617592
4532,-1.6895148754119873,-1.7107850313186646,0.011996172368526459,0.009274034760892391,0.05304434895515442
4533,-1.6366562843322754,-1.664119839668274,0.01516466774046421,0.01229899376630783,0.05303265526890755
4534,-0.8272233009338379,-1.7970354557037354,0.4955560266971588,0.47425612807273865,0.05302083119750023
4535,-1.722330093383789,-1.7433884143829346,0.011827146634459496,0.00923124048858881,0.0530087985098362
4536,-1.3807543516159058,-1.4045729637145996,0.010070117190480232,0.013748470693826675,0.05299683287739754
4537,-1.511008858680725,-1.5640863180160522,0.023114826530218124,0.029962625354528427,0.05298490449786186
4538,-1.5943788290023804,-1.6261957883834839,0.015982840210199356,0.015834102407097816,0.05297277867794037
4539,-1.8184090852737427,-1.8464953899383545,0.013544321991503239,0.014541988261044025,0.05296067148447037
4540,-1.6716398000717163,-1.7178364992141724,0.023531822487711906,0.02266489714384079,0.052948664873838425
4541,-1.8295313119888306,-1.859904170036316,0.014334319159388542,0.01603853330016136,0.05293652042746544
4542,-1.6083709001541138,-1.6587915420532227,0.030609186738729477,0.019811538979411125,0.05292435362935066
4543,-1.6518590450286865,-1.6919583082199097,0.019325168803334236,0.020774075761437416,0.05291241779923439
4544,-1.7717312574386597,-1.8008662462234497,0.01599520817399025,0.013139666989445686,0.05290070176124573
4545,-1.5958560705184937,-1.6137884855270386,0.0074232835322618484,0.010509178042411804,0.05288928747177124
4546,-1.5034308433532715,-1.7230536937713623,0.10795024037361145,0.11167264729738235,0.05287783965468407
4547,-1.779016375541687,-1.8053776025772095,0.014184351079165936,0.012176829390227795,0.05286645516753197
4548,-1.4879703521728516,-1.5490670204162598,0.02706645242869854,0.034030210226774216,0.05285493656992912
4549,-1.3804911375045776,-1.4048632383346558,0.010349776595830917,0.01402232050895691,0.05284343287348747
4550,-1.2045297622680664,-1.2298332452774048,0.008933528326451778,0.016369912773370743,0.05283195897936821
4551,-1.8455384969711304,-1.8677440881729126,0.008560639806091785,0.01364496536552906,0.0528203584253788
4552,-1.580465316772461,-1.6105009317398071,0.016084136441349983,0.01395137794315815,0.05280884727835655
4553,-1.6040223836898804,-1.6385384798049927,0.014735758304595947,0.019780263304710388,0.05279729142785072
4554,-1.9024947881698608,-1.9224932193756104,0.010395800694823265,0.009602711535990238,0.052785687148571014
4555,-1.7125113010406494,-1.7339482307434082,0.010121137835085392,0.011315775103867054,0.05277407169342041
4556,-1.672404408454895,-1.7002098560333252,0.013574622571468353,0.01423079427331686,0.05276266112923622
4557,-0.5470515489578247,-1.5324299335479736,0.465543270111084,0.5198351144790649,0.052751630544662476
4558,-1.7134864330291748,-1.7425649166107178,0.01581943966448307,0.013259006664156914,0.05274096503853798
4559,-1.762575387954712,-1.7896759510040283,0.014916567131876945,0.01218407042324543,0.052730340510606766
4560,-1.8722094297409058,-1.9093369245529175,0.019410137087106705,0.0177173875272274,0.052719518542289734
4561,-1.8821836709976196,-1.9150805473327637,0.01647058315575123,0.016426296904683113,0.052708785980939865
4562,-1.4181715250015259,-1.4662261009216309,0.02646399475634098,0.021590648218989372,0.05269794166088104
4563,-1.7392876148223877,-1.756509780883789,0.0072205280885100365,0.010001655668020248,0.05268675833940506
4564,-1.5816129446029663,-1.6468791961669922,0.03380221873521805,0.03146403282880783,0.05267554521560669
4565,-1.8611356019973755,-1.8926212787628174,0.014714243821799755,0.016771433874964714,0.05266435444355011
4566,-1.6577043533325195,-1.6838332414627075,0.015188593417406082,0.010940367355942726,0.052652955055236816
4567,-1.4859446287155151,-1.5069500207901,0.010893567465245724,0.010111784562468529,0.05264149606227875
4568,-1.4317400455474854,-1.4501088857650757,0.010313047096133232,0.008055752143263817,0.05263012647628784
4569,-1.3162870407104492,-1.4279085397720337,0.054027918726205826,0.057593584060668945,0.052618734538555145
4570,-1.7944278717041016,-1.8235372304916382,0.019180165603756905,0.009929201565682888,0.05260748043656349
4571,-1.959480881690979,-1.9736254215240479,0.007802777923643589,0.006341826636344194,0.05259648337960243
4572,-1.6982799768447876,-1.7362420558929443,0.01946893334388733,0.01849314197897911,0.052585799247026443
4573,-1.8319227695465088,-1.8449680805206299,0.00688646174967289,0.006158833391964436,0.052574992179870605
4574,-1.6466517448425293,-1.6831471920013428,0.017736712470650673,0.018758833408355713,0.052563976496458054
4575,-1.5616228580474854,-1.6197574138641357,0.029390478506684303,0.028744108974933624,0.052553024142980576
4576,-1.4784865379333496,-1.5121797323226929,0.018217599019408226,0.015475573018193245,0.05254228785634041
4577,-1.6868133544921875,-1.702962875366211,0.008422505110502243,0.00772702693939209,0.052531614899635315
4578,-1.768302321434021,-1.840503454208374,0.03634849935770035,0.035852693021297455,0.052520934492349625
4579,-1.5307241678237915,-1.5651524066925049,0.018017394468188286,0.01641087792813778,0.05251000449061394
4580,-1.7102954387664795,-1.7290291786193848,0.010584019124507904,0.008149758912622929,0.052498988807201385
4581,-1.897863745689392,-1.9150599241256714,0.009149360470473766,0.008046862669289112,0.05248809978365898
4582,-1.779083013534546,-1.8083579540252686,0.009478885680437088,0.01979599893093109,0.052477311342954636
4583,-1.6706597805023193,-1.7160245180130005,0.02553570829331875,0.019829001277685165,0.0524667426943779
4584,-1.768707513809204,-1.784388542175293,0.008759844116866589,0.006921186111867428,0.052456073462963104
4585,-1.6429282426834106,-1.6609809398651123,0.009572706185281277,0.008479902520775795,0.05244540423154831
4586,-1.7067179679870605,-1.7358348369598389,0.015150412917137146,0.013966437429189682,0.05243467912077904
4587,-1.5405371189117432,-1.568042278289795,0.01189463958144188,0.015610615722835064,0.05242425203323364
4588,-1.6775329113006592,-1.6986558437347412,0.011116467416286469,0.010006372816860676,0.05241359397768974
4589,-1.7641834020614624,-1.7826634645462036,0.006983483210206032,0.011496513150632381,0.05240308493375778
4590,-1.6187140941619873,-1.6363378763198853,0.008948049508035183,0.00867565255612135,0.05239252746105194
4591,-1.7137885093688965,-1.7414076328277588,0.010244430974125862,0.017374666407704353,0.05238187313079834
