step,total_loss,actor_loss,q1_loss,q2_loss,alpha
1,0.34602418541908264,0.13868513703346252,0.11892688274383545,0.08841215819120407,0.19993999600410461
2,0.3545277714729309,0.21125221252441406,0.07782646268606186,0.06544910371303558,0.19988064467906952
3,0.3547561764717102,0.20197682082653046,0.07184675335884094,0.0809326171875,0.19982118904590607
4,0.30797967314720154,0.2322639524936676,0.03841663897037506,0.03729906305670738,0.19976195693016052
5,0.24979907274246216,0.1491880565881729,0.05171750485897064,0.048893511295318604,0.1997022181749344
6,0.44743871688842773,0.14846065640449524,0.15055173635482788,0.14842630922794342,0.19964216649532318
7,0.2858509421348572,0.1643252670764923,0.06053381413221359,0.06099184602499008,0.19958195090293884
8,0.38612645864486694,0.1555119752883911,0.11670416593551636,0.11391033232212067,0.19952158629894257
9,0.28443828225135803,0.15894663333892822,0.06334252655506134,0.06214912235736847,0.19946108758449554
10,0.24486187100410461,0.14446939527988434,0.05014140158891678,0.0502510666847229,0.199400395154953
11,0.3149000108242035,0.19358448684215546,0.06312592327594757,0.05818959325551987,0.19933989644050598
12,0.33289992809295654,0.12853947281837463,0.10056629776954651,0.1037941500544548,0.1992790549993515
13,0.24349860846996307,0.13376034796237946,0.056087881326675415,0.0536503829061985,0.19921794533729553
14,0.5222842693328857,0.17162056267261505,0.1808922290802002,0.1697714626789093,0.19915693998336792
15,0.28193795680999756,0.1639522910118103,0.05764871835708618,0.06033695116639137,0.1990959495306015
16,0.3027576208114624,0.17170873284339905,0.06603459268808365,0.0650143101811409,0.19903506338596344
17,0.2917976379394531,0.1710868775844574,0.06299863755702972,0.0577121339738369,0.19897426664829254
18,0.24345003068447113,0.11969811469316483,0.06415612995624542,0.059595778584480286,0.1989130675792694
19,0.3390194773674011,0.09797335416078568,0.12341609597206116,0.11763004213571548,0.19885145127773285
20,0.3732518255710602,0.1653422713279724,0.10414833575487137,0.103761225938797,0.19879023730754852
21,0.37445068359375,0.09633653610944748,0.1411665976047516,0.13694754242897034,0.1987287551164627
22,0.35332807898521423,0.07690232247114182,0.1397961974143982,0.13662955164909363,0.19866688549518585
23,0.22306790947914124,0.10119695216417313,0.0620027557015419,0.059868209064006805,0.19860507547855377
24,0.15343859791755676,0.0510551743209362,0.05342666059732437,0.048956774175167084,0.19854286313056946
25,0.1822163462638855,0.07978592813014984,0.05290791019797325,0.04952249675989151,0.1984807252883911
26,0.20416879653930664,0.0916185975074768,0.056256264448165894,0.056293927133083344,0.19841881096363068
27,0.16842465102672577,0.0673603042960167,0.05076973885297775,0.05029461160302162,0.19835689663887024
28,0.10840572416782379,0.023589299991726875,0.04263090714812279,0.04218551516532898,0.19829466938972473
29,0.13292750716209412,0.02494562417268753,0.05442161113023758,0.0535602793097496,0.1982322335243225
30,0.09993889927864075,0.018550343811511993,0.04191838949918747,0.039470165967941284,0.1981695294380188
31,0.1485939621925354,0.0304581131786108,0.060093872249126434,0.05804196745157242,0.1981068104505539
32,0.2638438940048218,-0.013527058996260166,0.1390242576599121,0.13834670186042786,0.19804376363754272
33,0.17294245958328247,0.019503097981214523,0.0772092267870903,0.07623014599084854,0.19798071682453156
34,0.11049763858318329,-0.010015010833740234,0.05963435024023056,0.060878295451402664,0.19791750609874725
35,0.08630102872848511,-0.037418071180582047,0.061939142644405365,0.06177995353937149,0.1978539675474167
36,0.0926409363746643,-0.06503655761480331,0.07705357670783997,0.08062391728162766,0.19778992235660553
37,0.08094906806945801,-0.009855006821453571,0.046064622700214386,0.04473945498466492,0.19772601127624512
38,0.14843444526195526,0.0017273128032684326,0.07280302047729492,0.0739041119813919,0.1976623833179474
39,0.09758422523736954,-0.029605098068714142,0.06306302547454834,0.06412629783153534,0.19759884476661682
40,0.033779751509428024,-0.06831976026296616,0.05129711329936981,0.05080239847302437,0.1975349634885788
41,0.031088877469301224,-0.06322795152664185,0.04797692596912384,0.04633990302681923,0.19747093319892883
42,0.02453521639108658,-0.1361546367406845,0.08019807189702988,0.08049178123474121,0.19740615785121918
43,0.014966204762458801,-0.10944017767906189,0.06265947222709656,0.06174691021442413,0.19734105467796326
44,0.051352135837078094,-0.10634047538042068,0.07997766882181168,0.0777149423956871,0.19727584719657898
45,-0.010034553706645966,-0.13962894678115845,0.06515941023826599,0.06443498283624649,0.1972101479768753
46,-0.002737700939178467,-0.12787389755249023,0.06356936693191528,0.061566829681396484,0.19714434444904327
47,-0.04531371593475342,-0.1487875133752823,0.05240168422460556,0.05107211321592331,0.19707824289798737
48,0.16093319654464722,-0.11477942764759064,0.13972154259681702,0.13599108159542084,0.19701234996318817
49,-0.07716120034456253,-0.15464133024215698,0.03859085217118263,0.03888928145170212,0.19694629311561584
50,-0.039757974445819855,-0.1420954018831253,0.052849192172288895,0.049488238990306854,0.1968802660703659
51,0.00027698278427124023,-0.1417110413312912,0.07099507749080658,0.07099294662475586,0.19681420922279358
52,-0.0410611554980278,-0.18661728501319885,0.07381778210401535,0.0717383474111557,0.19674775004386902
53,-0.0700216144323349,-0.16320842504501343,0.04773654416203499,0.04545027017593384,0.19668132066726685
54,-0.05934678018093109,-0.19502808153629303,0.06864868849515915,0.06703262031078339,0.19661441445350647
55,-0.09325414896011353,-0.17670921981334686,0.041633617132902145,0.041821446269750595,0.19654737412929535
56,-0.011521123349666595,-0.1405908316373825,0.06475666165351868,0.06431304663419724,0.19648058712482452
57,0.05636920779943466,-0.1552731990814209,0.1065540760755539,0.10508833080530167,0.19641393423080444
58,-0.06520608812570572,-0.1740548312664032,0.05377756804227829,0.05507117509841919,0.19634728133678436
59,-0.1092032939195633,-0.19693374633789062,0.0448458306491375,0.042884621769189835,0.19628044962882996
60,-0.1208915114402771,-0.20942805707454681,0.04377156123518944,0.044764984399080276,0.19621339440345764
61,-0.05433537811040878,-0.16143371164798737,0.053466666489839554,0.05363167077302933,0.19614657759666443
62,-0.10978111624717712,-0.2651825249195099,0.07772138714790344,0.07768002152442932,0.19607922434806824
63,-0.12640634179115295,-0.21508677303791046,0.042763449251651764,0.04591696709394455,0.19601190090179443
64,-0.11747095733880997,-0.24284851551055908,0.06345903873443604,0.06191851943731308,0.19594429433345795
65,-0.22226722538471222,-0.29872605204582214,0.03847090154886246,0.037987932562828064,0.19587591290473938
66,-0.0437537282705307,-0.25287264585494995,0.1032872274518013,0.10583169758319855,0.19580747187137604
67,-0.2274511158466339,-0.34075918793678284,0.05698966607451439,0.056318409740924835,0.195738285779953
68,-0.21480052173137665,-0.2894870936870575,0.03854464739561081,0.03614191338419914,0.19566884636878967
69,-0.14639167487621307,-0.2643502950668335,0.05893649160861969,0.05902212858200073,0.19559940695762634
70,-0.1836298406124115,-0.2563968896865845,0.036010030657052994,0.03675701469182968,0.19553008675575256
71,-0.18656006455421448,-0.2870400547981262,0.05001797527074814,0.050462011247873306,0.19546061754226685
72,-0.13184002041816711,-0.27845004200935364,0.07379180192947388,0.07281822711229324,0.1953909695148468
73,-0.2122664600610733,-0.3038003742694855,0.04541344940662384,0.046120449900627136,0.19532114267349243
74,-0.1654009222984314,-0.29817694425582886,0.0676610991358757,0.06511492282152176,0.1952512413263321
75,-0.1483556628227234,-0.27990084886550903,0.0675181895494461,0.06402699649333954,0.1951814442873001
76,-0.21404550969600677,-0.34254205226898193,0.06471068412065506,0.0637858659029007,0.19511105120182037
77,-0.1878618597984314,-0.2741797864437103,0.043623700737953186,0.04269421845674515,0.19504089653491974
78,-0.15386995673179626,-0.29537472128868103,0.07056557387113571,0.07093918323516846,0.19497083127498627
79,-0.1706467717885971,-0.2888226807117462,0.05818088352680206,0.05999502167105675,0.19490066170692444
80,-0.1780100166797638,-0.28750982880592346,0.0551082119345665,0.054391585290431976,0.19483062624931335
81,-0.1756819188594818,-0.3314277231693268,0.07811474055051804,0.07763106375932693,0.19476041197776794
82,-0.20087304711341858,-0.30288010835647583,0.05148882418870926,0.05051823705434799,0.19469024240970612
83,-0.1991090476512909,-0.33198460936546326,0.06583181768655777,0.06704375147819519,0.1946200132369995
84,-0.22527319192886353,-0.33918702602386475,0.057429179549217224,0.0564846396446228,0.19454963505268097
85,-0.18936452269554138,-0.3178099989891052,0.064519502222538,0.06392597407102585,0.19447940587997437
86,-0.2618064284324646,-0.3550965189933777,0.047671109437942505,0.04561898484826088,0.19440896809101105
87,-0.2677311897277832,-0.3497863709926605,0.04136711731553078,0.04068806767463684,0.19433851540088654
88,-0.27123385667800903,-0.3900567889213562,0.058459777384996414,0.06036313623189926,0.19426782429218292
89,-0.2686893045902252,-0.3644728660583496,0.04711630567908287,0.04866725951433182,0.19419720768928528
90,-0.3300986886024475,-0.4157395660877228,0.04209146276116371,0.04354940727353096,0.19412633776664734
91,-0.26899608969688416,-0.3756117522716522,0.05346148461103439,0.05315417796373367,0.19405551254749298
92,-0.26720941066741943,-0.3720187842845917,0.05113823711872101,0.053671106696128845,0.19398489594459534
93,-0.22287693619728088,-0.35548636317253113,0.06729154288768768,0.06531790643930435,0.1939147263765335
94,-0.3391038179397583,-0.4234958589076996,0.04204482212662697,0.04234720766544342,0.19384434819221497
95,-0.29192423820495605,-0.3789086639881134,0.04398997500538826,0.04299443960189819,0.19377417862415314
96,-0.3171508312225342,-0.414956271648407,0.04773055016994476,0.050074875354766846,0.19370415806770325
97,-0.32303231954574585,-0.4440728724002838,0.05971412733197212,0.061326418071985245,0.19363395869731903
98,-0.33337464928627014,-0.41631656885147095,0.04078738018870354,0.042154546827077866,0.1935637891292572
99,-0.39042744040489197,-0.43411785364151,0.022536588832736015,0.021153829991817474,0.19349350035190582
100,-0.36344262957572937,-0.44157227873802185,0.03896944597363472,0.03916018083691597,0.19342318177223206
101,-0.35286515951156616,-0.41532766819000244,0.031247776001691818,0.031214728951454163,0.19335311651229858
102,-0.3103792071342468,-0.4308501183986664,0.05815398693084717,0.06231693923473358,0.19328312575817108
103,-0.19814622402191162,-0.43228963017463684,0.11931518465280533,0.11482823640108109,0.19321294128894806
104,-0.3627137243747711,-0.43312758207321167,0.03603481501340866,0.03437903895974159,0.19314272701740265
105,-0.3153725564479828,-0.41823646426200867,0.052539803087711334,0.05032411962747574,0.1930726319551468
106,-0.34989526867866516,-0.4048677682876587,0.027744341641664505,0.027228135615587234,0.19300279021263123
107,-0.3777221441268921,-0.4326569437980652,0.027010278776288033,0.027924492955207825,0.19293294847011566
108,-0.3394183814525604,-0.4279927909374237,0.04566826671361923,0.042906131595373154,0.19286315143108368
109,-0.12300854921340942,-0.42867445945739746,0.15470394492149353,0.1509619653224945,0.1927933692932129
110,-0.33047083020210266,-0.4224928021430969,0.045877620577812195,0.04614434391260147,0.1927236020565033
111,-0.37122976779937744,-0.44720226526260376,0.03785783797502518,0.03811465948820114,0.19265368580818176
112,-0.34679338335990906,-0.44011878967285156,0.0462896004319191,0.0470358207821846,0.1925838589668274
113,-0.3875301480293274,-0.4432741105556488,0.027532070875167847,0.02821189910173416,0.192514106631279
114,-0.3600831925868988,-0.4490562379360199,0.044694703072309494,0.044278353452682495,0.19244441390037537
115,-0.38172829151153564,-0.44650933146476746,0.03280762583017349,0.031973425298929214,0.19237466156482697
116,-0.4108012616634369,-0.4610911011695862,0.025931069627404213,0.02435878850519657,0.19230493903160095
117,-0.3965194523334503,-0.46347740292549133,0.03269657492637634,0.034261371940374374,0.1922352910041809
118,-0.42107582092285156,-0.47084319591522217,0.025862112641334534,0.023905273526906967,0.19216565787792206
119,-0.34263232350349426,-0.4683501720428467,0.06474092602729797,0.06097692251205444,0.19209620356559753
120,-0.19105340540409088,-0.496209979057312,0.15356598794460297,0.15159057080745697,0.19202667474746704
121,-0.4210542142391205,-0.47433599829673767,0.027066953480243683,0.026214824989438057,0.19195730984210968
122,-0.3907458782196045,-0.4982806444168091,0.054284531623125076,0.05325021594762802,0.1918879598379135
123,-0.43239083886146545,-0.4863928556442261,0.027492759749293327,0.02650926262140274,0.19181865453720093
124,-0.4128485321998596,-0.47531330585479736,0.031075546517968178,0.03138924017548561,0.1917494833469391
125,-0.41578078269958496,-0.4864498972892761,0.03372044861316681,0.03694866970181465,0.19168037176132202
126,-0.41916772723197937,-0.49287787079811096,0.03736109286546707,0.03634904697537422,0.19161133468151093
127,-0.44175389409065247,-0.5220080018043518,0.03961138427257538,0.04064270853996277,0.19154228270053864
128,-0.4766312539577484,-0.5103132724761963,0.01734713651239872,0.016334889456629753,0.1914733499288559
129,-0.4258268475532532,-0.5070124864578247,0.04139161854982376,0.03979402408003807,0.1914045214653015
130,-0.506881058216095,-0.5423484444618225,0.017979886382818222,0.017487522214651108,0.1913355588912964
131,-0.2943882942199707,-0.5157618522644043,0.10970579832792282,0.11166775971651077,0.19126656651496887
132,-0.4391379654407501,-0.5004935264587402,0.030853508040308952,0.030502045527100563,0.19119784235954285
133,-0.23156020045280457,-0.5107346177101135,0.1411978006362915,0.13797661662101746,0.19112928211688995
134,-0.48174235224723816,-0.5304408669471741,0.02412397228181362,0.024574555456638336,0.19106082618236542
135,-0.4127006232738495,-0.5247060656547546,0.05573975294828415,0.05626567453145981,0.19099248945713043
136,-0.414955198764801,-0.5171763896942139,0.04984019696712494,0.05238098278641701,0.19092419743537903
137,-0.46204331517219543,-0.5046772360801697,0.021512961015105247,0.021120967343449593,0.19085593521595
138,-0.45585009455680847,-0.5090060234069824,0.025751298293471336,0.02740464359521866,0.19078782200813293
139,-0.4507952332496643,-0.52768874168396,0.03803125023841858,0.03886224329471588,0.1907198578119278
140,-0.44434720277786255,-0.510136604309082,0.03255663439631462,0.03323277831077576,0.19065207242965698
141,-0.464704304933548,-0.5012753009796143,0.017900314182043076,0.018670665100216866,0.1905844509601593
142,-0.4562050402164459,-0.5235792398452759,0.03304705768823624,0.03432714194059372,0.19051682949066162
143,-0.48759886622428894,-0.5480010509490967,0.03084913082420826,0.029553033411502838,0.19044925272464752
144,-0.4429430663585663,-0.5312482118606567,0.04431624710559845,0.0439889058470726,0.190381720662117
145,-0.3891541361808777,-0.48642030358314514,0.05079157277941704,0.04647460952401161,0.1903143674135208
146,-0.4923960566520691,-0.5281086564064026,0.018047485500574112,0.017665080726146698,0.1902470886707306
147,-0.47943738102912903,-0.5250699520111084,0.023092802613973618,0.022539766505360603,0.19017988443374634
148,-0.4455171525478363,-0.5094404220581055,0.03252556920051575,0.03139770030975342,0.19011282920837402
149,-0.44567209482192993,-0.523216724395752,0.03945795074105263,0.0380866713821888,0.19004589319229126
150,-0.4116228222846985,-0.5042040348052979,0.046652115881443024,0.04592909291386604,0.18997912108898163
151,-0.43713200092315674,-0.49482735991477966,0.029104843735694885,0.028590504080057144,0.18991245329380035
152,-0.42118290066719055,-0.5124852657318115,0.04537016153335571,0.045932210981845856,0.18984581530094147
153,-0.45710819959640503,-0.5143805742263794,0.029316922649741173,0.027955451980233192,0.18977926671504974
154,-0.4025982618331909,-0.4886903464794159,0.04457815736532211,0.04151393100619316,0.18971288204193115
155,-0.43381139636039734,-0.4977293312549591,0.031171683222055435,0.03274625539779663,0.18964658677577972
156,-0.4175824820995331,-0.51051265001297,0.046408019959926605,0.046522147953510284,0.18958033621311188
157,-0.4626024663448334,-0.5181509852409363,0.02860529161989689,0.026943236589431763,0.1895141750574112
158,-0.44740650057792664,-0.5185619592666626,0.036182403564453125,0.03497304767370224,0.18944813311100006
159,-0.41759389638900757,-0.4906289577484131,0.03788304328918457,0.03515202924609184,0.18938221037387848
160,-0.23591767251491547,-0.5234236121177673,0.14536228775978088,0.14214365184307098,0.1893163025379181
161,-0.46559229493141174,-0.5328943729400635,0.03410450369119644,0.033197589218616486,0.1892503798007965
162,-0.4366482198238373,-0.5071062445640564,0.03581966832280159,0.03463834896683693,0.18918460607528687
163,-0.4691002368927002,-0.5308638215065002,0.03151929751038551,0.03024427779018879,0.189118891954422
164,-0.4457930028438568,-0.5562694668769836,0.05496921390295029,0.05550728365778923,0.18905332684516907
165,-0.47524353861808777,-0.5393428206443787,0.03213680163025856,0.03196248412132263,0.18898774683475494
166,-0.4770761728286743,-0.5520310401916504,0.03795527666807175,0.03699958324432373,0.18892231583595276
167,-0.4733976125717163,-0.5548620820045471,0.04217922315001488,0.03928525745868683,0.18885697424411774
168,-0.466021865606308,-0.5322108864784241,0.03351139649748802,0.03267762064933777,0.18879178166389465
169,-0.4845525324344635,-0.5649194717407227,0.0390215739607811,0.041345398873090744,0.18872666358947754
170,-0.5041936039924622,-0.5843909978866577,0.04102376103401184,0.03917364031076431,0.18866151571273804
171,-0.480964720249176,-0.5698190927505493,0.04625115543603897,0.042603183537721634,0.18859635293483734
172,-0.5147160291671753,-0.5848098993301392,0.0347522534430027,0.03534163907170296,0.188531294465065
173,-0.4818281829357147,-0.5697667598724365,0.044253576546907425,0.043684978038072586,0.18846634030342102
174,-0.4654105603694916,-0.5624470710754395,0.05064935237169266,0.04638717323541641,0.1884014904499054
175,-0.48351162672042847,-0.5612401366233826,0.039033256471157074,0.03869526833295822,0.18833674490451813
176,-0.4691147208213806,-0.5345602631568909,0.0323406383395195,0.03310488164424896,0.18827207386493683
177,-0.468315452337265,-0.5309866070747375,0.031419627368450165,0.031251512467861176,0.18820756673812866
178,-0.4600166976451874,-0.5395733118057251,0.03990587592124939,0.03965073823928833,0.1881430298089981
179,-0.43350252509117126,-0.5236371755599976,0.04403618723154068,0.04609847068786621,0.1880785971879959
180,-0.4963211119174957,-0.5211703777313232,0.013217104598879814,0.01163218542933464,0.18801437318325043
181,-0.4377475082874298,-0.5370145440101624,0.050526246428489685,0.04874078184366226,0.18795011937618256
182,-0.4567294120788574,-0.5409970879554749,0.042691029608249664,0.04157666116952896,0.18788588047027588
183,-0.5032112002372742,-0.560333788394928,0.028756242245435715,0.028366299346089363,0.18782179057598114
184,-0.4604068100452423,-0.5507875680923462,0.0460745207965374,0.04430624097585678,0.18775780498981476
185,-0.48615267872810364,-0.5686023831367493,0.041277267038822174,0.041172415018081665,0.18769380450248718
186,-0.46607980132102966,-0.5454226136207581,0.03902987763285637,0.04031292721629143,0.18763002753257751
187,-0.5461636781692505,-0.5745779871940613,0.013572010211646557,0.01484227366745472,0.18756625056266785
188,-0.47507357597351074,-0.5702263712882996,0.04918081313371658,0.04597198963165283,0.18750250339508057
189,-0.5131047964096069,-0.5789976119995117,0.03294239193201065,0.032950397580862045,0.18743890523910522
190,-0.509335458278656,-0.5973709225654602,0.04382794350385666,0.044207509607076645,0.1873752772808075
191,-0.5342856049537659,-0.5985673666000366,0.032370567321777344,0.031911201775074005,0.18731167912483215
192,-0.3339558243751526,-0.5838301777839661,0.1237843930721283,0.126089945435524,0.187248095870018
193,-0.48009130358695984,-0.5816541910171509,0.05217063054442406,0.049392253160476685,0.18718457221984863
194,-0.5205501914024353,-0.6003926396369934,0.03880877420306206,0.04103368520736694,0.18712113797664642
195,-0.5601300001144409,-0.6104604005813599,0.02391693741083145,0.026413429528474808,0.18705785274505615
196,-0.5217730402946472,-0.6056522130966187,0.04366370290517807,0.04021547734737396,0.186994731426239
197,-0.5207945108413696,-0.5957618951797485,0.03800812363624573,0.036959290504455566,0.18693150579929352
198,-0.48522964119911194,-0.5708885192871094,0.0429990217089653,0.04265985265374184,0.1868683397769928
199,-0.4348977506160736,-0.5624743700027466,0.06506165862083435,0.06251495331525803,0.1868053674697876
200,-0.5077349543571472,-0.5740314722061157,0.03318522125482559,0.033111296594142914,0.18674258887767792
201,-0.4934387505054474,-0.5656895637512207,0.03676325082778931,0.03548755496740341,0.1866798996925354
202,-0.5277540683746338,-0.5578164458274841,0.014616400934755802,0.015445924364030361,0.18661731481552124
203,-0.4804303050041199,-0.5775830149650574,0.04927285760641098,0.04787987098097801,0.18655474483966827
204,-0.5351895689964294,-0.5884648561477661,0.02625884674489498,0.027016473934054375,0.18649208545684814
205,-0.5251359343528748,-0.5944676399230957,0.035305485129356384,0.03402620926499367,0.18642938137054443
206,-0.5415424108505249,-0.5721608400344849,0.015427070669829845,0.015191391110420227,0.18636681139469147
207,-0.538064181804657,-0.5954195261001587,0.029876353219151497,0.027478981763124466,0.18630428612232208
208,-0.51375812292099,-0.5703772306442261,0.027786921709775925,0.028832191601395607,0.18624192476272583
209,-0.5134236812591553,-0.6023157238960266,0.045201193541288376,0.04369083791971207,0.18617968261241913
210,-0.4998338222503662,-0.5837230682373047,0.04254496842622757,0.04134427756071091,0.18611754477024078
211,-0.4871707260608673,-0.5574454069137573,0.03571522235870361,0.034559451043605804,0.18605542182922363
212,-0.514802873134613,-0.5736528038978577,0.029673956334590912,0.029175978153944016,0.18599320948123932
213,-0.48145508766174316,-0.555002748966217,0.03820985183119774,0.03533780202269554,0.18593110144138336
214,-0.5257725715637207,-0.5724762082099915,0.02351466752588749,0.023188918828964233,0.1858690232038498
215,-0.511455774307251,-0.5530431270599365,0.021304961293935776,0.02028236910700798,0.18580706417560577
216,-0.46493399143218994,-0.5384493470191956,0.0357145220041275,0.037800852209329605,0.1857452094554901
217,-0.4601173996925354,-0.545592188835144,0.04366201534867287,0.04181279242038727,0.18568336963653564
218,-0.4488043189048767,-0.5297277569770813,0.04095287248492241,0.03997056186199188,0.18562175333499908
219,-0.5003806352615356,-0.5588822364807129,0.029847895726561546,0.028653671965003014,0.1855601668357849
220,-0.46280166506767273,-0.5213300585746765,0.030786052346229553,0.02774236351251602,0.18549863994121552
221,-0.4961370825767517,-0.5524773597717285,0.029456760734319687,0.026883549988269806,0.1854371428489685
222,-0.48029449582099915,-0.6075307726860046,0.06257665157318115,0.06465961784124374,0.18537557125091553
223,-0.3417026400566101,-0.5902001857757568,0.12219604849815369,0.12630149722099304,0.18531399965286255
224,-0.5106751918792725,-0.5795790553092957,0.035085804760456085,0.03381805866956711,0.18525245785713196
225,-0.5375774502754211,-0.5809274911880493,0.022799720987677574,0.02055032178759575,0.18519112467765808
226,-0.5684130787849426,-0.6337594985961914,0.03079417161643505,0.03455226495862007,0.18512967228889465
227,-0.5275651216506958,-0.6259475946426392,0.047971658408641815,0.05041082948446274,0.1850682646036148
228,-0.369770348072052,-0.6509881019592285,0.14212951064109802,0.1390882283449173,0.18500685691833496
229,-0.5531368851661682,-0.6494693160057068,0.047679200768470764,0.0486532486975193,0.1849454641342163
230,-0.5568386912345886,-0.6255825161933899,0.03523826599121094,0.03350556641817093,0.18488408625125885
231,-0.5499122738838196,-0.6193116307258606,0.0384133905172348,0.030985940247774124,0.18482287228107452
232,-0.5041362047195435,-0.6070929765701294,0.05400003865361214,0.04895675927400589,0.18476170301437378
233,-0.5336546897888184,-0.614983081817627,0.04149356856942177,0.039834775030612946,0.18470068275928497
234,-0.524905800819397,-0.5940806269645691,0.035136591643095016,0.03403826802968979,0.18463972210884094
235,-0.5268338918685913,-0.5880516171455383,0.028467444702982903,0.032750338315963745,0.1845788061618805
236,-0.5089541077613831,-0.5972670912742615,0.043977998197078705,0.0443350151181221,0.18451784551143646
237,-0.46773386001586914,-0.5611572265625,0.04583103582262993,0.04759235307574272,0.18445700407028198
238,-0.5260332822799683,-0.5767446160316467,0.025089748203754425,0.02562158927321434,0.1843961924314499
239,-0.5200688242912292,-0.5869408845901489,0.03427618369460106,0.032595861703157425,0.1843353807926178
240,-0.5220131278038025,-0.5737550854682922,0.02447882480919361,0.027263112366199493,0.1842745542526245
241,-0.4808058440685272,-0.560150682926178,0.040177252143621445,0.0391676090657711,0.18421368300914764
242,-0.4512595534324646,-0.5461632013320923,0.04741891101002693,0.04748471826314926,0.18415287137031555
243,-0.4422764778137207,-0.5506812334060669,0.05468009039759636,0.05372468754649162,0.18409213423728943
244,-0.48243677616119385,-0.555014967918396,0.035041630268096924,0.03753657639026642,0.1840314418077469
245,-0.4921211898326874,-0.5592313408851624,0.03486810252070427,0.03224203363060951,0.1839708387851715
246,-0.4532627463340759,-0.5330969095230103,0.04125720635056496,0.03857695683836937,0.18391035497188568
247,-0.4521915316581726,-0.5333414673805237,0.04085502400994301,0.04029493033885956,0.1838499754667282
248,-0.5426084399223328,-0.5841871500015259,0.02257021889090538,0.019008539617061615,0.18378973007202148
249,-0.30758148431777954,-0.5661570429801941,0.12544558942317963,0.13312993943691254,0.18372946977615356
250,-0.49906298518180847,-0.5673643350601196,0.03389254957437515,0.03440877050161362,0.1836692988872528
251,-0.5244008898735046,-0.5675221681594849,0.020037736743688583,0.02308356575667858,0.18360912799835205
252,-0.5462709665298462,-0.6087192296981812,0.031569693237543106,0.030878568068146706,0.1835489720106125
253,-0.5380197763442993,-0.6231197714805603,0.041819289326667786,0.04328073933720589,0.18348877131938934
254,-0.5224586725234985,-0.5753544569015503,0.0266700591892004,0.026225751265883446,0.1834286004304886
255,-0.5241462588310242,-0.6001617312431335,0.03920532390475273,0.03681017830967903,0.1833684742450714
256,-0.5451058149337769,-0.6265791058540344,0.042018044739961624,0.039455242455005646,0.18330828845500946
257,-0.3065793812274933,-0.5837992429733276,0.13946694135665894,0.13775292038917542,0.18324816226959229
258,-0.5404106974601746,-0.6129099726676941,0.03638632968068123,0.036112941801548004,0.18318817019462585
259,-0.5366801619529724,-0.6096611618995667,0.03592393919825554,0.037057023495435715,0.18312805891036987
260,-0.5511763095855713,-0.5947715044021606,0.021784238517284393,0.021810969337821007,0.18306796252727509
261,-0.54262775182724,-0.5986117124557495,0.028227264061570168,0.027756687253713608,0.18300789594650269
262,-0.48442211747169495,-0.606805682182312,0.06134252995252609,0.06104102358222008,0.18294791877269745
263,-0.526557445526123,-0.5903756618499756,0.03193526342511177,0.031882964074611664,0.1828879863023758
264,-0.5609612464904785,-0.6024898886680603,0.021165449172258377,0.02036323770880699,0.1828281134366989
265,-0.5640710592269897,-0.6113314032554626,0.022268636152148247,0.024991707876324654,0.18276827037334442
266,-0.5513524413108826,-0.6263914108276367,0.03704870864748955,0.03799028322100639,0.18270845711231232
267,-0.5496854186058044,-0.6130295395851135,0.03283000364899635,0.030514106154441833,0.18264871835708618
268,-0.5466285943984985,-0.6141113638877869,0.034040339291095734,0.033442407846450806,0.18258917331695557
269,-0.4293733835220337,-0.6047461628913879,0.08558154106140137,0.08979122340679169,0.18252979218959808
270,-0.5422099232673645,-0.6524311304092407,0.056208327412605286,0.05401288717985153,0.18247035145759583
271,-0.5507181286811829,-0.6369189620018005,0.04184792935848236,0.044352900236845016,0.18241100013256073
272,-0.5673261284828186,-0.641741156578064,0.03578847274184227,0.03862655907869339,0.18235161900520325
273,-0.4187932014465332,-0.6660447120666504,0.12243480235338211,0.12481670081615448,0.18229231238365173
274,-0.5814400911331177,-0.6260359287261963,0.02186148799955845,0.022734353318810463,0.18223312497138977
275,-0.5372061729431152,-0.6034193634986877,0.031878285109996796,0.03433488309383392,0.18217404186725616
276,-0.5425087213516235,-0.6255927085876465,0.04063921421766281,0.04244476929306984,0.18211491405963898
277,-0.5131019949913025,-0.6069660186767578,0.04804106801748276,0.045822955667972565,0.18205587565898895
278,-0.4939841628074646,-0.5869361758232117,0.045596037060022354,0.04735594615340233,0.1819968968629837
279,-0.5097193121910095,-0.579274594783783,0.035219207406044006,0.034336067736148834,0.1819380223751068
280,-0.5077335238456726,-0.5763794183731079,0.03344883769750595,0.03519710153341293,0.1818792223930359
281,-0.5153406262397766,-0.5641302466392517,0.023537132889032364,0.025252489373087883,0.18182037770748138
282,-0.48571041226387024,-0.551716685295105,0.03462797403335571,0.03137830272316933,0.18176166713237762
283,-0.48495545983314514,-0.571824312210083,0.04276353120803833,0.04410532861948013,0.18170304596424103
284,-0.4753084182739258,-0.5772950649261475,0.05245836451649666,0.04952828586101532,0.18164440989494324
285,-0.5165765881538391,-0.5672207474708557,0.026238810271024704,0.02440533973276615,0.18158577382564545
286,-0.46197831630706787,-0.5882630348205566,0.06262540072202682,0.06365930289030075,0.18152722716331482
287,-0.5350047945976257,-0.622431755065918,0.041659846901893616,0.04576713219285011,0.18146874010562897
288,-0.5324726700782776,-0.6139327883720398,0.042098380625247955,0.03936173766851425,0.18141037225723267
289,-0.5486612319946289,-0.6323899030685425,0.04158460721373558,0.0421440526843071,0.18135188519954681
290,-0.5538324117660522,-0.6272565126419067,0.03559146076440811,0.03783263638615608,0.18129347264766693
291,-0.5586779713630676,-0.6120516061782837,0.026755737140774727,0.02661789208650589,0.18123507499694824
292,-0.5420415997505188,-0.60960853099823,0.03397646173834801,0.033590495586395264,0.18117672204971313
293,-0.5289908647537231,-0.6129462122917175,0.04094155132770538,0.043013788759708405,0.18111829459667206
294,-0.5270413160324097,-0.6242538690567017,0.04717116802930832,0.05004139989614487,0.18105986714363098
295,-0.46126478910446167,-0.5643236637115479,0.049215707927942276,0.05384312570095062,0.18100151419639587
296,-0.5488889813423157,-0.6210325360298157,0.03750988468527794,0.03463368117809296,0.18094316124916077
297,-0.5443642139434814,-0.6124027967453003,0.033200714737176895,0.034837815910577774,0.18088476359844208
298,-0.5082586407661438,-0.5771366953849792,0.033097874373197556,0.0357801653444767,0.18082639575004578
299,-0.504568874835968,-0.5660775899887085,0.03063119575381279,0.030877558514475822,0.18076814711093903
300,-0.5298470258712769,-0.6158999800682068,0.041326671838760376,0.044726237654685974,0.1807098537683487
301,-0.5526389479637146,-0.6185689568519592,0.03326360881328583,0.032666370272636414,0.18065159022808075
302,-0.5053181648254395,-0.6016432642936707,0.047475941479206085,0.048849187791347504,0.18059346079826355
303,-0.5095624327659607,-0.6082971096038818,0.04895126074552536,0.04978340119123459,0.18053540587425232
304,-0.5371317267417908,-0.6144448518753052,0.03948900103569031,0.03782409429550171,0.1804773509502411
305,-0.5621933937072754,-0.6375687718391418,0.036919500678777695,0.03845588117837906,0.18041929602622986
306,-0.5571811199188232,-0.632120668888092,0.03780876100063324,0.037130750715732574,0.18036134541034698
307,-0.5263433456420898,-0.6181139349937439,0.044792626053094864,0.0469779334962368,0.18030346930027008
308,-0.5559564828872681,-0.6445448994636536,0.04395947977900505,0.044628940522670746,0.1802455484867096
309,-0.3951176702976227,-0.6345137357711792,0.11831009387969971,0.12108597904443741,0.18018771708011627
310,-0.5523567199707031,-0.6502221822738647,0.04809292405843735,0.04977253079414368,0.18012988567352295
311,-0.5382365584373474,-0.6159816384315491,0.03779701143503189,0.03994803875684738,0.18007199466228485
312,-0.6244964599609375,-0.6850358247756958,0.02774246223270893,0.03279691934585571,0.18001416325569153
313,-0.5972084999084473,-0.6494002342224121,0.026458268985152245,0.025733457878232002,0.1799563765525818
314,-0.5674004554748535,-0.6399030685424805,0.03602643311023712,0.03647618740797043,0.17989861965179443
315,-0.534233033657074,-0.6035668849945068,0.03355836123228073,0.035775475203990936,0.17984095215797424
316,-0.5604287385940552,-0.6261767745018005,0.0328865610063076,0.03286147490143776,0.17978331446647644
317,-0.5647990703582764,-0.6262551546096802,0.030574461445212364,0.030881641432642937,0.17972567677497864
318,-0.5106273293495178,-0.608587920665741,0.04885590076446533,0.04910466820001602,0.1796680986881256
319,-0.5197646021842957,-0.5719001889228821,0.02655852399766445,0.025577068328857422,0.1796104907989502
320,-0.5397155284881592,-0.5891646146774292,0.025147218257188797,0.024301914498209953,0.17955292761325836
321,-0.5928845405578613,-0.6302580237388611,0.018322458490729332,0.01905098930001259,0.17949534952640533
322,-0.526640772819519,-0.6216594576835632,0.04727018252015114,0.04774851351976395,0.1794377863407135
323,-0.5644044876098633,-0.6045889258384705,0.018931357190012932,0.02125311829149723,0.17938019335269928
324,-0.5122356414794922,-0.6355146169662476,0.06114071235060692,0.06213824823498726,0.17932261526584625
325,-0.5446056127548218,-0.6208295226097107,0.037636879831552505,0.038587041199207306,0.17926503717899323
326,-0.46846863627433777,-0.5655879378318787,0.04836295172572136,0.048756327480077744,0.17920753359794617
327,-0.5716037154197693,-0.624981701374054,0.027838323265314102,0.025539617985486984,0.1791500598192215
328,-0.3205370008945465,-0.6122692823410034,0.1446174830198288,0.14711478352546692,0.17909273505210876
329,-0.5575321912765503,-0.637562096118927,0.039365146309137344,0.04066476225852966,0.17903555929660797
330,-0.5446444749832153,-0.6538212895393372,0.05284782499074936,0.05632898584008217,0.17897845804691315
331,-0.5497686862945557,-0.6196298003196716,0.03364130109548569,0.03621983900666237,0.1789214164018631
332,-0.5316157341003418,-0.6231681704521179,0.04488261416554451,0.046669818460941315,0.1788642704486847
333,-0.498905748128891,-0.5560870170593262,0.02815210074186325,0.02902917191386223,0.17880721390247345
334,-0.5450265407562256,-0.6064098477363586,0.03290173411369324,0.028481584042310715,0.1787501722574234
335,-0.5625901818275452,-0.6299871802330017,0.03558790683746338,0.03180911764502525,0.17869311571121216
336,-0.5939769744873047,-0.6494514346122742,0.025541910901665688,0.02993258461356163,0.17863599956035614
337,-0.570385754108429,-0.6530880331993103,0.04370453953742981,0.03899768739938736,0.17857885360717773
338,-0.5279847979545593,-0.6352989077568054,0.056726109236478806,0.05058800056576729,0.17852172255516052
339,-0.5797921419143677,-0.6139837503433228,0.016939997673034668,0.01725161261856556,0.17846474051475525
340,-0.5563411712646484,-0.6285414695739746,0.03600531443953514,0.03619500994682312,0.17840777337551117
341,-0.39220714569091797,-0.6635832786560059,0.13407570123672485,0.13730041682720184,0.17835083603858948
342,-0.5796062350273132,-0.6436723470687866,0.03326703608036041,0.030799098312854767,0.17829379439353943
343,-0.6009076833724976,-0.6473551392555237,0.024571532383561134,0.02187594585120678,0.17823673784732819
344,-0.5529325008392334,-0.6282448768615723,0.03769059479236603,0.03762177377939224,0.17817963659763336
345,-0.49243491888046265,-0.6138300895690918,0.060601916164159775,0.06079326942563057,0.17812256515026093
346,-0.5227569937705994,-0.601456880569458,0.04130156338214874,0.03739834949374199,0.17806552350521088
347,-0.5293183922767639,-0.6213252544403076,0.044573698192834854,0.04743313416838646,0.17800860106945038
348,-0.5475828051567078,-0.6160072684288025,0.03386178985238075,0.03456262871623039,0.17795175313949585
349,-0.5746737122535706,-0.6317151784896851,0.029740450903773308,0.02730100043118,0.17789502441883087
350,-0.5480337142944336,-0.6406125426292419,0.04696494713425636,0.045613907277584076,0.17783837020397186
351,-0.5190529823303223,-0.6093624830245972,0.04239784553647041,0.04791165143251419,0.17778174579143524
352,-0.5145367980003357,-0.6136168837547302,0.0478949137032032,0.05118521302938461,0.17772531509399414
353,-0.5731236338615417,-0.6580320000648499,0.039939869195222855,0.044968463480472565,0.17766886949539185
354,-0.5305755734443665,-0.5792624950408936,0.023906594142317772,0.024780355393886566,0.17761240899562836
355,-0.5175912380218506,-0.5928449034690857,0.03829558938741684,0.036958079785108566,0.1775561422109604
356,-0.517867922782898,-0.601963460445404,0.041795764118433,0.0422997772693634,0.17749983072280884
357,-0.5199517011642456,-0.6031332015991211,0.042788758873939514,0.04039275273680687,0.1774434894323349
358,-0.5009872913360596,-0.6154909133911133,0.05457909405231476,0.059924572706222534,0.17738713324069977
359,-0.499053031206131,-0.6073724627494812,0.05243270471692085,0.05588672310113907,0.17733076214790344
360,-0.5084601640701294,-0.6094154715538025,0.05203372985124588,0.04892155900597572,0.17727451026439667
361,-0.5871989727020264,-0.6478319764137268,0.03080662712454796,0.02982643060386181,0.1772182732820511
362,-0.6277120113372803,-0.6713314056396484,0.022852156311273575,0.020767182111740112,0.17716212570667267
363,-0.485757440328598,-0.6335759162902832,0.07517672330141068,0.0726417526602745,0.17710602283477783
364,-0.6070657968521118,-0.6847026348114014,0.03959154337644577,0.038045305758714676,0.17704987525939941
365,-0.6124039888381958,-0.6869000196456909,0.03519609197974205,0.03929998353123665,0.17699380218982697
366,-0.7026085257530212,-0.7354640364646912,0.015453711152076721,0.017401788383722305,0.17693768441677094
367,-0.6372024416923523,-0.7227579951286316,0.04489276558160782,0.040662772953510284,0.17688162624835968
368,-0.6285552382469177,-0.6818329691886902,0.02775842323899269,0.025519339367747307,0.17682550847530365
369,-0.5833263993263245,-0.6605177521705627,0.037930116057395935,0.039261240512132645,0.17676955461502075
370,-0.5739278793334961,-0.6601983308792114,0.0425473190844059,0.043723106384277344,0.17671342194080353
371,-0.539557695388794,-0.6254220008850098,0.04273330792784691,0.043130986392498016,0.17665748298168182
372,-0.5843551754951477,-0.639494776725769,0.026997866109013557,0.02814171090722084,0.1766015738248825
373,-0.5490456223487854,-0.6176289916038513,0.033571697771549225,0.03501167148351669,0.176545649766922
374,-0.5453078746795654,-0.5965196490287781,0.024289673194289207,0.026922116056084633,0.17648975551128387
375,-0.6154703497886658,-0.6657530069351196,0.02567070908844471,0.02461197040975094,0.17643389105796814
376,-0.5506536364555359,-0.6084273457527161,0.026982974261045456,0.030790768563747406,0.17637810111045837
377,-0.5232041478157043,-0.5896224975585938,0.03331764042377472,0.033100709319114685,0.17632228136062622
378,-0.6067228317260742,-0.6609670519828796,0.02601027488708496,0.028233962133526802,0.17626649141311646
379,-0.5127910375595093,-0.6140981912612915,0.049563147127628326,0.0517440028488636,0.17621079087257385
380,-0.5734222531318665,-0.6373006105422974,0.032255690544843674,0.03162263706326485,0.17615514993667603
381,-0.5768828392028809,-0.6570562124252319,0.040630124509334564,0.0395432785153389,0.17609944939613342
382,-0.5788168907165527,-0.6462563872337341,0.03477920591831207,0.03266033157706261,0.17604391276836395
383,-0.6063159704208374,-0.6647523641586304,0.02956763096153736,0.028868747875094414,0.17598845064640045
384,-0.3799801468849182,-0.6616744995117188,0.1412028968334198,0.14049142599105835,0.1759330779314041
385,-0.6113584637641907,-0.6651389598846436,0.025347163900732994,0.02843332663178444,0.17587776482105255
386,-0.5696465373039246,-0.6741279363632202,0.05521010607481003,0.049271292984485626,0.17582246661186218
387,-0.5495846271514893,-0.6280136108398438,0.03994154557585716,0.03848746418952942,0.17576700448989868
388,-0.5146936178207397,-0.6170939207077026,0.05321617051959038,0.0491841584444046,0.17571155726909637
389,-0.5787431001663208,-0.6276652812957764,0.024642448872327805,0.024279698729515076,0.17565599083900452
390,-0.5209487080574036,-0.6091887950897217,0.044832706451416016,0.0434073731303215,0.17560067772865295
391,-0.5418708920478821,-0.6302090287208557,0.044812850654125214,0.04352528601884842,0.17554548382759094
392,-0.6042271256446838,-0.6610614657402039,0.02778489887714386,0.0290494617074728,0.17549024522304535
393,-0.5518893003463745,-0.6591542959213257,0.05101381987333298,0.05625119060277939,0.17543503642082214
394,-0.556873083114624,-0.607529878616333,0.025923892855644226,0.02473290264606476,0.17537987232208252
395,-0.5984826683998108,-0.6848435997962952,0.04517597332596779,0.04118497297167778,0.17532466351985931
396,-0.48186707496643066,-0.5667067766189575,0.04265310987830162,0.04218662157654762,0.17526951432228088
397,-0.5255594849586487,-0.6306902170181274,0.05286012962460518,0.05227057635784149,0.17521430552005768
398,-0.6120112538337708,-0.6665977239608765,0.027104992419481277,0.027481496334075928,0.17515923082828522
399,-0.5902143716812134,-0.637966513633728,0.024069894105196,0.02368222549557686,0.1751042753458023
400,-0.5156354904174805,-0.6141272783279419,0.05098894238471985,0.04750288650393486,0.17504926025867462
401,-0.600364089012146,-0.6463783979415894,0.0229342021048069,0.0230801273137331,0.1749943494796753
402,-0.5336523056030273,-0.5875645279884338,0.026091905310750008,0.027820264920592308,0.17493955790996552
403,-0.5743112564086914,-0.642513632774353,0.034310661256313324,0.03389174863696098,0.17488481104373932
404,-0.5735319256782532,-0.6417416334152222,0.034816958010196686,0.03339271619915962,0.1748301237821579
405,-0.5422025322914124,-0.6136471629142761,0.036839812994003296,0.034604839980602264,0.17477571964263916
406,-0.535480260848999,-0.5978790521621704,0.032249338924884796,0.03014945611357689,0.1747211217880249
407,-0.5772557854652405,-0.6372449994087219,0.028108516708016396,0.0318806990981102,0.1746666133403778
408,-0.5995049476623535,-0.6728255748748779,0.03533105552196503,0.03798957169055939,0.17461217939853668
409,-0.5353541374206543,-0.6216648817062378,0.04336864873766899,0.0429421067237854,0.174557626247406
410,-0.5883734226226807,-0.6514744758605957,0.031323760747909546,0.03177723288536072,0.1745031774044037
411,-0.5626822710037231,-0.6198278665542603,0.028450898826122284,0.02869470976293087,0.17444877326488495
412,-0.5670560002326965,-0.6172575950622559,0.02174117974936962,0.028460435569286346,0.17439420521259308
413,-0.5323677062988281,-0.6358276009559631,0.05249088630080223,0.05096903070807457,0.17433956265449524
414,-0.5652711391448975,-0.6369759440422058,0.03524358943104744,0.036461248993873596,0.17428503930568695
415,-0.5927050709724426,-0.6323114037513733,0.018128611147403717,0.021477695554494858,0.17423051595687866
416,-0.5856773257255554,-0.6575380563735962,0.03330801799893379,0.03855270519852638,0.17417597770690918
417,-0.5440956950187683,-0.6275495886802673,0.04154542088508606,0.04190846160054207,0.17412158846855164
418,-0.6239128112792969,-0.6814098358154297,0.030210137367248535,0.027286889031529427,0.17406728863716125
419,-0.6549805402755737,-0.7086146473884583,0.02518623322248459,0.028447866439819336,0.17401297390460968
420,-0.6710951328277588,-0.7139682769775391,0.021917743608355522,0.020955383777618408,0.1739586591720581
421,-0.5457559823989868,-0.6700402498245239,0.06012166291475296,0.06416262686252594,0.17390431463718414
422,-0.6989412307739258,-0.7476431131362915,0.02367984876036644,0.025022026151418686,0.1738499402999878
423,-0.6537046432495117,-0.7539060115814209,0.051458630710840225,0.048742711544036865,0.17379561066627502
424,-0.684721827507019,-0.7497910857200623,0.029967548325657845,0.03510173782706261,0.1737414449453354
425,-0.5762618184089661,-0.6488832831382751,0.03514536842703819,0.037476107478141785,0.17368735373020172
426,-0.5383235216140747,-0.6514431238174438,0.05908304080367088,0.05403652787208557,0.17363320291042328
427,-0.667637288570404,-0.7200051546096802,0.0278243999928236,0.024543456733226776,0.17357894778251648
428,-0.5689541697502136,-0.6266292333602905,0.027532728388905525,0.030142290517687798,0.17352479696273804
429,-0.5743597149848938,-0.6314347386360168,0.030155107378959656,0.026919886469841003,0.17347072064876556
430,-0.5810224413871765,-0.619085967540741,0.01952320896089077,0.01854034885764122,0.1734166145324707
431,-0.5280465483665466,-0.5955816507339478,0.033426541835069656,0.03410858288407326,0.1733626127243042
432,-0.5837466716766357,-0.6548408269882202,0.034684713929891586,0.036409467458724976,0.17330844700336456
433,-0.5584291219711304,-0.6273196935653687,0.03410322964191437,0.03478734567761421,0.1732543259859085
434,-0.5835104584693909,-0.6387705206871033,0.025339005514979362,0.029921071603894234,0.17320014536380768
435,-0.5171540975570679,-0.6097204685211182,0.04382271319627762,0.04874364286661148,0.17314603924751282
436,-0.5725256204605103,-0.625979483127594,0.02669409289956093,0.026759732514619827,0.1730920523405075
437,-0.6269416809082031,-0.6899218559265137,0.03228425979614258,0.030695920810103416,0.17303794622421265
438,-0.6446654796600342,-0.7180256247520447,0.036551907658576965,0.036808229982852936,0.1729837954044342
439,-0.6758508682250977,-0.727179229259491,0.024533648043870926,0.026794716715812683,0.1729297786951065
440,-0.6608820557594299,-0.7211564779281616,0.0285740178078413,0.03170044720172882,0.17287562787532806
441,-0.6326949596405029,-0.6871963739395142,0.028183987364172935,0.02631743997335434,0.17282158136367798
442,-0.6305152773857117,-0.7334299087524414,0.050141945481300354,0.05277268961071968,0.1727674901485443
443,-0.649259090423584,-0.7201219797134399,0.03615713492035866,0.03470577299594879,0.1727134734392166
444,-0.5643943548202515,-0.6557535529136658,0.0473097488284111,0.0440494678914547,0.1726595014333725
445,-0.6709649562835693,-0.7328975200653076,0.0335364006459713,0.02839619293808937,0.1726055145263672
446,-0.6463908553123474,-0.7255837321281433,0.04003299027681351,0.03915992006659508,0.1725514978170395
447,-0.6305786967277527,-0.6769289970397949,0.023656075820326805,0.022694239392876625,0.17249757051467896
448,-0.5267004370689392,-0.6127279996871948,0.040333885699510574,0.04569370299577713,0.17244350910186768
449,-0.5158534646034241,-0.5916869044303894,0.03754504770040512,0.038288407027721405,0.17238953709602356
450,-0.5370069742202759,-0.6389644742012024,0.050549644976854324,0.05140785127878189,0.17233574390411377
451,-0.5939978957176208,-0.6570258140563965,0.031505923718214035,0.031521987169981,0.17228193581104279
452,-0.5743740200996399,-0.6191872358322144,0.02047118917107582,0.02434198185801506,0.1722281128168106
453,-0.5360414385795593,-0.6040397882461548,0.03544588014483452,0.03255249187350273,0.17217426002025604
454,-0.5482887029647827,-0.6157540082931519,0.030810395255684853,0.036654919385910034,0.17212052643299103
455,-0.5638745427131653,-0.6506701111793518,0.04343538358807564,0.04336019605398178,0.17206673324108124
456,-0.6213967204093933,-0.6804475784301758,0.027925018221139908,0.031125817447900772,0.17201296985149384
457,-0.6646097302436829,-0.7086189389228821,0.021523574367165565,0.022485587745904922,0.17195922136306763
458,-0.6817522048950195,-0.7318137884140015,0.02564430423080921,0.024417290464043617,0.17190557718276978
459,-0.5824793577194214,-0.6295769810676575,0.024660902097821236,0.022436723113059998,0.17185185849666595
460,-0.6073533892631531,-0.6922503709793091,0.04092796519398689,0.043969009071588516,0.17179833352565765
461,-0.6431017518043518,-0.708872377872467,0.03343213349580765,0.03233850374817848,0.1717449575662613
462,-0.6289575099945068,-0.6857955455780029,0.027968626469373703,0.028869377449154854,0.17169161140918732
463,-0.4719488024711609,-0.6800997257232666,0.10238471627235413,0.10576625168323517,0.17163829505443573
464,-0.5631171464920044,-0.6254412531852722,0.03189169615507126,0.030432401224970818,0.1715850532054901
465,-0.5469658970832825,-0.6068812608718872,0.029828011989593506,0.030087348073720932,0.17153170704841614
466,-0.5673914551734924,-0.650777280330658,0.041595350950956345,0.04179045930504799,0.17147843539714813
467,-0.5453528165817261,-0.6036998629570007,0.03061007894575596,0.02773694507777691,0.17142514884471893
468,-0.49400782585144043,-0.5912765264511108,0.047080207616090775,0.050188466906547546,0.17137187719345093
469,-0.586529016494751,-0.6538840532302856,0.030775120481848717,0.0365799218416214,0.17131856083869934
470,-0.6234208345413208,-0.6806053519248962,0.026494618505239487,0.030689911916851997,0.1712653487920761
471,-0.5858728885650635,-0.6390360593795776,0.026933444663882256,0.02622973546385765,0.17121215164661407
472,-0.5834568738937378,-0.6560506820678711,0.037024084478616714,0.035569701343774796,0.17115890979766846
473,-0.6636086106300354,-0.7091188430786133,0.024527929723262787,0.02098231017589569,0.17110575735569
474,-0.6777371764183044,-0.7430753111839294,0.031723491847515106,0.033614616841077805,0.17105281352996826
475,-0.6347371935844421,-0.6984136700630188,0.031128592789173126,0.03254786878824234,0.17099961638450623
476,-0.6213080883026123,-0.6662766933441162,0.023055532947182655,0.021913060918450356,0.17094649374485016
477,-0.6569527983665466,-0.7067717909812927,0.02518899366259575,0.02462998777627945,0.1708933413028717
478,-0.6528997421264648,-0.7298476099967957,0.0385543517768383,0.038393523544073105,0.17084038257598877
479,-0.6360383033752441,-0.6914896368980408,0.028122078627347946,0.02732928656041622,0.17078755795955658
480,-0.6232550740242004,-0.6523082256317139,0.014231347478926182,0.014821823686361313,0.17073467373847961
481,-0.5919309854507446,-0.6207274198532104,0.016090046614408493,0.012706403620541096,0.17068183422088623
482,-0.5724475979804993,-0.6149148941040039,0.020366458222270012,0.022100862115621567,0.17062894999980927
483,-0.4993409514427185,-0.5967849493026733,0.05171336233615875,0.045730650424957275,0.17057599127292633
484,-0.3398047089576721,-0.6191480159759521,0.13793107867240906,0.14141222834587097,0.17052312195301056
485,-0.5740807056427002,-0.6467922925949097,0.03312954679131508,0.0395820215344429,0.17047031223773956
486,-0.5257738828659058,-0.5983185172080994,0.034980010241270065,0.037564657628536224,0.17041751742362976
487,-0.46972259879112244,-0.6828875541687012,0.10408852994441986,0.10907641053199768,0.17036473751068115
488,-0.589201807975769,-0.6376544237136841,0.0251925028860569,0.0232600886374712,0.1703120917081833
489,-0.5949580073356628,-0.6753353476524353,0.03632919117808342,0.04404810443520546,0.17025940120220184
490,-0.6625170707702637,-0.7118204236030579,0.025317512452602386,0.023985879495739937,0.17020663619041443
491,-0.6559211015701294,-0.7051326632499695,0.020217550918459892,0.028994036838412285,0.1701539307832718
492,-0.527845025062561,-0.6086822748184204,0.037456054240465164,0.04338120296597481,0.17010124027729034
493,-0.5741495490074158,-0.6670458316802979,0.04659967124462128,0.04629657045006752,0.17004850506782532
494,-0.6393176317214966,-0.6734788417816162,0.01731894351541996,0.016842253506183624,0.16999588906764984
495,-0.6010130643844604,-0.689190149307251,0.04238547757267952,0.045791614800691605,0.16994339227676392
496,-0.6247652173042297,-0.6802080869674683,0.027985291555523872,0.027457617223262787,0.16989080607891083
497,-0.5688983798027039,-0.6582925915718079,0.04502265900373459,0.04437151923775673,0.16983838379383087
498,-0.5628617405891418,-0.6929188966751099,0.06673596799373627,0.06332115083932877,0.16978593170642853
499,-0.6200764179229736,-0.6795428991317749,0.027935802936553955,0.03153066709637642,0.16973362863063812
500,-0.5698742270469666,-0.6565769910812378,0.04118132218718529,0.04552142694592476,0.16968132555484772
501,-0.6640276908874512,-0.7216008305549622,0.027736537158489227,0.02983659692108631,0.16962912678718567
502,-0.6246331930160522,-0.6597276329994202,0.019028419628739357,0.01606600545346737,0.16957683861255646
503,-0.6502973437309265,-0.689228892326355,0.019723905250430107,0.01920766569674015,0.1695246547460556
504,-0.5710946321487427,-0.6103347539901733,0.021257303655147552,0.017982855439186096,0.16947245597839355
505,-0.6006773710250854,-0.6835668087005615,0.03811421990394592,0.04477524384856224,0.16942015290260315
506,-0.6935219764709473,-0.7381022572517395,0.019922226667404175,0.024658095091581345,0.16936780512332916
507,-0.5850679278373718,-0.6363577246665955,0.022667909041047096,0.02862192504107952,0.1693154126405716
508,-0.6261294484138489,-0.6845515966415405,0.028529871255159378,0.02989225834608078,0.1692630648612976
509,-0.5662564039230347,-0.6095009446144104,0.021018320694565773,0.022226234897971153,0.1692107766866684
510,-0.5547689199447632,-0.6102051138877869,0.02621549181640148,0.029220687225461006,0.16915857791900635
511,-0.605596661567688,-0.6640151143074036,0.02845657803118229,0.029961854219436646,0.16910643875598907
512,-0.5453550815582275,-0.6332617998123169,0.050256822258234024,0.03764989599585533,0.16905425488948822
513,-0.658055305480957,-0.7277051210403442,0.036992333829402924,0.03265751153230667,0.16900211572647095
514,-0.5748106837272644,-0.6651656627655029,0.04143478348851204,0.048920199275016785,0.1689499318599701
515,-0.6868096590042114,-0.726872444152832,0.016034148633480072,0.02402864769101143,0.16889789700508118
516,-0.6887948513031006,-0.7349023818969727,0.02258107252418995,0.023526456207036972,0.16884586215019226
517,-0.6552584767341614,-0.6890770196914673,0.016174256801605225,0.017644265666604042,0.16879373788833618
518,-0.666309118270874,-0.7195086479187012,0.025465624406933784,0.02773394249379635,0.16874155402183533
519,-0.6459563374519348,-0.7002853155136108,0.026781702414155006,0.02754727378487587,0.16868948936462402
520,-0.6866729855537415,-0.7346224188804626,0.023472312837839127,0.024477096274495125,0.16863742470741272
521,-0.6178444623947144,-0.6715958714485168,0.0288423802703619,0.024909017607569695,0.16858534514904022
522,-0.6508499383926392,-0.7074575424194336,0.027630720287561417,0.028976835310459137,0.16853326559066772
523,-0.5347768664360046,-0.634308934211731,0.04916590452194214,0.05036614462733269,0.16848117113113403
524,-0.5820593237876892,-0.6537525653839111,0.03512892872095108,0.036564312875270844,0.16842904686927795
525,-0.5799723267555237,-0.64885014295578,0.03009716048836708,0.038780633360147476,0.16837719082832336
526,-0.5991133451461792,-0.7111589312553406,0.05407401919364929,0.05797162652015686,0.16832540929317474
527,-0.6320037841796875,-0.6706298589706421,0.01890152506530285,0.019724544137716293,0.16827373206615448
528,-0.6805365085601807,-0.735237717628479,0.025582069531083107,0.02911914885044098,0.16822190582752228
529,-0.5986289978027344,-0.6701135635375977,0.0359034538269043,0.03558112680912018,0.16817010939121246
530,-0.6867256164550781,-0.7372637987136841,0.027584780007600784,0.022953379899263382,0.16811834275722504
531,-0.7210930585861206,-0.7634883522987366,0.019698362797498703,0.022696934640407562,0.16806654632091522
532,-0.7267342209815979,-0.8279991149902344,0.04985547810792923,0.05140943080186844,0.16801466047763824
533,-0.6846637725830078,-0.7592230439186096,0.03695880249142647,0.03760048747062683,0.16796283423900604
534,-0.6389303803443909,-0.6844606399536133,0.021052969619631767,0.024477314203977585,0.16791106760501862
535,-0.5995100736618042,-0.6501322984695435,0.025306006893515587,0.025316255167126656,0.16785928606987
536,-0.5957539081573486,-0.6405621767044067,0.01970597170293331,0.025102289393544197,0.16780756413936615
537,-0.5244839191436768,-0.6620422601699829,0.0719827339053154,0.06557557731866837,0.16775600612163544
538,-0.5979655981063843,-0.6459329128265381,0.0224307831376791,0.025536565110087395,0.16770459711551666
539,-0.6192542910575867,-0.6802495718002319,0.026305347681045532,0.03468997776508331,0.16765308380126953
540,-0.6231716871261597,-0.6710681915283203,0.02406630665063858,0.023830147460103035,0.1676015853881836
541,-0.5135733485221863,-0.6101025342941284,0.04671774432063103,0.049811430275440216,0.1675500124692917
542,-0.6221802830696106,-0.7024636268615723,0.03954549506306648,0.04073784872889519,0.16749869287014008
543,-0.5940268039703369,-0.6763558387756348,0.03655387461185455,0.0457751639187336,0.16744743287563324
544,-0.6406886577606201,-0.7260763049125671,0.04024779796600342,0.0451398529112339,0.1673964112997055
545,-0.6638562679290771,-0.7132662534713745,0.024396903812885284,0.025013117119669914,0.16734528541564941
546,-0.6869403123855591,-0.7591063976287842,0.03711731731891632,0.035048797726631165,0.16729408502578735
547,-0.6795085668563843,-0.7532773017883301,0.03767988830804825,0.03608880192041397,0.16724282503128052
548,-0.6849847435951233,-0.7555203437805176,0.037886735051870346,0.032648880034685135,0.1671915054321289
549,-0.6189683675765991,-0.7330777645111084,0.05383121967315674,0.06027815863490105,0.1671401411294937
550,-0.6514490246772766,-0.7160100340843201,0.030940227210521698,0.03362077847123146,0.16708886623382568
551,-0.6634970307350159,-0.7193399667739868,0.027368463575839996,0.02847447246313095,0.16703751683235168
552,-0.6041415333747864,-0.7049835920333862,0.048259835690259933,0.052582211792469025,0.16698616743087769
553,-0.6325414776802063,-0.6976112127304077,0.03329464793205261,0.031775057315826416,0.16693483293056488
554,-0.6571820974349976,-0.7175124287605286,0.030268406495451927,0.030061889439821243,0.16688360273838043
555,-0.665212094783783,-0.7289547920227051,0.03353683277964592,0.03020581789314747,0.16683244705200195
556,-0.5937027335166931,-0.6591840982437134,0.032435741275548935,0.03304567560553551,0.16678139567375183
557,-0.6877056360244751,-0.7401539087295532,0.024105923250317574,0.028342340141534805,0.16673029959201813
558,-0.6121237277984619,-0.6482190489768982,0.01669102907180786,0.019404305145144463,0.16667915880680084
559,-0.7355951070785522,-0.7752869725227356,0.019567176699638367,0.02012464590370655,0.1666281670331955
560,-0.6788707971572876,-0.7141605615615845,0.018469594419002533,0.016820188611745834,0.16657710075378418
561,-0.6324326992034912,-0.7005136609077454,0.03209290653467178,0.035988014191389084,0.16652615368366241
562,-0.6280303597450256,-0.691893458366394,0.03354637697339058,0.030316684395074844,0.16647522151470184
563,-0.6165198683738708,-0.6654123067855835,0.02399524860084057,0.024897202849388123,0.16642417013645172
564,-0.6218396425247192,-0.6910771131515503,0.03362520784139633,0.03561227023601532,0.1663731038570404
565,-0.65244460105896,-0.7506135702133179,0.05041808634996414,0.047750890254974365,0.16632230579853058
566,-0.4261840581893921,-0.7079727053642273,0.13855116069316864,0.14323747158050537,0.16627147793769836
567,-0.6072244644165039,-0.6607057452201843,0.02566484734416008,0.02781643345952034,0.16622067987918854
568,-0.6234534382820129,-0.7288205623626709,0.054404329508543015,0.050962790846824646,0.16616974771022797
569,-0.6627808213233948,-0.7228705286979675,0.032119277864694595,0.02797042950987816,0.16611886024475098
570,-0.6581151485443115,-0.7859628200531006,0.06314700841903687,0.06470069289207458,0.16606801748275757
571,-0.5724449753761292,-0.6344431638717651,0.029246997088193893,0.032751183956861496,0.16601720452308655
572,-0.7418558597564697,-0.8205000758171082,0.03798665478825569,0.04065756872296333,0.16596661508083344
573,-0.6281340718269348,-0.7065245509147644,0.03563380613923073,0.04275667667388916,0.16591601073741913
574,-0.7373401522636414,-0.7738091945648193,0.01837681047618389,0.018092218786478043,0.1658654808998108
575,-0.6990743279457092,-0.7565690279006958,0.027814103290438652,0.029680609703063965,0.16581490635871887
576,-0.6179972887039185,-0.679815948009491,0.03115265630185604,0.03066597692668438,0.16576427221298218
577,-0.5457640290260315,-0.6288735866546631,0.03970034420490265,0.04340924322605133,0.16571356356143951
578,-0.6108834147453308,-0.7157649397850037,0.05282263085246086,0.05205885320901871,0.16566284000873566
579,-0.7368965744972229,-0.7903861403465271,0.024231061339378357,0.029258497059345245,0.165612131357193
580,-0.6209380626678467,-0.6772460341453552,0.02828620746731758,0.028021732345223427,0.16556142270565033
581,-0.5696238875389099,-0.6396272778511047,0.03430153429508209,0.03570187836885452,0.1655106395483017
582,-0.5048702955245972,-0.6518614292144775,0.07194983214139938,0.07504131644964218,0.16545994579792023
583,-0.6044790148735046,-0.6789044141769409,0.0360056608915329,0.03841973468661308,0.16540920734405518
584,-0.609293520450592,-0.6571409106254578,0.02335912361741066,0.024488288909196854,0.16535869240760803
585,-0.5896961688995361,-0.684876561164856,0.048147041350603104,0.04703335464000702,0.1653081774711609
586,-0.5548120141029358,-0.6286491751670837,0.03899906203150749,0.034838080406188965,0.16525773704051971
587,-0.659325897693634,-0.7201379537582397,0.03164046257734299,0.029171572998166084,0.165207177400589
588,-0.6471832990646362,-0.6988583207130432,0.023203784599900246,0.028471237048506737,0.1651565134525299
589,-0.6687120199203491,-0.7248550057411194,0.030210208147764206,0.02593277208507061,0.16510601341724396
590,-0.6302995681762695,-0.7027815580368042,0.03801598772406578,0.03446601331233978,0.16505563259124756
591,-0.633189857006073,-0.6843158006668091,0.025041429325938225,0.02608455903828144,0.16500529646873474
592,-0.6646382212638855,-0.7418330311775208,0.03813779354095459,0.03905702754855156,0.16495506465435028
593,-0.3660186231136322,-0.6297075748443604,0.129515141248703,0.13417378067970276,0.1649048626422882
594,-0.6903372406959534,-0.7510997653007507,0.028043348342180252,0.03271917626261711,0.16485469043254852
595,-0.6975637674331665,-0.8011847138404846,0.050909701734781265,0.052711233496665955,0.16480451822280884
596,-0.6537113785743713,-0.7397533655166626,0.04310506582260132,0.04293690621852875,0.16475442051887512
597,-0.7405169010162354,-0.7900846004486084,0.023384930565953255,0.026182767003774643,0.16470441222190857
598,-0.6403957605361938,-0.6831143498420715,0.019734710454940796,0.02298387885093689,0.16465435922145844
599,-0.5388565063476562,-0.6081869602203369,0.033413294702768326,0.03591718524694443,0.16460448503494263
600,-0.6078346371650696,-0.663385808467865,0.02764599397778511,0.027905169874429703,0.16455470025539398
601,-0.6141775846481323,-0.7035682797431946,0.03920706361532211,0.05018367990851402,0.1645050197839737
602,-0.584560751914978,-0.6465083360671997,0.02918650582432747,0.0327611081302166,0.16445541381835938
603,-0.5495175123214722,-0.6093244552612305,0.027579186484217644,0.032227735966444016,0.1644059121608734
604,-0.6441121101379395,-0.7079372406005859,0.031081262975931168,0.03274386003613472,0.16435635089874268
605,-0.5698835253715515,-0.6957504153251648,0.0587044395506382,0.06716246902942657,0.16430696845054626
606,-0.6746115684509277,-0.722537636756897,0.02339860238134861,0.024527505040168762,0.16425755620002747
607,-0.664029598236084,-0.7303093075752258,0.029130594804883003,0.037149135023355484,0.16420802474021912
608,-0.7734923958778381,-0.8387224078178406,0.033648163080215454,0.03158179670572281,0.16415871679782867
609,-0.7016670107841492,-0.7984955310821533,0.05089887976646423,0.045929599553346634,0.16410937905311584
610,-0.6944213509559631,-0.7715614438056946,0.036810729652643204,0.040329329669475555,0.1640601009130478
611,-0.6704770922660828,-0.7905341386795044,0.05569363385438919,0.06436343491077423,0.16401073336601257
612,-0.6966535449028015,-0.74679034948349,0.024736544117331505,0.02540028840303421,0.1639614701271057
613,-0.651218056678772,-0.6898518800735474,0.019034607335925102,0.0195991899818182,0.1639123111963272
614,-0.6136338710784912,-0.6910161375999451,0.03726096823811531,0.040121302008628845,0.16386297345161438
615,-0.5642614364624023,-0.6549648642539978,0.0432438924908638,0.04745956510305405,0.16381359100341797
616,-0.46178221702575684,-0.5988839268684387,0.06693791598081589,0.0701637864112854,0.16376438736915588
617,-0.6129559874534607,-0.6943812370300293,0.0396876186132431,0.04173758998513222,0.16371500492095947
618,-0.6072573065757751,-0.6737629175186157,0.02954111248254776,0.03696446865797043,0.16366539895534515
619,-0.5830472111701965,-0.6357213854789734,0.025223949924111366,0.027450187131762505,0.16361574828624725
620,-0.5752869844436646,-0.6354020237922668,0.028684193268418312,0.031430844217538834,0.1635662168264389
621,-0.597721517086029,-0.6357771754264832,0.017404643818736076,0.020651044324040413,0.16351644694805145
622,-0.46224212646484375,-0.5603517889976501,0.049763839691877365,0.04834580048918724,0.1634666919708252
623,-0.6099929213523865,-0.7311851382255554,0.06238134950399399,0.05881088599562645,0.16341698169708252
624,-0.722791850566864,-0.7857714295387268,0.03213535249233246,0.030844194814562798,0.16336730122566223
625,-0.6909272074699402,-0.7494317293167114,0.027995696291327477,0.030508816242218018,0.16331754624843597
626,-0.7262638211250305,-0.7551073431968689,0.01529703475534916,0.013546490110456944,0.16326762735843658
627,-0.708035409450531,-0.7665749788284302,0.029193004593253136,0.029346568509936333,0.16321758925914764
628,-0.7387018203735352,-0.7956578135490417,0.02863466367125511,0.028321299701929092,0.16316762566566467
629,-0.8223457336425781,-0.8740856051445007,0.024018853902816772,0.027721025049686432,0.16311785578727722
630,-0.6941590309143066,-0.7417953014373779,0.02232280746102333,0.02531343325972557,0.16306822001934052
631,-0.7302936315536499,-0.7950989007949829,0.029595527797937393,0.035209719091653824,0.16301877796649933
632,-0.6565044522285461,-0.7755892276763916,0.057700157165527344,0.06138460710644722,0.16296923160552979
633,-0.7170260548591614,-0.752780020236969,0.018397746607661247,0.017356209456920624,0.16291970014572144
634,-0.7365702390670776,-0.767228364944458,0.015854064375162125,0.014804060570895672,0.16287006437778473
635,-0.5808062553405762,-0.6561986804008484,0.03955800086259842,0.035834431648254395,0.162820503115654
636,-0.5865632891654968,-0.6587768793106079,0.034013208001852036,0.03820038214325905,0.16277113556861877
637,-0.6761069297790527,-0.737855076789856,0.029148831963539124,0.032599303871393204,0.16272175312042236
638,-0.6435360312461853,-0.7306110262870789,0.042111318558454514,0.04496365785598755,0.16267253458499908
639,-0.5455642938613892,-0.5881674289703369,0.019797300919890404,0.022805839776992798,0.16262361407279968
640,-0.5919933319091797,-0.6502988338470459,0.025854049250483513,0.03245142474770546,0.16257476806640625
641,-0.6646446585655212,-0.703169584274292,0.01959121599793434,0.018933696672320366,0.162525936961174
642,-0.4190753698348999,-0.6969912052154541,0.13659676909446716,0.14131905138492584,0.16247691214084625
643,-0.6475804448127747,-0.6982065439224243,0.025492114946246147,0.025133974850177765,0.16242781281471252
644,-0.7050747275352478,-0.7825722694396973,0.03784817457199097,0.039649344980716705,0.16237877309322357
645,-0.666378915309906,-0.7216376066207886,0.02679356560111046,0.028465133160352707,0.1623297929763794
646,-0.5879001617431641,-0.6797101497650146,0.042394764721393585,0.04941524937748909,0.16228093206882477
647,-0.7412314414978027,-0.7957262396812439,0.02388089895248413,0.030613869428634644,0.1622321605682373
648,-0.687731146812439,-0.7542465329170227,0.03413804620504379,0.032377347350120544,0.16218321025371552
649,-0.6026903390884399,-0.6979557871818542,0.04335688054561615,0.051908522844314575,0.16213421523571014
650,-0.6975940465927124,-0.7792977094650269,0.03945848345756531,0.04224513843655586,0.16208522021770477
651,-0.6025034785270691,-0.7172898054122925,0.05669832602143288,0.05808801203966141,0.1620362251996994
652,-0.6088873147964478,-0.6763453483581543,0.03201892971992493,0.0354391373693943,0.16198721528053284
653,-0.6423514485359192,-0.6740942001342773,0.014231405220925808,0.01751136966049671,0.16193842887878418
654,-0.7229428291320801,-0.8028902411460876,0.03615555167198181,0.04379186034202576,0.16188974678516388
655,-0.5514876842498779,-0.7230426073074341,0.08271567523479462,0.08883921056985855,0.16184107959270477
656,-0.7196885943412781,-0.8104857206344604,0.04474913701415062,0.046047959476709366,0.1617923080921173
657,-0.5834990739822388,-0.656440794467926,0.03689209744334221,0.036049604415893555,0.161743625998497
658,-0.7634091973304749,-0.8398815393447876,0.03518739715218544,0.041284915059804916,0.1616949588060379
659,-0.6427091360092163,-0.7640274167060852,0.06094571202993393,0.060372598469257355,0.16164641082286835
660,-0.6560649275779724,-0.7400696277618408,0.04037865996360779,0.043626006692647934,0.16159799695014954
661,-0.7643877267837524,-0.8162086009979248,0.02656923606991768,0.025251604616642,0.16154934465885162
662,-0.732025146484375,-0.7749367356300354,0.020446134731173515,0.022465450689196587,0.1615004986524582
663,-0.7860445380210876,-0.870085597038269,0.04445851966738701,0.03958253562450409,0.16145196557044983
664,-0.7872858643531799,-0.834031343460083,0.020505232736468315,0.02624022215604782,0.16140349209308624
665,-0.7991928458213806,-0.8472597599029541,0.024125847965478897,0.023941021412611008,0.1613548994064331
666,-0.721400797367096,-0.7754124402999878,0.02340640500187874,0.030605264008045197,0.16130642592906952
667,-0.5243826508522034,-0.597970187664032,0.0402773842215538,0.03331020101904869,0.16125793755054474
668,-0.6823793053627014,-0.7438607811927795,0.029307903721928596,0.03217357397079468,0.16120943427085876
669,-0.6596460342407227,-0.7754114866256714,0.05537642911076546,0.06038904935121536,0.16116099059581757
670,-0.5888698101043701,-0.7141804099082947,0.06008034944534302,0.06523023545742035,0.16111260652542114
671,-0.623309314250946,-0.7488709092140198,0.06230752542614937,0.06325406581163406,0.1610642820596695
672,-0.6796090006828308,-0.7552638649940491,0.036320216953754425,0.03933465853333473,0.16101600229740143
673,-0.6459536552429199,-0.7212767601013184,0.03578101471066475,0.03954210877418518,0.1609678715467453
674,-0.6287977695465088,-0.7197319865226746,0.04428618773818016,0.0466480553150177,0.1609196960926056
675,-0.5949026942253113,-0.664352536201477,0.03437458723783493,0.035075247287750244,0.16087165474891663
676,-0.7400914430618286,-0.8006707429885864,0.026576409116387367,0.0340028814971447,0.16082386672496796
677,-0.6225651502609253,-0.7561464905738831,0.06367833912372589,0.06990300863981247,0.16077640652656555
678,-0.7415748834609985,-0.7869139909744263,0.022637903690338135,0.02270118147134781,0.16072888672351837
679,-0.7771939635276794,-0.833214282989502,0.02613058313727379,0.02988976053893566,0.16068147122859955
680,-0.7421000003814697,-0.8036451935768127,0.030887868255376816,0.0306573323905468,0.1606341004371643
681,-0.7660939693450928,-0.8509817123413086,0.045435816049575806,0.03945193439722061,0.16058658063411713
682,-0.693605899810791,-0.7677544951438904,0.03691541403532028,0.03723318874835968,0.16053888201713562
683,-0.7460117340087891,-0.8543549180030823,0.046663157641887665,0.06168002635240555,0.16049112379550934
684,-0.687485933303833,-0.8217206001281738,0.06701163947582245,0.06722300499677658,0.16044314205646515
685,-0.6441786289215088,-0.7500244975090027,0.049594104290008545,0.056251734495162964,0.16039541363716125
686,-0.6543087959289551,-0.7606360912322998,0.047922324389219284,0.058404989540576935,0.16034770011901855
687,-0.6182025074958801,-0.695406973361969,0.03772279620170593,0.039481718093156815,0.16029991209506989
688,-0.5851029753684998,-0.6758242845535278,0.0435270331799984,0.04719431698322296,0.160252183675766
689,-0.6466469764709473,-0.748367428779602,0.048432208597660065,0.05328822880983353,0.16020460426807404
690,-0.4877132475376129,-0.5832480192184448,0.04713202267885208,0.048402756452560425,0.1601570099592209
691,-0.6464023590087891,-0.7458423376083374,0.049103472381830215,0.05033649876713753,0.16010954976081848
692,-0.6724253296852112,-0.7692722678184509,0.04838483780622482,0.04846207797527313,0.16006197035312653
693,-0.5212218165397644,-0.6003023386001587,0.03647398576140404,0.042606547474861145,0.16001416742801666
694,-0.6472660303115845,-0.7418994307518005,0.042107369750738144,0.052526071667671204,0.1599666029214859
695,-0.7210004329681396,-0.7997084856033325,0.040488503873348236,0.038219552487134933,0.1599193811416626
696,-0.70660799741745,-0.7660240530967712,0.029942210763692856,0.029473857954144478,0.1598721295595169
697,-0.7601388096809387,-0.8733315467834473,0.05152607336640358,0.06166667491197586,0.15982475876808167
698,-0.7088088989257812,-0.8153437376022339,0.050152890384197235,0.05638193339109421,0.15977752208709717
699,-0.8183282613754272,-0.8692641258239746,0.022866753861308098,0.02806914411485195,0.15973052382469177
700,-0.5843517184257507,-0.7051846981048584,0.06139127165079117,0.05944168195128441,0.15968358516693115
701,-0.6259909272193909,-0.763635516166687,0.06598878651857376,0.07165581732988358,0.15963655710220337
702,-0.6365580558776855,-0.7083435654640198,0.036566704511642456,0.03521885722875595,0.15958952903747559
703,-0.6030703783035278,-0.7314310073852539,0.06365515291690826,0.06470547616481781,0.15954245626926422
704,-0.7277039289474487,-0.8037132024765015,0.040423013269901276,0.03558620810508728,0.15949532389640808
705,-0.5926088094711304,-0.6557393670082092,0.030169067904353142,0.03296148404479027,0.15944835543632507
706,-0.6619654893875122,-0.7813223600387573,0.05742328613996506,0.06193360686302185,0.1594013273715973
707,-0.6292204856872559,-0.7027549743652344,0.03375336900353432,0.03978106379508972,0.15935440361499786
708,-0.6815071105957031,-0.7455918788909912,0.03137651085853577,0.032708313316106796,0.15930724143981934
709,-0.5675910711288452,-0.733152449131012,0.08772612363100052,0.07783527672290802,0.15926021337509155
710,-0.7658312320709229,-0.827391505241394,0.027303535491228104,0.034256741404533386,0.1592130959033966
711,-0.6846914291381836,-0.8067072033882141,0.05754414200782776,0.06447163224220276,0.1591659039258957
712,-0.6923675537109375,-0.7553218603134155,0.03283198922872543,0.030122345313429832,0.1591189205646515
713,-0.6790234446525574,-0.7823148965835571,0.0612710639834404,0.04202039912343025,0.15907181799411774
714,-0.7813518047332764,-0.86223304271698,0.039337508380413055,0.04154371842741966,0.15902476012706757
715,-0.7701131105422974,-0.8446868658065796,0.03734084218740463,0.03723294287919998,0.15897800028324127
716,-0.771411120891571,-0.8415809273719788,0.03490429371595383,0.0352654792368412,0.1589314043521881
717,-0.7293469905853271,-0.8260083198547363,0.041295796632766724,0.055365536361932755,0.1588847041130066
718,-0.7054147720336914,-0.7941106557846069,0.04235284775495529,0.04634304717183113,0.1588379144668579
719,-0.6822813749313354,-0.8410106897354126,0.0808907151222229,0.07783859223127365,0.15879103541374207
720,-0.710858166217804,-0.7730491161346436,0.03003751114010811,0.03215342015028,0.1587442308664322
721,-0.6293766498565674,-0.7228895425796509,0.042170654982328415,0.05134223774075508,0.1586974412202835
722,-0.6743718385696411,-0.7676212787628174,0.04400009661912918,0.049249328672885895,0.1586507111787796
723,-0.6387171745300293,-0.7063321471214294,0.03520539775490761,0.03240952268242836,0.15860390663146973
724,-0.603203535079956,-0.6682740449905396,0.03042948991060257,0.03464105352759361,0.15855708718299866
725,-0.583312451839447,-0.6355403661727905,0.026767579838633537,0.025460336357355118,0.15851010382175446
726,-0.635136067867279,-0.7346518635749817,0.04960453137755394,0.04991128295660019,0.15846318006515503
727,-0.6947541236877441,-0.7838543057441711,0.04404943063855171,0.045050762593746185,0.15841613709926605
728,-0.5736680626869202,-0.7116343379020691,0.0701233446598053,0.06784290075302124,0.1583693027496338
729,-0.6676138639450073,-0.7484318614006042,0.03951701149344444,0.04130101203918457,0.1583223193883896
730,-0.7862899899482727,-0.8485101461410522,0.03012186847627163,0.032098278403282166,0.15827538073062897
731,-0.7299926280975342,-0.8171907067298889,0.04272310063242912,0.04447495564818382,0.15822839736938477
732,-0.7356737852096558,-0.8286231160163879,0.04939429089426994,0.04355502128601074,0.15818139910697937
733,-0.7324222326278687,-0.8311079740524292,0.04733138903975487,0.05135436728596687,0.15813438594341278
734,-0.6981000304222107,-0.7777090668678284,0.03875815123319626,0.04085087031126022,0.15808753669261932
735,-0.8763487935066223,-0.9381201863288879,0.029552917927503586,0.03221843019127846,0.1580403745174408
736,-0.6864420175552368,-0.8510000705718994,0.07833688706159592,0.08622115850448608,0.15799333155155182
737,-0.8324530124664307,-0.918178379535675,0.04148425534367561,0.04424111917614937,0.1579464226961136
738,-0.7493447065353394,-0.8203884959220886,0.030850641429424286,0.040193140506744385,0.15789957344532013
739,-0.670830249786377,-0.7459190487861633,0.03720944747328758,0.0378793440759182,0.1578526794910431
740,-0.6425157785415649,-0.715484082698822,0.0365745946764946,0.03639373183250427,0.1578056812286377
741,-0.708999514579773,-0.7724051475524902,0.028223572298884392,0.035182058811187744,0.15775880217552185
742,-0.6960971355438232,-0.7629696726799011,0.03050883300602436,0.03636372461915016,0.15771178901195526
743,-0.7123810052871704,-0.7850033640861511,0.033802371472120285,0.03881993889808655,0.1576647311449051
744,-0.7485102415084839,-0.8013253211975098,0.025920599699020386,0.026894422248005867,0.15761752426624298
745,-0.7352486252784729,-0.8168982267379761,0.03974162042140961,0.04190798103809357,0.15757033228874207
746,-0.6661359667778015,-0.762027382850647,0.04789701849222183,0.04799434915184975,0.15752309560775757
747,-0.6905644536018372,-0.7716574668884277,0.0400347076356411,0.04105828329920769,0.1574760526418686
748,-0.712120771408081,-0.7833030819892883,0.03639104589819908,0.03479126840829849,0.15742908418178558
749,-0.6980758905410767,-0.8005649447441101,0.050215475261211395,0.05227356776595116,0.15738210082054138
750,-0.6534635424613953,-0.7200969457626343,0.034729622304439545,0.03190382942557335,0.15733499825000763
751,-0.7523808479309082,-0.8189942240715027,0.0354723259806633,0.031141027808189392,0.1572878211736679
752,-0.7769631743431091,-0.8534040451049805,0.037649307399988174,0.03879154846072197,0.15724071860313416
753,-0.7097691297531128,-0.7966368198394775,0.043954942375421524,0.04291269928216934,0.15719351172447205
754,-0.8048213124275208,-0.8674305081367493,0.03340914472937584,0.029200078919529915,0.15714626014232635
755,-0.87591153383255,-0.9388386011123657,0.033035311847925186,0.02989170327782631,0.1570991575717926
756,-0.7165788412094116,-0.8069084882736206,0.04442834481596947,0.04590128734707832,0.15705204010009766
757,-0.7058890461921692,-0.7953722476959229,0.04303276166319847,0.04645044729113579,0.15700478851795197
758,-0.6475794315338135,-0.7399479150772095,0.04310527816414833,0.049263160675764084,0.15695743262767792
759,-0.7931034564971924,-0.8226738572120667,0.014972752891480923,0.014597667381167412,0.15691012144088745
760,-0.7493836283683777,-0.8390423655509949,0.04388674348592758,0.04577203840017319,0.1568627506494522
761,-0.7836062908172607,-0.8298060297966003,0.025559447705745697,0.02064030058681965,0.1568152755498886
762,-0.7190191149711609,-0.8025170564651489,0.042664412409067154,0.040833551436662674,0.15676787495613098
763,-0.9041053056716919,-0.9569703936576843,0.02918124571442604,0.023683864623308182,0.1567205935716629
764,-0.8340430855751038,-0.8794294595718384,0.023346886038780212,0.02203945443034172,0.1566733568906784
765,-0.6688728928565979,-0.7470882534980774,0.036381836980581284,0.0418335385620594,0.1566261649131775
766,-0.7224301099777222,-0.8841606378555298,0.08361192792654037,0.07811860740184784,0.1565791219472885
767,-0.6943925023078918,-0.8214039206504822,0.06097319349646568,0.06603824347257614,0.15653224289417267
768,-0.8393653035163879,-0.906116247177124,0.0353178009390831,0.03143315389752388,0.15648522973060608
769,-0.6848840117454529,-0.7846699953079224,0.04993024468421936,0.04985576122999191,0.15643812716007233
770,-0.7737821340560913,-0.8115453124046326,0.020190291106700897,0.017572879791259766,0.1563909649848938
771,-0.7254912853240967,-0.8039613962173462,0.03873257339000702,0.03973754495382309,0.15634381771087646
772,-0.622799277305603,-0.7048006057739258,0.04100664332509041,0.040994685143232346,0.15629681944847107
773,-0.6684619784355164,-0.8215690851211548,0.07909353822469711,0.07401358336210251,0.1562497764825821
774,-0.6975628137588501,-0.7680119276046753,0.03444315865635872,0.03600598871707916,0.15620271861553192
775,-0.7767844796180725,-0.871113657951355,0.04906422644853592,0.04526498168706894,0.15615585446357727
776,-0.7664578557014465,-0.8117009401321411,0.021082207560539246,0.02416086010634899,0.1561093032360077
777,-0.8128358125686646,-0.930816650390625,0.0606190487742424,0.057361751794815063,0.15606267750263214
778,-0.6859264969825745,-0.8377692699432373,0.08139443397521973,0.07044835388660431,0.15601621568202972
779,-0.8127340078353882,-0.8731867074966431,0.02673247642815113,0.033720169216394424,0.15596960484981537
780,-0.8106387257575989,-0.8721328973770142,0.028466099873185158,0.03302808105945587,0.15592294931411743
781,-0.8218556046485901,-0.8932483196258545,0.03277481347322464,0.03861793130636215,0.15587612986564636
782,-0.8185110092163086,-0.9065108299255371,0.04319373518228531,0.04480607435107231,0.1558292955160141
783,-0.8832913637161255,-0.9632792472839355,0.04168965294957161,0.038298219442367554,0.15578250586986542
784,-0.728391170501709,-0.8415999412536621,0.05613594129681587,0.057072822004556656,0.15573593974113464
785,-0.823028564453125,-0.893359363079071,0.03735750913619995,0.0329732708632946,0.15568915009498596
786,-0.6843945980072021,-0.7621973156929016,0.041204776614904404,0.03659796342253685,0.1556422859430313
787,-0.8011713027954102,-0.8719791769981384,0.037358686327934265,0.033449191600084305,0.15559552609920502
788,-0.7242894172668457,-0.7823914885520935,0.02892649918794632,0.02917555533349514,0.1555490344762802
789,-0.6061919331550598,-0.7321034669876099,0.06753691285848618,0.05837463214993477,0.15550246834754944
790,-0.7373272180557251,-0.8620507717132568,0.05863327533006668,0.06609031558036804,0.15545597672462463
791,-0.7345367074012756,-0.7619122266769409,0.015311751514673233,0.012063725851476192,0.15540963411331177
792,-0.744113564491272,-0.7879297137260437,0.0221397802233696,0.02167634852230549,0.1553630828857422
793,-0.7593899965286255,-0.8514672517776489,0.04922667518258095,0.042850568890571594,0.15531668066978455
794,-0.8029139637947083,-0.8775285482406616,0.03706825152039528,0.037546347826719284,0.15527041256427765
795,-0.6154002547264099,-0.6940463781356812,0.034736890345811844,0.043909236788749695,0.15522406995296478
796,-0.7014185786247253,-0.85148024559021,0.069908007979393,0.08015365153551102,0.15517772734165192
797,-0.7421251535415649,-0.8659166693687439,0.059332963079214096,0.06445857882499695,0.1551312506198883
798,-0.8142939805984497,-0.8795732855796814,0.03614010661840439,0.029139194637537003,0.15508490800857544
799,-0.7073292136192322,-0.8381389379501343,0.06753747910261154,0.06327224522829056,0.15503858029842377
800,-0.7908352017402649,-0.84305340051651,0.02646254003047943,0.025755658745765686,0.15499238669872284
801,-0.7873346209526062,-0.8994808197021484,0.05086081102490425,0.0612853579223156,0.15494617819786072
802,-0.6295255422592163,-0.7528294324874878,0.06474914401769638,0.058554790914058685,0.1548999547958374
803,-0.7628841996192932,-0.8498021960258484,0.04018305614590645,0.046734925359487534,0.1548536717891693
804,-0.7253357172012329,-0.8301823139190674,0.05401672050356865,0.05082988366484642,0.154807448387146
805,-0.5883199572563171,-0.7282165288925171,0.06980735808610916,0.07008922100067139,0.1547611951828003
806,-0.7265414595603943,-0.829984724521637,0.058637429028749466,0.04480582848191261,0.1547149121761322
807,-0.824005663394928,-0.8673768043518066,0.020820623263716698,0.022550536319613457,0.1546688675880432
808,-0.7010828852653503,-0.7905360460281372,0.04212627559900284,0.04732688143849373,0.1546229124069214
809,-0.7760070562362671,-0.8588616251945496,0.03933161869645119,0.043522946536540985,0.15457706153392792
810,-0.7754591107368469,-0.8579443693161011,0.03810731694102287,0.04437793791294098,0.15453118085861206
811,-0.7162021398544312,-0.8108439445495605,0.04580378532409668,0.04883802309632301,0.1544853299856186
812,-0.7532392144203186,-0.8158051371574402,0.032596200704574585,0.029969755560159683,0.15443944931030273
813,-0.705204963684082,-0.7654971480369568,0.025961603969335556,0.03433062508702278,0.15439346432685852
814,-0.7470238208770752,-0.846468985080719,0.05390894412994385,0.04553624242544174,0.15434753894805908
815,-0.7985900044441223,-0.8716417551040649,0.03791142627596855,0.03514035791158676,0.15430167317390442
816,-0.7832019329071045,-0.8750928640365601,0.05167244374752045,0.040218453854322433,0.15425588190555573
817,-0.8569908738136292,-0.9737002849578857,0.058734919875860214,0.05797450244426727,0.15421029925346375
818,-0.7110258340835571,-0.8342970609664917,0.06343205273151398,0.05983918905258179,0.15416432917118073
819,-0.8661117553710938,-0.9331054091453552,0.03432263806462288,0.032671064138412476,0.15411831438541412
820,-0.79808109998703,-0.8972751498222351,0.0511045977473259,0.04808944836258888,0.1540723294019699
821,-0.7515511512756348,-0.8251963257789612,0.03566322848200798,0.03798193484544754,0.15402618050575256
822,-0.8122782111167908,-0.8950560688972473,0.04250252619385719,0.04027530923485756,0.15397992730140686
823,-0.7789875864982605,-0.8361672759056091,0.025845658034086227,0.0313340499997139,0.15393385291099548
824,-0.7734005451202393,-0.8456069827079773,0.03691495209932327,0.03529151901602745,0.15388791263103485
825,-0.8151972889900208,-0.9360542297363281,0.057338960468769073,0.06351800262928009,0.15384167432785034
826,-0.9293004870414734,-1.011799931526184,0.04185776039958,0.0406416654586792,0.15379548072814941
827,-0.7244548797607422,-0.8372573852539062,0.05738937482237816,0.055413126945495605,0.15374921262264252
828,-0.5116170644760132,-0.7713891863822937,0.12252210825681686,0.13725000619888306,0.15370318293571472
829,-0.7465095520019531,-0.8422375321388245,0.048022713512182236,0.04770528897643089,0.15365706384181976
830,-0.8790798187255859,-0.9396026134490967,0.03057178109884262,0.029951030388474464,0.15361127257347107
831,-0.8476511836051941,-0.9277607202529907,0.03810083121061325,0.04200870916247368,0.15356554090976715
832,-0.7821346521377563,-0.8477073907852173,0.03177003562450409,0.03380267694592476,0.1535196602344513
833,-0.7269056439399719,-0.8179184198379517,0.04578903689980507,0.04522373154759407,0.15347371995449066
834,-0.7227994203567505,-0.7934814095497131,0.03265374153852463,0.03802822530269623,0.15342777967453003
835,-0.629283607006073,-0.7355353832244873,0.054532356560230255,0.05171944946050644,0.15338203310966492
836,-0.6206210851669312,-0.7693618535995483,0.07508748769760132,0.07365326583385468,0.15333619713783264
837,-0.7351440191268921,-0.8611920475959778,0.05881154537200928,0.06723649054765701,0.1532903015613556
838,-0.6503187417984009,-0.788996160030365,0.06799601763486862,0.0706813633441925,0.15324456989765167
839,-0.6377632021903992,-0.738642156124115,0.054634228348731995,0.04624476283788681,0.1531987190246582
840,-0.7454115748405457,-0.8650335669517517,0.05678708851337433,0.06283491104841232,0.15315303206443787
841,-0.662386417388916,-0.7963089346885681,0.07151584327220917,0.06240665540099144,0.15310728549957275
842,-0.7105997800827026,-0.7949086427688599,0.04166470468044281,0.04264411702752113,0.15306153893470764
843,-0.7666894197463989,-0.8079069256782532,0.023111164569854736,0.018106350675225258,0.15301568806171417
844,-0.8115424513816833,-0.8904221057891846,0.04326729476451874,0.03561234474182129,0.1529698222875595
845,-0.8275118470191956,-0.918826699256897,0.04558728262782097,0.04572755843400955,0.152924045920372
846,-0.6795595288276672,-0.7660039663314819,0.04446052759885788,0.04198390617966652,0.15287841856479645
847,-0.813228189945221,-0.8631066083908081,0.024755464866757393,0.02512294240295887,0.1528327614068985
848,-0.699206531047821,-0.7777374982833862,0.041323889046907425,0.03720706328749657,0.15278711915016174
849,-0.6886087656021118,-0.7861279845237732,0.049620699137449265,0.04789852350950241,0.15274126827716827
850,-0.7362825274467468,-0.8637380003929138,0.06555086374282837,0.06190459430217743,0.15269537270069122
851,-0.8245130181312561,-0.9045405387878418,0.040441084653139114,0.039586447179317474,0.15264983475208282
852,-0.7988947033882141,-0.8616422414779663,0.03278599679470062,0.029961511492729187,0.15260416269302368
853,-0.6854134202003479,-0.80628502368927,0.060599420219659805,0.06027213856577873,0.1525586098432541
854,-0.6841951608657837,-0.7349207997322083,0.027795176953077316,0.022930417209863663,0.15251316130161285
855,-0.6608076095581055,-0.7481558918952942,0.04549911245703697,0.041849181056022644,0.15246787667274475
856,-0.763918399810791,-0.8193767666816711,0.024299276992678642,0.031159106642007828,0.15242259204387665
857,-0.7400788068771362,-0.8246384263038635,0.043864455074071884,0.04069516807794571,0.15237738192081451
858,-0.8009068965911865,-0.8497034311294556,0.023635100573301315,0.02516142837703228,0.15233218669891357
859,-0.883165180683136,-0.9492272138595581,0.033838093280792236,0.03222395107150078,0.1522870510816574
860,-0.7826184630393982,-0.8404579758644104,0.028127523139119148,0.029711933806538582,0.1522417515516281
861,-0.885633111000061,-1.0217974185943604,0.06797091662883759,0.06819338351488113,0.1521964818239212
862,-0.6640648245811462,-0.7468358278274536,0.04053746908903122,0.042233534157276154,0.15215139091014862
863,-0.6264859437942505,-0.8349568843841553,0.10375875234603882,0.10471220314502716,0.15210624039173126
864,-0.693462610244751,-0.8830434679985046,0.09340883046388626,0.096172034740448,0.15206101536750793
865,-0.6669090986251831,-0.7747237682342529,0.05483967438340187,0.05297502130270004,0.15201599895954132
866,-0.7784707546234131,-0.8639346361160278,0.04516420140862465,0.040299635380506516,0.15197093784809113
867,-0.8166387677192688,-0.8689095377922058,0.026624049991369247,0.025646761059761047,0.15192587673664093
868,-0.6657881736755371,-0.7476234436035156,0.04162029176950455,0.04021492972970009,0.15188080072402954
869,-0.5075078010559082,-0.7612308263778687,0.125807985663414,0.12791505455970764,0.151835635304451
870,-0.7279024720191956,-0.8071589469909668,0.04316828027367592,0.03608815371990204,0.1517905294895172
871,-0.7359017133712769,-0.8304317593574524,0.04917072504758835,0.0453592911362648,0.15174545347690582
872,-0.7259595394134521,-0.8329747915267944,0.05023642256855965,0.05677886679768562,0.15170058608055115
873,-0.8037387728691101,-0.8874050378799438,0.03773162141442299,0.045934613794088364,0.1516556739807129
874,-0.6647307872772217,-0.7363004684448242,0.03639483451843262,0.03517485782504082,0.1516105830669403
875,-0.7197272181510925,-0.7929863333702087,0.03536158427596092,0.0378975048661232,0.15156540274620056
876,-0.9046486616134644,-0.9683439135551453,0.034754760563373566,0.028940478339791298,0.1515204757452011
877,-0.8672855496406555,-0.9371451735496521,0.03624395653605461,0.03361565247178078,0.15147574245929718
878,-0.7855178117752075,-0.8527041077613831,0.03003857471048832,0.03714769706130028,0.15143081545829773
879,-0.7720485925674438,-0.8642485737800598,0.046670760959386826,0.04552927613258362,0.1513858586549759
880,-0.6922319531440735,-0.7830476760864258,0.049348872154951096,0.04146681725978851,0.15134093165397644
881,-0.9582123756408691,-1.0610284805297852,0.047228820621967316,0.0555872805416584,0.15129615366458893
882,-0.7198169827461243,-0.879214882850647,0.07029104977846146,0.08910688012838364,0.15125152468681335
883,-0.804196298122406,-0.8389375805854797,0.017875824123620987,0.016865408048033714,0.15120695531368256
884,-0.6349993348121643,-0.6906214356422424,0.026693083345890045,0.02892901562154293,0.15116247534751892
885,-0.6824719309806824,-0.8577336072921753,0.08865908533334732,0.08660256862640381,0.15111789107322693
886,-0.6321171522140503,-0.7302482724189758,0.04789160564541817,0.05023951455950737,0.1510731726884842
887,-0.6712694764137268,-0.7897172570228577,0.05647912994027138,0.06196862459182739,0.15102891623973846
888,-0.9207566380500793,-0.9883773326873779,0.03660597652196884,0.03101474605500698,0.1509844958782196
889,-0.8527594208717346,-0.9317148923873901,0.03568297252058983,0.04327250272035599,0.1509399116039276
890,-0.9003050923347473,-1.0002223253250122,0.055631618946790695,0.04428559169173241,0.15089552104473114
891,-0.740721583366394,-0.8589895367622375,0.06365819275379181,0.05460980162024498,0.15085113048553467
892,-0.7246633768081665,-0.7957473993301392,0.03357186168432236,0.037512172013521194,0.15080654621124268
893,-0.8806485533714294,-0.9457929730415344,0.03258860483765602,0.032555826008319855,0.15076163411140442
894,-0.8210679292678833,-0.916193425655365,0.04777375981211662,0.04735174402594566,0.15071658790111542
895,-0.8037810921669006,-0.8885166049003601,0.04053404554724693,0.04420149698853493,0.15067163109779358
896,-0.7201084494590759,-0.82524573802948,0.0563589446246624,0.04877835139632225,0.15062670409679413
897,-0.7685782313346863,-0.837202787399292,0.035394519567489624,0.0332300066947937,0.15058191120624542
898,-0.8331366181373596,-0.9154632091522217,0.04478940740227699,0.03753713518381119,0.15053720772266388
899,-0.6812812089920044,-0.7872061729431152,0.05440888926386833,0.05151607468724251,0.15049229562282562
900,-0.740426242351532,-0.8288260698318481,0.04343322664499283,0.04496658965945244,0.15044717490673065
901,-0.6869709491729736,-0.782584547996521,0.04486525058746338,0.05074837803840637,0.1504019945859909
902,-0.6782105565071106,-0.7448930144309998,0.03290547803044319,0.03377702459692955,0.15035682916641235
903,-0.7190070152282715,-0.7832000255584717,0.029829714447259903,0.03436329960823059,0.15031209588050842
904,-0.6833459138870239,-0.7777832746505737,0.04805539548397064,0.046381961554288864,0.15026742219924927
905,-0.7489833831787109,-0.8612049221992493,0.05580662935972214,0.056414879858493805,0.15022297203540802
906,-0.7076282501220703,-0.8496087193489075,0.0725913792848587,0.06938907504081726,0.1501784473657608
907,-0.9692439436912537,-1.0188981294631958,0.026535099372267723,0.023119065910577774,0.15013377368450165
908,-0.8279449939727783,-1.0063061714172363,0.08946318179368973,0.08889803290367126,0.1500893086194992
909,-0.7696589827537537,-0.8797905445098877,0.056379057466983795,0.053752508014440536,0.150044783949852
910,-0.9370799660682678,-1.0106860399246216,0.03716243430972099,0.03644363209605217,0.15000039339065552
911,-0.7793855667114258,-0.842767596244812,0.03260748088359833,0.030774515122175217,0.1499558687210083
912,-0.8289266228675842,-0.8866541385650635,0.028734702616930008,0.028992854058742523,0.14991134405136108
913,-0.8993005156517029,-0.9434817433357239,0.021466350182890892,0.02271484211087227,0.14986692368984222
914,-0.7773615717887878,-0.8176733255386353,0.019021444022655487,0.02129029482603073,0.149822399020195
915,-0.6839929223060608,-0.8161742687225342,0.0634981319308281,0.06868322193622589,0.1497773975133896
916,-0.8638792634010315,-0.9575275182723999,0.04733015224337578,0.04631812870502472,0.1497322916984558
917,-0.8063703179359436,-0.9100185036659241,0.05704454705119133,0.046603623777627945,0.14968720078468323
918,-0.8329576253890991,-0.8828446865081787,0.024840926751494408,0.025046084076166153,0.14964227378368378
919,-0.7354271411895752,-0.8914358019828796,0.08030135184526443,0.07570728659629822,0.14959745109081268
920,-0.829361617565155,-0.929163932800293,0.050507936626672745,0.04929433763027191,0.1495528221130371
921,-0.8998719453811646,-1.014608383178711,0.05892118811607361,0.05581524595618248,0.14950822293758392
922,-0.6690281629562378,-0.7808908820152283,0.05570897459983826,0.05615374818444252,0.14946356415748596
923,-0.8986666798591614,-1.019477367401123,0.05943618714809418,0.061374481767416,0.14941883087158203
924,-0.726806104183197,-0.8221818208694458,0.048325709998607635,0.04704999178647995,0.14937402307987213
925,-0.8819689154624939,-0.940254271030426,0.028787557035684586,0.02949777990579605,0.14932933449745178
926,-0.8032196164131165,-0.8703821301460266,0.0311445202678442,0.036017999053001404,0.1492842733860016
927,-0.8896072506904602,-0.9684091210365295,0.038080111145973206,0.040721748024225235,0.14923913776874542
928,-0.5933918952941895,-0.6325051784515381,0.021037984639406204,0.018075281754136086,0.14919409155845642
929,-0.7372313141822815,-0.8007364869117737,0.030680306255817413,0.03282487392425537,0.14914889633655548
930,-0.7903215289115906,-0.8901346921920776,0.050955433398485184,0.04885776713490486,0.14910371601581573
931,-0.7548704743385315,-0.835375964641571,0.039345890283584595,0.04115959256887436,0.1490584760904312
932,-0.5908281803131104,-0.745484471321106,0.08115974813699722,0.0734965056180954,0.14901334047317505
933,-0.7244165539741516,-0.8188377022743225,0.0478413961827755,0.04657980054616928,0.1489684283733368
934,-0.6527775526046753,-0.8132266998291016,0.08005280047655106,0.08039633929729462,0.1489233672618866
935,-0.9049428105354309,-0.9488959312438965,0.0224604532122612,0.021492663770914078,0.1488783359527588
936,-0.807615339756012,-0.8852357864379883,0.03397945314645767,0.04364095255732536,0.14883334934711456
937,-0.7240334749221802,-0.8571066856384277,0.06374488025903702,0.06932830810546875,0.14878837764263153
938,-0.7223750352859497,-0.803455114364624,0.03856486454606056,0.04251522943377495,0.14874352514743805
939,-0.8097009658813477,-0.8652201890945435,0.02881554700434208,0.02670368179678917,0.14869865775108337
940,-0.8324313163757324,-0.9516963958740234,0.05619101598858833,0.06307404488325119,0.14865395426750183
941,-0.8361044526100159,-0.9468018412590027,0.05506584793329239,0.05563154071569443,0.14860913157463074
942,-0.7452293634414673,-0.8345426917076111,0.04142013192176819,0.047893185168504715,0.148564413189888
943,-0.746895432472229,-0.7940648794174194,0.02242182195186615,0.02474762313067913,0.14851996302604675
944,-0.8167715668678284,-0.9042736291885376,0.04524713754653931,0.04225489869713783,0.14847557246685028
945,-0.7496550679206848,-0.8464105129241943,0.05161166191101074,0.04514375701546669,0.14843131601810455
946,-0.7933653593063354,-0.8723850250244141,0.04050867632031441,0.03851094841957092,0.1483871340751648
947,-0.8071720004081726,-0.8941544890403748,0.04097055643796921,0.046011924743652344,0.14834283292293549
948,-0.6989176869392395,-0.7963874340057373,0.045328810811042786,0.0521409772336483,0.14829865097999573
949,-0.8721325397491455,-0.9394394755363464,0.03466841205954552,0.032638560980558395,0.1482544094324112
950,-0.7342140078544617,-0.8070172071456909,0.03495417535305023,0.03784901648759842,0.14820998907089233
951,-0.7776658535003662,-0.8435405492782593,0.03236480802297592,0.033509910106658936,0.14816582202911377
952,-0.8829830288887024,-0.9654833078384399,0.04052932560443878,0.04197099059820175,0.14812186360359192
953,-0.7590152621269226,-0.8121902942657471,0.026754796504974365,0.0264202281832695,0.14807800948619843
954,-0.8463104367256165,-0.9842237830162048,0.06962856650352478,0.06828479468822479,0.1480342596769333
955,-0.7856324315071106,-0.8592403531074524,0.04053270071744919,0.0330752357840538,0.14799052476882935
956,-0.7548507452011108,-0.8396546840667725,0.040889922529459,0.04391399770975113,0.14794668555259705
957,-0.8555801510810852,-0.9484994411468506,0.047100979834795,0.045818306505680084,0.14790287613868713
958,-0.8453510999679565,-0.9208833575248718,0.03685765713453293,0.03867458924651146,0.14785932004451752
959,-0.8938010931015015,-0.9983806014060974,0.05641574412584305,0.04816374182701111,0.14781561493873596
960,-0.8692842721939087,-0.9556246995925903,0.04112207144498825,0.045218344777822495,0.147771954536438
961,-0.8776880502700806,-0.9321389198303223,0.029431765899062157,0.02501910924911499,0.14772818982601166
962,-0.7984854578971863,-0.9022729992866516,0.05287057161331177,0.05091698467731476,0.1476844996213913
963,-0.9511860609054565,-1.039448857307434,0.04505888372659683,0.04320386424660683,0.1476408988237381
964,-0.9044679999351501,-1.0362193584442139,0.06732037663459778,0.06443102657794952,0.1475973129272461
965,-0.8008813261985779,-0.9212819337844849,0.061692968010902405,0.058707669377326965,0.14755401015281677
966,-0.7368668913841248,-0.8053284883499146,0.037260472774505615,0.03120112419128418,0.1475106179714203
967,-0.7691325545310974,-0.8767980337142944,0.05493581295013428,0.05272969231009483,0.1474669724702835
968,-0.7057690024375916,-0.7735251188278198,0.030661404132843018,0.037094712257385254,0.14742329716682434
969,-0.6189085245132446,-0.7732113599777222,0.08489219844341278,0.06941061466932297,0.147379532456398
970,-0.6317180395126343,-0.7509986162185669,0.05661866441369057,0.06266186386346817,0.1473357081413269
971,-0.7801058888435364,-0.8663099408149719,0.04245716333389282,0.04374690726399422,0.1472918689250946
972,-0.7780598402023315,-0.8737820386886597,0.045536864548921585,0.05018529295921326,0.14724810421466827
973,-0.6857472062110901,-0.8525052666664124,0.08302175253629684,0.08373630046844482,0.14720433950424194
974,-0.8341379165649414,-0.9288122057914734,0.04353533312678337,0.05113890767097473,0.14716047048568726
975,-0.682905912399292,-0.7866886258125305,0.04664468765258789,0.05713800713419914,0.14711669087409973
976,-0.8121222853660583,-0.884041428565979,0.03432052955031395,0.037598617374897,0.14707279205322266
977,-0.8566393256187439,-0.9794755578041077,0.061165280640125275,0.06167095527052879,0.14702872931957245
978,-0.8250626921653748,-0.9684178829193115,0.07369599491357803,0.06965918838977814,0.14698462188243866
979,-0.7879608869552612,-1.0034611225128174,0.10879530012607574,0.1067049652338028,0.14694057404994965
980,-0.8640495538711548,-0.9465724229812622,0.038566991686820984,0.043955858796834946,0.14689669013023376
981,-0.8096101880073547,-0.8724850416183472,0.029248394072055817,0.033626411110162735,0.14685280621051788
982,-0.8045976161956787,-0.9295581579208374,0.06219100207090378,0.06276955455541611,0.14680899679660797
983,-0.7818699479103088,-0.8937031626701355,0.0511346310377121,0.060698576271533966,0.14676488935947418
984,-0.8372226357460022,-0.9227665662765503,0.03956974670290947,0.04597419500350952,0.14672085642814636
985,-0.8049961924552917,-0.8920422792434692,0.04355509206652641,0.04349102824926376,0.14667676389217377
986,-0.7109536528587341,-0.8222653865814209,0.05284580960869789,0.058465905487537384,0.1466328352689743
987,-0.8019161820411682,-0.9575974941253662,0.07680803537368774,0.07887326925992966,0.14658868312835693
988,-0.7017419934272766,-0.8286383152008057,0.058318283408880234,0.0685780867934227,0.14654441177845
989,-0.6341848373413086,-0.6954426169395447,0.030115190893411636,0.031142594292759895,0.14650022983551025
990,-0.6517421007156372,-0.7269402146339417,0.03450431302189827,0.04069381207227707,0.14645598828792572
991,-0.8445903658866882,-0.9058225154876709,0.026380596682429314,0.034851524978876114,0.14641200006008148
992,-0.7371453642845154,-0.8185543417930603,0.048067472875118256,0.033341534435749054,0.14636795222759247
993,-0.7529090046882629,-0.8194237351417542,0.029981832951307297,0.036532893776893616,0.146324023604393
994,-0.861760675907135,-0.9642376899719238,0.04380783438682556,0.05866916850209236,0.14627999067306519
995,-0.7769387364387512,-0.8580735325813293,0.038689903914928436,0.042444877326488495,0.14623594284057617
996,-0.8148797750473022,-0.8970468044281006,0.03919989615678787,0.04296714439988136,0.14619213342666626
997,-0.8794862627983093,-0.9687968492507935,0.04397232457995415,0.045338258147239685,0.14614854753017426
998,-0.8884184956550598,-0.9659485816955566,0.041823044419288635,0.03570707142353058,0.14610503613948822
999,-0.7559504508972168,-0.8788383603096008,0.0589740127325058,0.06391388922929764,0.14606162905693054
1000,-0.933233916759491,-1.0295428037643433,0.04450898617506027,0.05179991573095322,0.14601834118366241
1001,-0.7937423586845398,-0.9183790683746338,0.0676579400897026,0.056978777050971985,0.14597512781620026
1002,-0.9654223322868347,-1.031449556350708,0.033263277262449265,0.03276395425200462,0.14593194425106049
1003,-0.7108474373817444,-0.8629376888275146,0.07967698574066162,0.07241326570510864,0.1458887904882431
1004,-0.8807114958763123,-0.9217099547386169,0.020957695320248604,0.020040754228830338,0.14584548771381378
1005,-0.8561325669288635,-0.9433702230453491,0.04115835949778557,0.04607926309108734,0.14580217003822327
1006,-0.8696342706680298,-0.9501027464866638,0.041122809052467346,0.03934566676616669,0.14575918018817902
1007,-0.8285567164421082,-0.9499108791351318,0.061680760234594345,0.05967344343662262,0.14571623504161835
1008,-0.9065279960632324,-0.9740795493125916,0.03346944972872734,0.03408210724592209,0.14567360281944275
1009,-0.8556758165359497,-0.9426558017730713,0.04639369994401932,0.04058631509542465,0.14563094079494476
1010,-0.8823935389518738,-0.9595012664794922,0.035302575677633286,0.04180515557527542,0.14558833837509155
1011,-0.6409512162208557,-0.8099298477172852,0.08477665483951569,0.08420199900865555,0.1455458551645279
1012,-0.9404964447021484,-1.0656981468200684,0.06277745962142944,0.06242421269416809,0.14550332725048065
1013,-0.8333203792572021,-0.8875331878662109,0.028959978371858597,0.025252792984247208,0.14546097815036774
1014,-0.954103946685791,-1.0456751585006714,0.04722689092159271,0.04434429481625557,0.14541861414909363
1015,-0.8608686327934265,-0.9087620973587036,0.022495612502098083,0.025397831574082375,0.14537647366523743
1016,-0.790045440196991,-0.8451639413833618,0.030076274648308754,0.025042235851287842,0.14533410966396332
1017,-0.8530886769294739,-0.9861847162246704,0.06648071855306625,0.06661532819271088,0.14529171586036682
1018,-0.8287349939346313,-0.9481068849563599,0.06308212876319885,0.05628981813788414,0.1452491730451584
1019,-0.7215344905853271,-0.8307229280471802,0.04811428487300873,0.06107413023710251,0.14520663022994995
1020,-0.7871869802474976,-0.8847507238388062,0.050563935190439224,0.04699983447790146,0.14516405761241913
1021,-0.7793169617652893,-0.865226686000824,0.05008790269494057,0.03582177683711052,0.14512145519256592
1022,-0.7973066568374634,-0.8501994013786316,0.02482282929122448,0.02806992456316948,0.14507877826690674
1023,-0.8849912285804749,-0.942962646484375,0.029150040820240974,0.028821369633078575,0.1450360268354416
1024,-0.7513315677642822,-0.8636280298233032,0.05971483513712883,0.05258163437247276,0.14499332010746002
1025,-0.7302904725074768,-0.8388184309005737,0.05598646402359009,0.05254150927066803,0.1449507772922516
1026,-0.855535626411438,-0.9295331835746765,0.03690793737769127,0.037089649587869644,0.1449083387851715
1027,-0.679824948310852,-0.7533577680587769,0.038120463490486145,0.03541236370801926,0.14486590027809143
1028,-0.6751663684844971,-0.939251184463501,0.12880349159240723,0.13528132438659668,0.14482344686985016
1029,-0.7007298469543457,-0.7961178421974182,0.0497475229203701,0.045640457421541214,0.14478082954883575
1030,-0.7378376126289368,-0.832156240940094,0.044187359511852264,0.05013124644756317,0.14473837614059448
1031,-0.7137521505355835,-0.7832902073860168,0.04098840057849884,0.028549659997224808,0.14469610154628754
1032,-0.7809543609619141,-0.869074821472168,0.04206467419862747,0.04605581611394882,0.14465390145778656
1033,-0.7754614353179932,-0.8563286066055298,0.043766386806964874,0.03710080310702324,0.14461180567741394
1034,-0.8076953291893005,-0.8722056150436401,0.03291671723127365,0.03159356489777565,0.14456966519355774
1035,-0.7616891264915466,-0.8810938000679016,0.06274650990962982,0.056658145040273666,0.1445276141166687
1036,-0.8037511110305786,-0.875674307346344,0.033186864107847214,0.03873632475733757,0.14448539912700653
1037,-0.8464963436126709,-0.9668236374855042,0.06272126734256744,0.057606011629104614,0.1444433182477951
1038,-0.866865336894989,-0.9473193287849426,0.039783723652362823,0.04067029431462288,0.14440104365348816
1039,-0.8188914060592651,-0.8863958716392517,0.03428209200501442,0.033222369849681854,0.14435860514640808
1040,-0.8629404902458191,-0.9659978151321411,0.051786717027425766,0.05127057805657387,0.1443161815404892
1041,-0.7328075766563416,-0.8944808840751648,0.08290287107229233,0.07877044379711151,0.14427386224269867
1042,-0.9033301472663879,-1.0188466310501099,0.05931276082992554,0.056203730404376984,0.14423172175884247
1043,-0.8189420104026794,-0.8921476602554321,0.039975881576538086,0.033229757100343704,0.14419002830982208
1044,-0.8701818585395813,-0.9484554529190063,0.037835802882909775,0.04043781757354736,0.14414812624454498
1045,-0.6311859488487244,-0.7182353734970093,0.044305115938186646,0.04274435341358185,0.14410603046417236
1046,-0.6936206817626953,-0.8488125205039978,0.07736457884311676,0.07782725989818573,0.1440640091896057
1047,-0.7942934036254883,-0.8903951048851013,0.050819024443626404,0.04528263211250305,0.14402201771736145
1048,-0.9528826475143433,-1.036402702331543,0.045984141528606415,0.0375358983874321,0.1439802199602127
1049,-0.9152458906173706,-1.037245750427246,0.06297867000102997,0.05902119353413582,0.14393827319145203
1050,-0.8464730978012085,-0.9826843738555908,0.06425270438194275,0.07195857167243958,0.1438961625099182
1051,-0.8673507571220398,-0.9424756765365601,0.035287920385599136,0.03983701020479202,0.1438540667295456
1052,-0.9011992812156677,-1.007249355316162,0.05483313649892807,0.051216933876276016,0.14381201565265656
1053,-0.7604875564575195,-0.9510517120361328,0.09389574080705643,0.09666843712329865,0.14377012848854065
1054,-1.0760607719421387,-1.119752049446106,0.020902959629893303,0.022788336500525475,0.1437283158302307
1055,-0.8807252645492554,-0.9635730981826782,0.04032556712627411,0.04252227768301964,0.14368653297424316
1056,-0.6414106488227844,-0.8352978229522705,0.0985415056347847,0.09534566849470139,0.14364483952522278
1057,-0.760314404964447,-0.8505362272262573,0.04189175367355347,0.048330068588256836,0.14360325038433075
1058,-0.8807347416877747,-0.9927858114242554,0.05302007868885994,0.05903100594878197,0.14356158673763275
1059,-0.8101629614830017,-0.9801437854766846,0.08262515068054199,0.08735569566488266,0.14351986348628998
1060,-0.8395308256149292,-0.974722683429718,0.0688205286860466,0.06637132912874222,0.14347819983959198
1061,-0.8611204028129578,-0.9372938871383667,0.0386379212141037,0.037535540759563446,0.14343637228012085
1062,-0.7021524310112,-0.7660854458808899,0.03479868173599243,0.0291343592107296,0.14339444041252136
1063,-0.7062206268310547,-0.8034321665763855,0.04469095170497894,0.05252055823802948,0.14335240423679352
1064,-0.9510352611541748,-1.0879689455032349,0.06411338597536087,0.07282029837369919,0.143310084939003
1065,-0.80732262134552,-0.9483184218406677,0.06565149128437042,0.07534432411193848,0.1432676762342453
1066,-0.9415324330329895,-0.9946324825286865,0.02384452149271965,0.029255488887429237,0.14322511851787567
1067,-0.8842355012893677,-0.9460196495056152,0.031675588339567184,0.030108550563454628,0.14318257570266724
1068,-1.0048638582229614,-1.0622743368148804,0.027714328840374947,0.029696151614189148,0.14313994348049164
1069,-1.0151976346969604,-1.1142642498016357,0.05114148557186127,0.047925159335136414,0.14309753477573395
1070,-0.8096886873245239,-0.9399461150169373,0.06616450101137161,0.06409294158220291,0.14305539429187775
1071,-0.9470231533050537,-1.0342490673065186,0.04114401713013649,0.046081870794296265,0.14301341772079468
1072,-0.6849502325057983,-0.8174115419387817,0.06650164723396301,0.06595972180366516,0.14297150075435638
1073,-0.7983891367912292,-0.9364978075027466,0.06861244887113571,0.06949621438980103,0.14292950928211212
1074,-0.8484640717506409,-0.9270978569984436,0.0388900488615036,0.039743706583976746,0.142887681722641
1075,-0.7494136691093445,-0.8493455052375793,0.050639230757951736,0.049292631447315216,0.14284583926200867
1076,-0.9088408946990967,-1.0144000053405762,0.04875984042882919,0.05679928883910179,0.14280426502227783
1077,-0.8897050023078918,-1.0242997407913208,0.07002388685941696,0.064570851624012,0.1427624672651291
1078,-0.8475431203842163,-0.9492068886756897,0.05368717759847641,0.047976598143577576,0.14272050559520721
1079,-0.8177157044410706,-0.912324070930481,0.049280792474746704,0.04532759636640549,0.1426784098148346
1080,-0.8886691927909851,-0.9779536128044128,0.04477360099554062,0.044510819017887115,0.14263613522052765
1081,-0.7822524905204773,-0.8645964860916138,0.043994490057229996,0.038349494338035583,0.1425941288471222
1082,-0.782127857208252,-0.9791733622550964,0.10228627175092697,0.0947592481970787,0.14255204796791077
1083,-0.9426920413970947,-0.9885019063949585,0.023215442895889282,0.022594450041651726,0.14251011610031128
1084,-0.7133862376213074,-0.8833456635475159,0.0864558070898056,0.0835036113858223,0.14246824383735657
1085,-0.8082767128944397,-0.9027705788612366,0.04625296592712402,0.048240918666124344,0.14242646098136902
1086,-1.0041314363479614,-1.0740429162979126,0.03519923612475395,0.03471225127577782,0.14238481223583221
1087,-0.8613701462745667,-0.9148176312446594,0.023551134392619133,0.029896380379796028,0.1423434466123581
1088,-0.8818034529685974,-0.9564333558082581,0.037653643637895584,0.03697625920176506,0.14230182766914368
1089,-0.8126335740089417,-0.9215818643569946,0.05822915583848953,0.05071912333369255,0.14226020872592926
1090,-0.9176893830299377,-1.0056072473526,0.04521866515278816,0.04269923269748688,0.14221836626529694
1091,-0.8650293350219727,-0.9237536191940308,0.029985615983605385,0.02873869054019451,0.1421762853860855
1092,-0.8393899202346802,-0.9602645039558411,0.05788758397102356,0.06298696994781494,0.1421344131231308
1093,-0.8804853558540344,-0.9633445143699646,0.04627913609147072,0.036580029875040054,0.14209258556365967
1094,-0.8956922888755798,-0.9737551212310791,0.03560805320739746,0.0424547903239727,0.14205095171928406
1095,-0.7915874123573303,-0.9089800119400024,0.0566851943731308,0.06070737540721893,0.1420094221830368
1096,-0.6063881516456604,-0.907575786113739,0.1448863297700882,0.1563013345003128,0.14196766912937164
1097,-0.7207067012786865,-0.8361990451812744,0.05817573145031929,0.0573166161775589,0.1419263333082199
1098,-0.767903208732605,-0.875230610370636,0.054047390818595886,0.05327998846769333,0.1418852061033249
1099,-0.8788506984710693,-1.0045784711837769,0.06496518105268478,0.06076255813241005,0.1418440043926239
1100,-1.0573363304138184,-1.1356059312820435,0.03532232716679573,0.042947232723236084,0.14180295169353485
1101,-0.7915206551551819,-0.9141668081283569,0.06106600537896156,0.06158012896776199,0.1417618989944458
1102,-0.7521336674690247,-0.834115207195282,0.034521616995334625,0.04745989292860031,0.14172084629535675
1103,-0.7154858112335205,-0.9234704375267029,0.10934852808713913,0.09863610565662384,0.14167995750904083
1104,-0.8958070278167725,-1.0381968021392822,0.07420134544372559,0.06818845868110657,0.1416386067867279
1105,-0.8718673586845398,-0.9738394021987915,0.04931366443634033,0.052658386528491974,0.1415974497795105
1106,-0.8714607954025269,-0.9206411838531494,0.02287408895790577,0.026306258514523506,0.14155589044094086
1107,-0.8712067604064941,-0.9682987928390503,0.048141274601221085,0.04895072802901268,0.14151443541049957
1108,-1.044568657875061,-1.1287052631378174,0.03873203694820404,0.04540453478693962,0.14147308468818665
1109,-1.0048068761825562,-1.1270990371704102,0.06082455813884735,0.06146768108010292,0.1414320170879364
1110,-0.944770336151123,-1.0344581604003906,0.040958575904369354,0.048729266971349716,0.14139126241207123
1111,-0.8806999921798706,-0.9566093683242798,0.03847670555114746,0.03743265941739082,0.14135076105594635
1112,-0.6532111763954163,-0.7541614174842834,0.049879223108291626,0.05107099190354347,0.14131009578704834
1113,-0.9733906388282776,-1.061190128326416,0.040682993829250336,0.047116443514823914,0.14126944541931152
1114,-0.7339653968811035,-0.8386857509613037,0.050511907786130905,0.05420844629406929,0.14122876524925232
1115,-0.79891037940979,-1.0542404651641846,0.1417040228843689,0.11362607777118683,0.14118801057338715
1116,-0.9190667271614075,-1.0124801397323608,0.04740326851606369,0.04601014405488968,0.14114713668823242
1117,-0.8178720474243164,-0.892196774482727,0.03824975714087486,0.03607499971985817,0.1411062628030777
1118,-0.7548386454582214,-0.8318199515342712,0.035723648965358734,0.04125767946243286,0.14106537401676178
1119,-0.8934553265571594,-0.9755622148513794,0.042131245136260986,0.039975665509700775,0.14102472364902496
1120,-0.9513949155807495,-1.0086203813552856,0.027321165427565575,0.029904311522841454,0.14098410308361053
1121,-0.7285256385803223,-0.8384626507759094,0.05910779535770416,0.0508292131125927,0.14094357192516327
1122,-0.8891631960868835,-1.021172046661377,0.06281660497188568,0.06919221580028534,0.1409030556678772
1123,-0.9524494409561157,-1.0697731971740723,0.05494104325771332,0.06238272041082382,0.14086253941059113
1124,-0.8159441947937012,-0.9089770913124084,0.04512171819806099,0.04791116341948509,0.1408223658800125
1125,-1.032736897468567,-1.084773302078247,0.025376198813319206,0.026660244911909103,0.14078189432621002
1126,-0.92180335521698,-1.021367073059082,0.05098856985569,0.048575155436992645,0.1407414823770523
1127,-0.8279813528060913,-0.9197545647621155,0.05115552991628647,0.0406176932156086,0.14070096611976624
1128,-0.8335227370262146,-0.9460994005203247,0.05913298949599266,0.053443655371665955,0.14066043496131897
1129,-0.7557586431503296,-0.8759570121765137,0.053930047899484634,0.06626830995082855,0.14062029123306274
1130,-0.8258539438247681,-1.0379518270492554,0.10445307940244675,0.10764481127262115,0.14058008790016174
1131,-0.7708340883255005,-0.8978049159049988,0.06307566165924072,0.06389515101909637,0.1405402272939682
1132,-0.8230584263801575,-0.9422929286956787,0.05533215403556824,0.06390233337879181,0.14049996435642242
1133,-0.9223971366882324,-1.012802004814148,0.04615437239408493,0.0442504808306694,0.14045952260494232
1134,-0.9129260778427124,-0.9961102604866028,0.042556967586278915,0.04062724485993385,0.14041921496391296
1135,-0.7608976364135742,-0.8028085231781006,0.019854404032230377,0.022056469693779945,0.14037886261940002
1136,-0.8652458190917969,-1.0226871967315674,0.07351364195346832,0.08392775058746338,0.14033880829811096
1137,-0.8238077759742737,-0.8968753814697266,0.03358609974384308,0.0394815169274807,0.14029857516288757
1138,-0.8540042638778687,-0.936253011226654,0.03926258906722069,0.0429861806333065,0.14025859534740448
1139,-0.8934264779090881,-0.9933671951293945,0.05447612330317497,0.04546455293893814,0.1402186006307602
1140,-0.9020430445671082,-0.959989070892334,0.029310259968042374,0.028635762631893158,0.14017845690250397
1141,-0.5955789089202881,-0.7841533422470093,0.08853796124458313,0.10003650188446045,0.1401383876800537
1142,-0.9866427183151245,-1.076366901397705,0.04436483979225159,0.04535938799381256,0.1400982141494751
1143,-0.8021324872970581,-0.9022946357727051,0.05086074769496918,0.049301404505968094,0.14005836844444275
1144,-0.9557980895042419,-1.0463346242904663,0.044077418744564056,0.0464591458439827,0.1400185227394104
1145,-0.775323748588562,-0.8614243865013123,0.042024821043014526,0.0440758615732193,0.1399785429239273
1146,-0.8580873012542725,-1.018534541130066,0.08026806265115738,0.0801791325211525,0.13993854820728302
1147,-0.9787342548370361,-1.0998525619506836,0.05158792436122894,0.06953033804893494,0.13989828526973724
1148,-1.006873607635498,-1.0802719593048096,0.03506242111325264,0.03833595663309097,0.13985808193683624
1149,-0.7711231708526611,-0.9036514759063721,0.0649680569767952,0.06756028532981873,0.13981793820858002
1150,-0.9530752897262573,-1.039715051651001,0.04159244894981384,0.04504726454615593,0.13977749645709991
1151,-0.884329617023468,-0.9795069098472595,0.04307188838720322,0.05210540071129799,0.1397370547056198
1152,-0.9071863293647766,-0.9526912569999695,0.02053477056324482,0.02497016079723835,0.139696404337883
1153,-0.8444038033485413,-0.9232068061828613,0.04540303349494934,0.033399976789951324,0.1396557241678238
1154,-0.8797788619995117,-0.9661986827850342,0.039498645812273026,0.04692116752266884,0.13961492478847504
1155,-0.8740339279174805,-0.9927014112472534,0.060450248420238495,0.05821723863482475,0.13957421481609344
1156,-0.6657975316047668,-0.8153730630874634,0.0706106647849083,0.07896491140127182,0.13953369855880737
1157,-0.8992787599563599,-1.009901762008667,0.057291097939014435,0.0533318892121315,0.13949307799339294
1158,-0.6387940645217896,-0.7920792102813721,0.07606654614210129,0.07721861451864243,0.13945259153842926
1159,-0.9142900109291077,-1.0406275987625122,0.06917855143547058,0.05715901032090187,0.13941210508346558
1160,-0.8704532980918884,-0.9516456723213196,0.042288582772016525,0.03890375792980194,0.13937151432037354
1161,-0.9581493735313416,-1.0363820791244507,0.03838001564145088,0.039852701127529144,0.1393306702375412
1162,-0.8337129950523376,-0.9633064270019531,0.06448639184236526,0.06510704755783081,0.13928985595703125
1163,-0.9803750514984131,-1.0605473518371582,0.04094558581709862,0.039226748049259186,0.13924923539161682
1164,-0.7752110362052917,-0.8581860065460205,0.038383036851882935,0.04459194839000702,0.13920864462852478
1165,-0.9439235925674438,-1.0571050643920898,0.0595671609044075,0.053614288568496704,0.1391681432723999
1166,-0.9241124987602234,-1.0001164674758911,0.0331304669380188,0.042873505502939224,0.13912765681743622
1167,-0.7781074047088623,-0.9190868735313416,0.06794918328523636,0.0730302706360817,0.13908718526363373
1168,-0.8077466487884521,-0.8973617553710938,0.04619792103767395,0.043417200446128845,0.13904651999473572
1169,-0.852054238319397,-0.975365400314331,0.06086164712905884,0.06244949623942375,0.13900582492351532
1170,-0.730872631072998,-0.853857159614563,0.0641724243760109,0.05881210416555405,0.13896524906158447
1171,-0.8571216464042664,-0.9596534967422485,0.05115185305476189,0.05137995630502701,0.1389247179031372
1172,-0.8945822715759277,-0.9676911234855652,0.0394795760512352,0.033629320561885834,0.13888448476791382
1173,-0.9709818363189697,-1.0459837913513184,0.03923138231039047,0.03577054664492607,0.1388440728187561
1174,-0.8845215439796448,-1.0508568286895752,0.08090423792600632,0.08543102443218231,0.1388038694858551
1175,-0.8584405183792114,-0.9600125551223755,0.05295867472887039,0.04861333966255188,0.13876380026340485
1176,-0.7682217359542847,-0.831693172454834,0.02958085760474205,0.033890578895807266,0.13872382044792175
1177,-1.0144152641296387,-1.0826140642166138,0.034633733332157135,0.03356506675481796,0.13868366181850433
1178,-0.9174888730049133,-0.9955525398254395,0.042534854263067245,0.03552884981036186,0.1386435180902481
1179,-0.8245826363563538,-0.9350663423538208,0.06140898913145065,0.04907472804188728,0.13860315084457397
1180,-0.9373365640640259,-1.000145673751831,0.030562154948711395,0.032246965914964676,0.138562873005867
1181,-0.7605491876602173,-0.8732897639274597,0.056941114366054535,0.055799491703510284,0.1385229229927063
1182,-0.7631727457046509,-0.9049617648124695,0.0717380940914154,0.07005097717046738,0.13848286867141724
1183,-0.8790273070335388,-0.9997467994689941,0.061070844531059265,0.059648606926202774,0.1384427547454834
1184,-0.8170111775398254,-0.9454465508460999,0.06406009942293167,0.06437525898218155,0.13840283453464508
1185,-0.9478089809417725,-1.029067039489746,0.03783208131790161,0.043425995856523514,0.13836291432380676
1186,-1.0329889059066772,-1.1046650409698486,0.037456098943948746,0.034219954162836075,0.13832290470600128
1187,-0.8019843697547913,-0.8851133584976196,0.041694652289152145,0.04143434762954712,0.1382831335067749
1188,-0.8724008798599243,-0.9574718475341797,0.04433443397283554,0.040736548602581024,0.13824331760406494
1189,-0.9085837006568909,-0.9896076321601868,0.04202323779463768,0.03900066763162613,0.13820335268974304
1190,-0.8926829099655151,-1.0294241905212402,0.06803566217422485,0.06870559602975845,0.13816319406032562
1191,-0.8911902904510498,-0.9939582347869873,0.0485098659992218,0.054258089512586594,0.1381230652332306
1192,-0.9676538109779358,-1.056004285812378,0.04357241839170456,0.04477803036570549,0.13808298110961914
1193,-0.9268306493759155,-1.0374212265014648,0.05611959844827652,0.0544709712266922,0.13804307579994202
1194,-0.634162962436676,-0.697461724281311,0.03200458362698555,0.03129415214061737,0.1380033642053604
1195,-0.9225853085517883,-1.0260282754898071,0.05216267332434654,0.051280345767736435,0.13796350359916687
1196,-0.8621426820755005,-0.9549356698989868,0.046309586614370346,0.046483397483825684,0.13792353868484497
1197,-0.7336520552635193,-0.966123104095459,0.1057136282324791,0.1267574429512024,0.1378837376832962
1198,-0.9102669358253479,-0.9981780648231506,0.04456616938114166,0.04334498941898346,0.13784363865852356
1199,-0.9309263825416565,-1.0185657739639282,0.044305313378572464,0.04333406314253807,0.13780397176742554
1200,-0.9840624332427979,-1.0598266124725342,0.03607657551765442,0.03968764469027519,0.13776442408561707
1201,-1.0820046663284302,-1.1732121706008911,0.04314275458455086,0.0480646938085556,0.1377248764038086
1202,-0.5946618318557739,-0.9132934212684631,0.15881939232349396,0.15981221199035645,0.13768543303012848
1203,-0.7696391344070435,-0.919887363910675,0.06976187229156494,0.08048638701438904,0.13764607906341553
1204,-0.7875131964683533,-0.8717626333236694,0.04325566440820694,0.04099375382065773,0.13760675489902496
1205,-0.793196976184845,-0.9601349830627441,0.08268001675605774,0.08425801247358322,0.13756729662418365
1206,-0.6024668216705322,-0.6925848722457886,0.044714123010635376,0.045403942465782166,0.13752801716327667
1207,-0.6821352243423462,-0.7470154762268066,0.02898200787603855,0.03589828312397003,0.13748885691165924
1208,-1.0235695838928223,-1.162872314453125,0.07166178524494171,0.06764096021652222,0.13744956254959106
1209,-0.8159642815589905,-0.919986367225647,0.05394093319773674,0.05008115619421005,0.13741037249565125
1210,-0.8760333061218262,-0.9756345152854919,0.047676924616098404,0.051924314349889755,0.13737112283706665
1211,-0.9953226447105408,-1.074923038482666,0.043031010776758194,0.03656942769885063,0.13733166456222534
1212,-0.8251000642776489,-0.899224042892456,0.035188037902116776,0.03893595188856125,0.13729242980480194
1213,-0.792582631111145,-0.895838737487793,0.05112975835800171,0.05212634056806564,0.13725312054157257
1214,-0.9231399893760681,-1.0548073053359985,0.06775180995464325,0.06391551345586777,0.13721361756324768
1215,-0.9470459818840027,-1.0502949953079224,0.04859636723995209,0.05465260520577431,0.13717392086982727
1216,-0.95255047082901,-1.0242985486984253,0.031652387231588364,0.040095679461956024,0.13713420927524567
1217,-1.0289825201034546,-1.0977157354354858,0.033991437405347824,0.034741777926683426,0.13709458708763123
1218,-0.7287547588348389,-0.8598682284355164,0.06547921150922775,0.06563422083854675,0.13705474138259888
1219,-0.9457554221153259,-1.0909429788589478,0.08098523318767548,0.06420234590768814,0.13701482117176056
1220,-0.8800725936889648,-0.9832153916358948,0.049209121614694595,0.05393368750810623,0.13697479665279388
1221,-0.8432974815368652,-0.9272556304931641,0.043424341827631,0.04053376615047455,0.13693484663963318
1222,-0.8685504198074341,-0.9222632646560669,0.026206983253359795,0.027505848556756973,0.13689488172531128
1223,-0.734782874584198,-0.8178744316101074,0.03880222514271736,0.044289372861385345,0.13685506582260132
1224,-0.7615901231765747,-0.872977614402771,0.05423440784215927,0.05715309828519821,0.13681548833847046
1225,-0.7624635100364685,-0.837071418762207,0.0333125963807106,0.04129530116915703,0.13677574694156647
1226,-0.8894153833389282,-0.9388758540153503,0.02555473893880844,0.02390577271580696,0.13673628866672516
1227,-0.7956386804580688,-0.9644081592559814,0.08671834319829941,0.08205114305019379,0.1366966813802719
1228,-1.0900585651397705,-1.1670773029327393,0.03603213280439377,0.04098667949438095,0.13665664196014404
1229,-1.1353120803833008,-1.2381917238235474,0.05391018092632294,0.048969533294439316,0.13661669194698334
1230,-0.9031670093536377,-1.0649933815002441,0.07977010309696198,0.08205628395080566,0.13657666742801666
1231,-0.5880885124206543,-0.9420818090438843,0.17585112154483795,0.17814218997955322,0.13653652369976044
1232,-0.7801206111907959,-0.9194782972335815,0.07461507618427277,0.06474263221025467,0.1364966481924057
1233,-0.9078999161720276,-0.9908688068389893,0.04018675163388252,0.042782124131917953,0.13645708560943604
1234,-0.9372422695159912,-1.027186393737793,0.04880485683679581,0.04113921523094177,0.1364174783229828
1235,-0.932314395904541,-1.0041698217391968,0.03730768710374832,0.03454776853322983,0.13637815415859222
1236,-0.8231980800628662,-0.9295399188995361,0.049900539219379425,0.056441303342580795,0.13633890450000763
1237,-0.8953391909599304,-0.9939378499984741,0.049707312136888504,0.04889138042926788,0.1362997144460678
1238,-0.9445067048072815,-1.072222352027893,0.06375174224376678,0.06396392732858658,0.1362602412700653
1239,-0.7993339896202087,-0.9743881821632385,0.08629869669675827,0.08875548839569092,0.13622045516967773
1240,-0.8823152780532837,-0.9477113485336304,0.03302167356014252,0.032374411821365356,0.13618065416812897
1241,-1.0556249618530273,-1.1262410879135132,0.03568970039486885,0.0349263921380043,0.13614089787006378
1242,-1.0590320825576782,-1.1629327535629272,0.053377218544483185,0.05052342265844345,0.13610099256038666
1243,-0.8931429982185364,-1.0762046575546265,0.08952309936285019,0.09353857487440109,0.13606101274490356
1244,-0.9863624572753906,-1.0444047451019287,0.03033061884343624,0.027711626142263412,0.1360209584236145
1245,-0.7381142973899841,-0.8172307014465332,0.039172280579805374,0.039944134652614594,0.135981023311615
1246,-0.6500378251075745,-0.9500583410263062,0.15567539632320404,0.14434511959552765,0.13594114780426025
1247,-0.8433071970939636,-0.9356101155281067,0.045197684317827225,0.04710524529218674,0.13590146601200104
1248,-0.9685629606246948,-1.0725772380828857,0.049166228622198105,0.05484804883599281,0.13586163520812988
1249,-0.8861678838729858,-0.9293241500854492,0.02105031907558441,0.022105947136878967,0.1358218938112259
1250,-0.9235116243362427,-1.0341479778289795,0.05774608999490738,0.052890270948410034,0.13578230142593384
1251,-0.9292516708374023,-0.981625497341156,0.02687091939151287,0.025502920150756836,0.13574285805225372
1252,-0.7830300331115723,-0.9179708957672119,0.06912089884281158,0.06581996381282806,0.13570375740528107
1253,-0.8929315209388733,-1.0134787559509277,0.05704726278781891,0.06349998712539673,0.13566477596759796
1254,-0.6919732689857483,-0.7792328596115112,0.0423920713365078,0.044867537915706635,0.13562600314617157
1255,-0.6588266491889954,-0.7918543219566345,0.06155676394701004,0.07147092372179031,0.1355869472026825
1256,-0.9268840551376343,-1.0260003805160522,0.04685621336102486,0.052260108292102814,0.1355479508638382
1257,-0.9017199873924255,-0.9820424318313599,0.04268418252468109,0.03763826563954353,0.13550905883312225
1258,-0.7847774624824524,-0.8691467642784119,0.040745288133621216,0.04362400993704796,0.13547009229660034
1259,-0.9846745133399963,-1.1359813213348389,0.07515846192836761,0.07614830881357193,0.1354314535856247
1260,-1.0283622741699219,-1.1062886714935303,0.039670463651418686,0.03825593367218971,0.13539263606071472
1261,-0.8237540125846863,-0.9494360685348511,0.05761216953396797,0.06806989759206772,0.13535353541374207
1262,-0.666684091091156,-0.7473176717758179,0.038930658251047134,0.04170290380716324,0.13531462848186493
1263,-1.0344693660736084,-1.1512765884399414,0.06386380642652512,0.05294352024793625,0.13527579605579376
1264,-0.9120733737945557,-0.9822123050689697,0.03252444416284561,0.03761446475982666,0.1352369785308838
1265,-0.9521783590316772,-1.098529577255249,0.07010792195796967,0.07624330371618271,0.13519850373268127
1266,-0.9413716793060303,-1.0435664653778076,0.05335298925638199,0.048841770738363266,0.13515977561473846
1267,-0.80833899974823,-0.8674783110618591,0.029974639415740967,0.029164699837565422,0.13512107729911804
1268,-0.7358378767967224,-0.8619644045829773,0.06308798491954803,0.06303850561380386,0.13508231937885284
1269,-0.9173600673675537,-0.9562090039253235,0.019260942935943604,0.019587989896535873,0.13504339754581451
1270,-1.1462479829788208,-1.2057766914367676,0.029176009818911552,0.03035271167755127,0.13500425219535828
1271,-0.8528904318809509,-0.9906910061836243,0.0687357634305954,0.06906480342149734,0.1349652111530304
1272,-0.8914915323257446,-0.9678573608398438,0.040417302399873734,0.035948511213064194,0.13492624461650848
1273,-0.8104115724563599,-0.9593976736068726,0.07627226412296295,0.07271384447813034,0.1348874568939209
1274,-0.6937742829322815,-0.7534596920013428,0.03217877075076103,0.027506627142429352,0.13484865427017212
1275,-0.8059558868408203,-0.915001392364502,0.05795280635356903,0.051092661917209625,0.13480982184410095
1276,-1.0887247323989868,-1.1481292247772217,0.02601194754242897,0.033392515033483505,0.1347711831331253
1277,-0.8997724056243896,-0.9586273431777954,0.03036496601998806,0.028489934280514717,0.13473279774188995
1278,-0.9132726192474365,-1.0327228307724,0.05259844660758972,0.06685172021389008,0.13469432294368744
1279,-0.8849925994873047,-0.9709537625312805,0.040184199810028076,0.04577697813510895,0.13465584814548492
1280,-0.9914787411689758,-1.0671939849853516,0.037194330245256424,0.03852088749408722,0.13461743295192719
1281,-0.8492293953895569,-0.9350888133049011,0.04643664136528969,0.03942272812128067,0.13457930088043213
1282,-0.9452266693115234,-0.9970772862434387,0.025898121297359467,0.025952521711587906,0.13454096019268036
1283,-1.0339128971099854,-1.0865741968154907,0.025936882942914963,0.026724491268396378,0.13450241088867188
1284,-0.9708161950111389,-1.0556640625,0.04539673402905464,0.039451196789741516,0.13446368277072906
1285,-0.8706536889076233,-0.958080530166626,0.043500274419784546,0.04392653703689575,0.13442495465278625
1286,-1.0251803398132324,-1.1110148429870605,0.043872710317373276,0.041961830109357834,0.13438603281974792
1287,-0.8993666768074036,-0.9983701109886169,0.04645355045795441,0.052549898624420166,0.13434694707393646
1288,-0.9235729575157166,-0.959408164024353,0.014078031294047832,0.021757183596491814,0.1343078762292862
1289,-0.8871209621429443,-0.9732190370559692,0.03953500837087631,0.04656308889389038,0.13426868617534637
1290,-0.7801113128662109,-0.9229984283447266,0.07661568373441696,0.06627140194177628,0.1342296600341797
1291,-0.8960801362991333,-0.9728165864944458,0.033959150314331055,0.042777277529239655,0.1341906636953354
1292,-0.9116755723953247,-0.9717000722885132,0.029191434383392334,0.030833043158054352,0.13415150344371796
1293,-0.9009988903999329,-0.9935256242752075,0.04903845489025116,0.043488286435604095,0.13411252200603485
1294,-0.9977540373802185,-1.104222059249878,0.05569811910390854,0.05076988413929939,0.13407355546951294
1295,-0.6828038692474365,-1.0626332759857178,0.19328820705413818,0.18654118478298187,0.13403469324111938
1296,-0.9344427585601807,-1.0161930322647095,0.04001642391085625,0.041733868420124054,0.1339956372976303
1297,-0.9287618398666382,-1.0135163068771362,0.04344296082854271,0.041311513632535934,0.1339567005634308
1298,-0.8340558409690857,-0.9261232018470764,0.0442170649766922,0.04785033315420151,0.13391771912574768
1299,-0.7817327380180359,-0.8710960745811462,0.04245710372924805,0.0469062514603138,0.13387882709503174
1300,-0.8163103461265564,-0.872653067111969,0.029388606548309326,0.02695411816239357,0.13384002447128296
1301,-0.8664895296096802,-0.924286961555481,0.02939707413315773,0.028400350362062454,0.13380113244056702
1302,-0.9724920988082886,-1.036797046661377,0.030270099639892578,0.034034863114356995,0.13376246392726898
1303,-0.7774419188499451,-0.9576893448829651,0.08643581718206406,0.09381161630153656,0.13372394442558289
1304,-0.9223372936248779,-0.96703040599823,0.019949432462453842,0.0247436985373497,0.13368543982505798
1305,-0.8504615426063538,-0.9404451251029968,0.0449051596224308,0.04507839307188988,0.13364678621292114
1306,-0.7093027234077454,-0.7991248369216919,0.047489576041698456,0.04233253747224808,0.13360801339149475
1307,-0.7334948182106018,-0.8615005612373352,0.06405729800462723,0.06394843012094498,0.13356934487819672
1308,-0.8442185521125793,-1.010230302810669,0.08075357973575592,0.08525818586349487,0.13353072106838226
1309,-0.9335355758666992,-1.0619889497756958,0.06304986774921417,0.0654035285115242,0.13349208235740662
1310,-0.9122516512870789,-0.9988885521888733,0.042820461094379425,0.04381643608212471,0.1334536373615265
1311,-1.0550440549850464,-1.117289423942566,0.030922794714570045,0.03132256120443344,0.13341540098190308
1312,-0.7317519187927246,-0.9395129084587097,0.10690565407276154,0.10085534304380417,0.13337701559066772
1313,-0.8688591718673706,-1.0173159837722778,0.07407529652118683,0.074381522834301,0.13333842158317566
1314,-0.9625816941261292,-1.0934605598449707,0.05847887322306633,0.07240002602338791,0.13329973816871643
1315,-0.8951098918914795,-0.9965869188308716,0.0495186410844326,0.05195838585495949,0.1332610547542572
1316,-0.8737841844558716,-0.9650733470916748,0.04467220604419708,0.04661695659160614,0.13322240114212036
1317,-0.9693676829338074,-1.0153740644454956,0.02397049590945244,0.022035907953977585,0.13318391144275665
1318,-0.9299123287200928,-1.0105067491531372,0.041762080043554306,0.03883237764239311,0.13314510881900787
1319,-0.9711818099021912,-1.0961004495620728,0.0594635009765625,0.06545513868331909,0.1331065446138382
1320,-0.8768450021743774,-0.942520260810852,0.03034365363419056,0.03533162921667099,0.13306811451911926
1321,-0.815036416053772,-0.9342553615570068,0.05447893589735031,0.06473997980356216,0.133029967546463
1322,-0.8225947618484497,-0.8957533240318298,0.033895980566740036,0.039262574166059494,0.1329919695854187
1323,-1.0335520505905151,-1.1156177520751953,0.04254526644945145,0.03952033445239067,0.13295409083366394
1324,-0.6912461519241333,-0.7770640254020691,0.03902049362659454,0.04679740592837334,0.13291646540164948
1325,-0.8956920504570007,-1.0177381038665771,0.05709268897771835,0.06495340168476105,0.132878378033638
1326,-1.0722607374191284,-1.1311174631118774,0.027352318167686462,0.031504418700933456,0.13283991813659668
1327,-0.8708676695823669,-0.9658957123756409,0.044451754540205,0.05057624354958534,0.13280144333839417
1328,-0.9622573852539062,-1.031525731086731,0.03471214324235916,0.03455618396401405,0.13276301324367523
1329,-0.9932874441146851,-1.1177884340286255,0.06213129684329033,0.0623696893453598,0.1327245533466339
1330,-0.9141583442687988,-0.9988442063331604,0.04140298813581467,0.043282873928546906,0.13268612325191498
1331,-0.8322645425796509,-0.9031184315681458,0.036123745143413544,0.03473012521862984,0.1326475590467453
1332,-0.5808108448982239,-0.6511096954345703,0.03665202483534813,0.033646807074546814,0.13260923326015472
1333,-1.0555857419967651,-1.1594579219818115,0.05023537576198578,0.053636759519577026,0.1325707584619522
1334,-1.0946365594863892,-1.1510733366012573,0.0257810540497303,0.030655698850750923,0.13253240287303925
1335,-1.075815200805664,-1.1916604042053223,0.058858513832092285,0.05698663368821144,0.13249419629573822
1336,-0.7163126468658447,-0.9044488072395325,0.09316041320562363,0.09497576206922531,0.13245604932308197
1337,-0.9638386368751526,-1.1028554439544678,0.06736043840646744,0.07165639102458954,0.13241806626319885
1338,-0.7027221322059631,-0.8162010312080383,0.054306358098983765,0.05917259305715561,0.13237987458705902
1339,-0.6775163412094116,-0.7526568174362183,0.039419952780008316,0.035720497369766235,0.132341206073761
1340,-1.0150654315948486,-1.1595067977905273,0.0730665773153305,0.07137477397918701,0.13230253756046295
1341,-0.9585167169570923,-1.008387565612793,0.02216821350157261,0.027702633291482925,0.13226386904716492
1342,-0.8939384818077087,-0.9778268337249756,0.04455830156803131,0.03933006525039673,0.13222521543502808
1343,-0.8074361681938171,-0.8588093519210815,0.030981704592704773,0.020391464233398438,0.1321869194507599
1344,-0.9149888753890991,-0.9582687020301819,0.02054467983543873,0.022735124453902245,0.1321491003036499
1345,-0.7700928449630737,-0.8684337139129639,0.05298560485243797,0.045355286449193954,0.13211151957511902
1346,-0.8614625930786133,-1.0201904773712158,0.0731043666601181,0.08562351018190384,0.13207390904426575
1347,-0.8284609317779541,-0.9621309041976929,0.06886111199855804,0.06480883061885834,0.1320360004901886
1348,-0.9896026253700256,-1.1221840381622314,0.07580209523439407,0.05677933990955353,0.13199785351753235
1349,-1.0910582542419434,-1.1756361722946167,0.040909938514232635,0.04366804659366608,0.1319599449634552
1350,-0.9556463956832886,-1.0538976192474365,0.05019224062561989,0.04805898666381836,0.13192212581634521
1351,-1.0327082872390747,-1.1139072179794312,0.03979761153459549,0.041401226073503494,0.13188397884368896
1352,-1.0478936433792114,-1.1402919292449951,0.04542740061879158,0.04697086662054062,0.131845623254776
1353,-0.9751908183097839,-1.0503442287445068,0.03913715109229088,0.03601626679301262,0.1318071335554123
1354,-0.9651609659194946,-1.0878992080688477,0.06261502206325531,0.060123223811388016,0.13176864385604858
1355,-0.8877609372138977,-0.9903571605682373,0.049424901604652405,0.053171321749687195,0.13172993063926697
1356,-0.9222559332847595,-0.9960008263587952,0.036160387098789215,0.03758450224995613,0.13169147074222565
1357,-0.8433550596237183,-0.9238792061805725,0.0368533618748188,0.04367078095674515,0.13165292143821716
1358,-0.8107709884643555,-0.9059843420982361,0.04457779601216316,0.05063559114933014,0.13161441683769226
1359,-0.8935202956199646,-0.957629919052124,0.03310361132025719,0.03100602701306343,0.13157613575458527
1360,-0.8591141700744629,-0.937879204750061,0.04128946363925934,0.03747560828924179,0.13153789937496185
1361,-0.7560142278671265,-0.8269583582878113,0.03856119140982628,0.03238293528556824,0.13149996101856232
1362,-0.7808325290679932,-0.889976441860199,0.05657891929149628,0.05256497487425804,0.13146212697029114
1363,-0.88881915807724,-1.042952299118042,0.07943926751613617,0.07469383627176285,0.13142426311969757
1364,-0.8679255247116089,-1.0634686946868896,0.09457550197839737,0.1009676456451416,0.1313863843679428
1365,-0.8514710664749146,-0.8971449732780457,0.023316990584135056,0.022356947883963585,0.13134871423244476
1366,-1.0344655513763428,-1.1188502311706543,0.03980608284473419,0.044578492641448975,0.1313108503818512
1367,-0.7003107070922852,-0.7529586553573608,0.02426874078810215,0.02837921865284443,0.13127288222312927
1368,-0.9436486959457397,-1.0822856426239014,0.06796928495168686,0.07066764682531357,0.13123518228530884
1369,-0.9431115984916687,-1.0528396368026733,0.04802771657705307,0.06170029938220978,0.1311975121498108
1370,-0.922886312007904,-0.9954224824905396,0.03692726790904999,0.03560887649655342,0.13115979731082916
1371,-1.0982158184051514,-1.1922310590744019,0.0446837842464447,0.04933147877454758,0.13112196326255798
1372,-0.8794889450073242,-0.9577934145927429,0.03815184906125069,0.04015262424945831,0.1310843527317047
1373,-0.9650673270225525,-1.0141816139221191,0.0262158066034317,0.02289849892258644,0.13104663789272308
1374,-1.016003131866455,-1.0758774280548096,0.030411547049880028,0.029462693259119987,0.1310088038444519
1375,-0.8617705702781677,-1.122795820236206,0.13049569725990295,0.13052958250045776,0.13097089529037476
1376,-1.0624576807022095,-1.1847994327545166,0.059441011399030685,0.06290075927972794,0.13093335926532745
1377,-0.8434167504310608,-0.9761438369750977,0.06603264063596725,0.06669443845748901,0.13089585304260254
1378,-0.7501096129417419,-0.8167825937271118,0.030307985842227936,0.036364998668432236,0.13085849583148956
1379,-0.8104855418205261,-0.9000164270401001,0.04353910684585571,0.04599175974726677,0.1308211237192154
1380,-1.069443702697754,-1.142081379890442,0.035591576248407364,0.03704611957073212,0.13078394532203674
1381,-1.163009524345398,-1.2730215787887573,0.05551566928625107,0.0544964075088501,0.13074654340744019
1382,-0.7207245826721191,-1.0218565464019775,0.1587604284286499,0.14237156510353088,0.1307092308998108
1383,-0.9481323957443237,-0.9866287708282471,0.01832422986626625,0.02017209306359291,0.13067181408405304
1384,-1.1143604516983032,-1.1798341274261475,0.030844083055853844,0.03462956100702286,0.13063448667526245
1385,-0.8628794550895691,-1.0153436660766602,0.06947688013315201,0.08298730105161667,0.13059693574905396
1386,-0.9377028942108154,-1.0557893514633179,0.060991253703832626,0.05709525942802429,0.13055923581123352
1387,-0.9388253688812256,-0.9933075904846191,0.028205864131450653,0.026276377961039543,0.1305217295885086
1388,-0.8382928967475891,-0.9490252733230591,0.053489744663238525,0.05724261701107025,0.13048426806926727
1389,-0.8796291351318359,-1.0513492822647095,0.08760253340005875,0.08411756157875061,0.1304464489221573
1390,-0.837389349937439,-0.9090941548347473,0.03705230727791786,0.034652501344680786,0.13040834665298462
1391,-0.8060387372970581,-0.8881874084472656,0.045154962688684464,0.03699369728565216,0.13037027418613434
1392,-0.9706031084060669,-1.0551931858062744,0.03836129605770111,0.04622878506779671,0.13033214211463928
1393,-0.985623300075531,-1.0442993640899658,0.028801968321204185,0.029874123632907867,0.13029417395591736
1394,-0.945600688457489,-1.0335748195648193,0.04328160360455513,0.044692523777484894,0.13025642931461334
1395,-0.808194637298584,-1.1173205375671387,0.15042051672935486,0.15870533883571625,0.13021855056285858
1396,-0.7489798665046692,-0.8083422183990479,0.026787158101797104,0.03257516771554947,0.13018037378787994
1397,-0.9209305644035339,-1.0288292169570923,0.05651703476905823,0.05138164013624191,0.13014210760593414
1398,-0.6359755992889404,-0.7983548045158386,0.08147087693214417,0.08090829849243164,0.13010379672050476
1399,-0.8491768836975098,-0.9299903512001038,0.03779014199972153,0.04302334412932396,0.13006539642810822
1400,-0.8971006870269775,-0.9458352327346802,0.025389663875102997,0.023344896733760834,0.13002698123455048
1401,-0.8902995586395264,-0.9482293128967285,0.028417954221367836,0.029511794447898865,0.1299886703491211
1402,-0.6337539553642273,-0.7218793630599976,0.03692058473825455,0.05120478570461273,0.12995034456253052
1403,-0.7677237391471863,-0.8384325504302979,0.03864798694849014,0.03206082433462143,0.12991192936897278
1404,-0.9129207134246826,-1.0558024644851685,0.07297729700803757,0.06990446150302887,0.12987355887889862
1405,-0.9389609098434448,-1.04746413230896,0.05887787044048309,0.04962530732154846,0.12983538210391998
1406,-0.8832221627235413,-0.9642592668533325,0.04103139042854309,0.04000573605298996,0.12979687750339508
1407,-0.748721182346344,-0.8919711112976074,0.07105764746665955,0.0721922367811203,0.12975876033306122
1408,-1.0844639539718628,-1.1785928010940552,0.043535344302654266,0.05059352144598961,0.1297205537557602
1409,-0.9519833326339722,-1.069172978401184,0.05923500284552574,0.057954661548137665,0.12968206405639648
1410,-1.1273852586746216,-1.2131707668304443,0.04244258627295494,0.04334298148751259,0.12964369356632233
1411,-1.0529282093048096,-1.2378745079040527,0.08309905230998993,0.10184723883867264,0.12960515916347504
1412,-0.9444136023521423,-0.9901949167251587,0.02265758439898491,0.02312372252345085,0.12956665456295013
1413,-1.190009355545044,-1.280334711074829,0.047855447977781296,0.04246991500258446,0.1295282393693924
1414,-0.8028953075408936,-0.954427182674408,0.07477106899023056,0.07676080614328384,0.12949004769325256
1415,-1.0514897108078003,-1.101544737815857,0.024091463536024094,0.025963494554162025,0.12945210933685303
1416,-0.860321044921875,-0.9249512553215027,0.02794988639652729,0.03668034076690674,0.129414364695549
1417,-0.9299343228340149,-1.041627049446106,0.05537891015410423,0.056313809007406235,0.1293766349554062
1418,-0.9736291766166687,-1.0467416048049927,0.03934980556368828,0.033762648701667786,0.12933878600597382
1419,-0.9316450953483582,-1.0090436935424805,0.037149883806705475,0.04024868085980415,0.1293012648820877
1420,-0.8849704265594482,-1.1202913522720337,0.11286516487598419,0.12245569378137589,0.12926378846168518
1421,-0.7883023023605347,-0.8797340989112854,0.049972862005233765,0.04145899415016174,0.1292267143726349
1422,-0.8213074803352356,-0.9262495040893555,0.05282009392976761,0.05212194472551346,0.12918977439403534
1423,-0.9097903370857239,-0.9710334539413452,0.03383709862828255,0.02740606479346752,0.12915292382240295
1424,-0.8479098081588745,-0.9359864592552185,0.038710806518793106,0.04936579614877701,0.1291159689426422
1425,-0.9240390062332153,-0.9973344802856445,0.038538139313459396,0.03475731611251831,0.12907922267913818
1426,-0.9811186194419861,-1.0502532720565796,0.03244675695896149,0.036687932908535004,0.12904226779937744
1427,-0.8639357089996338,-0.9150235652923584,0.026476023718714714,0.02461184933781624,0.12900495529174805
1428,-0.805208683013916,-0.9455252885818481,0.06489087641239166,0.07542573660612106,0.12896709144115448
1429,-1.0463778972625732,-1.127281665802002,0.041221171617507935,0.039682675153017044,0.12892943620681763
1430,-0.8289844393730164,-0.947738528251648,0.057017698884010315,0.06173642724752426,0.12889190018177032
1431,-0.7520687580108643,-0.8407946228981018,0.04573468491435051,0.04299113154411316,0.1288546621799469
1432,-0.9332083463668823,-0.9873718619346619,0.026639577001333237,0.02752392180263996,0.1288170963525772
1433,-0.8623340725898743,-0.9232063889503479,0.028890816494822502,0.03198155388236046,0.12877994775772095
1434,-0.9167661070823669,-0.974128246307373,0.025909440591931343,0.031452689319849014,0.12874288856983185
1435,-1.1502677202224731,-1.215289831161499,0.03374631702899933,0.031275782734155655,0.12870560586452484
1436,-1.0205457210540771,-1.0943427085876465,0.03311317414045334,0.04068392515182495,0.12866801023483276
1437,-1.066710352897644,-1.2106831073760986,0.07163137942552567,0.07234130799770355,0.12863044440746307
1438,-1.1678212881088257,-1.216817021369934,0.02496207319200039,0.02403365820646286,0.12859278917312622
1439,-0.9632852077484131,-1.0309696197509766,0.032296136021614075,0.03538828343153,0.1285550892353058
1440,-0.9369401931762695,-1.009873390197754,0.03318044915795326,0.039752718061208725,0.12851762771606445
1441,-0.8382654786109924,-0.902967095375061,0.03692522272467613,0.027776408940553665,0.12848004698753357
1442,-0.8284555077552795,-0.8570905923843384,0.01713053323328495,0.011504558846354485,0.12844258546829224
1443,-0.8840768337249756,-0.9936350584030151,0.04759198799729347,0.061966247856616974,0.12840516865253448
1444,-1.046640396118164,-1.1036126613616943,0.025433018803596497,0.03153923898935318,0.12836764752864838
1445,-0.8309807181358337,-0.9288021922111511,0.04420894384384155,0.05361250787973404,0.12833012640476227
1446,-0.8089417815208435,-0.8904069066047668,0.04480014741420746,0.03666495531797409,0.1282925307750702
1447,-0.787585973739624,-0.8880651593208313,0.050102926790714264,0.050376225262880325,0.12825503945350647
1448,-0.8374328017234802,-0.9256275296211243,0.044516146183013916,0.04367859661579132,0.12821736931800842
1449,-1.002661108970642,-1.067204236984253,0.02741222456097603,0.037130918353796005,0.12817983329296112
1450,-0.8318772912025452,-0.9441671967506409,0.05938111990690231,0.05290877819061279,0.12814243137836456
1451,-0.8992606401443481,-0.9650464653968811,0.035309795290231705,0.030476054176688194,0.12810486555099487
1452,-1.002856969833374,-1.1123924255371094,0.053887203335762024,0.055648237466812134,0.1280672699213028
1453,-0.9008741974830627,-0.9930456280708313,0.04441368579864502,0.04775775223970413,0.12802931666374207
1454,-0.9597288370132446,-1.0551000833511353,0.0463227815926075,0.04904842749238014,0.12799131870269775
1455,-0.8156549334526062,-0.8946424722671509,0.040243878960609436,0.038743652403354645,0.12795336544513702
1456,-0.9283768534660339,-0.9949513673782349,0.033527351915836334,0.03304711729288101,0.12791569530963898
1457,-0.692973792552948,-0.8434258699417114,0.07552994787693024,0.07492214441299438,0.127878338098526
1458,-0.8201310038566589,-1.015602707862854,0.10286378115415573,0.09260793030261993,0.12784093618392944
1459,-0.9628459215164185,-1.081392765045166,0.06316458433866501,0.05538225919008255,0.12780340015888214
1460,-0.8794310688972473,-0.9602828621864319,0.04356066510081291,0.037291109561920166,0.12776586413383484
1461,-0.9076763391494751,-0.9784352779388428,0.03658809885382652,0.034170858561992645,0.1277284026145935
1462,-0.9349945187568665,-0.9816017746925354,0.020690714940428734,0.025916533544659615,0.12769094109535217
1463,-0.7647296190261841,-0.8731715083122253,0.055891796946525574,0.05255008116364479,0.127653568983078
1464,-1.1864233016967773,-1.249439001083374,0.03200668469071388,0.031008901074528694,0.12761643528938293
1465,-0.9133711457252502,-0.9659373164176941,0.025302492082118988,0.0272637028247118,0.12757901847362518
1466,-0.8300032615661621,-0.9441508650779724,0.05372874066233635,0.06041882932186127,0.127541646361351
1467,-0.9792534708976746,-1.0052900314331055,0.014515509828925133,0.011521035805344582,0.1275043934583664
1468,-1.0272037982940674,-1.1144392490386963,0.041987959295511246,0.04524746164679527,0.12746697664260864
1469,-1.0907593965530396,-1.1812355518341064,0.04749331250786781,0.042982812970876694,0.12742985785007477
1470,-0.8516350984573364,-0.8948423862457275,0.02113322913646698,0.022074053063988686,0.12739306688308716
1471,-1.2206639051437378,-1.3150231838226318,0.04679740220308304,0.0475618839263916,0.12735643982887268
1472,-0.9140033721923828,-0.9622421264648438,0.02385670877993107,0.024382079020142555,0.12731988728046417
1473,-0.9713556170463562,-1.0498956441879272,0.0414479523897171,0.037092044949531555,0.12728334963321686
1474,-0.693037748336792,-0.7946151494979858,0.05066002905368805,0.0509173721075058,0.12724699079990387
1475,-0.9873935580253601,-1.0377131700515747,0.02844122424721718,0.02187839336693287,0.12721037864685059
1476,-1.0940203666687012,-1.1771740913391113,0.041541989892721176,0.04161177575588226,0.12717366218566895
1477,-0.7567864060401917,-0.8129837512969971,0.030421745032072067,0.02577563188970089,0.1271369457244873
1478,-0.7925616502761841,-0.8885530829429626,0.04458872601389885,0.051402658224105835,0.12710003554821014
1479,-0.8902296423912048,-0.9773788452148438,0.04346531629562378,0.04368387907743454,0.12706294655799866
1480,-0.8751083016395569,-1.0308181047439575,0.07697056978940964,0.07873924821615219,0.12702593207359314
1481,-0.8484166860580444,-1.0087954998016357,0.07675504684448242,0.0836237370967865,0.12698878347873688
1482,-0.8997159004211426,-1.0313074588775635,0.05825527384877205,0.07333627343177795,0.12695148587226868
1483,-0.9166213870048523,-0.9992356300354004,0.04151443392038345,0.04109980911016464,0.12691420316696167
1484,-0.8707101941108704,-0.9630066752433777,0.04575154930353165,0.04654493182897568,0.12687671184539795
1485,-0.8320975303649902,-0.9026943445205688,0.033457063138484955,0.03713979944586754,0.12683932483196259
1486,-1.1001383066177368,-1.1771962642669678,0.03802093490958214,0.039036959409713745,0.12680204212665558
1487,-1.08420991897583,-1.1430422067642212,0.028620384633541107,0.030211936682462692,0.12676483392715454
1488,-0.675445020198822,-0.7327967882156372,0.025127096101641655,0.03222464397549629,0.12672755122184753
1489,-0.9391151666641235,-0.9941216707229614,0.027220001444220543,0.027786502614617348,0.12669038772583008
1490,-0.8206533193588257,-0.8667052984237671,0.020957276225090027,0.025094717741012573,0.1266530603170395
1491,-0.8111878633499146,-0.8965365886688232,0.04205416142940521,0.043294552713632584,0.12661583721637726
1492,-0.7102049589157104,-0.7836663722991943,0.03616759553551674,0.037293799221515656,0.12657898664474487
1493,-1.004470705986023,-1.1479603052139282,0.06493516266345978,0.07855444401502609,0.1265423446893692
1494,-0.8080092072486877,-0.9293251037597656,0.05665423348546028,0.06466169655323029,0.12650597095489502
1495,-1.1762230396270752,-1.2458738088607788,0.03294803947210312,0.036702729761600494,0.12646956741809845
1496,-0.9870573878288269,-1.0386329889297485,0.02485198900103569,0.026723552495241165,0.1264328807592392
1497,-0.9248497486114502,-0.9965322017669678,0.041816212236881256,0.029866207391023636,0.12639619410037994
1498,-1.0177994966506958,-1.0996007919311523,0.04194553941488266,0.03985576331615448,0.1263589859008789
1499,-0.9774875640869141,-1.0546709299087524,0.037916265428066254,0.03926703706383705,0.12632209062576294
1500,-1.068161129951477,-1.1203672885894775,0.024592667818069458,0.027613472193479538,0.12628495693206787
1501,-0.8065519332885742,-0.8815441131591797,0.034867286682128906,0.04012489318847656,0.126247838139534
1502,-1.0763297080993652,-1.2192871570587158,0.06963769346475601,0.07331983000040054,0.12621091306209564
1503,-0.9434582591056824,-1.01608407497406,0.035046953707933426,0.03757888078689575,0.12617379426956177
1504,-0.7299748659133911,-1.0975220203399658,0.19005265831947327,0.17749455571174622,0.12613676488399506
1505,-1.0765986442565918,-1.1319336891174316,0.029677631333470345,0.02565741539001465,0.12609972059726715
1506,-0.9020802974700928,-0.96449214220047,0.031182371079921722,0.031229525804519653,0.12606285512447357
1507,-0.9534124135971069,-1.0103458166122437,0.02526000142097473,0.03167342767119408,0.1260257512331009
1508,-0.7707446813583374,-0.8674699068069458,0.042360417544841766,0.05436479300260544,0.12598882615566254
1509,-0.883438229560852,-0.9403494000434875,0.028781387954950333,0.02812974713742733,0.12595194578170776
1510,-0.9414880275726318,-1.0221097469329834,0.040830887854099274,0.03979083150625229,0.12591522932052612
1511,-0.823331356048584,-0.9354519248008728,0.051009878516197205,0.061110690236091614,0.1258784830570221
1512,-1.0186724662780762,-1.0848689079284668,0.03417345508933067,0.03202291578054428,0.12584169209003448
1513,-0.9120021462440491,-0.9719374179840088,0.0329376682639122,0.0269976444542408,0.1258048266172409
1514,-0.9472000002861023,-1.0378035306930542,0.04313181713223457,0.04747169464826584,0.1257677972316742
1515,-0.7792901992797852,-0.8602162003517151,0.04607924073934555,0.03484678640961647,0.12573061883449554
1516,-1.0412489175796509,-1.115317463874817,0.036386970430612564,0.03768152371048927,0.1256932020187378
1517,-1.087329387664795,-1.170732021331787,0.03675219789147377,0.046650394797325134,0.12565584480762482
1518,-0.8576314449310303,-0.977779746055603,0.06242993474006653,0.05771837383508682,0.12561866641044617
1519,-0.9412906169891357,-1.0056452751159668,0.03092755377292633,0.03342713788151741,0.12558141350746155
1520,-1.1336314678192139,-1.2051494121551514,0.03572971746325493,0.03578813001513481,0.12554411590099335
1521,-0.9091526865959167,-0.9834098815917969,0.042885296046733856,0.03137188404798508,0.12550698220729828
1522,-1.0267094373703003,-1.111008882522583,0.04331738501787186,0.04098197817802429,0.1254701465368271
1523,-1.0336480140686035,-1.170385479927063,0.06993221491575241,0.06680528074502945,0.12543338537216187
1524,-0.9543242454528809,-1.067450761795044,0.05007417872548103,0.06305226683616638,0.12539660930633545
1525,-0.9318413138389587,-1.0202053785324097,0.04567115381360054,0.04269290715456009,0.12536008656024933
1526,-0.8767721652984619,-0.9476709365844727,0.033829059451818466,0.037069737911224365,0.1253233253955841
1527,-0.922645092010498,-1.0065058469772339,0.040501322597265244,0.043359480798244476,0.12528637051582336
1528,-1.0228010416030884,-1.0814977884292603,0.030785489827394485,0.027911273762583733,0.1252494603395462
1529,-1.0058307647705078,-1.1229970455169678,0.06018193066120148,0.05698435381054878,0.1252124309539795
1530,-1.016385793685913,-1.114802598953247,0.049831509590148926,0.04858531802892685,0.12517547607421875
1531,-1.1556586027145386,-1.2351276874542236,0.04079963639378548,0.03866950795054436,0.12513847649097443
1532,-0.9573650360107422,-1.0504933595657349,0.04985329136252403,0.04327498748898506,0.125101700425148
1533,-0.9257614016532898,-0.9891467094421387,0.03471008688211441,0.02867519110441208,0.1250651329755783
1534,-1.077609896659851,-1.1935012340545654,0.04980064556002617,0.06609068065881729,0.12502852082252502
1535,-0.8855401873588562,-0.9373424053192139,0.020567912608385086,0.03123435005545616,0.12499186396598816
1536,-0.9819962978363037,-1.0869624614715576,0.049139708280563354,0.05582645535469055,0.1249551847577095
1537,-0.9115159511566162,-0.9758386611938477,0.03316018730401993,0.031162481755018234,0.12491845339536667
1538,-0.9177760481834412,-0.9768900275230408,0.026797614991664886,0.032316382974386215,0.12488188594579697
1539,-1.048646092414856,-1.155096411705017,0.05141257494688034,0.05503775179386139,0.12484539300203323
1540,-1.1245161294937134,-1.196349859237671,0.0345408171415329,0.037292975932359695,0.12480884790420532
1541,-0.9985389113426208,-1.1280255317687988,0.06508755683898926,0.06439907103776932,0.1247720718383789
1542,-1.0358432531356812,-1.1024408340454102,0.031154805794358253,0.03544282913208008,0.12473537027835846
1543,-0.900679886341095,-1.0227577686309814,0.060523275285959244,0.06155461072921753,0.12469852715730667
1544,-0.8751549124717712,-1.0141470432281494,0.06569583714008331,0.07329630106687546,0.12466175109148026
1545,-1.1670207977294922,-1.2210907936096191,0.02613806538283825,0.027931949123740196,0.1246253177523613
1546,-0.9859622716903687,-1.1595690250396729,0.09351963549852371,0.08008705079555511,0.12458869069814682
1547,-0.8141403198242188,-0.8869380354881287,0.03685604780912399,0.03594164550304413,0.12455210089683533
1548,-1.0695356130599976,-1.135767936706543,0.036663249135017395,0.029569074511528015,0.1245155781507492
1549,-0.9620117545127869,-1.0242960453033447,0.030860524624586105,0.03142375871539116,0.12447912991046906
1550,-0.8830523490905762,-0.9364871382713318,0.025443317368626595,0.027991479262709618,0.12444271892309189
1551,-1.1736934185028076,-1.2646334171295166,0.04462215676903725,0.04631777107715607,0.12440632283687592
1552,-0.9250460267066956,-1.0141143798828125,0.04614368453621864,0.042924657464027405,0.12436984479427338
1553,-0.9170977473258972,-1.0040180683135986,0.04132020100951195,0.04560009017586708,0.12433325499296188
1554,-0.8386586904525757,-0.9075627326965332,0.034485116600990295,0.03441891074180603,0.12429685890674591
1555,-0.9949217438697815,-1.0807344913482666,0.040441256016492844,0.04537148028612137,0.12426041811704636
1556,-1.0628401041030884,-1.1422042846679688,0.04081221669912338,0.038551874458789825,0.12422409653663635
1557,-0.9343302845954895,-1.0129027366638184,0.041663702577352524,0.036908745765686035,0.12418776750564575
1558,-0.9394367933273315,-0.9949963688850403,0.027040209621191025,0.028519371524453163,0.12415149807929993
1559,-0.9892694354057312,-1.2146095037460327,0.10869450867176056,0.11664550751447678,0.12411542236804962
1560,-0.9275254011154175,-0.9917381405830383,0.03274477645754814,0.03146795555949211,0.12407923489809036
1561,-0.8402541279792786,-0.9783884882926941,0.06891606748104095,0.06921830028295517,0.12404327094554901
1562,-0.942607581615448,-1.0145964622497559,0.03507110849022865,0.036917734891176224,0.12400710582733154
1563,-1.0426363945007324,-1.1351268291473389,0.04506172984838486,0.0474286787211895,0.12397077679634094
1564,-1.2411264181137085,-1.341361403465271,0.049644824117422104,0.05059010535478592,0.12393436580896378
1565,-0.92787104845047,-1.0385520458221436,0.05586305633187294,0.054817911237478256,0.12389782071113586
1566,-0.941017210483551,-0.9879084825515747,0.02518816664814949,0.02170310541987419,0.12386143207550049
1567,-0.9010536670684814,-0.9497916102409363,0.02421628311276436,0.024521660059690475,0.12382479012012482
1568,-0.9279356598854065,-0.9702663421630859,0.019817214459180832,0.02251342684030533,0.12378807365894318
1569,-0.9624240398406982,-1.0657981634140015,0.05314711108803749,0.050227053463459015,0.12375115603208542
1570,-1.1531153917312622,-1.2561930418014526,0.05033448711037636,0.05274320766329765,0.12371392548084259
1571,-1.0705801248550415,-1.1652336120605469,0.04798876494169235,0.04666466265916824,0.1236768290400505
1572,-1.0219745635986328,-1.0730849504470825,0.027027951553463936,0.024082420393824577,0.12363988161087036
1573,-1.021351933479309,-1.1065330505371094,0.04404376447200775,0.04113728180527687,0.12360309809446335
1574,-1.0228489637374878,-1.0611960887908936,0.020409658551216125,0.017937416210770607,0.12356647849082947
1575,-1.0627495050430298,-1.1962867975234985,0.060373395681381226,0.07316384464502335,0.1235300675034523
1576,-0.8636676073074341,-0.9291620850563049,0.0330120287835598,0.032482463866472244,0.12349370121955872
1577,-1.1263339519500732,-1.2999281883239746,0.08733005821704865,0.08626407384872437,0.12345737218856812
1578,-0.8960027694702148,-1.0237854719161987,0.06792652606964111,0.05985618010163307,0.12342096865177155
1579,-0.8900671601295471,-0.9599894285202026,0.03280032426118851,0.037121932953596115,0.12338460236787796
1580,-0.8067623972892761,-0.8838556408882141,0.035111699253320694,0.0419815368950367,0.1233481615781784
1581,-1.129012107849121,-1.3259071111679077,0.09500972181558609,0.10188529640436172,0.12331175804138184
1582,-0.9840418696403503,-1.1564993858337402,0.09006082266569138,0.08239669352769852,0.12327530980110168
1583,-0.9543799161911011,-1.040037751197815,0.039885520935058594,0.045772287994623184,0.12323886901140213
1584,-0.907274603843689,-0.996132493019104,0.04745997115969658,0.04139791056513786,0.1232026144862175
1585,-1.146098256111145,-1.2296245098114014,0.04526461660861969,0.03826161473989487,0.12316637486219406
1586,-1.01359224319458,-1.1231945753097534,0.04827972128987312,0.061322517693042755,0.12313014268875122
1587,-1.179164171218872,-1.2165343761444092,0.018372604623436928,0.018997561186552048,0.1230940967798233
1588,-0.8372445702552795,-0.9396458268165588,0.05242260545492172,0.04997868463397026,0.12305797636508942
1589,-1.0252249240875244,-1.061476230621338,0.019018547609448433,0.017232785001397133,0.12302204221487045
1590,-0.9074885845184326,-1.0177470445632935,0.05116410553455353,0.059094347059726715,0.12298617511987686
1591,-0.893484890460968,-1.0037853717803955,0.05359004810452461,0.05671042948961258,0.12295031547546387
1592,-1.0500786304473877,-1.10420560836792,0.027888137847185135,0.026238853111863136,0.12291458994150162
1593,-0.8286935091018677,-0.8679025769233704,0.018284622579813004,0.02092442661523819,0.1228787824511528
1594,-1.100254774093628,-1.22853422164917,0.06672205030918121,0.061557382345199585,0.12284301966428757
1595,-1.0235352516174316,-1.1402873992919922,0.057765305042266846,0.05898687243461609,0.12280743569135666
1596,-1.0390934944152832,-1.1009645462036133,0.033078841865062714,0.028792301192879677,0.12277210503816605
1597,-1.1210992336273193,-1.1860284805297852,0.030744846910238266,0.03418443724513054,0.1227366030216217
1598,-0.995020866394043,-1.0375628471374512,0.0212616715580225,0.021280279383063316,0.12270113825798035
1599,-0.9187461137771606,-1.045950174331665,0.05964150279760361,0.06756258010864258,0.12266583740711212
1600,-1.1217265129089355,-1.2241497039794922,0.05380579084157944,0.048617344349622726,0.1226305440068245
1601,-1.1514414548873901,-1.2554768323898315,0.0575142502784729,0.04652102291584015,0.12259548902511597
1602,-1.1281131505966187,-1.1737372875213623,0.019029034301638603,0.026595087721943855,0.12256038933992386
1603,-0.8429156541824341,-0.910733699798584,0.03232353553175926,0.03549451753497124,0.12252504378557205
1604,-1.0306147336959839,-1.0766254663467407,0.0221607256680727,0.02384999394416809,0.12248943746089935
1605,-1.1490659713745117,-1.2840662002563477,0.06754328310489655,0.06745690852403641,0.12245369702577591
1606,-1.0618845224380493,-1.116972804069519,0.029233114793896675,0.025855187326669693,0.12241790443658829
1607,-0.7637612819671631,-0.8240571022033691,0.028198417276144028,0.03209737688302994,0.12238209694623947
1608,-1.1862400770187378,-1.2792233228683472,0.04779800772666931,0.045185256749391556,0.12234645336866379
1609,-1.085610032081604,-1.1948859691619873,0.052141107618808746,0.057134855538606644,0.12231060862541199
1610,-1.1096408367156982,-1.2254308462142944,0.06118094548583031,0.054609090089797974,0.12227489054203033
1611,-0.7882053852081299,-1.2082829475402832,0.22597506642341614,0.19410252571105957,0.12223903834819794
1612,-1.1379084587097168,-1.2498071193695068,0.049733515828847885,0.06216515600681305,0.1222032830119133
1613,-0.9318169355392456,-0.9779233932495117,0.02109396830201149,0.025012517347931862,0.12216759473085403
1614,-0.8232676386833191,-1.119714617729187,0.1592058688402176,0.13724112510681152,0.12213163077831268
1615,-1.0706169605255127,-1.1498857736587524,0.0362158864736557,0.04305286332964897,0.1220954954624176
1616,-0.9167523980140686,-1.0469692945480347,0.0630759447813034,0.06714095175266266,0.12205935269594193
1617,-0.8313583731651306,-0.9562820792198181,0.06445006281137466,0.06047363206744194,0.1220230981707573
1618,-1.1178373098373413,-1.1846563816070557,0.03484365716576576,0.03197534754872322,0.12198673188686371
1619,-0.8980271220207214,-1.046007752418518,0.07589339464902878,0.07208723574876785,0.12195058912038803
1620,-1.1324964761734009,-1.2056448459625244,0.03985130041837692,0.0332970954477787,0.12191413342952728
1621,-0.9526249766349792,-1.0665866136550903,0.050356343388557434,0.06360522657632828,0.12187754362821579
1622,-1.0425643920898438,-1.094596266746521,0.025808190926909447,0.0262236837297678,0.12184102088212967
1623,-0.8667821288108826,-0.9449535012245178,0.04001924395561218,0.038152165710926056,0.12180451303720474
1624,-1.1381962299346924,-1.2114707231521606,0.035546232014894485,0.03772832825779915,0.12176807224750519
1625,-0.9229982495307922,-1.1620523929595947,0.11559931933879852,0.12345487624406815,0.1217317059636116
1626,-0.7834614515304565,-1.0453753471374512,0.12821930646896362,0.13369455933570862,0.12169530987739563
1627,-0.9457516670227051,-1.024742603302002,0.03943069651722908,0.03956025466322899,0.12165896594524384
1628,-0.9489177465438843,-1.0693953037261963,0.057057663798332214,0.06341996043920517,0.12162265181541443
1629,-1.1517804861068726,-1.2979564666748047,0.07859709113836288,0.06757891178131104,0.1215863823890686
1630,-1.1024141311645508,-1.1910728216171265,0.04741198942065239,0.0412466861307621,0.12154991924762726
1631,-1.1491643190383911,-1.229442834854126,0.038014642894268036,0.04226386919617653,0.12151353061199188
1632,-1.0173957347869873,-1.205566167831421,0.0975310206413269,0.0906393826007843,0.1214771494269371
1633,-1.1343501806259155,-1.203666090965271,0.03479414060711861,0.03452184423804283,0.12144074589014053
1634,-1.0040254592895508,-1.1869529485702515,0.09999939799308777,0.08292807638645172,0.12140418589115143
1635,-1.1506001949310303,-1.1922223567962646,0.02111412025988102,0.02050810493528843,0.12136760354042053
1636,-1.0786950588226318,-1.2147495746612549,0.06896887719631195,0.06708557158708572,0.12133120745420456
1637,-1.184868574142456,-1.2373583316802979,0.026713330298662186,0.02577637881040573,0.12129499018192291
1638,-1.060259461402893,-1.2155311107635498,0.08103552460670471,0.07423616945743561,0.12125873565673828
1639,-1.0889066457748413,-1.1881654262542725,0.046835385262966156,0.05242336541414261,0.1212226003408432
1640,-1.1664705276489258,-1.2468953132629395,0.0423281155526638,0.03809662163257599,0.12118636816740036
1641,-0.7116034626960754,-0.8449717164039612,0.0682092159986496,0.06515904515981674,0.12115028500556946
1642,-0.9496289491653442,-1.1030514240264893,0.07038098573684692,0.08304155617952347,0.12111412733793259
1643,-0.743643581867218,-0.8616816997528076,0.06584423780441284,0.05219390615820885,0.12107809633016586
1644,-0.9308851957321167,-1.0949325561523438,0.08562064170837402,0.07842670381069183,0.12104201316833496
1645,-0.9308291673660278,-1.0469987392425537,0.05297200009226799,0.0631975308060646,0.12100591510534286
1646,-0.9712031483650208,-1.0541435480117798,0.037955913692712784,0.04498451203107834,0.12096992135047913
1647,-1.0961450338363647,-1.1749459505081177,0.03940029814839363,0.039400625973939896,0.12093427777290344
1648,-1.0676051378250122,-1.2236485481262207,0.0736929327249527,0.0823504775762558,0.12089858204126358
1649,-0.9882780313491821,-1.0474331378936768,0.027792317792773247,0.03136275336146355,0.12086281925439835
1650,-0.9317263960838318,-1.0778939723968506,0.07088657468557358,0.07528097927570343,0.12082717567682266
1651,-1.0740286111831665,-1.212322473526001,0.06842175126075745,0.06987219303846359,0.1207917258143425
1652,-1.0744218826293945,-1.2170041799545288,0.07449758052825928,0.0680847018957138,0.12075644731521606
1653,-1.0205473899841309,-1.1392463445663452,0.06129653379321098,0.05740243196487427,0.12072127312421799
1654,-0.8487760424613953,-0.9271247982978821,0.03525161370635033,0.04309714213013649,0.12068581581115723
1655,-0.7990483641624451,-0.8881633281707764,0.053833138197660446,0.03528183326125145,0.12065043300390244
1656,-0.8640540838241577,-0.9450826644897461,0.04259540140628815,0.03843319043517113,0.12061507999897003
1657,-0.8011215329170227,-0.9434512853622437,0.06270182877779007,0.07962791621685028,0.12057977169752121
1658,-0.8925877809524536,-1.0604552030563354,0.09551164507865906,0.0723557397723198,0.12054433673620224
1659,-0.7848315834999084,-0.8534495234489441,0.037507183849811554,0.031110789626836777,0.12050861120223999
1660,-1.0015119314193726,-1.1957252025604248,0.10061381012201309,0.09359943866729736,0.12047325074672699
1661,-1.1146759986877441,-1.3129661083221436,0.1069265753030777,0.09136350452899933,0.12043781578540802
1662,-0.7496646642684937,-1.0793075561523438,0.18487928807735443,0.14476355910301208,0.1204029843211174
1663,-1.2383958101272583,-1.3322715759277344,0.05314238369464874,0.04073338210582733,0.12036822736263275
1664,-0.9009214043617249,-0.9850051403045654,0.04375997185707092,0.04032377153635025,0.12033344805240631
1665,-1.0281881093978882,-1.1242036819458008,0.05237213522195816,0.04364342242479324,0.12029902637004852
1666,-1.097718358039856,-1.1613047122955322,0.03258904069662094,0.030997276306152344,0.12026453018188477
1667,-1.0598571300506592,-1.2004454135894775,0.07779108732938766,0.0627971738576889,0.12023001164197922
1668,-1.0533173084259033,-1.1825557947158813,0.05888741463422775,0.07035116106271744,0.12019524723291397
1669,-0.9844498038291931,-1.0449011325836182,0.026967419311404228,0.03348390758037567,0.12016057968139648
1670,-1.240926742553711,-1.3445894718170166,0.05038650706410408,0.05327620357275009,0.12012597173452377
1671,-1.0424238443374634,-1.1675177812576294,0.06301440298557281,0.06207950785756111,0.12009143829345703
1672,-0.8140099048614502,-0.9323601126670837,0.060980070382356644,0.05737011879682541,0.12005685269832611
1673,-0.6826221942901611,-0.8135331273078918,0.06786002963781357,0.06305091083049774,0.12002231180667877
1674,-0.9341726899147034,-1.2295533418655396,0.149896502494812,0.14548416435718536,0.11998766660690308
1675,-1.0436780452728271,-1.1586419343948364,0.056519459933042526,0.05844440683722496,0.11995285749435425
1676,-1.1632239818572998,-1.2370076179504395,0.04201255738735199,0.031771041452884674,0.1199181079864502
1677,-0.7833179235458374,-0.9951143264770508,0.11147679388523102,0.10031962394714355,0.11988332122564316
1678,-1.0523662567138672,-1.108929991722107,0.023263247683644295,0.033300548791885376,0.11984854191541672
1679,-0.9849271178245544,-1.0405027866363525,0.023471131920814514,0.03210457041859627,0.1198137179017067
1680,-1.032576084136963,-1.3186924457550049,0.15157586336135864,0.13454051315784454,0.11977904289960861
1681,-0.825579822063446,-0.8770318031311035,0.028820769861340523,0.0226312093436718,0.11974432319402695
1682,-1.2219715118408203,-1.3159904479980469,0.048226188868284225,0.04579268395900726,0.11970978230237961
1683,-0.7910200357437134,-0.9686449766159058,0.07969307899475098,0.09793183207511902,0.11967519670724869
1684,-0.892742931842804,-1.0862798690795898,0.09483469277620316,0.09870225936174393,0.11964038759469986
1685,-0.7385718822479248,-0.967128574848175,0.12260839343070984,0.10594835132360458,0.11960585415363312
1686,-1.2883296012878418,-1.3726717233657837,0.04048476368188858,0.04385727643966675,0.11957111954689026
1687,-0.8955413699150085,-1.107082724571228,0.09369249641895294,0.11784880608320236,0.1195363774895668
1688,-0.9286460876464844,-0.9917168617248535,0.034045301377773285,0.029025524854660034,0.1195019856095314
1689,-1.153499960899353,-1.307817816734314,0.07937080413103104,0.07494696974754333,0.11946740001440048
1690,-1.1559110879898071,-1.3309434652328491,0.0777047872543335,0.0973275899887085,0.11943268030881882
1691,-1.054546594619751,-1.2060606479644775,0.07793468236923218,0.07357928156852722,0.11939803510904312
1692,-1.1890404224395752,-1.3088871240615845,0.058522067964076996,0.06132456287741661,0.1193632259964943
1693,-1.0046764612197876,-1.0484588146209717,0.0194596815854311,0.02432258240878582,0.11932879686355591
1694,-1.0881861448287964,-1.2353545427322388,0.07191546261310577,0.07525292038917542,0.11929468810558319
1695,-0.8037420511245728,-0.96427983045578,0.08406972885131836,0.0764680728316307,0.1192607581615448
1696,-0.8016235828399658,-0.928523600101471,0.06871519237756729,0.05818480625748634,0.11922664195299149
1697,-1.1336833238601685,-1.2954720258712769,0.08742257207632065,0.07436608523130417,0.11919254064559937
1698,-0.9907184839248657,-1.1352479457855225,0.06917434930801392,0.0753551721572876,0.1191587820649147
1699,-1.1019864082336426,-1.1724019050598145,0.030905110761523247,0.03951035439968109,0.11912503838539124
1700,-0.8644795417785645,-1.0320713520050049,0.08501888066530228,0.08257290720939636,0.11909133195877075
1701,-0.8203741312026978,-1.0313769578933716,0.10454213619232178,0.10646069049835205,0.11905726045370102
1702,-1.2136890888214111,-1.2987382411956787,0.041892506182193756,0.04315667226910591,0.11902309209108353
1703,-0.9176350235939026,-1.0998458862304688,0.08676640689373016,0.09544452279806137,0.11898896098136902
1704,-1.1000945568084717,-1.2796791791915894,0.09164632111787796,0.08793836832046509,0.11895497888326645
1705,-1.11992347240448,-1.2112648487091064,0.04299471527338028,0.04834666848182678,0.1189209446310997
1706,-0.9591555595397949,-1.041610836982727,0.03769740089774132,0.04475783929228783,0.11888690292835236
1707,-1.0523368120193481,-1.2130184173583984,0.07506189495325089,0.0856197401881218,0.11885266751050949
1708,-1.0211663246154785,-1.1182334423065186,0.051516093313694,0.04555103927850723,0.11881852149963379
1709,-0.9984486103057861,-1.1419004201889038,0.06907587498426437,0.07437597215175629,0.11878413707017899
1710,-1.084915280342102,-1.1709755659103394,0.04664470627903938,0.039415549486875534,0.11874984949827194
1711,-1.0796642303466797,-1.1774133443832397,0.04626557603478432,0.051483508199453354,0.1187155693769455
1712,-0.9980629086494446,-1.177058219909668,0.09748534858226776,0.0815100222826004,0.11868101358413696
1713,-0.9169296026229858,-1.101265788078308,0.09586282819509506,0.08847330510616302,0.11864635348320007
1714,-0.9431864619255066,-1.102407693862915,0.0703694224357605,0.08885176479816437,0.11861182004213333
1715,-0.7230126261711121,-0.849468469619751,0.0633893758058548,0.06306647509336472,0.11857738345861435
1716,-1.1908777952194214,-1.2821789979934692,0.045160625129938126,0.04614059627056122,0.11854295432567596
1717,-0.8720467686653137,-1.0282481908798218,0.07744912058115005,0.078752301633358,0.11850878596305847
1718,-0.9641866683959961,-1.0332194566726685,0.03398452326655388,0.035048242658376694,0.11847466230392456
1719,-1.3508583307266235,-1.4697917699813843,0.05410309135913849,0.06483033299446106,0.11844045668840408
1720,-1.0028740167617798,-1.0982221364974976,0.045849546790122986,0.049498505890369415,0.11840615421533585
1721,-1.0613458156585693,-1.179097056388855,0.05665953457355499,0.06109170243144035,0.11837225407361984
1722,-1.272722840309143,-1.3671214580535889,0.05055315047502518,0.043845467269420624,0.1183384507894516
1723,-1.103106141090393,-1.2353805303573608,0.06876087188720703,0.06351356208324432,0.118304543197155
1724,-1.1238629817962646,-1.4106030464172363,0.1471243053674698,0.1396157294511795,0.1182703897356987
1725,-1.1768224239349365,-1.2965121269226074,0.053883057087659836,0.06580667942762375,0.11823627352714539
1726,-0.9681154489517212,-1.1113723516464233,0.0760345458984375,0.06722234934568405,0.11820214241743088
1727,-1.134005069732666,-1.2052147388458252,0.0342300720512867,0.03697960078716278,0.11816813051700592
1728,-0.8887796401977539,-1.255100965499878,0.18114563822746277,0.18517564237117767,0.1181342750787735
1729,-0.9647665619850159,-1.0821644067764282,0.04597676917910576,0.07142110913991928,0.11810044944286346
1730,-0.7635034918785095,-0.894976019859314,0.07314839959144592,0.05832415074110031,0.1180666908621788
1731,-0.8062356114387512,-0.9840180277824402,0.09183434396982193,0.08594802767038345,0.11803320050239563
1732,-0.8333804607391357,-0.9124403595924377,0.04493410512804985,0.03412581980228424,0.11799957603216171
1733,-0.7938093543052673,-0.963367223739624,0.0863952785730362,0.08316260576248169,0.11796598881483078
1734,-1.079453706741333,-1.185630440711975,0.05534970387816429,0.05082700029015541,0.11793218553066254
1735,-1.1031075716018677,-1.1786220073699951,0.03707342967391014,0.0384410060942173,0.11789850890636444
1736,-0.9770285487174988,-1.1683967113494873,0.0956280529499054,0.09574014693498611,0.11786486953496933
1737,-1.059319257736206,-1.1708064079284668,0.05441221222281456,0.05707491561770439,0.1178312599658966
1738,-1.2273693084716797,-1.3465982675552368,0.06273842602968216,0.05649048089981079,0.1177976131439209
1739,-1.2414665222167969,-1.3685451745986938,0.06424158811569214,0.0628371611237526,0.11776410788297653
1740,-1.1014575958251953,-1.2720608711242676,0.0795680359005928,0.09103528410196304,0.11773061752319336
1741,-0.9728987216949463,-1.1073256731033325,0.0714825689792633,0.06294438242912292,0.11769719421863556
1742,-1.184628963470459,-1.2799066305160522,0.04973900690674782,0.04553861916065216,0.11766363680362701
1743,-1.2140527963638306,-1.3642090559005737,0.08189286291599274,0.0682634636759758,0.11762995272874832
1744,-0.8378421664237976,-1.0461030006408691,0.10331220924854279,0.10494865477085114,0.11759621649980545
1745,-0.758912980556488,-0.9861344695091248,0.11968320608139038,0.10753827542066574,0.1175626888871193
1746,-0.9262111186981201,-1.0049041509628296,0.0375402569770813,0.04115275666117668,0.11752905696630478
1747,-0.9030658006668091,-1.0845896005630493,0.08360903710126877,0.09791481494903564,0.11749563366174698
1748,-1.1474496126174927,-1.237265944480896,0.04668862372636795,0.04312767833471298,0.11746227741241455
1749,-0.6965057253837585,-0.8616780042648315,0.07682904601097107,0.08834318071603775,0.11742886900901794
1750,-0.9041540026664734,-1.0531542301177979,0.06734836101531982,0.08165188133716583,0.11739528179168701
1751,-0.6334846615791321,-0.840610146522522,0.1061427891254425,0.10098272562026978,0.11736191809177399
1752,-1.185408115386963,-1.2948297262191772,0.04618174210190773,0.06323975324630737,0.11732851713895798
1753,-0.9807845950126648,-1.0469647645950317,0.03128186985850334,0.034898366779088974,0.11729514598846436
1754,-1.0158799886703491,-1.120251178741455,0.050988197326660156,0.053383029997348785,0.11726196110248566
1755,-0.8583580255508423,-1.0860977172851562,0.11220870912075043,0.11553096771240234,0.11722894757986069
1756,-0.8395669460296631,-0.9542130827903748,0.05473456159234047,0.05991155281662941,0.11719594150781631
1757,-1.2163493633270264,-1.4372879266738892,0.11072173714637756,0.1102169007062912,0.11716271936893463
1758,-1.0133967399597168,-1.1388142108917236,0.0708242878317833,0.05459320545196533,0.1171296238899231
1759,-1.0117233991622925,-1.1197195053100586,0.059731800109148026,0.048264309763908386,0.11709670722484589
1760,-1.2037670612335205,-1.3313097953796387,0.06002359837293625,0.06751919537782669,0.11706359684467316
1761,-1.0118597745895386,-1.138248324394226,0.06634599715471268,0.06004244461655617,0.11703044921159744
1762,-1.0341966152191162,-1.1400446891784668,0.04852613806724548,0.05732186138629913,0.1169973611831665
1763,-1.0448729991912842,-1.1661746501922607,0.060191087424755096,0.06111062318086624,0.11696414649486542
1764,-1.2223607301712036,-1.3994150161743164,0.08264636248350143,0.09440794587135315,0.11693107336759567
1765,-1.1897540092468262,-1.2587205171585083,0.03672409802675247,0.03224240988492966,0.11689804494380951
1766,-0.9983734488487244,-1.211382269859314,0.11132249981164932,0.10168628394603729,0.11686526983976364
1767,-1.2265307903289795,-1.3495652675628662,0.05704836547374725,0.06598614156246185,0.11683239787817001
1768,-1.0809762477874756,-1.1906230449676514,0.05525659769773483,0.05439025163650513,0.11679959297180176
1769,-0.8893474340438843,-1.087990164756775,0.10329895466566086,0.09534378349781036,0.1167665421962738
1770,-1.1194936037063599,-1.2127724885940552,0.04525957629084587,0.04801928997039795,0.11673294007778168
1771,-1.0425876379013062,-1.1661098003387451,0.06771135330200195,0.055810846388339996,0.11669912934303284
1772,-0.817372739315033,-0.9484147429466248,0.06613174080848694,0.06491021811962128,0.11666538566350937
1773,-1.0256900787353516,-1.1643695831298828,0.06880197674036026,0.06987748295068741,0.1166319027543068
1774,-0.9978775382041931,-1.1131037473678589,0.059521522372961044,0.05570467934012413,0.11659865081310272
1775,-0.974699854850769,-1.1053545475006104,0.0643388107419014,0.0663159191608429,0.11656524240970612
1776,-1.1970155239105225,-1.2845332622528076,0.043101876974105835,0.04441585764288902,0.11653167009353638
1777,-1.081893801689148,-1.2337472438812256,0.0737229660153389,0.07813043147325516,0.11649797856807709
1778,-1.0808097124099731,-1.1490633487701416,0.039383664727211,0.02887002006173134,0.11646398901939392
1779,-1.032202959060669,-1.190442442893982,0.0757475346326828,0.082491934299469,0.11642978340387344
1780,-0.9013257026672363,-1.032705545425415,0.06922982633113861,0.06214997172355652,0.11639586091041565
1781,-0.6282217502593994,-1.0415128469467163,0.20422616600990295,0.20906493067741394,0.11636193096637726
1782,-1.0221940279006958,-1.098860502243042,0.03091403655707836,0.045752398669719696,0.11632789671421051
1783,-1.0499918460845947,-1.1508054733276367,0.05353223904967308,0.04728144034743309,0.11629372835159302
1784,-0.8644521832466125,-0.9308754205703735,0.03425360843539238,0.03216966614127159,0.1162596344947815
1785,-0.868094801902771,-1.0181269645690918,0.06292401999235153,0.08710811287164688,0.11622557044029236
1786,-0.5924805998802185,-0.7720020413398743,0.09215588867664337,0.0873655453324318,0.11619143933057785
1787,-1.0887484550476074,-1.1773490905761719,0.04481683298945427,0.0437837615609169,0.11615759134292603
1788,-0.9599772691726685,-1.0742390155792236,0.05437827482819557,0.059883471578359604,0.11612369865179062
1789,-0.7688562273979187,-0.9146537184715271,0.0804930031299591,0.0653044655919075,0.11609000712633133
1790,-1.0051300525665283,-1.1667615175247192,0.07862868160009384,0.08300277590751648,0.1160566583275795
1791,-0.7982931733131409,-0.9548162221908569,0.07061929255723953,0.08590377122163773,0.1160234585404396
1792,-1.2391481399536133,-1.368761420249939,0.0673234835267067,0.06228981539607048,0.11599021404981613
1793,-1.2958314418792725,-1.4241424798965454,0.0582982674241066,0.07001281529664993,0.11595676094293594
1794,-1.2136183977127075,-1.3865972757339478,0.0885072648525238,0.08447162806987762,0.11592328548431396
1795,-1.098488450050354,-1.1820087432861328,0.04521027207374573,0.03831000253558159,0.11588992923498154
1796,-1.0194571018218994,-1.1171931028366089,0.05462845787405968,0.04310750961303711,0.11585644632577896
1797,-1.147240400314331,-1.2256125211715698,0.034126847982406616,0.04424525424838066,0.11582308262586594
1798,-0.7854470610618591,-0.9588397145271301,0.08394882827997208,0.08944381028413773,0.11578964442014694
1799,-1.1549124717712402,-1.2567853927612305,0.05575445666909218,0.04611852392554283,0.11575622111558914
1800,-0.9027429819107056,-1.0217926502227783,0.05575648322701454,0.06329313665628433,0.11572283506393433
1801,-0.8277890682220459,-0.9465409517288208,0.0535762757062912,0.06517557054758072,0.11568915098905563
1802,-0.9004408717155457,-1.1107362508773804,0.10800310969352722,0.10229222476482391,0.11565550416707993
1803,-1.0685304403305054,-1.1687366962432861,0.05660313740372658,0.04360303655266762,0.11562181264162064
1804,-0.8055819869041443,-0.9756627082824707,0.08290788531303406,0.08717280626296997,0.11558807641267776
1805,-0.9437876343727112,-1.120194435119629,0.0788145437836647,0.09759227931499481,0.11555468291044235
1806,-1.195382833480835,-1.292761206626892,0.05099158734083176,0.04638684540987015,0.11552120745182037
1807,-1.0505971908569336,-1.1616919040679932,0.05003116652369499,0.061063576489686966,0.11548783630132675
1808,-0.974307656288147,-1.144351601600647,0.08440335839986801,0.08564051985740662,0.11545441299676895
1809,-1.0987465381622314,-1.1971532106399536,0.054713647812604904,0.04369308799505234,0.11542105674743652
1810,-0.9708505272865295,-1.1442006826400757,0.0906478762626648,0.08270233124494553,0.11538790166378021
1811,-1.0400745868682861,-1.0949339866638184,0.029233818873763084,0.025625530630350113,0.11535478383302689
1812,-0.6948875188827515,-0.9646004438400269,0.14109951257705688,0.1286134272813797,0.1153215616941452
1813,-0.973792552947998,-1.0357675552368164,0.026131756603717804,0.035843223333358765,0.11528810858726501
1814,-0.9267686009407043,-1.0859442949295044,0.08068662881851196,0.07848900556564331,0.11525477468967438
1815,-0.9104145765304565,-1.0008127689361572,0.04104329273104668,0.04935489967465401,0.11522158235311508
1816,-0.7467673420906067,-0.9648284316062927,0.11315438151359558,0.10490673035383224,0.11518850922584534
1817,-0.9727258086204529,-1.1253647804260254,0.07721122354269028,0.07542768865823746,0.11515550315380096
1818,-0.7153720259666443,-0.9492727518081665,0.11345955729484558,0.12044113129377365,0.11512237042188644
1819,-0.783121645450592,-0.9979040026664734,0.11208006739616394,0.10270233452320099,0.11508927494287491
1820,-0.9550762176513672,-1.0418063402175903,0.04282696545124054,0.04390319436788559,0.11505615711212158
1821,-0.9849965572357178,-1.1176283359527588,0.07021641731262207,0.06241533160209656,0.11502305418252945
1822,-1.333512544631958,-1.4661118984222412,0.06814959645271301,0.06444977223873138,0.1149897649884224
1823,-1.1338932514190674,-1.245882272720337,0.052268173545598984,0.05972089618444443,0.11495668441057205
1824,-1.0904227495193481,-1.1905584335327148,0.04930509254336357,0.05083055421710014,0.11492384970188141
1825,-1.0104272365570068,-1.1491060256958008,0.06617901474237442,0.07249969244003296,0.114890918135643
1826,-1.1213037967681885,-1.2829954624176025,0.0781959593296051,0.08349578082561493,0.11485791951417923
1827,-1.2138700485229492,-1.305977702140808,0.04305477440357208,0.049052830785512924,0.11482486873865128
1828,-0.8768408894538879,-0.9861640334129333,0.05272737145423889,0.05659572780132294,0.11479204893112183
1829,-0.8359469771385193,-0.9909680485725403,0.07890342175960541,0.0761176273226738,0.114759162068367
1830,-1.1109422445297241,-1.172741413116455,0.030320296064019203,0.0314788855612278,0.11472640931606293
1831,-0.8938320279121399,-1.1191173791885376,0.11206647753715515,0.11321882903575897,0.11469364911317825
1832,-0.9733865857124329,-1.062237024307251,0.04606964439153671,0.04278084263205528,0.11466119438409805
1833,-1.0686978101730347,-1.2010164260864258,0.06423209607601166,0.06808654963970184,0.11462858319282532
1834,-0.7065165042877197,-0.8122962713241577,0.04908778518438339,0.05669198930263519,0.11459598690271378
1835,-1.0380504131317139,-1.1498852968215942,0.04905907064676285,0.0627758651971817,0.11456364393234253
1836,-1.0447129011154175,-1.1829700469970703,0.07037670165300369,0.06788040697574615,0.11453114449977875
1837,-0.9754226207733154,-1.0613375902175903,0.03947654366493225,0.04643845558166504,0.11449860036373138
1838,-1.2976733446121216,-1.392322063446045,0.044402800500392914,0.050245918333530426,0.11446584761142731
1839,-1.2411456108093262,-1.3270522356033325,0.039974700659513474,0.04593191295862198,0.1144329383969307
1840,-1.0786045789718628,-1.1502575874328613,0.036728598177433014,0.034924376755952835,0.11440028250217438
1841,-1.2628296613693237,-1.3695387840270996,0.05165858194231987,0.055050477385520935,0.11436788737773895
1842,-0.9636010527610779,-1.0815367698669434,0.05172890052199364,0.06620689481496811,0.11433552205562592
1843,-0.9348876476287842,-1.0492501258850098,0.059017281979322433,0.05534520372748375,0.11430300772190094
1844,-1.2242794036865234,-1.3270996809005737,0.0495535209774971,0.05326681584119797,0.11427047103643417
1845,-0.9504761695861816,-1.0674712657928467,0.05971435829997063,0.057280801236629486,0.11423781514167786
1846,-0.9176810383796692,-1.03679621219635,0.05621016025543213,0.06290503591299057,0.11420494318008423
1847,-0.8576101660728455,-1.1949278116226196,0.161610946059227,0.175706684589386,0.11417186260223389
1848,-0.8749067187309265,-0.9882454872131348,0.05686906725168228,0.056469693779945374,0.11413871496915817
1849,-1.1181234121322632,-1.184473991394043,0.03514956682920456,0.031201031059026718,0.11410552263259888
1850,-1.0383996963500977,-1.1324355602264404,0.043282750993967056,0.050753090530633926,0.11407238990068436
1851,-0.8166990876197815,-0.8860628008842468,0.032193828374147415,0.037169892340898514,0.11403921246528625
1852,-0.8803055286407471,-1.0976717472076416,0.11062909662723541,0.10673713684082031,0.1140059158205986
1853,-1.102225661277771,-1.2430148124694824,0.06915317475795746,0.07163597643375397,0.11397253721952438
1854,-1.268638014793396,-1.3236262798309326,0.027078958228230476,0.027909308671951294,0.11393903940916061
1855,-0.5281998515129089,-0.6955724358558655,0.07898787409067154,0.08838469535112381,0.11390549689531326
1856,-0.7635753750801086,-0.8910366296768188,0.06337308883666992,0.06408818811178207,0.11387196183204651
1857,-0.9692630767822266,-1.0904650688171387,0.050519078969955444,0.07068285346031189,0.11383865028619766
1858,-1.1432793140411377,-1.242119550704956,0.048048198223114014,0.05079197511076927,0.11380549520254135
1859,-0.7805709838867188,-1.0515081882476807,0.13694429397583008,0.13399288058280945,0.11377207189798355
1860,-1.1774635314941406,-1.2478854656219482,0.03606260567903519,0.034359365701675415,0.11373865604400635
1861,-0.9973297119140625,-1.0994329452514648,0.052813880145549774,0.049289338290691376,0.1137053593993187
1862,-1.1914827823638916,-1.3151564598083496,0.06145305186510086,0.062220532447099686,0.11367221176624298
1863,-1.210050344467163,-1.3498413562774658,0.06561923772096634,0.07417183369398117,0.1136389896273613
1864,-0.8186458349227905,-0.9236674308776855,0.044419027864933014,0.060602568089962006,0.1136058047413826
1865,-0.9806869029998779,-1.0832703113555908,0.04898945614695549,0.05359397828578949,0.11357249319553375
1866,-1.0660619735717773,-1.1508320569992065,0.045176465064287186,0.039593543857336044,0.11353933066129684
1867,-1.1291801929473877,-1.1907724142074585,0.029079759493470192,0.03251248225569725,0.11350622773170471
1868,-0.9113718867301941,-0.9654035568237305,0.02823314629495144,0.025798490270972252,0.11347275227308273
1869,-1.1086137294769287,-1.1801013946533203,0.03973869979381561,0.03174903243780136,0.1134391576051712
1870,-0.7622940540313721,-0.8825278878211975,0.05007852986454964,0.07015533000230789,0.1134057343006134
1871,-1.0338478088378906,-1.149060606956482,0.05579735338687897,0.05941550433635712,0.11337191611528397
1872,-0.9383087754249573,-1.0143711566925049,0.03759274259209633,0.03846963122487068,0.11333843320608139
1873,-1.116292953491211,-1.217882513999939,0.046184178441762924,0.055405426770448685,0.11330517381429672
1874,-0.9304850101470947,-1.0402252674102783,0.05204339325428009,0.05769690126180649,0.11327200382947922
1875,-1.3165806531906128,-1.4371148347854614,0.0647687166929245,0.05576549097895622,0.1132391169667244
1876,-0.8357428312301636,-1.0997306108474731,0.1248607337474823,0.1391269862651825,0.11320620775222778
1877,-0.9958252310752869,-1.095468521118164,0.04582643508911133,0.05381687730550766,0.11317331343889236
1878,-1.121755599975586,-1.2155190706253052,0.04835432767868042,0.04540924355387688,0.11314026266336441
1879,-1.0931293964385986,-1.1989829540252686,0.053883492946624756,0.05196995288133621,0.11310716718435287
1880,-0.7139215469360352,-0.896052896976471,0.09052795171737671,0.09160340577363968,0.11307413876056671
1881,-1.0240635871887207,-1.1637792587280273,0.0667656809091568,0.07294997572898865,0.11304084956645966
1882,-0.9484989047050476,-1.100395679473877,0.07940620183944702,0.07249049097299576,0.11300748586654663
1883,-0.82568359375,-0.9536720514297485,0.06941715627908707,0.05857125669717789,0.11297435313463211
1884,-0.9406679272651672,-1.0381108522415161,0.04783603549003601,0.04960687458515167,0.11294104158878326
1885,-0.9952605962753296,-1.1465411186218262,0.07162752747535706,0.0796530470252037,0.11290781944990158
1886,-0.8612775802612305,-1.0475009679794312,0.09118033945560455,0.09504308551549911,0.11287470906972885
1887,-1.233081340789795,-1.2923096418380737,0.024577058851718903,0.03465129807591438,0.1128416657447815
1888,-0.8695868849754333,-0.9418548345565796,0.03371881693601608,0.038549114018678665,0.11280868947505951
1889,-1.0087522268295288,-1.0814526081085205,0.03500862792134285,0.03769168630242348,0.11277542263269424
1890,-1.0268644094467163,-1.1139694452285767,0.04456453397870064,0.04254056513309479,0.1127423346042633
1891,-1.059753179550171,-1.1552947759628296,0.04301593825221062,0.05252566561102867,0.11270914226770401
1892,-0.9601667523384094,-1.1326757669448853,0.09076659381389618,0.08174245059490204,0.11267592757940292
1893,-1.0329747200012207,-1.1239244937896729,0.0464504100382328,0.044499412178993225,0.11264272779226303
1894,-0.8127943873405457,-0.8842608332633972,0.032667770981788635,0.03879871219396591,0.11260940879583359
1895,-0.8287143707275391,-0.8966565132141113,0.031242622062563896,0.036699507385492325,0.11257617175579071
1896,-1.1499978303909302,-1.2423208951950073,0.04171915352344513,0.05060382932424545,0.11254289746284485
1897,-0.8896504640579224,-1.0474364757537842,0.0808151364326477,0.07697087526321411,0.1125098168849945
1898,-0.8095507621765137,-0.9171127676963806,0.04911118745803833,0.058450791984796524,0.11247682571411133
1899,-0.9957393407821655,-1.0614893436431885,0.03771716728806496,0.02803277038037777,0.11244344711303711
1900,-1.0725351572036743,-1.2251335382461548,0.08187458664178848,0.07072380185127258,0.11241023987531662
1901,-0.8621948957443237,-0.9408361911773682,0.035863496363162994,0.04277775436639786,0.11237706243991852
1902,-0.9350430965423584,-1.0080617666244507,0.035141270607709885,0.037877410650253296,0.1123441681265831
1903,-1.0694633722305298,-1.1455403566360474,0.04076812416315079,0.035308800637722015,0.11231162399053574
1904,-1.1565736532211304,-1.242362380027771,0.046950582414865494,0.03883817791938782,0.11227893829345703
1905,-0.9996753931045532,-1.0963287353515625,0.04586353898048401,0.05078980326652527,0.11224604398012161
1906,-0.7127848863601685,-0.8332433104515076,0.058625634759664536,0.06183277443051338,0.11221299320459366
1907,-0.9026705026626587,-0.9906957745552063,0.043394770473241806,0.04463055357336998,0.1121799573302269
1908,-1.0528502464294434,-1.1513354778289795,0.05101285129785538,0.047472305595874786,0.11214695870876312
1909,-1.1078094244003296,-1.196239948272705,0.0424334779381752,0.045997023582458496,0.11211343854665756
1910,-1.1478763818740845,-1.2210911512374878,0.033376164734363556,0.039838552474975586,0.1120801642537117
1911,-0.9991046786308289,-1.0960016250610352,0.04664286971092224,0.05025406926870346,0.11204703152179718
1912,-0.8792438507080078,-0.9769129157066345,0.04873090237379074,0.04893818125128746,0.11201398819684982
1913,-1.0002973079681396,-1.130340814590454,0.06983503699302673,0.06020846962928772,0.11198093742132187
1914,-0.720814049243927,-0.9469195604324341,0.11958472430706024,0.10652075707912445,0.1119479164481163
1915,-1.1748466491699219,-1.2570254802703857,0.037399422377347946,0.04477940499782562,0.11191479116678238
1916,-1.2312359809875488,-1.3053683042526245,0.03281611576676369,0.0413162000477314,0.11188184469938278
1917,-1.1957913637161255,-1.2617096900939941,0.033272936940193176,0.03264531120657921,0.1118488535284996
1918,-0.9030242562294006,-0.9915059804916382,0.04484013840556145,0.04364154487848282,0.11181581765413284
1919,-0.8781123161315918,-0.9885046482086182,0.05132238566875458,0.05906996130943298,0.11178287118673325
1920,-1.21119225025177,-1.2890843152999878,0.038641270250082016,0.03925079479813576,0.11175009608268738
1921,-0.8534148931503296,-0.937384843826294,0.04040183126926422,0.04356812685728073,0.11171749234199524
1922,-1.0453559160232544,-1.133739948272705,0.049804821610450745,0.038579221814870834,0.1116848960518837
1923,-1.0638660192489624,-1.1769715547561646,0.05268184840679169,0.060423754155635834,0.11165238916873932
1924,-1.1104576587677002,-1.193344235420227,0.03868790715932846,0.04419863596558571,0.111620232462883
1925,-1.0836398601531982,-1.1724073886871338,0.04476805403828621,0.04399943724274635,0.11158803850412369
1926,-0.9872181415557861,-1.1070901155471802,0.056796595454216,0.06307540088891983,0.11155624687671661
1927,-0.9972124099731445,-1.117978572845459,0.06380070000886917,0.05696544423699379,0.11152428388595581
1928,-1.0413199663162231,-1.081472635269165,0.016973162069916725,0.023179583251476288,0.11149251461029053
1929,-0.9669304490089417,-1.107844591140747,0.06515763700008392,0.0757564976811409,0.11146064847707748
1930,-0.7798386216163635,-0.9336225986480713,0.06990467756986618,0.08387929201126099,0.11142846941947937
1931,-1.0791524648666382,-1.1938621997833252,0.059313416481018066,0.05539634823799133,0.11139601469039917
1932,-0.8054224848747253,-0.89361971616745,0.044285088777542114,0.043912120163440704,0.11136350780725479
1933,-0.8710801005363464,-0.9300733804702759,0.02381843328475952,0.03517485409975052,0.11133109033107758
1934,-1.1702239513397217,-1.285069465637207,0.058049045503139496,0.05679639056324959,0.11129860579967499
1935,-1.1353005170822144,-1.2382487058639526,0.052889689803123474,0.05005847290158272,0.11126624047756195
1936,-0.7312006950378418,-0.9083354473114014,0.08118371665477753,0.09595103561878204,0.11123380064964294
1937,-1.1283451318740845,-1.2090260982513428,0.040713146328926086,0.03996780142188072,0.11120153218507767
1938,-0.953399658203125,-1.0591776371002197,0.0522390678524971,0.05353894084692001,0.11116932332515717
1939,-1.2577117681503296,-1.392948031425476,0.06631331145763397,0.06892304867506027,0.1111372858285904
1940,-1.1048853397369385,-1.183363914489746,0.041026074439287186,0.03745239973068237,0.11110527813434601
1941,-1.1815975904464722,-1.2677996158599854,0.044037193059921265,0.042164795100688934,0.11107360571622849
1942,-1.1955833435058594,-1.2982611656188965,0.05789756029844284,0.04478023573756218,0.11104169487953186
1943,-0.9307891130447388,-1.008735179901123,0.03961024805903435,0.03833577036857605,0.11100993305444717
1944,-0.974419355392456,-1.0534780025482178,0.040565356612205505,0.038493283092975616,0.11097835749387741
1945,-0.6509292125701904,-0.7590031623840332,0.05023907497525215,0.05783486366271973,0.11094669252634048
1946,-1.107620358467102,-1.314772605895996,0.10816610604524612,0.09898609668016434,0.11091495305299759
1947,-1.0079249143600464,-1.1001379489898682,0.044428542256355286,0.04778444021940231,0.11088331043720245
1948,-1.090181827545166,-1.1775074005126953,0.04089868813753128,0.04642695188522339,0.11085169017314911
1949,-0.7914023399353027,-1.0187568664550781,0.12623678147792816,0.10111774504184723,0.11081980168819427
1950,-0.8472470045089722,-0.9286434054374695,0.04540550708770752,0.03599089756608009,0.11078796535730362
1951,-1.1916306018829346,-1.2689708471298218,0.03165639564394951,0.04568380489945412,0.11075606197118759
1952,-1.1136937141418457,-1.2144123315811157,0.04150696098804474,0.0592116042971611,0.11072392761707306
1953,-1.17732834815979,-1.2857952117919922,0.05041646212339401,0.05805041268467903,0.11069191247224808
1954,-1.1201223134994507,-1.2476176023483276,0.06115289404988289,0.06634239107370377,0.11066006124019623
1955,-1.3526419401168823,-1.410492181777954,0.032375436276197433,0.025474824011325836,0.11062846332788467
1956,-0.8803689479827881,-1.1505236625671387,0.14094066619873047,0.12921401858329773,0.11059694737195969
1957,-0.8662964701652527,-1.0188672542572021,0.07657845318317413,0.07599236816167831,0.11056535691022873
1958,-0.9864965677261353,-1.1624423265457153,0.09608463943004608,0.07986116409301758,0.11053389310836792
1959,-1.0422333478927612,-1.1604493856430054,0.053130727261304855,0.0650852844119072,0.11050234735012054
1960,-0.9289506077766418,-1.015077829360962,0.04101860895752907,0.045108601450920105,0.11047068983316422
1961,-1.080773115158081,-1.1607730388641357,0.035614416003227234,0.04438553377985954,0.11043884605169296
1962,-0.9509811401367188,-1.0823599100112915,0.06258302181959152,0.0687958151102066,0.11040699481964111
1963,-0.8667211532592773,-0.9286449551582336,0.028543684631586075,0.033380113542079926,0.11037522554397583
1964,-0.9190186858177185,-1.0875648260116577,0.08161119371652603,0.08693497627973557,0.11034338921308517
1965,-1.2200983762741089,-1.3006296157836914,0.03717988356947899,0.0433514229953289,0.11031132191419601
1966,-1.0910991430282593,-1.2042973041534424,0.05590211600065231,0.05729607492685318,0.1102791354060173
1967,-1.102325201034546,-1.1756198406219482,0.03202906250953674,0.04126561060547829,0.11024700850248337
1968,-1.1332255601882935,-1.252608299255371,0.06143806129693985,0.057944655418395996,0.11021503061056137
1969,-1.1668821573257446,-1.2295033931732178,0.0333932489156723,0.029227979481220245,0.11018303036689758
1970,-1.050026297569275,-1.2152040004730225,0.0746404379606247,0.09053732454776764,0.11015085130929947
1971,-0.8567464351654053,-0.9639054536819458,0.051430702209472656,0.05572834238409996,0.11011847853660583
1972,-1.1886488199234009,-1.2922232151031494,0.0533190593123436,0.05025531351566315,0.11008615791797638
1973,-0.9162432551383972,-1.0069048404693604,0.04462018609046936,0.046041447669267654,0.11005374789237976
1974,-1.0028517246246338,-1.0594762563705444,0.029189150780439377,0.02743544429540634,0.11002127081155777
1975,-0.9210480451583862,-1.1176890134811401,0.09213760495185852,0.10450340062379837,0.10998856276273727
1976,-0.8978051543235779,-1.0099626779556274,0.055249132215976715,0.056908391416072845,0.10995618253946304
1977,-1.133164644241333,-1.2473173141479492,0.057140201330184937,0.057012420147657394,0.10992381721735
1978,-1.029695749282837,-1.1179487705230713,0.03950363025069237,0.04874945804476738,0.1098916083574295
1979,-1.1993626356124878,-1.3381223678588867,0.062497757375240326,0.07626195251941681,0.10985951870679855
1980,-0.9954493045806885,-1.0692633390426636,0.03378988802433014,0.04002413898706436,0.10982751846313477
1981,-1.0706387758255005,-1.0962460041046143,0.0103097353130579,0.015297583304345608,0.10979562997817993
1982,-1.0896340608596802,-1.1435503959655762,0.025862490758299828,0.028053903952240944,0.10976366698741913
1983,-1.1403530836105347,-1.248372197151184,0.05336075276136398,0.05465846136212349,0.10973166674375534
1984,-0.8468852639198303,-0.9648919105529785,0.05404961109161377,0.06395702064037323,0.1096997782588005
1985,-1.0479600429534912,-1.0977979898452759,0.024562476202845573,0.02527548000216484,0.1096680611371994
1986,-1.0503149032592773,-1.1334810256958008,0.04323509335517883,0.03993101418018341,0.1096365824341774
1987,-1.0175495147705078,-1.141422986984253,0.06358878314495087,0.06028467416763306,0.10960498452186584
1988,-0.8949363827705383,-1.0391348600387573,0.06540165841579437,0.07879679650068283,0.10957323759794235
1989,-0.8494083881378174,-0.9465579390525818,0.04985317587852478,0.04729641601443291,0.10954150557518005
1990,-0.9310092926025391,-0.9654474854469299,0.019933050498366356,0.014505138620734215,0.10950972139835358
1991,-1.2551876306533813,-1.3644537925720215,0.05111079663038254,0.0581553615629673,0.10947821289300919
1992,-1.0803643465042114,-1.1880011558532715,0.045584168285131454,0.06205262616276741,0.10944663733243942
1993,-1.1445869207382202,-1.2160937786102295,0.028507957234978676,0.04299895092844963,0.10941512137651443
1994,-0.8517000675201416,-0.9497882127761841,0.046175748109817505,0.051912397146224976,0.10938366502523422
1995,-0.9146423935890198,-1.0236396789550781,0.04894440621137619,0.060052864253520966,0.10935185104608536
1996,-1.1283247470855713,-1.2071939706802368,0.04102170094847679,0.03784757852554321,0.10931991785764694
1997,-0.9485000371932983,-1.0555747747421265,0.05274265259504318,0.05433216691017151,0.1092880442738533
1998,-0.9654743075370789,-1.0074020624160767,0.023335933685302734,0.018591828644275665,0.10925623774528503
1999,-1.080862045288086,-1.1627787351608276,0.043588172644376755,0.038328588008880615,0.1092245951294899
2000,-0.7716934084892273,-0.9166420698165894,0.07106568664312363,0.07388301193714142,0.10919298231601715
2001,-1.1568909883499146,-1.3005564212799072,0.06776171177625656,0.07590381056070328,0.10916125029325485
2002,-1.318468451499939,-1.402597427368164,0.04081133008003235,0.043317727744579315,0.1091296374797821
2003,-1.1909416913986206,-1.2632865905761719,0.03442738205194473,0.037917472422122955,0.10909784585237503
2004,-0.7222257852554321,-0.8927401900291443,0.09283483773469925,0.0776795893907547,0.10906603932380676
2005,-1.1178117990493774,-1.2509088516235352,0.06452159583568573,0.06857546418905258,0.1090342178940773
2006,-1.06239652633667,-1.165266990661621,0.05212433636188507,0.050746042281389236,0.10900232195854187
2007,-1.0168724060058594,-1.0890848636627197,0.03633604943752289,0.03587639704346657,0.10897041112184525
2008,-0.9326081871986389,-0.9883161783218384,0.02526564709842205,0.03044237196445465,0.10893838852643967
2009,-1.0588228702545166,-1.1331654787063599,0.034702200442552567,0.039640381932258606,0.10890623927116394
2010,-0.9649996757507324,-1.1190110445022583,0.07851037383079529,0.0755009800195694,0.10887427628040314
2011,-1.2506005764007568,-1.2977300882339478,0.023423807695508003,0.023705752566456795,0.10884222388267517
2012,-0.8401305079460144,-0.9529138803482056,0.054295863956213,0.058487553149461746,0.10881010442972183
2013,-0.8509565591812134,-0.9022253155708313,0.026256822049617767,0.025011936202645302,0.10877804458141327
2014,-1.1603028774261475,-1.260817527770996,0.053683359175920486,0.046831291168928146,0.1087459921836853
2015,-1.1507704257965088,-1.2423263788223267,0.04687722399830818,0.04467873275279999,0.108714260160923
2016,-0.8086362481117249,-0.8642571568489075,0.03025692328810692,0.025363964959979057,0.1086823046207428
2017,-1.096244215965271,-1.192699670791626,0.04832163825631142,0.04813382402062416,0.10865023732185364
2018,-0.7129687070846558,-0.8610542416572571,0.0802173763513565,0.06786815077066422,0.10861804336309433
2019,-0.6302424669265747,-0.6845263242721558,0.02354852668941021,0.030735332518815994,0.1085859090089798
2020,-1.151291847229004,-1.2626657485961914,0.05469147115945816,0.05668247491121292,0.10855339467525482
2021,-1.0338006019592285,-1.1247899532318115,0.042882971465587616,0.04810637608170509,0.10852081328630447
2022,-1.0837035179138184,-1.1880892515182495,0.05569827929139137,0.04868742451071739,0.10848824679851532
2023,-0.9442064166069031,-0.9860554933547974,0.020113622769713402,0.021735427901148796,0.10845594108104706
2024,-0.740235447883606,-0.907128095626831,0.07169853150844574,0.09519410133361816,0.10842373222112656
2025,-1.1982929706573486,-1.26334810256958,0.03165894001722336,0.033396217972040176,0.10839139670133591
2026,-1.2233651876449585,-1.3228214979171753,0.049335986375808716,0.05012037605047226,0.1083594337105751
2027,-0.9459643959999084,-1.0332993268966675,0.04880213737487793,0.038532812148332596,0.10832732915878296
2028,-0.9272987246513367,-0.992251455783844,0.028112828731536865,0.03683992475271225,0.10829532891511917
2029,-1.0815972089767456,-1.123247742652893,0.0205023642629385,0.02114824205636978,0.10826323926448822
2030,-0.9630231857299805,-1.04623281955719,0.04121941700577736,0.041990190744400024,0.10823134332895279
2031,-0.8631043434143066,-1.0311943292617798,0.0817965641617775,0.08629338443279266,0.10819947719573975
2032,-1.0778868198394775,-1.1816500425338745,0.05309496819972992,0.050668202340602875,0.10816752165555954
2033,-0.9783378839492798,-1.2352826595306396,0.13726869225502014,0.11967608332633972,0.10813552141189575
2034,-0.798545777797699,-0.9822832345962524,0.09697221219539642,0.08676524460315704,0.10810348391532898
2035,-0.7606491446495056,-0.8648911118507385,0.04712560772895813,0.057116344571113586,0.10807155072689056
2036,-0.9561998248100281,-1.0490933656692505,0.04305035620927811,0.04984311759471893,0.10803958028554916
2037,-1.0108227729797363,-1.0977973937988281,0.038604237139225006,0.048370346426963806,0.10800766944885254
2038,-0.9013305306434631,-1.0442249774932861,0.06274716556072235,0.08014725893735886,0.1079757958650589
2039,-1.059415340423584,-1.1907552480697632,0.06704196333885193,0.0642978623509407,0.10794408619403839
2040,-1.0908465385437012,-1.1792874336242676,0.04101944714784622,0.047421395778656006,0.10791243612766266
2041,-0.9255012273788452,-0.9986706972122192,0.03468788415193558,0.03848161920905113,0.10788058489561081
2042,-0.9615538716316223,-1.0523207187652588,0.048806071281433105,0.04196079820394516,0.10784882307052612
2043,-0.9801536202430725,-1.0503941774368286,0.034388720989227295,0.03585188463330269,0.10781712830066681
2044,-1.2411614656448364,-1.33498215675354,0.049668487161397934,0.04415225610136986,0.10778546333312988
2045,-0.9041067957878113,-0.9510096907615662,0.02416079118847847,0.02274209074676037,0.10775385797023773
2046,-1.0023666620254517,-1.0748872756958008,0.03241943567991257,0.040101177990436554,0.10772234201431274
2047,-0.9473888278007507,-1.050708293914795,0.04558156430721283,0.05773787945508957,0.10769072920084
2048,-0.8929464221000671,-1.215381383895874,0.17225836217403412,0.15017656981945038,0.10765915364027023
2049,-1.268295168876648,-1.3484406471252441,0.0395277664065361,0.04061766341328621,0.10762763768434525
2050,-0.9395732879638672,-1.0725769996643066,0.06600937247276306,0.06699427962303162,0.10759589821100235
2051,-1.0557312965393066,-1.146878957748413,0.04552777111530304,0.045619841665029526,0.10756414383649826
2052,-0.9314108490943909,-1.0104302167892456,0.040903594344854355,0.03811578080058098,0.10753227025270462
2053,-1.2030888795852661,-1.2736220359802246,0.03817598521709442,0.03235718980431557,0.10750053822994232
2054,-0.9500980377197266,-1.0558185577392578,0.04859727993607521,0.05712321400642395,0.10746897011995316
2055,-1.0531041622161865,-1.2444026470184326,0.10145982354879379,0.0898386761546135,0.10743725299835205
2056,-1.143446445465088,-1.210167646408081,0.029415979981422424,0.03730525076389313,0.10740546882152557
2057,-0.8515508770942688,-1.060040831565857,0.09835357964038849,0.11013638228178024,0.10737377405166626
2058,-1.1141526699066162,-1.200514793395996,0.03772095590829849,0.048641227185726166,0.10734200477600098
2059,-0.8870688676834106,-0.988662838935852,0.05188889428973198,0.04970506578683853,0.10731025040149689
2060,-0.9570380449295044,-1.0076903104782104,0.025137756019830704,0.02551448717713356,0.10727839916944504
2061,-0.8250587582588196,-0.8621821403503418,0.016990037634968758,0.02013334259390831,0.10724663734436035
2062,-0.9881107211112976,-1.158516764640808,0.08844856172800064,0.08195750415325165,0.10721468180418015
2063,-0.915949821472168,-1.070279598236084,0.07904102653265,0.07528877258300781,0.10718276351690292
2064,-1.0347373485565186,-1.1426109075546265,0.05399804934859276,0.05387561395764351,0.10715097188949585
2065,-0.9432185888290405,-1.0357342958450317,0.054666634649038315,0.037849098443984985,0.10711920261383057
2066,-1.1409224271774292,-1.1764013767242432,0.019795190542936325,0.01568375900387764,0.10708750784397125
2067,-0.9144132137298584,-0.9852021336555481,0.02877228893339634,0.04201662167906761,0.10705570131540298
2068,-0.8709412217140198,-0.9549131989479065,0.03896056488156319,0.04501139372587204,0.10702377557754517
2069,-1.1543126106262207,-1.2121555805206299,0.02750370278954506,0.030339185148477554,0.10699185729026794
2070,-1.1177898645401,-1.1839077472686768,0.034711435437202454,0.031406424939632416,0.10696002840995789
2071,-1.4269366264343262,-1.577738642692566,0.07020575553178787,0.08059624582529068,0.10692831128835678
2072,-0.692328155040741,-0.7917536497116089,0.05433039367198944,0.04509510099887848,0.10689660161733627
2073,-1.1268784999847412,-1.205538034439087,0.0383027046918869,0.04035681486129761,0.10686487704515457
2074,-0.986198365688324,-1.0947227478027344,0.05550398677587509,0.0530204251408577,0.10683339089155197
2075,-0.7871819734573364,-1.1178977489471436,0.17312513291835785,0.1575905978679657,0.10680193454027176
2076,-1.335267424583435,-1.4037394523620605,0.03295017406344414,0.03552183136343956,0.10677054524421692
2077,-1.3455480337142944,-1.4324641227722168,0.04161863029003143,0.04529748857021332,0.10673918575048447
2078,-1.0408965349197388,-1.0948423147201538,0.029259763658046722,0.024686014279723167,0.106707863509655
2079,-1.1215338706970215,-1.209449291229248,0.04380810633301735,0.044107310473918915,0.1066766008734703
2080,-1.0415152311325073,-1.1360924243927002,0.04721257835626602,0.04736461117863655,0.10664532333612442
2081,-0.7317003607749939,-0.8824975490570068,0.07662782818078995,0.0741693302989006,0.10661377757787704
2082,-0.9343467950820923,-1.0785692930221558,0.07266216725111008,0.07156038284301758,0.10658223181962967
2083,-1.130697250366211,-1.1953887939453125,0.03286229074001312,0.03182927146553993,0.10655049979686737
2084,-1.1247223615646362,-1.2216882705688477,0.051272500306367874,0.04569341242313385,0.10651880502700806
2085,-1.0071690082550049,-1.103703260421753,0.04746009409427643,0.049074139446020126,0.10648719221353531
2086,-1.0882757902145386,-1.163264513015747,0.036792147904634476,0.03819658234715462,0.10645550489425659
2087,-0.9237269759178162,-0.988647997379303,0.0338812991976738,0.031039729714393616,0.10642419010400772
2088,-1.1316732168197632,-1.297112226486206,0.08559957891702652,0.07983942329883575,0.10639296472072601
2089,-1.334667682647705,-1.4003173112869263,0.033210862427949905,0.0324387364089489,0.10636168718338013
2090,-1.164025068283081,-1.237135887145996,0.03872096538543701,0.03438984230160713,0.10633037984371185
2091,-0.8647217154502869,-0.9433668851852417,0.033143550157547,0.04550166055560112,0.10629910230636597
2092,-1.1908116340637207,-1.2813218832015991,0.04025009647011757,0.05026015266776085,0.10626790672540665
2093,-1.0108939409255981,-1.1081578731536865,0.04920433461666107,0.04805956780910492,0.1062367707490921
2094,-0.7785664200782776,-0.8465201258659363,0.03568773344159126,0.032265957444906235,0.10620569437742233
2095,-1.1176103353500366,-1.2661912441253662,0.07638408243656158,0.07219680398702621,0.10617465525865555
2096,-1.0578800439834595,-1.1701645851135254,0.052933357656002045,0.059351205825805664,0.10614357888698578
2097,-0.8650574088096619,-0.9759494066238403,0.054556697607040405,0.05633525550365448,0.10611237585544586
2098,-0.6167980432510376,-0.7225706577301025,0.04317537322640419,0.06259720772504807,0.10608106106519699
2099,-0.8064482808113098,-0.8713762760162354,0.0369904600083828,0.027937524020671844,0.10604973137378693
2100,-1.2526978254318237,-1.3721143007278442,0.06021661311388016,0.05919977277517319,0.10601846128702164
2101,-1.0210752487182617,-1.122321367263794,0.047895729541778564,0.05335042625665665,0.1059870719909668
2102,-0.962343692779541,-1.0903489589691162,0.0679268091917038,0.06007847189903259,0.10595579445362091
2103,-1.0095657110214233,-1.0700595378875732,0.024610798805952072,0.03588303178548813,0.10592439770698547
2104,-1.004115343093872,-1.0779914855957031,0.033053647726774216,0.04082252457737923,0.10589295625686646
2105,-1.1294584274291992,-1.266077995300293,0.06321772187948227,0.07340177148580551,0.10586163401603699
2106,-0.8927930593490601,-0.9784342646598816,0.04002298042178154,0.04561823606491089,0.10583008825778961
2107,-0.8257434964179993,-0.8835082054138184,0.029590852558612823,0.028173835948109627,0.10579854995012283
2108,-0.9859186410903931,-1.0885515213012695,0.044337473809719086,0.05829539895057678,0.10576695203781128
2109,-0.9788677096366882,-1.0411286354064941,0.03077254816889763,0.031488385051488876,0.10573543608188629
2110,-0.9703102111816406,-1.0676151514053345,0.04662489518523216,0.05068004131317139,0.10570405423641205
2111,-0.8009792566299438,-0.8752903938293457,0.036217302083969116,0.03809382766485214,0.10567258298397064
2112,-0.8881560564041138,-1.0307459831237793,0.06825560331344604,0.07433431595563889,0.10564132034778595
2113,-0.9750668406486511,-1.0943479537963867,0.05719548463821411,0.062085673213005066,0.10560986399650574
2114,-0.934913694858551,-1.0667363405227661,0.06838024407625198,0.06344243139028549,0.10557844489812851
2115,-0.8290181756019592,-0.9135349988937378,0.044606275856494904,0.03991056606173515,0.10554704070091248
2116,-0.8329800367355347,-0.9108964204788208,0.0428820475935936,0.035034388303756714,0.10551581531763077
2117,-1.1032403707504272,-1.2021808624267578,0.04622034728527069,0.05272018536925316,0.10548470169305801
2118,-1.071975827217102,-1.1243692636489868,0.022446967661380768,0.029946396127343178,0.10545359551906586
2119,-1.0033057928085327,-1.103996753692627,0.0472567193210125,0.05343421548604965,0.10542227327823639
2120,-1.2327364683151245,-1.2928221225738525,0.029853958636522293,0.03023172914981842,0.10539115965366364
2121,-0.9834394454956055,-1.075126051902771,0.046023886650800705,0.0456627681851387,0.10535992681980133
2122,-0.9174664616584778,-0.982502281665802,0.03206983953714371,0.03296598047018051,0.10532863438129425
2123,-0.9489465355873108,-1.047650933265686,0.050300031900405884,0.04840441048145294,0.10529725253582001
2124,-0.9479289054870605,-1.023103952407837,0.032515618950128555,0.04265940561890602,0.10526607185602188
2125,-0.7181663513183594,-0.816685140132904,0.05066131800413132,0.04785744473338127,0.10523483157157898
2126,-0.9416121244430542,-0.9826170206069946,0.01981450244784355,0.021190425381064415,0.1052035465836525
2127,-1.1102569103240967,-1.1759021282196045,0.029975468292832375,0.035669781267642975,0.10517214983701706
2128,-1.1432485580444336,-1.2138091325759888,0.031285811215639114,0.03927475959062576,0.1051408126950264
2129,-1.0004658699035645,-1.0993809700012207,0.047238804399967194,0.05167628079652786,0.10510960966348648
2130,-0.677086353302002,-0.7926854491233826,0.05631911754608154,0.05928000435233116,0.10507836192846298
2131,-0.9582433104515076,-1.0649800300598145,0.055481936782598495,0.05125480145215988,0.1050470769405365
2132,-1.0177114009857178,-1.1540567874908447,0.07523329555988312,0.06111205369234085,0.10501592606306076
2133,-1.1332069635391235,-1.1905369758605957,0.02834109589457512,0.02898898720741272,0.10498443245887756
2134,-1.174985647201538,-1.2274572849273682,0.027849465608596802,0.024622170254588127,0.1049530953168869
2135,-0.8027849793434143,-0.8609695434570312,0.02642275020480156,0.03176184743642807,0.10492175072431564
2136,-1.2398942708969116,-1.3553924560546875,0.05489751696586609,0.06060060113668442,0.10489030927419662
2137,-1.1471428871154785,-1.2475751638412476,0.05241196230053902,0.0480203703045845,0.10485883057117462
2138,-1.0377291440963745,-1.307488203048706,0.13201671838760376,0.13774242997169495,0.10482723265886307
2139,-0.6207934617996216,-0.884978711605072,0.1281103640794754,0.13607493042945862,0.1047954261302948
2140,-0.9818720817565918,-1.031947135925293,0.027119070291519165,0.02295602299273014,0.10476361960172653
2141,-1.1887705326080322,-1.344724416732788,0.06746973842382431,0.08848414570093155,0.10473213344812393
2142,-1.0071494579315186,-1.055030107498169,0.02356136590242386,0.024319250136613846,0.10470057278871536
2143,-1.2745405435562134,-1.3717073202133179,0.03936794400215149,0.057798828929662704,0.10466882586479187
2144,-0.9042941927909851,-0.980543851852417,0.03777892887592316,0.03847075626254082,0.10463719069957733
2145,-0.9033256769180298,-1.065204381942749,0.08066394925117493,0.0812147706747055,0.10460568219423294
2146,-1.0295828580856323,-1.0654147863388062,0.017760025337338448,0.018071938306093216,0.10457436740398407
2147,-0.775516152381897,-0.8368114829063416,0.031144769862294197,0.030150508508086205,0.10454323142766953
2148,-0.7921698093414307,-0.8650464415550232,0.03753465414047241,0.035342007875442505,0.10451212525367737
2149,-0.6493312120437622,-0.75567227602005,0.054403018206357956,0.05193806812167168,0.10448101162910461
2150,-1.0661424398422241,-1.1156491041183472,0.025736846029758453,0.023769866675138474,0.10444987565279007
2151,-0.9075331091880798,-0.9403102397918701,0.017441989853978157,0.01533512957394123,0.1044187992811203
2152,-1.0360411405563354,-1.083652377128601,0.020375562831759453,0.02723558247089386,0.10438783466815948
2153,-0.8826777935028076,-0.9431739449501038,0.028297094628214836,0.032199058681726456,0.10435692965984344
2154,-1.0102806091308594,-1.1743489503860474,0.0825081467628479,0.08156011253595352,0.10432600975036621
2155,-1.0278679132461548,-1.0893275737762451,0.033678680658340454,0.027781018987298012,0.1042950227856636
2156,-1.171471118927002,-1.23102605342865,0.029144369065761566,0.030410517007112503,0.1042640432715416
2157,-1.0746362209320068,-1.145656943321228,0.03698184713721275,0.03403887897729874,0.10423289984464645
2158,-1.0745056867599487,-1.1937646865844727,0.060173504054546356,0.05908544361591339,0.10420191287994385
2159,-1.0286182165145874,-1.099725604057312,0.036016400903463364,0.035090990364551544,0.10417083650827408
2160,-0.9742062091827393,-1.0319585800170898,0.029661277309060097,0.0280910637229681,0.10413972288370132
2161,-0.8039655089378357,-0.8640650510787964,0.03439480811357498,0.025704730302095413,0.10410866886377335
2162,-0.7436826825141907,-0.8855251669883728,0.0732584223151207,0.06858407706022263,0.10407749563455582
2163,-1.1144523620605469,-1.1996017694473267,0.038814567029476166,0.04633481800556183,0.10404611378908157
2164,-0.8349819779396057,-0.9135124683380127,0.03913475573062897,0.039395734667778015,0.10401448607444763
2165,-0.8881621360778809,-0.9686423540115356,0.039165809750556946,0.04131445288658142,0.10398287326097488
2166,-0.6603907942771912,-0.740311861038208,0.03916428983211517,0.040756747126579285,0.10395141690969467
2167,-0.8850744366645813,-0.9471588134765625,0.027791179716587067,0.034293171018362045,0.10392019897699356
2168,-0.8344647884368896,-0.921807587146759,0.04043450206518173,0.046908311545848846,0.10388905555009842
2169,-1.011978030204773,-1.0544886589050293,0.017128609120845795,0.02538209967315197,0.1038578525185585
2170,-0.8305891752243042,-0.9032479524612427,0.032779671251773834,0.03987906128168106,0.10382665693759918
2171,-0.8931536078453064,-0.9660789966583252,0.030474403873085976,0.04245098680257797,0.10379554331302643
2172,-0.9926333427429199,-1.0654066801071167,0.03653282672166824,0.03624046593904495,0.10376454144716263
2173,-1.0449937582015991,-1.1124629974365234,0.03254707157611847,0.03492208570241928,0.10373369604349136
2174,-1.3126128911972046,-1.4006710052490234,0.03990098834037781,0.048157066106796265,0.1037028580904007
2175,-1.2911763191223145,-1.3913052082061768,0.05370912700891495,0.04641977697610855,0.10367193818092346
2176,-0.9599080085754395,-1.0517507791519165,0.051351409405469894,0.04049133136868477,0.10364104062318802
2177,-1.2807512283325195,-1.384621500968933,0.04877049848437309,0.05509975552558899,0.10361021012067795
2178,-1.2803348302841187,-1.368482232093811,0.04325816407799721,0.04488915577530861,0.10357940942049026
2179,-0.8355008363723755,-0.8843181133270264,0.02346065267920494,0.025356652215123177,0.10354869067668915
2180,-1.1181037425994873,-1.1923760175704956,0.033864859491586685,0.04040738195180893,0.10351768881082535
2181,-1.1160718202590942,-1.236373782157898,0.06085454672574997,0.05944741889834404,0.1034867912530899
2182,-1.4657344818115234,-1.5136866569519043,0.021236401051282883,0.026715712621808052,0.10345596075057983
2183,-1.1023788452148438,-1.2076499462127686,0.05417133495211601,0.05109972134232521,0.10342515259981155
2184,-0.9267408847808838,-1.0122655630111694,0.04315954074263573,0.042365144938230515,0.10339406877756119
2185,-1.0412272214889526,-1.0872621536254883,0.02354368567466736,0.02249121107161045,0.10336293280124664
2186,-0.8868116140365601,-0.9429177045822144,0.02731914073228836,0.02878698706626892,0.10333184152841568
2187,-1.2114403247833252,-1.306002140045166,0.04335573688149452,0.051206074655056,0.10330082476139069
2188,-0.8312605619430542,-0.9295639991760254,0.051346540451049805,0.046956922858953476,0.10326999425888062
2189,-0.7960591316223145,-0.8791503310203552,0.03699550777673721,0.046095654368400574,0.10323917865753174
2190,-1.1519149541854858,-1.2668840885162354,0.059144966304302216,0.05582413077354431,0.10320799052715302
2191,-0.9733000993728638,-1.0819649696350098,0.056394100189208984,0.05227075144648552,0.10317684710025787
2192,-0.8084776401519775,-0.8540295958518982,0.022084077820181847,0.023467889055609703,0.10314550995826721
2193,-0.8141199350357056,-0.9351388812065125,0.05869369953870773,0.06232526898384094,0.10311416536569595
2194,-0.8957580327987671,-0.9631353616714478,0.031039290130138397,0.03633803874254227,0.10308272391557693
2195,-0.9073398113250732,-0.9920229911804199,0.04566149786114693,0.03902167081832886,0.10305124521255493
2196,-0.9149582982063293,-1.0212925672531128,0.0518517829477787,0.054482463747262955,0.10301994532346725
2197,-1.1003637313842773,-1.14484703540802,0.02475021593272686,0.019733121618628502,0.10298861563205719
2198,-0.9403978586196899,-1.0121889114379883,0.03580940142273903,0.03598163649439812,0.10295738279819489
2199,-1.0844651460647583,-1.1534593105316162,0.03461847081780434,0.034375689923763275,0.10292606800794601
2200,-1.0243539810180664,-1.1222891807556152,0.05401457101106644,0.043920595198869705,0.1028948575258255
2201,-0.8568556904792786,-0.9551173448562622,0.04546607658267021,0.05279558524489403,0.10286382585763931
2202,-1.084032416343689,-1.1624605655670166,0.03472517803311348,0.04370296746492386,0.10283288359642029
2203,-1.228008508682251,-1.274232029914856,0.021613148972392082,0.024610403925180435,0.10280197113752365
2204,-0.9317339658737183,-1.0324265956878662,0.05148879438638687,0.04920383542776108,0.10277096927165985
2205,-0.792809009552002,-0.8740288615226746,0.04531911015510559,0.03590073063969612,0.10274000465869904
2206,-1.2337374687194824,-1.3150925636291504,0.03846297785639763,0.04289209470152855,0.10270916670560837
2207,-1.0830047130584717,-1.1752586364746094,0.04708370193839073,0.045170221477746964,0.10267841815948486
2208,-0.8038239479064941,-0.8858644366264343,0.03807949274778366,0.043960995972156525,0.10264792293310165
2209,-1.2904059886932373,-1.3334261178970337,0.021639235317707062,0.021380893886089325,0.10261740535497665
2210,-1.0163992643356323,-1.068573236465454,0.021665452048182487,0.03050854802131653,0.10258682817220688
2211,-0.9558472633361816,-1.0271767377853394,0.03570588305592537,0.03562358394265175,0.10255613923072815
2212,-1.3523335456848145,-1.4196068048477173,0.032377175986766815,0.03489609807729721,0.10252584517002106
2213,-1.0624293088912964,-1.1385974884033203,0.03572434186935425,0.040443774312734604,0.10249558836221695
2214,-0.9610324501991272,-1.010166883468628,0.022468682378530502,0.026665762066841125,0.10246529430150986
2215,-0.9756909012794495,-1.029212236404419,0.028046175837516785,0.025475215166807175,0.10243493318557739
2216,-0.8675181269645691,-0.9156237244606018,0.02187713235616684,0.02622848004102707,0.10240469872951508
2217,-0.7907283306121826,-0.8852722644805908,0.04762083292007446,0.04692307487130165,0.10237433016300201
2218,-0.716776430606842,-0.8737784028053284,0.08132470399141312,0.07567725330591202,0.10234414786100388
2219,-0.9362266659736633,-1.0480557680130005,0.05652850493788719,0.05530061945319176,0.10231401771306992
2220,-0.9377007484436035,-1.0492229461669922,0.0513266958296299,0.06019551679491997,0.10228384286165237
2221,-1.0585963726043701,-1.1594403982162476,0.053581465035676956,0.04726249352097511,0.10225383192300797
2222,-0.8224860429763794,-0.9126690626144409,0.04686082899570465,0.04332222416996956,0.10222374647855759
2223,-0.8692765235900879,-0.9290692210197449,0.03367409482598305,0.026118595153093338,0.10219386965036392
2224,-0.8644577860832214,-0.9280621409416199,0.03397100046277046,0.029633354395627975,0.10216393321752548
2225,-0.9991315007209778,-1.042303442955017,0.019044453278183937,0.024127548560500145,0.10213407129049301
2226,-1.1146864891052246,-1.1607776880264282,0.02349802479147911,0.022593146190047264,0.10210414975881577
2227,-0.9884777069091797,-1.1180304288864136,0.06772430986166,0.06182839721441269,0.10207433253526688
2228,-1.2023696899414062,-1.2454956769943237,0.02270602248609066,0.020419951528310776,0.102044478058815
2229,-0.9233227968215942,-1.0363380908966064,0.05205382779240608,0.060961510986089706,0.10201451182365417
2230,-1.2030802965164185,-1.289038896560669,0.04456682875752449,0.0413917601108551,0.10198447853326797
2231,-0.682778000831604,-0.8217262625694275,0.07359819114208221,0.06535005569458008,0.10195459425449371
2232,-1.0639406442642212,-1.1565678119659424,0.044328004121780396,0.048299238085746765,0.1019248217344284
2233,-0.9047449231147766,-0.9815820455551147,0.038408517837524414,0.03842862322926521,0.10189501196146011
2234,-0.9849420189857483,-1.0559501647949219,0.031913019716739655,0.039095088839530945,0.10186506062746048
2235,-0.8565450310707092,-0.932745635509491,0.0428629070520401,0.03333771228790283,0.10183493047952652
2236,-0.9557086825370789,-1.0575131177902222,0.05154196172952652,0.050262488424777985,0.10180460661649704
2237,-0.858529269695282,-1.0034992694854736,0.06743688136339188,0.07753311097621918,0.10177429765462875
2238,-0.8705735802650452,-0.9164765477180481,0.0201342161744833,0.025768743827939034,0.10174404084682465
2239,-1.172846794128418,-1.2364017963409424,0.029793571680784225,0.03376141935586929,0.10171372443437576
2240,-0.9017934799194336,-1.0575709342956543,0.07993793487548828,0.07583954185247421,0.10168353468179703
2241,-1.0443410873413086,-1.1282496452331543,0.03713228553533554,0.046776242554187775,0.10165340453386307
2242,-1.0570952892303467,-1.1189066171646118,0.02867693081498146,0.03313435614109039,0.10162343084812164
2243,-1.1828417778015137,-1.2436325550079346,0.03456350788474083,0.02622726559638977,0.10159341245889664
2244,-1.0462868213653564,-1.0801392793655396,0.018500978127121925,0.015351568348705769,0.10156340897083282
2245,-1.2006922960281372,-1.2505462169647217,0.026441585272550583,0.023412339389324188,0.10153350979089737
2246,-1.0710607767105103,-1.140091061592102,0.036337051540613174,0.03269321471452713,0.10150344669818878
2247,-1.114841341972351,-1.187705159187317,0.038027919828891754,0.03483596444129944,0.1014731302857399
2248,-0.8645854592323303,-0.9533531665802002,0.045882243663072586,0.04288547486066818,0.10144267231225967
2249,-0.9542184472084045,-1.0053967237472534,0.027320098131895065,0.023858163505792618,0.10141215473413467
2250,-1.3146594762802124,-1.3756165504455566,0.030567651614546776,0.03038942813873291,0.10138183832168579
2251,-0.9792925119400024,-1.0665885210037231,0.04316842555999756,0.04412759095430374,0.10135155916213989
2252,-1.0629782676696777,-1.1438429355621338,0.04682331532239914,0.034041453152894974,0.10132128745317459
2253,-1.2087020874023438,-1.266231656074524,0.028007199987769127,0.029522374272346497,0.10129116475582123
2254,-0.7006153464317322,-0.8306225538253784,0.06070207804441452,0.06930509954690933,0.1012609601020813
2255,-0.8342080116271973,-0.8586307168006897,0.014018411748111248,0.010404304601252079,0.10123085975646973
2256,-0.9516732096672058,-1.0206183195114136,0.03248792141675949,0.03645720332860947,0.10120067000389099
2257,-0.9254334568977356,-1.015984296798706,0.04718223959207535,0.04336855560541153,0.10117058455944061
2258,-0.7429460287094116,-0.8458988666534424,0.048319436609745026,0.054633378982543945,0.10114041715860367
2259,-0.9351457357406616,-0.973108172416687,0.01887688785791397,0.019085535779595375,0.10111025720834732
2260,-0.6498697996139526,-0.7150580883026123,0.029168669134378433,0.036019597202539444,0.10108020156621933
2261,-0.8238986730575562,-0.9304335117340088,0.05072452872991562,0.05581030994653702,0.10105017572641373
2262,-0.9146720767021179,-0.9768800735473633,0.03276269882917404,0.02944531850516796,0.10102025419473648
2263,-1.2198940515518188,-1.2906354665756226,0.03304915875196457,0.037692293524742126,0.10099032521247864
2264,-1.0453096628189087,-1.1966618299484253,0.07997718453407288,0.0713750422000885,0.10096042603254318
2265,-0.6316042542457581,-0.6683252453804016,0.01686329022049904,0.019857680425047874,0.10093055665493011
2266,-1.017262578010559,-1.1783026456832886,0.084098681807518,0.07694138586521149,0.10090053081512451
2267,-1.0193246603012085,-1.0770659446716309,0.03255593776702881,0.02518536150455475,0.10087024420499802
2268,-1.0066735744476318,-1.0691384077072144,0.03254342079162598,0.029921451583504677,0.10084009170532227
2269,-1.233253836631775,-1.3815463781356812,0.07524235546588898,0.0730501115322113,0.1008099690079689
2270,-1.123925805091858,-1.1885796785354614,0.03308701515197754,0.03156682848930359,0.10077998042106628
2271,-0.9489269852638245,-1.0612531900405884,0.05381010100245476,0.05851608142256737,0.10074999928474426
2272,-1.1314598321914673,-1.2153555154800415,0.041967496275901794,0.04192813113331795,0.10072000324726105
2273,-0.9376952052116394,-1.0246678590774536,0.042786337435245514,0.0441863089799881,0.10068989545106888
2274,-0.879252016544342,-0.9486402869224548,0.029945133253932,0.03944312036037445,0.10065957903862
2275,-0.858371376991272,-1.005991816520691,0.0722171813249588,0.07540327310562134,0.10062927007675171
2276,-0.9329878091812134,-1.0153816938400269,0.04385892674326897,0.038534924387931824,0.10059916228055954
2277,-1.1170380115509033,-1.2041773796081543,0.045216385275125504,0.041922882199287415,0.10056904703378677
2278,-1.1285831928253174,-1.2925925254821777,0.0891687348484993,0.07484052330255508,0.10053898394107819
2279,-1.1493182182312012,-1.2356828451156616,0.036782391369342804,0.04958224296569824,0.10050887614488602
2280,-1.154870629310608,-1.2606201171875,0.052407871931791306,0.05334163457155228,0.10047873854637146
2281,-1.113453984260559,-1.1732826232910156,0.030877528712153435,0.028951166197657585,0.1004488468170166
2282,-1.3323776721954346,-1.4597313404083252,0.06514151394367218,0.062212105840444565,0.10041915625333786
2283,-1.1889231204986572,-1.2476484775543213,0.02803834155201912,0.030686944723129272,0.10038944333791733
2284,-0.9988746047019958,-1.045419454574585,0.024705125018954277,0.021839655935764313,0.10035993903875351
2285,-1.280429482460022,-1.344623327255249,0.028290320187807083,0.035903606563806534,0.10033036768436432
2286,-0.7012336850166321,-0.7985373735427856,0.049902159720659256,0.04740157350897789,0.10030071437358856
2287,-1.0233643054962158,-1.086543321609497,0.02248382195830345,0.040695201605558395,0.10027111321687698
2288,-1.184455156326294,-1.2548952102661133,0.035960596054792404,0.03447945415973663,0.1002417579293251
2289,-0.8716250061988831,-0.9662638902664185,0.050274673849344254,0.044364213943481445,0.1002122238278389
2290,-1.1559820175170898,-1.214573860168457,0.02414811961352825,0.03444371744990349,0.10018279403448105
2291,-1.0991299152374268,-1.1701334714889526,0.03794768825173378,0.033055875450372696,0.1001533716917038
2292,-1.2335494756698608,-1.2880146503448486,0.027400324121117592,0.02706482633948326,0.10012409836053848
2293,-0.591382622718811,-0.6547447443008423,0.025552324950695038,0.03780980408191681,0.10009471327066422
2294,-1.04315185546875,-1.166888952255249,0.0639718770980835,0.059765271842479706,0.10006524622440338
2295,-1.016201138496399,-1.0537693500518799,0.020264757797122,0.017303448170423508,0.10003593564033508
2296,-0.904800295829773,-1.0938246250152588,0.10063862800598145,0.08838571608066559,0.10000636428594589
2297,-1.0779860019683838,-1.182167410850525,0.05697964131832123,0.0472017340362072,0.0999768003821373
2298,-0.7438226938247681,-0.828693687915802,0.04387221485376358,0.040998734533786774,0.09994715452194214
2299,-0.7886055111885071,-0.8737012147903442,0.039478644728660583,0.04561702534556389,0.09991758316755295
2300,-0.6890009045600891,-0.7190336585044861,0.016125701367855072,0.0139070525765419,0.09988807141780853
2301,-1.1145914793014526,-1.2087408304214478,0.04587496072053909,0.048274409025907516,0.09985847771167755
2302,-1.1926686763763428,-1.31103515625,0.05672145634889603,0.06164504960179329,0.09982891380786896
2303,-0.9824923872947693,-1.1026312112808228,0.06240156292915344,0.05773729458451271,0.09979928284883499
2304,-1.340928316116333,-1.4034245014190674,0.026846835389733315,0.03564927354454994,0.09976959228515625
2305,-0.9687046408653259,-1.0584874153137207,0.04933065176010132,0.04045204818248749,0.09973984211683273
2306,-1.1423958539962769,-1.2229214906692505,0.04102182760834694,0.039503805339336395,0.09971016645431519
2307,-1.178595781326294,-1.239497184753418,0.026660136878490448,0.03424133360385895,0.09968047589063644
2308,-0.9064955115318298,-1.0093152523040771,0.04917231947183609,0.05364737659692764,0.09965068101882935
2309,-1.0498337745666504,-1.1031699180603027,0.025026021525263786,0.02831018716096878,0.0996209904551506
2310,-1.1591532230377197,-1.2847568988800049,0.055739618837833405,0.06986397504806519,0.09959151595830917
2311,-1.0125590562820435,-1.074517846107483,0.029575318098068237,0.032383453100919724,0.09956212341785431
2312,-1.0137059688568115,-1.0627328157424927,0.022726217284798622,0.026300616562366486,0.09953281283378601
2313,-0.8774053454399109,-0.9607213735580444,0.038714710623025894,0.04460129886865616,0.099503293633461
2314,-0.9264055490493774,-1.2785481214523315,0.19004249572753906,0.16210010647773743,0.09947369247674942
2315,-0.9400246143341064,-0.991783082485199,0.026061678305268288,0.025696810334920883,0.0994439348578453
2316,-0.7926199436187744,-0.8252137899398804,0.018461545929312706,0.014132341369986534,0.09941418468952179
2317,-0.8786026835441589,-1.1673526763916016,0.1374768316745758,0.15127317607402802,0.09938451647758484
2318,-1.0635473728179932,-1.1227670907974243,0.03186063840985298,0.027359172701835632,0.09935487806797028
2319,-0.9976391196250916,-1.0523234605789185,0.026537545025348663,0.028146805241703987,0.09932548552751541
2320,-1.2041904926300049,-1.3278446197509766,0.0642547756433487,0.05939942225813866,0.09929616749286652
2321,-0.9587069153785706,-0.9984601736068726,0.02064576931297779,0.019107447937130928,0.09926693886518478
2322,-0.8834417462348938,-0.9356523156166077,0.026554564014077187,0.025655971840023994,0.0992378294467926
2323,-0.8500992059707642,-0.9680197834968567,0.056567974388599396,0.061352603137493134,0.0992087572813034
2324,-0.9627790451049805,-1.0188946723937988,0.028396468609571457,0.027719147503376007,0.09917961806058884
2325,-1.2849081754684448,-1.316291093826294,0.017481572926044464,0.013901359401643276,0.09915049374103546
2326,-0.899416446685791,-0.9811280965805054,0.03829089552164078,0.04342072829604149,0.09912136942148209
2327,-0.9963939189910889,-1.0638689994812012,0.03212378919124603,0.03535127639770508,0.09909231215715408
2328,-0.9393883347511292,-1.092949628829956,0.07615995407104492,0.07740134000778198,0.0990632027387619
2329,-0.903597354888916,-0.9736137390136719,0.038504209369421005,0.03151220828294754,0.09903406351804733
2330,-1.1070250272750854,-1.205634355545044,0.04110938683152199,0.05749984458088875,0.09900493174791336
2331,-1.283837914466858,-1.3959364891052246,0.0562111996114254,0.055887285619974136,0.09897566586732864
2332,-1.1270115375518799,-1.3099827766418457,0.09443536400794983,0.08853593468666077,0.0989464819431305
2333,-1.1753370761871338,-1.2308510541915894,0.028715692460536957,0.026798197999596596,0.09891708940267563
2334,-1.0706769227981567,-1.1706618070602417,0.04424098879098892,0.05574396997690201,0.09888768941164017
2335,-1.108951210975647,-1.1810511350631714,0.03148815780878067,0.04061175882816315,0.09885848313570023
2336,-1.0724725723266602,-1.2157559394836426,0.05925547704100609,0.08402790129184723,0.0988292321562767
2337,-1.1405900716781616,-1.2215992212295532,0.03433942794799805,0.04666972905397415,0.09879983216524124
2338,-1.1541626453399658,-1.210785984992981,0.027960829436779022,0.02866261824965477,0.09877050668001175
2339,-1.0196360349655151,-1.1753267049789429,0.07702354341745377,0.07866714894771576,0.09874124079942703
2340,-0.9375560283660889,-1.0149531364440918,0.04181680083274841,0.03558028116822243,0.09871179610490799
2341,-1.0389854907989502,-1.1101293563842773,0.030803723260760307,0.04034016653895378,0.09868252277374268
2342,-1.2997230291366577,-1.3491991758346558,0.026965349912643433,0.02251073718070984,0.09865349531173706
2343,-0.9259613752365112,-1.0519580841064453,0.06569436937570572,0.06030232459306717,0.09862452000379562
2344,-1.0132184028625488,-1.2412388324737549,0.11233095079660416,0.1156894639134407,0.09859548509120941
2345,-0.8825458884239197,-0.9802563190460205,0.04738157242536545,0.05032886564731598,0.0985664576292038
2346,-0.894371509552002,-0.9481080770492554,0.02081294357776642,0.0329236276447773,0.09853727370500565
2347,-0.7322040796279907,-0.9111031889915466,0.08480636775493622,0.09409275650978088,0.09850805252790451
2348,-0.8494795560836792,-0.9133810997009277,0.02965538203716278,0.03424612432718277,0.09847874939441681
2349,-0.8641215562820435,-0.9170440435409546,0.02468198351562023,0.028240496292710304,0.09844940155744553
2350,-0.8106511831283569,-0.9177215099334717,0.05448679253458977,0.0525834895670414,0.0984201431274414
2351,-0.890500009059906,-0.9423049688339233,0.02355172298848629,0.028253283351659775,0.098391093313694
2352,-1.240862488746643,-1.285596251487732,0.019979670643806458,0.024754036217927933,0.09836210310459137
2353,-0.823786199092865,-1.0334690809249878,0.11720363050699234,0.09247922897338867,0.09833300113677979
2354,-0.7370838522911072,-0.7995006442070007,0.028347713872790337,0.03406907245516777,0.09830393642187119
2355,-1.1458966732025146,-1.2053333520889282,0.0233411006629467,0.036095645278692245,0.0982748344540596
2356,-0.9831048250198364,-1.0818052291870117,0.04609082639217377,0.05260953679680824,0.09824550151824951
2357,-1.1888610124588013,-1.2619209289550781,0.040532637387514114,0.032527271658182144,0.09821643680334091
2358,-1.1313042640686035,-1.3563737869262695,0.10892798006534576,0.11614149808883667,0.09818745404481888
2359,-0.9526501297950745,-1.030584454536438,0.028540214523673058,0.049394045025110245,0.09815842658281326
2360,-0.9663342237472534,-1.0533435344696045,0.041203491389751434,0.045805782079696655,0.09812962263822556
2361,-1.0049958229064941,-1.0613616704940796,0.02444818988442421,0.0319177508354187,0.09810090065002441
2362,-0.9580554962158203,-1.0278563499450684,0.03106824681162834,0.038732580840587616,0.09807229787111282
2363,-0.8134492039680481,-0.8706220388412476,0.027349529787898064,0.029823288321495056,0.09804356843233109
2364,-0.8603395223617554,-0.9519872069358826,0.046773672103881836,0.04487398639321327,0.09801479429006577
2365,-0.6446353197097778,-0.7201493978500366,0.03048798255622387,0.04502614960074425,0.09798587113618851
2366,-0.6526467204093933,-0.9532726407051086,0.1418701708316803,0.15875573456287384,0.09795694798231125
2367,-1.1213843822479248,-1.221095323562622,0.044133733958005905,0.05557715520262718,0.09792811423540115
2368,-0.9917904138565063,-1.053990364074707,0.028021223843097687,0.03417873755097389,0.0978991910815239
2369,-0.9115771651268005,-1.1234713792800903,0.09793636202812195,0.11395779997110367,0.09787022322416306
2370,-0.78688645362854,-0.8646443486213684,0.03556030988693237,0.042197562754154205,0.09784122556447983
2371,-0.7115117311477661,-0.8889400959014893,0.08902042359113693,0.088407963514328,0.09781216830015182
2372,-0.9205377697944641,-1.0162197351455688,0.04530306160449982,0.050378937274217606,0.09778299927711487
2373,-1.110944151878357,-1.1813459396362305,0.03582904860377312,0.03457276523113251,0.09775400161743164
2374,-1.0054197311401367,-1.131282925605774,0.057138409465551376,0.06872478872537613,0.09772484749555588
2375,-1.0162324905395508,-1.17078697681427,0.0835471972823143,0.07100719958543777,0.0976957231760025
2376,-0.969352662563324,-1.1601670980453491,0.09756642580032349,0.09324795007705688,0.0976666584610939
2377,-0.8743253350257874,-1.1072523593902588,0.11586039513349533,0.11706662178039551,0.09763748943805695
2378,-0.8647028207778931,-0.9256159067153931,0.032832443714141846,0.028080657124519348,0.09760816395282745
2379,-0.682003915309906,-0.7482376098632812,0.03553143888711929,0.03070223331451416,0.09757886826992035
2380,-0.8967058658599854,-1.084181785583496,0.0881032943725586,0.09937261790037155,0.09754941612482071
2381,-0.9371419548988342,-1.0092136859893799,0.03486954793334007,0.03720219433307648,0.09751995652914047
2382,-1.2886897325515747,-1.3617268800735474,0.037981461733579636,0.03505565598607063,0.09749052673578262
2383,-0.9910461902618408,-1.0947679281234741,0.05748515576124191,0.04623664915561676,0.09746105968952179
2384,-1.1863114833831787,-1.2581615447998047,0.03127606213092804,0.040573976933956146,0.09743145853281021
2385,-0.8979451060295105,-0.9835407137870789,0.04164119064807892,0.04395444691181183,0.09740189462900162
2386,-0.728967010974884,-0.8472762703895569,0.05376601964235306,0.06454326212406158,0.09737242758274078
2387,-0.7725077271461487,-0.8836502432823181,0.054810233414173126,0.0563323087990284,0.09734302014112473
2388,-1.061726450920105,-1.1729894876480103,0.06122540310025215,0.05003766342997551,0.09731362015008926
2389,-0.9387319684028625,-1.05964994430542,0.06646299362182617,0.05445496365427971,0.09728413075208664
2390,-0.8661383390426636,-1.0628305673599243,0.09841383993625641,0.09827841818332672,0.09725465625524521
2391,-0.6843366622924805,-0.8815712332725525,0.09412588179111481,0.1031087338924408,0.09722518920898438
2392,-1.0548863410949707,-1.1362844705581665,0.03619123622775078,0.04520691558718681,0.09719589352607727
2393,-0.6755703091621399,-0.9902128577232361,0.14570832252502441,0.16893421113491058,0.09716649353504181
2394,-0.9725562334060669,-1.0717955827713013,0.05040242522954941,0.04883693531155586,0.09713702648878098
2395,-1.0503370761871338,-1.1015220880508423,0.023358767852187157,0.02782618999481201,0.09710778295993805
2396,-1.3337316513061523,-1.4715923070907593,0.06400009989738464,0.07386058568954468,0.09707840532064438
2397,-1.1458735466003418,-1.259340524673462,0.05407026410102844,0.05939676612615585,0.0970490425825119
2398,-0.6860014200210571,-0.7922671437263489,0.05772290751338005,0.048542797565460205,0.09701970219612122
2399,-0.8918027877807617,-1.0020527839660645,0.05064108595252037,0.05960892140865326,0.09699060767889023
2400,-0.7956514954566956,-1.1665898561477661,0.1885208934545517,0.18241743743419647,0.09696157276630402
2401,-0.7456215620040894,-0.9219667315483093,0.07721661776304245,0.09912852942943573,0.09693242609500885
2402,-1.0550708770751953,-1.153308629989624,0.048922739923000336,0.04931497946381569,0.09690354019403458
2403,-0.6317108273506165,-0.8131763935089111,0.08516722172498703,0.09629832953214645,0.09687461704015732
2404,-0.5456919074058533,-0.6665590405464172,0.06488652527332306,0.055980607867240906,0.09684552252292633
2405,-1.1982488632202148,-1.2523404359817505,0.024120211601257324,0.029971301555633545,0.09681627154350281
2406,-1.312944769859314,-1.4325250387191772,0.060770899057388306,0.05880945548415184,0.09678705036640167
2407,-0.8071087598800659,-0.9008801579475403,0.04779142141342163,0.045979999005794525,0.09675784409046173
2408,-1.1348364353179932,-1.3262180089950562,0.10192683339118958,0.08945479243993759,0.09672871232032776
2409,-0.7824336290359497,-1.0744967460632324,0.14329834282398224,0.14876475930213928,0.09669965505599976
2410,-0.9149330258369446,-0.9985805749893188,0.040853068232536316,0.04279446229338646,0.0966707319021225
2411,-0.940884530544281,-1.1731525659561157,0.10952901095151901,0.1227390244603157,0.09664180874824524
2412,-1.0794039964675903,-1.2268693447113037,0.06769607961177826,0.07976920902729034,0.09661289304494858
2413,-0.3035019338130951,-0.5427491068840027,0.12277194857597351,0.11647521704435349,0.09658417850732803
2414,-0.7369385361671448,-1.0020500421524048,0.13455508649349213,0.1305563896894455,0.09655548632144928
2415,-0.5427446365356445,-0.6921486258506775,0.066377192735672,0.08302678912878036,0.096526600420475
2416,-1.1466224193572998,-1.2186062335968018,0.038674816489219666,0.033309001475572586,0.09649774432182312
2417,-1.086076259613037,-1.1691923141479492,0.03924475610256195,0.043871279805898666,0.09646888077259064
2418,-1.039876103401184,-1.2326072454452515,0.09943837672472,0.09329275786876678,0.09644003957509995
2419,-0.6106749773025513,-0.7205641865730286,0.042113907635211945,0.06777531653642654,0.0964110717177391
2420,-0.8506686687469482,-0.9763108491897583,0.06581983715295792,0.05982234701514244,0.09638204425573349
2421,-0.7647926211357117,-0.8266873955726624,0.029154915362596512,0.03273989260196686,0.09635293483734131
2422,-1.1507230997085571,-1.2078903913497925,0.025348706170916557,0.03181861713528633,0.09632397443056107
2423,-0.8991847038269043,-0.9691513776779175,0.03260841593146324,0.03735826164484024,0.0962948128581047
2424,-0.9348160028457642,-1.01435124874115,0.037557121366262436,0.04197811335325241,0.09626570343971252
2425,-0.9853598475456238,-1.0711452960968018,0.0397234708070755,0.04606195166707039,0.09623672068119049
2426,-0.8715000748634338,-0.9376402497291565,0.0342676006257534,0.03187256306409836,0.09620776772499084
2427,-1.2066353559494019,-1.3137767314910889,0.05207930505275726,0.055062055587768555,0.09617862105369568
2428,-0.677192211151123,-0.8533192276954651,0.10208961367607117,0.07403743267059326,0.09614968299865723
2429,-1.20242440700531,-1.2455912828445435,0.02169213443994522,0.02147468365728855,0.0961209163069725
2430,-0.6634408235549927,-0.7947999238967896,0.05506250262260437,0.07629653811454773,0.09609214216470718
2431,-1.1242791414260864,-1.2056282758712769,0.044995151460170746,0.03635399043560028,0.09606347978115082
2432,-0.9121309518814087,-1.0282624959945679,0.05826566740870476,0.05786583200097084,0.09603467583656311
2433,-1.3197999000549316,-1.3860222101211548,0.03495113179087639,0.03127121552824974,0.09600576013326645
2434,-0.9633603096008301,-1.1708903312683105,0.1014922559261322,0.10603770613670349,0.09597685933113098
2435,-0.9325504302978516,-1.0045411586761475,0.03662321716547012,0.03536747768521309,0.0959479808807373
2436,-1.3089276552200317,-1.3597278594970703,0.02643226459622383,0.024367932230234146,0.09591911733150482
2437,-1.0707389116287231,-1.1212732791900635,0.03142302483320236,0.01911144331097603,0.09589026123285294
2438,-0.9427893161773682,-1.1506679058074951,0.09398813545703888,0.1138903871178627,0.0958615094423294
2439,-1.3989235162734985,-1.485070824623108,0.046960193663835526,0.039187055081129074,0.09583252668380737
2440,-1.206891655921936,-1.3308475017547607,0.05551914870738983,0.06843672692775726,0.09580358862876892
2441,-0.9101665019989014,-1.0265612602233887,0.06160051375627518,0.05479426681995392,0.095774807035923
2442,-0.9655842781066895,-1.054659366607666,0.04545574635267258,0.04361937940120697,0.09574618190526962
2443,-0.9940186142921448,-1.117917537689209,0.05706530064344406,0.06683367490768433,0.09571753442287445
2444,-0.8994760513305664,-1.0091838836669922,0.04743850231170654,0.06226932629942894,0.09568899124860764
2445,-1.1529124975204468,-1.2979968786239624,0.06373106688261032,0.08135328441858292,0.09566038846969604
2446,-1.3041164875030518,-1.3919240236282349,0.04434392601251602,0.04346362128853798,0.09563171863555908
2447,-0.891928493976593,-0.9977436661720276,0.057902075350284576,0.0479130893945694,0.0956030860543251
2448,-1.139965534210205,-1.2572095394134521,0.0451623797416687,0.07208158075809479,0.09557460248470306
2449,-0.9976712465286255,-1.0940382480621338,0.054704464972019196,0.04166258126497269,0.09554609656333923
2450,-0.8522984981536865,-0.9317291378974915,0.03735226392745972,0.04207835718989372,0.09551769495010376
2451,-0.7194684743881226,-0.9177848100662231,0.09050416946411133,0.10781214386224747,0.09548936784267426
2452,-1.0006808042526245,-1.1129261255264282,0.04666187986731529,0.06558351963758469,0.0954609140753746
2453,-0.8305224180221558,-0.9192916750907898,0.04676494747400284,0.04200427234172821,0.09543247520923615
2454,-1.115220308303833,-1.1917279958724976,0.04123851656913757,0.03526914119720459,0.09540394693613052
2455,-0.8558623790740967,-0.9063446521759033,0.02400466427206993,0.02647765353322029,0.09537540376186371
2456,-0.753436267375946,-0.9138225317001343,0.07262091338634491,0.08776534348726273,0.09534716606140137
2457,-0.9796743392944336,-1.0919896364212036,0.06036729738116264,0.05194792151451111,0.09531891345977783
2458,-0.7018327116966248,-0.8088030815124512,0.05218718200922012,0.05478314310312271,0.0952906683087349
2459,-0.8561625480651855,-0.9694627523422241,0.05614440515637398,0.05715577304363251,0.09526227414608002
2460,-0.8703283071517944,-1.0437297821044922,0.08402246236801147,0.08937898278236389,0.09523388743400574
2461,-0.7161345481872559,-0.7674800157546997,0.02363288775086403,0.027712589129805565,0.09520528465509415
2462,-1.049633502960205,-1.146493673324585,0.05279870331287384,0.04406142607331276,0.09517677873373032
2463,-0.9950783848762512,-1.1038384437561035,0.054456256330013275,0.05430382490158081,0.09514834731817245
2464,-0.7395586371421814,-0.8034531474113464,0.030627120286226273,0.03326739743351936,0.09512002021074295
2465,-0.9603469371795654,-1.0737934112548828,0.0668398067355156,0.04660665616393089,0.09509162604808807
2466,-1.1912261247634888,-1.3171337842941284,0.06411506980657578,0.061792660504579544,0.09506304562091827
2467,-1.0095038414001465,-1.1769731044769287,0.08269857615232468,0.08477061986923218,0.0950346514582634
2468,-1.0375806093215942,-1.2268311977386475,0.08903434872627258,0.10021626949310303,0.09500644356012344
2469,-1.1377761363983154,-1.2412054538726807,0.05185042321681976,0.05157892405986786,0.09497818350791931
2470,-0.7646737694740295,-0.8770781755447388,0.05196475237607956,0.060439638793468475,0.09494981169700623
2471,-0.8142309784889221,-0.9453095197677612,0.06344538927078247,0.06763315200805664,0.09492149204015732
2472,-1.2736108303070068,-1.342525601387024,0.034337595105171204,0.03457712382078171,0.09489312022924423
2473,-0.8433897495269775,-1.1221970319747925,0.13963046669960022,0.1391768604516983,0.09486480057239532
2474,-0.9493562579154968,-1.0036576986312866,0.027863383293151855,0.02643805742263794,0.09483662247657776
2475,-1.1473133563995361,-1.246772289276123,0.0518040731549263,0.047654855996370316,0.09480849653482437
2476,-1.161457896232605,-1.258563756942749,0.05016470327973366,0.0469411164522171,0.09478036314249039
2477,-0.6778608560562134,-0.8206158876419067,0.07350436598062515,0.06925062090158463,0.09475227445363998
2478,-0.8693399429321289,-0.9316220879554749,0.0361233726143837,0.026158727705478668,0.09472397714853287
2479,-0.9031252861022949,-0.94765305519104,0.022891966626048088,0.021635834127664566,0.094695545732975
2480,-1.0164333581924438,-1.0842413902282715,0.032472774386405945,0.035335246473550797,0.094666987657547
2481,-1.1030946969985962,-1.1978797912597656,0.04652561992406845,0.04825952649116516,0.09463831037282944
2482,-1.2278283834457397,-1.3853617906570435,0.07187408953905106,0.08565924316644669,0.09460974484682083
2483,-0.9013038277626038,-1.0232453346252441,0.06100832670927048,0.06093314662575722,0.09458130598068237
2484,-0.8759785294532776,-0.9523224830627441,0.033967677503824234,0.04237629845738411,0.09455296397209167
2485,-1.1427090167999268,-1.2921302318572998,0.07704640924930573,0.07237476110458374,0.09452458471059799
2486,-0.8473217487335205,-0.9681071043014526,0.05946475639939308,0.06132062152028084,0.09449626505374908
2487,-0.9662625789642334,-1.1429109573364258,0.10004207491874695,0.07660627365112305,0.09446805715560913
2488,-1.1614406108856201,-1.2365056276321411,0.03914673253893852,0.03591829165816307,0.09443990886211395
2489,-0.9921658039093018,-1.1267223358154297,0.0600895881652832,0.07446691393852234,0.09441179037094116
2490,-0.6257595419883728,-0.8477010726928711,0.09890323877334595,0.12303829938173294,0.09438352286815643
2491,-1.1507630348205566,-1.2363169193267822,0.04552624374628067,0.04002762213349342,0.09435541927814484
2492,-1.0153491497039795,-1.087460994720459,0.04157116264104843,0.03054066374897957,0.0943273976445198
2493,-0.8326802253723145,-0.9309942722320557,0.05009475350379944,0.04821932315826416,0.09429947286844254
2494,-0.880306601524353,-1.055838942527771,0.0934835746884346,0.08204878866672516,0.09427161514759064
2495,-0.6727094650268555,-0.8155017495155334,0.06651149690151215,0.07628074288368225,0.09424370527267456
2496,-1.0419929027557373,-1.1096112728118896,0.03712177649140358,0.030496591702103615,0.09421573579311371
2497,-0.9197190999984741,-1.0539593696594238,0.058877065777778625,0.07536323368549347,0.09418748319149017
2498,-1.0439515113830566,-1.1064575910568237,0.040847860276699066,0.02165813185274601,0.09415937215089798
2499,-0.8620731830596924,-0.9637406468391418,0.05048683285713196,0.051180627197027206,0.09413140267133713
2500,-0.9937418699264526,-1.076501488685608,0.03760605677962303,0.04515359178185463,0.09410328418016434
2501,-0.9105881452560425,-0.9500724673271179,0.015146979130804539,0.02433733642101288,0.09407513588666916
2502,-1.3212450742721558,-1.396138310432434,0.038487013429403305,0.03640633076429367,0.09404689818620682
2503,-0.8178083896636963,-1.053671956062317,0.11034701019525528,0.12551653385162354,0.09401849657297134
2504,-1.149158239364624,-1.2201015949249268,0.03949829563498497,0.03144507482647896,0.09398998320102692
2505,-1.015513300895691,-1.0605735778808594,0.02293512038886547,0.022125115618109703,0.09396141767501831
2506,-1.0795549154281616,-1.208605170249939,0.0631551444530487,0.06589508801698685,0.09393281489610672
2507,-1.0203524827957153,-1.09207284450531,0.04343099892139435,0.02828933857381344,0.09390426427125931
2508,-0.9788640737533569,-1.0947208404541016,0.05232886224985123,0.063527911901474,0.09387572109699249
2509,-0.7605306506156921,-0.8724914193153381,0.04787520319223404,0.06408554315567017,0.09384714812040329
2510,-0.9993199706077576,-1.060564637184143,0.034791119396686554,0.02645358070731163,0.09381862729787827
2511,-0.7509167790412903,-0.9067773222923279,0.06697428226470947,0.08888627588748932,0.09379026293754578
2512,-1.0485186576843262,-1.226889967918396,0.08356672525405884,0.09480453282594681,0.0937618687748909
2513,-0.9712981581687927,-1.1185680627822876,0.06911157071590424,0.07815834134817123,0.09373348206281662
2514,-1.0191855430603027,-1.1043524742126465,0.04064374417066574,0.04452322795987129,0.0937051996588707
2515,-1.0833103656768799,-1.1681561470031738,0.039526019245386124,0.045319803059101105,0.09367687255144119
2516,-1.041527509689331,-1.0864964723587036,0.021694935858249664,0.02327406220138073,0.09364829212427139
2517,-0.6945287585258484,-0.8742330074310303,0.08988258242607117,0.08982164412736893,0.09361973404884338
2518,-0.9086185693740845,-1.0438013076782227,0.0646112784743309,0.07057145237922668,0.09359123557806015
2519,-1.284645915031433,-1.447838544845581,0.07432707399129868,0.08886547386646271,0.09356305748224258
2520,-0.9306726455688477,-1.0499255657196045,0.06465272605419159,0.05460016056895256,0.09353497624397278
2521,-1.29083251953125,-1.4005870819091797,0.05682636424899101,0.05292820557951927,0.09350690990686417
2522,-1.0292142629623413,-1.1324893236160278,0.04421703517436981,0.05905802547931671,0.09347886592149734
2523,-0.630827784538269,-0.7656262516975403,0.06477277725934982,0.07002565264701843,0.09345091879367828
2524,-0.6853342652320862,-1.1686820983886719,0.2297540307044983,0.2535938024520874,0.09342307597398758
2525,-1.1666982173919678,-1.2657947540283203,0.05578141659498215,0.04331511631608009,0.09339543431997299
2526,-1.3026553392410278,-1.4133223295211792,0.055819835513830185,0.054847173392772675,0.09336796402931213
2527,-0.7871528267860413,-0.8944568037986755,0.052745845168828964,0.054558172821998596,0.09334025532007217
2528,-0.9183198809623718,-1.0375449657440186,0.05433846265077591,0.06488660722970963,0.09331274777650833
2529,-0.9194187521934509,-1.0204155445098877,0.043623942881822586,0.05737287551164627,0.09328529983758926
2530,-1.0595804452896118,-1.135924220085144,0.039074577391147614,0.03726927563548088,0.09325788170099258
2531,-0.8590543866157532,-1.2274951934814453,0.18517646193504333,0.18326431512832642,0.09323033690452576
2532,-1.184281349182129,-1.2661465406417847,0.041674915701150894,0.0401901975274086,0.09320293366909027
2533,-0.8917086124420166,-0.9445294141769409,0.029767660424113274,0.023053139448165894,0.09317556023597717
2534,-1.1553199291229248,-1.2733337879180908,0.06181459501385689,0.056199315935373306,0.09314806759357452
2535,-1.4617167711257935,-1.5741281509399414,0.05249549821019173,0.05991587042808533,0.09312082082033157
2536,-0.9165554046630859,-1.0171645879745483,0.0496203638613224,0.050988778471946716,0.09309353679418564
2537,-0.9501022100448608,-1.1046391725540161,0.07495184242725372,0.07958510518074036,0.09306620061397552
2538,-1.0118855237960815,-1.0818067789077759,0.03398094326257706,0.03594033047556877,0.09303877502679825
2539,-0.7776074409484863,-0.8855494260787964,0.05370193347334862,0.05424002557992935,0.09301114082336426
2540,-1.2385331392288208,-1.3023868799209595,0.03234517201781273,0.03150850906968117,0.0929834246635437
2541,-0.8257492780685425,-0.9383881092071533,0.046240899711847305,0.06639789044857025,0.09295564889907837
2542,-0.949099600315094,-1.0389567613601685,0.03592332452535629,0.05393381789326668,0.0929279550909996
2543,-0.9275724291801453,-1.0191075801849365,0.038058217614889145,0.053476955741643906,0.09290032833814621
2544,-0.8466326594352722,-0.980282723903656,0.0652625560760498,0.06838752329349518,0.09287269413471222
2545,-0.9537546038627625,-1.0345022678375244,0.03744703531265259,0.04330062121152878,0.09284528344869614
2546,-0.7403162717819214,-0.8206838965415955,0.039564020931720734,0.040803633630275726,0.09281803667545319
2547,-0.9193844795227051,-1.0900017023086548,0.07471944391727448,0.09589776396751404,0.09279081970453262
2548,-1.030033826828003,-1.11338210105896,0.03831362724304199,0.04503463953733444,0.09276341646909714
2549,-0.7059722542762756,-0.9216703176498413,0.10772892087697983,0.10796915739774704,0.09273610264062881
2550,-1.34609854221344,-1.4290356636047363,0.03303645923733711,0.049900636076927185,0.09270862489938736
2551,-0.8353384137153625,-0.9197952747344971,0.0411684550344944,0.04328840970993042,0.09268102049827576
2552,-1.0796657800674438,-1.1983147859573364,0.052666038274765015,0.06598295271396637,0.09265318512916565
2553,-1.3200998306274414,-1.4917404651641846,0.08368456363677979,0.08795613050460815,0.09262526780366898
2554,-1.3241801261901855,-1.433692216873169,0.06179119646549225,0.04772089794278145,0.09259726852178574
2555,-1.072702169418335,-1.2012944221496582,0.059104640036821365,0.0694875493645668,0.09256928414106369
2556,-0.9658271074295044,-1.0350241661071777,0.03459437936544418,0.03460262343287468,0.09254112094640732
2557,-0.7636643052101135,-0.8464592695236206,0.04390254244208336,0.0388924703001976,0.0925128385424614
2558,-1.0778708457946777,-1.1689164638519287,0.04074186086654663,0.05030371621251106,0.09248470515012741
2559,-0.9045069217681885,-1.0199799537658691,0.044713955372571945,0.07075902819633484,0.09245659410953522
2560,-0.7255170941352844,-0.9562134742736816,0.1329444795846939,0.0977519154548645,0.09242844581604004
2561,-0.5346223711967468,-0.7468348741531372,0.1010308712720871,0.1111816018819809,0.0924002006649971
2562,-0.8372929096221924,-0.9274617433547974,0.04963308945298195,0.04053577408194542,0.0923718735575676
2563,-1.1254570484161377,-1.268739938735962,0.06517782062292099,0.07810504734516144,0.09234373271465302
2564,-0.8933231830596924,-1.030940294265747,0.06926639378070831,0.06835074722766876,0.09231548756361008
2565,-0.84757399559021,-0.9369765520095825,0.04059233516454697,0.04881025105714798,0.09228736907243729
2566,-0.8136232495307922,-0.8956282138824463,0.04037736356258392,0.041627585887908936,0.0922592505812645
2567,-0.8863674402236938,-1.0220211744308472,0.06622204929590225,0.06943164020776749,0.09223122894763947
2568,-0.9681056141853333,-1.0912079811096191,0.06391321867704391,0.059189118444919586,0.09220308810472488
2569,-0.6996955871582031,-0.858163058757782,0.07825163006782532,0.08021584153175354,0.09217502176761627
2570,-0.8978658318519592,-0.9545388221740723,0.026014912873506546,0.030658073723316193,0.0921468734741211
2571,-0.9900978207588196,-1.1674288511276245,0.0863533467054367,0.090977743268013,0.09211868792772293
2572,-1.0377625226974487,-1.1339653730392456,0.04320986568927765,0.05299295112490654,0.0920906737446785
2573,-1.3163485527038574,-1.3978115320205688,0.03718484565615654,0.044278115034103394,0.09206268191337585
2574,-0.7004039287567139,-0.763957142829895,0.02971530519425869,0.0338379330933094,0.09203469753265381
2575,-0.7469452619552612,-0.8222377896308899,0.036932572722435,0.03835995867848396,0.092006616294384
2576,-1.068374514579773,-1.152734398841858,0.042491279542446136,0.04186856746673584,0.0919785425066948
2577,-0.9542452692985535,-1.0487947463989258,0.04771929979324341,0.04683021083474159,0.0919504314661026
2578,-1.1275335550308228,-1.194521188735962,0.030834436416625977,0.03615317866206169,0.09192231297492981
2579,-0.8193913102149963,-0.8967471122741699,0.038313742727041245,0.03904206305742264,0.0918942391872406
2580,-1.078041672706604,-1.1504367589950562,0.03613093122839928,0.03626420348882675,0.09186618030071259
2581,-1.2470710277557373,-1.3167099952697754,0.03631973639130592,0.033319175243377686,0.0918380618095398
2582,-0.9443339109420776,-1.0160057544708252,0.036040205508470535,0.035631630569696426,0.09181010723114014
2583,-0.6168466806411743,-0.7499699592590332,0.05497558414936066,0.07814768701791763,0.09178219735622406
2584,-0.8646888732910156,-0.9950131177902222,0.05960041284561157,0.07072385400533676,0.09175419807434082
2585,-0.9801106452941895,-1.0488090515136719,0.032003771513700485,0.03669467195868492,0.09172637015581131
2586,-1.3441393375396729,-1.4656355381011963,0.054261211305856705,0.06723499298095703,0.0916987806558609
2587,-1.0119599103927612,-1.1279336214065552,0.06790846586227417,0.04806526005268097,0.09167130291461945
2588,-0.9286321401596069,-1.0232384204864502,0.047731004655361176,0.046875301748514175,0.09164365381002426
2589,-1.0023688077926636,-1.0870579481124878,0.042584128677845,0.04210500791668892,0.09161599725484848
2590,-0.8406032919883728,-0.9353134036064148,0.05170021951198578,0.043009862303733826,0.09158839285373688
2591,-0.91908860206604,-0.9929218292236328,0.036795906722545624,0.03703732043504715,0.09156093001365662
2592,-0.8486707806587219,-0.9077037572860718,0.027939345687627792,0.03109363280236721,0.09153346717357635
2593,-1.1333296298980713,-1.1869081258773804,0.027174556627869606,0.026403941214084625,0.09150604158639908
2594,-1.4337552785873413,-1.501552939414978,0.02959531918168068,0.03820233792066574,0.09147866815328598
2595,-1.0651590824127197,-1.158636450767517,0.044372979551553726,0.04910433664917946,0.09145121276378632
2596,-0.9045527577400208,-1.172074317932129,0.1367436945438385,0.13077791035175323,0.0914236530661583
2597,-0.8491919636726379,-0.9389876127243042,0.0433255173265934,0.04647010192275047,0.09139622002840042
2598,-0.8951492309570312,-0.9735099077224731,0.03617767617106438,0.042182981967926025,0.09136874228715897
2599,-1.0950863361358643,-1.1684366464614868,0.03934674710035324,0.03400356322526932,0.09134125709533691
2600,-1.1663724184036255,-1.2488933801651,0.04366689920425415,0.03885400667786598,0.09131384640932083
2601,-1.1409800052642822,-1.2235174179077148,0.03479843959212303,0.047739047557115555,0.09128645807504654
2602,-0.852084755897522,-0.9990559220314026,0.0772952064871788,0.0696759894490242,0.0912591740489006
2603,-0.8775697350502014,-0.9673870801925659,0.043028078973293304,0.046789273619651794,0.09123174101114273
2604,-1.0652731657028198,-1.1506292819976807,0.04016011580824852,0.0451960489153862,0.09120439738035202
2605,-1.2068634033203125,-1.3186627626419067,0.048133302479982376,0.06366609036922455,0.09117703139781952
2606,-1.072553038597107,-1.1803346872329712,0.04682350158691406,0.06095815449953079,0.09114964306354523
2607,-1.4098083972930908,-1.461681604385376,0.025072086602449417,0.02680111676454544,0.09112221747636795
2608,-0.8169960379600525,-0.8678922057151794,0.02686179243028164,0.024034352973103523,0.09109468013048172
2609,-0.9857134819030762,-1.0490202903747559,0.0295967236161232,0.03371010720729828,0.09106731414794922
2610,-0.8111181855201721,-0.9017422199249268,0.039363738149404526,0.05126029998064041,0.09103985130786896
2611,-0.6724687814712524,-0.8048391938209534,0.0726647898554802,0.059705596417188644,0.09101224690675735
2612,-1.138340950012207,-1.1951539516448975,0.026111483573913574,0.030701562762260437,0.09098443388938904
2613,-0.7848531603813171,-0.8351900577545166,0.023274637758731842,0.02706223353743553,0.09095660597085953
2614,-1.0361592769622803,-1.086629033088684,0.02297634445130825,0.027493305504322052,0.09092891961336136
2615,-0.8245883584022522,-0.9210909008979797,0.05150683596730232,0.04499572142958641,0.09090154618024826
2616,-0.7890117764472961,-0.8461199402809143,0.029082100838422775,0.028026070445775986,0.09087421745061874
2617,-1.0387187004089355,-1.1353391408920288,0.057153165340423584,0.03946734219789505,0.09084714204072952
2618,-1.2293108701705933,-1.3033570051193237,0.030579226091504097,0.04346690699458122,0.09082024544477463
2619,-0.8773025274276733,-0.9964673519134521,0.05527374893426895,0.06389103829860687,0.0907934159040451
2620,-0.9413115382194519,-0.992325484752655,0.02332868054509163,0.027685312554240227,0.09076636284589767
2621,-0.9515573382377625,-1.0443657636642456,0.040917910635471344,0.05189056321978569,0.09073903411626816
2622,-1.1111000776290894,-1.1963785886764526,0.040371399372816086,0.04490713030099869,0.0907118022441864
2623,-0.702416718006134,-0.7363408207893372,0.016469143331050873,0.017454970628023148,0.09068474918603897
2624,-0.963962733745575,-1.0744271278381348,0.04441570118069649,0.06604869663715363,0.09065772593021393
2625,-0.8816612958908081,-1.0511394739151,0.0721464678645134,0.097331702709198,0.09063056111335754
2626,-1.1253085136413574,-1.44154691696167,0.154871866106987,0.1613665521144867,0.0906035378575325
2627,-1.1605124473571777,-1.2443265914916992,0.03732842579483986,0.04648565873503685,0.09057651460170746
2628,-0.8130047917366028,-0.8896898031234741,0.031121790409088135,0.045563217252492905,0.09054948389530182
2629,-0.8497428297996521,-1.174027442932129,0.16563384234905243,0.15865081548690796,0.09052258729934692
2630,-0.7454238533973694,-0.8262307643890381,0.036314286291599274,0.04449261352419853,0.09049572050571442
2631,-0.9094685316085815,-0.9932728409767151,0.03964044898748398,0.04416390508413315,0.09046880155801773
2632,-1.1546564102172852,-1.2108838558197021,0.026935938745737076,0.02929145097732544,0.09044188261032104
2633,-0.8045752644538879,-0.9384997487068176,0.06252134591341019,0.0714031532406807,0.09041500091552734
2634,-1.0520397424697876,-1.2155811786651611,0.06352221965789795,0.10001916438341141,0.09038801491260529
2635,-1.256956696510315,-1.3361343145370483,0.03162052854895592,0.04755705967545509,0.0903610810637474
2636,-0.9377683401107788,-1.0006229877471924,0.0330498069524765,0.029804812744259834,0.09033430367708206
2637,-1.0673673152923584,-1.120080828666687,0.025425847619771957,0.02728772908449173,0.09030745178461075
2638,-1.0476082563400269,-1.1007274389266968,0.03241635113954544,0.02070278860628605,0.0902806743979454
2639,-0.8389701247215271,-0.9592686295509338,0.051462456583976746,0.0688360184431076,0.09025398641824722
2640,-1.4297467470169067,-1.5307023525238037,0.046894621104002,0.054060984402894974,0.09022726118564606
2641,-1.0439616441726685,-1.1637483835220337,0.06996750086545944,0.04981926828622818,0.0902005061507225
2642,-0.9642319679260254,-1.0527549982070923,0.04715649038553238,0.041366562247276306,0.09017366915941238
2643,-0.9086329936981201,-1.0284234285354614,0.05669485405087471,0.0630955845117569,0.09014686942100525
2644,-1.1987643241882324,-1.3162685632705688,0.052361104637384415,0.06514307856559753,0.0901201143860817
2645,-1.0183032751083374,-1.0565133094787598,0.015878546983003616,0.022331442683935165,0.0900934487581253
2646,-1.2733728885650635,-1.3183457851409912,0.02189725451171398,0.023075751960277557,0.09006675332784653
2647,-1.18324613571167,-1.2500135898590088,0.034744467586278915,0.03202291578054428,0.09004032611846924
2648,-0.5833650827407837,-0.7774667739868164,0.09205281734466553,0.10204887390136719,0.09001383930444717
2649,-0.9210851788520813,-0.9868618845939636,0.03197312355041504,0.03380357846617699,0.08998733758926392
2650,-0.5959089994430542,-0.6443377733230591,0.024743705987930298,0.023685123771429062,0.08996084332466125
2651,-1.430927038192749,-1.502492070198059,0.03584916144609451,0.03571578115224838,0.08993436396121979
2652,-0.5300610065460205,-0.5928843021392822,0.030300801619887352,0.032522525638341904,0.08990783989429474
2653,-1.0852023363113403,-1.1539827585220337,0.03340547904372215,0.035375047475099564,0.08988118171691895
2654,-1.0239592790603638,-1.124235987663269,0.0520806685090065,0.048196110874414444,0.0898546352982521
2655,-0.8244922757148743,-0.8990480899810791,0.034662868827581406,0.03989294916391373,0.08982807397842407
2656,-0.9448477029800415,-1.0490634441375732,0.056847527623176575,0.047368232160806656,0.0898013487458229
2657,-0.922919750213623,-1.2708371877670288,0.19089052081108093,0.15702690184116364,0.08977467566728592
2658,-0.9847469329833984,-1.0241131782531738,0.01784024015069008,0.021525980904698372,0.08974792063236237
2659,-1.176335096359253,-1.2611191272735596,0.042456433176994324,0.04232758283615112,0.08972132951021194
2660,-0.8418269753456116,-0.9231619834899902,0.04012657701969147,0.04120844602584839,0.08969474583864212
2661,-0.7444590926170349,-0.8119576573371887,0.033963628113269806,0.03353491798043251,0.08966820687055588
2662,-0.8652423024177551,-0.9414331316947937,0.040165580809116364,0.036025211215019226,0.08964178711175919
2663,-0.9857884645462036,-1.0572419166564941,0.03727065399289131,0.034182772040367126,0.0896153375506401
2664,-0.8419755697250366,-0.9100042581558228,0.032554563134908676,0.03547414764761925,0.08958876132965088
2665,-0.8294971585273743,-0.9225777983665466,0.0445236973464489,0.04855690896511078,0.08956204354763031
2666,-1.1990718841552734,-1.289189338684082,0.04289286583662033,0.047224655747413635,0.08953533321619034
