step,total_loss,actor_loss,q1_loss,q2_loss,alpha
1,0.22427713871002197,0.13888999819755554,0.05509645491838455,0.030290696769952774,0.19993999600410461
2,0.27895164489746094,0.21965989470481873,0.03381293639540672,0.025478824973106384,0.19988055527210236
3,0.31781119108200073,0.2135516107082367,0.0542069710791111,0.05005259811878204,0.1998211145401001
4,0.30168673396110535,0.23460347950458527,0.03434999659657478,0.032733261585235596,0.19976180791854858
5,0.20507636666297913,0.1553058922290802,0.027781112119555473,0.0219893679022789,0.19970202445983887
6,0.2693093419075012,0.17194251716136932,0.050312791019678116,0.047054044902324677,0.19964194297790527
7,0.24023786187171936,0.1885051727294922,0.02593155764043331,0.02580113522708416,0.19958177208900452
8,0.25233981013298035,0.18166053295135498,0.03392593562602997,0.0367533378303051,0.19952146708965302
9,0.221962109208107,0.17643138766288757,0.0224955752491951,0.02303515374660492,0.19946108758449554
10,0.23186050355434418,0.17586660385131836,0.028814734891057014,0.0271791722625494,0.19940060377120972
11,0.2326776683330536,0.1918213665485382,0.020687533542513847,0.020168766379356384,0.1993401199579239
12,0.1774267852306366,0.14031165838241577,0.018240809440612793,0.018874317407608032,0.19927921891212463
13,0.1647285521030426,0.14732076227664948,0.008066761307418346,0.009341035038232803,0.19921806454658508
14,0.3033882975578308,0.16312935948371887,0.07224366813898087,0.06801526993513107,0.19915682077407837
15,0.2011922299861908,0.17161373794078827,0.013297912664711475,0.016280576586723328,0.19909554719924927
16,0.222845658659935,0.17966918647289276,0.023438453674316406,0.01973802037537098,0.19903439283370972
17,0.23184721171855927,0.17657260596752167,0.030405312776565552,0.024869292974472046,0.1989734023809433
18,0.19660800695419312,0.11745887994766235,0.043423183262348175,0.03572595864534378,0.19891208410263062
19,0.23738056421279907,0.09431959688663483,0.07333549112081528,0.06972549110651016,0.19885031878948212
20,0.22522693872451782,0.15362600982189178,0.036928463727235794,0.03467246890068054,0.19878892600536346
21,0.16398507356643677,0.08038583397865295,0.04338355362415314,0.04021568223834038,0.19872725009918213
22,0.1782209575176239,0.04913577064871788,0.06861229985952377,0.060472890734672546,0.19866517186164856
23,0.14857785403728485,0.09352898597717285,0.028239140287041664,0.026809724047780037,0.19860325753688812
24,0.062120988965034485,0.023096617311239243,0.01938524655997753,0.01963912881910801,0.19854089617729187
25,0.09006575495004654,0.05129421502351761,0.019391488283872604,0.019380057230591774,0.198478564620018
26,0.11288303881883621,0.07133106887340546,0.01815262995660305,0.023399336263537407,0.1984165459871292
27,0.07087237387895584,0.036334436386823654,0.015436073765158653,0.019101867452263832,0.19835451245307922
28,0.04944751039147377,0.00682198628783226,0.021186374127864838,0.021439149975776672,0.19829224050045013
29,0.033037763088941574,0.005389192141592503,0.012162549421191216,0.015486019663512707,0.19822977483272552
30,0.019398635253310204,-0.013145802542567253,0.016273140907287598,0.01627129688858986,0.19816699624061584
31,0.0946689248085022,0.028146229684352875,0.03275012597441673,0.03377256914973259,0.19810433685779572
32,0.10284814238548279,-0.010119947604835033,0.056155022233724594,0.0568130686879158,0.1980414241552353
33,0.05529392883181572,0.005466091446578503,0.02410450205206871,0.025723334401845932,0.19797854125499725
34,0.2663123309612274,-0.02094089612364769,0.14613045752048492,0.14112277328968048,0.1979154497385025
35,0.029011841863393784,-0.031550049781799316,0.030415939167141914,0.030145952478051186,0.19785206019878387
36,0.022401340305805206,-0.07639344036579132,0.048938315361738205,0.04985646530985832,0.1977880299091339
37,0.04786991700530052,-0.018765095621347427,0.03255882486701012,0.03407618775963783,0.1977241039276123
38,0.0357019305229187,0.0014743432402610779,0.01828918606042862,0.015938399359583855,0.1976604461669922
39,0.04004461690783501,-0.02927584946155548,0.03415911644697189,0.035161349922418594,0.19759686291217804
40,-0.02767365053296089,-0.06380265951156616,0.018032345920801163,0.018096663057804108,0.19753296673297882
41,-0.04285882040858269,-0.06836108863353729,0.012986542657017708,0.012515727430582047,0.19746887683868408
42,-0.03531594201922417,-0.11368588358163834,0.03860272839665413,0.03976720944046974,0.1974041759967804
43,-0.014820456504821777,-0.09143057465553284,0.036951981484889984,0.039658136665821075,0.19733926653862
44,-0.037930335849523544,-0.08921694755554199,0.02510332129895687,0.026183288544416428,0.19727425277233124
45,-0.11250883340835571,-0.13642095029354095,0.012316939420998096,0.011595170944929123,0.1972087025642395
46,-0.055356621742248535,-0.11617949604988098,0.0307158175855875,0.030107056722044945,0.19714295864105225
47,-0.10115169733762741,-0.1367003619670868,0.017845554277300835,0.017703108489513397,0.1970769315958023
48,0.08743775635957718,-0.09940926730632782,0.09175378829240799,0.09509323537349701,0.1970110833644867
49,-0.08610939979553223,-0.1280689239501953,0.021393748000264168,0.020565778017044067,0.19694513082504272
50,-0.03829658403992653,-0.12596052885055542,0.04414552077651024,0.043518420308828354,0.19687919318675995
51,-0.0818643644452095,-0.13399681448936462,0.028154492378234863,0.023977957665920258,0.1968131959438324
52,-0.09396825730800629,-0.17413754761219025,0.040915414690971375,0.039253875613212585,0.19674688577651978
53,-0.12416128814220428,-0.15341147780418396,0.01483288686722517,0.014417307451367378,0.19668054580688477
54,-0.1878727227449417,-0.2013261467218399,0.00642395718023181,0.0070294784381985664,0.19661372900009155
55,-0.16636700928211212,-0.18527913093566895,0.008763279765844345,0.010148835368454456,0.19654671847820282
56,-0.07479113340377808,-0.15271376073360443,0.038808342069387436,0.03911428526043892,0.1964799463748932
57,-0.03687576204538345,-0.15470635890960693,0.05946055054664612,0.05837004631757736,0.19641341269016266
58,-0.15645122528076172,-0.193182572722435,0.019015876576304436,0.017715465277433395,0.19634681940078735
59,-0.18028579652309418,-0.2127193659543991,0.0168595127761364,0.015574049204587936,0.19628001749515533
60,-0.1887354850769043,-0.222133070230484,0.016085181385278702,0.01731240563094616,0.1962130069732666
61,-0.1303284913301468,-0.18817389011383057,0.029037706553936005,0.028807690367102623,0.196146160364151
62,-0.14666607975959778,-0.27750518918037415,0.06587336957454681,0.06496573239564896,0.19607871770858765
63,-0.18838010728359222,-0.21748203039169312,0.01427409891039133,0.014827823266386986,0.19601140916347504
64,-0.22083382308483124,-0.25512251257896423,0.01707657240331173,0.017212122678756714,0.1959438920021057
65,-0.2792593240737915,-0.3222944736480713,0.022124428302049637,0.020910698920488358,0.19587555527687073
66,-0.10858997702598572,-0.26248496770858765,0.07561080902814865,0.07828417420387268,0.19580720365047455
67,-0.3146597445011139,-0.3420785963535309,0.01367451623082161,0.013744312338531017,0.19573800265789032
68,-0.28673055768013,-0.30761203169822693,0.010463586077094078,0.010417882353067398,0.19566857814788818
69,-0.2700011432170868,-0.29531386494636536,0.012529038824141026,0.012783689424395561,0.19559912383556366
70,-0.26228880882263184,-0.2778330445289612,0.008145216852426529,0.007399007678031921,0.1955297589302063
71,-0.28818804025650024,-0.30774930119514465,0.009709247387945652,0.009852012619376183,0.1954602301120758
72,-0.23903538286685944,-0.305267333984375,0.03137277066707611,0.03485916927456856,0.19539056718349457
73,-0.08083660900592804,-0.31145501136779785,0.11783626675605774,0.11278213560581207,0.19532069563865662
74,-0.2776244580745697,-0.29595494270324707,0.009541557170450687,0.00878891907632351,0.19525083899497986
75,-0.25938498973846436,-0.2908448278903961,0.015534831210970879,0.015925029292702675,0.19518104195594788
76,-0.3157091438770294,-0.35296931862831116,0.018262989819049835,0.0189971923828125,0.19511069357395172
77,-0.26032254099845886,-0.29331183433532715,0.016902688890695572,0.01608661748468876,0.19504056870937347
78,-0.27252277731895447,-0.3052194118499756,0.016226546838879585,0.016470078378915787,0.19497050344944
79,-0.28645145893096924,-0.33525046706199646,0.02453741431236267,0.024261590093374252,0.1949003040790558
80,-0.27898746728897095,-0.3163216710090637,0.01905112713575363,0.018283067271113396,0.19483023881912231
81,-0.2674683928489685,-0.35089242458343506,0.04084781929850578,0.04257621988654137,0.1947600096464157
82,-0.31028634309768677,-0.3509831726551056,0.020109351724386215,0.02058747597038746,0.19468975067138672
83,-0.3062361478805542,-0.3468260169029236,0.019689982756972313,0.020899901166558266,0.1946195363998413
84,-0.3585588335990906,-0.37297314405441284,0.006575920153409243,0.007838395424187183,0.19454917311668396
85,-0.32994556427001953,-0.3686785399913788,0.019851313903927803,0.01888163574039936,0.19447889924049377
86,-0.3874019682407379,-0.4076424837112427,0.009674261324107647,0.010566257871687412,0.19440843164920807
87,-0.3775528371334076,-0.39903730154037476,0.01031926367431879,0.011165192350745201,0.19433796405792236
88,-0.41181492805480957,-0.42697006464004517,0.00729546369984746,0.007859665900468826,0.19426725804805756
89,-0.37756991386413574,-0.40569600462913513,0.01379135437309742,0.014334725216031075,0.19419656693935394
90,-0.4066865146160126,-0.42459583282470703,0.008075141347944736,0.009834161959588528,0.19412575662136078
91,-0.38056233525276184,-0.40355512499809265,0.01137521117925644,0.011617565527558327,0.19405509531497955
92,-0.3839453458786011,-0.4103204607963562,0.013097627088427544,0.013277504593133926,0.19398458302021027
93,-0.35499268770217896,-0.3876972198486328,0.0158372949808836,0.01686723530292511,0.19391445815563202
94,-0.41686996817588806,-0.43428778648376465,0.00899403728544712,0.00842378195375204,0.19384422898292542
95,-0.40537741780281067,-0.41609564423561096,0.005314887501299381,0.005403335206210613,0.19377413392066956
96,-0.416297972202301,-0.42839300632476807,0.006300179287791252,0.005794861353933811,0.1937040388584137
97,-0.43319159746170044,-0.4457840025424957,0.005896674934774637,0.006695727817714214,0.1936337947845459
98,-0.37516894936561584,-0.4243541955947876,0.024663282558321953,0.024521971121430397,0.19356365501880646
99,-0.4379129707813263,-0.44571200013160706,0.003946905490010977,0.0038521194364875555,0.19349341094493866
100,-0.44493383169174194,-0.4532158374786377,0.004277405329048634,0.0040045869536697865,0.1934231072664261
101,-0.41067731380462646,-0.4297124147415161,0.009699966758489609,0.00933512020856142,0.19335293769836426
102,-0.4247226119041443,-0.43523794412612915,0.0054059140384197235,0.00510943029075861,0.19328290224075317
103,-0.4497198462486267,-0.46181464195251465,0.005874375347048044,0.006220420356839895,0.19321270287036896
104,-0.4332004189491272,-0.4471839666366577,0.006169296335428953,0.007814271375536919,0.19314253330230713
105,-0.42496126890182495,-0.43811047077178955,0.006668843328952789,0.006480355281382799,0.19307248294353485
106,-0.40044304728507996,-0.42044270038604736,0.009883709251880646,0.010115941986441612,0.19300276041030884
107,-0.45360732078552246,-0.46036383509635925,0.0034108380787074566,0.0033456662204116583,0.19293302297592163
108,-0.4518561065196991,-0.45764416456222534,0.0030250349082052708,0.0027630345430225134,0.1928633600473404
109,-0.4350024461746216,-0.4527336061000824,0.008807303383946419,0.008923858404159546,0.19279378652572632
110,-0.46003514528274536,-0.46660685539245605,0.0033534029498696327,0.0032182789873331785,0.19272418320178986
111,-0.47231703996658325,-0.4834924042224884,0.005770335905253887,0.005405048839747906,0.19265450537204742
112,-0.4541582465171814,-0.4618483781814575,0.003566296538338065,0.004123842343688011,0.19258496165275574
113,-0.4715164005756378,-0.4757666289806366,0.0019067309331148863,0.0023434979375451803,0.19251546263694763
114,-0.44079726934432983,-0.4635813534259796,0.011411825194954872,0.011372269131243229,0.1924460530281067
115,-0.48389750719070435,-0.49828460812568665,0.0070812818594276905,0.00730581721290946,0.1923764944076538
116,-0.4814063608646393,-0.48644036054611206,0.0025001084432005882,0.002533895894885063,0.1923069804906845
117,-0.48410171270370483,-0.49815213680267334,0.00706090684980154,0.006989498157054186,0.1922374814748764
118,-0.5062147378921509,-0.5111972689628601,0.0024313321337103844,0.002551191719248891,0.19216792285442352
119,-0.4733212888240814,-0.4881911277770996,0.007788287475705147,0.007081530522555113,0.1920984983444214
120,-0.49135878682136536,-0.4989241063594818,0.00352647015824914,0.004038834013044834,0.19202913343906403
121,-0.4807925522327423,-0.488116979598999,0.0036238820757716894,0.0037005662452429533,0.1919599324464798
122,-0.49254295229911804,-0.5089561343193054,0.008117388933897018,0.008295807056128979,0.19189079105854034
123,-0.49939584732055664,-0.5060054659843445,0.0034166905097663403,0.0031929071992635727,0.19182167947292328
124,-0.4867645502090454,-0.49593257904052734,0.004716060124337673,0.004451949615031481,0.19175277650356293
125,-0.5026792883872986,-0.5086615085601807,0.003168307011947036,0.0028139478527009487,0.19168393313884735
126,-0.4871176779270172,-0.49200326204299927,0.0022604160476475954,0.002625162247568369,0.1916152536869049
127,-0.502921998500824,-0.516308069229126,0.006603305693715811,0.006782792042940855,0.19154660403728485
128,-0.4952613413333893,-0.5018583536148071,0.003247017739340663,0.0033499819692224264,0.19147802889347076
129,-0.4950025975704193,-0.504169225692749,0.004959434270858765,0.004207196645438671,0.19140958786010742
130,-0.5300501585006714,-0.53551185131073,0.002664900152012706,0.002796745393425226,0.19134099781513214
131,-0.5222885608673096,-0.5270736813545227,0.0024916650727391243,0.002293482655659318,0.19127240777015686
132,-0.5026546716690063,-0.5097728371620178,0.0035437834449112415,0.003574384842067957,0.1912039816379547
133,-0.5130161046981812,-0.518323540687561,0.0025283973664045334,0.002779069822281599,0.19113564491271973
134,-0.5129944682121277,-0.5226892232894897,0.004901006817817688,0.0047937617637217045,0.1910673975944519
135,-0.5231987833976746,-0.5275523662567139,0.0023558326065540314,0.0019977593328803778,0.19099923968315125
136,-0.5334349870681763,-0.5394853353500366,0.0030954855028539896,0.0029548420570790768,0.190931037068367
137,-0.5443437099456787,-0.5487061142921448,0.0021338341757655144,0.0022285510785877705,0.19086284935474396
138,-0.5243778228759766,-0.5339701771736145,0.005027522332966328,0.004564807750284672,0.19079473614692688
139,-0.5165455341339111,-0.5262488722801208,0.004937665071338415,0.0047656940296292305,0.19072681665420532
140,-0.5427654385566711,-0.5573940277099609,0.007445398718118668,0.007183215115219355,0.19065889716148376
141,-0.5272780656814575,-0.532326877117157,0.0026569219771772623,0.002391876420006156,0.19059112668037415
142,-0.5367581248283386,-0.5416992902755737,0.002472336869686842,0.0024688225239515305,0.19052347540855408
143,-0.5333214402198792,-0.5387753844261169,0.0027521157171577215,0.0027018305845558643,0.19045601785182953
144,-0.5524242520332336,-0.5577148199081421,0.0024686057586222887,0.0028219965752214193,0.1903885453939438
145,-0.5277286171913147,-0.5395554900169373,0.006022172048687935,0.005804709158837795,0.19032129645347595
146,-0.5485293865203857,-0.5553966164588928,0.0036453264765441418,0.003221942810341716,0.1902540773153305
147,-0.33818134665489197,-0.551693320274353,0.1080179437994957,0.10549401491880417,0.19018693268299103
148,-0.540006697177887,-0.5444841980934143,0.0021722917445003986,0.0023052142933011055,0.19011986255645752
149,-0.5307910442352295,-0.5394382476806641,0.004114673472940922,0.004532529041171074,0.19005286693572998
150,-0.5345908999443054,-0.5430482625961304,0.004249840043485165,0.004207533318549395,0.189985990524292
151,-0.516148567199707,-0.5240784287452698,0.0038946198765188456,0.00403523538261652,0.18991929292678833
152,-0.5325620174407959,-0.5359678268432617,0.0016005751676857471,0.0018052281811833382,0.18985261023044586
153,-0.5327528715133667,-0.5501132011413574,0.008689559996128082,0.008670751936733723,0.1897859275341034
154,-0.5286941528320312,-0.5379364490509033,0.004726806655526161,0.004515483975410461,0.1897193044424057
155,-0.5428955554962158,-0.5495476722717285,0.0031274708453565836,0.0035246592015028,0.18965266644954681
156,-0.5441399216651917,-0.5503218173980713,0.0032206610776484013,0.0029612407088279724,0.18958602845668793
157,0.9534521698951721,-0.5635334849357605,0.7635586261749268,0.7534270286560059,0.1895194798707962
158,-0.5690773129463196,-0.5726509690284729,0.001911695464514196,0.0016619544476270676,0.18945300579071045
159,-0.5713177919387817,-0.5797716975212097,0.004147415980696678,0.004306487739086151,0.18938663601875305
160,-0.5900934338569641,-0.5942482948303223,0.0019306300673633814,0.0022242050617933273,0.189320370554924
161,-0.5955150723457336,-0.6032322645187378,0.003400444518774748,0.004316764418035746,0.18925413489341736
162,-0.5212500691413879,-0.5984748005867004,0.037316739559173584,0.03990797698497772,0.18918807804584503
163,-0.5889744758605957,-0.5952125787734985,0.0029745688661932945,0.0032635312527418137,0.18912220001220703
164,-0.5872082114219666,-0.6043541431427002,0.00808278564363718,0.009063133969902992,0.1890563666820526
165,-0.5880219340324402,-0.5951136350631714,0.0034843338653445244,0.0036073694936931133,0.18899059295654297
166,-0.5832318663597107,-0.5977554321289062,0.007082961034029722,0.007440606597810984,0.18892499804496765
167,-0.5822342038154602,-0.5891084671020508,0.003539829747751355,0.003334456356242299,0.18885955214500427
168,-0.567354679107666,-0.5883887410163879,0.010041691362857819,0.010992338880896568,0.18879421055316925
169,-0.5560278296470642,-0.5683205723762512,0.006114309187978506,0.006178467068821192,0.18872901797294617
170,-0.5615063905715942,-0.5674806237220764,0.002980690449476242,0.0029935049824416637,0.18866389989852905
171,-0.5553272366523743,-0.5681549310684204,0.006096516735851765,0.00673115998506546,0.1885988414287567
172,-0.5424087047576904,-0.5605031251907349,0.008814345113933086,0.009280085563659668,0.18853388726711273
173,-0.4688378870487213,-0.5515522956848145,0.04049231857061386,0.042222101241350174,0.1884690821170807
174,-0.5393710136413574,-0.543140172958374,0.0019036352168768644,0.001865535625256598,0.18840445578098297
175,-0.549663782119751,-0.555641770362854,0.003136647865176201,0.0028413482941687107,0.1883399337530136
176,-0.565963089466095,-0.5752992630004883,0.004434011410921812,0.004902205429971218,0.18827542662620544
177,-0.49081969261169434,-0.5572213530540466,0.03321215510368347,0.03318953514099121,0.18821103870868683
178,-0.5573555827140808,-0.5776018500328064,0.009666010737419128,0.010580228641629219,0.1881466954946518
179,-0.5509719848632812,-0.5624565482139587,0.00561890983954072,0.005865644663572311,0.1880824714899063
180,-0.5597413182258606,-0.5668042898178101,0.003623591735959053,0.003439384512603283,0.18801842629909515
181,-0.5718449950218201,-0.5823430418968201,0.005200500600039959,0.005297544412314892,0.18795445561408997
182,-0.5856592655181885,-0.5901167988777161,0.0023026997223496437,0.0021548212971538305,0.18789048492908478
183,-0.5820578932762146,-0.5864222049713135,0.002365696243941784,0.001998597290366888,0.18782661855220795
184,-0.5284866690635681,-0.5994296073913574,0.03560982272028923,0.03533308580517769,0.1877627968788147
185,-0.5788458585739136,-0.590889573097229,0.005879152566194534,0.00616452656686306,0.18769903481006622
186,-0.5766394138336182,-0.5908371806144714,0.006931690499186516,0.00726609630510211,0.18763543665409088
187,-0.5827606916427612,-0.5959574580192566,0.006424196530133486,0.006772579625248909,0.1875719279050827
188,-0.5711823105812073,-0.5923115015029907,0.009925289079546928,0.011203897185623646,0.1875084489583969
189,-0.6011238694190979,-0.605839192867279,0.0022287017200142145,0.002486643847078085,0.18744495511054993
190,-0.5956193804740906,-0.5986365079879761,0.0016140424413606524,0.0014030932215973735,0.18738149106502533
191,-0.5861861705780029,-0.5976358652114868,0.005598129704594612,0.0058515919372439384,0.18731804192066193
192,-0.5828331112861633,-0.5988103151321411,0.007836555130779743,0.008140627294778824,0.18725459277629852
193,-0.5850602388381958,-0.5948326587677002,0.004718806128948927,0.005053626373410225,0.1871911585330963
194,-0.5605178475379944,-0.5762598514556885,0.007796477992087603,0.007945544086396694,0.18712788820266724
195,-0.5606307983398438,-0.5772016048431396,0.008141245692968369,0.008429588750004768,0.18706472218036652
196,-0.5767232179641724,-0.5856263637542725,0.0043026236817240715,0.00460053700953722,0.18700164556503296
197,-0.5890018939971924,-0.6012107133865356,0.005876004230231047,0.006332785822451115,0.18693849444389343
198,-0.575503408908844,-0.5867998600006104,0.005551147274672985,0.005745299626141787,0.18687541782855988
199,-0.5584784746170044,-0.5779117941856384,0.009563049301505089,0.009870313107967377,0.18681253492832184
200,-0.5699798464775085,-0.5935059785842896,0.01146283745765686,0.012063311412930489,0.18674975633621216
201,-0.5811703205108643,-0.585639238357544,0.002252941718325019,0.0022159828804433346,0.18668709695339203
202,-0.5741503238677979,-0.5913660526275635,0.008074536919593811,0.009141230955719948,0.18662449717521667
203,-0.5342718362808228,-0.6053148508071899,0.03566630929708481,0.03537674620747566,0.1865619271993637
204,-0.6210097670555115,-0.6244102120399475,0.0018862001597881317,0.001514248549938202,0.18649934232234955
205,-0.6032585501670837,-0.6245558857917786,0.010334503836929798,0.010962828993797302,0.18643666803836823
206,-0.6036659479141235,-0.6149415969848633,0.005403537768870592,0.005872117355465889,0.18637409806251526
207,-0.6128076314926147,-0.6170604228973389,0.002203252399340272,0.0020495369099080563,0.18631161749362946
208,-0.5908671617507935,-0.613898754119873,0.011304095387458801,0.011727502569556236,0.18624916672706604
209,-0.6101065278053284,-0.6214326024055481,0.005551997572183609,0.005774109624326229,0.1861867904663086
210,-0.5946257710456848,-0.609056830406189,0.007152047008275986,0.007279012817889452,0.18612456321716309
211,-0.6010996699333191,-0.6099616885185242,0.004781865514814854,0.00408016424626112,0.18606238067150116
212,-0.5654073357582092,-0.6293226480484009,0.03168085590004921,0.032234445214271545,0.18600015342235565
213,-0.5926860570907593,-0.6047031879425049,0.005707546602934599,0.006309584714472294,0.1859380155801773
214,-0.60724276304245,-0.6230083703994751,0.007959755137562752,0.007805799599736929,0.18587587773799896
215,-0.6156278848648071,-0.6171032190322876,0.0008118372643366456,0.0006635063327848911,0.1858137995004654
216,-0.610863983631134,-0.6167966723442078,0.002763420110568404,0.0031692723277956247,0.1857517659664154
217,-0.5890970230102539,-0.6055923104286194,0.00847641471773386,0.008018827997148037,0.18568983674049377
218,-0.5326754450798035,-0.6169304847717285,0.041852619498968124,0.042402420192956924,0.1856280416250229
219,-0.5965919494628906,-0.6165871024131775,0.0098955063149333,0.010099672712385654,0.18556633591651917
220,-0.6084650754928589,-0.6113734245300293,0.001432032440789044,0.001476297969929874,0.18550477921962738
221,-0.5910987257957458,-0.6178854703903198,0.013403339311480522,0.013383413664996624,0.18544316291809082
222,-0.5894192457199097,-0.614997386932373,0.01226263027638197,0.013315525837242603,0.1853814721107483
223,-0.58070969581604,-0.5936855673789978,0.006343465764075518,0.006632373668253422,0.18531987071037292
224,-0.5807123184204102,-0.595950722694397,0.007479789666831493,0.007758593652397394,0.18525832891464233
225,-0.5725892186164856,-0.5884077548980713,0.007788769900798798,0.008029746823012829,0.1851969212293625
226,-0.6079918146133423,-0.6200025081634521,0.005951994098722935,0.006058703176677227,0.18513549864292145
227,-0.5830700993537903,-0.6032798290252686,0.009862790815532207,0.01034695003181696,0.18507413566112518
228,-0.5987274050712585,-0.6089709401130676,0.0049179429188370705,0.005325604695826769,0.18501275777816772
229,-0.5910548567771912,-0.6090875267982483,0.008687052875757217,0.009345588274300098,0.18495145440101624
230,-0.6125935912132263,-0.633571207523346,0.01018078438937664,0.010796856135129929,0.18489013612270355
231,-0.60601407289505,-0.6142655611038208,0.004167110659182072,0.004084325395524502,0.18482890725135803
232,-0.6222691535949707,-0.6390734314918518,0.008421984501183033,0.008382346481084824,0.18476775288581848
233,-0.613493800163269,-0.6290065050125122,0.007371005602180958,0.008141670376062393,0.18470673263072968
234,-0.643596351146698,-0.6492956876754761,0.0031749429181218147,0.002524401992559433,0.18464580178260803
235,0.7708693742752075,-0.6514062285423279,0.7129982709884644,0.709277331829071,0.18458490073680878
236,-0.6600510478019714,-0.6710067391395569,0.005526664666831493,0.005429019220173359,0.1845240443944931
237,-0.6453439593315125,-0.6520418524742126,0.003312887391075492,0.0033850029576569796,0.18446336686611176
238,-0.6590368151664734,-0.6767308115959167,0.008991247043013573,0.008702760562300682,0.18440277874469757
239,-0.6485124826431274,-0.6672598719596863,0.00980621762573719,0.008941182866692543,0.18434220552444458
240,-0.6633209586143494,-0.6817047595977783,0.009437713772058487,0.008946062065660954,0.18428157269954681
241,-0.6471587419509888,-0.6642430424690247,0.008802920579910278,0.008281374350190163,0.18422093987464905
242,-0.6445571184158325,-0.6553031802177429,0.005508380476385355,0.00523771857842803,0.18416033685207367
243,-0.6304221749305725,-0.6412879824638367,0.005626547150313854,0.005239259917289019,0.18409977853298187
244,-0.6270214915275574,-0.6387614011764526,0.005881324876099825,0.0058585721999406815,0.18403920531272888
245,-0.5916730761528015,-0.6116978526115417,0.010132763534784317,0.009892014786601067,0.18397869169712067
246,-0.5945054292678833,-0.6092095375061035,0.007322946563363075,0.007381157949566841,0.18391834199428558
247,0.7828544974327087,-0.6234363317489624,0.7024832963943481,0.703807532787323,0.18385808169841766
248,-0.6136824488639832,-0.6313520669937134,0.008591478690505028,0.009078158996999264,0.18379786610603333
249,-0.612545371055603,-0.6294049024581909,0.00847648736089468,0.008383025415241718,0.18373768031597137
250,-0.625299334526062,-0.6333468556404114,0.004426809959113598,0.003620691830292344,0.1836775541305542
251,-0.6362205147743225,-0.6486465334892273,0.0060739279724657536,0.006352041848003864,0.1836174577474594
252,-0.6277216076850891,-0.642836332321167,0.007381271105259657,0.007733447477221489,0.18355746567249298
253,-0.6641024351119995,-0.6679612398147583,0.0019643353298306465,0.0018944935873150826,0.18349747359752655
254,-0.6152626872062683,-0.6465585231781006,0.015016425400972366,0.016279399394989014,0.1834375262260437
255,-0.6584906578063965,-0.6614019274711609,0.0014894827036187053,0.0014217885909602046,0.18337757885456085
256,-0.6405020356178284,-0.653817892074585,0.006661917548626661,0.006653944496065378,0.1833176165819168
257,-0.6168924570083618,-0.6403617262840271,0.010919966734945774,0.01254927646368742,0.1832578033208847
258,-0.6264121532440186,-0.6498277187347412,0.011715004220604897,0.011700558476150036,0.183198019862175
259,-0.6674599051475525,-0.6739209294319153,0.0034338305704295635,0.0030272165313363075,0.18313807249069214
260,-0.6202634572982788,-0.6453514695167542,0.012382009997963905,0.012706007808446884,0.18307819962501526
261,-0.6325321793556213,-0.6456847190856934,0.006689558271318674,0.006462972145527601,0.18301841616630554
262,-0.6460042595863342,-0.6618257164955139,0.008039401844143867,0.007782058324664831,0.18295860290527344
263,-0.6316807866096497,-0.6348625421524048,0.0017118731047958136,0.0014699394814670086,0.1828988492488861
264,-0.6000549793243408,-0.669319748878479,0.03439633175730705,0.03486838936805725,0.18283911049365997
265,-0.6353546977043152,-0.6576464176177979,0.011125067248940468,0.011166603304445744,0.18277934193611145
266,-0.6207498908042908,-0.6502651572227478,0.014547616243362427,0.014967639930546284,0.1827196478843689
267,-0.6301990747451782,-0.6575832366943359,0.013752258382737637,0.013631868176162243,0.18265999853610992
268,-0.6466233730316162,-0.6625730991363525,0.008324709720909595,0.007625022903084755,0.18260036408901215
269,-0.6466559171676636,-0.6571922302246094,0.005062892101705074,0.005473447032272816,0.18254081904888153
270,-0.6351966857910156,-0.6687958836555481,0.01642572693526745,0.017173446714878082,0.18248122930526733
271,-0.5719121098518372,-0.6745392084121704,0.05182435363531113,0.050802748650312424,0.18242166936397552
272,-0.6708551049232483,-0.6831957697868347,0.006199050694704056,0.006141623016446829,0.18236209452152252
273,-0.6283643245697021,-0.6566486954689026,0.014226438477635384,0.014057961292564869,0.18230265378952026
274,-0.6189841032028198,-0.643887996673584,0.012359792366623878,0.01254407037049532,0.18224336206912994
275,-0.6544438004493713,-0.6612052917480469,0.00380462734028697,0.002956884913146496,0.1821841150522232
276,-0.6204518675804138,-0.6573401093482971,0.018027544021606445,0.018860671669244766,0.18212483823299408
277,-0.6167610883712769,-0.6551638841629028,0.019154442474246025,0.019248386844992638,0.18206560611724854
278,-0.6605455875396729,-0.6660159826278687,0.002896880265325308,0.0025735122617334127,0.18200640380382538
279,-0.6175335645675659,-0.6416845321655273,0.011528577655553818,0.012622405774891376,0.18194729089736938
280,-0.6246407628059387,-0.6507229804992676,0.01274461392313242,0.013337599113583565,0.18188819289207458
281,-0.6190457940101624,-0.6443283557891846,0.012686096131801605,0.012596474960446358,0.18182915449142456
282,-0.621894359588623,-0.6366094350814819,0.007756497710943222,0.006958610378205776,0.1817702353000641
283,-0.6131119728088379,-0.6325840353965759,0.009625809267163277,0.009846270084381104,0.18171130120754242
284,-0.6348310112953186,-0.652443528175354,0.00862855464220047,0.008983960375189781,0.18165232241153717
285,-0.5990631580352783,-0.6386833190917969,0.01993110030889511,0.019689057022333145,0.1815933734178543
286,-0.6384255886077881,-0.6479707360267639,0.005028120242059231,0.004517028573900461,0.18153449892997742
287,-0.6380390524864197,-0.6505019664764404,0.006023423280566931,0.00643953075632453,0.18147575855255127
288,-0.664107084274292,-0.67523193359375,0.005842350888997316,0.005282517988234758,0.1814170777797699
289,-0.6764868497848511,-0.6855261325836182,0.004484256729483604,0.004555075895041227,0.18135835230350494
290,-0.6765848994255066,-0.6922892928123474,0.007843186147511005,0.007861178368330002,0.18129965662956238
291,-0.671651303768158,-0.688300609588623,0.008524250239133835,0.00812503881752491,0.18124103546142578
292,-0.6512565612792969,-0.6762228012084961,0.012528634630143642,0.012437562458217144,0.18118244409561157
293,-0.6944897174835205,-0.7008903622627258,0.003071003593504429,0.003329639323055744,0.18112397193908691
294,-0.6831678748130798,-0.6963934898376465,0.006801934447139502,0.006423649378120899,0.18106554448604584
295,-0.6651532053947449,-0.6867662072181702,0.0109263239428401,0.010686679743230343,0.18100717663764954
296,-0.655097246170044,-0.6834909319877625,0.01410292275249958,0.014290767721831799,0.18094876408576965
297,-0.6935993432998657,-0.7083433270454407,0.007529966998845339,0.007214017678052187,0.1808903068304062
298,-0.6521415710449219,-0.6749985814094543,0.010968060232698917,0.011888939887285233,0.1808318793773651
299,-0.6582363843917847,-0.6782612800598145,0.010206297971308231,0.009818587452173233,0.18077352643013
300,-0.64622563123703,-0.6618285775184631,0.007927539758384228,0.007675395347177982,0.18071526288986206
301,-0.6431167721748352,-0.6716075539588928,0.014333073981106281,0.014157702215015888,0.1806570291519165
302,-0.6479019522666931,-0.6605622172355652,0.006264380645006895,0.006395899225026369,0.18059884011745453
303,-0.6405214667320251,-0.6532068252563477,0.0064108786173164845,0.006274469196796417,0.1805407702922821
304,-0.6269479393959045,-0.6513799428939819,0.012021331116557121,0.012410706840455532,0.18048277497291565
305,-0.643980085849762,-0.6605846285820007,0.008013400249183178,0.008591102436184883,0.18042482435703278
306,-0.6178094744682312,-0.6439461708068848,0.01318670716136694,0.012949974276125431,0.18036694824695587
307,-0.6269968748092651,-0.6485396027565002,0.011117585934698582,0.010425143875181675,0.18030916154384613
308,-0.6379963159561157,-0.6600521802902222,0.011335792019963264,0.01072009839117527,0.1802513301372528
309,-0.6691811084747314,-0.6812840104103088,0.006199771538376808,0.005903111770749092,0.1801934689283371
310,-0.6255958080291748,-0.6600072383880615,0.017444994300603867,0.016966478899121284,0.18013572692871094
311,-0.6395500898361206,-0.6740554571151733,0.01785166747868061,0.01665373332798481,0.18007798492908478
312,-0.618944525718689,-0.6970935463905334,0.039409950375556946,0.03873908892273903,0.18002022802829742
313,-0.6836876273155212,-0.700710654258728,0.008449144661426544,0.008573867380619049,0.17996251583099365
314,-0.6989837288856506,-0.7064473628997803,0.004052060190588236,0.0034115761518478394,0.17990486323833466
315,-0.6623280644416809,-0.6881771683692932,0.012577221728861332,0.013271885924041271,0.17984728515148163
316,-0.6846606135368347,-0.7008410096168518,0.008118725381791592,0.00806162878870964,0.1797897070646286
317,-0.7054002285003662,-0.7104447484016418,0.0024034702219069004,0.0026410401333123446,0.17973217368125916
318,-0.677050769329071,-0.6959476470947266,0.00987972691655159,0.009017144329845905,0.1796746551990509
319,-0.6778506636619568,-0.6996726989746094,0.01159205287694931,0.010230027139186859,0.17961712181568146
320,-0.6747115254402161,-0.685249924659729,0.00563354417681694,0.00490484107285738,0.17955969274044037
321,-0.6542505025863647,-0.6736608743667603,0.010227646678686142,0.009182725101709366,0.17950230836868286
322,-0.6398376822471619,-0.665616512298584,0.013272680342197418,0.012506132945418358,0.17944495379924774
323,-0.640043318271637,-0.6618529558181763,0.010966308414936066,0.010843327268958092,0.17938752472400665
324,-0.6528287529945374,-0.6759129762649536,0.011845380067825317,0.011238889768719673,0.17933014035224915
325,-0.637336790561676,-0.664176344871521,0.013313740491867065,0.013525769114494324,0.1792728155851364
326,-0.6128121614456177,-0.647845983505249,0.01773623190820217,0.017297565937042236,0.17921558022499084
327,-0.6518992781639099,-0.6654424667358398,0.006823705043643713,0.006719463039189577,0.17915835976600647
328,-0.6227918267250061,-0.6470251679420471,0.012895520776510239,0.01133779902011156,0.17910121381282806
329,-0.6307447552680969,-0.6547092199325562,0.012868857011198997,0.011095567606389523,0.17904414236545563
330,-0.5933864712715149,-0.6793262958526611,0.04391183331608772,0.042028024792671204,0.17898711562156677
331,-0.6885230541229248,-0.6970324516296387,0.004033174831420183,0.004476247355341911,0.1789301484823227
332,-0.677657425403595,-0.6981387734413147,0.010852556675672531,0.0096287801861763,0.1788731962442398
333,-0.6986744999885559,-0.7077094316482544,0.004574329126626253,0.004460566211491823,0.17881625890731812
334,-0.6706814765930176,-0.695388674736023,0.011802961118519306,0.012904203496873379,0.17875936627388
335,-0.7011324167251587,-0.726176381111145,0.01249627210199833,0.012547679245471954,0.1787024438381195
336,-0.7023964524269104,-0.7122010588645935,0.005035551730543375,0.004769022110849619,0.17864547669887543
337,-0.7187959551811218,-0.7270549535751343,0.004068117123097181,0.004190860316157341,0.17858847975730896
338,-0.7037838697433472,-0.7204476594924927,0.008908838033676147,0.007754950784146786,0.17853140830993652
339,-0.6812348365783691,-0.6988481283187866,0.008780707605183125,0.008832554332911968,0.17847448587417603
340,-0.6801074743270874,-0.6988832354545593,0.00938214361667633,0.00939361471682787,0.17841753363609314
341,-0.6578773856163025,-0.6859976053237915,0.014849397353827953,0.013270776718854904,0.17836067080497742
342,-0.6811081171035767,-0.7019767165184021,0.01070014201104641,0.010168439708650112,0.17830370366573334
343,-0.6789186000823975,-0.7090297937393188,0.01583043672144413,0.014280756004154682,0.1782466322183609
344,-0.6474153399467468,-0.6741605401039124,0.013762310147285461,0.012982917949557304,0.17818959057331085
345,-0.6833892464637756,-0.698364794254303,0.007683224976062775,0.00729235028848052,0.17813259363174438
346,-0.5734653472900391,-0.6806617975234985,0.05421781539916992,0.052978646010160446,0.1780756264925003
347,-0.6386331915855408,-0.6663803458213806,0.014076522551476955,0.013670620508491993,0.17801876366138458
348,-0.6903291344642639,-0.7109615802764893,0.010427714325487614,0.010204736143350601,0.17796187102794647
349,-0.6809790730476379,-0.6961249709129333,0.00753914937376976,0.007606763392686844,0.1779051125049591
350,-0.6817806363105774,-0.7078976035118103,0.012594286352396011,0.013522676192224026,0.17784841358661652
351,-0.691367506980896,-0.7125884890556335,0.01103023998439312,0.010190735571086407,0.1777917891740799
352,-0.6652480959892273,-0.6869567632675171,0.011315776035189629,0.010392877273261547,0.17773523926734924
353,-0.6890769600868225,-0.7104129195213318,0.01115978043526411,0.010176192037761211,0.1776786893606186
354,-0.7116090655326843,-0.7299283146858215,0.009398898109793663,0.008920381776988506,0.17762212455272675
355,-0.7158604860305786,-0.727389931678772,0.00535297067835927,0.00617646612226963,0.17756569385528564
356,-0.7311503887176514,-0.737956166267395,0.0035357754677534103,0.0032700360752642155,0.17750929296016693
357,-0.7035148739814758,-0.7138850092887878,0.0049815708771348,0.005388535093516111,0.17745286226272583
358,-0.6993348598480225,-0.7162448763847351,0.008446093648672104,0.008463921025395393,0.17739643156528473
359,-0.668269157409668,-0.6889874935150146,0.010761198587715626,0.009957107715308666,0.1773400604724884
360,-0.6875873804092407,-0.7085837125778198,0.010181721299886703,0.01081463135778904,0.17728374898433685
361,-0.6929505467414856,-0.7155600786209106,0.011620348319411278,0.010989216156303883,0.1772274374961853
362,-0.6791636347770691,-0.7034428119659424,0.012067063711583614,0.012212121859192848,0.17717120051383972
363,-0.7207871675491333,-0.7316316962242126,0.005341387819498777,0.005503096152096987,0.17711500823497772
364,-0.4765852689743042,-0.7089216709136963,0.11597152799367905,0.11636490374803543,0.1770588457584381
365,-0.6911859512329102,-0.7064299583435059,0.008020834065973759,0.0072232140228152275,0.1770026832818985
366,-0.687686026096344,-0.7085877656936646,0.010505324229598045,0.010396420955657959,0.1769465208053589
367,-0.6853979825973511,-0.6998324990272522,0.007468879222869873,0.006965624634176493,0.17689040303230286
368,-0.6817579865455627,-0.6944820880889893,0.006009462755173445,0.00671464903280139,0.17683424055576324
369,-0.6911953687667847,-0.7045425772666931,0.00671887444332242,0.006628307979553938,0.17677825689315796
370,-0.6715970635414124,-0.700737476348877,0.015106335282325745,0.014034093357622623,0.17672216892242432
371,-0.7159999012947083,-0.7249060273170471,0.0045837657526135445,0.004322350490838289,0.17666614055633545
372,-0.7226957678794861,-0.7333180904388428,0.004871877375990152,0.005750409793108702,0.1766100823879242
373,-0.687687873840332,-0.7154229283332825,0.01387016847729683,0.013864845968782902,0.17655402421951294
374,-0.7178024053573608,-0.7289809584617615,0.0060758464969694614,0.005102676805108786,0.17649805545806885
375,-0.7053857445716858,-0.7209903597831726,0.008000176399946213,0.0076044099405407906,0.17644211649894714
376,-0.7144898176193237,-0.7267178297042847,0.006181013770401478,0.00604702765122056,0.17638623714447021
377,-0.6245806217193604,-0.7113775014877319,0.045026447623968124,0.041770439594984055,0.1763302981853485
378,-0.5266214609146118,-0.7350878119468689,0.10463745146989822,0.10382888466119766,0.17627446353435516
379,-0.6778348684310913,-0.695745050907135,0.009064823389053345,0.008845317177474499,0.17621874809265137
380,-0.668320894241333,-0.6922490000724792,0.012765740044414997,0.011162343434989452,0.17616304755210876
381,-0.6719126105308533,-0.6875694990158081,0.007643471006304026,0.008013447746634483,0.17610734701156616
382,-0.6587455868721008,-0.6766336560249329,0.009188994765281677,0.008699043653905392,0.17605170607566833
383,-0.6667503118515015,-0.6902309060096741,0.01145248394459486,0.012028074823319912,0.1759960651397705
384,-0.6951497197151184,-0.7084994912147522,0.006694038864225149,0.006655738223344088,0.17594042420387268
385,-0.7178700566291809,-0.7335957288742065,0.007999308407306671,0.00772637315094471,0.17588476836681366
386,-0.7000186443328857,-0.7197892069816589,0.009580172598361969,0.010190344415605068,0.1758291870355606
387,-0.7105188369750977,-0.7299191951751709,0.009011716581881046,0.010388628579676151,0.17577360570430756
388,-0.7303417921066284,-0.7434692978858948,0.006579296663403511,0.006548246834427118,0.1757180094718933
389,-0.6926356554031372,-0.7142706513404846,0.01039687730371952,0.01123812049627304,0.17566248774528503
390,-0.6875881552696228,-0.6993000507354736,0.005920500494539738,0.005791354924440384,0.1756071001291275
391,-0.7214373350143433,-0.7360172867774963,0.006562555208802223,0.008017413318157196,0.17555180191993713
392,-0.7306280136108398,-0.750464141368866,0.009009294211864471,0.010826796293258667,0.17549648880958557
393,-0.734059751033783,-0.742507815361023,0.004218834452331066,0.004229270853102207,0.1754412204027176
394,-0.6487582921981812,-0.6833590269088745,0.016698447987437248,0.017902299761772156,0.1753859519958496
395,-0.7151218056678772,-0.7316616773605347,0.007903329096734524,0.00863656122237444,0.1753307282924652
396,-0.693387508392334,-0.7136124968528748,0.010029015131294727,0.010195979848504066,0.1752755492925644
397,-0.7056736350059509,-0.7198600769042969,0.0071038901805877686,0.00708254799246788,0.17522038519382477
398,-0.6514131426811218,-0.7366923689842224,0.04195995628833771,0.04331927001476288,0.17516526579856873
399,-0.6874590516090393,-0.7099467515945435,0.01054259855300188,0.011945134960114956,0.17511020600795746
400,-0.7491153478622437,-0.7607632875442505,0.005569790489971638,0.006078131962567568,0.17505507171154022
401,-0.7093316316604614,-0.7315970659255981,0.011084589175879955,0.01118084229528904,0.1749999225139618
402,-0.7658845782279968,-0.7759360074996948,0.0050120968371629715,0.00503931101411581,0.17494477331638336
403,-0.7122296094894409,-0.7287071347236633,0.007998249493539333,0.00847932044416666,0.17488962411880493
404,-0.6716896295547485,-0.6970074772834778,0.012146910652518272,0.013170944526791573,0.1748345047235489
405,-0.7119803428649902,-0.73527991771698,0.011784655041992664,0.011514930985867977,0.1747794896364212
406,-0.6816368699073792,-0.70415198802948,0.011446390300989151,0.011068698018789291,0.1747244894504547
407,-0.7148762941360474,-0.7322005033493042,0.008594941347837448,0.008729283697903156,0.1746695190668106
408,-0.5131173133850098,-0.7283602356910706,0.10842963308095932,0.10681328177452087,0.17461459338665009
409,-0.7221484780311584,-0.7350732088088989,0.006623586639761925,0.0063011664897203445,0.17455965280532837
410,-0.751839816570282,-0.7613300085067749,0.004093906842172146,0.005396281834691763,0.17450474202632904
411,-0.6811798214912415,-0.7031476497650146,0.011020448990166187,0.01094743236899376,0.17444992065429688
412,-0.7015412449836731,-0.7177445888519287,0.007839800789952278,0.008363540284335613,0.1743950992822647
413,-0.7587973475456238,-0.7769302129745483,0.009849981404840946,0.008282903581857681,0.17434027791023254
414,-0.7409787178039551,-0.7553865909576416,0.005677499808371067,0.00873032957315445,0.17428550124168396
415,-0.7667593359947205,-0.7765363454818726,0.004722157027572393,0.005054802633821964,0.17423073947429657
416,-0.747072160243988,-0.7722816467285156,0.01346867997199297,0.011740823276340961,0.17417602241039276
417,-0.7305920124053955,-0.7467209100723267,0.007832199335098267,0.008296738378703594,0.17412137985229492
418,-0.6786293983459473,-0.7110847234725952,0.016054902225732803,0.016400398686528206,0.17406684160232544
419,-0.6685869693756104,-0.6925213932991028,0.012052427046000957,0.011882023885846138,0.17401233315467834
420,-0.7328053116798401,-0.7448207139968872,0.006133389193564653,0.0058820005506277084,0.17395776510238647
421,-0.7101776599884033,-0.7226748466491699,0.006073205266147852,0.00642401585355401,0.1739032119512558
422,-0.7508465647697449,-0.7596315145492554,0.0043162512592971325,0.004468678962439299,0.17384865880012512
423,-0.6828612089157104,-0.7003462314605713,0.008770432323217392,0.008714606985449791,0.1737942099571228
424,-0.7158401608467102,-0.7308254241943359,0.007395363412797451,0.007589863613247871,0.1737397462129593
425,-0.7819677591323853,-0.7869464159011841,0.0026145949959754944,0.0023640263825654984,0.17368529736995697
426,-0.7106420993804932,-0.730049192905426,0.009646552614867687,0.009760572575032711,0.17363078892230988
427,-0.7627569437026978,-0.7785015106201172,0.008101105690002441,0.007643450982868671,0.17357614636421204
428,-0.7637125253677368,-0.7727673053741455,0.004577541723847389,0.004477248527109623,0.17352157831192017
429,0.6772179007530212,-0.7828580141067505,0.7417454123497009,0.7183305025100708,0.17346708476543427
430,-0.7917690873146057,-0.807091236114502,0.008403662592172623,0.006918495986610651,0.1734125018119812
431,-0.8117471933364868,-0.8202211260795593,0.004137672949582338,0.004336233716458082,0.1733580231666565
432,-0.7578064799308777,-0.7741727828979492,0.00789534579962492,0.008470969274640083,0.17330357432365417
433,-0.7669385671615601,-0.792981743812561,0.012372258119285107,0.013670914806425571,0.17324912548065186
434,-0.7662466764450073,-0.7815797924995422,0.007681781426072121,0.0076513029634952545,0.17319469153881073
435,-0.7824400067329407,-0.7964369058609009,0.0068608233705163,0.0071360389702022076,0.1731402575969696
436,-0.7148289084434509,-0.7517141103744507,0.01736380159854889,0.019521400332450867,0.17308585345745087
437,-0.7422168850898743,-0.7722777128219604,0.01556160394102335,0.014499254524707794,0.173031285405159
438,-0.6861688494682312,-0.719900369644165,0.01650531031191349,0.017226237803697586,0.17297674715518951
439,-0.6906450986862183,-0.7074024677276611,0.008026797324419022,0.008730601519346237,0.1729223132133484
440,-0.6559388041496277,-0.6876823902130127,0.01597086526453495,0.015772676095366478,0.17286792397499084
441,-0.6846806406974792,-0.7023304104804993,0.008703072555363178,0.00894669909030199,0.17281357944011688
442,-0.6802215576171875,-0.7066706418991089,0.014769389294087887,0.011679735966026783,0.1727593094110489
443,-0.6926823854446411,-0.7157604098320007,0.011205748654901981,0.011872297152876854,0.17270511388778687
444,-0.7007675170898438,-0.7184900045394897,0.009666874073445797,0.008055655285716057,0.1726510226726532
445,-0.680183470249176,-0.704301655292511,0.010241138748824596,0.01387702114880085,0.1725969761610031
446,-0.7615911364555359,-0.7734900712966919,0.006600103806704283,0.005298851989209652,0.17254284024238586
447,-0.7192677855491638,-0.7404959201812744,0.010744910687208176,0.010483203455805779,0.1724887490272522
448,-0.7621865272521973,-0.8307133913040161,0.03434266895055771,0.03418419137597084,0.17243461310863495
449,-0.7514120936393738,-0.7728153467178345,0.009130935184657574,0.012272295542061329,0.17238056659698486
450,-0.774241030216217,-0.7959086298942566,0.01005799975246191,0.011609628796577454,0.17232660949230194
451,-0.7827923893928528,-0.8054448366165161,0.011038794182240963,0.011613687500357628,0.17227260768413544
452,-0.7209462523460388,-0.738052248954773,0.008254881016910076,0.00885111652314663,0.17221865057945251
453,-0.6194972991943359,-0.7076393961906433,0.04435056075453758,0.0437915213406086,0.1721646785736084
454,-0.7090246081352234,-0.7361718416213989,0.013468341901898384,0.013678934425115585,0.17211073637008667
455,-0.7811946868896484,-0.7928228378295898,0.0060877809301018715,0.0055403802543878555,0.17205677926540375
456,-0.6989563703536987,-0.716390073299408,0.008041860535740852,0.009391816332936287,0.17200295627117157
457,-0.7367361187934875,-0.7570706605911255,0.009268605150282383,0.011065976694226265,0.17194919288158417
458,-0.6678737998008728,-0.7031300067901611,0.0164379570633173,0.01881823129951954,0.17189547419548035
459,-0.7218847870826721,-0.7351397275924683,0.006227768491953611,0.007027126383036375,0.17184171080589294
460,-0.765340268611908,-0.7806446552276611,0.0076741501688957214,0.0076302457600831985,0.17178809642791748
461,-0.7290219664573669,-0.7529058456420898,0.012840662151575089,0.011043211445212364,0.1717345267534256
462,-0.7941159605979919,-0.8044324517250061,0.00569409504532814,0.0046223984099924564,0.17168095707893372
463,-0.8044663071632385,-0.8190708160400391,0.0071967411786317825,0.0074078054167330265,0.17162741720676422
464,-0.7735393047332764,-0.7862460017204285,0.006424617022275925,0.006282065529376268,0.17157386243343353
465,-0.754523754119873,-0.772873044013977,0.009212913922965527,0.00913640484213829,0.17152033746242523
466,-0.7719804048538208,-0.7962675094604492,0.010712259449064732,0.01357481349259615,0.17146678268909454
467,-0.7693977355957031,-0.7887243032455444,0.009879542514681816,0.009447065182030201,0.17141322791576385
468,-0.7720137238502502,-0.7889036536216736,0.008749326691031456,0.008140617981553078,0.17135965824127197
469,-0.7642908692359924,-0.7824929356575012,0.00881154928356409,0.009390526451170444,0.1713060736656189
470,-0.7665935158729553,-0.7810366153717041,0.007259285543113947,0.007183808833360672,0.17125248908996582
471,-0.7842223644256592,-0.7923331260681152,0.003865667851641774,0.0042450930923223495,0.17119893431663513
472,-0.7688800096511841,-0.7812261581420898,0.005928431171923876,0.006417699158191681,0.1711454838514328
473,-0.7500962018966675,-0.7640683054924011,0.007163580972701311,0.006808511912822723,0.17109210789203644
474,-0.7200798988342285,-0.7430283427238464,0.010293165221810341,0.012655245140194893,0.17103873193264008
475,-0.8170868158340454,-0.8269575834274292,0.0045242588967084885,0.005346536170691252,0.1709851622581482
476,-0.7964227795600891,-0.8041358590126038,0.003643890144303441,0.00406922772526741,0.17093154788017273
477,-0.6666169166564941,-0.7494267225265503,0.04075425863265991,0.04205554723739624,0.17087796330451965
478,-0.7552787065505981,-0.7765840888023376,0.010488122701644897,0.010817291215062141,0.17082437872886658
479,-0.787904679775238,-0.7981393337249756,0.005000497680157423,0.005234199576079845,0.17077088356018066
480,-0.726686954498291,-0.7493574619293213,0.0109206922352314,0.011749825440347195,0.17071747779846191
481,-0.749902606010437,-0.7652403712272644,0.007111140061169863,0.008226650767028332,0.17066408693790436
482,-0.5647575259208679,-0.7687564492225647,0.1008443832397461,0.10315452516078949,0.1706106960773468
483,-0.7626365423202515,-0.7773966789245605,0.006978502497076988,0.0077816192060709,0.17055733501911163
484,-0.7365967631340027,-0.7452512979507446,0.004161587916314602,0.004492928273975849,0.17050416767597198
485,-0.7280383110046387,-0.7418423891067505,0.006198092829436064,0.007605956867337227,0.17045104503631592
486,-0.7793436050415039,-0.7879900336265564,0.004148090723901987,0.004498389549553394,0.17039798200130463
487,-0.732462465763092,-0.74038165807724,0.0036415469367057085,0.004277674946933985,0.1703449934720993
488,-0.7286621332168579,-0.7484980225563049,0.008732186630368233,0.011103672906756401,0.17029206454753876
489,-0.7244896292686462,-0.7355667948722839,0.004696277901530266,0.0063808877021074295,0.17023906111717224
490,-0.7886748909950256,-0.7978529334068298,0.004768918268382549,0.0044091506861150265,0.1701860874891281
491,-0.7707531452178955,-0.7805560231208801,0.004806592129170895,0.004996314644813538,0.17013314366340637
492,-0.771125316619873,-0.7830543518066406,0.0054984791204333305,0.006430562119930983,0.1700802594423294
493,-0.8141080737113953,-0.82120680809021,0.003307259175926447,0.0037914428394287825,0.17002740502357483
494,-0.764583170413971,-0.7853868007659912,0.009683242999017239,0.011120352894067764,0.16997458040714264
495,-0.7954276204109192,-0.808418869972229,0.00640801340341568,0.006583197973668575,0.16992174088954926
496,-0.7677059173583984,-0.7871409058570862,0.010193385183811188,0.009241610765457153,0.16986891627311707
497,-0.8278225660324097,-0.8384807109832764,0.0052772024646401405,0.005380906630307436,0.16981613636016846
498,-0.766137421131134,-0.784186065196991,0.009083601646125317,0.008965044282376766,0.16976334154605865
499,-0.7279746532440186,-0.7403309345245361,0.0058191134594380856,0.006537162698805332,0.16971063613891602
500,-0.7888743281364441,-0.7978734374046326,0.0041635772213339806,0.004835538566112518,0.16965793073177338
501,-0.7626990675926208,-0.7754614353179932,0.006407295353710651,0.0063550746999681,0.16960518062114716
502,-0.7795820832252502,-0.7871166467666626,0.0037093968130648136,0.003825167892500758,0.1695524901151657
503,-0.7736939787864685,-0.7855492830276489,0.004774366971105337,0.007080917712301016,0.16949975490570068
504,-0.7994230389595032,-0.8065834045410156,0.0035893814638257027,0.0035709880758076906,0.16944706439971924
505,-0.7400283217430115,-0.7591303586959839,0.009599979966878891,0.009502074681222439,0.16939440369606018
506,-0.8138436079025269,-0.8240159749984741,0.00489688478410244,0.005275479517877102,0.16934172809123993
507,-0.7659814953804016,-0.775666356086731,0.004596775397658348,0.005088093690574169,0.16928908228874207
508,-0.7835243344306946,-0.7981988191604614,0.007441459223628044,0.007233039475977421,0.16923649609088898
509,-0.7416201829910278,-0.7590013742446899,0.008555061183869839,0.008826158940792084,0.16918396949768066
510,-0.7672245502471924,-0.7821771502494812,0.006220310926437378,0.00873228907585144,0.16913145780563354
511,-0.7895809412002563,-0.8031387329101562,0.0065900846384465694,0.00696771452203393,0.16907896101474762
512,-0.7546733617782593,-0.7758238315582275,0.010949558578431606,0.010200908407568932,0.16902649402618408
513,-0.8073618412017822,-0.8188468217849731,0.005447423085570335,0.006037545390427113,0.16897398233413696
514,-0.7541942596435547,-0.7775452136993408,0.012597344815731049,0.010753628797829151,0.16892150044441223
515,-0.8150429129600525,-0.8295152187347412,0.007303100544959307,0.007169164717197418,0.1688689887523651
516,-0.8202088475227356,-0.832711398601532,0.006820403039455414,0.005682183895260096,0.1688164472579956
517,-0.7513254284858704,-0.7703278660774231,0.009248976595699787,0.009753474965691566,0.16876378655433655
518,-0.8272365927696228,-0.8355408906936646,0.004532746970653534,0.0037715397775173187,0.16871114075183868
519,-0.8298218846321106,-0.8358993530273438,0.002936635399237275,0.0031407964415848255,0.16865861415863037
520,-0.7843961119651794,-0.7997987866401672,0.007135513238608837,0.008267147466540337,0.16860608756542206
521,-0.8143978714942932,-0.8253337740898132,0.004922368563711643,0.006013492122292519,0.16855360567569733
522,-0.8122410774230957,-0.826982855796814,0.007151576224714518,0.007590185385197401,0.16850100457668304
523,-0.8343321681022644,-0.8427159786224365,0.004111005924642086,0.004272810183465481,0.16844841837882996
524,-0.7360838651657104,-0.7548383474349976,0.008795900270342827,0.009958541952073574,0.16839592158794403
525,-0.7163985371589661,-0.7304924726486206,0.006159746553748846,0.007934222929179668,0.16834351420402527
526,-0.7823583483695984,-0.7877668738365173,0.0025703550782054663,0.0028382129967212677,0.1682911217212677
527,-0.81495600938797,-0.8297868967056274,0.00684179924428463,0.0079891262575984,0.16823868453502655
528,-0.7523760199546814,-0.7658921480178833,0.0063301315531134605,0.00718601793050766,0.1681862324476242
529,-0.7819179892539978,-0.7945870757102966,0.005565383471548557,0.007103701587766409,0.16813375055789948
530,-0.8207612633705139,-0.8339360356330872,0.006456166971474886,0.006718583405017853,0.1680813431739807
531,-0.7794477939605713,-0.7922412753105164,0.006220362149178982,0.006573157384991646,0.1680290549993515
532,-0.8163737654685974,-0.82753586769104,0.005932344123721123,0.005229747388511896,0.1679767221212387
533,-0.7378541231155396,-0.7613170742988586,0.01012502983212471,0.013337907381355762,0.1679244190454483
534,-0.8218422532081604,-0.8322416543960571,0.004967415705323219,0.005432000383734703,0.1678721308708191
535,-0.8172507882118225,-0.8299436569213867,0.0067384131252765656,0.005954446736723185,0.16781987249851227
536,-0.8476161956787109,-0.8592779636383057,0.005719586741179228,0.005942147225141525,0.16776758432388306
537,-0.7834528684616089,-0.7973288297653198,0.00586744537577033,0.008008536882698536,0.16771537065505981
538,-0.7798981666564941,-0.7932872772216797,0.007176411338150501,0.00621271226555109,0.16766326129436493
539,-0.8584562540054321,-0.8651070594787598,0.0034735319204628468,0.0031772677320986986,0.1676112860441208
540,-0.8003007173538208,-0.8108165264129639,0.004824656993150711,0.00569117721170187,0.167559415102005
541,-0.7571540474891663,-0.7784329652786255,0.010023029521107674,0.011255874298512936,0.16750755906105042
542,-0.8112449645996094,-0.8234281539916992,0.005735459271818399,0.006447754800319672,0.16745571792125702
543,-0.816126823425293,-0.8249342441558838,0.003799270372837782,0.005008143372833729,0.167403906583786
544,-0.7253352999687195,-0.7387046813964844,0.005615862086415291,0.007753467652946711,0.16735216975212097
545,-0.7887018322944641,-0.8054907321929932,0.00842487532645464,0.008364011533558369,0.16730037331581116
546,-0.8105089664459229,-0.8245320320129395,0.0068014804273843765,0.007221569307148457,0.16724851727485657
547,-0.7611386179924011,-0.7748233079910278,0.006105075124651194,0.007579653523862362,0.16719664633274078
548,-0.8507939577102661,-0.8601032495498657,0.004821144975721836,0.004488169215619564,0.1671447604894638
549,-0.7459871172904968,-0.7726742029190063,0.013515369966626167,0.013171733357012272,0.16709284484386444
550,-0.8396426439285278,-0.8489344120025635,0.004554862156510353,0.004736888222396374,0.16704098880290985
551,-0.7007077932357788,-0.776403546333313,0.036859381943941116,0.038836341351270676,0.16698922216892242
552,-0.835761308670044,-0.8462438583374023,0.004544135183095932,0.005938402842730284,0.16693748533725739
553,-0.7932366728782654,-0.8062728643417358,0.005419235210865736,0.007616927847266197,0.16688577830791473
554,-0.8254996538162231,-0.8351230621337891,0.004663208499550819,0.004960205871611834,0.1668340414762497
555,-0.7325018644332886,-0.7533402442932129,0.009481610730290413,0.01135677844285965,0.16678227484226227
556,-0.7508646845817566,-0.7689575552940369,0.008391792885959148,0.009701053611934185,0.16673055291175842
557,-0.7526518106460571,-0.7661200761795044,0.006446112412959337,0.007022172212600708,0.16667881608009338
558,-0.8168991804122925,-0.8258675336837769,0.003826277097687125,0.00514209782704711,0.1666271835565567
559,-0.7542672157287598,-0.774666428565979,0.010008876211941242,0.010390319861471653,0.16657555103302002
560,-0.7937178611755371,-0.8034268617630005,0.004545918200165033,0.005163080058991909,0.16652405261993408
561,-0.6803939938545227,-0.8066843748092651,0.063381128013134,0.06290926039218903,0.1664726287126541
562,-0.7550555467605591,-0.8383259773254395,0.04020844027400017,0.04306194186210632,0.16642113029956818
563,-0.7962286472320557,-0.8132051825523376,0.0077449423260986805,0.009231566451489925,0.16636957228183746
564,-0.8407284021377563,-0.8561824560165405,0.007488653063774109,0.007965411990880966,0.1663181632757187
565,-0.8055273294448853,-0.8356441855430603,0.01419875118881464,0.015918070450425148,0.16626673936843872
566,-0.8126786947250366,-0.8409529328346252,0.012085254304111004,0.016188979148864746,0.16621527075767517
567,-0.8697638511657715,-0.8826645612716675,0.006199498660862446,0.006701259408146143,0.16616372764110565
568,-0.8524155616760254,-0.8698775768280029,0.00808393768966198,0.009378082118928432,0.16611222922801971
569,-0.6560479998588562,-0.7546409964561462,0.04753243923187256,0.05106054246425629,0.16606080532073975
570,-0.5935817360877991,-0.8119696378707886,0.1075841560959816,0.1108037456870079,0.1660093516111374
571,-0.7341464161872864,-0.8084204792976379,0.03662915900349617,0.03764491528272629,0.16595792770385742
572,-0.8296542167663574,-0.8390938639640808,0.004578329157084227,0.004861325025558472,0.16590648889541626
573,-0.7231190800666809,-0.7532374858856201,0.014032362028956413,0.016086053103208542,0.16585512459278107
574,-0.8087944388389587,-0.829491138458252,0.009761642664670944,0.010935083962976933,0.16580381989479065
575,-0.8065851926803589,-0.8188786506652832,0.005708015523850918,0.006585405208170414,0.1657526195049286
576,-0.8448094725608826,-0.8557214140892029,0.004848115611821413,0.006063815671950579,0.16570132970809937
577,-0.8395874500274658,-0.8547183275222778,0.00640633050352335,0.008724584244191647,0.16565009951591492
578,-0.895469605922699,-0.9066514372825623,0.005030541680753231,0.006151302717626095,0.16559886932373047
579,-0.8506221771240234,-0.8649951815605164,0.006329284515231848,0.008043723180890083,0.16554754972457886
580,-0.8578770756721497,-0.8685263395309448,0.004536265507340431,0.006112963426858187,0.16549621522426605
581,-0.8327890038490295,-0.8518638014793396,0.008250662125647068,0.010824167169630527,0.16544495522975922
582,-0.8492193818092346,-0.8641037940979004,0.0073600211180746555,0.007524347398430109,0.16539371013641357
583,-0.8354014754295349,-0.846855878829956,0.00514215137809515,0.00631226459518075,0.1653425544500351
584,-0.8226861953735352,-0.844542384147644,0.011399021372199059,0.010457132011651993,0.16529148817062378
585,-0.7677780389785767,-0.7951837182044983,0.013730056583881378,0.013675651513040066,0.1652405560016632
586,-0.8026342988014221,-0.8101181387901306,0.0034972974099218845,0.00398654630407691,0.16518963873386383
587,-0.7903871536254883,-0.800628662109375,0.005153710022568703,0.005087796598672867,0.16513873636722565
588,-0.6656984686851501,-0.7681747674942017,0.049338601529598236,0.053137704730033875,0.1650877743959427
589,-0.8192012310028076,-0.8361427783966064,0.006364279892295599,0.01057724840939045,0.16503676772117615
590,-0.8360485434532166,-0.8538050651550293,0.0074937548488378525,0.010262792930006981,0.16498583555221558
591,-0.8419083952903748,-0.8552825450897217,0.005936201196163893,0.007437937427312136,0.16493482887744904
592,-0.7715428471565247,-0.8046568632125854,0.014234118163585663,0.01887989416718483,0.16488385200500488
593,-0.8411536812782288,-0.8591577410697937,0.009188883006572723,0.008815162815153599,0.16483303904533386
594,-0.8107848763465881,-0.8344812989234924,0.011105677112936974,0.012590792030096054,0.16478228569030762
595,0.5604503750801086,-0.8402732014656067,0.7081943154335022,0.6925292611122131,0.16473163664340973
596,-0.9383935332298279,-0.9456082582473755,0.0034142546355724335,0.0038004573434591293,0.16468098759651184
597,-0.8269295692443848,-0.8911848664283752,0.03252669796347618,0.031728632748126984,0.16463035345077515
598,-0.8317400813102722,-0.8712937235832214,0.01813572645187378,0.02141788974404335,0.16457976400852203
599,-0.8064411878585815,-0.8796300888061523,0.036141667515039444,0.03704723343253136,0.16452917456626892
600,-0.8077245950698853,-0.8654603958129883,0.030764685943722725,0.026971114799380302,0.164478600025177
601,-0.7914831638336182,-0.8112396001815796,0.009784912690520287,0.00997147150337696,0.16442789137363434
602,0.4528037905693054,-0.886888861656189,0.6712945103645325,0.6683981418609619,0.16437724232673645
603,-0.8260374069213867,-0.839512050151825,0.007278570905327797,0.006196110509335995,0.16432665288448334
604,-0.9165507555007935,-0.9278910160064697,0.0048525077290833,0.006487749516963959,0.16427594423294067
605,-0.7785020470619202,-0.79218590259552,0.006687757559120655,0.006996082607656717,0.16422529518604279
606,-0.8144086599349976,-0.8393723368644714,0.013183191418647766,0.011780470609664917,0.16417460143566132
607,-0.7311636805534363,-0.8072964549064636,0.037732046097517014,0.03840072453022003,0.1641238033771515
608,-0.7421680688858032,-0.7964468002319336,0.028232701122760773,0.026046017184853554,0.16407305002212524
609,-0.7513975501060486,-0.7779956459999084,0.013475464656949043,0.013122642412781715,0.16402235627174377
610,-0.8087316155433655,-0.825371265411377,0.007938764989376068,0.008700895123183727,0.1639716476202011
611,-0.8220431804656982,-0.8367179036140442,0.007878829725086689,0.006795883644372225,0.16392090916633606
612,-0.8428956866264343,-0.8555071949958801,0.006679175887256861,0.005932314787060022,0.163870170712471
613,-0.8546504378318787,-0.8643276691436768,0.005007297266274691,0.004669894464313984,0.1638195514678955
614,-0.751724898815155,-0.7826635837554932,0.01501736231148243,0.01592129096388817,0.1637689173221588
615,-0.8389084339141846,-0.8784496188163757,0.019224092364311218,0.020317088812589645,0.1637183576822281
616,-0.8507903814315796,-0.8591182827949524,0.003332132939249277,0.004995780531316996,0.16366787254810333
617,-0.832808256149292,-0.8587762117385864,0.011265793815255165,0.014702145010232925,0.1636172980070114
618,-0.8626779317855835,-0.8776825666427612,0.006876863073557615,0.008127745240926743,0.1635667234659195
619,-0.8301204442977905,-0.8477915525436401,0.007641333155333996,0.010029790922999382,0.163516104221344
620,-0.8313655853271484,-0.8570497035980225,0.013592125847935677,0.012092003598809242,0.16346542537212372
621,-0.8085217475891113,-0.8202119469642639,0.004927598871290684,0.006762632168829441,0.16341476142406464
622,-0.8469866514205933,-0.8600500822067261,0.006001611240208149,0.007061841897666454,0.1633642315864563
623,-0.8230424523353577,-0.8322682976722717,0.00409768708050251,0.005128168500959873,0.16331373155117035
624,-0.8157076835632324,-0.8343266248703003,0.008240138180553913,0.010378792881965637,0.16326327621936798
625,-0.8621623516082764,-0.8764166831970215,0.007141349371522665,0.007112989202141762,0.16321274638175964
626,-0.8334854245185852,-0.8537228107452393,0.010588129982352257,0.009649286046624184,0.1631622463464737
627,-0.7891644239425659,-0.8052260279655457,0.006514356005936861,0.009547230787575245,0.16311179101467133
628,-0.8129633665084839,-0.8302512168884277,0.007866173051297665,0.009421695955097675,0.16306132078170776
629,-0.8414420485496521,-0.8529772758483887,0.005676997359842062,0.005858229473233223,0.1630108505487442
630,-0.8970926403999329,-0.9112461805343628,0.007347596809267998,0.006805974058806896,0.16296041011810303
631,-0.7493762969970703,-0.7904698848724365,0.020893460139632225,0.020200125873088837,0.1629100888967514
632,-0.6349718570709229,-0.7722597718238831,0.0662456527352333,0.07104223221540451,0.1628597527742386
633,-0.8344270586967468,-0.8588433861732483,0.01186095830053091,0.012555337511003017,0.16280950605869293
634,-0.8888706564903259,-0.8960936069488525,0.0031545995734632015,0.004068346228450537,0.16275912523269653
635,-0.8745117783546448,-0.8902329802513123,0.008055358193814754,0.007665866985917091,0.16270875930786133
636,-0.8418925404548645,-0.8509991765022278,0.004544167313724756,0.004562501795589924,0.1626584529876709
637,-0.7334524989128113,-0.8188990950584412,0.04195426404476166,0.04349231719970703,0.16260813176631927
638,-0.8722326755523682,-0.8873296976089478,0.007075037807226181,0.008021987043321133,0.16255788505077362
639,-0.8630794882774353,-0.8805662989616394,0.008797112852334976,0.008689695969223976,0.16250768303871155
640,-0.8910602927207947,-0.8987004160881042,0.003438424551859498,0.004201729781925678,0.1624574512243271
641,-0.8891417980194092,-0.9055469632148743,0.007348909974098206,0.009056240320205688,0.16240717470645905
642,-0.8150784969329834,-0.8338244557380676,0.008631215430796146,0.01011470053344965,0.16235694289207458
643,-0.832658052444458,-0.8468318581581116,0.007224065251648426,0.0069496966898441315,0.16230671107769012
644,-0.8114089369773865,-0.8509712219238281,0.019253021106123924,0.02030925452709198,0.16225644946098328
645,-0.7832598686218262,-0.8009886741638184,0.008812574669718742,0.008916242979466915,0.1622062623500824
646,-0.8532593846321106,-0.8622095584869385,0.004830269142985344,0.004119937773793936,0.1621560901403427
647,-0.7021201848983765,-0.7529279589653015,0.02688671462237835,0.023921089246869087,0.1621059775352478
648,-0.8086317181587219,-0.8329277038574219,0.010195416398346424,0.01410056184977293,0.16205589473247528
649,-0.8529286980628967,-0.866621732711792,0.007266477216035128,0.006426570937037468,0.16200582683086395
650,-0.8348662853240967,-0.8395061492919922,0.00210560136474669,0.002534263301640749,0.1619558334350586
651,-0.844110906124115,-0.8584880828857422,0.006899011787027121,0.0074781570583581924,0.16190588474273682
652,-0.8717880249023438,-0.8934962153434753,0.011962123215198517,0.009746077470481396,0.16185593605041504
653,-0.8097438216209412,-0.8435571193695068,0.015765758231282234,0.01804749108850956,0.16180603206157684
654,-0.764930009841919,-0.7958044409751892,0.015002472326159477,0.0158719252794981,0.16175615787506104
655,-0.8320233821868896,-0.8436933755874634,0.004273687489330769,0.007396281696856022,0.1617063581943512
656,-0.8117411136627197,-0.8277207612991333,0.0069388411939144135,0.009040859527885914,0.16165658831596375
657,-0.8079122304916382,-0.8361414670944214,0.013873481191694736,0.014355763792991638,0.1616068333387375
658,-0.829964280128479,-0.8453665375709534,0.007853795774281025,0.007548466324806213,0.16155710816383362
659,-0.9170751571655273,-0.9319869875907898,0.0076372320763766766,0.007274621166288853,0.16150735318660736
660,-0.8913443088531494,-0.9045926928520203,0.005697767715901136,0.007550600916147232,0.1614575982093811
661,-0.8173741102218628,-0.830241322517395,0.005864268634468317,0.007002952042967081,0.1614079773426056
662,-0.9081332087516785,-0.9257761836051941,0.009400429204106331,0.008242551237344742,0.16135837137699127
663,-0.7609931826591492,-0.7840961813926697,0.01097805518656969,0.012124977074563503,0.16130881011486053
664,-0.6644893288612366,-0.8663856387138367,0.09891165047883987,0.10298468172550201,0.16125939786434174
665,-0.6458543539047241,-0.8696784973144531,0.10846289247274399,0.11536124348640442,0.16120973229408264
666,-0.8131181001663208,-0.8488997220993042,0.01615641824901104,0.01962519809603691,0.16116005182266235
667,-0.7866137027740479,-0.7991158962249756,0.0055052414536476135,0.006996948271989822,0.16111044585704803
668,-0.8418845534324646,-0.861710786819458,0.009228404611349106,0.010597803629934788,0.1610608845949173
669,-0.799817681312561,-0.820949912071228,0.010071429423987865,0.011060795746743679,0.16101136803627014
670,-0.7812856435775757,-0.8056548237800598,0.011673989705741405,0.012695192359387875,0.1609617918729782
671,-0.8231194615364075,-0.8409903049468994,0.008335673250257969,0.009535187855362892,0.16091227531433105
672,-0.7593122124671936,-0.7945038676261902,0.016759751364588737,0.018431926146149635,0.16086286306381226
673,-0.8936922550201416,-0.8985152244567871,0.0016224514693021774,0.0032005184330046177,0.16081330180168152
674,-0.8628624677658081,-0.8746036887168884,0.00511969393119216,0.006621514447033405,0.16076380014419556
675,-0.8849902153015137,-0.8954604268074036,0.004844601731747389,0.005625588819384575,0.1607143133878708
676,-0.8564524054527283,-0.8822256922721863,0.013196789659559727,0.012576509267091751,0.16066491603851318
677,-0.8755459189414978,-0.888529360294342,0.006028893403708935,0.006954572629183531,0.16061553359031677
678,-0.9284487366676331,-0.9355571866035461,0.0038719642907381058,0.0032364840153604746,0.16056621074676514
679,-0.8586094379425049,-0.8740627765655518,0.00714810099452734,0.008305244147777557,0.16051697731018066
680,-0.8094857931137085,-0.8868235945701599,0.03658413887023926,0.040753643959760666,0.16046766936779022
681,-0.715742290019989,-0.7585197687149048,0.021689534187316895,0.021087953820824623,0.1604183465242386
682,-0.9249494671821594,-0.9413447976112366,0.0075746155343949795,0.008820703253149986,0.16036899387836456
683,-0.7933475375175476,-0.8167108297348022,0.011119099333882332,0.012244150973856449,0.16031959652900696
684,-0.8646532893180847,-0.8890438079833984,0.012310773134231567,0.012079755775630474,0.16027018427848816
685,-0.8407466411590576,-0.8596362471580505,0.00875139981508255,0.010138213634490967,0.16022080183029175
686,-0.7876680493354797,-0.8039524555206299,0.008161251433193684,0.00812318455427885,0.16017141938209534
687,-0.8057543039321899,-0.8267574906349182,0.010659256018698215,0.010343928821384907,0.16012214124202728
688,-0.877997100353241,-0.8898239135742188,0.006860255263745785,0.004966541659086943,0.16007289290428162
689,-0.8737787008285522,-0.8873189091682434,0.006766133476048708,0.006774045992642641,0.16002359986305237
690,-0.8444912433624268,-0.8634350299835205,0.010755371302366257,0.00818844884634018,0.1599743515253067
691,-0.7359821796417236,-0.8692408204078674,0.06644023954868317,0.06681843847036362,0.15992513298988342
692,-0.8791439533233643,-0.8897045254707336,0.005614578723907471,0.004945983644574881,0.15987586975097656
693,-0.9212493300437927,-0.9400441646575928,0.010588816367089748,0.008206003345549107,0.1598265916109085
694,-0.8749774694442749,-0.9040143489837646,0.014943542890250683,0.014093334786593914,0.15977731347084045
695,-0.9412263035774231,-0.955530047416687,0.007674648426473141,0.006629131268709898,0.1597280502319336
696,-0.8596871495246887,-0.8978992104530334,0.0203457809984684,0.01786627806723118,0.15967878699302673
697,-0.8335010409355164,-0.8523653149604797,0.009639982134103775,0.0092242993414402,0.15962955355644226
698,-0.7938018441200256,-0.8723319172859192,0.03912585228681564,0.03940419480204582,0.1595802903175354
699,-0.9231913685798645,-0.9388498067855835,0.007463680114597082,0.008194738067686558,0.15953107178211212
700,-0.8152759671211243,-0.8324783444404602,0.008122676983475685,0.009079720824956894,0.1594819575548172
701,-0.8247106075286865,-0.8470391631126404,0.011489620432257652,0.010838921181857586,0.15943291783332825
702,-0.827347457408905,-0.842414379119873,0.0071233767084777355,0.007943572476506233,0.15938399732112885
703,-0.8271607160568237,-0.8491401672363281,0.010442638769745827,0.011536816135048866,0.15933507680892944
704,-0.8458067774772644,-0.8560128808021545,0.004328538663685322,0.005877540446817875,0.15928618609905243
705,-0.7543004155158997,-0.7749119997024536,0.010368072427809238,0.010243549942970276,0.1592373251914978
706,-0.8404121398925781,-0.8624059557914734,0.012400676496326923,0.009593108668923378,0.15918846428394318
707,-0.8770450353622437,-0.8869031667709351,0.004457441624253988,0.005400708876550198,0.15913955867290497
708,-0.8077640533447266,-0.8264670968055725,0.009349003434181213,0.009354084730148315,0.15909074246883392
709,-0.8858410716056824,-0.8938827514648438,0.004484536591917276,0.0035571418702602386,0.15904195606708527
710,-0.9008757472038269,-0.9238846302032471,0.01246049627661705,0.010548414662480354,0.1589931696653366
711,-0.8493633270263672,-0.862221360206604,0.007001884281635284,0.005856181029230356,0.15894432365894318
712,-0.9453883767127991,-0.9556339383125305,0.00534490030258894,0.00490064499899745,0.1588955521583557
713,-0.8714702725410461,-0.8843260407447815,0.006157428026199341,0.006698329001665115,0.1588466912508011
714,-0.8746652603149414,-0.8820930123329163,0.0035679307766258717,0.003859806340187788,0.15879793465137482
715,-0.8442367315292358,-0.8623018860816956,0.008692357689142227,0.009372749365866184,0.1587492823600769
716,-0.8117042779922485,-0.8238567113876343,0.007009699009358883,0.005142737179994583,0.15870067477226257
717,-0.7576175332069397,-0.7750412821769714,0.008272744715213776,0.009151001460850239,0.15865199267864227
718,-0.910561203956604,-0.920505166053772,0.00566166453063488,0.004282325506210327,0.15860331058502197
719,-0.8405752778053284,-0.8523551821708679,0.00569866131991148,0.006081239320337772,0.15855462849140167
720,-0.8412905931472778,-0.9096300601959229,0.03510333597660065,0.03323613107204437,0.15850596129894257
721,-0.9000036120414734,-0.9102584719657898,0.005077436566352844,0.005177435465157032,0.15845723450183868
722,-0.7997397184371948,-0.8124913573265076,0.006026545539498329,0.006725102663040161,0.15840855240821838
723,-0.8724114894866943,-0.8815383315086365,0.004453905858099461,0.004672955721616745,0.15835994482040405
724,-0.8293497562408447,-0.8473230600357056,0.01030551828444004,0.007667792495340109,0.15831145644187927
725,-0.9574646353721619,-0.9712355136871338,0.006816488225013018,0.006954364478588104,0.15826284885406494
726,-0.9244641065597534,-0.936072587966919,0.005818413104861975,0.0057900454849004745,0.1582142412662506
727,-0.7939306497573853,-0.8775246143341064,0.04139634221792221,0.04219762980937958,0.15816578269004822
728,-0.8453278541564941,-0.8559743165969849,0.005832361523061991,0.004814080893993378,0.15811732411384583
729,-0.8086246252059937,-0.9078892469406128,0.04949265345931053,0.04977194592356682,0.1580689549446106
730,-0.972661554813385,-0.9839003086090088,0.0059355394914746284,0.005303180776536465,0.1580205112695694
731,-0.9265674948692322,-0.9469227194786072,0.010362107306718826,0.009993130341172218,0.1579720675945282
732,-0.9076492190361023,-0.9288108944892883,0.010451249778270721,0.010710428468883038,0.15792369842529297
733,-0.9165934920310974,-0.9480128884315491,0.01732105016708374,0.014098352752625942,0.15787535905838013
734,-0.8722193837165833,-0.8887650370597839,0.0078077614307403564,0.008737837895751,0.1578269600868225
735,-0.9128961563110352,-0.9274702668190002,0.006746847182512283,0.007827281020581722,0.15777863562107086
736,-0.9520008563995361,-0.9645955562591553,0.005932465195655823,0.006662270054221153,0.15773019194602966
737,-0.9067058563232422,-0.9820011854171753,0.03704845532774925,0.038246892392635345,0.15768182277679443
738,-0.8633406758308411,-0.875357985496521,0.0062589580193161964,0.005758334882557392,0.15763354301452637
739,-0.9186354279518127,-0.9337878227233887,0.007231356110423803,0.00792101863771677,0.1575852781534195
740,-0.8341774940490723,-0.844809889793396,0.005301086697727442,0.005331327673047781,0.157537043094635
741,-0.9917181134223938,-0.9978544116020203,0.003355445107445121,0.0027808817103505135,0.15748879313468933
742,-0.9703919291496277,-0.9789644479751587,0.004552593920379877,0.004019926767796278,0.15744057297706604
743,-0.9459097385406494,-0.9515484571456909,0.002839060965925455,0.002799605019390583,0.15739236772060394
744,-0.8419899940490723,-0.8493532538414001,0.0038472102023661137,0.0035160593688488007,0.15734417736530304
745,-0.8941982984542847,-0.907072901725769,0.007453703321516514,0.005420935805886984,0.15729597210884094
746,-0.9555867910385132,-0.9605938792228699,0.0022192755714058876,0.002787848701700568,0.15724782645702362
747,-0.8792466521263123,-0.8975735902786255,0.00982922874391079,0.00849769078195095,0.15719975531101227
748,-0.8604378700256348,-0.8789970278739929,0.009134769439697266,0.009424391202628613,0.1571516990661621
749,-0.8935560584068298,-0.8995497822761536,0.0033448038157075644,0.002648953814059496,0.15710364282131195
750,-0.8123257756233215,-0.889136016368866,0.037682630121707916,0.039127591997385025,0.15705560147762299
751,-0.9239938855171204,-0.9355604648590088,0.006270708050578833,0.005295888986438513,0.15700756013393402
752,-0.8480120301246643,-0.8619779348373413,0.007353268563747406,0.006612678989768028,0.15695957839488983
753,-0.9322778582572937,-0.9455551505088806,0.006006503943353891,0.007270833011716604,0.1569116711616516
754,-0.9627799391746521,-0.989333987236023,0.012805992737412453,0.013748027384281158,0.15686367452144623
755,-0.8787358403205872,-0.8932473063468933,0.006515949033200741,0.007995563559234142,0.1568157821893692
756,-0.9008721709251404,-0.9191518425941467,0.008775527589023113,0.009504158049821854,0.1567678153514862
757,-0.8774428367614746,-0.898689329624176,0.012419008649885654,0.008827527984976768,0.15671981871128082
758,-0.892643928527832,-0.9542708992958069,0.03024464286863804,0.03138231113553047,0.15667174756526947
759,-0.9643728733062744,-0.97209632396698,0.0038239809218794107,0.0038994760252535343,0.15662366151809692
760,-0.8589589595794678,-0.8651085495948792,0.003251439891755581,0.0028981345240026712,0.15657564997673035
761,-0.9409194588661194,-0.9541885256767273,0.006091989576816559,0.0071770306676626205,0.15652769804000854
762,-0.8863586783409119,-0.9015955924987793,0.007375236600637436,0.0078616663813591,0.15647977590560913
763,-0.8498650193214417,-0.8715624213218689,0.011905972845852375,0.009791409596800804,0.1564318835735321
764,-0.9100769758224487,-0.9183005690574646,0.004105648957192898,0.004117968026548624,0.15638387203216553
765,-0.8791654706001282,-0.8918315172195435,0.00635759811848402,0.00630845595151186,0.15633589029312134
766,-0.8855254054069519,-0.9018765687942505,0.008975351229310036,0.0073758396320044994,0.15628795325756073
767,-0.8685929775238037,-0.8845657110214233,0.008545533753931522,0.007427241653203964,0.1562400609254837
768,-0.9424535632133484,-0.9563865661621094,0.006882924120873213,0.007050114683806896,0.15619206428527832
769,-0.9290357232093811,-0.9550178050994873,0.014469312503933907,0.011512735858559608,0.15614409744739532
770,-0.9565029144287109,-0.9679687023162842,0.005208855029195547,0.006256922613829374,0.15609627962112427
771,-0.9450821280479431,-0.9538253545761108,0.004709163680672646,0.004034030716866255,0.1560485064983368
772,-0.8601406216621399,-0.8666102886199951,0.003143156412988901,0.0033265179954469204,0.1560007631778717
773,-0.9487356543540955,-0.9697319269180298,0.011458015069365501,0.009538229554891586,0.1559530645608902
774,-0.9711489081382751,-0.985013484954834,0.007024212274700403,0.00684032216668129,0.1559053510427475
775,-0.8450067639350891,-0.9113879203796387,0.03350149095058441,0.032879672944545746,0.15585766732692719
776,-0.8683109879493713,-0.8758127689361572,0.0035924287512898445,0.003909371793270111,0.15581010282039642
777,-0.9574341177940369,-0.9651438593864441,0.0034782434813678265,0.004231496248394251,0.15576258301734924
778,-0.714386522769928,-0.8215854167938232,0.053747136145830154,0.05345180258154869,0.15571501851081848
779,-0.8644306063652039,-0.8716800212860107,0.002999193500727415,0.004250231198966503,0.1556674689054489
780,-0.978265643119812,-0.9900994300842285,0.00630373926833272,0.005530060268938541,0.15561996400356293
781,-0.9830991625785828,-1.0060251951217651,0.011414850130677223,0.011511183343827724,0.15557235479354858
782,-0.9034641981124878,-0.9672781229019165,0.0320369228720665,0.031777046620845795,0.15552489459514618
783,-0.8504893183708191,-0.861506462097168,0.0047216033563017845,0.006295560859143734,0.15547743439674377
784,-0.901526689529419,-0.9125338196754456,0.005435192491859198,0.005571954883635044,0.15543004870414734
785,-0.988273024559021,-0.9930370450019836,0.0025779244024306536,0.0021861137356609106,0.15538254380226135
786,-0.9112204313278198,-0.9226183891296387,0.005124733783304691,0.006273200735449791,0.15533503890037537
787,-1.0081839561462402,-1.016066312789917,0.0037432180251926184,0.004139197524636984,0.15528759360313416
788,-0.8999836444854736,-0.9375027418136597,0.018587565049529076,0.018931493163108826,0.15524020791053772
789,-0.8522211313247681,-0.8644396662712097,0.006439266726374626,0.005779246799647808,0.15519282221794128
790,-0.8805586695671082,-0.8929635286331177,0.0070433164946734905,0.00536155654117465,0.15514549612998962
791,-0.9185059070587158,-0.9272989630699158,0.004289938602596521,0.004503136966377497,0.15509819984436035
792,-0.8048319220542908,-0.8751512169837952,0.03460194543004036,0.03571734577417374,0.1550508439540863
793,-0.9396653175354004,-0.9464846849441528,0.0033937841653823853,0.003425580682232976,0.15500348806381226
794,-0.9156087040901184,-0.9316502809524536,0.008091247640550137,0.007950285449624062,0.1549561619758606
795,-0.8906237483024597,-0.9014554023742676,0.004607246723026037,0.006224379874765873,0.15490880608558655
796,-0.8747518062591553,-0.8861870765686035,0.005492593627423048,0.00594272231683135,0.15486153960227966
797,-0.9775588512420654,-0.9972132444381714,0.009414872154593468,0.010239544324576855,0.15481433272361755
798,-0.8934817910194397,-0.9154908061027527,0.011290451511740685,0.010718565434217453,0.15476714074611664
799,-0.9336943030357361,-0.9438272714614868,0.005228627007454634,0.004904358182102442,0.15471984446048737
800,-0.895878791809082,-0.9074013233184814,0.005740290507674217,0.005782231222838163,0.1546725332736969
801,-0.9100835919380188,-0.918657660484314,0.0044713192619383335,0.004102764185518026,0.15462525188922882
802,-0.8841661214828491,-0.9010692834854126,0.008606208488345146,0.008296995423734188,0.15457794070243835
803,-0.8723557591438293,-0.8823220133781433,0.005932282190769911,0.004033958539366722,0.15453051030635834
804,-0.8974896669387817,-0.9037987589836121,0.0031389424111694098,0.0031701282132416964,0.1544831097126007
805,-0.7467518448829651,-0.7579243779182434,0.005072008818387985,0.006100526545196772,0.15443570911884308
806,-0.8180601596832275,-0.8432717323303223,0.014190171845257282,0.011021364480257034,0.15438835322856903
807,-0.9932729601860046,-1.002148985862732,0.004371253773570061,0.004504818003624678,0.15434102714061737
808,-0.9337544441223145,-0.9411352276802063,0.004259718116372824,0.0031210719607770443,0.1542937457561493
809,0.45498359203338623,-0.9959926009178162,0.7263361215591431,0.7246400713920593,0.15424643456935883
810,-1.0688834190368652,-1.0789093971252441,0.005251170601695776,0.00477484380826354,0.15419916808605194
811,-1.0091954469680786,-1.0310922861099243,0.010865112766623497,0.011031740345060825,0.15415191650390625
812,-0.9158899188041687,-0.9459896087646484,0.015935176983475685,0.014164515770971775,0.15410475432872772
813,-0.887399435043335,-0.9052916765213013,0.009271947667002678,0.008620313368737698,0.1540575474500656
814,-0.912518322467804,-0.9475571513175964,0.01788458600640297,0.017154227942228317,0.1540103256702423
815,-0.8457593321800232,-0.931084394454956,0.0427083745598793,0.042616650462150574,0.153963103890419
816,-0.8901256918907166,-0.9616778492927551,0.03590519353747368,0.0356469601392746,0.15391597151756287
817,-0.9790541529655457,-0.9847198724746704,0.0025546210817992687,0.0031111391726881266,0.1538688987493515
818,-0.8936743140220642,-0.9034169912338257,0.004525421652942896,0.005217231344431639,0.15382197499275208
819,-0.9024634957313538,-0.9226423501968384,0.009138984605669975,0.011039826087653637,0.15377509593963623
820,-0.8622495532035828,-0.8734188079833984,0.005406900774687529,0.005762350745499134,0.1537282019853592
821,-0.9129178524017334,-0.9201613664627075,0.0034720662515610456,0.003771403571590781,0.15368132293224335
822,-0.9115750789642334,-0.9211238622665405,0.005370830651372671,0.004177940543740988,0.15363456308841705
823,-0.9584721326828003,-0.968347430229187,0.004785183351486921,0.00509014492854476,0.15358777344226837
824,-0.9398353695869446,-0.9518564939498901,0.006117441691458225,0.0059036617167294025,0.15354101359844208
825,-0.9734547138214111,-0.9882020354270935,0.007644070312380791,0.007103262469172478,0.15349429845809937
826,-0.807405948638916,-0.9005619287490845,0.04514932259917259,0.04800663888454437,0.15344762802124023
827,-0.9857615232467651,-0.9965784549713135,0.006428638473153114,0.004388279747217894,0.15340103209018707
828,0.5350476503372192,-0.9840534925460815,0.7681670188903809,0.7509341239929199,0.1533544659614563
829,-0.9977999329566956,-1.011518120765686,0.0070795537903904915,0.006638563238084316,0.15330788493156433
830,-0.9039865732192993,-0.9335463047027588,0.014524671249091625,0.01503501646220684,0.15326133370399475
831,-1.035356879234314,-1.050397515296936,0.007684071082621813,0.007356557995080948,0.15321479737758636
832,-0.9879316091537476,-1.001408338546753,0.007059057243168354,0.0064176758751273155,0.15316830575466156
833,-0.9299675226211548,-0.9607126712799072,0.015617351979017258,0.015127789229154587,0.15312178432941437
834,-0.9987855553627014,-1.009851098060608,0.005519684869796038,0.005545943509787321,0.15307527780532837
835,-0.9500470757484436,-0.9670057892799377,0.008314192295074463,0.008644530549645424,0.15302875638008118
836,-0.8650205135345459,-0.8948487639427185,0.01500711403787136,0.014821127988398075,0.1529822200536728
837,-0.9158225655555725,-0.9310342073440552,0.008111156523227692,0.007100463844835758,0.15293578803539276
838,-0.8409498333930969,-0.8602727651596069,0.010379165410995483,0.008943738415837288,0.15288937091827393
839,-0.8784290552139282,-0.889113187789917,0.006149174179881811,0.004534934647381306,0.15284302830696106
840,-0.9124835133552551,-0.9201503992080688,0.004215082619339228,0.0034518404863774776,0.1527966558933258
841,-0.9744152426719666,-0.9868558049201965,0.006303020287305117,0.006137576419860125,0.15275020897388458
842,-0.846125602722168,-0.8634197115898132,0.009516510181128979,0.007777559570968151,0.15270382165908813
843,-1.015286922454834,-1.0219640731811523,0.0033994982950389385,0.0032776566222310066,0.1526574194431305
844,-0.8806905150413513,-0.8860060572624207,0.002572552766650915,0.0027430288027971983,0.15261095762252808
845,-0.9509764909744263,-0.9649860858917236,0.008005766198039055,0.006003864109516144,0.1525643914937973
846,-0.9777352809906006,-1.0008116960525513,0.011498513631522655,0.011577876284718513,0.15251784026622772
847,-0.9307090044021606,-0.942437469959259,0.006034521386027336,0.005693966522812843,0.1524713635444641
848,-0.9578604698181152,-0.977040708065033,0.008715713396668434,0.010464527644217014,0.1524248868227005
849,-1.0812424421310425,-1.0870791673660278,0.0035083326511085033,0.0023284300696104765,0.15237835049629211
850,-0.9273838400840759,-0.9353210926055908,0.0034861858002841473,0.0044511063024401665,0.1523318588733673
851,-1.0441596508026123,-1.049860954284668,0.002902277745306492,0.0027989884838461876,0.1522853970527649
852,-0.94994056224823,-0.9582169651985168,0.004291053861379623,0.003985344897955656,0.15223895013332367
853,-0.8446352481842041,-0.8592655658721924,0.007593688555061817,0.007036612834781408,0.15219256281852722
854,-0.9077374339103699,-0.9152593612670898,0.0037674761842936277,0.00375443440862,0.15214619040489197
855,-0.9904032945632935,-0.9983570575714111,0.0039731464348733425,0.003980623558163643,0.1520998477935791
856,-0.9873162508010864,-0.9972161054611206,0.005242831539362669,0.004657010547816753,0.15205344557762146
857,-0.9318632483482361,-0.9453877806663513,0.00781310722231865,0.005711419507861137,0.152007058262825
858,-0.8230944871902466,-0.8996067643165588,0.0380307100713253,0.03848160430788994,0.15196079015731812
859,-1.0496574640274048,-1.0579793453216553,0.004330763127654791,0.003991169389337301,0.1519145667552948
860,-0.9513572454452515,-0.9681926965713501,0.008109326474368572,0.008726139552891254,0.1518683284521103
861,-0.9086385369300842,-0.9603967666625977,0.02533375844359398,0.026424473151564598,0.1518220603466034
862,-0.9500998258590698,-1.0231602191925049,0.03740321844816208,0.035657189786434174,0.15177583694458008
863,-0.933364748954773,-0.9450507760047913,0.005963412579149008,0.005722631700336933,0.15172961354255676
864,-0.9570823311805725,-0.9849453568458557,0.015174875035881996,0.012688154354691505,0.15168344974517822
865,-0.9875815510749817,-1.0009877681732178,0.006605040282011032,0.006801170762628317,0.15163733065128326
866,-0.9537250995635986,-0.964025616645813,0.006374694406986237,0.003925804514437914,0.1515912264585495
867,-0.9775658249855042,-0.9817244410514832,0.0023034089244902134,0.0018551949178799987,0.15154510736465454
868,-0.947329044342041,-0.9523422718048096,0.002402632962912321,0.002610623138025403,0.151498943567276
869,-0.9513770937919617,-0.9684149622917175,0.009068147279322147,0.007969746366143227,0.15145280957221985
870,-1.019811749458313,-1.0273919105529785,0.0037424240726977587,0.0038377572782337666,0.15140670537948608
871,-0.91462242603302,-0.9347482919692993,0.010790850967168808,0.009335053153336048,0.1513606309890747
872,-1.0091472864151,-1.0173176527023315,0.003327582962810993,0.004842814058065414,0.15131457149982452
873,-0.9941375851631165,-1.004506230354309,0.005408996716141701,0.004959644749760628,0.15126846730709076
874,-0.9604451060295105,-0.9660954475402832,0.002620385494083166,0.003029918996617198,0.1512223184108734
875,-0.9336239695549011,-0.9442529678344727,0.00522509915754199,0.005403853487223387,0.15117624402046204
876,-1.0125714540481567,-1.0187711715698242,0.002435566857457161,0.00376410991884768,0.15113018453121185
877,-0.965716540813446,-0.9795364737510681,0.006913187447935343,0.006906737107783556,0.15108416974544525
878,-0.9105924963951111,-0.9896957278251648,0.03938625007867813,0.039716970175504684,0.1510380655527115
879,-0.957525372505188,-0.9643621444702148,0.0038434434682130814,0.002993373665958643,0.15099194645881653
880,-1.0113890171051025,-1.0281120538711548,0.008314837701618671,0.008408211171627045,0.15094579756259918
881,-1.0215916633605957,-1.0342884063720703,0.006731812842190266,0.0059648677706718445,0.15089964866638184
882,-0.9652940034866333,-0.9767667055130005,0.005547885317355394,0.005924829747527838,0.15085361897945404
883,-1.0131818056106567,-1.0221998691558838,0.005030212923884392,0.003987953532487154,0.15080761909484863
884,-0.9158517718315125,-0.934288740158081,0.010794316418468952,0.007642647251486778,0.15076161921024323
885,-1.0169129371643066,-1.0217117071151733,0.0021055745892226696,0.002693121088668704,0.150715634226799
886,-0.8842311501502991,-0.908458411693573,0.011773897334933281,0.012453353963792324,0.15066969394683838
887,-0.985744297504425,-0.9938048124313354,0.004512956365942955,0.003547555999830365,0.15062375366687775
888,-0.9531574845314026,-0.9666637182235718,0.007446999195963144,0.006059233099222183,0.15057788789272308
889,-0.8950267434120178,-0.9249545335769653,0.01694660075008869,0.012981191277503967,0.15053197741508484
890,-0.9893807172775269,-0.9993151426315308,0.00514497933909297,0.004789488390088081,0.1504860371351242
891,-0.9962976574897766,-1.0072147846221924,0.006006455048918724,0.004910672083497047,0.15044008195400238
892,-0.9659506678581238,-0.9705111980438232,0.0022371276281774044,0.002323402091860771,0.15039418637752533
893,-1.0526347160339355,-1.0651212930679321,0.006614890415221453,0.005871648900210857,0.15034832060337067
894,-0.9761606454849243,-0.9903348684310913,0.007305954582989216,0.0068682534620165825,0.1503024399280548
895,-0.9604591727256775,-0.9820694327354431,0.01160102803260088,0.010009223595261574,0.15025663375854492
896,-0.9727656245231628,-0.991105318069458,0.010550182312726974,0.0077894930727779865,0.15021085739135742
897,-1.0098408460617065,-1.0213767290115356,0.005226534325629473,0.006309366784989834,0.15016517043113708
898,-0.9407992362976074,-0.9514586925506592,0.005453102290630341,0.005206350237131119,0.15011942386627197
899,-0.9258989691734314,-0.9322505593299866,0.003795870114117861,0.0025557423941791058,0.15007375180721283
900,-0.8728154897689819,-0.9128154516220093,0.01806425303220749,0.021935705095529556,0.15002812445163727
901,-0.9541681408882141,-0.970792293548584,0.008709343150258064,0.007914809510111809,0.1499824821949005
902,-0.9336494207382202,-1.0219755172729492,0.04566805809736252,0.0426580086350441,0.14993688464164734
903,-0.923407793045044,-0.9429231286048889,0.010442381724715233,0.009072989225387573,0.14989128708839417
904,-1.009462833404541,-1.0904003381729126,0.03918641060590744,0.041751135140657425,0.1498456746339798
905,-1.042689323425293,-1.0535295009613037,0.004542054142802954,0.006298007443547249,0.14980003237724304
906,-0.9096633791923523,-0.9189953804016113,0.004417697433382273,0.004914254415780306,0.1497543901205063
907,-0.9076520800590515,-0.9213122725486755,0.007690033875405788,0.005970174912363291,0.1497087925672531
908,-1.0031901597976685,-1.0141654014587402,0.0055580949410796165,0.005417149979621172,0.1496632993221283
909,-1.0239651203155518,-1.0374095439910889,0.00675570871680975,0.006688677705824375,0.14961780607700348
910,-0.9310646057128906,-0.9484751224517822,0.00943670328706503,0.007973776198923588,0.14957231283187866
911,-0.9329251050949097,-0.9452008605003357,0.00563171086832881,0.006644092965871096,0.14952684938907623
912,-0.9897018074989319,-1.0110093355178833,0.01118817925453186,0.0101193618029356,0.14948144555091858
913,-0.9857590198516846,-1.0146936178207397,0.01598409190773964,0.012950479052960873,0.14943595230579376
914,-1.0188038349151611,-1.0246236324310303,0.0032150077167898417,0.002604816574603319,0.14939048886299133
915,-0.9852434992790222,-1.0553549528121948,0.03447311371564865,0.03563838079571724,0.14934486150741577
916,-0.9200751781463623,-0.9350438714027405,0.007620206102728844,0.0073484815657138824,0.14929932355880737
917,-0.9040588736534119,-0.921288788318634,0.0078149838373065,0.009414896368980408,0.14925381541252136
918,-0.95652174949646,-0.9740349650382996,0.008662817999720573,0.008850404992699623,0.14920830726623535
919,-0.9759535193443298,-0.9852011203765869,0.004456022754311562,0.004791561048477888,0.14916284382343292
920,-0.9497031569480896,-0.9573388695716858,0.004377152770757675,0.0032586129382252693,0.1491173356771469
921,-0.9881797432899475,-1.0019088983535767,0.006651152390986681,0.007077998481690884,0.1490717977285385
922,-0.9089818000793457,-0.920026421546936,0.006397595163434744,0.0046470449306070805,0.14902636408805847
923,-1.031630039215088,-1.0433069467544556,0.00610499968752265,0.005571994464844465,0.14898094534873962
924,-0.8944301009178162,-0.9051879048347473,0.005407624877989292,0.005350150167942047,0.14893552660942078
925,-0.8176146149635315,-0.8370132446289062,0.010302160866558552,0.00909641943871975,0.14889006316661835
926,-1.0934332609176636,-1.1062372922897339,0.0062377313151955605,0.006566302850842476,0.14884454011917114
927,-0.9703633189201355,-0.9843659996986389,0.007104759570211172,0.006897898390889168,0.14879904687404633
928,-1.0183508396148682,-1.0256397724151611,0.0038939339574426413,0.0033949154894798994,0.14875361323356628
929,-0.9674583077430725,-0.9898873567581177,0.011117139831185341,0.011311890557408333,0.14870820939540863
930,-1.045505404472351,-1.0647013187408447,0.00893375463783741,0.010262173600494862,0.14866279065608978
931,-1.0192296504974365,-1.0269500017166138,0.0031811355147510767,0.004539207089692354,0.1486174464225769
932,-0.9989916086196899,-1.017035722732544,0.009613296017050743,0.00843081995844841,0.14857211709022522
933,-0.9026638269424438,-0.9183201789855957,0.008056885562837124,0.007599494885653257,0.14852680265903473
934,-0.9822216629981995,-0.9955220818519592,0.007524707820266485,0.005775701254606247,0.14848139882087708
935,-0.956305980682373,-0.9670754075050354,0.005180108826607466,0.005589335225522518,0.1484360247850418
936,-1.1178343296051025,-1.1260722875595093,0.005154768470674753,0.0030832102056592703,0.14839068055152893
937,-1.0501914024353027,-1.0539865493774414,0.002488166093826294,0.0013069526758044958,0.14834532141685486
938,-0.9299319982528687,-0.9420192837715149,0.005641758441925049,0.006445512641221285,0.1482999473810196
939,-0.9107415676116943,-0.9281938076019287,0.00701919523999095,0.010433017276227474,0.14825451374053955
940,-0.9522259831428528,-0.9597013592720032,0.004675960633903742,0.002799403853714466,0.14820915460586548
941,-0.8838393092155457,-0.9650092124938965,0.03940803185105324,0.041761863976716995,0.14816376566886902
942,-1.0397839546203613,-1.0482211112976074,0.004326808266341686,0.004110304173082113,0.14811843633651733
943,-1.0527939796447754,-1.0641483068466187,0.006030978634953499,0.005323334597051144,0.14807315170764923
944,-0.9639403223991394,-0.9750049710273743,0.005819456651806831,0.005245198495686054,0.1480279266834259
945,-1.1054637432098389,-1.1108300685882568,0.002808303339406848,0.002557942410930991,0.14798279106616974
946,-1.0213793516159058,-1.0372116565704346,0.008480517193675041,0.0073517607524991035,0.14793768525123596
947,-1.0450031757354736,-1.055830717086792,0.005691188387572765,0.005136325489729643,0.14789266884326935
948,-0.9679884314537048,-0.9788182973861694,0.004654478281736374,0.0061753783375024796,0.14784768223762512
949,-1.075045108795166,-1.0822683572769165,0.004109127912670374,0.0031141445506364107,0.14780277013778687
950,-1.0007766485214233,-1.0076791048049927,0.0032293025869876146,0.0036731967702507973,0.1477579027414322
951,-1.0250921249389648,-1.0315994024276733,0.0030895525123924017,0.003417685627937317,0.14771293103694916
952,-0.9212735295295715,-0.9402546882629395,0.009915433824062347,0.00906571839004755,0.14766807854175568
953,-0.9758744835853577,-1.0002422332763672,0.013215012848377228,0.011152761057019234,0.14762325584888458
954,-1.0478816032409668,-1.0567233562469482,0.004878482781350613,0.0039632245898246765,0.1475784331560135
955,-1.0941767692565918,-1.1001942157745361,0.003358712885528803,0.0026587345637381077,0.1475336104631424
956,-0.9090831875801086,-0.9805790781974792,0.035905543714761734,0.03559037670493126,0.1474887728691101
957,-1.0258938074111938,-1.032720685005188,0.004440664313733578,0.002386233303695917,0.1474439799785614
958,-1.0103719234466553,-1.0149489641189575,0.0019322962034493685,0.0026447235140949488,0.1473991423845291
959,-1.0002588033676147,-1.0111851692199707,0.0056586312130093575,0.005267774686217308,0.1473543792963028
960,-0.9732530117034912,-0.9867100119590759,0.006058599799871445,0.007398455869406462,0.14730966091156006
961,-1.0812468528747559,-1.0950278043746948,0.00760157173499465,0.0061793457716703415,0.1472649723291397
962,-0.9351249933242798,-0.9482667446136475,0.00693373242393136,0.0062080128118395805,0.14722031354904175
963,-0.982150673866272,-0.9945900440216064,0.006131238769739866,0.006308131851255894,0.1471756547689438
964,-0.9280533194541931,-1.0007538795471191,0.03623940423130989,0.036461178213357925,0.147131085395813
965,-0.8380271196365356,-0.9190083742141724,0.04058798775076866,0.04039327800273895,0.14708654582500458
966,-0.9461232423782349,-0.9527202248573303,0.004133238922804594,0.002463779877871275,0.14704200625419617
967,-0.985595166683197,-0.9966598749160767,0.004988066852092743,0.006076625548303127,0.14699746668338776
968,-0.8476969599723816,-0.8689326047897339,0.009920251555740833,0.011315431445837021,0.14695297181606293
969,-1.0263888835906982,-1.0329312086105347,0.003309954423457384,0.0032323270570486784,0.14690850675106049
970,-0.9834985733032227,-0.9949562549591064,0.006251415703445673,0.0052062757313251495,0.14686401188373566
971,-1.0124729871749878,-1.0294042825698853,0.008698912337422371,0.008232380263507366,0.14681953191757202
972,-1.1038172245025635,-1.116938591003418,0.0066861482337117195,0.006435303017497063,0.1467750519514084
973,-0.9986916780471802,-1.0054504871368408,0.0032261344604194164,0.003532662056386471,0.14673060178756714
974,-1.0247055292129517,-1.0347942113876343,0.004687777254730463,0.005400904454290867,0.14668609201908112
975,-1.1066354513168335,-1.116652250289917,0.005313721485435963,0.004703033249825239,0.1466415375471115
976,-0.9682198762893677,-0.9766736030578613,0.004489949904382229,0.003963796887546778,0.1465969681739807
977,-1.02232825756073,-1.0280410051345825,0.003163574729114771,0.0025491430424153805,0.14655230939388275
978,-0.9750206470489502,-1.0606811046600342,0.04423040524125099,0.04142998903989792,0.1465076059103012
979,-1.0270365476608276,-1.0325311422348022,0.0033795086201280355,0.0021150915417820215,0.14646290242671967
980,-1.0090839862823486,-1.0231096744537354,0.007154588587582111,0.00687108188867569,0.1464182585477829
981,-0.8540300726890564,-0.8613895177841187,0.003197276033461094,0.004162206314504147,0.14637362957000732
982,-0.9803850650787354,-0.9934875965118408,0.0064211655408144,0.006681356579065323,0.14632903039455414
983,-0.9875903725624084,-1.006171703338623,0.009902529418468475,0.00867882277816534,0.14628446102142334
984,-1.0079632997512817,-1.022137999534607,0.006694383919239044,0.00748025206848979,0.1462399810552597
985,-1.087242841720581,-1.0935178995132446,0.003978495951741934,0.0022965080570429564,0.14619550108909607
986,-1.072823405265808,-1.0765668153762817,0.0019409877713769674,0.0018024783348664641,0.14615102112293243
987,-0.9835258722305298,-1.0019651651382446,0.00918220542371273,0.009257079102098942,0.14610666036605835
988,-1.0770847797393799,-1.089951753616333,0.005439992994070053,0.007426990196108818,0.14606232941150665
989,-1.000140905380249,-1.0082061290740967,0.003670602571219206,0.004394644871354103,0.1460181176662445
990,-1.0077877044677734,-1.0182700157165527,0.004794181324541569,0.005688085220754147,0.14597384631633759
991,-0.9531189203262329,-0.9587767720222473,0.0026411195285618305,0.0030166965443640947,0.14592957496643066
992,-1.0328004360198975,-1.0525943040847778,0.011215537786483765,0.00857831072062254,0.14588531851768494
993,-0.9867922067642212,-0.9921667575836182,0.003058635862544179,0.002315933583304286,0.14584100246429443
994,-0.9966216087341309,-1.0099618434906006,0.006621568463742733,0.006718635559082031,0.1457967460155487
995,-1.0302163362503052,-1.0509867668151855,0.01069709099829197,0.010073329322040081,0.14575251936912537
996,-0.9248057007789612,-0.9340523481369019,0.00466023338958621,0.004586413502693176,0.14570821821689606
997,-1.0091228485107422,-1.021706223487854,0.007173276040703058,0.005410037003457546,0.14566390216350555
998,-0.961256206035614,-0.975859522819519,0.007210532668977976,0.0073927463963627815,0.14561961591243744
999,-1.0067812204360962,-1.0133991241455078,0.0036178608424961567,0.0030000635888427496,0.14557531476020813
1000,-1.0743978023529053,-1.0794106721878052,0.0030218421015888453,0.00199099606834352,0.14553099870681763
1001,-0.9991161227226257,-1.0126193761825562,0.006467320956289768,0.007035937160253525,0.1454867571592331
1002,-0.9553321003913879,-1.027148723602295,0.03629128634929657,0.03552534803748131,0.14544248580932617
1003,-1.005550742149353,-1.0175408124923706,0.006604641675949097,0.0053854212164878845,0.1453983187675476
1004,-0.9956287145614624,-1.0125027894973755,0.007311255671083927,0.009562820196151733,0.14535416662693024
1005,-0.9358552694320679,-1.015201210975647,0.03824525326490402,0.04110066220164299,0.14531010389328003
1006,-0.9678428173065186,-0.9824726581573486,0.008222805336117744,0.006407001055777073,0.14526604115962982
1007,-0.8899868130683899,-0.8963009715080261,0.0031721889972686768,0.0031419512815773487,0.145222008228302
1008,-1.0282087326049805,-1.053994059562683,0.013509212993085384,0.01227619033306837,0.14517800509929657
1009,-0.9580853581428528,-0.9725663661956787,0.007313507609069347,0.007167534437030554,0.14513400197029114
1010,-0.950745165348053,-0.959990382194519,0.0050175548531115055,0.004227667115628719,0.14509011805057526
1011,-0.9394192695617676,-1.0060310363769531,0.03345391899347305,0.0331578366458416,0.14504623413085938
1012,-0.9513806700706482,-1.046856164932251,0.047839172184467316,0.04763634875416756,0.1450023651123047
1013,-1.057090401649475,-1.063704490661621,0.002830055309459567,0.0037840590812265873,0.14495839178562164
1014,-1.0426307916641235,-1.0534367561340332,0.004793628118932247,0.006012348458170891,0.14491449296474457
1015,-1.074764370918274,-1.0829906463623047,0.003775819670408964,0.004450407810509205,0.1448705643415451
1016,-1.0847115516662598,-1.0897830724716187,0.0030045825988054276,0.002066925400868058,0.14482663571834564
1017,-1.1246272325515747,-1.1500853300094604,0.012472198344767094,0.01298589538782835,0.1447826772928238
1018,-0.904673159122467,-0.9126458168029785,0.004189709667116404,0.0037829093635082245,0.1447388231754303
1019,-0.9623825550079346,-1.0267424583435059,0.03219861537218094,0.03216131404042244,0.14469504356384277
1020,-1.0618846416473389,-1.070575475692749,0.0043290904723107815,0.004361733328551054,0.14465126395225525
1021,-1.136027455329895,-1.1427465677261353,0.0039732372388243675,0.0027459096163511276,0.14460742473602295
1022,-1.0527416467666626,-1.0680134296417236,0.006951611023396254,0.00832021702080965,0.14456357061862946
1023,-1.1025501489639282,-1.1200512647628784,0.009973825886845589,0.007527270819991827,0.14451976120471954
1024,-1.1211549043655396,-1.1263437271118164,0.002521747490391135,0.002667107153683901,0.14447593688964844
1025,-1.1300455331802368,-1.1397345066070557,0.004513423889875412,0.005175631958991289,0.14443209767341614
1026,-1.048976182937622,-1.0519499778747559,0.0014998215483501554,0.0014740603510290384,0.14438822865486145
1027,-1.0224339962005615,-1.0337395668029785,0.006375372409820557,0.004930232651531696,0.144344300031662
1028,-0.9926207065582275,-0.9966900944709778,0.0016970455180853605,0.0023723081685602665,0.1443004459142685
1029,-1.0327491760253906,-1.0392413139343262,0.003558392869308591,0.002933749696239829,0.1442565768957138
1030,-1.0612343549728394,-1.0669794082641602,0.002792574465274811,0.0029524790588766336,0.14421282708644867
1031,-1.0262997150421143,-1.036731481552124,0.005121289286762476,0.00531050143763423,0.14416906237602234
1032,-1.0620968341827393,-1.0688300132751465,0.0033138736616820097,0.003419239539653063,0.1441253274679184
1033,-1.0260308980941772,-1.0396878719329834,0.00630315812304616,0.007353794761002064,0.14408163726329803
1034,-1.074977159500122,-1.0844314098358154,0.005682377610355616,0.003771861083805561,0.14403793215751648
1035,-1.0567137002944946,-1.0623292922973633,0.00291867321357131,0.0026968317106366158,0.1439942568540573
1036,-0.8811405897140503,-0.9127465486526489,0.015951193869113922,0.015654759481549263,0.1439506560564041
1037,-1.035014033317566,-1.0596033334732056,0.012269565835595131,0.012319685891270638,0.14390701055526733
1038,-1.1295403242111206,-1.1418771743774414,0.006207151338458061,0.00612975936383009,0.14386329054832458
1039,-1.12945556640625,-1.137165904045105,0.0036500063724815845,0.0040603517554700375,0.14381958544254303
1040,-1.1037940979003906,-1.1111520528793335,0.003809326095506549,0.0035485965199768543,0.14377571642398834
1041,-1.0842859745025635,-1.0891999006271362,0.0021539137233048677,0.0027600207831710577,0.14373184740543365
1042,-1.1188770532608032,-1.1229219436645508,0.002216034336015582,0.0018289006548002362,0.14368797838687897
1043,-1.0672264099121094,-1.0792242288589478,0.005714527331292629,0.006283250637352467,0.14364416897296906
1044,-1.065239429473877,-1.0723286867141724,0.003641089191660285,0.0034481133334338665,0.14360041916370392
1045,-1.106816291809082,-1.1194524765014648,0.006535032298415899,0.006101114675402641,0.14355669915676117
1046,-1.011043906211853,-1.0235753059387207,0.005812292452901602,0.006719064433127642,0.1435130089521408
1047,-1.1012070178985596,-1.1081757545471191,0.00424205744639039,0.0027266338001936674,0.14346934854984283
1048,-1.0766023397445679,-1.0840378999710083,0.004402393940836191,0.003033117391169071,0.14342571794986725
1049,-1.121748685836792,-1.1301244497299194,0.00436936691403389,0.004006368573755026,0.14338214695453644
1050,-1.1783534288406372,-1.1816781759262085,0.0018582406919449568,0.0014665256021544337,0.14333859086036682
1051,-1.0713413953781128,-1.0765178203582764,0.002736212220042944,0.0024402413982897997,0.1432950496673584
1052,-1.0166503190994263,-1.0319868326187134,0.007276736665517092,0.008059719577431679,0.14325159788131714
1053,-0.9525161981582642,-1.0254260301589966,0.03669413924217224,0.03621566295623779,0.14320805668830872
1054,-1.0705777406692505,-1.0770031213760376,0.0035143450368195772,0.0029110400937497616,0.1431645154953003
1055,-1.0546585321426392,-1.061923861503601,0.0031063843052834272,0.004159001633524895,0.14312095940113068
1056,-0.9988982677459717,-1.0827935934066772,0.04242127388715744,0.041474100202322006,0.14307746291160583
1057,-1.0085299015045166,-1.0153899192810059,0.0036856429651379585,0.003174416022375226,0.143033966422081
1058,-1.048482060432434,-1.057178020477295,0.004234542138874531,0.004461370874196291,0.14299041032791138
1059,-1.0690829753875732,-1.083061933517456,0.00723770447075367,0.0067412471398711205,0.14294683933258057
1060,-0.9838390350341797,-0.9964586496353149,0.0071489023976027966,0.005470716394484043,0.14290329813957214
1061,-1.0070455074310303,-1.017993688583374,0.005218942649662495,0.005729146301746368,0.1428597867488861
1062,-1.0263206958770752,-1.0363962650299072,0.004881486762315035,0.005194084718823433,0.14281632006168365
1063,-1.176960825920105,-1.1822102069854736,0.00279519846662879,0.002454106928780675,0.14277283847332
1064,-1.1138190031051636,-1.1216758489608765,0.004012898541986942,0.0038438818883150816,0.14272934198379517
1065,-1.0794655084609985,-1.1028082370758057,0.01145943533629179,0.011883309110999107,0.14268583059310913
1066,-1.1206331253051758,-1.1325842142105103,0.005306788720190525,0.006644283886998892,0.14264236390590668
1067,-1.1387172937393188,-1.150984525680542,0.006652475334703922,0.005614761263132095,0.1425989270210266
1068,-1.1155697107315063,-1.1200681924819946,0.0020814938470721245,0.0024169294629245996,0.14255556464195251
1069,-1.0748045444488525,-1.091696858406067,0.007722676731646061,0.009169530123472214,0.142512246966362
1070,-1.0743881464004517,-1.1487904787063599,0.0367063470184803,0.03769601508975029,0.1424689143896103
1071,-1.0822442770004272,-1.0912362337112427,0.004790165461599827,0.004201751668006182,0.14242564141750336
1072,-1.1064550876617432,-1.1136668920516968,0.003473094431683421,0.0037387253250926733,0.1423823982477188
1073,-1.1376630067825317,-1.1437807083129883,0.002755317836999893,0.0033623743802309036,0.14233918488025665
1074,-1.0914033651351929,-1.099411964416504,0.0036488077603280544,0.004359829239547253,0.1422959268093109
1075,-1.075404405593872,-1.0825443267822266,0.004068393260240555,0.0030715514440089464,0.14225268363952637
1076,-1.1054579019546509,-1.119052767753601,0.007509786635637283,0.006085050292313099,0.1422095000743866
1077,-1.0358960628509521,-1.1263518333435059,0.04540034383535385,0.04505544900894165,0.14216624200344086
1078,-1.0934455394744873,-1.1008061170578003,0.004429755266755819,0.002930921269580722,0.1421230435371399
1079,-1.1437578201293945,-1.1561225652694702,0.006515934597700834,0.005848814267665148,0.14207978546619415
1080,-1.165305256843567,-1.1715810298919678,0.003062437754124403,0.003213251940906048,0.14203651249408722
1081,-1.0045194625854492,-1.0176805257797241,0.005702529568225145,0.007458508014678955,0.14199326932430267
1082,-1.0996073484420776,-1.108514428138733,0.0040549663826823235,0.0048520262353122234,0.14195005595684052
1083,-1.042978286743164,-1.0516672134399414,0.003851278219372034,0.004837578162550926,0.14190691709518433
1084,-1.0864968299865723,-1.1054824590682983,0.009973715990781784,0.0090118907392025,0.14186382293701172
1085,-1.055922031402588,-1.0620152950286865,0.0035648501943796873,0.0025284767616540194,0.1418207734823227
1086,-1.1170893907546997,-1.1267250776290894,0.004546298645436764,0.005089357029646635,0.14177772402763367
1087,-1.0771032571792603,-1.0994101762771606,0.011539962142705917,0.010766953229904175,0.1417347490787506
1088,-1.0332121849060059,-1.1296420097351074,0.04794725775718689,0.04848252236843109,0.14169175922870636
1089,-1.0682986974716187,-1.0743149518966675,0.002893791301175952,0.0031224859412759542,0.1416488140821457
1090,-1.1507526636123657,-1.157835602760315,0.003363565308973193,0.0037193631287664175,0.14160582423210144
1091,-1.1241601705551147,-1.130201816558838,0.003356033470481634,0.002685641637071967,0.141562819480896
1092,-1.0831758975982666,-1.1703640222549438,0.04242287948727608,0.044765252619981766,0.14151977002620697
1093,-1.0222711563110352,-1.0314178466796875,0.004357161000370979,0.004789432976394892,0.1414767950773239
1094,-1.1489982604980469,-1.161473035812378,0.00526065519079566,0.007214128505438566,0.14143382012844086
1095,-1.0100263357162476,-1.018774390220642,0.003779386170208454,0.004968700930476189,0.141390860080719
1096,-1.016390085220337,-1.1085628271102905,0.04729628562927246,0.044876471161842346,0.14134788513183594
1097,-1.1190881729125977,-1.1271237134933472,0.003672212827950716,0.004363241605460644,0.14130496978759766
1098,-1.142236351966858,-1.150187373161316,0.004300625063478947,0.003650449216365814,0.14126211404800415
1099,-1.2036722898483276,-1.2103891372680664,0.003260059282183647,0.0034568756818771362,0.14121927320957184
1100,-1.1377086639404297,-1.1522856950759888,0.006714041344821453,0.007863059639930725,0.1411764919757843
1101,-1.1768158674240112,-1.1834639310836792,0.002876493614166975,0.0037715877406299114,0.14113372564315796
1102,-1.161590576171875,-1.164726734161377,0.0017061034450307488,0.0014300293987616897,0.14109095931053162
1103,-1.0679112672805786,-1.0833443403244019,0.00776129774749279,0.007671798579394817,0.14104819297790527
1104,-1.0505937337875366,-1.0592095851898193,0.005023532081395388,0.003592399414628744,0.14100545644760132
1105,-1.0572235584259033,-1.0614373683929443,0.001946666045114398,0.002267064992338419,0.14096271991729736
1106,-0.9849947690963745,-1.0039565563201904,0.00913567841053009,0.00982615351676941,0.14091996848583221
1107,-1.1237560510635376,-1.13671875,0.006781659089028835,0.006181058939546347,0.14087724685668945
1108,-1.1471525430679321,-1.15238356590271,0.002050052396953106,0.003181006293743849,0.1408345252275467
1109,-1.0988932847976685,-1.1083014011383057,0.005469651892781258,0.00393843837082386,0.14079169929027557
1110,-1.1507577896118164,-1.1564799547195435,0.003122546710073948,0.002599555067718029,0.14074894785881042
1111,-1.108298897743225,-1.1164675951004028,0.004090753383934498,0.004077942576259375,0.14070628583431244
1112,-1.0686439275741577,-1.0766645669937134,0.004211818799376488,0.003808826906606555,0.14066360890865326
1113,-1.1108492612838745,-1.116819143295288,0.0028312113136053085,0.0031386171467602253,0.14062097668647766
1114,-1.145445704460144,-1.1516984701156616,0.0030535277910530567,0.0031992041040211916,0.14057837426662445
1115,-1.0954350233078003,-1.1076397895812988,0.0061125373467803,0.0060922326520085335,0.14053578674793243
1116,-1.1260231733322144,-1.1374489068984985,0.005744036287069321,0.005681769456714392,0.1404932141304016
1117,-1.1520464420318604,-1.1562426090240479,0.0024673277512192726,0.001728888601064682,0.14045070111751556
1118,-1.0308899879455566,-1.04306161403656,0.006651772186160088,0.005519820377230644,0.1404082477092743
1119,-1.0765655040740967,-1.0905375480651855,0.00744967395439744,0.006522460840642452,0.1403658241033554
1120,-1.075039029121399,-1.0887008905410767,0.007507967296987772,0.006153983995318413,0.14032341539859772
1121,-1.0975558757781982,-1.1001806259155273,0.0010544831166043878,0.001570223132148385,0.14028099179267883
1122,-1.1279633045196533,-1.1319392919540405,0.0015429885825142264,0.0024329323787242174,0.14023852348327637
1123,0.3423336148262024,-1.0741621255874634,0.710002601146698,0.7064931392669678,0.1401960700750351
1124,-1.0803501605987549,-1.084555983543396,0.002635789103806019,0.0015699767973273993,0.1401536762714386
1125,-1.0471830368041992,-1.0694224834442139,0.010213978588581085,0.01202542893588543,0.14011135697364807
1126,-1.1550040245056152,-1.1733005046844482,0.008956303820014,0.009340167976915836,0.14006897807121277
1127,-1.2350149154663086,-1.2403554916381836,0.0018637393368408084,0.0034768630284816027,0.14002655446529388
1128,-1.1961841583251953,-1.202883005142212,0.00350983371026814,0.003188980743288994,0.13998422026634216
1129,-1.0635406970977783,-1.075122594833374,0.005260017700493336,0.0063218530267477036,0.1399419605731964
1130,-1.103775143623352,-1.1185314655303955,0.007930541411042213,0.006825754418969154,0.13989967107772827
1131,-1.1477017402648926,-1.1577622890472412,0.00532862264662981,0.004731845576316118,0.13985739648342133
1132,-1.0642585754394531,-1.0812653303146362,0.008853853680193424,0.008152873255312443,0.13981510698795319
1133,-1.1255463361740112,-1.1418815851211548,0.008127458393573761,0.008207805454730988,0.13977284729480743
1134,-1.1585670709609985,-1.1646671295166016,0.0023788928519934416,0.0037211112212389708,0.13973058760166168
1135,-1.0455914735794067,-1.0537258386611938,0.004334066063165665,0.0038002999499440193,0.13968832790851593
1136,-1.176020860671997,-1.1959526538848877,0.00981739442795515,0.010114384815096855,0.13964609801769257
1137,-0.9466764330863953,-0.9555329084396362,0.005562618374824524,0.0032938867807388306,0.13960401713848114
1138,-1.0361624956130981,-1.0532488822937012,0.009747883304953575,0.007338570896536112,0.13956193625926971
1139,-1.1393303871154785,-1.1493377685546875,0.003865298116579652,0.00614214688539505,0.1395198255777359
1140,0.1832868456840515,-1.2052996158599854,0.7063092589378357,0.6822772026062012,0.13947761058807373
1141,-1.1927821636199951,-1.1971275806427002,0.002130670938640833,0.002214800100773573,0.13943542540073395
1142,-1.2028145790100098,-1.210641860961914,0.004121394827961922,0.003705886658281088,0.13939310610294342
1143,-1.1596559286117554,-1.1973062753677368,0.02067548967897892,0.016974829137325287,0.13935083150863647
1144,-1.136549711227417,-1.1719374656677246,0.020103819668293,0.015283931978046894,0.13930848240852356
1145,-1.103541612625122,-1.1304588317871094,0.013846476562321186,0.013070710003376007,0.13926614820957184
1146,-1.0505894422531128,-1.1523122787475586,0.05086176097393036,0.05086113139986992,0.1392238736152649
1147,-1.1607557535171509,-1.1652061939239502,0.00212669325992465,0.002323707565665245,0.13918158411979675
1148,-1.0659576654434204,-1.0852922201156616,0.009918601252138615,0.00941601861268282,0.13913936913013458
1149,-1.080614686012268,-1.0892149209976196,0.0038460069335997105,0.004754224792122841,0.13909713923931122
1150,-1.0492539405822754,-1.0664622783660889,0.00855640321969986,0.00865199789404869,0.13905495405197144
1151,-1.079461932182312,-1.090746283531189,0.005828304681926966,0.005456105340272188,0.13901285827159882
1152,-1.1375153064727783,-1.1557507514953613,0.010115479119122028,0.008119998499751091,0.1389707326889038
1153,-1.1299209594726562,-1.14163076877594,0.0063238865695893764,0.005385836586356163,0.1389286071062088
1154,-1.041852593421936,-1.1255433559417725,0.042281199246644974,0.04140962287783623,0.13888657093048096
1155,-1.2228481769561768,-1.2344005107879639,0.006055304780602455,0.005496973171830177,0.1388445496559143
1156,-1.2245211601257324,-1.2361443042755127,0.005619976669549942,0.006003150250762701,0.13880257308483124
1157,-1.0518202781677246,-1.1720890998840332,0.06164361163973808,0.05862527713179588,0.13876056671142578
1158,-1.081931471824646,-1.093682885169983,0.006064228713512421,0.00568724051117897,0.13871854543685913
1159,-1.035061240196228,-1.0650957822799683,0.013700263574719429,0.016334302723407745,0.13867655396461487
1160,-1.1103503704071045,-1.1204148530960083,0.0054346369579434395,0.004629833158105612,0.13863477110862732
1161,-1.1421223878860474,-1.1609158515930176,0.010129597038030624,0.008663850836455822,0.1385928988456726
1162,-1.1235806941986084,-1.148690938949585,0.011088130995631218,0.01402206253260374,0.1385510414838791
1163,-1.145865559577942,-1.1726497411727905,0.0152297867462039,0.011554315686225891,0.13850924372673035
1164,-1.2062015533447266,-1.2122982740402222,0.003242381615564227,0.002854348625987768,0.13846737146377563
1165,-1.1536500453948975,-1.1651331186294556,0.006362327374517918,0.005120718851685524,0.1384255588054657
1166,-1.1112779378890991,-1.1175966262817383,0.003421142930164933,0.002897520549595356,0.13838377594947815
1167,-1.1279425621032715,-1.1345609426498413,0.0033564588520675898,0.0032619053963571787,0.1383419930934906
1168,-1.088629126548767,-1.094203233718872,0.0031499587930738926,0.0024241239298135042,0.1383001059293747
1169,-1.077216625213623,-1.0940301418304443,0.00852933805435896,0.008284181356430054,0.138258159160614
1170,-1.1019381284713745,-1.1250193119049072,0.011482910253107548,0.01159826572984457,0.13821624219417572
1171,-1.1317542791366577,-1.1507606506347656,0.009976153261959553,0.009030204266309738,0.13817435503005981
1172,-1.049081802368164,-1.068396806716919,0.008741408586502075,0.010573578998446465,0.13813255727291107
1173,-1.1398112773895264,-1.1479253768920898,0.004911382216960192,0.003202633233740926,0.13809072971343994
1174,-1.2204254865646362,-1.2291734218597412,0.0049068983644247055,0.0038410143461078405,0.1380489319562912
1175,-1.2261533737182617,-1.2305026054382324,0.00267988839186728,0.0016692639328539371,0.1380070447921753
1176,-1.1518634557724,-1.1614820957183838,0.005575435236096382,0.0040431879460811615,0.13796518743038177
1177,-1.1130939722061157,-1.1277549266815186,0.007423746399581432,0.007237154059112072,0.13792331516742706
1178,-1.1818803548812866,-1.1914772987365723,0.004282949957996607,0.005313998553901911,0.1378815770149231
1179,-1.1193641424179077,-1.1343882083892822,0.007332926616072655,0.007691144943237305,0.13783986866474152
1180,-1.145948052406311,-1.157988429069519,0.0062082684598863125,0.005832021124660969,0.13779817521572113
1181,-1.1080251932144165,-1.1133662462234497,0.002264028415083885,0.003077080240473151,0.13775654137134552
1182,-1.124869465827942,-1.1293398141860962,0.0020428900606930256,0.0024274003226310015,0.1377149075269699
1183,-0.9940588474273682,-1.0125806331634521,0.009390976279973984,0.009130834601819515,0.13767336308956146
1184,-1.1279131174087524,-1.1346291303634644,0.0031427741050720215,0.0035732630640268326,0.1376318484544754
1185,-1.1568162441253662,-1.1637163162231445,0.0038264452014118433,0.0030735419131815434,0.13759030401706696
1186,-1.16946542263031,-1.1779019832611084,0.0047261081635952,0.0037104920484125614,0.13754881918430328
1187,-1.0904583930969238,-1.1014046669006348,0.005323851481080055,0.00562233105301857,0.13750730454921722
1188,-1.1485493183135986,-1.1590696573257446,0.005836809985339642,0.004683523904532194,0.1374657303094864
1189,-1.077081322669983,-1.1096690893173218,0.015259954147040844,0.017327748239040375,0.13742411136627197
1190,-1.0780898332595825,-1.1558375358581543,0.037907909601926804,0.03983970358967781,0.13738250732421875
1191,-1.1632894277572632,-1.1681991815567017,0.002158364513888955,0.0027513476088643074,0.13734088838100433
1192,-1.0696971416473389,-1.08101487159729,0.0054280199110507965,0.005889700725674629,0.13729925453662872
1193,-1.2245471477508545,-1.2274589538574219,0.0014103405410423875,0.0015014882665127516,0.13725757598876953
1194,-1.1784769296646118,-1.1860709190368652,0.004105457104742527,0.0034885937348008156,0.1372160017490387
1195,-1.022156000137329,-1.0392799377441406,0.007648351136595011,0.009475535713136196,0.13717450201511383
1196,-1.1332217454910278,-1.1431506872177124,0.004892976954579353,0.005035992246121168,0.13713298738002777
1197,-1.1643019914627075,-1.171425700187683,0.0036620560567826033,0.0034615537151694298,0.13709145784378052
1198,-1.1335854530334473,-1.140537142753601,0.004385779611766338,0.0025659045204520226,0.13704989850521088
