step,total_loss,actor_loss,q1_loss,q2_loss,alpha
1,0.19268304109573364,0.05890480801463127,0.0831199586391449,0.05065826699137688,0.19993999600410461
2,0.14367501437664032,0.0606699138879776,0.043619975447654724,0.0393851213157177,0.199879989027977
3,0.1357503980398178,0.06763512641191483,0.03843444958329201,0.029680822044610977,0.19981999695301056
4,0.14670076966285706,0.08148937672376633,0.03562409058213234,0.02958729863166809,0.1997600942850113
5,0.1568812131881714,0.09134276211261749,0.03326314315199852,0.03227531164884567,0.19970035552978516
6,0.11510623246431351,0.06703323870897293,0.027450596913695335,0.02062239684164524,0.1996403932571411
7,0.15315353870391846,0.11265247315168381,0.0190164465457201,0.0214846171438694,0.19958065450191498
8,0.16862653195858002,0.09647604823112488,0.036348383873701096,0.035802099853754044,0.1995207816362381
9,0.1509617567062378,0.10171554237604141,0.024472041055560112,0.024774175137281418,0.19946080446243286
10,0.15825897455215454,0.10536114871501923,0.026757963001728058,0.026139860972762108,0.19940069317817688
11,0.20641553401947021,0.15616247057914734,0.02573820948600769,0.024514861404895782,0.19934092462062836
12,0.24856850504875183,0.08700791001319885,0.08554248511791229,0.07601811736822128,0.19928081333637238
13,0.17911472916603088,0.11496620625257492,0.03385841101408005,0.030290106311440468,0.1992206871509552
14,0.15012748539447784,0.10810986906290054,0.024369699880480766,0.017647920176386833,0.19916051626205444
15,0.14239442348480225,0.051260121166706085,0.048070285469293594,0.043064020574092865,0.19909994304180145
16,0.05263211950659752,0.022899635136127472,0.016412608325481415,0.013319876976311207,0.19903895258903503
17,0.10582106560468674,0.04838312789797783,0.03119044005870819,0.02624749206006527,0.19897787272930145
18,0.0858721062541008,0.058940038084983826,0.010586624965071678,0.016345439478754997,0.198916956782341
19,0.03523409739136696,-0.009841108694672585,0.022952258586883545,0.022122947499155998,0.19885565340518951
20,0.060172904282808304,0.017324991524219513,0.021791167557239532,0.02105674520134926,0.19879426062107086
21,-0.02385544590651989,-0.061690621078014374,0.018685057759284973,0.01915011741220951,0.19873222708702087
22,0.09152553975582123,-0.030379755422472954,0.062110088765621185,0.059795212000608444,0.19866998493671417
23,0.02942422777414322,-0.04223490506410599,0.03629959002137184,0.035359542816877365,0.19860748946666718
24,0.04443495720624924,0.003090885002166033,0.02098679542541504,0.020357279106974602,0.19854538142681122
25,0.023333881050348282,-0.05326683074235916,0.03789100795984268,0.03870970383286476,0.19848309457302094
26,0.013671183958649635,-0.047228485345840454,0.030489573255181313,0.030410096049308777,0.19842082262039185
27,0.006336202844977379,-0.0362386628985405,0.021625619381666183,0.020949246361851692,0.1983586996793747
28,0.09744790196418762,-0.07213812321424484,0.08611960709095001,0.08346641808748245,0.1982964426279068
29,-0.03219497203826904,-0.08002274483442307,0.02403506450355053,0.023792708292603493,0.19823406636714935
30,-0.04155536741018295,-0.10738438367843628,0.03316572681069374,0.032663293182849884,0.1981714516878128
31,-0.061302632093429565,-0.13112153112888336,0.034810323268175125,0.03500857949256897,0.19810838997364044
32,-0.04685078561306,-0.14295822381973267,0.047669459134340286,0.04843798279762268,0.19804494082927704
33,-0.11486291885375977,-0.14165061712265015,0.013720817863941193,0.013066885992884636,0.19798120856285095
34,-0.13249704241752625,-0.15870067477226257,0.013554372824728489,0.012649249285459518,0.1979171633720398
35,-0.0960848480463028,-0.1458747386932373,0.024945827201008797,0.024844063445925713,0.1978529989719391
36,-0.0036780238151550293,-0.07802318036556244,0.0364813394844532,0.03786381706595421,0.1977895200252533
37,-0.12218494713306427,-0.1693766713142395,0.023113101720809937,0.024078626185655594,0.19772569835186005
38,-0.10786256194114685,-0.14423595368862152,0.018473979085683823,0.017899412661790848,0.19766181707382202
39,-0.1192532554268837,-0.15413475036621094,0.01772409677505493,0.017157400026917458,0.19759783148765564
40,-0.1295204907655716,-0.17697769403457642,0.023792000487446785,0.023665200918912888,0.19753357768058777
41,-0.07363823801279068,-0.12316689640283585,0.024598507210612297,0.02493015117943287,0.19746965169906616
42,-0.034043751657009125,-0.17883968353271484,0.07185100018978119,0.07294493168592453,0.19740551710128784
43,-0.11057842522859573,-0.14662906527519226,0.0187042448669672,0.01734638772904873,0.19734151661396027
44,-0.1409662514925003,-0.18372184038162231,0.021331442520022392,0.02142414264380932,0.19727730751037598
45,-0.2402394711971283,-0.2727888822555542,0.01654590480029583,0.01600351743400097,0.1972120851278305
46,-0.13579855859279633,-0.17887169122695923,0.021615199744701385,0.02145792730152607,0.1971469521522522
47,-0.2364102602005005,-0.2904353737831116,0.027060670778155327,0.026964455842971802,0.19708089530467987
48,-0.1263841688632965,-0.19561588764190674,0.035308435559272766,0.03392328321933746,0.19701504707336426
49,-0.18850412964820862,-0.22262762486934662,0.016427287831902504,0.01769619807600975,0.19694910943508148
50,-0.23968106508255005,-0.2584867775440216,0.008403094485402107,0.010402625426650047,0.19688282907009125
51,-0.2471179962158203,-0.28058937191963196,0.016968660056591034,0.016502702608704567,0.1968160718679428
52,-0.1912752091884613,-0.2686397433280945,0.03953287750482559,0.03783166781067848,0.19674904644489288
53,-0.2937033772468567,-0.3229886293411255,0.015097472816705704,0.01418779231607914,0.19668132066726685
54,-0.24871668219566345,-0.2732998728752136,0.012257510796189308,0.012325670570135117,0.19661355018615723
55,-0.20876650512218475,-0.24205957353115082,0.016931110993027687,0.01636195182800293,0.19654607772827148
56,-0.1946471631526947,-0.2669549584388733,0.03714749962091446,0.03516029939055443,0.19647875428199768
57,-0.2147272229194641,-0.2536867558956146,0.019277263432741165,0.01968226581811905,0.19641172885894775
58,-0.2632799446582794,-0.2907963991165161,0.014128021895885468,0.013388427905738354,0.19634473323822021
59,-0.31248587369918823,-0.3429557681083679,0.01565668359398842,0.014813211746513844,0.19627714157104492
60,-0.26994141936302185,-0.2922879755496979,0.011430922895669937,0.010915644466876984,0.19620969891548157
61,-0.23027482628822327,-0.3059120178222656,0.037541091442108154,0.038096096366643906,0.19614234566688538
62,-0.22806024551391602,-0.29137054085731506,0.0317891426384449,0.03152114897966385,0.19607530534267426
63,-0.2996814548969269,-0.3584699332714081,0.02944227121770382,0.02934618666768074,0.19600790739059448
64,-0.3352227210998535,-0.37518957257270813,0.019640179350972176,0.020326683297753334,0.19594015181064606
65,-0.32149991393089294,-0.3601714074611664,0.019712720066308975,0.018958766013383865,0.19587233662605286
66,-0.37957966327667236,-0.40107765793800354,0.009939108975231647,0.011558879166841507,0.19580411911010742
67,-0.3633333742618561,-0.4003215432167053,0.018291007727384567,0.018697161227464676,0.19573557376861572
68,-0.3621281683444977,-0.39383530616760254,0.015703456476330757,0.016003673896193504,0.1956668496131897
69,-0.3344023823738098,-0.38222864270210266,0.022915109992027283,0.02491116151213646,0.19559809565544128
70,-0.36886316537857056,-0.415542334318161,0.022877508774399757,0.0238016527146101,0.19552896916866302
71,-0.3976925313472748,-0.4322154223918915,0.01686866395175457,0.01765424758195877,0.19545942544937134
72,-0.3407302498817444,-0.3980030417442322,0.028666771948337555,0.02860604226589203,0.19538989663124084
73,-0.3837059438228607,-0.40006178617477417,0.009105718694627285,0.007250143215060234,0.19532035291194916
74,-0.22752833366394043,-0.3488796353340149,0.06083160638809204,0.060519687831401825,0.19525140523910522
75,-0.39327263832092285,-0.4030221104621887,0.004874052479863167,0.004875414539128542,0.19518239796161652
76,-0.35403427481651306,-0.3731802701950073,0.010053722187876701,0.009092280641198158,0.19511371850967407
77,-0.38553500175476074,-0.43377599120140076,0.02341480739414692,0.024826176464557648,0.19504480063915253
78,-0.37569350004196167,-0.41899895668029785,0.02179660089313984,0.021508842706680298,0.1949758678674698
79,-0.4181971251964569,-0.4430581033229828,0.012302282266318798,0.012558701448142529,0.19490671157836914
80,-0.4262298345565796,-0.4399424195289612,0.00637062406167388,0.007341946009546518,0.1948375254869461
81,-0.3955667018890381,-0.421363890171051,0.013112400658428669,0.012684804387390614,0.19476856291294098
82,-0.42389369010925293,-0.44563090801239014,0.010631966404616833,0.01110524870455265,0.19469961524009705
83,-0.4313271641731262,-0.46796920895576477,0.01827300153672695,0.01836903765797615,0.1946304887533188
84,-0.44783470034599304,-0.48215165734291077,0.017261475324630737,0.017055468633770943,0.19456109404563904
85,-0.4642089307308197,-0.4878612160682678,0.0107978954911232,0.012854401022195816,0.1944914609193802
86,-0.4611307978630066,-0.47999322414398193,0.009028463624417782,0.009833966381847858,0.19442178308963776
87,-0.44186297059059143,-0.47517478466033936,0.01680297963321209,0.016508853062987328,0.1943521499633789
88,-0.5098380446434021,-0.5228421092033386,0.006226471159607172,0.0067775556817650795,0.19428221881389618
89,-0.4876808822154999,-0.509514331817627,0.01102476753294468,0.01080868486315012,0.1942121684551239
90,-0.4994339048862457,-0.5058563947677612,0.0032415338791906834,0.003180957632139325,0.19414202868938446
91,-0.47810402512550354,-0.4990842044353485,0.01010680291801691,0.01087336614727974,0.19407188892364502
92,-0.4870360195636749,-0.4963727295398712,0.004829650744795799,0.004507057834416628,0.19400176405906677
93,-0.4700593054294586,-0.486214280128479,0.008233466185629368,0.007921506650745869,0.1939316689968109
94,-0.44844910502433777,-0.4822765290737152,0.01662432588636875,0.017203105613589287,0.1938617080450058
95,-0.4693455696105957,-0.5104329586029053,0.020228678360581398,0.02085869200527668,0.19379159808158875
96,-0.4970405697822571,-0.5140308737754822,0.008603258989751339,0.008387028239667416,0.19372141361236572
97,-0.47633838653564453,-0.49164706468582153,0.007608936633914709,0.007699732668697834,0.19365136325359344
98,-0.5023524761199951,-0.5234798192977905,0.010426738299429417,0.010700570419430733,0.19358119368553162
99,-0.5291232466697693,-0.5353173017501831,0.0031218952499330044,0.0030721663497388363,0.19351089000701904
100,-0.5497888326644897,-0.5589428544044495,0.0046285539865493774,0.004525507800281048,0.1934402883052826
101,-0.5073744654655457,-0.514982283115387,0.0037315369118005037,0.0038762870244681835,0.19336988031864166
102,-0.5100445747375488,-0.5301153659820557,0.010331409983336926,0.009739389643073082,0.19329959154129028
103,-0.5284408330917358,-0.5414256453514099,0.006702452432364225,0.006282387766987085,0.1932293176651001
104,-0.5362233519554138,-0.5434525012969971,0.0033833435736596584,0.003845830913633108,0.19315911829471588
105,-0.5519386529922485,-0.5579991340637207,0.0032084814738482237,0.0028520210180431604,0.19308887422084808
106,-0.5375590920448303,-0.545947253704071,0.004376214928925037,0.004011951852589846,0.19301873445510864
107,-0.5431561470031738,-0.5580272674560547,0.007536121644079685,0.007334993686527014,0.19294863939285278
108,-0.5674493908882141,-0.5753660202026367,0.0039759790524840355,0.0039406344294548035,0.19287849962711334
109,-0.5513684153556824,-0.5577922463417053,0.0030957628041505814,0.0033280765637755394,0.19280846416950226
110,-0.5502482056617737,-0.5673263072967529,0.008625764399766922,0.008452379144728184,0.19273851811885834
111,-0.5826163291931152,-0.5923432111740112,0.004838081076741219,0.004888795781880617,0.19266842305660248
112,-0.5503325462341309,-0.5686554312705994,0.009253452531993389,0.009069462306797504,0.19259843230247498
113,-0.5730080008506775,-0.5776603817939758,0.0025012483820319176,0.002151102526113391,0.19252847135066986
114,-0.559444785118103,-0.5722843408584595,0.006809135898947716,0.006030440330505371,0.1924586147069931
115,-0.5802189111709595,-0.586303174495697,0.0033436506055295467,0.0027406334411352873,0.19238874316215515
116,-0.536560595035553,-0.5819223523139954,0.022480890154838562,0.02288084290921688,0.19231897592544556
117,-0.5876854658126831,-0.5940370559692383,0.0031398783903568983,0.003211742267012596,0.19224923849105835
118,-0.5885264873504639,-0.594613254070282,0.0031784705352038145,0.0029082929249852896,0.19217956066131592
119,-0.5934582352638245,-0.6005426049232483,0.0035144169814884663,0.003569951979443431,0.1921098828315735
120,-0.593556821346283,-0.5968600511550903,0.0016216308576986194,0.0016816231654956937,0.19204024970531464
121,-0.5820233821868896,-0.5866219997406006,0.0023580400738865137,0.002240577945485711,0.1919708102941513
122,-0.5861454606056213,-0.6069325804710388,0.010324886068701744,0.010462213307619095,0.19190138578414917
123,-0.5998632311820984,-0.6041894555091858,0.002294640289619565,0.002031557960435748,0.19183199107646942
124,-0.5945228934288025,-0.6011424660682678,0.0034276756923645735,0.0031918685417622328,0.19176267087459564
125,-0.5987485647201538,-0.6056599020957947,0.0034199992660433054,0.0034913457930088043,0.19169344007968903
126,-0.5965327024459839,-0.6127561926841736,0.008399921469390392,0.007823582738637924,0.19162429869174957
127,-0.6073628664016724,-0.6179674863815308,0.005400113761425018,0.005204526707530022,0.1915552318096161
128,-0.6069657206535339,-0.6127524971961975,0.0029239347204566,0.0028628548607230186,0.19148631393909454
129,-0.6117678880691528,-0.6191105246543884,0.003535707714036107,0.0038069752044975758,0.19141745567321777
130,-0.6074271202087402,-0.6138710379600525,0.0032700581941753626,0.0031738728284835815,0.19134868681430817
131,-0.6010581254959106,-0.6045257449150085,0.00172570557333529,0.001741881249472499,0.1912800669670105
132,-0.6169207692146301,-0.6228247880935669,0.0031112295109778643,0.0027927556075155735,0.19121140241622925
133,-0.5997961163520813,-0.6056270599365234,0.002775938017293811,0.003054992062970996,0.19114287197589874
134,-0.6158426403999329,-0.6211775541305542,0.002798006171360612,0.002536892658099532,0.19107438623905182
135,-0.594048023223877,-0.60807204246521,0.0070237633772194386,0.007000274024903774,0.19100609421730042
136,-0.6198373436927795,-0.626603364944458,0.0033633802086114883,0.0034026321955025196,0.19093778729438782
137,-0.6013981699943542,-0.612847089767456,0.005736209452152252,0.005712713580578566,0.19086970388889313
138,-0.6088987588882446,-0.6173280477523804,0.004239946603775024,0.004189354833215475,0.19080181419849396
139,-0.6024231910705566,-0.6090437173843384,0.0034055185969918966,0.003214993979781866,0.19073420763015747
140,-0.6118836998939514,-0.6208729147911072,0.004711301997303963,0.004277901723980904,0.19066669046878815
141,-0.6209900379180908,-0.6303026676177979,0.004619295708835125,0.004693330265581608,0.1905992329120636
142,-0.6183516383171082,-0.6280786991119385,0.004891513381153345,0.004835548344999552,0.1905319094657898
143,-0.6204788088798523,-0.623735785484314,0.001670710975304246,0.0015862328000366688,0.19046473503112793
144,-0.6140148043632507,-0.6194196939468384,0.0027985493652522564,0.0026063036639243364,0.1903977245092392
145,-0.6357840299606323,-0.6396306753158569,0.00218561920337379,0.0016610118327662349,0.19033056497573853
146,-0.6028492450714111,-0.6101610064506531,0.0035527977161109447,0.003758955281227827,0.1902635544538498
147,-0.627954363822937,-0.6340230703353882,0.0029163879808038473,0.003152335062623024,0.19019649922847748
148,-0.6067619323730469,-0.6108995079994202,0.0023362517822533846,0.0018013084772974253,0.19012966752052307
149,-0.6106686592102051,-0.6171082854270935,0.0031802388839423656,0.0032593347132205963,0.19006295502185822
150,-0.6111438274383545,-0.6163362264633179,0.002518630586564541,0.0026737379375845194,0.18999628722667694
151,-0.616066575050354,-0.6214447021484375,0.0026199903804808855,0.002758135087788105,0.18992961943149567
152,-0.6245660185813904,-0.6276870369911194,0.0014540515840053558,0.0016669421456754208,0.18986308574676514
153,-0.6206985116004944,-0.6270325183868408,0.003256899304687977,0.0030770774465054274,0.18979662656784058
154,-0.622762143611908,-0.6285314559936523,0.002923348220065236,0.002845926210284233,0.18973025679588318
155,-0.6270739436149597,-0.6314651966094971,0.0023063612170517445,0.002084923442453146,0.18966399133205414
156,-0.6416424512863159,-0.6463401913642883,0.0021810270845890045,0.002516683656722307,0.18959783017635345
157,-0.6479234099388123,-0.650201141834259,0.0009595322189852595,0.0013182166730985045,0.1895318478345871
158,-0.6471794247627258,-0.6558600068092346,0.0043925452046096325,0.004288021009415388,0.18946592509746552
159,-0.6435003280639648,-0.6484115719795227,0.002627741079777479,0.0022835296113044024,0.1894000917673111
160,-0.6428351402282715,-0.6478433609008789,0.002576859900727868,0.0024313335306942463,0.189334437251091
161,-0.6329936385154724,-0.6439347267150879,0.005484628491103649,0.005456425715237856,0.18926891684532166
162,-0.6445220112800598,-0.6526172161102295,0.004545406438410282,0.003549832385033369,0.18920351564884186
163,-0.6442322731018066,-0.6480063796043396,0.0018955154810100794,0.001878648530691862,0.1891382336616516
164,-0.6418578028678894,-0.6459769606590271,0.002183983102440834,0.001935205073095858,0.18907307088375092
165,-0.6399895548820496,-0.6503492593765259,0.00534270703792572,0.0050169723108410835,0.1890079826116562
166,-0.6588322520256042,-0.6622656583786011,0.0017080095130950212,0.0017253942787647247,0.18894292414188385
167,-0.6502679586410522,-0.6556494235992432,0.0029950302559882402,0.0023864535614848137,0.1888779252767563
168,-0.6438133716583252,-0.6476712226867676,0.0018898998387157917,0.001967937219887972,0.1888129860162735
169,-0.6555889844894409,-0.6589391231536865,0.0017731841653585434,0.0015769714955240488,0.1887480765581131
170,-0.6478729844093323,-0.6571692228317261,0.004472283646464348,0.004824007861316204,0.18868319690227509
171,-0.6491879820823669,-0.6523870825767517,0.0015949673252180219,0.0016041219932958484,0.18861840665340424
172,-0.6507740020751953,-0.6558399200439453,0.002537911292165518,0.002527988515794277,0.18855369091033936
173,-0.6440540552139282,-0.6470261812210083,0.0016166861169040203,0.0013554791221395135,0.1884891837835312
174,-0.6457298994064331,-0.6486474275588989,0.0015533934347331524,0.0013640930410474539,0.18842479586601257
175,-0.6617305278778076,-0.6652244925498962,0.0018776535289362073,0.0016163212712854147,0.18836036324501038
176,-0.6434446573257446,-0.6471633911132812,0.0018857745453715324,0.0018329889280721545,0.18829606473445892
177,-0.650968611240387,-0.6583229899406433,0.0037842399906367064,0.0035701440647244453,0.18823179602622986
178,-0.6355918049812317,-0.645393967628479,0.004977315664291382,0.004824812524020672,0.1881677210330963
179,-0.6502362489700317,-0.6609131097793579,0.00544353574514389,0.00523337023332715,0.18810370564460754
180,-0.6695372462272644,-0.6755089163780212,0.0028918397147208452,0.0030798076186329126,0.18803972005844116
181,-0.6490217447280884,-0.6526237726211548,0.0016966144321486354,0.0019054680597037077,0.1879758983850479
182,-0.6689478754997253,-0.6792269945144653,0.005023295991122723,0.005255809053778648,0.18791206181049347
183,-0.6847770810127258,-0.6897729635238647,0.0024952327366918325,0.0025006546638906,0.18784822523593903
184,-0.686202347278595,-0.6904996037483215,0.0022335266694426537,0.0020637698471546173,0.18778441846370697
185,-0.6848717927932739,-0.6912555694580078,0.0030944275204092264,0.0032893477473407984,0.1877206265926361
186,-0.6660283207893372,-0.6703492403030396,0.0022163745015859604,0.002104545012116432,0.18765698373317719
187,-0.6668058037757874,-0.6719245314598083,0.0027556491550058126,0.0023631127551198006,0.18759343028068542
188,-0.650789737701416,-0.6552785634994507,0.002249575685709715,0.0022392026148736477,0.1875300258398056
189,-0.6644608974456787,-0.6787404417991638,0.006861454341560602,0.007418090011924505,0.1874665915966034
190,-0.6664644479751587,-0.6753169894218445,0.004237185698002577,0.0046153501607477665,0.18740315735340118
191,-0.6503552794456482,-0.6656088829040527,0.00756087526679039,0.007692782673984766,0.1873399019241333
192,-0.6596884727478027,-0.6696198582649231,0.00497041130438447,0.004960958380252123,0.18727678060531616
193,-0.6753972768783569,-0.6790393590927124,0.0019920049235224724,0.001650120597332716,0.187213733792305
194,-0.7058429718017578,-0.7111818194389343,0.0027714562602341175,0.002567431190982461,0.18715059757232666
195,-0.6925008893013,-0.6952105760574341,0.00140220089815557,0.001307484693825245,0.18708749115467072
196,-0.6860321164131165,-0.6882531642913818,0.0009888114873319864,0.001232190290465951,0.18702448904514313
197,-0.6875682473182678,-0.691615879535675,0.0020444917026907206,0.002003129804506898,0.1869616061449051
198,-0.6846834421157837,-0.6880471110343933,0.0015193960862234235,0.0018442594446241856,0.18689875304698944
199,-0.6894445419311523,-0.6941978931427002,0.0023922740947455168,0.002361055463552475,0.18683594465255737
200,-0.6735830903053284,-0.6817274689674377,0.004208149388432503,0.003936238586902618,0.18677324056625366
201,-0.6822810173034668,-0.688603937625885,0.0031243476551026106,0.0031985824462026358,0.18671059608459473
202,-0.6965552568435669,-0.7001855969429016,0.0021857814863324165,0.001444549998268485,0.1866479367017746
203,-0.6695370674133301,-0.6753729581832886,0.003037769813090563,0.0027981505263596773,0.18658539652824402
204,-0.6819145679473877,-0.685093104839325,0.001364614232443273,0.0018139202147722244,0.1865229457616806
205,-0.6748548746109009,-0.6809003949165344,0.0031363326124846935,0.002909200033172965,0.18646061420440674
206,-0.6778399348258972,-0.6883901357650757,0.005233887583017349,0.005316297989338636,0.18639835715293884
207,-0.6989262104034424,-0.7037315964698792,0.0024521807208657265,0.002353167627006769,0.18633608520030975
208,-0.6849468350410461,-0.6962452530860901,0.005842793732881546,0.005455630831420422,0.18627391755580902
209,-0.7192440629005432,-0.7226528525352478,0.001588943530805409,0.0018198546022176743,0.1862117350101471
210,-0.6856274604797363,-0.6927851438522339,0.00329970452003181,0.0038579548709094524,0.1861496865749359
211,-0.6841289401054382,-0.6914541721343994,0.0037590551655739546,0.0035662297159433365,0.18608780205249786
212,-0.7112210988998413,-0.7176797986030579,0.0031397801358252764,0.0033188965171575546,0.18602591753005981
213,-0.6944440603256226,-0.6989791393280029,0.0024159443564713,0.0021191383711993694,0.1859641671180725
214,-0.6941571235656738,-0.6994783878326416,0.0029464922845363617,0.002374739618971944,0.1859024614095688
215,-0.6878502368927002,-0.6912539005279541,0.0017535003134980798,0.0016501386417075992,0.18584081530570984
216,-0.6958121657371521,-0.7017978429794312,0.003019444178789854,0.0029662393499165773,0.1857791692018509
217,-0.6895041465759277,-0.6952857375144958,0.0029350612312555313,0.002846516203135252,0.18571756780147552
218,-0.6881084442138672,-0.6913475394248962,0.0016687887255102396,0.0015703048557043076,0.18565604090690613
219,-0.6940010190010071,-0.6973937153816223,0.0017065292922779918,0.001686176168732345,0.18559454381465912
220,-0.7022431492805481,-0.7076610922813416,0.0026313387788832188,0.002786593046039343,0.18553300201892853
221,-0.7001658082008362,-0.7034724950790405,0.001673911465331912,0.0016327670309692621,0.18547146022319794
222,-0.7124220132827759,-0.7164504528045654,0.0021364318672567606,0.0018920503789559007,0.18540987372398376
223,-0.7073897123336792,-0.7119631171226501,0.0023242325987666845,0.0022491959389299154,0.18534837663173676
224,-0.7112436890602112,-0.717200756072998,0.0029411446303129196,0.003015939611941576,0.18528695404529572
225,-0.7044946551322937,-0.7090091705322266,0.002347684931010008,0.0021668223198503256,0.18522565066814423
226,-0.7043119072914124,-0.7086135745048523,0.0021698479540646076,0.0021317957434803247,0.18516448140144348
227,-0.7154369950294495,-0.718944787979126,0.001709166681393981,0.0017986324382945895,0.18510332703590393
228,-0.7150586247444153,-0.7202025055885315,0.0024709259159862995,0.002672952599823475,0.18504220247268677
229,-0.7087256908416748,-0.7244554162025452,0.008030804805457592,0.007698900997638702,0.1849810630083084
230,-0.7116482257843018,-0.7169580459594727,0.002527977339923382,0.002781879622489214,0.18491996824741364
231,-0.7186915278434753,-0.7239353060722351,0.0026662286836653948,0.0025775216054171324,0.18485891819000244
232,-0.7128859162330627,-0.7211787104606628,0.003970969934016466,0.004321793559938669,0.18479792773723602
233,-0.7269827723503113,-0.7296391725540161,0.0011680517345666885,0.0014883473049849272,0.18473690748214722
234,-0.7056335210800171,-0.7119060754776001,0.0031389875803142786,0.003133597318083048,0.18467599153518677
235,-0.7111638784408569,-0.7171960473060608,0.0030784904956817627,0.0029536234214901924,0.18461522459983826
236,-0.7214900255203247,-0.7308794856071472,0.0046826815232634544,0.0047067804262042046,0.18455442786216736
237,-0.7305112481117249,-0.7369515299797058,0.003427550196647644,0.003012702101841569,0.18449363112449646
238,-0.7296359539031982,-0.733292281627655,0.0018190806731581688,0.0018372338963672519,0.18443286418914795
239,-0.7256386876106262,-0.7472391724586487,0.010869169607758522,0.010731316171586514,0.18437206745147705
240,-0.7279279828071594,-0.7374229431152344,0.004795484244823456,0.00469948910176754,0.18431133031845093
241,-0.7298950552940369,-0.7362353801727295,0.003227619221433997,0.003112717065960169,0.18425069749355316
242,-0.7448793053627014,-0.7497089505195618,0.0025863563641905785,0.002243293449282646,0.18418997526168823
243,-0.7349789142608643,-0.7402605414390564,0.0027837695088237524,0.00249783368781209,0.18412934243679047
244,-0.7326096892356873,-0.7440319061279297,0.005856900941580534,0.005565344356000423,0.1840687245130539
245,-0.7438526749610901,-0.7486717700958252,0.0025247298181056976,0.0022943513467907906,0.18400803208351135
246,-0.7490604519844055,-0.7517213821411133,0.0013617037329822779,0.0012991743860766292,0.18394735455513
247,-0.724639356136322,-0.728484034538269,0.0018339856760576367,0.0020106893498450518,0.18388678133487701
248,-0.7237653732299805,-0.7293751239776611,0.0029372640419751406,0.0026725067291408777,0.1838262975215912
249,-0.718004047870636,-0.7201417684555054,0.0011375033063814044,0.0010002233320847154,0.18376591801643372
250,-0.7075822949409485,-0.7163759469985962,0.004111936781555414,0.004681713413447142,0.1837056428194046
251,-0.7139744758605957,-0.7182479500770569,0.0019930966664105654,0.0022803775500506163,0.18364550173282623
252,-0.7183114290237427,-0.7286149263381958,0.005057863425463438,0.005245635751634836,0.18358543515205383
253,-0.7276570200920105,-0.7295864820480347,0.0010117375059053302,0.0009177087340503931,0.18352556228637695
254,-0.7493960857391357,-0.7535448670387268,0.0019427029183134437,0.0022060999181121588,0.18346567451953888
255,-0.7408005595207214,-0.7437587976455688,0.0014677154831588268,0.0014905408024787903,0.18340589106082916
256,-0.7766475677490234,-0.7800889015197754,0.0017134427325800061,0.0017278622835874557,0.18334589898586273
257,-0.7508110404014587,-0.754459798336029,0.0018302525859326124,0.001818477176129818,0.18328596651554108
258,-0.7522522211074829,-0.7585130333900452,0.0029302616603672504,0.0033305478282272816,0.18322612345218658
259,-0.7393519878387451,-0.7444676160812378,0.0024287861306220293,0.0026868823915719986,0.18316644430160522
260,-0.7573349475860596,-0.7604677677154541,0.001633225940167904,0.0014995777746662498,0.1831066906452179
261,-0.7374739646911621,-0.740615963935852,0.0014722230844199657,0.001669764518737793,0.1830470860004425
262,-0.72691410779953,-0.7327483892440796,0.0027606869116425514,0.003073546104133129,0.18298758566379547
263,-0.7377690672874451,-0.741341769695282,0.0017612767405807972,0.0018114680424332619,0.18292807042598724
264,-0.7524776458740234,-0.756686806678772,0.0019414181588217616,0.0022677239030599594,0.18286843597888947
265,-0.7419530749320984,-0.7457343339920044,0.001951660611666739,0.0018296214984729886,0.1828087419271469
266,-0.7396936416625977,-0.7456979155540466,0.0027996827848255634,0.003204598091542721,0.18274909257888794
267,-0.7359249591827393,-0.7484980821609497,0.006328351330012083,0.006244800053536892,0.18268945813179016
268,-0.7466025352478027,-0.7540051937103271,0.0034392939414829016,0.003963357303291559,0.18262998759746552
269,-0.7633403539657593,-0.7706266045570374,0.0036743036471307278,0.0036119031719863415,0.18257050216197968
270,-0.7723175883293152,-0.7788293361663818,0.003374268766492605,0.003137469757348299,0.18251103162765503
271,-0.77173912525177,-0.7785664200782776,0.0033345171250402927,0.003492794930934906,0.18245160579681396
272,-0.7576733231544495,-0.7631722092628479,0.0025767271872609854,0.0029221968725323677,0.18239229917526245
273,-0.762945830821991,-0.7684820890426636,0.002724223304539919,0.0028120242059230804,0.1823330968618393
274,-0.7513117790222168,-0.7549431324005127,0.0019350055372342467,0.0016963467933237553,0.1822739839553833
275,-0.7490649223327637,-0.751867413520813,0.0015038314741104841,0.001298642484471202,0.1822148710489273
276,-0.7372763156890869,-0.7402247190475464,0.0014373994199559093,0.0015109903179109097,0.1821558028459549
277,-0.7429472804069519,-0.7539816498756409,0.005403498653322458,0.005630857311189175,0.18209680914878845
278,-0.7433479428291321,-0.7526295781135559,0.004609214141964912,0.004672435577958822,0.1820378452539444
279,-0.7468969821929932,-0.7569690942764282,0.005227782763540745,0.004844313487410545,0.1819790154695511
280,-0.7711095213890076,-0.7775949239730835,0.0031205937266349792,0.0033648109529167414,0.18192017078399658
281,-0.7739529609680176,-0.7807325124740601,0.003461207030341029,0.0033183731138706207,0.18186135590076447
282,-0.789291262626648,-0.7947894930839539,0.002639297628775239,0.0028589358553290367,0.18180254101753235
283,-0.774226188659668,-0.7859280705451965,0.005572065711021423,0.006129798013716936,0.1817437708377838
284,-0.7847619652748108,-0.7898919582366943,0.0025098267942667007,0.002620158949866891,0.18168504536151886
285,-0.7978209853172302,-0.802941083908081,0.002432627370581031,0.00268744514323771,0.1816263049840927
286,-0.7679577469825745,-0.7744539976119995,0.00343406293541193,0.0030621616169810295,0.18156763911247253
287,-0.7692397236824036,-0.7757499814033508,0.003338886657729745,0.003171396441757679,0.18150904774665833
288,-0.7799966931343079,-0.7845786809921265,0.002260534791275859,0.00232147634960711,0.1814504861831665
289,-0.7721324563026428,-0.777255654335022,0.0026959816459566355,0.002427240600809455,0.18139193952083588
290,-0.7639108300209045,-0.7686157822608948,0.002291683340445161,0.0024132721591740847,0.18133343756198883
291,-0.7834261059761047,-0.7871326804161072,0.001848518499173224,0.0018580373143777251,0.18127484619617462
292,-0.7617589235305786,-0.7748873233795166,0.006526247598230839,0.006602186243981123,0.1812163144350052
293,-0.7667075395584106,-0.7725095748901367,0.002891920506954193,0.0029101192485541105,0.18115782737731934
294,-0.7737120985984802,-0.7788424491882324,0.002759586088359356,0.0023707596119493246,0.18109945952892303
295,-0.7797606587409973,-0.7836600542068481,0.0018426170572638512,0.0020567497704178095,0.1810411810874939
296,-0.7912701964378357,-0.7954599857330322,0.001967345830053091,0.002222413895651698,0.18098294734954834
297,-0.7942792773246765,-0.7986462116241455,0.002132470952346921,0.002234437968581915,0.18092474341392517
298,-0.7905529737472534,-0.7933133840560913,0.0012573422864079475,0.001503031817264855,0.18086662888526917
299,-0.7981880307197571,-0.8024026155471802,0.0022566025145351887,0.001957969507202506,0.18080851435661316
300,-0.7950921058654785,-0.8016107082366943,0.003184299450367689,0.003334302455186844,0.18075037002563477
301,-0.7749501466751099,-0.7788943648338318,0.00195874716155231,0.0019855163991451263,0.18069233000278473
302,-0.7788042426109314,-0.780936062335968,0.0010866076918318868,0.0010452237911522388,0.18063434958457947
303,-0.783018171787262,-0.7863338589668274,0.0017373627051711082,0.0015783107373863459,0.180576354265213
304,-0.7853975892066956,-0.7909820079803467,0.002858423627912998,0.002726028673350811,0.1805182546377182
305,-0.7815099954605103,-0.7856082916259766,0.0020067133009433746,0.002091590315103531,0.18046016991138458
306,-0.761894702911377,-0.767793595790863,0.002843333873897791,0.0030555431731045246,0.18040217459201813
307,-0.7735982537269592,-0.7772148847579956,0.001681874506175518,0.0019347398774698377,0.18034417927265167
308,-0.7850660085678101,-0.7885361313819885,0.0017731657717376947,0.0016969327116385102,0.18028618395328522
309,-0.7976099252700806,-0.8017237782478333,0.002042111475020647,0.0020717135630548,0.1802280992269516
310,-0.7869668006896973,-0.7924687266349792,0.0027837525121867657,0.0027181352488696575,0.18017010390758514
311,-0.7960956692695618,-0.8004713654518127,0.0021409359760582447,0.0022347785998135805,0.18011215329170227
312,-0.799934446811676,-0.8053473830223083,0.002718163887038827,0.0026947895530611277,0.18005427718162537
313,-0.8034997582435608,-0.8060039281845093,0.001314085558988154,0.0011900459649041295,0.17999643087387085
314,-0.7998819947242737,-0.8067004084587097,0.0034342806320637465,0.003384099341928959,0.1799386590719223
315,-0.8283552527427673,-0.8304896950721741,0.0010783594334498048,0.0010560909286141396,0.1798807680606842
316,-0.8149567246437073,-0.8167544007301331,0.0009446526528336108,0.0008530104532837868,0.17982280254364014
317,-0.7820226550102234,-0.7855918407440186,0.0018094258848577738,0.0017597415717318654,0.17976492643356323
318,-0.7950677275657654,-0.8000415563583374,0.0026659644208848476,0.0023078666999936104,0.17970708012580872
319,-0.7809202671051025,-0.7858322262763977,0.0026070307940244675,0.002304911147803068,0.17964929342269897
320,-0.7824523448944092,-0.7875331044197083,0.0026279522571712732,0.0024527860805392265,0.179591566324234
321,-0.7727428078651428,-0.7812185287475586,0.004096542485058308,0.004379157442599535,0.1795339435338974
322,-0.8115310668945312,-0.8172315955162048,0.0027749824803322554,0.002925547305494547,0.17947623133659363
323,-0.8112999200820923,-0.8190422654151917,0.003863861318677664,0.0038784975185990334,0.17941854894161224
324,-0.824916660785675,-0.8312373757362366,0.003107131691649556,0.0032135650981217623,0.17936083674430847
325,-0.8161721229553223,-0.8202307224273682,0.0018742302199825644,0.0021844161674380302,0.17930318415164948
326,-0.8040788769721985,-0.8089567422866821,0.00252650398761034,0.0023513638880103827,0.17924565076828003
327,-0.8165478110313416,-0.8207735419273376,0.001861726283095777,0.0023639719001948833,0.17918816208839417
328,-0.8136672377586365,-0.8168598413467407,0.0014961024280637503,0.001696532592177391,0.1791307032108307
329,-0.7987493276596069,-0.8032170534133911,0.0021257097832858562,0.002342065330594778,0.17907336354255676
330,-0.7995597720146179,-0.8020174503326416,0.001191460993140936,0.0012662226799875498,0.17901606857776642
331,-0.7932563424110413,-0.798241376876831,0.0023561883717775345,0.0026288556400686502,0.17895886301994324
332,-0.7779493927955627,-0.7854077219963074,0.003619035007432103,0.0038393274880945683,0.1789017915725708
333,-0.7800956964492798,-0.7837986350059509,0.0017098522512242198,0.001993045210838318,0.17884483933448792
334,-0.7971713542938232,-0.8014073371887207,0.001981476554647088,0.002254471881315112,0.17878791689872742
335,-0.796614408493042,-0.7991037368774414,0.0013211830519139767,0.0011681196046993136,0.1787310689687729
336,-0.8019970655441284,-0.8040350675582886,0.001066115335561335,0.0009719363297335804,0.17867429554462433
337,-0.8023443818092346,-0.8048537969589233,0.0013731470098719,0.0011362559162080288,0.17861759662628174
338,-0.8111007213592529,-0.8151921629905701,0.0020238643046468496,0.0020675654523074627,0.17856088280677795
339,-0.8144092559814453,-0.8184407949447632,0.002061482984572649,0.0019700562115758657,0.17850421369075775
340,-0.8167435526847839,-0.8207603096961975,0.0020606101024895906,0.0019561676308512688,0.17844761908054352
341,-0.8228501677513123,-0.8260072469711304,0.0014769721310585737,0.0016801555175334215,0.17839108407497406
342,-0.8226523399353027,-0.8251097798347473,0.0012143715284764767,0.0012430647620931268,0.1783345639705658
343,-0.816119372844696,-0.8265662789344788,0.005408903118222952,0.0050380295142531395,0.1782781034708023
344,-0.8245560526847839,-0.8303492665290833,0.0028149799909442663,0.002978184027597308,0.1782216876745224
345,-0.8402661681175232,-0.8479059338569641,0.0037226679269224405,0.003917085472494364,0.1781652271747589
346,-0.8402564525604248,-0.8435050845146179,0.001536803087219596,0.0017118591349571943,0.17810872197151184
347,-0.8327199220657349,-0.8360803723335266,0.0017517153173685074,0.0016087583499029279,0.17805221676826477
348,-0.849659264087677,-0.8532889485359192,0.001712229335680604,0.0019174781627953053,0.17799559235572815
349,-0.8187491297721863,-0.824680507183075,0.0029760904144495726,0.0029552532359957695,0.1779390275478363
350,-0.8310142755508423,-0.8361906409263611,0.0024480530992150307,0.0027283073868602514,0.1778823882341385
351,-0.8245132565498352,-0.8301961421966553,0.002978899981826544,0.002703963778913021,0.17782577872276306
352,-0.8405174016952515,-0.8443958163261414,0.0017884224653244019,0.0020899621304124594,0.17776916921138763
353,-0.8395399451255798,-0.8456970453262329,0.0032746007200330496,0.0028824773617088795,0.17771250009536743
354,-0.8285035490989685,-0.8357061147689819,0.0035435007885098457,0.0036590874660760164,0.17765599489212036
355,-0.8422814011573792,-0.8535397052764893,0.005723557434976101,0.005534779280424118,0.17759950459003448
356,-0.8372409343719482,-0.8538656830787659,0.008081640116870403,0.008543131873011589,0.1775430589914322
357,-0.8658696413040161,-0.8730667233467102,0.0036126067861914635,0.003584528574720025,0.17748664319515228
358,-0.8469701409339905,-0.855290412902832,0.004303745925426483,0.004016542341560125,0.17743033170700073
359,-0.8402530550956726,-0.8458375334739685,0.002834768034517765,0.002749681705608964,0.17737412452697754
360,-0.8280019760131836,-0.8327772617340088,0.0024701205547899008,0.002305136062204838,0.17731808125972748
361,-0.8322575688362122,-0.8422707915306091,0.005348201375454664,0.004665033891797066,0.1772620528936386
362,-0.840194046497345,-0.8419409990310669,0.0008376167388632894,0.0009093096014112234,0.17720599472522736
363,-0.8392618894577026,-0.8428184986114502,0.0017130364431068301,0.0018435628153383732,0.1771499216556549
364,-0.840437114238739,-0.849319577217102,0.004138138145208359,0.004744349978864193,0.17709386348724365
365,-0.8602760434150696,-0.8640669584274292,0.0018011280335485935,0.0019897862803190947,0.17703776061534882
366,-0.8514350056648254,-0.8587632179260254,0.0038433577865362167,0.0034848619252443314,0.17698174715042114
367,-0.8614526987075806,-0.8669631481170654,0.002696176990866661,0.0028142821975052357,0.17692580819129944
368,-0.8758859634399414,-0.8822078108787537,0.0030228635296225548,0.0032989748287945986,0.17686979472637177
369,-0.8586354851722717,-0.8628659844398499,0.0019124377286061645,0.0023180681746453047,0.17681385576725006
370,-0.8433790802955627,-0.8484001159667969,0.0023515294305980206,0.0026695169508457184,0.17675791680812836
371,-0.8220182061195374,-0.8266071081161499,0.002370196394622326,0.0022187181748449802,0.1767021119594574
372,-0.8357673287391663,-0.83943110704422,0.0017469518352299929,0.0019168185535818338,0.17664633691310883
373,-0.8214404582977295,-0.8270091414451599,0.0027276678010821342,0.002841013018041849,0.176590695977211
374,-0.8316940665245056,-0.8403669595718384,0.004320117179304361,0.004352757707238197,0.17653509974479675
375,-0.8659668564796448,-0.874997615814209,0.004381359554827213,0.004649398848414421,0.17647936940193176
376,-0.8505688905715942,-0.8526849746704102,0.001085032825358212,0.0010310268262401223,0.17642372846603394
377,-0.8465852737426758,-0.8498565554618835,0.001699106185697019,0.001572218257933855,0.1763681322336197
378,-0.8477408289909363,-0.8532405495643616,0.002746483078226447,0.0027532600797712803,0.17631259560585022
379,-0.8565809726715088,-0.8592350482940674,0.0013497660402208567,0.0013043429935351014,0.17625708878040314
380,-0.8545770049095154,-0.8618061542510986,0.0036112626548856497,0.003617853857576847,0.17620161175727844
381,-0.8692961931228638,-0.8759735226631165,0.003304457990452647,0.0033728759735822678,0.17614611983299255
382,-0.8709297180175781,-0.8772053122520447,0.0031465901993215084,0.003128994954749942,0.17609059810638428
383,-0.8670634627342224,-0.8711285591125488,0.002016722224652767,0.0020483590196818113,0.17603503167629242
384,-0.8634455800056458,-0.8685888648033142,0.0026139214169234037,0.002529365476220846,0.17597952485084534
385,-0.866978108882904,-0.8707607984542847,0.0019630335737019777,0.0018196541350334883,0.17592397332191467
386,-0.860938310623169,-0.8633176684379578,0.0012426497414708138,0.0011367007391527295,0.17586839199066162
387,-0.8381954431533813,-0.8447176814079285,0.0031126963440328836,0.0034095703158527613,0.17581284046173096
388,-0.841232419013977,-0.846687912940979,0.0028911365661770105,0.0025643811095505953,0.17575737833976746
389,-0.8341346383094788,-0.8458166122436523,0.00564925791695714,0.006032699719071388,0.1757020205259323
390,-0.8609558939933777,-0.8697909116744995,0.004471631720662117,0.004363349638879299,0.17564669251441956
391,-0.8744193911552429,-0.8773515224456787,0.0015688298735767603,0.0013632489135488868,0.17559140920639038
392,-0.8712422847747803,-0.8830782175064087,0.006020820699632168,0.0058151064440608025,0.17553621530532837
393,-0.8725327849388123,-0.8808549642562866,0.0044406745582818985,0.003881532233208418,0.17548111081123352
394,-0.8886352777481079,-0.8906587958335876,0.000915399519726634,0.0011081246193498373,0.17542602121829987
395,-0.8989459872245789,-0.9026620984077454,0.0017276372527703643,0.0019884409848600626,0.17537085711956024
396,-0.8879601955413818,-0.8954863548278809,0.0038036045152693987,0.0037225200794637203,0.17531564831733704
397,-0.872347354888916,-0.8796137571334839,0.003600235329940915,0.003666175529360771,0.17526045441627502
398,-0.8725581765174866,-0.8756558895111084,0.0016114283353090286,0.001486273598857224,0.1752053201198578
399,-0.8558638691902161,-0.8611648082733154,0.0027021190617233515,0.0025988235138356686,0.17515023052692413
400,-0.8609832525253296,-0.8636565804481506,0.001312491251155734,0.0013608156004920602,0.17509514093399048
401,-0.8696039319038391,-0.876724123954773,0.0035666925832629204,0.003553517395630479,0.17504003643989563
402,-0.8697263598442078,-0.875430166721344,0.002828744472935796,0.0028751029167324305,0.17498494684696198
403,-0.8743133544921875,-0.8809852004051208,0.0033574902918189764,0.0033143593464046717,0.17492994666099548
404,-0.8942015767097473,-0.9026022553443909,0.004468929022550583,0.003931783605366945,0.1748749166727066
405,-0.8960850834846497,-0.9016158580780029,0.0028177592903375626,0.002713046269491315,0.1748199611902237
406,-0.8954622149467468,-0.8995007276535034,0.002047601854428649,0.0019909143447875977,0.17476503551006317
407,-0.9039548635482788,-0.9080725908279419,0.002190364059060812,0.0019273579819127917,0.17471003532409668
408,-0.9009342789649963,-0.9037414789199829,0.00140280497726053,0.0014044273411855102,0.17465506494045258
409,-0.8860043883323669,-0.8920090198516846,0.003247117390856147,0.0027574696578085423,0.17460012435913086
410,-0.8709561228752136,-0.8782580494880676,0.003634444670751691,0.0036675017327070236,0.1745452731847763
411,-0.8861238360404968,-0.8888391852378845,0.0013608232839033008,0.0013545334804803133,0.17449040710926056
412,-0.8722426891326904,-0.8762378096580505,0.0020159061532467604,0.001979229273274541,0.1744355708360672
413,-0.8945287466049194,-0.9013700485229492,0.0035628704354166985,0.003278431948274374,0.1743806004524231
414,-0.8845065236091614,-0.8927191495895386,0.004296564031392336,0.003916082438081503,0.1743256151676178
415,-0.8811086416244507,-0.8889481425285339,0.004029389470815659,0.0038101067766547203,0.1742706149816513
416,-0.8904621601104736,-0.8951894044876099,0.002466197358444333,0.0022610595915466547,0.1742156445980072
417,-0.9122553467750549,-0.9144467115402222,0.001170218805782497,0.0010211649350821972,0.17416055500507355
418,-0.8973066210746765,-0.9015757441520691,0.0020428686402738094,0.0022262223064899445,0.17410555481910706
419,-0.8928593993186951,-0.901123046875,0.004276080057024956,0.003987567964941263,0.17405065894126892
420,-0.904011607170105,-0.9080366492271423,0.001994700636714697,0.0020303362980484962,0.17399577796459198
421,-0.8954795002937317,-0.9008706212043762,0.002631674287840724,0.002759461523965001,0.17394094169139862
422,-0.8976239562034607,-0.9012920260429382,0.0017701400211080909,0.0018979135202243924,0.173886239528656
423,-0.8864806890487671,-0.8923636674880981,0.0029973150230944157,0.0028856515418738127,0.17383162677288055
424,-0.8912127017974854,-0.8955404758453369,0.0021646725945174694,0.0021631228737533092,0.1737770289182663
425,-0.8846577405929565,-0.8906397223472595,0.0029465309344232082,0.0030354424379765987,0.17372247576713562
426,-0.9151020050048828,-0.9233028888702393,0.004058341030031443,0.0041425516828894615,0.173667773604393
427,-0.9012772440910339,-0.9063761234283447,0.0022656815126538277,0.0028331903740763664,0.17361311614513397
428,-0.9106060862541199,-0.9144560098648071,0.0019961975049227476,0.0018536988645792007,0.17355844378471375
429,-0.914893627166748,-0.9179255962371826,0.0015355723444372416,0.001496381824836135,0.1735038161277771
430,-0.9051929712295532,-0.9113543033599854,0.0031214463524520397,0.003039869712665677,0.17344921827316284
431,-0.9176439642906189,-0.9236654043197632,0.002897205064073205,0.0031242435798048973,0.17339465022087097
432,-0.9006266593933105,-0.9045635461807251,0.0019790432415902615,0.0019578440114855766,0.17334012687206268
433,-0.9015848636627197,-0.9032342433929443,0.0008110561175271869,0.0008383576641790569,0.1732856184244156
434,-0.9025107026100159,-0.9054661393165588,0.0013868490932509303,0.001568622188642621,0.1732311099767685
435,-0.9026696085929871,-0.9114977121353149,0.00436975946649909,0.00445838738232851,0.1731766313314438
436,-0.8910127878189087,-0.8951363563537598,0.002056681551039219,0.00206692423671484,0.17312230169773102
437,-0.9053391218185425,-0.9078162312507629,0.001346978941000998,0.0011300919577479362,0.17306798696517944
438,-0.8982037305831909,-0.9029170274734497,0.0023034033365547657,0.002409899141639471,0.17301376163959503
439,-0.9216213226318359,-0.9242352843284607,0.0013958042254671454,0.0012181353522464633,0.17295946180820465
440,-0.898226261138916,-0.9046197533607483,0.003211379051208496,0.0031820964068174362,0.1729053258895874
441,-0.9113637208938599,-0.9243956208229065,0.006583573762327433,0.0064483084715902805,0.172851100564003
442,-0.9206088781356812,-0.924554705619812,0.0018984677735716105,0.0020473788026720285,0.17279687523841858
443,-0.9159017205238342,-0.9184155464172363,0.0013734945096075535,0.0011403397656977177,0.17274269461631775
444,-0.9207621216773987,-0.9238349199295044,0.0015325372805818915,0.0015402501448988914,0.1726885288953781
445,-0.9158514738082886,-0.9199020862579346,0.0019794348627328873,0.0020711838733404875,0.17263439297676086
446,-0.9132511615753174,-0.9176274538040161,0.002307959832251072,0.0020683363545686007,0.17258025705814362
447,-0.9169986248016357,-0.9203230738639832,0.0015788462478667498,0.0017456036293879151,0.17252610623836517
448,-0.9110170602798462,-0.9136544466018677,0.0013800929300487041,0.0012572911800816655,0.1724720150232315
449,-0.8990465402603149,-0.9167356491088867,0.00910019502043724,0.008588889613747597,0.17241790890693665
450,-0.9109908938407898,-0.9168667793273926,0.002952690701931715,0.0029231731314212084,0.17236387729644775
451,-0.9310279488563538,-0.9342860579490662,0.0015205626841634512,0.0017375315073877573,0.1723097860813141
452,-0.9344103336334229,-0.9386009573936462,0.0021127944346517324,0.0020778391044586897,0.1722557097673416
453,-0.9289677143096924,-0.9333438277244568,0.0022663914132863283,0.0021097289863973856,0.17220166325569153
454,-0.9270214438438416,-0.9312219619750977,0.002122553065419197,0.002077957382425666,0.1721477061510086
455,-0.9151089787483215,-0.9437291622161865,0.01415962353348732,0.014460568316280842,0.1720936894416809
456,-0.9489732384681702,-0.9526737928390503,0.0018153813434764743,0.0018852022476494312,0.17203965783119202
457,-0.9406909942626953,-0.9436245560646057,0.0016781999729573727,0.0012553443666547537,0.17198562622070312
458,-0.9327616691589355,-0.937482476234436,0.002322389278560877,0.0023984212893992662,0.17193162441253662
459,-0.9363996386528015,-0.9404782056808472,0.0020488572772592306,0.0020297085866332054,0.1718776673078537
460,-0.9399298429489136,-0.9419246912002563,0.0010286035249009728,0.0009662457159720361,0.17182372510433197
461,-0.9059696793556213,-0.9203783273696899,0.007234317250549793,0.007174286991357803,0.1717698872089386
462,-0.9342138171195984,-0.9381230473518372,0.001977201784029603,0.0019320343853905797,0.17171600461006165
463,-0.9282422065734863,-0.931598961353302,0.0017661391757428646,0.001590606290847063,0.17166219651699066
464,-0.9248059391975403,-0.9281983971595764,0.0015824231086298823,0.0018100321758538485,0.1716085970401764
465,-0.9369321465492249,-0.9401112794876099,0.0015363915590569377,0.0016427773516625166,0.17155498266220093
466,-0.9283749461174011,-0.9324297308921814,0.0020619698334485292,0.0019928121473640203,0.17150142788887024
467,-0.9251448512077332,-0.9302491545677185,0.002706734463572502,0.0023975898511707783,0.17144794762134552
468,-0.9232649207115173,-0.927715003490448,0.002190827392041683,0.002259264001622796,0.17139460146427155
469,-0.9325659275054932,-0.9348104000091553,0.001056335517205298,0.0011881293030455709,0.171341210603714
470,-0.9198758006095886,-0.9214494824409485,0.0007791062234900892,0.0007945842226035893,0.1712878942489624
471,-0.9255945086479187,-0.9270316362380981,0.0006108750239945948,0.0008262597839348018,0.17123456299304962
472,-0.9166826009750366,-0.920272707939148,0.0018589094979688525,0.0017311921110376716,0.1711813062429428
473,-0.9298630356788635,-0.9353309273719788,0.0028488754760473967,0.002619022037833929,0.17112810909748077
474,-0.9425627589225769,-0.9455041885375977,0.0016296026296913624,0.0013118470087647438,0.17107492685317993
475,-0.9517123699188232,-0.9556254148483276,0.0018027196638286114,0.0021103285253047943,0.1710217297077179
476,-0.9451426267623901,-0.948457658290863,0.0016473421128466725,0.0016676653176546097,0.17096853256225586
477,-0.9342367649078369,-0.9360429048538208,0.0009263459360226989,0.0008797511691227555,0.1709153652191162
478,-0.9278652667999268,-0.9308101534843445,0.0014575924724340439,0.0014872874598950148,0.17086224257946014
479,-0.9341119527816772,-0.9369442462921143,0.001425087684765458,0.0014072206104174256,0.17080911993980408
480,-0.9477814435958862,-0.9509366154670715,0.001521160826086998,0.0016340271104127169,0.17075589299201965
481,-0.9419199824333191,-0.947545051574707,0.0027631265111267567,0.00286190677434206,0.17070268094539642
482,-0.9575061798095703,-0.9632493853569031,0.0029133111238479614,0.002829933539032936,0.170649453997612
483,-0.951804518699646,-0.9534317851066589,0.0007282040896825492,0.0008990935748443007,0.17059631645679474
484,-0.9501640796661377,-0.9544724822044373,0.0021753201726824045,0.0021330451127141714,0.17054319381713867
485,-0.9615592360496521,-0.9654109477996826,0.0019097131444141269,0.0019419665914028883,0.170490100979805
486,-0.9503911733627319,-0.9535321593284607,0.001566288061439991,0.0015747133875265718,0.1704370230436325
487,-0.9708629846572876,-0.9739327430725098,0.0014662023168057203,0.0016035564476624131,0.17038388550281525
488,-0.9418523907661438,-0.9462710618972778,0.002264444949105382,0.0021542527247220278,0.17033076286315918
489,-0.9478724002838135,-0.9497376680374146,0.0009947268990799785,0.000870551448315382,0.1702776700258255
490,-0.9351680874824524,-0.9368683695793152,0.0008272464037872851,0.0008730466943234205,0.1702246367931366
491,-0.9568575620651245,-0.9606564044952393,0.0020027472637593746,0.0017960498807951808,0.17017154395580292
492,-0.947637140750885,-0.949042558670044,0.0007137155625969172,0.0006917350692674518,0.17011846601963043
493,-0.9578843712806702,-0.9638088941574097,0.0030293953604996204,0.0028951249551028013,0.17006541788578033
494,-0.9590476155281067,-0.9647648334503174,0.0030298775527626276,0.0026873527094721794,0.170012429356575
495,-0.9775053262710571,-0.9813177585601807,0.0020286350045353174,0.0017837679479271173,0.1699594259262085
496,-0.9782446026802063,-0.9809913635253906,0.0012655418831855059,0.0014812585432082415,0.1699063926935196
497,-0.9612731337547302,-0.9648878574371338,0.0017439223593100905,0.0018708074931055307,0.16985340416431427
498,-0.9581084847450256,-0.9603754281997681,0.001125074690207839,0.001141836284659803,0.16980049014091492
499,-0.9459251761436462,-0.9504551887512207,0.0022584465332329273,0.002271565143018961,0.16974762082099915
500,-0.960061252117157,-0.9641819000244141,0.0019806909840554,0.0021399909164756536,0.16969481110572815
501,-0.9556063413619995,-0.9593685269355774,0.0018062484450638294,0.0019558973144739866,0.16964203119277954
502,-0.9501323699951172,-0.9560521841049194,0.002875990467146039,0.0030438555404543877,0.16958929598331451
503,-0.9660296440124512,-0.9696318507194519,0.0017695509595796466,0.001832645502872765,0.16953657567501068
504,-0.9774950742721558,-0.9802133440971375,0.0013726626057177782,0.0013456552987918258,0.16948379576206207
505,-0.9596394896507263,-0.9627488851547241,0.0016489735571667552,0.0014604234602302313,0.16943110525608063
506,-0.9645792841911316,-0.9746119976043701,0.005098680499941111,0.004934028722345829,0.16937844455242157
507,-0.9779784679412842,-0.9816739559173584,0.0018091253004968166,0.0018863698933273554,0.16932576894760132
508,-0.9907858371734619,-0.9936180114746094,0.001496229786425829,0.001335943234153092,0.16927309334278107
509,-0.9776585698127747,-0.9817361235618591,0.0019892933778464794,0.0020882748067378998,0.16922041773796082
510,-0.9612695574760437,-0.9658093452453613,0.002348853973671794,0.0021909514907747507,0.16916786134243011
511,-0.9823172688484192,-0.9851473569869995,0.0014809919521212578,0.0013490925775840878,0.169115349650383
512,-0.9624702334403992,-0.9678468108177185,0.002757415873929858,0.00261915335431695,0.16906295716762543
513,-0.9794225692749023,-0.9856215715408325,0.0030556265264749527,0.0031433873809874058,0.1690104454755783
514,-0.9665202498435974,-0.9697149991989136,0.001686045783571899,0.0015086974017322063,0.1689578890800476
515,-0.9660729765892029,-0.9711847305297852,0.0026588004548102617,0.002452980959787965,0.1689053475856781
516,-0.9678900837898254,-0.9699176549911499,0.0009978667367249727,0.0010297184344381094,0.1688527911901474
517,-0.9788652062416077,-0.9829810857772827,0.0019861962646245956,0.0021296977065503597,0.16880030930042267
518,-0.9668962955474854,-0.9708185791969299,0.0020477911457419395,0.0018744922708719969,0.16874785721302032
519,-0.9783942699432373,-0.9813860654830933,0.0014592045918107033,0.0015326424036175013,0.16869542002677917
520,-0.97475266456604,-0.9777567386627197,0.0015244344249367714,0.0014796204632148147,0.1686430126428604
521,-0.9729454517364502,-0.9750984907150269,0.0010438921162858605,0.0011090936604887247,0.16859059035778046
522,-0.9688364863395691,-0.9719829559326172,0.0016629253514111042,0.0014835463371127844,0.16853821277618408
523,-0.9847317934036255,-0.9879144430160522,0.0015323803527280688,0.0016502677462995052,0.16848577558994293
524,-0.9840779304504395,-0.986904501914978,0.0015927362255752087,0.0012338277883827686,0.16843342781066895
525,-0.9904810786247253,-0.9971194267272949,0.003268444910645485,0.003369916696101427,0.16838106513023376
526,-0.9874370098114014,-0.9927151203155518,0.0026517475489526987,0.0026263706386089325,0.16832880675792694
527,-0.9853013157844543,-0.9973538517951965,0.006117921322584152,0.005934573709964752,0.1682765781879425
528,-0.9934676885604858,-0.9957966804504395,0.0011330483248457313,0.0011959822149947286,0.16822439432144165
529,-0.9963238835334778,-1.00240159034729,0.0030583743937313557,0.0030193247366696596,0.168172225356102
530,-0.9948270916938782,-1.0017985105514526,0.0036476971581578255,0.003323761047795415,0.16812004148960114
531,-0.9878106117248535,-0.9937632083892822,0.00293031451292336,0.003022280987352133,0.1680678427219391
532,-0.994559645652771,-0.9979276657104492,0.0016927162650972605,0.0016753145027905703,0.16801565885543823
533,-0.9825457334518433,-0.9876501560211182,0.0026453491300344467,0.0024590420071035624,0.16796354949474335
534,-0.9810032844543457,-0.9888163208961487,0.003957061562687159,0.003855991642922163,0.16791144013404846
535,-0.9964845180511475,-0.9978922605514526,0.0007153833867050707,0.0006923653418198228,0.1678593009710312
536,-0.9799291491508484,-0.9945935606956482,0.007578089367598295,0.007086336147040129,0.16780725121498108
537,-0.9994370937347412,-1.0011298656463623,0.0009257307392545044,0.0007669913466088474,0.16775523126125336
538,-1.0069329738616943,-1.0098168849945068,0.001493894960731268,0.0013899262994527817,0.1677032709121704
539,-0.9935158491134644,-0.9994032382965088,0.0028130554128438234,0.0030743316747248173,0.16765141487121582
540,-1.0106594562530518,-1.0201282501220703,0.005007453262805939,0.004461302421987057,0.16759957373142242
541,-1.0151642560958862,-1.0174882411956787,0.0013010009424760938,0.001022948301397264,0.16754771769046783
542,-1.0062235593795776,-1.011483907699585,0.002758028218522668,0.002502379473298788,0.16749584674835205
543,-0.9991523623466492,-1.0091763734817505,0.0050828717648983,0.0049411579966545105,0.16744396090507507
544,-0.9911274313926697,-0.9949862360954285,0.0020228710491210222,0.001835971837863326,0.16739217936992645
545,-0.9969973564147949,-1.0003396272659302,0.0016868996899574995,0.0016553783789277077,0.16734039783477783
546,-0.9814684391021729,-0.9865243434906006,0.002505918964743614,0.0025499830953776836,0.16728872060775757
547,-1.0025044679641724,-1.0068095922470093,0.0023550952319055796,0.0019500729395076632,0.1672370433807373
548,-1.0037708282470703,-1.0120311975479126,0.0043596443720161915,0.0039007295854389668,0.16718535125255585
549,-1.0105912685394287,-1.0133271217346191,0.0013926696265116334,0.0013431727420538664,0.16713371872901917
550,-1.0079667568206787,-1.0124541521072388,0.002323678694665432,0.002163712400943041,0.16708214581012726
551,-1.016517162322998,-1.0206375122070312,0.0020765983499586582,0.002043708460405469,0.16703058779239655
552,-1.0143704414367676,-1.01750648021698,0.001687135430984199,0.0014488482847809792,0.16697904467582703
553,-1.0122214555740356,-1.0150654315948486,0.0013872794806957245,0.001456702477298677,0.1669275164604187
554,-0.9946212768554688,-0.997177243232727,0.0013336309930309653,0.001222291961312294,0.16687600314617157
555,-0.9895018935203552,-0.9931393265724182,0.0018846070161089301,0.001752858399413526,0.1668245494365692
556,-0.9961223602294922,-0.9980220198631287,0.000972760608419776,0.0009269112488254905,0.16677303612232208
557,-1.012445330619812,-1.0176528692245483,0.002716868184506893,0.0024906133767217398,0.1667214334011078
558,-1.0102875232696533,-1.0123450756072998,0.001026286045089364,0.0010312488302588463,0.1666698157787323
559,-1.0160102844238281,-1.0201183557510376,0.00214701727963984,0.001961114350706339,0.1666182279586792
560,-1.0245250463485718,-1.026873230934143,0.001192958210594952,0.001155283534899354,0.1665666550397873
561,-1.037807583808899,-1.0432695150375366,0.0028609889559447765,0.002600944135338068,0.16651509702205658
562,-1.0241838693618774,-1.0263781547546387,0.0012224086094647646,0.000971857167314738,0.16646355390548706
563,-1.0166845321655273,-1.019283652305603,0.0013424844946712255,0.0012566435616463423,0.16641207039356232
564,-1.016295313835144,-1.0186630487442017,0.0012474051909521222,0.0011203341418877244,0.16636066138744354
565,-1.0120275020599365,-1.014505386352539,0.0012468574568629265,0.0012310880701988935,0.16630925238132477
566,-1.0127981901168823,-1.0170056819915771,0.0020932338666170835,0.002114327158778906,0.1662578582763672
567,-1.0073740482330322,-1.0095155239105225,0.0011912061600014567,0.0009501638123765588,0.1662064790725708
568,-0.9960497617721558,-1.0014852285385132,0.002686890074983239,0.0027485364116728306,0.166155144572258
569,-1.013222336769104,-1.0152446031570435,0.0009924264159053564,0.0010298751294612885,0.166103795170784
570,-1.02597975730896,-1.0286221504211426,0.001390957972034812,0.001251417794264853,0.16605240106582642
571,-1.042534589767456,-1.046547293663025,0.0019244523718953133,0.0020883299876004457,0.16600097715854645
572,-1.0312206745147705,-1.0339548587799072,0.0013854694552719593,0.0013486872194334865,0.16594953835010529
573,-1.03855299949646,-1.0426733493804932,0.002230581594631076,0.0018898758571594954,0.1658981442451477
574,-1.0159640312194824,-1.0190584659576416,0.00161766039673239,0.0014767737593501806,0.1658468395471573
575,-1.0230631828308105,-1.0273045301437378,0.0021898127160966396,0.002051557879894972,0.16579556465148926
576,-1.010211706161499,-1.0114413499832153,0.0006550388061441481,0.0005745756207033992,0.1657443344593048
577,-1.0284026861190796,-1.0311393737792969,0.001505571068264544,0.0012310941237956285,0.16569308936595917
578,-1.0140060186386108,-1.0157235860824585,0.0009440577123314142,0.0007735590916126966,0.1656418889760971
579,-1.020904302597046,-1.0235867500305176,0.0013995859771966934,0.0012828322360292077,0.16559070348739624
580,-1.0200895071029663,-1.0217642784118652,0.0008678901940584183,0.000806915108114481,0.16553953289985657
581,-1.0231781005859375,-1.0354975461959839,0.00633280910551548,0.005986721254885197,0.16548839211463928
582,-1.0476404428482056,-1.0511884689331055,0.0019125615945085883,0.0016354623949155211,0.16543720662593842
583,-1.0479670763015747,-1.0505170822143555,0.0013098942581564188,0.0012401220155879855,0.16538602113723755
584,-1.0461162328720093,-1.0518134832382202,0.003052045125514269,0.0026453135069459677,0.1653348058462143
585,-1.0255273580551147,-1.02829909324646,0.001367929158732295,0.0014037516666576266,0.165283665060997
586,-1.035503625869751,-1.0388116836547852,0.0016756332479417324,0.0016324117314070463,0.16523250937461853
587,-1.04634428024292,-1.0504313707351685,0.0018592292908579111,0.002227954100817442,0.1651812344789505
588,-1.0170023441314697,-1.0208269357681274,0.001926917233504355,0.0018976342398673296,0.16513004899024963
589,-1.0239344835281372,-1.0258326530456543,0.0011086987797170877,0.0007894953014329076,0.16507884860038757
590,-1.0311765670776367,-1.0372426509857178,0.0031360541470348835,0.002930085174739361,0.1650276929140091
591,-1.0438334941864014,-1.0473225116729736,0.0018552864203229547,0.0016337163979187608,0.16497652232646942
592,-1.0508298873901367,-1.0583785772323608,0.0040396335534751415,0.003508990630507469,0.16492539644241333
593,-1.0415252447128296,-1.0459553003311157,0.002267632633447647,0.002162451623007655,0.1648743450641632
594,-1.0642706155776978,-1.0661364793777466,0.0010514379246160388,0.0008144854218699038,0.1648232489824295
595,-1.040425181388855,-1.043297529220581,0.0015402906574308872,0.001332013518549502,0.1647721827030182
596,-1.0454767942428589,-1.046905279159546,0.0007727658376097679,0.0006558061577379704,0.16472114622592926
597,-1.0473722219467163,-1.0502099990844727,0.0014938972890377045,0.0013438824098557234,0.16467000544071198
598,-1.0285762548446655,-1.032097578048706,0.0018511483212932944,0.0016701447311788797,0.16461895406246185
599,-1.041573405265808,-1.042732834815979,0.0006903744651935995,0.00046906349598430097,0.16456785798072815
600,-1.0503524541854858,-1.0532453060150146,0.0016030797269195318,0.0012896766420453787,0.16451674699783325
601,-1.0481456518173218,-1.049371361732483,0.0005823937826789916,0.0006433621165342629,0.16446563601493835
602,-1.0499436855316162,-1.0538476705551147,0.002001957967877388,0.0019019682658836246,0.1644146591424942
603,-1.047770380973816,-1.0507510900497437,0.001487760804593563,0.0014929992612451315,0.1643638014793396
604,-1.058391809463501,-1.0623794794082642,0.0019956224132329226,0.0019921320490539074,0.164312943816185
605,-1.081956386566162,-1.0838137865066528,0.0009067195351235569,0.0009507012437097728,0.16426198184490204
606,-1.050951600074768,-1.0532407760620117,0.0012817324604839087,0.0010074775200337172,0.16421107947826385
607,-1.0382308959960938,-1.042519450187683,0.0021795511711388826,0.0021090407390147448,0.1641603261232376
608,-1.05194890499115,-1.0563682317733765,0.00229702889919281,0.002122319070622325,0.16410958766937256
609,-1.0432459115982056,-1.044537901878357,0.0006233319290913641,0.0006685982807539403,0.16405890882015228
610,-1.0490422248840332,-1.0525672435760498,0.0018555314745754004,0.0016695328522473574,0.1640082597732544
611,-1.0451066493988037,-1.0464543104171753,0.0007372975815087557,0.0006103225750848651,0.16395771503448486
612,-1.0619837045669556,-1.066968321800232,0.0025794957764446735,0.0024051894433796406,0.16390709578990936
613,-1.0754890441894531,-1.0808290243148804,0.002743741497397423,0.0025962479412555695,0.1638564169406891
614,-1.0734014511108398,-1.0760257244110107,0.0011502738343551755,0.0014740569749847054,0.16380572319030762
615,-1.0736416578292847,-1.078603982925415,0.0023569311015307903,0.0026054384652525187,0.16375501453876495
616,-1.0801292657852173,-1.0833489894866943,0.001613888773135841,0.001605894067324698,0.16370418667793274
617,-1.065079927444458,-1.067795753479004,0.001449132221750915,0.0012667457340285182,0.1636533886194229
618,-1.0615391731262207,-1.0667221546173096,0.0026602293364703655,0.0025227314326912165,0.16360260546207428
619,-1.058671474456787,-1.062632441520691,0.001978325191885233,0.0019827475771307945,0.16355186700820923
620,-1.0573973655700684,-1.0641145706176758,0.0034090974368155003,0.0033080896828323603,0.16350117325782776
621,-1.063456416130066,-1.0662237405776978,0.001393610262311995,0.0013737722765654325,0.1634504348039627
622,-1.0584524869918823,-1.0625580549240112,0.002135840244591236,0.0019697349052876234,0.16339978575706482
623,-1.0734825134277344,-1.0796465873718262,0.00311928428709507,0.0030448483303189278,0.16334916651248932
624,-1.0880836248397827,-1.0906909704208374,0.0013027273816987872,0.0013046093517914414,0.1632986068725586
625,-1.0780596733093262,-1.0802867412567139,0.00099588290322572,0.0012312233448028564,0.16324815154075623
626,-1.0714205503463745,-1.0742450952529907,0.0013791273813694715,0.001445369329303503,0.16319768130779266
627,-1.0648736953735352,-1.0680112838745117,0.001569822314195335,0.0015677806222811341,0.16314728558063507
628,-1.0544464588165283,-1.056936502456665,0.001326394034549594,0.0011635562404990196,0.16309693455696106
629,-1.0515674352645874,-1.0549144744873047,0.0017778909532353282,0.0015691315056756139,0.1630466729402542
630,-1.0522754192352295,-1.054406762123108,0.0009763701818883419,0.0011549817863851786,0.16299648582935333
631,-1.072914719581604,-1.0779285430908203,0.0025093990843743086,0.0025044588837772608,0.16294628381729126
632,-1.0653619766235352,-1.0761827230453491,0.005557170137763023,0.005263565108180046,0.16289617121219635
633,-1.0771178007125854,-1.0802119970321655,0.001607910729944706,0.0014862556708976626,0.16284608840942383
634,-1.098400592803955,-1.1023969650268555,0.0019112353911623359,0.0020851155277341604,0.1627960056066513
635,-1.0895284414291382,-1.094326376914978,0.0023071386385709047,0.0024907724000513554,0.16274595260620117
636,-1.091265320777893,-1.0940595865249634,0.0011910023167729378,0.0016031954437494278,0.16269592940807343
637,-1.0798132419586182,-1.0816847085952759,0.0009536942816339433,0.0009178362670354545,0.16264590620994568
638,-1.0655219554901123,-1.0694304704666138,0.001966786803677678,0.0019417107105255127,0.16259588301181793
639,-1.0618393421173096,-1.0632710456848145,0.0007028168183751404,0.0007288719061762094,0.16254585981369019
640,-1.0479745864868164,-1.053450107574463,0.002712715184316039,0.002762744901701808,0.16249583661556244
641,-1.0457673072814941,-1.0481128692626953,0.0010532424785196781,0.0012923376634716988,0.16244584321975708
642,-1.0410932302474976,-1.0465772151947021,0.002757428213953972,0.0027265872340649366,0.1623959094285965
643,-1.060160517692566,-1.0650808811187744,0.002519425004720688,0.0024009665939956903,0.1623460054397583
644,-1.0979191064834595,-1.103945255279541,0.003160230815410614,0.002865938004106283,0.16229601204395294
645,-1.1168479919433594,-1.119167447090149,0.0012791662011295557,0.0010403550695627928,0.16224582493305206
646,-1.097882628440857,-1.1035031080245972,0.002738713985309005,0.0028817513957619667,0.16219568252563477
647,-1.0892183780670166,-1.093172311782837,0.0018109014490619302,0.002143034478649497,0.16214561462402344
648,-1.072035551071167,-1.0789541006088257,0.003423016984015703,0.0034955902956426144,0.16209562122821808
649,-1.0777372121810913,-1.0814146995544434,0.001909889280796051,0.001767646288499236,0.1620456576347351
650,-1.0838696956634521,-1.0891733169555664,0.002600334817543626,0.002703256206586957,0.16199563443660736
651,-1.0648692846298218,-1.070960521697998,0.0030832448974251747,0.003007963066920638,0.16194568574428558
652,-1.0727593898773193,-1.07832932472229,0.0027581669855862856,0.0028117538895457983,0.1618957817554474
653,-1.094308614730835,-1.0966014862060547,0.0010923556983470917,0.0012005430180579424,0.16184580326080322
654,-1.0602420568466187,-1.0724411010742188,0.006440160796046257,0.005758923478424549,0.16179592907428741
655,-1.0980627536773682,-1.1023818254470825,0.002357993507757783,0.0019611134193837643,0.1617460697889328
656,-1.0939736366271973,-1.0968493223190308,0.001307971659116447,0.0015677624614909291,0.16169631481170654
657,-1.0947803258895874,-1.0988845825195312,0.0019343910971656442,0.002169865183532238,0.16164658963680267
658,-1.0976208448410034,-1.1093190908432007,0.005929815582931042,0.005768391769379377,0.16159692406654358
659,-1.0823479890823364,-1.0896960496902466,0.0037762378342449665,0.0035718954168260098,0.16154731810092926
660,-1.1041669845581055,-1.1077359914779663,0.0018644367810338736,0.00170461880043149,0.16149769723415375
661,-1.1050399541854858,-1.1068356037139893,0.0009414644446223974,0.000854133628308773,0.16144804656505585
662,-1.0786101818084717,-1.081535816192627,0.0015993033302947879,0.001326266909018159,0.16139839589595795
663,-1.10174560546875,-1.1082801818847656,0.0032211614307016134,0.003313436871394515,0.16134870052337646
664,-1.1005183458328247,-1.1087160110473633,0.004159535281360149,0.004038036800920963,0.1612989753484726
665,-1.092836618423462,-1.0958839654922485,0.0014476650394499302,0.0015997067093849182,0.1612493097782135
666,-1.1083096265792847,-1.1108680963516235,0.0014205541228875518,0.0011379634961485863,0.1611996740102768
667,-1.1068181991577148,-1.1143016815185547,0.0036398081574589014,0.0038436485920101404,0.16115008294582367
668,-1.1053627729415894,-1.1099036931991577,0.0022935529705137014,0.002247350988909602,0.16110050678253174
669,-1.10275399684906,-1.107248306274414,0.00226039532572031,0.0022338987328112125,0.16105102002620697
670,-1.1058059930801392,-1.1106394529342651,0.002556420397013426,0.0022769926581531763,0.16100157797336578
671,-1.1112512350082397,-1.1137218475341797,0.0011005534324795008,0.0013700322015210986,0.1609521061182022
672,-1.0941615104675293,-1.102906346321106,0.004407251253724098,0.00433750357478857,0.16090264916419983
673,-1.1023916006088257,-1.1040427684783936,0.0007666863384656608,0.0008845212869346142,0.16085322201251984
674,-1.1109081506729126,-1.120552897453308,0.00468229316174984,0.004962446168065071,0.16080372035503387
675,-1.104258418083191,-1.1081838607788086,0.0017973214853554964,0.0021280748769640923,0.1607542186975479
676,-1.1190471649169922,-1.124070405960083,0.00240442156791687,0.002618779893964529,0.1607046276330948
677,-1.1182326078414917,-1.122365951538086,0.002032072050496936,0.0021013563964515924,0.1606549620628357
678,-1.1256132125854492,-1.1285786628723145,0.001577114686369896,0.0013883572537451982,0.1606053113937378
679,-1.1166094541549683,-1.1185009479522705,0.0009369612671434879,0.0009545281645841897,0.1605556756258011
680,-1.11123526096344,-1.1145273447036743,0.0015443339943885803,0.0017477478832006454,0.16050612926483154
681,-1.1103360652923584,-1.1131482124328613,0.0013843536144122481,0.001427775016054511,0.1604566127061844
682,-1.0912971496582031,-1.0945602655410767,0.001619704533368349,0.0016434169374406338,0.1604072004556656
683,-1.0985727310180664,-1.1032519340515137,0.002440469805151224,0.002238712040707469,0.1603577882051468
684,-1.1117403507232666,-1.1180758476257324,0.0032447383273392916,0.003090739017352462,0.16030843555927277
685,-1.1102648973464966,-1.1142088174819946,0.001935105537995696,0.0020087615121155977,0.1602591574192047
686,-1.126409888267517,-1.1348936557769775,0.0041091409511864185,0.004374657291918993,0.16020983457565308
687,-1.1291686296463013,-1.1312720775604248,0.0011527424212545156,0.0009506398346275091,0.16016055643558502
688,-1.1196858882904053,-1.124914526939392,0.0026897902134805918,0.0025388230569660664,0.16011126339435577
689,-1.117467999458313,-1.1219075918197632,0.0019836113788187504,0.0024559509474784136,0.16006195545196533
690,-1.1152350902557373,-1.132643699645996,0.008309559896588326,0.009098993614315987,0.1600126326084137
691,-0.918275773525238,-1.0934656858444214,0.08911371976137161,0.08607620745897293,0.15996333956718445
692,-1.069226622581482,-1.073235034942627,0.0017255680868402123,0.0022828502114862204,0.15991412103176117
693,-1.068434476852417,-1.0763641595840454,0.0037364428862929344,0.004193205386400223,0.1598648726940155
694,-1.0771030187606812,-1.0829633474349976,0.0026872819289565086,0.0031729412730783224,0.15981563925743103
695,-1.089369773864746,-1.093079924583435,0.0018896495457738638,0.0018204699736088514,0.15976642072200775
696,-1.1083236932754517,-1.1152251958847046,0.0034424837213009596,0.0034589413553476334,0.15971726179122925
697,-1.1443551778793335,-1.159299373626709,0.007363365963101387,0.0075809042900800705,0.15966811776161194
698,-1.1594096422195435,-1.1648640632629395,0.002425949089229107,0.0030285711400210857,0.15961897373199463
699,-1.1639639139175415,-1.1718769073486328,0.0035012653097510338,0.004411663860082626,0.15956981480121613
700,-1.1520849466323853,-1.1646738052368164,0.006188835017383099,0.0063999490812420845,0.15952065587043762
701,-1.1448948383331299,-1.1496198177337646,0.0025839984882622957,0.0021409729961305857,0.15947146713733673
702,-1.1129300594329834,-1.1171602010726929,0.002242451533675194,0.001987699419260025,0.15942227840423584
703,-1.0872392654418945,-1.0909110307693481,0.0018538144649937749,0.001817907439544797,0.1593731939792633
704,-1.083474040031433,-1.0924160480499268,0.004520314745604992,0.004421663004904985,0.15932418406009674
705,-1.0821824073791504,-1.0963664054870605,0.006972778122872114,0.0072111701592803,0.15927518904209137
706,-1.1062111854553223,-1.110257863998413,0.0018905282486230135,0.002156110480427742,0.15922623872756958
707,-1.1220128536224365,-1.130159854888916,0.004298333078622818,0.003848673775792122,0.15917733311653137
708,-1.1392717361450195,-1.1478638648986816,0.004455198533833027,0.004136919043958187,0.1591285616159439
709,-1.1519399881362915,-1.158339023590088,0.002687498927116394,0.0037116175517439842,0.15907976031303406
710,-1.166783094406128,-1.1727423667907715,0.003140956861898303,0.002818390494212508,0.15903089940547943
711,-1.1461602449417114,-1.1531459093093872,0.0034808237105607986,0.0035049193538725376,0.1589820683002472
712,-1.13138747215271,-1.1399439573287964,0.004333930090069771,0.004222563933581114,0.15893326699733734
713,-1.1197036504745483,-1.1248708963394165,0.002664998872205615,0.0025021908804774284,0.15888452529907227
714,-1.111083745956421,-1.1137911081314087,0.0012429861817508936,0.0014643196482211351,0.15883588790893555
715,-1.114689826965332,-1.1165932416915894,0.0009710700251162052,0.0009322952828370035,0.15878725051879883
716,-1.1270462274551392,-1.1312686204910278,0.002063493710011244,0.0021588474046438932,0.15873856842517853
717,-1.1069886684417725,-1.1156439781188965,0.004343572538346052,0.004311647731810808,0.1586899310350418
718,-1.1135859489440918,-1.1196253299713135,0.0032577323727309704,0.0027816477231681347,0.15864141285419464
719,-1.128466248512268,-1.1402666568756104,0.006016583181917667,0.005783748347312212,0.15859286487102509
720,-1.0799106359481812,-1.1384668350219727,0.02938743121922016,0.029168734326958656,0.1585443913936615
721,-1.1518863439559937,-1.1559860706329346,0.00184158724732697,0.0022581720259040594,0.1584959179162979
722,-1.1384227275848389,-1.1490795612335205,0.005364385433495045,0.0052923765033483505,0.15844745934009552
723,-1.1394773721694946,-1.1418980360031128,0.0013053001603111625,0.0011153194354847074,0.15839903056621552
724,-1.1428005695343018,-1.1520540714263916,0.00470619834959507,0.0045473165810108185,0.1583506017923355
725,-1.1453369855880737,-1.1491020917892456,0.0018941361922770739,0.0018710159929469228,0.1583021730184555
726,-1.1577867269515991,-1.166337251663208,0.004096790682524443,0.004453760571777821,0.1582537442445755
727,-1.1366088390350342,-1.1392238140106201,0.001356799970380962,0.0012580970069393516,0.15820537507534027
728,-1.161629319190979,-1.1656209230422974,0.002024371176958084,0.0019672291819006205,0.15815697610378265
729,-1.1550884246826172,-1.1590118408203125,0.0017810490680858493,0.0021423399448394775,0.15810853242874146
730,-1.1466350555419922,-1.148788571357727,0.0009679265785962343,0.0011855727061629295,0.15806007385253906
731,-1.14445960521698,-1.147889256477356,0.001613088883459568,0.0018165181390941143,0.15801170468330383
732,-1.1317355632781982,-1.1351484060287476,0.0017094049835577607,0.0017033611657097936,0.15796327590942383
733,-1.145159363746643,-1.150247573852539,0.0025503572542220354,0.0025378430727869272,0.1579149067401886
734,-1.1406549215316772,-1.1522144079208374,0.005690808407962322,0.0058687240816652775,0.15786655247211456
735,-1.144036054611206,-1.146668553352356,0.0012926474446430802,0.0013397943694144487,0.15781822800636292
736,-1.1389880180358887,-1.142812967300415,0.001991202589124441,0.0018337616929784417,0.15776997804641724
737,-1.1511420011520386,-1.1595141887664795,0.00412172544747591,0.004250436555594206,0.15772178769111633
738,-1.1607264280319214,-1.164793848991394,0.00210550962947309,0.0019619474187493324,0.15767358243465424
739,-1.169813632965088,-1.1732860803604126,0.001816272852011025,0.001656159176491201,0.15762536227703094
740,-1.1505231857299805,-1.1546258926391602,0.0018879809649661183,0.002214699052274227,0.15757717192173004
741,-1.1483463048934937,-1.1533451080322266,0.002329896902665496,0.0026688831858336926,0.15752898156642914
742,-1.162536859512329,-1.1681653261184692,0.0028518259059637785,0.002776659792289138,0.15748073160648346
743,-1.1369532346725464,-1.138382077217102,0.0006942328182049096,0.0007345611811615527,0.15743252635002136
744,-1.1415823698043823,-1.1501957178115845,0.004220183473080397,0.004393198061734438,0.15738432109355927
745,-1.1477186679840088,-1.1558979749679565,0.00409685866907239,0.004082396626472473,0.15733617544174194
746,-1.1593257188796997,-1.166009783744812,0.0034037663135677576,0.003280339762568474,0.1572880744934082
747,-1.1733819246292114,-1.1770849227905273,0.0018875615205615759,0.0018153885612264276,0.15724001824855804
748,-1.1624106168746948,-1.1678863763809204,0.0027462730649858713,0.0027295409236103296,0.15719196200370789
749,-1.1853586435317993,-1.1942689418792725,0.00449402118101716,0.004416214302182198,0.15714386105537415
750,-1.1862887144088745,-1.1925103664398193,0.003116149688139558,0.00310549046844244,0.157095804810524
751,-1.1582342386245728,-1.1608871221542358,0.0014874597545713186,0.001165368827059865,0.15704777836799622
752,-1.1470026969909668,-1.1550214290618896,0.004200011491775513,0.003818770404905081,0.15699969232082367
753,-1.1268821954727173,-1.144654393196106,0.008909357711672783,0.00886285025626421,0.15695172548294067
754,-1.163065791130066,-1.1668519973754883,0.0019773836247622967,0.0018088844371959567,0.1569037288427353
755,-1.178337574005127,-1.1841636896133423,0.002842261688783765,0.0029837891925126314,0.15685567259788513
756,-1.1627371311187744,-1.1647156476974487,0.0010182126425206661,0.0009603435173630714,0.15680764615535736
757,-1.1834256649017334,-1.190460205078125,0.0033870108891278505,0.003647591220214963,0.15675954520702362
758,-1.172723412513733,-1.1749478578567505,0.0010170331224799156,0.0012075112899765372,0.15671150386333466
759,-1.1873223781585693,-1.1906979084014893,0.0016240811673924327,0.0017513723578304052,0.1566634625196457
760,-1.1659947633743286,-1.16940438747406,0.0016484728548675776,0.0017612469382584095,0.15661543607711792
761,-1.1733278036117554,-1.1883151531219482,0.007512775249779224,0.007474483922123909,0.15656740963459015
762,-1.185242772102356,-1.1892002820968628,0.0021181039046496153,0.0018394285580143332,0.15651938319206238
763,-1.1785248517990112,-1.1837387084960938,0.002729017985984683,0.002484775148332119,0.15647144615650177
764,-1.1602085828781128,-1.1620371341705322,0.0008377128397114575,0.0009909046348184347,0.15642350912094116
765,-1.166833519935608,-1.1687661409378052,0.0009920577285811305,0.0009405894088558853,0.15637549757957458
766,-1.1604703664779663,-1.1627330780029297,0.0010318225249648094,0.0012308001751080155,0.1563275307416916
767,-1.1562145948410034,-1.1634806394577026,0.0036997059360146523,0.0035663421731442213,0.15627962350845337
768,-1.15432870388031,-1.1588643789291382,0.0022573289461433887,0.0022783244494348764,0.1562318056821823
769,-1.1813836097717285,-1.182767629623413,0.0006156198214739561,0.0007684037555009127,0.15618400275707245
770,-1.1848405599594116,-1.1894311904907227,0.0023081395775079727,0.0022825058549642563,0.15613621473312378
771,-1.1757041215896606,-1.1812912225723267,0.0030211922712624073,0.0025658756494522095,0.1560884267091751
772,-1.1823561191558838,-1.1880767345428467,0.0028857740107923746,0.002834811108186841,0.15604066848754883
773,-1.190684199333191,-1.1937825679779053,0.001408037031069398,0.0016904380172491074,0.15599289536476135
774,-1.1948782205581665,-1.1979951858520508,0.0015658690826967359,0.001551155117340386,0.1559450924396515
775,-1.1115349531173706,-1.1760469675064087,0.03245653584599495,0.03205551952123642,0.155897319316864
776,-1.1621639728546143,-1.1648058891296387,0.0013275218661874533,0.0013143931282684207,0.15584956109523773
777,-1.1339305639266968,-1.1398131847381592,0.003051689127460122,0.002831015270203352,0.155801922082901
778,-1.164855718612671,-1.1708000898361206,0.003129167715087533,0.0028152912855148315,0.15575426816940308
779,-1.1702609062194824,-1.1747676134109497,0.0023810206912457943,0.002125717233866453,0.15570662915706635
780,-1.1697425842285156,-1.1717795133590698,0.0009798340033739805,0.0010571558959782124,0.15565899014472961
781,-1.180327296257019,-1.1863985061645508,0.003096128348261118,0.002975163282826543,0.15561136603355408
782,-1.1324946880340576,-1.2001781463623047,0.034520529210567474,0.03316294774413109,0.1555638313293457
783,-1.200292944908142,-1.2023338079452515,0.001025108271278441,0.001015743357129395,0.15551629662513733
784,-1.2050575017929077,-1.213021993637085,0.0038422385696321726,0.004122223239392042,0.15546885132789612
785,-1.215428352355957,-1.2208000421524048,0.002729274332523346,0.0026423707604408264,0.15542131662368774
786,-1.2005211114883423,-1.2045207023620605,0.0019152285531163216,0.0020843774545937777,0.15537379682064056
787,-1.1646801233291626,-1.1675331592559814,0.0014495013747364283,0.001403557020239532,0.15532630681991577
788,-1.1756669282913208,-1.1778974533081055,0.0010764230974018574,0.0011540340492501855,0.15527881681919098
789,-1.1392453908920288,-1.1473745107650757,0.004032419994473457,0.004096777644008398,0.155231311917305
790,-1.1752368211746216,-1.1832689046859741,0.004086606204509735,0.003945418167859316,0.1551838517189026
791,-1.170236349105835,-1.1812320947647095,0.005460659042000771,0.005535141099244356,0.15513643622398376
792,-1.1293550729751587,-1.1958584785461426,0.03324022889137268,0.03326321393251419,0.15508900582790375
793,-1.1886401176452637,-1.192758321762085,0.0020043617114424706,0.002113856142386794,0.15504154562950134
794,-1.1957149505615234,-1.1990854740142822,0.0014678234001621604,0.0019026638474315405,0.15499407052993774
795,-1.1996065378189087,-1.205013632774353,0.0027657398022711277,0.0026413321029394865,0.15494662523269653
796,-1.1955714225769043,-1.1976490020751953,0.0011094979709014297,0.000968119886238128,0.1548992246389389
797,-1.1968473196029663,-1.2029058933258057,0.003251421730965376,0.0028071377892047167,0.15485183894634247
798,-1.2004543542861938,-1.2037323713302612,0.0017226928612217307,0.0015552975237369537,0.1548045128583908
799,-1.2138797044754028,-1.2188639640808105,0.002460361225530505,0.002523902803659439,0.15475721657276154
800,-1.2011711597442627,-1.2077796459197998,0.003344724653288722,0.003263689810410142,0.1547098606824875
801,-1.19852614402771,-1.203117847442627,0.0022507754620164633,0.0023409235291182995,0.15466254949569702
802,-1.2008681297302246,-1.2043533325195312,0.0016979649662971497,0.0017871478339657187,0.15461523830890656
803,-1.1968263387680054,-1.1994550228118896,0.0012840582057833672,0.0013446990633383393,0.15456800162792206
804,-1.202317714691162,-1.204664707183838,0.0011394905159249902,0.0012074479600414634,0.15452073514461517
805,-1.1937315464019775,-1.196062445640564,0.0011067923624068499,0.0012241607764735818,0.15447349846363068
806,-1.189650297164917,-1.1937757730484009,0.001990838907659054,0.0021347072906792164,0.15442630648612976
807,-1.1950275897979736,-1.197404146194458,0.0011151895159855485,0.0012613441795110703,0.15437911450862885
808,-1.1904882192611694,-1.1947933435440063,0.002288454445078969,0.002016691956669092,0.15433195233345032
809,-1.1984745264053345,-1.2084733247756958,0.005414825398474932,0.004583972040563822,0.1542847901582718
810,-1.1980838775634766,-1.2012908458709717,0.0016208458691835403,0.0015861251158639789,0.15423768758773804
811,-1.2114421129226685,-1.218170166015625,0.0031386471819132566,0.003589360509067774,0.15419058501720428
812,-1.2047239542007446,-1.209709644317627,0.0026403681840747595,0.00234527257271111,0.15414351224899292
813,-1.206248164176941,-1.2089335918426514,0.0012251482112333179,0.0014602913288399577,0.15409639477729797
814,-1.1955900192260742,-1.2031394243240356,0.0039802729152143,0.0035690979566425085,0.15404939651489258
815,-1.2062718868255615,-1.2095212936401367,0.00163498823530972,0.0016144230030477047,0.1540023684501648
816,-1.2066457271575928,-1.2096492052078247,0.0014624643372371793,0.0015409833285957575,0.1539553850889206
817,-1.2041958570480347,-1.2086130380630493,0.002158147282898426,0.002259016502648592,0.1539084017276764
818,-1.1987659931182861,-1.200795292854309,0.0010018328903242946,0.0010274362284690142,0.15386147797107697
819,-1.1996495723724365,-1.2049574851989746,0.0025373664684593678,0.002770553110167384,0.15381456911563873
820,-1.2147371768951416,-1.2170559167861938,0.0012465841136872768,0.0010721248108893633,0.1537676304578781
821,-1.204458236694336,-1.2086913585662842,0.0020176053512841463,0.002215527230873704,0.15372072160243988
822,-1.2112749814987183,-1.2134721279144287,0.0009834100492298603,0.0012138342717662454,0.15367375314235687
823,-1.2248497009277344,-1.229543685913086,0.00234021688811481,0.0023537613451480865,0.15362682938575745
824,-1.2149304151535034,-1.2204936742782593,0.0029296332504600286,0.002633555792272091,0.1535799205303192
825,-1.2125097513198853,-1.2175488471984863,0.002469664439558983,0.0025694335345178843,0.15353304147720337
826,-1.1475776433944702,-1.2161903381347656,0.034129343926906586,0.034483276307582855,0.1534862071275711
827,-1.1995372772216797,-1.202706217765808,0.0014141520950943232,0.001754729775711894,0.153439462184906
828,-1.2115896940231323,-1.214424729347229,0.0014082544948905706,0.0014267789665609598,0.1533927172422409
829,-1.216993808746338,-1.220468521118164,0.0016573145985603333,0.001817342359572649,0.15334594249725342
830,-1.2122056484222412,-1.2168704271316528,0.0023500346578657627,0.002314645331352949,0.1532992124557495
831,-1.2206307649612427,-1.2255949974060059,0.0025036458391696215,0.0024606261868029833,0.15325242280960083
832,-1.2225168943405151,-1.2375448942184448,0.007693413179367781,0.007334598805755377,0.1532057374715805
833,-1.2297489643096924,-1.2360780239105225,0.002876107580959797,0.0034529557451605797,0.15315908193588257
834,-1.2496469020843506,-1.2518824338912964,0.0010434143478050828,0.001192102674394846,0.15311242640018463
835,-1.2286416292190552,-1.2312384843826294,0.0011403703829273582,0.001456534955650568,0.1530657559633255
836,-1.2323870658874512,-1.2348732948303223,0.0012126206420361996,0.0012736556818708777,0.1530189961194992
837,-1.188260793685913,-1.1917178630828857,0.0015553159173578024,0.0019017898011952639,0.15297232568264008
838,-1.1893877983093262,-1.1946213245391846,0.002493869746103883,0.002739611081779003,0.15292569994926453
839,-1.1918364763259888,-1.1960031986236572,0.0020882373210042715,0.0020785736851394176,0.15287914872169495
840,-1.2096827030181885,-1.218058705329895,0.00404892023652792,0.004327080212533474,0.1528325378894806
841,-1.2156955003738403,-1.21870756149292,0.0014168514171615243,0.0015952364774420857,0.15278588235378265
842,-1.2322176694869995,-1.2372570037841797,0.0024986290372908115,0.002540763234719634,0.15273934602737427
843,-1.2516497373580933,-1.2563679218292236,0.002490309765562415,0.0022278514225035906,0.1526927500963211
844,-1.2509877681732178,-1.2540236711502075,0.0014189430512487888,0.0016169636510312557,0.15264621376991272
845,-1.2411799430847168,-1.246983528137207,0.0029189838096499443,0.002884642919525504,0.15259970724582672
846,-1.242193579673767,-1.2456785440444946,0.001626738696359098,0.0018582830671221018,0.15255320072174072
847,-1.2259047031402588,-1.228082537651062,0.0010444504441693425,0.0011334740556776524,0.15250670909881592
848,-1.217957615852356,-1.2224836349487305,0.002215838758274913,0.0023101051338016987,0.1524602323770523
849,-1.2060418128967285,-1.2091097831726074,0.0015042617451399565,0.001563721103593707,0.15241381525993347
850,-1.2154875993728638,-1.2228748798370361,0.0035979265812784433,0.0037893240805715322,0.15236742794513702
851,-1.2292100191116333,-1.2340596914291382,0.0024726856499910355,0.0023770229890942574,0.152320995926857
852,-1.236412763595581,-1.2385389804840088,0.0010445441585034132,0.001081695663742721,0.15227460861206055
853,-1.2641217708587646,-1.2680108547210693,0.0017281112959608436,0.002160966396331787,0.1522282063961029
854,-1.2433748245239258,-1.2470288276672363,0.001771188573911786,0.0018827489111572504,0.15218184888362885
855,-1.2379915714263916,-1.241700530052185,0.0018170686671510339,0.0018918197602033615,0.15213550627231598
856,-1.2391088008880615,-1.2442917823791504,0.0026503412518650293,0.002532579470425844,0.15208913385868073
857,-1.2255890369415283,-1.2271342277526855,0.0007159282104112208,0.0008292129496112466,0.15204279124736786
858,-1.208536148071289,-1.2141324281692505,0.0028125152457505465,0.0027837948873639107,0.151996448636055
859,-1.2319729328155518,-1.2363996505737305,0.0022705807350575924,0.0021561901085078716,0.15195003151893616
860,-1.2417898178100586,-1.2435693740844727,0.0008909931057132781,0.0008885980932973325,0.15190362930297852
861,-1.228659987449646,-1.2368360757827759,0.004092266317456961,0.004083872772753239,0.15185724198818207
862,-1.2433266639709473,-1.2446625232696533,0.0006059430306777358,0.0007299220887944102,0.15181094408035278
863,-1.240986704826355,-1.242180347442627,0.0006544759380631149,0.000539237807970494,0.15176460146903992
864,-1.2421340942382812,-1.2442857027053833,0.0009931911481544375,0.0011584509629756212,0.15171833336353302
865,-1.257076382637024,-1.2603727579116821,0.001476850244216621,0.0018194448202848434,0.1516720950603485
866,-1.2598588466644287,-1.2626001834869385,0.0013185681309551,0.0014227982610464096,0.1516258269548416
867,-1.2490135431289673,-1.2526350021362305,0.0018738738726824522,0.0017475730273872614,0.15157963335514069
868,-1.2500227689743042,-1.2527986764907837,0.0014248271472752094,0.0013511590659618378,0.15153345465660095
869,-1.2239724397659302,-1.2291595935821533,0.00270526553504169,0.0024818815290927887,0.15148738026618958
870,-1.2459756135940552,-1.2512809038162231,0.002522028051316738,0.0027832910418510437,0.151441290974617
871,-1.2620848417282104,-1.2645968198776245,0.0011993169318884611,0.0013126025442034006,0.15139517188072205
872,-1.2389119863510132,-1.240808129310608,0.0008316323510371149,0.0010644994908943772,0.15134908258914948
873,-1.2486250400543213,-1.2535514831542969,0.0024249579291790724,0.002501492854207754,0.1513030230998993
874,-1.257203459739685,-1.259070873260498,0.0008680503233335912,0.000999320880509913,0.15125693380832672
875,-1.22757089138031,-1.2302165031433105,0.0012125414796173573,0.0014330038102343678,0.15121090412139893
876,-1.2434442043304443,-1.24738609790802,0.0020951698534190655,0.001846666680648923,0.15116487443447113
877,-1.2519781589508057,-1.253281831741333,0.0006915676640346646,0.0006121954647824168,0.15111887454986572
878,-1.2405998706817627,-1.2427793741226196,0.0010642915731295943,0.001115203369408846,0.1510728895664215
879,-1.2561346292495728,-1.2576987743377686,0.0008187033236026764,0.0007454578299075365,0.15102675557136536
880,-1.2359976768493652,-1.2392067909240723,0.0016321241855621338,0.0015770340105518699,0.15098074078559875
881,-1.2540302276611328,-1.2611290216445923,0.00342621561139822,0.003672557882964611,0.15093475580215454
882,-1.245110034942627,-1.2463831901550293,0.0007020195480436087,0.0005711269332095981,0.1508888453245163
883,-1.270923137664795,-1.2786930799484253,0.00400592340156436,0.0037640207447111607,0.15084294974803925
884,-1.2608568668365479,-1.2655551433563232,0.0025189444422721863,0.0021793642081320286,0.1507970541715622
885,-1.2655214071273804,-1.2731809616088867,0.003904809011146426,0.0037546854000538588,0.15075115859508514
886,-1.251084566116333,-1.262272596359253,0.005677251145243645,0.005510794930160046,0.15070530772209167
887,-1.2742897272109985,-1.2801401615142822,0.002932446077466011,0.002918010810390115,0.150659441947937
888,-1.2576313018798828,-1.2604570388793945,0.0014033550396561623,0.0014224497135728598,0.15061365067958832
889,-1.250930666923523,-1.2646751403808594,0.006475989241153002,0.007268452551215887,0.15056784451007843
890,-1.2529323101043701,-1.254024863243103,0.00046260401722975075,0.0006298998487181962,0.15052209794521332
891,-1.2341620922088623,-1.242593765258789,0.004119719844311476,0.004311939235776663,0.15047632157802582
892,-1.2559032440185547,-1.2576521635055542,0.00089659309014678,0.0008522981661371887,0.1504305750131607
893,-1.2635647058486938,-1.2731759548187256,0.004898815881460905,0.0047125061973929405,0.15038476884365082
894,-1.2661612033843994,-1.2705445289611816,0.0023365577217191458,0.0020468048751354218,0.1503390222787857
895,-1.2860519886016846,-1.2899374961853027,0.0018776047509163618,0.002007935428991914,0.15029320120811462
896,-1.2797191143035889,-1.2816559076309204,0.0009401793358847499,0.0009965648641809821,0.1502474695444107
897,-1.2855345010757446,-1.2902947664260864,0.0022665727883577347,0.002493714913725853,0.1502016931772232
898,-1.2750868797302246,-1.2809704542160034,0.0027954166289418936,0.0030881580896675587,0.1501559019088745
899,-1.2542890310287476,-1.259517788887024,0.0027202446945011616,0.0025085469242185354,0.15011009573936462
900,-1.2591502666473389,-1.2655620574951172,0.003166235750541091,0.003245570696890354,0.15006433427333832
901,-1.2665349245071411,-1.2681368589401245,0.0007648034952580929,0.0008371089352294803,0.1500186026096344
902,-1.266644835472107,-1.2707866430282593,0.001783996936865151,0.0023577925749123096,0.14997294545173645
903,-1.2708317041397095,-1.272646188735962,0.0008534294902347028,0.0009610205888748169,0.1499272882938385
904,-1.2044541835784912,-1.2721232175827026,0.033774234354496,0.03389482572674751,0.14988155663013458
905,-1.26128089427948,-1.2629938125610352,0.0008818352362141013,0.0008311810670420527,0.14983582496643066
906,-1.2503372430801392,-1.2649476528167725,0.007014391478151083,0.007596071343868971,0.14979010820388794
907,-1.2784632444381714,-1.2858314514160156,0.0035434130113571882,0.003824853338301182,0.14974439144134521
908,-1.2741512060165405,-1.2792731523513794,0.0023763561621308327,0.0027455806266516447,0.1496986746788025
909,-1.2823814153671265,-1.2855889797210693,0.001700897584669292,0.0015066846972331405,0.14965298771858215
910,-1.3097212314605713,-1.3124103546142578,0.0013028073590248823,0.0013862611958757043,0.149607315659523
911,-1.3003298044204712,-1.3049896955490112,0.00218954891897738,0.0024703233502805233,0.14956162869930267
912,-1.2800203561782837,-1.2887811660766602,0.004337716847658157,0.004423193633556366,0.14951598644256592
913,-1.2671271562576294,-1.2703378200531006,0.0015737961512058973,0.0016369085060432553,0.14947043359279633
914,-1.2776161432266235,-1.2805297374725342,0.0014156048418954015,0.001497947727330029,0.14942482113838196
915,-1.1996128559112549,-1.265427827835083,0.03345758840441704,0.03235733136534691,0.14937922358512878
916,-1.2726576328277588,-1.2762640714645386,0.001831413246691227,0.0017750000115484,0.14933359622955322
917,-1.268665075302124,-1.2718408107757568,0.0015190857229754329,0.0016566121485084295,0.1492880880832672
918,-1.27031409740448,-1.2728028297424316,0.0013255276717245579,0.0011632847599685192,0.1492425501346588
919,-1.2888776063919067,-1.2935740947723389,0.002223460003733635,0.00247295037843287,0.14919699728488922
920,-1.289576768875122,-1.2926955223083496,0.0015263629611581564,0.0015924565959721804,0.1491515040397644
921,-1.2989140748977661,-1.3133177757263184,0.007509533315896988,0.006894120015203953,0.1491059958934784
922,-1.3039851188659668,-1.3086272478103638,0.0023918524384498596,0.002250259043648839,0.14906045794487
923,-1.299322247505188,-1.3042526245117188,0.0026590311899781227,0.0022712850477546453,0.1490149199962616
924,-1.2911053895950317,-1.2936351299285889,0.0014087797608226538,0.0011209333315491676,0.1489693969488144
925,-1.2982367277145386,-1.300214171409607,0.0009669231367297471,0.0010105115361511707,0.14892402291297913
926,-1.270654320716858,-1.2740639448165894,0.001660769572481513,0.001748802256770432,0.14887870848178864
927,-1.2657495737075806,-1.2753260135650635,0.004828555975109339,0.0047478945925831795,0.14883343875408173
928,-1.2752209901809692,-1.278672695159912,0.001740912557579577,0.0017108197789639235,0.1487881988286972
929,-1.2744306325912476,-1.2784857749938965,0.0018978718435391784,0.002157258102670312,0.14874297380447388
930,-1.2845206260681152,-1.28853440284729,0.00211626966483891,0.0018974111881107092,0.14869780838489532
931,-1.2990034818649292,-1.3017053604125977,0.001200915197841823,0.0015009371563792229,0.148652583360672
932,-1.3001803159713745,-1.3030587434768677,0.0012177648022770882,0.0016606980934739113,0.14860737323760986
933,-1.3025741577148438,-1.3047938346862793,0.001245463965460658,0.0009742107358761132,0.14856219291687012
934,-1.301432728767395,-1.306160569190979,0.0023783626966178417,0.002349488204345107,0.1485169678926468
935,-1.2962332963943481,-1.2983448505401611,0.0010986179113388062,0.0010129776783287525,0.14847172796726227
936,-1.2900396585464478,-1.2912787199020386,0.0006691988091915846,0.0005698190652765334,0.14842653274536133
937,-1.282236099243164,-1.2847646474838257,0.0012941441964358091,0.0012344206916168332,0.148381307721138
938,-1.2717787027359009,-1.2805627584457397,0.004562520422041416,0.004221596289426088,0.14833611249923706
939,-1.2984732389450073,-1.3009669780731201,0.001225083484314382,0.001268634689040482,0.1482909768819809
940,-1.3059742450714111,-1.3100641965866089,0.0018049789359793067,0.0022850241512060165,0.14824584126472473
941,-1.32111394405365,-1.3263230323791504,0.0027514644898474216,0.0024575707502663136,0.14820067584514618
942,-1.3166897296905518,-1.3200905323028564,0.0016502576181665063,0.00175063859205693,0.1481555551290512
943,-1.31998610496521,-1.3241373300552368,0.0019508900586515665,0.002200373215600848,0.14811041951179504
944,-1.2902129888534546,-1.2949343919754028,0.002257278421893716,0.0024641724303364754,0.14806529879570007
945,-1.288211703300476,-1.2910246849060059,0.001411048462614417,0.0014018664369359612,0.1480201780796051
946,-1.294323205947876,-1.2972197532653809,0.001400534762069583,0.0014960109256207943,0.14797504246234894
947,-1.2849417924880981,-1.2921167612075806,0.003459193045273423,0.003715780796483159,0.14792990684509277
948,-1.2890770435333252,-1.2909778356552124,0.0011103581637144089,0.0007904431549832225,0.1478847712278366
949,-1.2782223224639893,-1.285266399383545,0.0035031060688197613,0.0035409987904131413,0.1478397250175476
950,-1.301391839981079,-1.3029146194458008,0.0008134823874570429,0.0007092900341376662,0.1477946937084198
951,-1.3363133668899536,-1.339202642440796,0.001549311215057969,0.0013399177696555853,0.14774967730045319
952,-1.3160779476165771,-1.3195035457611084,0.0016704334411770105,0.0017550882184877992,0.14770473539829254
953,-1.3153046369552612,-1.3192583322525024,0.0018280064687132835,0.002125686500221491,0.1476597636938095
954,-1.3185890913009644,-1.3263401985168457,0.003996150568127632,0.0037549356929957867,0.14761477708816528
955,-1.3153660297393799,-1.3177851438522339,0.0011892308248206973,0.0012298920191824436,0.14756982028484344
956,-1.300784707069397,-1.3041154146194458,0.0017168533522635698,0.0016138574574142694,0.14752483367919922
957,-1.313730001449585,-1.3162304162979126,0.0013160373782739043,0.0011843603570014238,0.1474798172712326
958,-1.3111746311187744,-1.313383936882019,0.001064192270860076,0.0011451077880337834,0.1474347859621048
959,-1.3044250011444092,-1.3147523403167725,0.0050649382174015045,0.00526240561157465,0.14738979935646057
960,-1.3110299110412598,-1.3152294158935547,0.002077848417684436,0.0021216762252151966,0.14734478294849396
961,-1.2157573699951172,-1.3058077096939087,0.04541860148310661,0.04463168606162071,0.1472998410463333
962,-1.3064671754837036,-1.3083131313323975,0.0009775243233889341,0.0008684685453772545,0.14725494384765625
963,-1.3090806007385254,-1.3125925064086914,0.0017502378905192018,0.0017616261029615998,0.1472100466489792
964,-1.219282865524292,-1.2984105348587036,0.03950061649084091,0.03962705656886101,0.1471651792526245
965,-1.2191308736801147,-1.2866427898406982,0.0341666080057621,0.03334539756178856,0.14712035655975342
966,-1.3083909749984741,-1.3116066455841064,0.001685970346443355,0.0015296920901164412,0.14707548916339874
967,-1.2741082906723022,-1.2816534042358398,0.0037507677916437387,0.003794295946136117,0.14703074097633362
968,-1.3031258583068848,-1.3096837997436523,0.0031492598354816437,0.0034086862578988075,0.14698609709739685
969,-1.3175504207611084,-1.322874665260315,0.0027480649296194315,0.00257619540207088,0.14694145321846008
970,-1.3328818082809448,-1.3387718200683594,0.003193475538864732,0.002696538809686899,0.14689676463603973
971,-1.356567144393921,-1.3605966567993164,0.0018821569392457604,0.0021473614033311605,0.14685197174549103
972,-1.357942819595337,-1.3692800998687744,0.005727716721594334,0.005609452724456787,0.14680710434913635
973,-1.3455822467803955,-1.349479079246521,0.0017075773794203997,0.0021892518270760775,0.14676228165626526
974,-1.3290363550186157,-1.3324611186981201,0.0016862268093973398,0.0017385537503287196,0.14671750366687775
975,-1.3165745735168457,-1.3247754573822021,0.00416597118601203,0.004034874960780144,0.14667269587516785
976,-1.3179810047149658,-1.3232704401016235,0.002614739816635847,0.0026747381780296564,0.14662791788578033
977,-1.2962325811386108,-1.300400972366333,0.0020696199499070644,0.002098836936056614,0.1465831696987152
978,-1.2228624820709229,-1.2982443571090698,0.03822900354862213,0.03715290129184723,0.14653851091861725
979,-1.3144265413284302,-1.3165686130523682,0.0011332777794450521,0.0010087297996506095,0.1464938074350357
980,-1.3155003786087036,-1.3242483139038086,0.00428367406129837,0.004464304074645042,0.14644916355609894
981,-1.3296105861663818,-1.3347753286361694,0.002929047681391239,0.002235610270872712,0.14640454947948456
982,-1.3475959300994873,-1.350738525390625,0.0016217981465160847,0.0015207771211862564,0.14635993540287018
983,-1.3399823904037476,-1.3435964584350586,0.0018786927685141563,0.0017353377770632505,0.14631542563438416
984,-1.3625773191452026,-1.369685173034668,0.0034403435420244932,0.003667431650683284,0.14627088606357574
985,-1.3292068243026733,-1.3343942165374756,0.0026539606042206287,0.0025334565434604883,0.14622637629508972
986,-1.3120980262756348,-1.3257126808166504,0.00700152013450861,0.006613126955926418,0.14618191123008728
987,-1.3427094221115112,-1.347623348236084,0.002386988839134574,0.002526848576962948,0.14613749086856842
988,-1.314461588859558,-1.3311970233917236,0.008135887794196606,0.008599541150033474,0.14609308540821075
989,-1.349611520767212,-1.3547513484954834,0.0025182850658893585,0.002621497493237257,0.1460486799478531
990,-1.3291819095611572,-1.3320761919021606,0.0014179050922393799,0.0014764576917514205,0.1460043489933014
991,-1.3591628074645996,-1.3640828132629395,0.00229709898121655,0.0026229543145745993,0.1459599882364273
992,-1.3590892553329468,-1.3609492778778076,0.0009516266291029751,0.0009083454497158527,0.14591561257839203
993,-1.3262512683868408,-1.3292083740234375,0.0013742257142439485,0.0015828743344172835,0.14587120711803436
994,-1.3259905576705933,-1.330901026725769,0.0024147217627614737,0.0024957475252449512,0.14582683145999908
995,-1.3205524682998657,-1.324327826499939,0.001839613076299429,0.0019357354613021016,0.1457824558019638
996,-1.312358021736145,-1.3162126541137695,0.0018472254741936922,0.002007418544963002,0.1457381397485733
997,-1.3561075925827026,-1.358939290046692,0.001318169990554452,0.0015135041903704405,0.1456937938928604
998,-1.3431236743927002,-1.3470354080200195,0.001865123980678618,0.0020465513225644827,0.1456494927406311
999,-1.3487305641174316,-1.350531816482544,0.0009705944685265422,0.0008306428208015859,0.14560525119304657
1000,-1.354162573814392,-1.3591018915176392,0.0024470393545925617,0.002492266707122326,0.145561084151268
1001,-1.3560245037078857,-1.3617935180664062,0.0030028782784938812,0.0027661847416311502,0.14551685750484467
1002,-1.25621497631073,-1.3382338285446167,0.041333913803100586,0.04068495333194733,0.1454726606607437
1003,-1.314793586730957,-1.318894386291504,0.0018466253532096744,0.002254111459478736,0.14542853832244873
1004,-1.3107280731201172,-1.3130340576171875,0.00103418726939708,0.001271877670660615,0.14538446068763733
1005,-1.3296842575073242,-1.3368470668792725,0.0034136618487536907,0.0037491219118237495,0.14534036815166473
1006,-1.3293912410736084,-1.332843542098999,0.0018266950501129031,0.0016255995724350214,0.14529630541801453
1007,-1.3399847745895386,-1.343043565750122,0.001541118253953755,0.001517707365565002,0.1452522724866867
1008,-1.3576616048812866,-1.363430380821228,0.0028238105587661266,0.00294493674300611,0.1452081948518753
1009,-1.3645453453063965,-1.366274356842041,0.000864504196215421,0.0008644580957479775,0.1451641023159027
1010,-1.3698161840438843,-1.372542142868042,0.0014216385316103697,0.0013042530044913292,0.14512008428573608
1011,-1.2835723161697388,-1.3613016605377197,0.03922642022371292,0.03850289806723595,0.14507606625556946
1012,-1.3612817525863647,-1.3641929626464844,0.0014807779807597399,0.0014303404605016112,0.14503206312656403
1013,-1.336319088935852,-1.338030219078064,0.0008481979602947831,0.0008629299118183553,0.1449880301952362
1014,-1.3215385675430298,-1.3277838230133057,0.003276595612987876,0.0029686724301427603,0.14494405686855316
1015,-1.3329240083694458,-1.3374263048171997,0.002431336557492614,0.0020709610544145107,0.14490003883838654
1016,-1.32981276512146,-1.332714557647705,0.001403795089572668,0.0014980272389948368,0.14485608041286469
1017,-1.3454445600509644,-1.3530383110046387,0.0037776960525661707,0.0038160167168825865,0.14481210708618164
1018,-1.379044532775879,-1.3811171054840088,0.0010863137431442738,0.000986233470030129,0.1447681188583374
1019,-1.3802005052566528,-1.3848028182983398,0.002441372722387314,0.002160868141800165,0.14472413063049316
1020,-1.3843125104904175,-1.4028263092041016,0.00914345309138298,0.009370270185172558,0.14468011260032654
1021,-1.4002649784088135,-1.4043844938278198,0.0022395795676857233,0.0018799378303810954,0.1446361094713211
1022,-1.3611011505126953,-1.3671603202819824,0.003102710470557213,0.0029564660508185625,0.14459210634231567
1023,-1.3497079610824585,-1.3547550439834595,0.0027120369486510754,0.0023350189439952374,0.14454810321331024
1024,-1.3369457721710205,-1.3409018516540527,0.0018950741505250335,0.0020610340870916843,0.1445041298866272
1025,-1.3181363344192505,-1.3235374689102173,0.003108061384409666,0.002293158322572708,0.14446020126342773
1026,-1.3343585729599,-1.3413549661636353,0.0036050742492079735,0.003391295438632369,0.14441628754138947
1027,-1.3550975322723389,-1.361372709274292,0.0032380239572376013,0.0030370678286999464,0.1443723887205124
1028,-1.3696905374526978,-1.37237548828125,0.0012965681962668896,0.001388409174978733,0.1443285346031189
1029,-1.3599748611450195,-1.3620179891586304,0.0010771126253530383,0.0009660719661042094,0.1442847102880478
1030,-1.3817354440689087,-1.3856106996536255,0.0018771160393953323,0.001998171443119645,0.14424090087413788
1031,-1.3956165313720703,-1.400054931640625,0.002354856813326478,0.0020834901370108128,0.144197016954422
1032,-1.3612661361694336,-1.3658596277236938,0.0024706979747861624,0.0021228052210062742,0.14415326714515686
1033,-1.375154972076416,-1.3790173530578613,0.0020255399867892265,0.001836896175518632,0.14410948753356934
1034,-1.3619093894958496,-1.3679020404815674,0.0033734245225787163,0.0026192115619778633,0.144065722823143
1035,-1.3569351434707642,-1.3595733642578125,0.0012400568230077624,0.0013981529045850039,0.14402194321155548
1036,-1.3746503591537476,-1.3775867223739624,0.0014566164463758469,0.00147972721606493,0.14397814869880676
1037,-1.3707066774368286,-1.374157428741455,0.0017790456768125296,0.0016716324025765061,0.14393436908721924
1038,-1.3637094497680664,-1.366715669631958,0.0014978626277297735,0.0015083681792020798,0.1438906043767929
1039,-1.3792365789413452,-1.3829888105392456,0.0019851571414619684,0.0017670298693701625,0.1438467651605606
1040,-1.3677817583084106,-1.3686742782592773,0.0004539203364402056,0.00043852650560438633,0.1438029408454895
1041,-1.3479028940200806,-1.3529342412948608,0.002505265874788165,0.0025260625407099724,0.14375916123390198
1042,-1.362379550933838,-1.3642992973327637,0.000932058785110712,0.0009876576950773597,0.14371544122695923
1043,-1.3650015592575073,-1.3675786256790161,0.0013524491805583239,0.0012245784746482968,0.14367175102233887
1044,-1.38965904712677,-1.3952873945236206,0.0028069058898836374,0.002821443136781454,0.1436281055212021
1045,-1.3822705745697021,-1.3845148086547852,0.0011835317127406597,0.0010607268195599318,0.1435844451189041
1046,-1.3496112823486328,-1.3538682460784912,0.0020407733973115683,0.0022162259556353092,0.14354079961776733
1047,-1.3625092506408691,-1.3656792640686035,0.0015618795296177268,0.001608126563951373,0.14349719882011414
1048,-1.376685619354248,-1.3829423189163208,0.0030678757466375828,0.003188882954418659,0.14345359802246094
1049,-1.3699893951416016,-1.373537540435791,0.0017590437782928348,0.0017890497110784054,0.14341005682945251
1050,-1.376013994216919,-1.3800508975982666,0.0020773359574377537,0.0019595532212406397,0.14336654543876648
1051,-1.3839439153671265,-1.385534644126892,0.0008386620320379734,0.0007520485087297857,0.14332306385040283
1052,-1.3763684034347534,-1.3807885646820068,0.002226706361398101,0.0021934432443231344,0.1432795524597168
1053,-1.2776145935058594,-1.3596422672271729,0.04137390851974487,0.04065372794866562,0.14323604106903076
1054,-1.3797391653060913,-1.3846276998519897,0.0024339999072253704,0.002454489003866911,0.14319245517253876
1055,-1.367265224456787,-1.3701448440551758,0.001284336089156568,0.0015952246030792594,0.14314886927604675
1056,-1.2637889385223389,-1.3519461154937744,0.04409268870949745,0.04406450688838959,0.14310529828071594
1057,-1.3516206741333008,-1.357161283493042,0.002616165904328227,0.0029243924655020237,0.1430617719888687
1058,-1.3487416505813599,-1.353887915611267,0.002518672961741686,0.0026275706477463245,0.14301830530166626
1059,-1.3754976987838745,-1.380120038986206,0.0024446386378258467,0.0021777565125375986,0.14297479391098022
1060,-1.3961507081985474,-1.3999085426330566,0.0017804059898480773,0.001977477455511689,0.1429312825202942
1061,-1.4016308784484863,-1.4070734977722168,0.002703374484553933,0.0027391985058784485,0.14288783073425293
1062,-1.4350600242614746,-1.4391214847564697,0.001935768872499466,0.0021257689222693443,0.14284439384937286
1063,-1.3953485488891602,-1.3991367816925049,0.0017440104857087135,0.002044218359515071,0.14280104637145996
1064,-1.4159550666809082,-1.421150803565979,0.0026804052758961916,0.0025153651367872953,0.14275768399238586
1065,-1.3607977628707886,-1.3643338680267334,0.0017666772473603487,0.001769390655681491,0.14271438121795654
1066,-1.3662699460983276,-1.369408369064331,0.0014171076472848654,0.0017212704988196492,0.14267103374004364
1067,-1.3487348556518555,-1.353071928024292,0.002022664062678814,0.002314426936209202,0.14262771606445312
1068,-1.3446276187896729,-1.35420560836792,0.004599330946803093,0.004978683311492205,0.1425844430923462
1069,-1.367486834526062,-1.373579502105713,0.003080967580899596,0.003011707216501236,0.14254118502140045
1070,-1.3949668407440186,-1.3997808694839478,0.002619860228151083,0.0021942188031971455,0.1424979418516159
1071,-1.391817569732666,-1.398652195930481,0.003520288970321417,0.0033143602777272463,0.14245469868183136
1072,-1.4301483631134033,-1.4344491958618164,0.0020258824806660414,0.002274991711601615,0.1424115151166916
1073,-1.4063196182250977,-1.4138860702514648,0.0034871131647378206,0.00407937727868557,0.1423683911561966
1074,-1.4138381481170654,-1.4193698167800903,0.002844044007360935,0.0026875147596001625,0.1423252820968628
1075,-1.4003651142120361,-1.4058245420455933,0.0029776885639876127,0.002481655450537801,0.1422821432352066
1076,-1.3650163412094116,-1.3685603141784668,0.0017443234100937843,0.0017997422255575657,0.14223897457122803
1077,-1.3675466775894165,-1.3717797994613647,0.0020103780552744865,0.002222771057859063,0.14219585061073303
1078,-1.371972680091858,-1.3762516975402832,0.002179228002205491,0.0020997393876314163,0.1421527862548828
1079,-1.3885773420333862,-1.3945538997650146,0.0029556869994848967,0.0030209298711270094,0.14210978150367737
1080,-1.4009830951690674,-1.4077556133270264,0.003377450630068779,0.00339508056640625,0.14206674695014954
1081,-1.4083002805709839,-1.4131357669830322,0.0023739475291222334,0.0024615717120468616,0.1420237421989441
1082,-1.4069490432739258,-1.4089866876602173,0.001149592106230557,0.0008881199755705893,0.14198075234889984
1083,-1.4314720630645752,-1.435078501701355,0.0017600881401449442,0.001846333616413176,0.14193765819072723
1084,-1.4076437950134277,-1.4103286266326904,0.001355589833110571,0.0013291648356243968,0.14189459383487701
1085,-1.4079116582870483,-1.4120328426361084,0.0021892038639634848,0.0019320757128298283,0.1418515145778656
1086,-1.401357889175415,-1.4077118635177612,0.0031954606529325247,0.0031586065888404846,0.14180834591388702
1087,-1.3835153579711914,-1.3935476541519165,0.004951068665832281,0.005081145092844963,0.14176523685455322
1088,-1.3077871799468994,-1.3869268894195557,0.04063527658581734,0.0385044664144516,0.14172212779521942
1089,-1.3929942846298218,-1.3979909420013428,0.0023582917638123035,0.002638290636241436,0.1416790634393692
1090,-1.4025347232818604,-1.4049015045166016,0.0012680386425927281,0.0010987549321725965,0.14163602888584137
1091,-1.403861403465271,-1.408882737159729,0.002341195475310087,0.0026801745407283306,0.1415930539369583
1092,-1.3172786235809326,-1.3930020332336426,0.03915173560380936,0.03657165542244911,0.14155007898807526
1093,-1.4022172689437866,-1.4078882932662964,0.002520107664167881,0.003150901524350047,0.14150702953338623
1094,-1.4244599342346191,-1.4293924570083618,0.002366677625104785,0.002565838862210512,0.1414640247821808
1095,-1.4262020587921143,-1.4321246147155762,0.002810694510117173,0.0031118523329496384,0.14142103493213654
1096,-1.4043434858322144,-1.4099774360656738,0.002677015494555235,0.002956940559670329,0.14137805998325348
1097,-1.401941180229187,-1.4071356058120728,0.0028781499713659286,0.0023161964491009712,0.141335129737854
1098,-1.4103635549545288,-1.4203563928604126,0.004927675239741802,0.005065207835286856,0.1412922590970993
1099,-1.3955129384994507,-1.400942325592041,0.0026433803141117096,0.0027860000263899565,0.14124944806098938
1100,-1.427212119102478,-1.4304182529449463,0.0019303333247080445,0.001275718561373651,0.14120665192604065
1101,-1.414418339729309,-1.4167076349258423,0.0011548378970474005,0.0011345692910254002,0.1411638706922531
1102,-1.4102033376693726,-1.4137386083602905,0.0018099519656971097,0.0017252740217372775,0.14112108945846558
1103,-1.4235764741897583,-1.4299710988998413,0.0031248959712684155,0.003269691253080964,0.14107827842235565
1104,-1.4251154661178589,-1.4310227632522583,0.002627377398312092,0.003279926721006632,0.14103540778160095
1105,-1.4152531623840332,-1.4204927682876587,0.002365394961088896,0.0028742633294314146,0.14099253714084625
1106,-1.421427845954895,-1.4245561361312866,0.0015782301779836416,0.0015500831650570035,0.14094969630241394
1107,-1.4143379926681519,-1.423567771911621,0.004743189085274935,0.004486612975597382,0.14090687036514282
1108,-1.4165191650390625,-1.4193843603134155,0.0014972442295402288,0.0013678689720109105,0.14086411893367767
1109,-1.4027163982391357,-1.405971884727478,0.0015926217893138528,0.0016628176672384143,0.1408214569091797
1110,-1.4092413187026978,-1.412724494934082,0.0018003524746745825,0.0016828604275360703,0.14077888429164886
1111,-1.4176172018051147,-1.422956109046936,0.002589916344732046,0.0027489622589200735,0.14073637127876282
1112,-1.4291646480560303,-1.436853289604187,0.003899527480825782,0.003789112437516451,0.14069385826587677
1113,-1.415818691253662,-1.419845461845398,0.0018975911661982536,0.0021291635930538177,0.14065136015415192
1114,-1.4075862169265747,-1.415830373764038,0.004089408554136753,0.004154788795858622,0.14060881733894348
1115,-1.4200133085250854,-1.424194097518921,0.002192448591813445,0.0019883234053850174,0.14056618511676788
1116,-1.4293980598449707,-1.4365839958190918,0.003733175341039896,0.0034528221003711224,0.14052364230155945
1117,-1.3961683511734009,-1.4050617218017578,0.004499874543398619,0.004393452312797308,0.14048120379447937
1118,-1.4322457313537598,-1.4338210821151733,0.0007558194338344038,0.0008196194539777935,0.1404387354850769
1119,-1.4304172992706299,-1.4339993000030518,0.0016723806038498878,0.0019096409669145942,0.14039619266986847
1120,-1.4266053438186646,-1.4316160678863525,0.002393555361777544,0.0026171288918703794,0.14035356044769287
1121,-1.4186785221099854,-1.4228085279464722,0.0022009285166859627,0.0019290506606921554,0.14031094312667847
1122,-1.4285304546356201,-1.4309970140457153,0.0011279768077656627,0.00133865128736943,0.14026834070682526
1123,-1.416965365409851,-1.4193392992019653,0.0010596632491797209,0.0013142561074346304,0.1402258276939392
1124,-1.4263498783111572,-1.431152582168579,0.0023684785701334476,0.0024342627730220556,0.14018331468105316
1125,-1.4501986503601074,-1.4520061016082764,0.0008470507455058396,0.000960353878326714,0.14014074206352234
1126,-1.4112271070480347,-1.4163213968276978,0.0024266266264021397,0.0026677241548895836,0.14009830355644226
1127,-1.4295153617858887,-1.432649850845337,0.0013691881904378533,0.0017653042450547218,0.1400557905435562
1128,-1.4176489114761353,-1.4192324876785278,0.000788773235399276,0.0007947933627292514,0.14001330733299255
1129,-1.421660304069519,-1.4235756397247314,0.0009054578258655965,0.001009793602861464,0.1399708092212677
1130,-1.4170830249786377,-1.4223874807357788,0.00269192922860384,0.002612491836771369,0.13992828130722046
1131,-1.4086315631866455,-1.4123238325119019,0.0020179832354187965,0.0016743169398978353,0.13988584280014038
1132,-1.4376401901245117,-1.4440994262695312,0.0030864221043884754,0.0033727982081472874,0.1398434042930603
1133,-1.4504450559616089,-1.456459879875183,0.003072486724704504,0.0029422896914184093,0.13980095088481903
1134,-1.4546359777450562,-1.4578959941864014,0.0016140189254656434,0.0016459835460409522,0.13975851237773895
1135,-1.4537016153335571,-1.4569543600082397,0.0017949362518265843,0.0014577812980860472,0.13971608877182007
1136,-1.4404855966567993,-1.4427759647369385,0.0011793783633038402,0.0011110667837783694,0.13967369496822357
1137,-1.4457429647445679,-1.4485971927642822,0.0014236108399927616,0.001430658157914877,0.13963130116462708
1138,-1.4165793657302856,-1.4206956624984741,0.001997739775106311,0.0021185362711548805,0.1395888775587082
1139,-1.4009841680526733,-1.413522720336914,0.0066467528231441975,0.005891774315387011,0.1395464837551117
1140,-1.4269459247589111,-1.4304225444793701,0.0018282514065504074,0.001648466568440199,0.13950414955615997
1141,-1.4285815954208374,-1.4325064420700073,0.0019282178254798055,0.0019966140389442444,0.13946186006069183
1142,-1.438608169555664,-1.4403539896011353,0.0009074870613403618,0.0008382581872865558,0.1394195705652237
1143,-1.4384334087371826,-1.4423483610153198,0.0017974504735320807,0.002117572585120797,0.13937735557556152
1144,-1.4551827907562256,-1.4625763893127441,0.003705247538164258,0.0036883545108139515,0.1393350064754486
1145,-1.4301003217697144,-1.4322565793991089,0.0011058765230700374,0.0010503539815545082,0.13929268717765808
1146,-1.3512815237045288,-1.4333919286727905,0.04149454087018967,0.04061587527394295,0.13925033807754517
1147,-1.3961248397827148,-1.3993165493011475,0.0017217204440385103,0.0014700242318212986,0.13920801877975464
1148,-1.425060510635376,-1.4301588535308838,0.0027626322116702795,0.0023356908932328224,0.13916562497615814
1149,-1.4223099946975708,-1.4277420043945312,0.0027746865525841713,0.0026572956703603268,0.13912324607372284
1150,-1.435705542564392,-1.4415771961212158,0.0027677901089191437,0.0031038769520819187,0.13908089697360992
1151,-1.455100417137146,-1.4576650857925415,0.001337745226919651,0.0012269476428627968,0.13903850317001343
1152,-1.465713381767273,-1.4686270952224731,0.001610428560525179,0.0013032738352194428,0.1389961987733841
1153,-1.4722716808319092,-1.4756172895431519,0.001921685878187418,0.0014239230658859015,0.13895393908023834
1154,-1.442496418952942,-1.4458755254745483,0.0016846830258145928,0.0016944317612797022,0.13891173899173737
1155,-1.4439870119094849,-1.4557335376739502,0.00615907134488225,0.005587425548583269,0.13886943459510803
1156,-1.4376343488693237,-1.4432644844055176,0.002605714602395892,0.00302445818670094,0.1388271450996399
1157,-1.3332669734954834,-1.4275093078613281,0.047898486256599426,0.04634377360343933,0.13878490030765533
1158,-1.415255069732666,-1.4194008111953735,0.002234813291579485,0.0019109537824988365,0.13874267041683197
1159,-1.4293467998504639,-1.4383059740066528,0.004465925972908735,0.004493188112974167,0.13870051503181458
1160,-1.4655312299728394,-1.4685503244400024,0.001731185708194971,0.0012878838460892439,0.138658344745636
1161,-1.4469048976898193,-1.4513530731201172,0.002201144117861986,0.0022469772957265377,0.13861620426177979
1162,-1.4571939706802368,-1.4599392414093018,0.0013656769879162312,0.0013796534622088075,0.13857409358024597
1163,-1.471760869026184,-1.4773027896881104,0.002959636738523841,0.0025823123287409544,0.13853205740451813
1164,-1.4552022218704224,-1.4591748714447021,0.001886423910036683,0.002086227061226964,0.13849009573459625
1165,-1.4621093273162842,-1.4659274816513062,0.0017348147230222821,0.0020833283197134733,0.13844811916351318
1166,-1.4454911947250366,-1.4480807781219482,0.0010645585134625435,0.0015249893767759204,0.1384061872959137
1167,-1.431522011756897,-1.4412237405776978,0.004849171731621027,0.0048525044694542885,0.1383643001317978
1168,-1.4561505317687988,-1.4622728824615479,0.003337648930028081,0.002784726908430457,0.13832233846187592
1169,-1.450919270515442,-1.4534013271331787,0.0013116870541125536,0.0011704103089869022,0.13828036189079285
1170,-1.4477837085723877,-1.4538938999176025,0.0028811984229832888,0.003229019697755575,0.13823847472667694
1171,-1.4643077850341797,-1.4663649797439575,0.001037303707562387,0.001019870862364769,0.13819663226604462
1172,-1.4764518737792969,-1.4793847799301147,0.001512313261628151,0.0014206431806087494,0.13815481960773468
1173,-1.4636768102645874,-1.4683769941329956,0.002688494510948658,0.0020116770174354315,0.13811303675174713
1174,-1.4617751836776733,-1.464743733406067,0.0014925453579053283,0.0014760959893465042,0.13807126879692078
1175,-1.4535900354385376,-1.4571598768234253,0.0018023487646132708,0.0017675168346613646,0.1380295306444168
1176,-1.4510142803192139,-1.4562268257141113,0.0025481614284217358,0.002664300613105297,0.13798771798610687
1177,-1.4459909200668335,-1.4492237567901611,0.0016785984626039863,0.0015542025212198496,0.13794593513011932
1178,-1.4533284902572632,-1.4598807096481323,0.003553910879418254,0.0029984021093696356,0.13790418207645416
1179,-1.4704618453979492,-1.471747875213623,0.0005908061866648495,0.000695188355166465,0.1378624588251114
1180,-1.4689379930496216,-1.471449851989746,0.0010932505829259753,0.0014186351327225566,0.137820765376091
1181,-1.471116542816162,-1.4726707935333252,0.0009376819944009185,0.0006165363593026996,0.13777904212474823
1182,-1.47597074508667,-1.4794983863830566,0.0018389001488685608,0.0016886761877685785,0.13773727416992188
1183,-1.4831563234329224,-1.488646388053894,0.0026231110095977783,0.0028669447638094425,0.1376955658197403
1184,-1.4761803150177002,-1.4828391075134277,0.003347123973071575,0.003311657113954425,0.1376538872718811
1185,-1.4692330360412598,-1.4720897674560547,0.0014421411324292421,0.0014145603636279702,0.1376122087240219
1186,-1.474048376083374,-1.4808433055877686,0.0037523959763348103,0.003042614785954356,0.13757051527500153
1187,-1.4448834657669067,-1.448001503944397,0.0014975653029978275,0.0016205488936975598,0.13752886652946472
1188,-1.4634785652160645,-1.4682934284210205,0.0025580201763659716,0.0022568288259208202,0.13748720288276672
1189,-1.4630630016326904,-1.4691450595855713,0.0031874433625489473,0.0028946329839527607,0.13744550943374634
1190,-1.483380675315857,-1.487221598625183,0.0019015424186363816,0.0019393981201574206,0.13740389049053192
1191,-1.4619299173355103,-1.4639296531677246,0.0011442299000918865,0.0008556161774322391,0.13736224174499512
1192,-1.4584137201309204,-1.4625918865203857,0.002042427659034729,0.002135766204446554,0.13732069730758667
1193,-1.4849907159805298,-1.4892017841339111,0.0021606157533824444,0.0020504584535956383,0.1372791975736618
1194,-1.4802433252334595,-1.4855645895004272,0.002610389841720462,0.0027108625508844852,0.13723765313625336
1195,-1.4861023426055908,-1.4890143871307373,0.001457427628338337,0.0014546297024935484,0.1371961236000061
1196,-1.4857350587844849,-1.4914283752441406,0.0028454186394810677,0.0028479346074163914,0.13715454936027527
1197,-1.4857306480407715,-1.4913944005966187,0.002707494655624032,0.0029562392737716436,0.13711297512054443
1198,-1.4813183546066284,-1.4874542951583862,0.0027186986990273,0.0034172579180449247,0.13707147538661957
1199,-1.4850561618804932,-1.488762617111206,0.0020729191601276398,0.0016335772816091776,0.13702993094921112
1200,-1.4889665842056274,-1.4916621446609497,0.0015149627579376101,0.0011806664988398552,0.13698840141296387
1201,-1.484290361404419,-1.4882533550262451,0.002089311368763447,0.0018737063510343432,0.136946901679039
1202,-1.4658186435699463,-1.4706891775131226,0.0025547996629029512,0.002315753372386098,0.13690544664859772
1203,-1.4543079137802124,-1.456355333328247,0.001107855699956417,0.0009395680972374976,0.13686399161815643
1204,-1.4532493352890015,-1.454933524131775,0.0009333447087556124,0.0007509371498599648,0.13682250678539276
1205,-1.4502058029174805,-1.4521273374557495,0.0010001168120652437,0.0009214241290464997,0.13678103685379028
1206,-1.4518375396728516,-1.4546233415603638,0.0015517747960984707,0.0012340530520305037,0.1367396116256714
1207,-1.482078194618225,-1.486208200454712,0.002236127620562911,0.0018938718130812049,0.13669821619987488
1208,-1.4850908517837524,-1.4881360530853271,0.0014913140330463648,0.0015538542065769434,0.13665683567523956
1209,-1.502516269683838,-1.5054521560668945,0.0015120524913072586,0.001423782086931169,0.13661545515060425
1210,-1.48629629611969,-1.4902474880218506,0.001892322557978332,0.0020588943734765053,0.13657400012016296
1211,-1.5014023780822754,-1.504949927330017,0.0018030678620561957,0.001744567765854299,0.13653257489204407
1212,-1.493431806564331,-1.4959235191345215,0.001358381356112659,0.001133313518948853,0.1364911049604416
1213,-1.4837875366210938,-1.4852936267852783,0.0007443278445862234,0.0007618000381626189,0.1364496499300003
1214,-1.479491114616394,-1.4808820486068726,0.0006040989537723362,0.000786776130553335,0.13640816509723663
1215,-1.4691725969314575,-1.47110915184021,0.0009215333848260343,0.0010150311281904578,0.13636672496795654
1216,-1.473586082458496,-1.479665756225586,0.0031010531820356846,0.002978613367304206,0.13632529973983765
1217,-1.479477047920227,-1.48293137550354,0.0016577707137912512,0.001796657219529152,0.13628390431404114
1218,-1.488759994506836,-1.4968684911727905,0.004105556756258011,0.004002916160970926,0.13624247908592224
1219,-1.5111541748046875,-1.514337182044983,0.0015433982480317354,0.0016395640559494495,0.1362011581659317
1220,-1.502738118171692,-1.5059120655059814,0.0015584235079586506,0.0016155390767380595,0.1361597776412964
1221,-1.4879827499389648,-1.490860939025879,0.0014091769699007273,0.0014690239913761616,0.13611844182014465
1222,-1.500587821006775,-1.5055391788482666,0.002553979167714715,0.0023973705247044563,0.1360771209001541
1223,-1.4738837480545044,-1.4786535501480103,0.002220573602244258,0.0025492156855762005,0.13603579998016357
1224,-1.4856460094451904,-1.4964466094970703,0.004872980061918497,0.005927602760493755,0.135994553565979
1225,-1.492336392402649,-1.4938642978668213,0.0007763097528368235,0.0007516536861658096,0.13595327734947205
1226,-1.4921901226043701,-1.4940587282180786,0.000913791183847934,0.0009548699017614126,0.13591204583644867
1227,-1.4945321083068848,-1.4970886707305908,0.0015657225158065557,0.0009908535284921527,0.13587088882923126
1228,-1.502069354057312,-1.5033748149871826,0.0006977880257181823,0.0006077114958316088,0.13582976162433624
1229,-1.5016862154006958,-1.5041327476501465,0.0012752912007272243,0.0011712851701304317,0.1357887089252472
1230,-1.5017470121383667,-1.5040295124053955,0.0011983662843704224,0.0010840569157153368,0.13574764132499695
1231,-1.4965323209762573,-1.5008429288864136,0.00214961776509881,0.0021610537078231573,0.13570661842823029
1232,-1.5068999528884888,-1.5118727684020996,0.00247449753805995,0.002498242538422346,0.13566556572914124
1233,-1.5239287614822388,-1.5267137289047241,0.0012880699941888452,0.0014968698378652334,0.13562454283237457
1234,-1.4980354309082031,-1.5005757808685303,0.0012568356469273567,0.001283585443161428,0.1355835199356079
1235,-1.4999388456344604,-1.5045284032821655,0.0022010046523064375,0.0023885525297373533,0.13554249703884125
1236,-1.520399808883667,-1.5231562852859497,0.0014729612739756703,0.0012835292145609856,0.13550148904323578
1237,-1.522306203842163,-1.5247366428375244,0.0010602340335026383,0.0013702195137739182,0.13546045124530792
1238,-1.5100629329681396,-1.5117509365081787,0.0008658184669911861,0.0008221372263506055,0.13541941344738007
1239,-1.4937174320220947,-1.5015336275100708,0.00396047392860055,0.003855686169117689,0.13537846505641937
1240,-1.5062907934188843,-1.5110552310943604,0.002223145216703415,0.002541353227570653,0.1353374719619751
1241,-1.5192533731460571,-1.5288279056549072,0.004786483012139797,0.0047880359925329685,0.13529643416404724
1242,-1.5030637979507446,-1.5053720474243164,0.000993107445538044,0.0013150798622518778,0.13525548577308655
1243,-1.5119609832763672,-1.5173280239105225,0.0026625513564795256,0.0027044941671192646,0.13521450757980347
1244,-1.510687232017517,-1.5139358043670654,0.0016737200785428286,0.001574874622747302,0.13517358899116516
1245,-1.4880273342132568,-1.4903967380523682,0.0010193850612267852,0.0013500326313078403,0.13513270020484924
1246,-1.507857322692871,-1.5185916423797607,0.005384559743106365,0.005349753890186548,0.13509182631969452
1247,-1.5135642290115356,-1.5152093172073364,0.0008300577173940837,0.0008150229696184397,0.13505099713802338
1248,-1.5145593881607056,-1.5196068286895752,0.00258045457303524,0.0024669882841408253,0.13501010835170746
1249,-1.503645420074463,-1.5072240829467773,0.001969113014638424,0.001609542639926076,0.13496923446655273
1250,-1.5192149877548218,-1.5210051536560059,0.0009508936200290918,0.0008392562158405781,0.1349283754825592
1251,-1.5160486698150635,-1.5263886451721191,0.004941502586007118,0.005398520268499851,0.1348874568939209
1252,-1.4880646467208862,-1.4918651580810547,0.002014635130763054,0.0017858148785308003,0.13484665751457214
1253,-1.519997000694275,-1.523424744606018,0.0017604208551347256,0.0016673867357894778,0.13480576872825623
1254,-1.502634882926941,-1.5051255226135254,0.0013069846900179982,0.0011836809571832418,0.1347649246454239
1255,-1.50984787940979,-1.5123305320739746,0.0012314722407609224,0.0012511804234236479,0.13472402095794678
1256,-1.4993363618850708,-1.5012571811676025,0.0008537819376215339,0.0010669954353943467,0.13468320667743683
1257,-1.5054153203964233,-1.5073785781860352,0.0010612776968628168,0.0009019577410072088,0.13464243710041046
1258,-1.5044050216674805,-1.5079337358474731,0.0018584128702059388,0.0016703048022463918,0.1346016377210617
1259,-1.5127477645874023,-1.5158965587615967,0.0017368928529322147,0.001411914941854775,0.13456088304519653
1260,-1.5187183618545532,-1.5229859352111816,0.0020353139843791723,0.002232351340353489,0.13452014327049255
1261,-1.5264322757720947,-1.5283012390136719,0.0008867364376783371,0.000982247875072062,0.13447946310043335
1262,-1.516150951385498,-1.5230203866958618,0.003536361502483487,0.003333127358928323,0.13443870842456818
1263,-1.533886432647705,-1.537330150604248,0.0017793826991692185,0.0016643085982650518,0.13439801335334778
1264,-1.5195833444595337,-1.5239050388336182,0.0020845404360443354,0.00223717768676579,0.13435734808444977
1265,-1.5081570148468018,-1.512227177619934,0.0021754223853349686,0.0018947187345474958,0.13431674242019653
1266,-1.507635474205017,-1.510547161102295,0.0014946520095691085,0.0014170001959428191,0.13427618145942688
1267,-1.5052423477172852,-1.5078541040420532,0.0014630780788138509,0.001148728420957923,0.13423559069633484
1268,-1.4923371076583862,-1.4938490390777588,0.0006631285650655627,0.0008487182203680277,0.13419494032859802
1269,-1.503415822982788,-1.5102646350860596,0.003420171793550253,0.003428639844059944,0.13415437936782837
1270,-1.5236282348632812,-1.5315701961517334,0.0038293306715786457,0.004112550988793373,0.1341138333082199
1271,-1.5197988748550415,-1.5217604637145996,0.0009608422988094389,0.0010008197277784348,0.13407328724861145
1272,-1.5364993810653687,-1.5391898155212402,0.001348357880488038,0.0013420941540971398,0.13403277099132538
1273,-1.5468498468399048,-1.5505963563919067,0.0016921479254961014,0.002054337179288268,0.13399222493171692
1274,-1.5293623208999634,-1.5340652465820312,0.002369372174143791,0.002333518350496888,0.13395169377326965
1275,-1.5144075155258179,-1.5201221704483032,0.003086747834458947,0.00262783607468009,0.1339111626148224
1276,-1.5202807188034058,-1.5276410579681396,0.0038528216537088156,0.003507461631670594,0.1338706612586975
1277,-1.518170714378357,-1.5212026834487915,0.0014072484336793423,0.0016247424064204097,0.13383013010025024
1278,-1.535662293434143,-1.5372114181518555,0.0008588760974816978,0.0006902318564243615,0.13378958404064178
1279,-1.5097852945327759,-1.5127873420715332,0.0016932906582951546,0.0013087434927001595,0.13374903798103333
1280,-1.5238573551177979,-1.527335286140442,0.0016882907366380095,0.0017896943027153611,0.13370855152606964
1281,-1.510144829750061,-1.5154017210006714,0.002407332882285118,0.0028495234437286854,0.13366813957691193
1282,-1.5288221836090088,-1.5311458110809326,0.0011083376593887806,0.0012152873678132892,0.13362769782543182
1283,-1.5372238159179688,-1.5390039682388306,0.0009062276221811771,0.0008739175973460078,0.1335873156785965
1284,-1.524214506149292,-1.5253448486328125,0.0005780025385320187,0.0005522895371541381,0.1335468292236328
1285,-1.5310348272323608,-1.5339728593826294,0.0013590584276244044,0.0015789468307048082,0.1335064023733139
1286,-1.5253154039382935,-1.5273213386535645,0.0010657189413905144,0.0009401562856510282,0.1334659904241562
1287,-1.5162155628204346,-1.522302269935608,0.002951284172013402,0.0031354064121842384,0.13342563807964325
1288,-1.523369312286377,-1.5259703397750854,0.001236306270584464,0.0013647223822772503,0.1333852857351303
1289,-1.5324429273605347,-1.534111738204956,0.0008247897494584322,0.0008439706871286035,0.13334493339061737
1290,-1.5249594449996948,-1.5291742086410522,0.0023846039548516273,0.0018301034579053521,0.133304625749588
1291,-1.5445973873138428,-1.5473403930664062,0.0013400668976828456,0.0014030132442712784,0.13326427340507507
1292,-1.5388767719268799,-1.5421968698501587,0.0018170641269534826,0.0015029993373900652,0.13322389125823975
1293,-1.557716727256775,-1.5640332698822021,0.0030205564107745886,0.0032960062380880117,0.13318346440792084
1294,-1.5447185039520264,-1.5531837940216064,0.004163320176303387,0.004302039742469788,0.1331431120634079
1295,-1.557020902633667,-1.5645959377288818,0.003839086275547743,0.003735868725925684,0.13310280442237854
1296,-1.5633517503738403,-1.567930817604065,0.0023093598429113626,0.0022697977256029844,0.13306240737438202
1297,-1.5469321012496948,-1.552664875984192,0.003160064807161689,0.0025726081803441048,0.13302209973335266
1298,-1.5548456907272339,-1.55967116355896,0.002635813318192959,0.0021896734833717346,0.13298176229000092
1299,-1.5311285257339478,-1.531945824623108,0.00042800800292752683,0.000389329856261611,0.1329413652420044
1300,-1.52853262424469,-1.5311038494110107,0.0013700156705453992,0.0012012117076665163,0.13290102779865265
1301,-1.5139954090118408,-1.5188493728637695,0.0023521119728684425,0.0025018244050443172,0.13286076486110687
1302,-1.520442247390747,-1.5270400047302246,0.003352055326104164,0.0032457667402923107,0.13282054662704468
1303,-1.5306261777877808,-1.5388239622116089,0.004064690321683884,0.004133132752031088,0.13278032839298248
1304,-1.5378882884979248,-1.5394467115402222,0.0006797662354074419,0.0008787468541413546,0.13274016976356506
1305,-1.548731803894043,-1.5505034923553467,0.0008291716803796589,0.0009424111340194941,0.13270001113414764
1306,-1.5624223947525024,-1.5670135021209717,0.002224135212600231,0.002367031527683139,0.13265983760356903
1307,-1.5511401891708374,-1.5548453330993652,0.0019244870636612177,0.001780639635398984,0.132619708776474
1308,-1.5468618869781494,-1.5494115352630615,0.0013028521789237857,0.001246785162948072,0.13257955014705658
1309,-1.5439772605895996,-1.5501047372817993,0.003214804222807288,0.0029126096051186323,0.13253948092460632
1310,-1.5315738916397095,-1.538626790046692,0.0034271131735295057,0.0036257212050259113,0.13249947130680084
1311,-1.5529545545578003,-1.5567724704742432,0.001959174172952771,0.0018586883088573813,0.13245949149131775
1312,-1.549623727798462,-1.5518183708190918,0.001103248680010438,0.0010914047015830874,0.13241958618164062
1313,-1.5601999759674072,-1.5638360977172852,0.0017362541984766722,0.0018998458981513977,0.1323796510696411
1314,-1.548916220664978,-1.5535907745361328,0.0019055918091908097,0.002768994076177478,0.1323397010564804
1315,-1.5400683879852295,-1.5435285568237305,0.001468486851081252,0.001991680357605219,0.13229972124099731
1316,-1.5249881744384766,-1.526876449584961,0.0008240892784669995,0.0010641436092555523,0.13225969672203064
1317,-1.5427088737487793,-1.5476576089859009,0.0026892456226050854,0.0022594849579036236,0.13221965730190277
1318,-1.5430232286453247,-1.5443313121795654,0.0006602010689675808,0.0006478621507994831,0.13217969238758087
1319,-1.4302932024002075,-1.5268481969833374,0.05004136264324188,0.04651366174221039,0.13213977217674255
1320,-1.534956693649292,-1.5392143726348877,0.002448449842631817,0.0018091914243996143,0.13209989666938782
1321,-1.5469926595687866,-1.5495802164077759,0.0013886524830013514,0.0011988668702542782,0.1320599615573883
1322,-1.5491856336593628,-1.5528641939163208,0.001892337342724204,0.00178625900298357,0.13202004134655
1323,-1.564648985862732,-1.5674872398376465,0.0016095794271677732,0.0012286428827792406,0.13198018074035645
1324,-1.566358208656311,-1.5696667432785034,0.0015799491666257381,0.0017285647336393595,0.1319403499364853
1325,-1.5590181350708008,-1.5633949041366577,0.0019975409377366304,0.0023791638668626547,0.1319005936384201
1326,-1.560990333557129,-1.5689071416854858,0.003932632971554995,0.003984220325946808,0.13186083734035492
1327,-1.5408129692077637,-1.5437419414520264,0.001422197907231748,0.001506855827756226,0.1318211406469345
1328,-1.5495461225509644,-1.5607705116271973,0.00571744330227375,0.005507020279765129,0.1317814290523529
1329,-1.566774606704712,-1.5725288391113281,0.0029081262182444334,0.0028460973408073187,0.1317417174577713
1330,-1.5981184244155884,-1.6041510105133057,0.003261233912780881,0.0027713736053556204,0.1317020207643509
1331,-1.5761905908584595,-1.5822607278823853,0.0031716206576675177,0.002898549661040306,0.1316623091697693
1332,-1.5769566297531128,-1.5857388973236084,0.004434653092175722,0.004347521811723709,0.13162259757518768
1333,-1.5856658220291138,-1.5922425985336304,0.0034456555731594563,0.003131123725324869,0.13158291578292847
1334,-1.58864164352417,-1.5916858911514282,0.0012635048478841782,0.001780790276825428,0.1315431296825409
1335,-1.5584361553192139,-1.5686092376708984,0.005331599619239569,0.004841475747525692,0.13150334358215332
1336,-1.5383507013320923,-1.5416152477264404,0.0016324276803061366,0.001632107887417078,0.13146355748176575
1337,-1.5621986389160156,-1.5644257068634033,0.0011404993711039424,0.0010865440126508474,0.13142389059066772
1338,-1.5501258373260498,-1.5580790042877197,0.0037452911492437124,0.004207896068692207,0.1313842236995697
1339,-1.5747183561325073,-1.5788617134094238,0.0021882785949856043,0.0019550113938748837,0.1313445121049881
1340,-1.4762225151062012,-1.5702779293060303,0.04968589171767235,0.04436955973505974,0.13130484521389008
1341,-1.5653129816055298,-1.5669331550598145,0.000815249455627054,0.0008048998424783349,0.13126522302627563
1342,-1.544392466545105,-1.5485875606536865,0.0019067390821874142,0.0022883738856762648,0.13122554123401642
1343,-1.5657727718353271,-1.5692981481552124,0.001839563250541687,0.001685818308033049,0.13118593394756317
1344,-1.5682547092437744,-1.572911024093628,0.0026421283837407827,0.0020141960121691227,0.13114628195762634
1345,-1.5600690841674805,-1.5648901462554932,0.0025541731156408787,0.0022669152822345495,0.13110670447349548
1346,-1.5940659046173096,-1.6006951332092285,0.0032160396222025156,0.003413148457184434,0.13106706738471985
1347,-1.5790737867355347,-1.5832388401031494,0.002310483017936349,0.001854593399912119,0.1310274302959442
1348,-1.587143898010254,-1.5903030633926392,0.0018385720904916525,0.001320571405813098,0.13098782300949097
1349,-1.5690020322799683,-1.574101448059082,0.002584383822977543,0.0025150366127490997,0.1309482604265213
1350,-1.5613737106323242,-1.5673819780349731,0.002923905150964856,0.003084462834522128,0.13090874254703522
1351,-1.5681716203689575,-1.5732910633087158,0.002590636257082224,0.002528817392885685,0.13086922466754913
1352,-1.5962321758270264,-1.5971758365631104,0.0005868342705070972,0.00035680164000950754,0.13082976639270782
1353,-1.5630779266357422,-1.5674651861190796,0.0022006232757121325,0.0021866997703909874,0.13079030811786652
1354,-1.5882364511489868,-1.590822458267212,0.0012351805344223976,0.001350855571217835,0.130750834941864
1355,-1.5810377597808838,-1.5835429430007935,0.0011899573728442192,0.001315202214755118,0.13071128726005554
1356,-1.5907822847366333,-1.5935170650482178,0.0013689144980162382,0.0013659493997693062,0.13067170977592468
1357,-1.5874757766723633,-1.5963557958602905,0.004293191712349653,0.004586821887642145,0.1306321918964386
1358,-1.5692757368087769,-1.5711623430252075,0.001032266765832901,0.0008543308940716088,0.1305927038192749
1359,-1.578424096107483,-1.5798923969268799,0.0006972713163122535,0.0007710132631473243,0.13055320084095
1360,-1.578552484512329,-1.5824944972991943,0.001962205395102501,0.0019798153080046177,0.1305137723684311
1361,-1.5792584419250488,-1.5847368240356445,0.002446770900860429,0.0030316151678562164,0.13047437369823456
1362,-1.5657713413238525,-1.5677361488342285,0.0009484392940066755,0.0010163401020690799,0.1304350048303604
1363,-1.5798717737197876,-1.5821170806884766,0.000878450577147305,0.0013668123865500093,0.13039563596248627
1364,-1.61664617061615,-1.6240811347961426,0.003771477611735463,0.003663509851321578,0.13035616278648376
1365,-1.5996363162994385,-1.6030477285385132,0.0018006813479587436,0.0016108090057969093,0.1303166002035141
1366,-1.590142846107483,-1.5947357416152954,0.0022117437329143286,0.0023811578284949064,0.13027708232402802
1367,-1.5820019245147705,-1.5856218338012695,0.0018274050671607256,0.001792494673281908,0.13023757934570312
1368,-1.5854518413543701,-1.5887165069580078,0.0015151753323152661,0.0017495369538664818,0.13019809126853943
1369,-1.577508807182312,-1.5786802768707275,0.0006636692560277879,0.0005078167305327952,0.13015861809253693
1370,-1.5793288946151733,-1.5819027423858643,0.0012687086127698421,0.0013051193673163652,0.1301191747188568
1371,-1.58795166015625,-1.5899558067321777,0.0009822449646890163,0.0010218637762591243,0.13007979094982147
1372,-1.572759747505188,-1.576979398727417,0.002026135101914406,0.0021936222910881042,0.13004043698310852
1373,-1.5863813161849976,-1.5887442827224731,0.001160430838353932,0.001202536397613585,0.13000115752220154
1374,-1.6057614088058472,-1.6087738275527954,0.0015089429216459394,0.0015034752432256937,0.12996189296245575
1375,-1.590316891670227,-1.5924129486083984,0.0010713915107771754,0.0010246968595311046,0.12992264330387115
1376,-1.5968669652938843,-1.6026479005813599,0.0030271366704255342,0.0027538612484931946,0.12988340854644775
1377,-1.593127965927124,-1.597619652748108,0.0022065958473831415,0.002285153605043888,0.12984420359134674
1378,-1.5880966186523438,-1.5980558395385742,0.00512388302013278,0.004835355561226606,0.12980501353740692
1379,-1.599827527999878,-1.6066958904266357,0.003637906163930893,0.0032304541673511267,0.1297658383846283
1380,-1.641335129737854,-1.6464178562164307,0.0025105762761086226,0.002572214463725686,0.1297265589237213
1381,-1.6097410917282104,-1.6127668619155884,0.0019039988983422518,0.0011217609280720353,0.1296873390674591
1382,-1.5917590856552124,-1.5945940017700195,0.001519534271210432,0.0013153830077499151,0.1296481192111969
1383,-1.596584439277649,-1.6007320880889893,0.0020932508632540703,0.0020544803701341152,0.12960892915725708
1384,-1.6011509895324707,-1.6024298667907715,0.0005654373671859503,0.00071342708542943,0.12956975400447845
1385,-1.580259084701538,-1.5837645530700684,0.00186868105083704,0.0016367333009839058,0.12953057885169983
1386,-1.5773277282714844,-1.586232304573059,0.0047520240768790245,0.004152567125856876,0.12949149310588837
1387,-1.601894736289978,-1.6052703857421875,0.0017162092262879014,0.00165936176199466,0.1294524371623993
1388,-1.6183212995529175,-1.622471570968628,0.002264664275571704,0.0018856762908399105,0.129413440823555
1389,-1.599831461906433,-1.603166103363037,0.001891955267637968,0.0014426609268411994,0.1293744146823883
1390,-1.617640733718872,-1.620639443397522,0.0017088348977267742,0.001289811683818698,0.12933529913425446
1391,-1.4583317041397095,-1.5872077941894531,0.06572024524211884,0.0631558820605278,0.129296213388443
1392,-1.5661523342132568,-1.5675036907196045,0.0006528388475999236,0.0006985816871747375,0.12925709784030914
1393,-1.5449508428573608,-1.5510809421539307,0.003044707467779517,0.003085403237491846,0.12921802699565887
1394,-1.5516802072525024,-1.5686511993408203,0.00844845362007618,0.00852249562740326,0.1291789710521698
1395,-1.5885579586029053,-1.59713876247406,0.004262907430529594,0.004317828454077244,0.1291399598121643
1396,-1.627027153968811,-1.630944013595581,0.001970000332221389,0.0019467996899038553,0.12910091876983643
1397,-1.645701289176941,-1.648260235786438,0.0011194159742444754,0.0014395385514944792,0.12906189262866974
1398,-1.6563453674316406,-1.6623508930206299,0.0029857754707336426,0.0030197848100215197,0.1290227323770523
1399,-1.6309545040130615,-1.6366620063781738,0.003211183939129114,0.00249639805406332,0.12898360192775726
1400,-1.5985740423202515,-1.6033564805984497,0.0025603899266570807,0.002222017152234912,0.12894447147846222
1401,-1.5700465440750122,-1.5749754905700684,0.0022751973010599613,0.0026536600198596716,0.12890537083148956
1402,-1.5441222190856934,-1.5464051961898804,0.0008783239754848182,0.001404649461619556,0.1288663148880005
1403,-1.5681419372558594,-1.574549674987793,0.0032190692145377398,0.003188579110428691,0.12882733345031738
1404,-1.5920696258544922,-1.5973562002182007,0.0029822667129337788,0.0023042734246701,0.12878838181495667
1405,-1.6179536581039429,-1.6221330165863037,0.002134043723344803,0.0020453252363950014,0.12874945998191833
1406,-1.62397301197052,-1.6267000436782837,0.001552607398480177,0.0011744804214686155,0.12871053814888
1407,-1.6331770420074463,-1.6354721784591675,0.0012504407204687595,0.0010447727981954813,0.1286715716123581
1408,-1.4876813888549805,-1.6137839555740356,0.06415006518363953,0.061952508985996246,0.12863264977931976
1409,-1.5963506698608398,-1.6043052673339844,0.0036472410429269075,0.004307366907596588,0.12859374284744263
1410,-1.5968513488769531,-1.6011730432510376,0.0020281155593693256,0.0022935818415135145,0.12855489552021027
1411,-1.5875515937805176,-1.5890181064605713,0.0007464207010343671,0.0007201873231679201,0.1285160481929779
1412,-1.5862529277801514,-1.5904793739318848,0.002250748686492443,0.001975713763386011,0.12847720086574554
1413,-1.608991026878357,-1.6174166202545166,0.0043342080898582935,0.004091363400220871,0.12843842804431915
1414,-1.5997910499572754,-1.604156494140625,0.002159928437322378,0.0022055257577449083,0.12839965522289276
1415,-1.630814552307129,-1.633358359336853,0.0014034808846190572,0.0011403759708628058,0.12836094200611115
1416,-1.6352345943450928,-1.6446775197982788,0.004844094626605511,0.004598849918693304,0.12832219898700714
1417,-1.6396304368972778,-1.6493858098983765,0.004507261328399181,0.005248073022812605,0.12828347086906433
1418,-1.6527966260910034,-1.6628258228302002,0.005151366349309683,0.00487783458083868,0.12824472784996033
1419,-1.6319712400436401,-1.6369242668151855,0.002495759166777134,0.002457229420542717,0.12820594012737274
1420,-1.61057448387146,-1.614307165145874,0.002209622412919998,0.0015230673598125577,0.12816715240478516
1421,-1.586233139038086,-1.590768814086914,0.002333717653527856,0.002201894298195839,0.12812843918800354
1422,-1.5939390659332275,-1.5968413352966309,0.0014053374761715531,0.0014969203621149063,0.1280898004770279
1423,-1.595096230506897,-1.601541519165039,0.003449792042374611,0.002995454240590334,0.12805117666721344
1424,-1.6045104265213013,-1.6098638772964478,0.0025819705333560705,0.0027715149335563183,0.1280125379562378
1425,-1.6318060159683228,-1.6349214315414429,0.0015158758033066988,0.00159957236610353,0.12797389924526215
1426,-1.6540586948394775,-1.6570615768432617,0.0014078987296670675,0.0015949617372825742,0.1279352456331253
1427,-1.643035650253296,-1.646653413772583,0.001652296632528305,0.001965561881661415,0.12789657711982727
1428,-1.6200110912322998,-1.6260764598846436,0.0031841208692640066,0.0028812349773943424,0.12785795331001282
1429,-1.6184648275375366,-1.6202999353408813,0.0011399606009945273,0.0006950618117116392,0.12781929969787598
1430,-1.4761115312576294,-1.6028741598129272,0.06417373567819595,0.0625888928771019,0.1277807205915451
1431,-1.5932543277740479,-1.6015183925628662,0.004316141828894615,0.00394795648753643,0.12774212658405304
1432,-1.603487491607666,-1.6106094121932983,0.0034949660766869783,0.003626922843977809,0.12770357728004456
1433,-1.6093477010726929,-1.613420009613037,0.0023050731979310513,0.0017672731773927808,0.12766504287719727
1434,-1.6376442909240723,-1.642756462097168,0.0025917659513652325,0.0025204916018992662,0.1276264190673828
1435,-1.6327335834503174,-1.6376274824142456,0.0021848278120160103,0.0027090609073638916,0.12758778035640717
1436,-1.6601399183273315,-1.6633802652359009,0.001745855901390314,0.0014945485163480043,0.1275491863489151
1437,-1.6694270372390747,-1.6735399961471558,0.002287012990564108,0.0018258949276059866,0.12751060724258423
1438,-1.6554665565490723,-1.6597158908843994,0.0022339769639074802,0.002015373669564724,0.12747199833393097
1439,-1.6294448375701904,-1.6349811553955078,0.002987327054142952,0.002548899967223406,0.1274334341287613
1440,-1.6237292289733887,-1.6262654066085815,0.0012975039426237345,0.0012387207243591547,0.1273949146270752
1441,-1.6140289306640625,-1.6204699277877808,0.0034814507234841585,0.0029594663064926863,0.1273563802242279
1442,-1.6263586282730103,-1.631861686706543,0.0026622349396348,0.0028409152291715145,0.1273178607225418
1443,-1.620202898979187,-1.62306547164917,0.001655238214880228,0.001207329099997878,0.1272794008255005
1444,-1.6179836988449097,-1.6237974166870117,0.0028414479456841946,0.002972264075651765,0.12724092602729797
1445,-1.6049489974975586,-1.6068735122680664,0.0009523743647150695,0.000972208334133029,0.12720255553722382
1446,-1.6145073175430298,-1.619962215423584,0.0028586597181856632,0.002596209291368723,0.12716422975063324
1447,-1.512274980545044,-1.6273512840270996,0.05840325728058815,0.056672994047403336,0.12712588906288147
1448,-1.6234601736068726,-1.627361536026001,0.0019749437924474478,0.0019263924332335591,0.1270875483751297
1449,-1.6374359130859375,-1.6408557891845703,0.0018185002263635397,0.0016012960113584995,0.12704916298389435
1450,-1.610540747642517,-1.6146272420883179,0.00225627887994051,0.0018302693497389555,0.1270107626914978
1451,-1.6149640083312988,-1.6179269552230835,0.001314121182076633,0.0016487587708979845,0.12697239220142365
1452,-1.6173956394195557,-1.620624303817749,0.0014996830141171813,0.0017289725365117192,0.12693405151367188
1453,-1.6520028114318848,-1.6555509567260742,0.001967519521713257,0.0015806399751454592,0.12689565122127533
1454,-1.6553735733032227,-1.663705587387085,0.004142760764807463,0.004189199302345514,0.1268572360277176
1455,-1.652204155921936,-1.6558592319488525,0.0015979371964931488,0.0020571595523506403,0.1268189251422882
1456,-1.6504470109939575,-1.65451180934906,0.0022659380920231342,0.0017988989129662514,0.12678061425685883
1457,-1.6507126092910767,-1.6547820568084717,0.001975612249225378,0.002093756105750799,0.12674228847026825
1458,-1.6570038795471191,-1.6625933647155762,0.002884094137698412,0.0027053323574364185,0.12670400738716125
1459,-1.642314076423645,-1.6451131105422974,0.0014024715637788177,0.0013965474208816886,0.12666568160057068
1460,-1.6287598609924316,-1.631371259689331,0.0012523767072707415,0.0013590446906164289,0.1266273409128189
1461,-1.639784336090088,-1.643376350402832,0.0017518672393634915,0.001840143115259707,0.12658905982971191
1462,-1.6258965730667114,-1.6292321681976318,0.0016027383971959352,0.0017328019021078944,0.1265508234500885
1463,-1.6504113674163818,-1.6512320041656494,0.00041041470831260085,0.00041023135418072343,0.12651263177394867
1464,-1.6432340145111084,-1.646509051322937,0.0017772800056263804,0.0014977315440773964,0.1264745444059372
1465,-1.650572657585144,-1.653066873550415,0.0011696076253429055,0.0013246375601738691,0.1264365017414093
1466,-1.6435837745666504,-1.64784836769104,0.002094260649755597,0.0021703082602471113,0.1263984888792038
1467,-1.641008734703064,-1.6431221961975098,0.0009864617604762316,0.0011270614340901375,0.1263604611158371
1468,-1.65078604221344,-1.6579700708389282,0.0036230781115591526,0.0035609283950179815,0.1263224184513092
1469,-1.6468315124511719,-1.6517066955566406,0.0024039773270487785,0.0024712460581213236,0.1262843906879425
1470,-1.6526440382003784,-1.6540963649749756,0.0007474118610844016,0.0007049318519420922,0.12624633312225342
1471,-1.6554862260818481,-1.6573561429977417,0.0009443049784749746,0.0009256016346625984,0.12620829045772552
1472,-1.631640076637268,-1.6341952085494995,0.0012328892480581999,0.0013222559355199337,0.1261702924966812
1473,-1.6484240293502808,-1.6513139009475708,0.0014838059432804585,0.0014061164110898972,0.1261323094367981
1474,-1.6498368978500366,-1.6518099308013916,0.0008900054381228983,0.0010830473620444536,0.12609431147575378
1475,-1.6608282327651978,-1.6686352491378784,0.004179954528808594,0.00362706882879138,0.1260562539100647
1476,-1.6494749784469604,-1.6530386209487915,0.0016928904224187136,0.0018707599956542253,0.1260182112455368
1477,-1.6428755521774292,-1.6457315683364868,0.0014239470474421978,0.0014320340706035495,0.1259802132844925
1478,-1.6589915752410889,-1.6603384017944336,0.0006743053672835231,0.0006725727580487728,0.12594212591648102
1479,-1.6321965456008911,-1.6344693899154663,0.001251823385246098,0.0010210679611191154,0.1259041130542755
1480,-1.6523860692977905,-1.6554914712905884,0.0013954640598967671,0.0017099444521591067,0.1258660852909088
1481,-1.6407063007354736,-1.6436461210250854,0.0013285266468301415,0.0016113599995151162,0.1258281022310257
1482,-1.6623035669326782,-1.665185570716858,0.001493617077358067,0.0013884713407605886,0.12579016387462616
1483,-1.6584783792495728,-1.6637133359909058,0.0026805480010807514,0.0025543959345668554,0.12575222551822662
1484,-1.6879260540008545,-1.7009599208831787,0.006805233657360077,0.006228641606867313,0.12571421265602112
1485,-1.6726058721542358,-1.6799795627593994,0.0035055959597229958,0.003868130501359701,0.12567618489265442
1486,-1.679629921913147,-1.682537317276001,0.001238039112649858,0.0016693912912160158,0.1256381720304489
1487,-1.6776716709136963,-1.6812677383422852,0.0017115321243181825,0.001884633325971663,0.1256001591682434
1488,-1.6484202146530151,-1.6519495248794556,0.0018001127755269408,0.0017292669508606195,0.1255621463060379
1489,-1.61691153049469,-1.6185002326965332,0.0008046399452723563,0.0007840832695364952,0.12552419304847717
1490,-1.641849160194397,-1.6437921524047852,0.000840903609059751,0.0011020619422197342,0.12548623979091644
1491,-1.476792573928833,-1.611832857131958,0.06833088397979736,0.06670935451984406,0.1254483461380005
1492,-1.6117500066757202,-1.625298023223877,0.006770049221813679,0.0067779505625367165,0.12541042268276215
1493,-1.6349576711654663,-1.6447203159332275,0.004719624761492014,0.005043016280978918,0.125372514128685
1494,-1.6837491989135742,-1.6886347532272339,0.0023484909906983376,0.0025369799695909023,0.12533465027809143
1495,-1.7039828300476074,-1.7109646797180176,0.0035466356202960014,0.0034352517686784267,0.12529686093330383
1496,-1.6937520503997803,-1.7000987529754639,0.003152082208544016,0.0031946005765348673,0.12525904178619385
1497,-1.6848469972610474,-1.6902011632919312,0.0022966519463807344,0.0030574549455195665,0.12522126734256744
1498,-1.6800835132598877,-1.6862505674362183,0.0031824856996536255,0.0029845230747014284,0.12518347799777985
1499,-1.674134373664856,-1.6763510704040527,0.0010882379719987512,0.0011284810025244951,0.12514561414718628
1500,-1.645273208618164,-1.6510906219482422,0.0028710938058793545,0.0029463761020451784,0.1251078099012375
1501,-1.6552578210830688,-1.6625422239303589,0.0033090393990278244,0.003975335042923689,0.1250699907541275
1502,-1.6756560802459717,-1.6782023906707764,0.0011408849386498332,0.0014055250212550163,0.12503215670585632
1503,-1.6601250171661377,-1.664076328277588,0.002265840070322156,0.0016854681307449937,0.12499433755874634
1504,-1.6798807382583618,-1.6819685697555542,0.0010154187912121415,0.001072422950528562,0.12495646625757217
1505,-1.6831481456756592,-1.6896954774856567,0.003112157341092825,0.0034350776113569736,0.12491866201162338
1506,-1.6711674928665161,-1.6752623319625854,0.001801888458430767,0.0022929515689611435,0.12488090991973877
1507,-1.692469835281372,-1.6970884799957275,0.0022932004649192095,0.00232541817240417,0.12484312802553177
1508,-1.6722792387008667,-1.6781461238861084,0.003172385971993208,0.00269450806081295,0.12480536103248596
1509,-1.656097650527954,-1.6581951379776,0.000983553589321673,0.0011138563277199864,0.12476763874292374
1510,-1.6684255599975586,-1.6734386682510376,0.0026865664403885603,0.0023265236523002386,0.12472986429929733
1511,-1.5362122058868408,-1.6547881364822388,0.059453561902046204,0.05912235006690025,0.12469210475683212
1512,-1.6383908987045288,-1.6430423259735107,0.0023086275905370712,0.002342822728678584,0.12465435266494751
1513,-1.6378307342529297,-1.642657995223999,0.0024046446196734905,0.0024226009845733643,0.12461664527654648
1514,-1.661544919013977,-1.6669237613677979,0.0026278123259544373,0.0027509694918990135,0.12457894533872604
1515,-1.6945595741271973,-1.6974884271621704,0.0014319323236122727,0.0014969538897275925,0.1245412603020668
1516,-1.7030075788497925,-1.706523060798645,0.001636273111216724,0.0018792313057929277,0.12450359016656876
1517,-1.6852319240570068,-1.6881264448165894,0.0017439387738704681,0.0011505821021273732,0.12446592003107071
1518,-1.6807692050933838,-1.6861704587936401,0.002946981694549322,0.0024542375467717648,0.12442830204963684
1519,-1.675669550895691,-1.6779160499572754,0.001157861785031855,0.001088662538677454,0.12439069151878357
1520,-1.7064775228500366,-1.709855318069458,0.0018735654884949327,0.0015041260048747063,0.12435305863618851
1521,-1.6400325298309326,-1.6486907005310059,0.0044318195432424545,0.004226322285830975,0.12431547045707703
1522,-1.6790077686309814,-1.6812052726745605,0.0011879467638209462,0.0010096392361447215,0.12427786737680435
1523,-1.6841368675231934,-1.6876378059387207,0.0015450066421180964,0.0019560237415134907,0.1242402121424675
1524,-1.6729748249053955,-1.6765650510787964,0.0018360094400122762,0.0017541920533403754,0.12420257180929184
1525,-1.6807713508605957,-1.690232753753662,0.004942203871905804,0.004519178066402674,0.12416502833366394
1526,-1.5441986322402954,-1.6792258024215698,0.06848395615816116,0.06654318422079086,0.12412746995687485
1527,-1.6591522693634033,-1.6652652025222778,0.0030459759291261435,0.0030669791158288717,0.12408991903066635
1528,-1.6647815704345703,-1.6677935123443604,0.0015645417151972651,0.0014474036870524287,0.12405240535736084
1529,-1.6689547300338745,-1.670047640800476,0.0006355291116051376,0.0004573845653794706,0.12401491403579712
1530,-1.6869794130325317,-1.689765453338623,0.0013606528518721461,0.001425344031304121,0.1239774227142334
1531,-1.698402762413025,-1.7024239301681519,0.0020407377742230892,0.001980435336008668,0.12393992394208908
1532,-1.6945282220840454,-1.6969084739685059,0.0011161782313138247,0.001264133956283331,0.12390248477458954
1533,-1.6863452196121216,-1.6905111074447632,0.0019473168067634106,0.0022186480928212404,0.12386506795883179
1534,-1.6964659690856934,-1.7019444704055786,0.002692213747650385,0.0027862400747835636,0.12382765114307404
1535,-1.6937191486358643,-1.6990010738372803,0.0029606905300170183,0.002321249106898904,0.12379025667905807
1536,-1.6996322870254517,-1.7021985054016113,0.0013640832621604204,0.0012021043803542852,0.12375286966562271
1537,-1.6795457601547241,-1.6838165521621704,0.0021127385552972555,0.0021580709144473076,0.12371551990509033
1538,-1.6888141632080078,-1.6913211345672607,0.001303409575484693,0.0012035046238452196,0.12367824465036392
1539,-1.703861951828003,-1.7094169855117798,0.002838855842128396,0.002716184128075838,0.12364094704389572
1540,-1.660751223564148,-1.663379430770874,0.0013419679598882794,0.0012862983858212829,0.1236037164926529
1541,-1.6877976655960083,-1.698730230331421,0.005410025827586651,0.005522524006664753,0.12356644868850708
1542,-1.721591830253601,-1.7288998365402222,0.003635487286373973,0.003672446357086301,0.12352918088436127
1543,-1.7324775457382202,-1.7393817901611328,0.00358329014852643,0.0033209125977009535,0.12349187582731247
1544,-1.7340543270111084,-1.7386568784713745,0.0024119082372635603,0.002190574072301388,0.12345454841852188
1545,-1.7140058279037476,-1.726739764213562,0.006300498265773058,0.006433488335460424,0.12341716885566711
1546,-1.6991311311721802,-1.7057451009750366,0.003634581109508872,0.0029794436413794756,0.12337983399629593
1547,-1.6699104309082031,-1.67219877243042,0.0010303518502041698,0.0012579943286255002,0.12334257364273071
1548,-1.6748552322387695,-1.676182746887207,0.0006199146737344563,0.0007075932808220387,0.12330535054206848
1549,-1.6666771173477173,-1.6693625450134277,0.001277472241781652,0.0014079550746828318,0.12326810508966446
1550,-1.5083168745040894,-1.6564968824386597,0.07383135706186295,0.07434868067502975,0.12323078513145447
1551,-1.6531522274017334,-1.6571640968322754,0.0017106311861425638,0.0023011863231658936,0.12319350987672806
1552,-1.6847065687179565,-1.6920758485794067,0.0038575036451220512,0.003511727787554264,0.12315621227025986
1553,-1.7119171619415283,-1.7169764041900635,0.002445572055876255,0.002613713964819908,0.12311889976263046
1554,-1.7266408205032349,-1.7310787439346313,0.00203376030549407,0.0024041556753218174,0.12308159470558167
1555,-1.7310947179794312,-1.735080599784851,0.002103045117110014,0.0018827538006007671,0.12304436415433884
1556,-1.712868094444275,-1.7171655893325806,0.0018917266279459,0.002405821345746517,0.12300711125135422
1557,-1.5533931255340576,-1.6872795820236206,0.0674309954047203,0.06645549088716507,0.12296993285417557
1558,-1.6834688186645508,-1.6861926317214966,0.0013441722840070724,0.0013795827981084585,0.12293282151222229
1559,-1.6650686264038086,-1.6699719429016113,0.002455787966027856,0.0024475129321217537,0.122895747423172
1560,-1.6517363786697388,-1.6629091501235962,0.005445241928100586,0.005727519281208515,0.12285865843296051
1561,-1.6795729398727417,-1.6919867992401123,0.006296518724411726,0.006117358338087797,0.1228216141462326
1562,-1.716286540031433,-1.7206535339355469,0.002251005731523037,0.002115937415510416,0.12278459966182709
1563,-1.7240339517593384,-1.7268543243408203,0.0013753010425716639,0.001445043715648353,0.12274757772684097
1564,-1.563658356666565,-1.7123366594314575,0.07541373372077942,0.07326462864875793,0.12271056324243546
1565,-1.7172750234603882,-1.72052800655365,0.0016106932889670134,0.0016422895714640617,0.12267355620861053
1566,-1.7025806903839111,-1.7092249393463135,0.003287358907982707,0.003356887260451913,0.12263650447130203
1567,-1.6916149854660034,-1.6943445205688477,0.0014179815771058202,0.001311536063440144,0.12259943783283234
1568,-1.6930515766143799,-1.696547031402588,0.0018033538945019245,0.0016921042697504163,0.12256237864494324
1569,-1.686116337776184,-1.6906797885894775,0.002121156547218561,0.0024422411806881428,0.12252527475357056
1570,-1.7138655185699463,-1.7179782390594482,0.0017846401315182447,0.002327979076653719,0.12248817831277847
1571,-1.5773967504501343,-1.6950527429580688,0.05946003645658493,0.058195993304252625,0.12245112657546997
1572,-1.699299931526184,-1.7029954195022583,0.0020423794630914927,0.001653074286878109,0.12241408228874207
1573,-1.5719529390335083,-1.6848139762878418,0.0568280965089798,0.05603288114070892,0.12237705290317535
1574,-1.7139066457748413,-1.7177631855010986,0.0019209394231438637,0.0019355941331014037,0.12234006077051163
1575,-1.7066491842269897,-1.716659665107727,0.005362645722925663,0.004647805821150541,0.1223030835390091
1576,-1.7008010149002075,-1.7038487195968628,0.0014233875554054976,0.0016243393765762448,0.12226617336273193
1577,-1.7166318893432617,-1.720283031463623,0.0016539555508643389,0.001997290877625346,0.1222291886806488
1578,-1.5543558597564697,-1.7082418203353882,0.07796544581651688,0.07592041790485382,0.12219224125146866
1579,-1.6936801671981812,-1.6999355554580688,0.003163573332130909,0.0030918049160391092,0.12215530127286911
1580,-1.6968660354614258,-1.7001186609268188,0.0015476521803066134,0.001704965136013925,0.12211841344833374
1581,-1.7011817693710327,-1.7062519788742065,0.002356896409764886,0.002713297726586461,0.12208158522844315
1582,-1.7382237911224365,-1.7432520389556885,0.002374788513407111,0.0026534281205385923,0.12204480171203613
1583,-1.7374132871627808,-1.7405527830123901,0.0015485300682485104,0.0015910090878605843,0.12200802564620972
1584,-1.741665244102478,-1.7539654970169067,0.006110090296715498,0.006190153304487467,0.1219712346792221
1585,-1.7272237539291382,-1.7373664379119873,0.0049676536582410336,0.005174973048269749,0.12193451076745987
1586,-1.7164226770401,-1.7233878374099731,0.003638142952695489,0.003327019279822707,0.12189777195453644
1587,-1.7155194282531738,-1.7177082300186157,0.0010628419695422053,0.0011259466409683228,0.1218610405921936
1588,-1.699257731437683,-1.7014007568359375,0.001040371716953814,0.0011026769643649459,0.12182429432868958
1589,-1.7005701065063477,-1.705936312675476,0.0025262834969908,0.00283996993675828,0.12178749591112137
1590,-1.6870306730270386,-1.6929033994674683,0.0027824367862194777,0.003090288955718279,0.12175065279006958
1591,-1.703061580657959,-1.707360863685608,0.002047688467428088,0.002251613652333617,0.12171385437250137
1592,-1.7234481573104858,-1.727944254875183,0.0020696111023426056,0.0024264780804514885,0.12167709320783615
1593,-1.7331238985061646,-1.7396836280822754,0.0032669089268893003,0.003292742185294628,0.12164036929607391
1594,-1.6121143102645874,-1.7302526235580444,0.06001445651054382,0.05812378600239754,0.12160363048315048
1595,-1.7216947078704834,-1.7239739894866943,0.0010162595426663756,0.0012630398850888014,0.12156693637371063
1596,-1.7094467878341675,-1.7142419815063477,0.00238132500089705,0.0024138453882187605,0.12153024971485138
1597,-1.7102411985397339,-1.7179336547851562,0.00414174422621727,0.0035508177243173122,0.12149357050657272
1598,-1.6953696012496948,-1.702677845954895,0.0036546364426612854,0.003653667401522398,0.12145698815584183
1599,-1.71450674533844,-1.720043420791626,0.002436047187075019,0.00310063106007874,0.12142039090394974
1600,-1.7425445318222046,-1.7483561038970947,0.0030155216809362173,0.002796023618429899,0.12138383835554123
1601,-1.743390679359436,-1.7546350955963135,0.005752191413193941,0.0054921796545386314,0.12134729325771332
1602,-1.7532485723495483,-1.7564536333084106,0.0015211183344945312,0.0016838930314406753,0.12131066620349884
1603,-1.736371636390686,-1.7411712408065796,0.0025619221851229668,0.002237689681351185,0.12127406150102615
1604,-1.7271344661712646,-1.7320220470428467,0.002405828796327114,0.0024817499797791243,0.12123748660087585
1605,-1.7548147439956665,-1.760475754737854,0.0029536697547882795,0.002707347273826599,0.1212008148431778
1606,-1.701579213142395,-1.706010341644287,0.0022449716925621033,0.0021862154826521873,0.12116415053606033
1607,-1.7106915712356567,-1.7122358083724976,0.0006735458737239242,0.0008706919616088271,0.12112758308649063
1608,-1.7231703996658325,-1.7264680862426758,0.001857247669249773,0.0014404536923393607,0.12109102308750153
1609,-1.7268248796463013,-1.736113429069519,0.004608158953487873,0.004680355545133352,0.12105439603328705
1610,-1.7293874025344849,-1.7317405939102173,0.0012269736034795642,0.0011261941399425268,0.12101777642965317
1611,-1.7271592617034912,-1.729001760482788,0.0008673921693116426,0.0009750986937433481,0.12098116427659988
1612,-1.7318638563156128,-1.7363193035125732,0.0023782174102962017,0.002077181590721011,0.12094459682703018
1613,-1.7459131479263306,-1.7481789588928223,0.0009733485640026629,0.001292444416321814,0.1209079846739769
1614,-1.7420203685760498,-1.7463451623916626,0.0022379751317203045,0.0020868368446826935,0.1208714097738266
1615,-1.738236665725708,-1.7419277429580688,0.00183849036693573,0.0018525926861912012,0.1208348423242569
1616,-1.7113261222839355,-1.726767659187317,0.008201390504837036,0.007240174803882837,0.12079828977584839
1617,-1.7291933298110962,-1.731776475906372,0.0014003018150106072,0.0011827894486486912,0.12076177448034286
1618,-1.7298833131790161,-1.7314236164093018,0.000852423720061779,0.0006878470885567367,0.12072524428367615
1619,-1.7406442165374756,-1.7439544200897217,0.0017927841981872916,0.001517430879175663,0.12068881094455719
1620,-1.728220820426941,-1.7314964532852173,0.0014655333943665028,0.0018100831657648087,0.12065241485834122
1621,-1.7220029830932617,-1.7284224033355713,0.0035082653630524874,0.002911222632974386,0.12061606347560883
1622,-1.7494391202926636,-1.7577269077301025,0.004460501484572887,0.003827303647994995,0.12057971954345703
1623,-1.7431939840316772,-1.7463074922561646,0.0013789711520075798,0.0017345166997984052,0.12054335325956345
1624,-1.7382924556732178,-1.7424607276916504,0.002310743322595954,0.0018575346330180764,0.12050691992044449
1625,-1.741446614265442,-1.7445592880249023,0.0014807938132435083,0.001631872495636344,0.1204705536365509
1626,-1.7357561588287354,-1.7375962734222412,0.0010228479513898492,0.0008173150126822293,0.1204342246055603
1627,-1.719997525215149,-1.7280235290527344,0.0041877953335642815,0.0038382301572710276,0.1203979030251503
1628,-1.7484607696533203,-1.7526315450668335,0.002457032911479473,0.0017137082759290934,0.12036162614822388
1629,-1.7650681734085083,-1.7678873538970947,0.001349690486676991,0.001469493843615055,0.12032536417245865
1630,-1.7472925186157227,-1.7509989738464355,0.0019549953285604715,0.001751428353600204,0.12028910219669342
1631,-1.7491798400878906,-1.7529773712158203,0.0016578047070652246,0.0021397441159933805,0.12025289237499237
1632,-1.740973949432373,-1.7429728507995605,0.0010878413449972868,0.000911076960619539,0.12021665275096893
1633,-1.7578908205032349,-1.7627251148223877,0.002268498996272683,0.0025657734367996454,0.1201804056763649
1634,-1.7468103170394897,-1.750910997390747,0.002075625117868185,0.0020250659435987473,0.12014413625001907
1635,-1.7487897872924805,-1.7503328323364258,0.0006052529788576066,0.0009378379909321666,0.12010787427425385
1636,-1.7332433462142944,-1.7363747358322144,0.0012429459020495415,0.0018884004093706608,0.12007159739732742
1637,-1.7347866296768188,-1.7386033535003662,0.0021012057550251484,0.0017155453097075224,0.1200353354215622
1638,-1.7395596504211426,-1.7449333667755127,0.0027629146352410316,0.0026108231395483017,0.11999911069869995
1639,-1.752453327178955,-1.7557703256607056,0.0018768096342682838,0.0014401304069906473,0.1199628934264183
1640,-1.7569265365600586,-1.7632110118865967,0.0032902932725846767,0.002994182053953409,0.11992666125297546
1641,-1.7653769254684448,-1.7690889835357666,0.002152442466467619,0.0015596214216202497,0.11989043653011322
1642,-1.7554820775985718,-1.758401870727539,0.0016046202508732677,0.0013151114108040929,0.11985419690608978
1643,-1.7587816715240479,-1.762363314628601,0.0018298897193744779,0.0017517847009003162,0.11981791257858276
1644,-1.7593715190887451,-1.7646745443344116,0.002598128281533718,0.0027048401534557343,0.11978164315223694
1645,-1.546272873878479,-1.713875412940979,0.08368721604347229,0.08391540497541428,0.1197454035282135
1646,-1.6980212926864624,-1.700230360031128,0.0010520009091123939,0.0011570341885089874,0.11970926821231842
1647,-1.7124344110488892,-1.718665361404419,0.003401733934879303,0.0028292022179812193,0.11967314034700394
1648,-1.7265571355819702,-1.7299591302871704,0.0018072891980409622,0.0015946757048368454,0.11963699758052826
1649,-1.7442712783813477,-1.7546968460083008,0.005002143792808056,0.005423382855951786,0.1196008026599884
1650,-1.7702157497406006,-1.7742763757705688,0.0019968594424426556,0.002063741674646735,0.11956465244293213
1651,-1.781687617301941,-1.7849109172821045,0.0015108477091416717,0.0017124105943366885,0.11952856928110123
1652,-1.773329496383667,-1.7811651229858398,0.004228794947266579,0.003606786485761404,0.11949249356985092
1653,-1.7593166828155518,-1.7636041641235352,0.0021508208010345697,0.002136718016117811,0.1194564625620842
1654,-1.7448077201843262,-1.7470464706420898,0.001368655706755817,0.0008700713515281677,0.11942046880722046
1655,-1.7387809753417969,-1.740851640701294,0.0009869270725175738,0.0010837619192898273,0.11938448250293732
1656,-1.748916745185852,-1.7577581405639648,0.004410264547914267,0.004431168083101511,0.11934848129749298
1657,-1.725006103515625,-1.7280397415161133,0.0015039362479001284,0.0015296611236408353,0.11931252479553223
1658,-1.7441831827163696,-1.7487869262695312,0.0024769746232777834,0.00212680920958519,0.11927656829357147
1659,-1.7733817100524902,-1.7765774726867676,0.0018681560177356005,0.0013276804238557816,0.11924063414335251
1660,-1.7744730710983276,-1.7781437635421753,0.002054243814200163,0.0016164473490789533,0.11920461803674698
1661,-1.7876675128936768,-1.790889024734497,0.001648685778491199,0.001572863315232098,0.11916858702898026
1662,-1.7726056575775146,-1.7750605344772339,0.0011498499661684036,0.0013050371780991554,0.1191326230764389
1663,-1.7601841688156128,-1.762573480606079,0.0013587913708761334,0.0010305359028279781,0.11909669637680054
1664,-1.7601609230041504,-1.7631683349609375,0.0014412408927455544,0.0015661908546462655,0.11906078457832336
1665,-1.751803994178772,-1.7624032497406006,0.005412838887423277,0.005186473485082388,0.11902488023042679
1666,-1.7585244178771973,-1.7633039951324463,0.0024082527961581945,0.002371254377067089,0.11898898333311081
1667,-1.7483307123184204,-1.7515230178833008,0.0015605599619448185,0.0016317630652338266,0.11895304918289185
1668,-1.7465221881866455,-1.748225212097168,0.0010018094908446074,0.0007011933485046029,0.11891715228557587
1669,-1.7685624361038208,-1.7730134725570679,0.002376199932768941,0.002074852352961898,0.11888126283884048
1670,-1.7632437944412231,-1.7666587829589844,0.001267915591597557,0.002147028222680092,0.11884535849094391
1671,-1.7775166034698486,-1.7798187732696533,0.0013136602938175201,0.0009884267346933484,0.11880951374769211
1672,-1.7631709575653076,-1.7676188945770264,0.002303957473486662,0.0021439921110868454,0.1187736913561821
1673,-1.7535107135772705,-1.7576873302459717,0.002004404319450259,0.0021722831297665834,0.1187378466129303
1674,-1.764778733253479,-1.769799828529358,0.0024572834372520447,0.0025638449005782604,0.11870203912258148
1675,-1.7656323909759521,-1.7676892280578613,0.0010124391410499811,0.001044450094923377,0.11866626888513565
1676,-1.753951907157898,-1.7584245204925537,0.002194527303799987,0.0022781346924602985,0.11863060295581818
1677,-1.7568079233169556,-1.7616158723831177,0.0025498855393379927,0.002258033026009798,0.1185949370265007
1678,-1.7543537616729736,-1.756749153137207,0.0010933770099654794,0.0013019928010180593,0.1185593456029892
1679,-1.7344282865524292,-1.7363719940185547,0.0010055381571874022,0.0009381234413012862,0.11852385103702545
1680,-1.7705270051956177,-1.7801072597503662,0.004837643355131149,0.004742631688714027,0.1184883862733841
1681,-1.7697070837020874,-1.7742791175842285,0.0019625257700681686,0.0026095055509358644,0.11845296621322632
1682,-1.7913706302642822,-1.7959349155426025,0.002228665165603161,0.0023356121964752674,0.11841750144958496
1683,-1.7785723209381104,-1.7825320959091187,0.0018663851078599691,0.002093425253406167,0.11838202178478241
1684,-1.8011345863342285,-1.804836630821228,0.0021406887099146843,0.0015613769646734,0.11834648996591568
1685,-1.7679702043533325,-1.7698794603347778,0.000923550920560956,0.0009857636177912354,0.11831094324588776
1686,-1.7619541883468628,-1.7655011415481567,0.0017379631754010916,0.001809009350836277,0.11827538162469864
1687,-1.7273420095443726,-1.7288575172424316,0.0006802186253480613,0.0008352729491889477,0.11823979765176773
1688,-1.7435544729232788,-1.7476638555526733,0.0020673286635428667,0.0020420821383595467,0.11820416897535324
1689,-1.7528053522109985,-1.7586579322814941,0.003220128593966365,0.002632519695907831,0.11816858500242233
1690,-1.7701709270477295,-1.7718889713287354,0.0008001461392268538,0.0009178711916320026,0.11813294887542725
1691,-1.783450722694397,-1.7865726947784424,0.0015255925245583057,0.0015963083133101463,0.11809735000133514
1692,-1.794716715812683,-1.8021821975708008,0.003955907188355923,0.0035095626953989267,0.11806179583072662
1693,-1.8103350400924683,-1.813623070716858,0.0014805373502895236,0.0018074813997372985,0.11802627891302109
1694,-1.790068507194519,-1.7928801774978638,0.0014596300898119807,0.001352055580355227,0.11799076944589615
1695,-1.7813605070114136,-1.7854621410369873,0.002108683343976736,0.0019928831607103348,0.11795530468225479
1696,-1.7646443843841553,-1.7662978172302246,0.0006883035530336201,0.0009651764994487166,0.11791978776454926
1697,-1.7998933792114258,-1.8051891326904297,0.0025567193515598774,0.002739100018516183,0.11788428574800491
1698,-1.7732080221176147,-1.7755645513534546,0.001195535296574235,0.0011610236251726747,0.11784882098436356
1699,-1.783840537071228,-1.788578987121582,0.00276636378839612,0.0019720937125384808,0.11781339347362518
1700,-1.7792969942092896,-1.7838249206542969,0.0023378978949040174,0.002189968479797244,0.11777792870998383
1701,-1.786028504371643,-1.7882826328277588,0.0010337819112464786,0.001220394391566515,0.11774241179227829
1702,-1.802778959274292,-1.8063364028930664,0.001581468852236867,0.001975981518626213,0.11770685017108917
1703,-1.762859582901001,-1.766629934310913,0.001838215859606862,0.0019320979481562972,0.11767126619815826
1704,-1.7987812757492065,-1.8028337955474854,0.0021416479721665382,0.0019108743872493505,0.11763572692871094
1705,-1.7919965982437134,-1.798324704170227,0.003393301274627447,0.0029347671661525965,0.1176002249121666
1706,-1.7702540159225464,-1.7749356031417847,0.00234871543943882,0.0023329632822424173,0.11756476759910583
1707,-1.7872810363769531,-1.7894405126571655,0.0011959789553657174,0.0009633926092647016,0.11752928048372269
1708,-1.7764240503311157,-1.7791109085083008,0.001344851334579289,0.001342007890343666,0.11749378591775894
1709,-1.7844616174697876,-1.7871321439743042,0.001345084048807621,0.0013255253434181213,0.1174582988023758
1710,-1.7939850091934204,-1.796316146850586,0.001301365322433412,0.0010297265835106373,0.11742282658815384
1711,-1.7900276184082031,-1.7925962209701538,0.0012457319535315037,0.0013228202005848289,0.11738738417625427
1712,-1.8135532140731812,-1.8160202503204346,0.0011252774856984615,0.0013417231384664774,0.11735190451145172
1713,-1.7968535423278809,-1.7991118431091309,0.0011129064951092005,0.0011453893966972828,0.11731643229722977
1714,-1.7945947647094727,-1.7972263097763062,0.0013479143381118774,0.0012837029062211514,0.11728094518184662
1715,-1.78000807762146,-1.7830259799957275,0.0014858035137876868,0.001532070804387331,0.11724546551704407
1716,-1.781646966934204,-1.7869353294372559,0.0027014371007680893,0.002586937975138426,0.11720999330282211
1717,-1.7825182676315308,-1.7890925407409668,0.0029872222803533077,0.003586950246244669,0.11717459559440613
1718,-1.6128909587860107,-1.7781271934509277,0.08429425209760666,0.08094200491905212,0.11713917553424835
1719,-1.7787590026855469,-1.7804384231567383,0.0007462429348379374,0.0009331605397164822,0.11710380017757416
1720,-1.7578364610671997,-1.7620482444763184,0.002503544557839632,0.0017082407139241695,0.11706848442554474
1721,-1.7852957248687744,-1.7978630065917969,0.007067246828228235,0.0055001298896968365,0.11703312397003174
1722,-1.7942039966583252,-1.796932339668274,0.001413382007740438,0.0013150182785466313,0.11699783802032471
1723,-1.823673963546753,-1.8273507356643677,0.0017611784860491753,0.0019155526533722878,0.11696252226829529
1724,-1.8148504495620728,-1.819020390510559,0.0021465623285621405,0.0020233788527548313,0.11692728102207184
1725,-1.6367125511169434,-1.780198335647583,0.072642020881176,0.07084381580352783,0.1168920248746872
1726,-1.7752492427825928,-1.7777619361877441,0.0013758138520643115,0.001136934501118958,0.11685671657323837
1727,-1.7707502841949463,-1.7756376266479492,0.002153309527784586,0.0027341004461050034,0.11682142317295074
1728,-1.7854372262954712,-1.7896108627319336,0.001851488254033029,0.002322152955457568,0.11678611487150192
1729,-1.614219307899475,-1.762887954711914,0.0759926587343216,0.072675921022892,0.11675078421831131
1730,-1.755481481552124,-1.7631924152374268,0.004121843725442886,0.003589092520996928,0.11671546846628189
1731,-1.7860374450683594,-1.7913568019866943,0.002789422869682312,0.00253001949749887,0.11668013036251068
1732,-1.804578185081482,-1.809030294418335,0.002203313633799553,0.0022487258538603783,0.11664480715990067
1733,-1.8127508163452148,-1.8176259994506836,0.00238661072216928,0.0024886499159038067,0.11660952121019363
1734,-1.81564462184906,-1.8200849294662476,0.002241936046630144,0.0021983881015330553,0.1165742427110672
1735,-1.8097665309906006,-1.814786672592163,0.002580906031653285,0.0024392958730459213,0.11653903871774673
1736,-1.797242283821106,-1.8015244007110596,0.0022035439033061266,0.0020785366650670767,0.11650383472442627
1737,-1.8060612678527832,-1.81297767162323,0.003472828073427081,0.003443548921495676,0.11646862328052521
1738,-1.8300052881240845,-1.837167739868164,0.003400987247005105,0.0037613743916153908,0.11643341928720474
1739,-1.6481163501739502,-1.77667236328125,0.06518703699111938,0.06336908787488937,0.11639819294214249
1740,-1.7836616039276123,-1.78952956199646,0.0030776814091950655,0.002790339756757021,0.11636301130056381
1741,-1.7494126558303833,-1.7535459995269775,0.0018633668078109622,0.002270033350214362,0.11632789671421051
1742,-1.8139907121658325,-1.8172703981399536,0.0014970519114285707,0.0017826915718615055,0.11629284173250198
1743,-1.813921332359314,-1.82187020778656,0.004137812182307243,0.0038111540488898754,0.11625777184963226
1744,-1.7830618619918823,-1.7883872985839844,0.0029371813870966434,0.0023882100358605385,0.11622268706560135
1745,-1.8033734560012817,-1.8074111938476562,0.0019985835533589125,0.002039252780377865,0.11618761718273163
1746,-1.8401243686676025,-1.8439759016036987,0.002052781404927373,0.001798778073862195,0.11615254729986191
1747,-1.793139100074768,-1.7998743057250977,0.0033490622881799936,0.003386181313544512,0.11611755192279816
1748,-1.823348045349121,-1.8316184282302856,0.0037650675512850285,0.004505284130573273,0.116082563996315
1749,-1.7831947803497314,-1.7883189916610718,0.002322137588635087,0.002801980823278427,0.11604758352041245
1750,-1.7867339849472046,-1.792015790939331,0.0026295133866369724,0.002652338705956936,0.11601261794567108
1751,-1.7858974933624268,-1.7898924350738525,0.0019493520958349109,0.002045673318207264,0.11597765982151031
1752,-1.8121247291564941,-1.818526268005371,0.0036212955601513386,0.0027801557444036007,0.11594263464212418
1753,-1.7929388284683228,-1.796424150466919,0.0016585795674473047,0.0018267114646732807,0.11590766906738281
1754,-1.7867937088012695,-1.7903456687927246,0.0018147004302591085,0.0017372387228533626,0.11587274074554443
1755,-1.805280089378357,-1.8068071603775024,0.000685409118887037,0.0008415681077167392,0.11583782732486725
1756,-1.8132343292236328,-1.8147104978561401,0.0008759190095588565,0.0006002170848660171,0.11580289900302887
1757,-1.8108116388320923,-1.8151766061782837,0.002153486479073763,0.002211501356214285,0.1157679483294487
1758,-1.8380818367004395,-1.8431556224822998,0.002290089149028063,0.0027836766093969345,0.11573298275470734
1759,-1.8068993091583252,-1.8135387897491455,0.003358656307682395,0.0032808214891701937,0.11569803208112717
1760,-1.7965149879455566,-1.8086025714874268,0.005786184221506119,0.0063013494946062565,0.11566311120986938
1761,-1.7943533658981323,-1.7992236614227295,0.002637907862663269,0.0022324880119413137,0.1156282052397728
1762,-1.8078161478042603,-1.8114575147628784,0.0016254633665084839,0.002015936654061079,0.1155933141708374
1763,-1.843843698501587,-1.8464293479919434,0.0011786898830905557,0.0014069013996049762,0.11555837094783783
1764,-1.8245823383331299,-1.8278884887695312,0.001640412025153637,0.0016657691448926926,0.11552344262599945
1765,-1.7974443435668945,-1.7994434833526611,0.0008942700806073844,0.0011048164451494813,0.11548852175474167
1766,-1.8192118406295776,-1.8223775625228882,0.0015512071549892426,0.0016145248664543033,0.11545364558696747
1767,-1.789133071899414,-1.7913410663604736,0.0009628757834434509,0.0012451474322006106,0.11541874706745148
1768,-1.7915256023406982,-1.7933026552200317,0.000974791357293725,0.0008022538386285305,0.11538388580083847
1769,-1.790042757987976,-1.7914252281188965,0.0006851195357739925,0.0006973560666665435,0.11534903198480606
1770,-1.8064336776733398,-1.8092906475067139,0.0015017359983175993,0.001355254789814353,0.11531422287225723
1771,-1.8102927207946777,-1.818213701248169,0.003672422841191292,0.004248491954058409,0.11527933925390244
1772,-1.8165332078933716,-1.8182309865951538,0.0008122334256768227,0.0008855271735228598,0.11524452269077301
1773,-1.824765682220459,-1.8289778232574463,0.002116641728207469,0.002095423871651292,0.11520971357822418
1774,-1.8243634700775146,-1.8333253860473633,0.004616530612111092,0.004345412831753492,0.11517497152090073
1775,-1.8304660320281982,-1.8349530696868896,0.002182203810662031,0.0023047425784170628,0.11514026671648026
1776,-1.8130382299423218,-1.8153395652770996,0.0011247671209275723,0.0011765486560761929,0.11510559916496277
1777,-1.818555235862732,-1.820845603942871,0.0010717546101659536,0.0012186134699732065,0.11507097631692886
1778,-1.80939519405365,-1.815014123916626,0.0027903288137167692,0.002828587545081973,0.11503630131483078
1779,-1.8177831172943115,-1.8226771354675293,0.0022898390889167786,0.0026041350793093443,0.11500158160924911
1780,-1.8125675916671753,-1.8145606517791748,0.0010031918063759804,0.00098994595464319,0.11496682465076447
1781,-1.809546709060669,-1.8114945888519287,0.0009602626669220626,0.0009875897085294127,0.1149320974946022
1782,-1.8120834827423096,-1.8191972970962524,0.003531284397467971,0.003582439851015806,0.11489738523960114
1783,-1.8223650455474854,-1.8246736526489258,0.0011254067067056894,0.0011831087758764625,0.11486274003982544
1784,-1.83650803565979,-1.838822364807129,0.0010757714044302702,0.0012385918525978923,0.11482815444469452
1785,-1.8288992643356323,-1.8304858207702637,0.0009490827796980739,0.0006375765660777688,0.11479361355304718
1786,-1.812025547027588,-1.8156113624572754,0.0014848734717816114,0.002100891200825572,0.11475907266139984
1787,-1.8156099319458008,-1.817903995513916,0.00116344157140702,0.0011305982479825616,0.11472457647323608
1788,-1.8046571016311646,-1.806364893913269,0.0008943859720602632,0.0008134028175845742,0.11469009518623352
1789,-1.8214049339294434,-1.8270022869110107,0.0029133474454283714,0.0026840015780180693,0.11465556174516678
1790,-1.8042844533920288,-1.8068772554397583,0.0013195504434406757,0.001273258589208126,0.11462099105119705
1791,-1.799509048461914,-1.8045430183410645,0.0023463168181478977,0.002687633503228426,0.11458645015954971
1792,-1.8227483034133911,-1.824967384338379,0.0012999385362491012,0.0009190994314849377,0.11455197632312775
1793,-1.8364176750183105,-1.8389748334884644,0.0011741970665752888,0.0013829756062477827,0.1145174652338028
1794,-1.6610205173492432,-1.7984154224395752,0.07073991000652313,0.0666549950838089,0.11448293179273605
1795,-1.8218432664871216,-1.8254938125610352,0.0019795475527644157,0.0016709251794964075,0.11444840580224991
1796,-1.8143887519836426,-1.8194724321365356,0.0028740637935698032,0.0022096666507422924,0.11441394686698914
1797,-1.793312907218933,-1.7953400611877441,0.0010415242286399007,0.0009855958633124828,0.11437947303056717
1798,-1.8220744132995605,-1.8239760398864746,0.0009964362252503633,0.0009052134701050818,0.11434493213891983
1799,-1.8307454586029053,-1.8337476253509521,0.0014219642616808414,0.0015802392736077309,0.1143103688955307
1800,-1.8285562992095947,-1.8316090106964111,0.0013946150429546833,0.001658122637309134,0.11427584290504456
1801,-1.8559348583221436,-1.8600194454193115,0.002435543807223439,0.0016489813569933176,0.1142413541674614
1802,-1.8375535011291504,-1.841366171836853,0.001954776467755437,0.0018579134484753013,0.11420682072639465
1803,-1.8033275604248047,-1.8083974123001099,0.0026546826120465994,0.0024151811376214027,0.1141723021864891
1804,-1.622094988822937,-1.8039170503616333,0.09087328612804413,0.09094883501529694,0.11413770914077759
1805,-1.7792625427246094,-1.7834560871124268,0.0022339581046253443,0.001959614222869277,0.11410315334796906
1806,-1.793294072151184,-1.8085592985153198,0.00779661163687706,0.007468583527952433,0.11406858265399933
1807,-1.8293006420135498,-1.8351702690124512,0.002837379928678274,0.003032239619642496,0.1140340194106102
1808,-1.8534497022628784,-1.857175588607788,0.0017911936156451702,0.001934698666445911,0.11399950087070465
1809,-1.8696328401565552,-1.8738969564437866,0.0021871032658964396,0.0020770151168107986,0.11396501213312149
1810,-1.8600517511367798,-1.8645727634429932,0.0023976347874850035,0.00212338799610734,0.11393053829669952
1811,-1.8550300598144531,-1.8606876134872437,0.0030945134349167347,0.0025630502495914698,0.11389610171318054
1812,-1.8142433166503906,-1.8167177438735962,0.0015491278609260917,0.0009253285243175924,0.11386170238256454
1813,-1.828061819076538,-1.8329576253890991,0.002434064634144306,0.0024617575109004974,0.11382733285427094
1814,-1.7844269275665283,-1.7894634008407593,0.003008380299434066,0.0020281579345464706,0.11379298567771912
1815,-1.7969454526901245,-1.8047764301300049,0.004559451714158058,0.0032715625129640102,0.11375866830348969
1816,-1.8205912113189697,-1.8259468078613281,0.002455571899190545,0.0029000488575547934,0.11372436583042145
1817,-1.8288350105285645,-1.835090160369873,0.0033482983708381653,0.002906777197495103,0.11369007080793381
1818,-1.862473964691162,-1.8696337938308716,0.003935234621167183,0.003224650863558054,0.11365579068660736
1819,-1.8584431409835815,-1.8666338920593262,0.0039661480113863945,0.0042246016673743725,0.1136215403676033
1820,-1.890320897102356,-1.8942407369613647,0.0018957657739520073,0.0020240009762346745,0.11358730494976044
1821,-1.8488850593566895,-1.8575013875961304,0.004208756145089865,0.004407557193189859,0.11355310678482056
1822,-1.8653472661972046,-1.8724523782730103,0.0033591906540095806,0.0037459256127476692,0.11351889371871948
1823,-1.83884596824646,-1.8413985967636108,0.0012548585655167699,0.0012976875295862556,0.11348465830087662
1824,-1.8074737787246704,-1.8094027042388916,0.0011094126384705305,0.0008195043192245066,0.11345048993825912
1825,-1.8208504915237427,-1.8261138200759888,0.0023649840150028467,0.002898340579122305,0.113416388630867
1826,-1.8195761442184448,-1.8236767053604126,0.0022394764237105846,0.001861091237515211,0.1133822649717331
1827,-1.850820779800415,-1.857299566268921,0.003335777437314391,0.003142902161926031,0.11334815621376038
1828,-1.849136233329773,-1.850912094116211,0.0010466554667800665,0.000729250954464078,0.11331403255462646
1829,-1.8382575511932373,-1.840781807899475,0.001289819716475904,0.0012343931011855602,0.11327988654375076
1830,-1.8611856698989868,-1.8637170791625977,0.0012909776996821165,0.001240395475178957,0.11324572563171387
1831,-1.8613730669021606,-1.8683125972747803,0.0036973499227315187,0.003242170438170433,0.11321166157722473
1832,-1.8549960851669312,-1.8584460020065308,0.001679396373219788,0.0017704418860375881,0.11317762732505798
1833,-1.8421814441680908,-1.8469136953353882,0.0021006253082305193,0.0026317231822758913,0.11314360797405243
1834,-1.8269392251968384,-1.8295080661773682,0.0016260596457868814,0.0009428000194020569,0.11310959607362747
1835,-1.8296939134597778,-1.8314446210861206,0.0007535169715993106,0.0009971422841772437,0.1130756214261055
1836,-1.836764931678772,-1.8389819860458374,0.0012350832112133503,0.0009818864054977894,0.11304163187742233
1837,-1.8236027956008911,-1.8314754962921143,0.0038965933490544558,0.003976048901677132,0.11300759762525558
1838,-1.856058955192566,-1.859941840171814,0.002017468912526965,0.0018653274746611714,0.11297354847192764
1839,-1.8326741456985474,-1.8475844860076904,0.007471156306564808,0.007439145818352699,0.11293952912092209
1840,-1.8776183128356934,-1.8806453943252563,0.0014717071317136288,0.001555271097458899,0.11290547251701355
1841,-1.6478798389434814,-1.8580292463302612,0.10415083914995193,0.10599856823682785,0.11287140101194382
1842,-1.8344608545303345,-1.8361785411834717,0.0009085101773962379,0.0008091810741461813,0.11283733695745468
1843,-1.8389629125595093,-1.842427134513855,0.0015299376100301743,0.0019342435989528894,0.11280322819948196
1844,-1.8408178091049194,-1.8468941450119019,0.002555651357397437,0.0035206940956413746,0.11276913434267044
1845,-1.8375415802001953,-1.842746615409851,0.002643258310854435,0.002561775967478752,0.11273504793643951
1846,-1.853480577468872,-1.855482578277588,0.000835261307656765,0.0011666860664263368,0.11270099878311157
1847,-1.8502092361450195,-1.851943850517273,0.0009176890598610044,0.0008169725188054144,0.11266695708036423
1848,-1.876403570175171,-1.8789095878601074,0.0011182584566995502,0.0013877514284104109,0.11263290047645569
1849,-1.866900086402893,-1.870632529258728,0.0013458430767059326,0.002386530162766576,0.11259888112545013
1850,-1.8305890560150146,-1.8360788822174072,0.0028849756345152855,0.0026048978324979544,0.11256487667560577
1851,-1.6616854667663574,-1.829345464706421,0.08456860482692719,0.08309142291545868,0.11253082007169724
1852,-1.825635313987732,-1.8283106088638306,0.0010194183560088277,0.0016558195929974318,0.11249678581953049
1853,-1.8033453226089478,-1.8106598854064941,0.0034219552762806416,0.0038926659617573023,0.1124628335237503
1854,-1.8211348056793213,-1.831134557723999,0.004169251769781113,0.005830565467476845,0.11242891848087311
1855,-1.8448091745376587,-1.8491199016571045,0.00195562606677413,0.0023551397025585175,0.11239501088857651
1856,-1.8389642238616943,-1.8457924127578735,0.0033208217937499285,0.003507391782477498,0.11236117780208588
1857,-1.873874545097351,-1.8786927461624146,0.0021065918263047934,0.002711671171709895,0.11232737451791763
1858,-1.8967275619506836,-1.9052867889404297,0.0035865595564246178,0.004972668364644051,0.11229360848665237
1859,-1.8781605958938599,-1.8862497806549072,0.003582298755645752,0.0045068878680467606,0.11225984990596771
1860,-1.8548531532287598,-1.862472653388977,0.003982439171522856,0.0036371052265167236,0.11222610622644424
1861,-1.8349298238754272,-1.836986780166626,0.0010937999468296766,0.0009631812572479248,0.1121923178434372
1862,-1.8163940906524658,-1.8177906274795532,0.000673243252094835,0.00072329374961555,0.11215853691101074
1863,-1.8149675130844116,-1.8177125453948975,0.0012786167208105326,0.0014663974288851023,0.11212477087974548
1864,-1.8049722909927368,-1.8072313070297241,0.0010703366715461016,0.0011886605061590672,0.112091064453125
1865,-1.837769865989685,-1.8482751846313477,0.004967999644577503,0.005537241697311401,0.1120573952794075
1866,-1.7034727334976196,-1.8714251518249512,0.08634056895971298,0.08161187916994095,0.11202368885278702
1867,-1.881996750831604,-1.8864777088165283,0.002218240639194846,0.002262704074382782,0.11198998242616653
1868,-1.8816548585891724,-1.8903331756591797,0.004327632486820221,0.004350635688751936,0.11195629090070724
1869,-1.8827530145645142,-1.8855805397033691,0.001330685568973422,0.0014967939350754023,0.11192261427640915
1870,-1.8622889518737793,-1.8664920330047607,0.002074867021292448,0.002128218999132514,0.11188891530036926
1871,-1.6851125955581665,-1.8702173233032227,0.09310679882764816,0.09199800342321396,0.11185520142316818
1872,-1.8431410789489746,-1.8464841842651367,0.0016659842804074287,0.0016771957743912935,0.11182152479887009
1873,-1.8405985832214355,-1.843078374862671,0.0010640970431268215,0.001415788196027279,0.1117878332734108
1874,-1.82380211353302,-1.8285411596298218,0.001998802414163947,0.002740216441452503,0.11175420135259628
1875,-1.8652681112289429,-1.871741771697998,0.0034164285752922297,0.0030572316609323025,0.11172055453062057
1876,-1.8909261226654053,-1.8983458280563354,0.0038308079820126295,0.003588914405554533,0.1116868108510971
1877,-1.8945257663726807,-1.8987910747528076,0.002379702404141426,0.001885630190372467,0.11165310442447662
1878,-1.8622052669525146,-1.865053653717041,0.0012037466512992978,0.0016446671215817332,0.11161943525075912
1879,-1.7406243085861206,-1.8901441097259521,0.07413623481988907,0.0753835067152977,0.11158575117588043
1880,-1.8863390684127808,-1.892005205154419,0.0029822122305631638,0.002683903556317091,0.11155204474925995
1881,-1.8752915859222412,-1.8815325498580933,0.0029874020256102085,0.003253546077758074,0.11151835322380066
1882,-1.851873517036438,-1.855961561203003,0.0017990999622270465,0.0022889527026563883,0.11148472875356674
1883,-1.8565772771835327,-1.8594447374343872,0.0013830742100253701,0.0014844234101474285,0.11145108193159103
1884,-1.8476998805999756,-1.8521944284439087,0.002115328097715974,0.0023792246356606483,0.11141742020845413
1885,-1.8772575855255127,-1.8825299739837646,0.002571895020082593,0.0027004180010408163,0.11138379573822021
1886,-1.8867440223693848,-1.8926442861557007,0.0031273975037038326,0.00277280923910439,0.11135012656450272
1887,-1.8958295583724976,-1.898794412612915,0.001527368905954063,0.0014375584432855248,0.1113164946436882
1888,-1.9031928777694702,-1.9062156677246094,0.001545917009934783,0.0014769326662644744,0.1112828180193901
1889,-1.9033679962158203,-1.9108582735061646,0.003892656648531556,0.003597601316869259,0.11124902218580246
1890,-1.864996075630188,-1.8693172931671143,0.0022809491492807865,0.002040259540081024,0.1112152636051178
1891,-1.866517424583435,-1.8713115453720093,0.0024530740920454264,0.0023409822024405003,0.11118149012327194
1892,-1.8519675731658936,-1.8545325994491577,0.0010461363708600402,0.001518827397376299,0.11114777624607086
1893,-1.876283049583435,-1.8815977573394775,0.0025958644691854715,0.0027188106905668974,0.11111407727003098
1894,-1.8619054555892944,-1.8665399551391602,0.002167562022805214,0.0024669067934155464,0.1110803559422493
1895,-1.885387659072876,-1.8897345066070557,0.002205084776505828,0.002141698030754924,0.11104659736156464
1896,-1.872723937034607,-1.8747937679290771,0.0011112444335594773,0.0009585607913322747,0.11101286858320236
1897,-1.8929299116134644,-1.8966246843338013,0.002013647463172674,0.0016811236273497343,0.11097918450832367
1898,-1.8780323266983032,-1.8831441402435303,0.002498528454452753,0.0026132725179195404,0.11094547808170319
1899,-1.8854020833969116,-1.890581727027893,0.0025035834405571222,0.0026759831234812737,0.11091180890798569
1900,-1.8579354286193848,-1.8622522354125977,0.0019517680630087852,0.0023649530485272408,0.11087822914123535
1901,-1.8512229919433594,-1.862762451171875,0.005450040102005005,0.006089392583817244,0.11084471642971039
1902,-1.875870943069458,-1.8821083307266235,0.003214453114196658,0.003022854682058096,0.11081121116876602
1903,-1.8856388330459595,-1.8906553983688354,0.002665662206709385,0.0023508681915700436,0.11077771335840225
1904,-1.9141905307769775,-1.9164777994155884,0.0010932983132079244,0.0011939777759835124,0.11074420809745789
1905,-1.856662392616272,-1.8658735752105713,0.00490154605358839,0.004309648647904396,0.11071068048477173
1906,-1.8720002174377441,-1.8764984607696533,0.002270090626552701,0.0022281152196228504,0.11067716032266617
1907,-1.885498046875,-1.889999508857727,0.0023555688094347715,0.0021458647679537535,0.1106436550617218
1908,-1.888816475868225,-1.8944777250289917,0.0029555605724453926,0.0027056436520069838,0.11061017960309982
1909,-1.8934714794158936,-1.89597487449646,0.0012287594145163894,0.0012745908461511135,0.11057672649621964
1910,-1.880401611328125,-1.8866380453109741,0.0034254470374435186,0.0028109014965593815,0.11054332554340363
1911,-1.8964996337890625,-1.901111364364624,0.0023265753407031298,0.0022850660607218742,0.11051001399755478
1912,-1.9047489166259766,-1.9080440998077393,0.0016005963552743196,0.0016945312963798642,0.11047671735286713
1913,-1.895279049873352,-1.9007065296173096,0.002904328051954508,0.002523239003494382,0.11044348031282425
1914,-1.8824964761734009,-1.8890711069107056,0.0033958768472075462,0.003178664017468691,0.11041022837162018
1915,-1.9110833406448364,-1.9175878763198853,0.0035431361757218838,0.0029613578226417303,0.11037701368331909
1916,-1.9079070091247559,-1.9110088348388672,0.001427656738087535,0.0016741632716730237,0.11034388840198517
1917,-1.6795753240585327,-1.8909637928009033,0.10475201159715652,0.10663638263940811,0.11031071841716766
1918,-1.861910104751587,-1.8705637454986572,0.004581753630191088,0.004071819130331278,0.11027755588293076
1919,-1.6861375570297241,-1.863466501235962,0.08897212892770767,0.08835682272911072,0.11024435609579086
1920,-1.8486930131912231,-1.8556411266326904,0.00362463784404099,0.0033234471920877695,0.11021111160516739
1921,-1.8308428525924683,-1.8364285230636597,0.0031538403127342463,0.0024319076910614967,0.11017795652151108
1922,-1.8498815298080444,-1.8571490049362183,0.003560320008546114,0.0037071225233376026,0.11014483869075775
1923,-1.9294812679290771,-1.934891700744629,0.0026693781837821007,0.0027411512564867735,0.11011172831058502
1924,-1.9130562543869019,-1.9161747694015503,0.0015498880529776216,0.0015686872648075223,0.1100786030292511
1925,-1.931226134300232,-1.9399241209030151,0.004416411742568016,0.004281546920537949,0.11004551500082016
1926,-1.9273090362548828,-1.934309959411621,0.0035480940714478493,0.003452743636444211,0.11001240462064743
1927,-1.9082975387573242,-1.9128262996673584,0.002607370726764202,0.0019213749328628182,0.10997936129570007
1928,-1.8728007078170776,-1.8753992319107056,0.001256714342162013,0.001341858645901084,0.10994630306959152
1929,-1.846619725227356,-1.8501330614089966,0.0015983491903170943,0.0019150307634845376,0.10991330444812775
1930,-1.849733591079712,-1.8560346364974976,0.003212539479136467,0.0030884891748428345,0.10988026857376099
1931,-1.8745893239974976,-1.8855730295181274,0.005374444182962179,0.005609304644167423,0.10984718054533005
1932,-1.8763046264648438,-1.8819830417633057,0.0025953762233257294,0.0030829773750156164,0.10981413722038269
1933,-1.862719178199768,-1.8658196926116943,0.0015073292888700962,0.0015932101523503661,0.1097811758518219
1934,-1.9205039739608765,-1.9224289655685425,0.0010579476365819573,0.0008670078823342919,0.10974820703268051
1935,-1.9286198616027832,-1.9351071119308472,0.0033692384604364634,0.0031180165242403746,0.10971518605947495
1936,-1.9110808372497559,-1.916569471359253,0.0026665145996958017,0.0028221134562045336,0.10968217998743057
1937,-1.9225223064422607,-1.9307036399841309,0.003939046058803797,0.004242357797920704,0.1096491813659668
1938,-1.8953914642333984,-1.899787187576294,0.00222941511310637,0.002166271675378084,0.1096162274479866
1939,-1.900943636894226,-1.9068329334259033,0.002686454216018319,0.0032028136774897575,0.10958324372768402
1940,-1.894425630569458,-1.8992682695388794,0.0023813354782760143,0.0024613430723547935,0.10955030471086502
1941,-1.885388970375061,-1.889622449874878,0.0019539091736078262,0.0022795286495238543,0.10951737314462662
1942,-1.8842111825942993,-1.8883670568466187,0.0021953112445771694,0.0019605245906859636,0.10948442667722702
1943,-1.8716455698013306,-1.8814077377319336,0.004472826607525349,0.0052893743850290775,0.10945148766040802
1944,-1.8875478506088257,-1.890964388847351,0.0017042448744177818,0.0017122658900916576,0.10941851139068604
1945,-1.8924660682678223,-1.8982609510421753,0.0028543563093990088,0.002940525533631444,0.10938554257154465
1946,-1.956478476524353,-1.9647953510284424,0.004184595309197903,0.004132285714149475,0.10935261100530624
1947,-1.7063562870025635,-1.9020694494247437,0.09705756604671478,0.09865552932024002,0.10931973904371262
1948,-1.8822815418243408,-1.888814091682434,0.0034554526209831238,0.0030772043392062187,0.10928690433502197
1949,-1.8821173906326294,-1.8844343423843384,0.0011092537315562367,0.0012076908024027944,0.1092541292309761
1950,-1.8800060749053955,-1.8861950635910034,0.0028244140557944775,0.003364523872733116,0.10922130942344666
1951,-1.891803503036499,-1.8956255912780762,0.001916395267471671,0.0019056833116337657,0.10918853431940079
1952,-1.7003629207611084,-1.8850353956222534,0.09413453191518784,0.0905379056930542,0.10915575921535492
1953,-1.6559526920318604,-1.8518424034118652,0.0976911336183548,0.09819848090410233,0.10912302881479263
1954,-1.8584883213043213,-1.867841124534607,0.0048617469146847725,0.004491080529987812,0.10909025371074677
1955,-1.8807743787765503,-1.8915373086929321,0.005717620253562927,0.005045346915721893,0.1090574562549591
1956,-1.888723373413086,-1.8987988233566284,0.004926202818751335,0.005149204283952713,0.10902467370033264
1957,-1.9271423816680908,-1.933059811592102,0.0029125255532562733,0.003004897851496935,0.10899190604686737
1958,-1.9485292434692383,-1.952632188796997,0.0020995703525841236,0.002003412926569581,0.10895911604166031
1959,-1.9645767211914062,-1.9740850925445557,0.004590342286974192,0.004918029997497797,0.10892633348703384
1960,-1.9160717725753784,-1.920881748199463,0.002397846896201372,0.002412139903753996,0.10889353603124619
1961,-1.9174154996871948,-1.9209095239639282,0.0017235747072845697,0.0017704468918964267,0.1088608056306839
1962,-1.887279987335205,-1.8921178579330444,0.0022816129494458437,0.0025562227237969637,0.10882808268070221
1963,-1.8952993154525757,-1.9022533893585205,0.003553553717210889,0.003400609828531742,0.10879536718130112
1964,-1.8728545904159546,-1.8787624835968018,0.002972944872453809,0.002934935037046671,0.10876268893480301
1965,-1.8774628639221191,-1.8901515007019043,0.006481766700744629,0.006206830497831106,0.10873004794120789
1966,-1.9238208532333374,-1.9319758415222168,0.00445067323744297,0.0037043169140815735,0.10869733989238739
1967,-1.9287075996398926,-1.9327759742736816,0.0020619146525859833,0.0020063992124050856,0.10866466164588928
1968,-1.9377883672714233,-1.940675139427185,0.0014907825971022248,0.001395894680172205,0.10863199830055237
1969,-1.941211462020874,-1.9442907571792603,0.0014789487468078732,0.0016003919299691916,0.10859926789999008
1970,-1.9091079235076904,-1.91261625289917,0.0018731376621872187,0.0016351729864254594,0.10856654495000839
1971,-1.9143531322479248,-1.9186140298843384,0.002306818263605237,0.001954035833477974,0.10853380709886551
1972,-1.9063925743103027,-1.9103341102600098,0.0017758875619620085,0.0021656781900674105,0.10850104689598083
1973,-1.8890146017074585,-1.891014814376831,0.0011068375315517187,0.000893367687240243,0.10846830904483795
1974,-1.8900046348571777,-1.896162748336792,0.0029595934320241213,0.003198497463017702,0.10843557119369507
1975,-1.882480263710022,-1.8872675895690918,0.0024898082483559847,0.002297514583915472,0.10840284824371338
1976,-1.9084548950195312,-1.9138031005859375,0.0025576394982635975,0.0027905225288122892,0.10837015509605408
1977,-1.9314155578613281,-1.9353880882263184,0.002158526564016938,0.001814004615880549,0.10833745449781418
1978,-1.7381794452667236,-1.92466139793396,0.0934525653719902,0.09302940964698792,0.10830475389957428
1979,-1.909419298171997,-1.9134124517440796,0.002290031174197793,0.0017031023744493723,0.10827204585075378
1980,-1.902718186378479,-1.9050984382629395,0.0011922616977244616,0.001188061898574233,0.1082393154501915
1981,-1.9043428897857666,-1.9099701642990112,0.0028688055463135242,0.002758478745818138,0.10820652544498444
1982,-1.909737467765808,-1.9135643243789673,0.0018488025525584817,0.0019780201837420464,0.10817378759384155
1983,-1.9083809852600098,-1.9103859663009644,0.001121662906371057,0.0008832892635837197,0.10814111679792404
1984,-1.9066494703292847,-1.908245325088501,0.0008563701412640512,0.0007394360145553946,0.1081085056066513
1985,-1.934783697128296,-1.9369863271713257,0.0010975096374750137,0.0011051257606595755,0.10807587951421738
1986,-1.9134840965270996,-1.9157041311264038,0.001053612562827766,0.0011664581252261996,0.10804331302642822
1987,-1.920796513557434,-1.928073525428772,0.0036993990652263165,0.0035775795113295317,0.10801070928573608
1988,-1.9144365787506104,-1.9157596826553345,0.0005741849890910089,0.0007488983101211488,0.10797816514968872
1989,-1.9010313749313354,-1.903110384941101,0.0009639866184443235,0.0011149796191602945,0.10794565081596375
1990,-1.9088759422302246,-1.9127413034439087,0.0015650836285203695,0.00230029271915555,0.10791309922933578
1991,-1.9277225732803345,-1.9307639598846436,0.0016291376668959856,0.0014123283326625824,0.10788058489561081
1992,-1.8945937156677246,-1.8968231678009033,0.0012119822204113007,0.0010174608323723078,0.10784810781478882
1993,-1.9068673849105835,-1.9092072248458862,0.0012404933804646134,0.0010993594769388437,0.10781566053628922
1994,-1.9117186069488525,-1.9166038036346436,0.0023307614028453827,0.0025544739328324795,0.1077832505106926
1995,-1.921201467514038,-1.9261788129806519,0.0026841650251299143,0.0022932589054107666,0.10775085538625717
1996,-1.9225716590881348,-1.9269922971725464,0.00211510993540287,0.002305511850863695,0.10771843791007996
1997,-1.9329732656478882,-1.9385545253753662,0.002763397293165326,0.0028178542852401733,0.10768605768680573
1998,-1.918379306793213,-1.9216032028198242,0.0016106533585116267,0.001613209373317659,0.10765371471643448
1999,-1.9536118507385254,-1.957290768623352,0.0018732183380052447,0.0018057144479826093,0.10762127488851547
2000,-1.9285614490509033,-1.9338030815124512,0.0028634436894208193,0.002378280507400632,0.10758882015943527
2001,-1.9207078218460083,-1.9234769344329834,0.0014291302068158984,0.0013400707393884659,0.10755640268325806
2002,-1.9486336708068848,-1.9502824544906616,0.0009958930313587189,0.0006528721423819661,0.10752404481172562
2003,-1.9276599884033203,-1.9293038845062256,0.0008308825199492276,0.0008129490306600928,0.10749167203903198
2004,-1.9017566442489624,-1.9030412435531616,0.0005364255048334599,0.0007481373031623662,0.10745928436517715
2005,-1.9010385274887085,-1.905888319015503,0.002124590566381812,0.002725255908444524,0.10742697864770889
2006,-1.9298501014709473,-1.9366111755371094,0.003373683663085103,0.0033873345237225294,0.10739468783140182
2007,-1.9371675252914429,-1.938940167427063,0.0010288626654073596,0.0007436977466568351,0.10736238211393356
2008,-1.9315781593322754,-1.933699369430542,0.000873725803103298,0.0012475047260522842,0.10733010619878769
2009,-1.968077301979065,-1.975103497505188,0.003440743312239647,0.003585399128496647,0.10729781538248062
2010,-1.9348653554916382,-1.9374480247497559,0.0012661035871133208,0.0013165357522666454,0.10726550966501236
2011,-1.9286160469055176,-1.9339333772659302,0.0029769628308713436,0.0023403188679367304,0.1072331890463829
2012,-1.9016504287719727,-1.9046924114227295,0.0015792243648320436,0.0014628395438194275,0.10720088332891464
2013,-1.929620385169983,-1.9437395334243774,0.00680511025711894,0.007314044516533613,0.10716857761144638
2014,-1.9333417415618896,-1.9400243759155273,0.0031738406978547573,0.0035088444128632545,0.10713628679513931
2015,-1.9571638107299805,-1.9607957601547241,0.0018545555649325252,0.0017773834988474846,0.10710398107767105
2016,-1.9406760931015015,-1.9450321197509766,0.002386830747127533,0.001969235483556986,0.10707170516252518
2017,-1.9500670433044434,-1.9527168273925781,0.0013223198475316167,0.0013275378150865436,0.10703951865434647
2018,-1.7226923704147339,-1.9193295240402222,0.09980382025241852,0.09683331847190857,0.10700736939907074
2019,-1.8917806148529053,-1.8942086696624756,0.0014197862474247813,0.0010083026718348265,0.106975257396698
2020,-1.908883810043335,-1.913604736328125,0.002681730082258582,0.0020392020232975483,0.10694310069084167
2021,-1.886425256729126,-1.8942161798477173,0.004013128578662872,0.0037777810357511044,0.10691097378730774
2022,-1.8967512845993042,-1.898974061012268,0.001090406789444387,0.001132332719862461,0.106878861784935
2023,-1.9443717002868652,-1.9458307027816772,0.0007054940215311944,0.0007534846081398427,0.10684676468372345
2024,-1.9578393697738647,-1.961152195930481,0.0017422856763005257,0.0015706113772466779,0.10681461542844772
2025,-1.9572300910949707,-1.9595154523849487,0.001165586756542325,0.0011196854757145047,0.10678251087665558
2026,-1.9771664142608643,-1.9815105199813843,0.0021357776131480932,0.002208355348557234,0.10675036162137985
2027,-1.970110535621643,-1.9791197776794434,0.00413411995396018,0.004875016864389181,0.10671819746494293
2028,-1.9561100006103516,-1.9617586135864258,0.0030910123605281115,0.0025576718617230654,0.10668604075908661
2029,-1.9552329778671265,-1.9627684354782104,0.004084408283233643,0.0034510036930441856,0.10665389150381088
2030,-1.917911410331726,-1.9235570430755615,0.0029241398442536592,0.002721490804105997,0.10662180930376053
2031,-1.9089595079421997,-1.9099490642547607,0.00046839259448461235,0.000521165959071368,0.10658975690603256
2032,-1.9178580045700073,-1.9212324619293213,0.0016126802656799555,0.0017618155106902122,0.1065576896071434
2033,-1.9269438982009888,-1.9358022212982178,0.004033250734210014,0.004825086332857609,0.10652560740709305
2034,-1.928975224494934,-1.9312973022460938,0.0011072512716054916,0.0012148914393037558,0.10649353265762329
2035,-1.933340072631836,-1.9368813037872314,0.0014665921917185187,0.0020745766814798117,0.10646149516105652
2036,-1.753612756729126,-1.9383363723754883,0.0942494347691536,0.09047413617372513,0.10642944276332855
2037,-1.9470852613449097,-1.9532639980316162,0.0032115995418280363,0.0029671089723706245,0.10639737546443939
2038,-1.9358848333358765,-1.938440203666687,0.0013420211616903543,0.0012133406708016992,0.10636531561613083
2039,-1.9276436567306519,-1.930798053741455,0.0013665175065398216,0.00178792723454535,0.10633327066898346
2040,-1.90752375125885,-1.9166227579116821,0.005018787924200296,0.0040801833383738995,0.10630117356777191
2041,-1.9341322183609009,-1.9372190237045288,0.001503839623183012,0.0015829731710255146,0.10626912117004395
2042,-1.930345892906189,-1.9393818378448486,0.004669244401156902,0.004366784356534481,0.10623709857463837
2043,-1.954634189605713,-1.9553794860839844,0.00036933147930540144,0.00037595644243992865,0.10620509088039398
2044,-1.9467190504074097,-1.9507521390914917,0.002121705561876297,0.001911396044306457,0.10617311298847198
2045,-1.9614416360855103,-1.9664719104766846,0.0025641650427132845,0.002466101897880435,0.10614117234945297
2046,-1.938225269317627,-1.9419126510620117,0.001844744081608951,0.001842663623392582,0.10610926896333694
2047,-1.9371321201324463,-1.9386165142059326,0.0007304787286557257,0.000753825472202152,0.1060773953795433
2048,-1.9559293985366821,-1.957943081855774,0.0011821126099675894,0.0008316528401337564,0.10604545474052429
2049,-1.9489710330963135,-1.9534300565719604,0.0025993918534368277,0.0018596447771415114,0.10601355880498886
2050,-1.9521467685699463,-1.956868052482605,0.0025438538286834955,0.002177422633394599,0.10598168522119522
2051,-1.9486736059188843,-1.9501501321792603,0.0008071496849879622,0.0006693731411360204,0.10594985634088516
2052,-1.9224107265472412,-1.9250993728637695,0.0011612183880060911,0.001527467044070363,0.1059180349111557
2053,-1.9455236196517944,-1.9479100704193115,0.0011747354874387383,0.0012117084115743637,0.10588624328374863
2054,-1.9709292650222778,-1.9756574630737305,0.0020885549020022154,0.002639636630192399,0.10585446655750275
2055,-1.9806700944900513,-1.984426498413086,0.0018343046540394425,0.0019220858812332153,0.10582269728183746
2056,-1.9659605026245117,-1.9709739685058594,0.0025517172180116177,0.002461807569488883,0.1057908833026886
2057,-1.9439995288848877,-1.946942687034607,0.0016842879122123122,0.001258845324628055,0.10575908422470093
2058,-1.9700151681900024,-1.9727962017059326,0.0012686357367783785,0.0015123581979423761,0.10572724044322968
2059,-1.9353992938995361,-1.9378671646118164,0.0011511628981679678,0.0013166115386411548,0.10569541156291962
2060,-1.9613550901412964,-1.9648911952972412,0.0017395721515640616,0.0017964718863368034,0.10566356033086777
2061,-1.7222706079483032,-1.9305263757705688,0.10412292182445526,0.10413289815187454,0.1056317463517189
2062,-1.9161783456802368,-1.9210002422332764,0.002365018939599395,0.0024569383822381496,0.10559994727373123
2063,-1.9305180311203003,-1.9386073350906372,0.004147674888372421,0.003941686358302832,0.10556815564632416
2064,-1.919884443283081,-1.9217828512191772,0.000964717473834753,0.0009336693910881877,0.10553634166717529
2065,-1.9487864971160889,-1.954864501953125,0.0029255016706883907,0.0031524961814284325,0.10550446808338165
2066,-1.9929652214050293,-2.002927780151367,0.004913826938718557,0.005048764869570732,0.1054726243019104
2067,-1.974735140800476,-1.9786603450775146,0.0021973380353301764,0.0017277701990678906,0.10544079542160034
2068,-2.002065896987915,-2.008929967880249,0.003645566990599036,0.0032185048330575228,0.1054089218378067
2069,-2.001584529876709,-2.0072426795959473,0.0029628630727529526,0.002695272210985422,0.1053769588470459
2070,-1.9772194623947144,-1.9806084632873535,0.0015351858455687761,0.0018538652220740914,0.10534503310918808
2071,-1.9647794961929321,-1.9688503742218018,0.001967422431334853,0.002103505190461874,0.10531316697597504
2072,-1.922465205192566,-1.9297690391540527,0.004017623607069254,0.0032862366642802954,0.10528133809566498
2073,-1.9411382675170898,-1.9451072216033936,0.0018981934990733862,0.002070787362754345,0.1052495613694191
2074,-1.9412623643875122,-1.946616768836975,0.0029130280017852783,0.0024413689970970154,0.10521776974201202
2075,-1.970815658569336,-1.97269606590271,0.0008144699968397617,0.001065914868377149,0.10518599301576614
2076,-1.9743050336837769,-1.97755765914917,0.0016871801344677806,0.0015654228627681732,0.10515424609184265
2077,-1.9558509588241577,-1.9616543054580688,0.0027732362505048513,0.0030300107318907976,0.10512253642082214
2078,-1.983203649520874,-1.9892308712005615,0.0027172965928912163,0.0033099441789090633,0.10509086400270462
2079,-1.9805619716644287,-1.9843071699142456,0.0018142228946089745,0.0019310085335746408,0.10505922138690948
2080,-1.9652067422866821,-1.971916913986206,0.0036806801799684763,0.0030294533353298903,0.10502764582633972
2081,-1.933430790901184,-1.9376188516616821,0.0022201556712388992,0.0019679327961057425,0.10499607026576996
2082,-1.931188941001892,-1.9363287687301636,0.0025143600068986416,0.002625481691211462,0.10496443510055542
2083,-1.9637794494628906,-1.9684144258499146,0.002127032959833741,0.0025078714825212955,0.10493278503417969
2084,-1.9619172811508179,-1.9702298641204834,0.0039284247905015945,0.0043841819278895855,0.10490114241838455
2085,-2.002711534500122,-2.007267475128174,0.0020951987244188786,0.002460653427988291,0.10486950725317001
2086,-1.9677375555038452,-1.975345492362976,0.003701142966747284,0.003906894940882921,0.10483785718679428
2087,-1.947035789489746,-1.951877236366272,0.002472263528034091,0.002369143068790436,0.10480626672506332
2088,-1.9817732572555542,-1.9883352518081665,0.0028617042116820812,0.0037002479657530785,0.10477466136217117
2089,-1.964292287826538,-1.9674158096313477,0.001723265158943832,0.0014002264942973852,0.10474307090044022
2090,-1.9525330066680908,-1.954033613204956,0.0006999398465268314,0.0008006402058526874,0.10471140593290329
2091,-1.9555705785751343,-1.9630565643310547,0.004011121578514576,0.0034748297184705734,0.10467977821826935
2092,-1.9597606658935547,-1.9635764360427856,0.0018011219799518585,0.0020146085880696774,0.10464818775653839
2093,-1.9688218832015991,-1.9738436937332153,0.0027662490028887987,0.0022555047180503607,0.10461656004190445
2094,-1.9613661766052246,-1.967404842376709,0.002873377874493599,0.0031651994213461876,0.10458490997552872
2095,-1.968651533126831,-1.9751514196395874,0.0034294372890144587,0.0030704368837177753,0.10455324500799179
2096,-1.9664264917373657,-1.9684486389160156,0.0009299489320255816,0.0010921403300017118,0.10452159494161606
2097,-1.9565351009368896,-1.9616026878356934,0.002605650806799531,0.0024618892930448055,0.10448997467756271
2098,-1.9763623476028442,-1.9832614660263062,0.003430488985031843,0.003468584269285202,0.10445839166641235
2099,-1.9810253381729126,-1.984980583190918,0.00210552872158587,0.0018498103599995375,0.10442684590816498
2100,-1.9605547189712524,-1.9638241529464722,0.0012582162162289023,0.002011166652664542,0.10439535230398178
2101,-1.9620314836502075,-1.9654059410095215,0.001567402039654553,0.001807104330509901,0.10436389595270157
2102,-1.964472770690918,-1.9699100255966187,0.002631640760228038,0.0028056304436177015,0.10433244705200195
2103,-1.9399387836456299,-1.9435453414916992,0.00185023236554116,0.0017563197761774063,0.10430106520652771
2104,-1.9720216989517212,-1.9755038022994995,0.001998641062527895,0.0014834011672064662,0.10426968336105347
2105,-1.99897301197052,-2.001066207885742,0.0008893313934095204,0.0012038698187097907,0.10423826426267624
2106,-1.981155514717102,-1.9831923246383667,0.0010406053625047207,0.0009961893083527684,0.10420683026313782
2107,-1.9937469959259033,-1.9952709674835205,0.0007099355570971966,0.0008140818681567907,0.1041753813624382
2108,-1.7971241474151611,-1.9626967906951904,0.08578125387430191,0.07979142665863037,0.10414396971464157
2109,-1.97413170337677,-1.977238655090332,0.001445058616809547,0.0016618820372968912,0.10411258786916733
2110,-1.9403103590011597,-1.9447602033615112,0.001960380468517542,0.0024894443340599537,0.10408124327659607
2111,-1.9512205123901367,-1.9539366960525513,0.0012628550175577402,0.0014532465720549226,0.10404990613460541
2112,-1.9696327447891235,-1.9735339879989624,0.0018884030869230628,0.002012860495597124,0.10401862859725952
2113,-1.9716827869415283,-1.9760435819625854,0.0021869144402444363,0.0021739229559898376,0.10398735851049423
2114,-1.9921318292617798,-1.9938032627105713,0.0009099731687456369,0.0007615440990775824,0.10395612567663193
2115,-1.9923977851867676,-1.99692964553833,0.002051091752946377,0.002480786759406328,0.10392490029335022
2116,-2.0220255851745605,-2.0284976959228516,0.002964498708024621,0.0035075366031378508,0.10389366000890732
2117,-2.01545786857605,-2.0203464031219482,0.0021744032856076956,0.0027142236940562725,0.10386240482330322
2118,-1.8031294345855713,-1.9584698677062988,0.0811520367860794,0.07418840378522873,0.10383109003305435
2119,-1.9538766145706177,-1.957532286643982,0.0016678324900567532,0.0019877832382917404,0.10379984974861145
2120,-1.9572055339813232,-1.9614259004592896,0.002346416935324669,0.0018739270744845271,0.10376860201358795
2121,-1.9474461078643799,-1.9563684463500977,0.004518780391663313,0.004403566475957632,0.10373733192682266
2122,-1.9759039878845215,-1.981827974319458,0.0027374839410185814,0.003186488524079323,0.10370607674121857
2123,-2.0079257488250732,-2.0134501457214355,0.0025525803212076426,0.002971956040710211,0.10367479920387268
2124,-2.016481399536133,-2.0250322818756104,0.0044395579025149345,0.004111187998205423,0.10364353656768799
2125,-1.9999579191207886,-2.0074000358581543,0.0037503947969526052,0.0036917738616466522,0.1036122590303421
2126,-2.0018341541290283,-2.0133697986602783,0.005645859986543655,0.005889933556318283,0.10358098894357681
2127,-2.002556800842285,-2.0120184421539307,0.004433668218553066,0.00502808066084981,0.10354975610971451
2128,-1.9901494979858398,-1.993955135345459,0.002057167934253812,0.001748461276292801,0.10351850092411041
2129,-1.9846593141555786,-1.9889212846755981,0.0023665365297347307,0.0018954400438815355,0.10348726063966751
2130,-1.9631967544555664,-1.9646292924880981,0.0006539557361975312,0.0007785214693285525,0.10345600545406342
2131,-1.912695288658142,-1.917198896408081,0.002315288409590721,0.0021883146837353706,0.10342475771903992
2132,-1.9424127340316772,-1.957733154296875,0.007962965406477451,0.007357454393059015,0.10339349508285522
2133,-1.9859483242034912,-1.9892563819885254,0.0015139625174924731,0.0017941389232873917,0.10336221754550934
2134,-2.0096254348754883,-2.0199978351593018,0.005007726140320301,0.005364546552300453,0.10333097726106644
2135,-1.980515718460083,-1.9832783937454224,0.0014160240534693003,0.001346662873402238,0.10329976677894592
2136,-2.039543390274048,-2.049086093902588,0.004470977000892162,0.005071564577519894,0.1032685935497284
2137,-2.027111053466797,-2.0320024490356445,0.002230999991297722,0.0026604989543557167,0.10323745012283325
2138,-1.9890567064285278,-1.9911974668502808,0.001049330341629684,0.0010914683807641268,0.10320636630058289
2139,-1.97625732421875,-1.979924201965332,0.0021902378648519516,0.0014766327803954482,0.1031753197312355
2140,-1.9714990854263306,-1.9753620624542236,0.0020770288538187742,0.001786005450412631,0.10314425826072693
2141,-1.9822421073913574,-1.9852131605148315,0.0016463715583086014,0.0013246199814602733,0.10311322659254074
2142,-1.9922674894332886,-1.9957869052886963,0.0015904888277873397,0.0019289724295958877,0.10308223217725754
2143,-1.9986400604248047,-2.000152111053467,0.0006330679170787334,0.0008789126295596361,0.10305124521255493
2144,-1.9939593076705933,-2.000225305557251,0.0030849867034703493,0.0031809895299375057,0.10302026569843292
2145,-1.9789663553237915,-1.9819097518920898,0.0014871230814605951,0.0014562818687409163,0.1029893234372139
2146,-1.9876773357391357,-1.9916048049926758,0.0018985819770023227,0.0020289558451622725,0.10295838862657547
2147,-1.974136471748352,-1.9773318767547607,0.0016062568174675107,0.0015891478396952152,0.10292749106884003
2148,-2.0018298625946045,-2.003624439239502,0.0008620208827778697,0.000932451686821878,0.10289660096168518
2149,-1.9848977327346802,-1.986716628074646,0.0008974025258794427,0.0009215441532433033,0.10286569595336914
2150,-1.9923754930496216,-1.9962081909179688,0.0016183605184778571,0.0022142960224300623,0.1028347983956337
2151,-1.9756742715835571,-1.9819613695144653,0.0033226448576897383,0.0029644379392266273,0.10280388593673706
2152,-1.981286644935608,-1.9876362085342407,0.0033045397140085697,0.0030450355261564255,0.10277295857667923
2153,-2.003784656524658,-2.0116188526153564,0.004147815052419901,0.0036863444838672876,0.10274206101894379
2154,-2.02398419380188,-2.0291497707366943,0.0025515244342386723,0.002613927936181426,0.10271117836236954
2155,-2.0192112922668457,-2.023023843765259,0.0018554611597210169,0.001957259839400649,0.1026802510023117
2156,-2.018583297729492,-2.024803400039673,0.0031866750214248896,0.003033347660675645,0.10264931619167328
2157,-1.9930040836334229,-1.9981346130371094,0.00245669181458652,0.002673876006156206,0.10261838883161545
2158,-1.9876099824905396,-1.992663860321045,0.002257393440231681,0.0027965381741523743,0.10258746147155762
2159,-2.0070059299468994,-2.011192560195923,0.0021910180803388357,0.0019955290481448174,0.10255660116672516
2160,-1.9895939826965332,-1.9918673038482666,0.0010087094269692898,0.0012645976385101676,0.10252577066421509
2161,-1.9666515588760376,-1.9691433906555176,0.0012840365525335073,0.0012078589061275125,0.10249493271112442
2162,-2.0009379386901855,-2.003466844558716,0.00120838126167655,0.0013206708244979382,0.10246407240629196
2163,-1.972766399383545,-1.9758548736572266,0.0015349597670137882,0.0015534874983131886,0.10243319720029831
2164,-2.00030255317688,-2.010007858276367,0.0044606891460716724,0.0052447752095758915,0.10240235924720764
2165,-1.9689302444458008,-1.970540165901184,0.0007961748633533716,0.0008137794793583453,0.10237152874469757
2166,-2.000518560409546,-2.004972457885742,0.0022031283006072044,0.0022506448440253735,0.10234072804450989
2167,-2.0172595977783203,-2.01955509185791,0.0010885462397709489,0.0012068579671904445,0.1023099422454834
2168,-2.024071216583252,-2.030134916305542,0.0030427800957113504,0.003020970383659005,0.1022791638970375
2169,-2.0227701663970947,-2.0280838012695312,0.0024533893447369337,0.0028603216633200645,0.10224839299917221
2170,-2.024327516555786,-2.0273070335388184,0.0014768068213015795,0.0015027428744360805,0.10221760720014572
2171,-1.9927856922149658,-1.9970223903656006,0.0021619589533656836,0.00207469891756773,0.10218688100576401
2172,-2.002147674560547,-2.0057287216186523,0.001723470282740891,0.0018575903959572315,0.10215611755847931
2173,-1.9911930561065674,-1.9925676584243774,0.0006556009175255895,0.000718918745405972,0.10212530940771103
2174,-1.9788875579833984,-1.982450008392334,0.0016978980274870992,0.0018645551754161716,0.10209448635578156
2175,-1.9909855127334595,-1.993934988975525,0.001092348014935851,0.001857167575508356,0.10206370055675507
2176,-1.977483868598938,-1.9801768064498901,0.0014834546018391848,0.0012094535632058978,0.10203292220830917
2177,-2.0206069946289062,-2.0240070819854736,0.0017206387128680944,0.0016794218681752682,0.1020021066069603
2178,-2.0286216735839844,-2.036998748779297,0.004142294637858868,0.004234698601067066,0.10197132080793381
2179,-2.026973009109497,-2.029973030090332,0.0017140114214271307,0.0012859960552304983,0.1019405722618103
2180,-2.0265936851501465,-2.031147003173828,0.0021615945734083652,0.00239183590747416,0.10190985351800919
2181,-2.0199339389801025,-2.0235273838043213,0.0018541069002822042,0.001739203231409192,0.10187920182943344
2182,-2.0226197242736816,-2.0291991233825684,0.003436111379414797,0.0031432064715772867,0.10184862464666367
2183,-1.998895525932312,-2.0027689933776855,0.0022747227922081947,0.001598656759597361,0.10181805491447449
2184,-1.9891515970230103,-1.993516206741333,0.0022556064650416374,0.0021090225782245398,0.1017875000834465
2185,-2.011435031890869,-2.0133090019226074,0.0009753301274031401,0.0008986936300061643,0.10175690054893494
2186,-2.00874400138855,-2.012885093688965,0.0019585946574807167,0.0021824887953698635,0.10172630846500397
2187,-1.9968000650405884,-1.9988341331481934,0.0009403389994986355,0.001093794940970838,0.10169575363397598
2188,-2.001826763153076,-2.004070520401001,0.0010914086597040296,0.001152346609160304,0.10166523605585098
2189,-2.004837989807129,-2.00675892829895,0.0008580947178415954,0.0010629341704770923,0.10163469612598419
2190,-1.771965503692627,-1.983957290649414,0.1047477126121521,0.10724396258592606,0.10160419344902039
2191,-1.9875693321228027,-1.9918572902679443,0.001993155339732766,0.002294830046594143,0.10157372802495956
2192,-1.9721412658691406,-1.974748969078064,0.0012291044695302844,0.0013786909403279424,0.10154326260089874
2193,-1.9676767587661743,-1.973812222480774,0.0027938405983150005,0.003341719741001725,0.10151276737451553
2194,-1.9779771566390991,-1.985432744026184,0.003607825841754675,0.003847676794975996,0.10148224979639053
2195,-2.031998634338379,-2.034602642059326,0.0012388067552819848,0.0013652978232130408,0.10145174711942673
2196,-2.00213360786438,-2.005117654800415,0.0015771645121276379,0.001406964031048119,0.10142125189304352
2197,-2.003600597381592,-2.007988929748535,0.0019060902995988727,0.0024821613915264606,0.1013907641172409
2198,-2.005524158477783,-2.0113930702209473,0.002709305612370372,0.0031594145111739635,0.1013602614402771
2199,-2.0353691577911377,-2.0398056507110596,0.0019446784863248467,0.0024916990660130978,0.10132976621389389
2200,-2.021204710006714,-2.024528980255127,0.001516031101346016,0.0018082009628415108,0.10129930824041367
2201,-2.010723829269409,-2.014791250228882,0.0018916318658739328,0.0021758652292191982,0.10126885771751404
2202,-1.998525857925415,-2.00429368019104,0.0031192866154015064,0.002648631576448679,0.10123848915100098
2203,-1.9907820224761963,-1.9931213855743408,0.0012724599801003933,0.0010669369949027896,0.10120812803506851
2204,-2.023268222808838,-2.026733160018921,0.0016443160129711032,0.0018205138621851802,0.10117777436971664
2205,-1.9755693674087524,-1.9795727729797363,0.002241354202851653,0.0017619736026972532,0.10114745795726776
2206,-2.0216751098632812,-2.0271096229553223,0.0027760397642850876,0.002658396726474166,0.10111720114946365
2207,-2.014296770095825,-2.015446901321411,0.0005141515284776688,0.0006359195103868842,0.10108692198991776
2208,-2.016808032989502,-2.019589900970459,0.0013741821749135852,0.0014075713697820902,0.10105660557746887
2209,-2.030780553817749,-2.035932779312134,0.002316389698535204,0.0028357855044305325,0.10102634876966476
2210,-2.025996446609497,-2.0293149948120117,0.0015790528850629926,0.0017396031180396676,0.10099607706069946
2211,-2.0443382263183594,-2.049765110015869,0.002837534761056304,0.0025893475394695997,0.10096584260463715
2212,-2.033971071243286,-2.036078929901123,0.0010740915313363075,0.0010336899431422353,0.10093563050031662
2213,-2.0219883918762207,-2.0238327980041504,0.0008761910139583051,0.0009681053343228996,0.1009053885936737
2214,-2.01755952835083,-2.0197439193725586,0.0009511832613497972,0.0012331920443102717,0.10087515413761139
2215,-1.9806188344955444,-1.9842044115066528,0.0016360747395083308,0.0019495397573336959,0.10084494948387146
2216,-1.9894119501113892,-1.9946582317352295,0.002056935802102089,0.003189344657585025,0.10081472992897034
2217,-2.0107901096343994,-2.013911724090576,0.0016065844101831317,0.0015147957019507885,0.10078449547290802
2218,-2.0424604415893555,-2.043710947036743,0.0007690804195590317,0.0004812801780644804,0.1007542759180069
2219,-2.0249526500701904,-2.02705454826355,0.0010761539451777935,0.0010257164249196649,0.10072403401136398
2220,-2.0142557621002197,-2.0164875984191895,0.0011421238305047154,0.0010898836189880967,0.10069375485181808
2221,-2.0448312759399414,-2.046586275100708,0.0007155104540288448,0.001039535622112453,0.10066341608762741
2222,-2.000861406326294,-2.003112316131592,0.0011272792471572757,0.001123706460930407,0.10063306242227554
2223,-2.0125088691711426,-2.0145254135131836,0.0010149447480216622,0.0010015771258622408,0.10060269385576248
2224,-1.7722715139389038,-1.9534461498260498,0.0911364033818245,0.09003820270299911,0.1005723774433136
2225,-1.7804843187332153,-1.9816138744354248,0.10095879435539246,0.10017075389623642,0.10054207593202591
2226,-1.955327033996582,-1.9642434120178223,0.0043329596519470215,0.004583412315696478,0.1005118265748024
2227,-1.9841352701187134,-1.9911384582519531,0.0035358581226319075,0.003467365400865674,0.10048159211874008
2228,-2.0041372776031494,-2.0115630626678467,0.003518181387335062,0.003907595761120319,0.10045133531093597
2229,-2.054703712463379,-2.057215929031372,0.0009301399695686996,0.0015821524430066347,0.10042109340429306
2230,-2.0786070823669434,-2.0819785594940186,0.001818944700062275,0.0015525695635005832,0.10039083659648895
2231,-2.027101516723633,-2.034026622772217,0.0033810297027230263,0.00354417460039258,0.10036060959100723
2232,-2.0599868297576904,-2.0654444694519043,0.0022954929154366255,0.0031621232628822327,0.10033036768436432
2233,-2.029775619506836,-2.037794589996338,0.00430518202483654,0.0037138343323022127,0.10030016303062439
2234,-2.0258467197418213,-2.0299179553985596,0.002033310942351818,0.0020380481146275997,0.10026993602514267
2235,-2.0057427883148193,-2.008108139038086,0.001075644395314157,0.0012897166889160872,0.10023970156908035
2236,-1.994999885559082,-1.9979501962661743,0.0014249217929318547,0.001525367610156536,0.10020945221185684
2237,-1.9828616380691528,-1.9913387298583984,0.004269652999937534,0.004207529127597809,0.10017923265695572
2238,-2.0264546871185303,-2.0338165760040283,0.003374736290425062,0.003987075295299292,0.10014905035495758
2239,-2.0362563133239746,-2.039301633834839,0.0017487580189481378,0.0012966181384399533,0.10011889785528183
2240,-2.0825164318084717,-2.0862233638763428,0.0019349727081134915,0.0017718730960041285,0.10008873045444489
2241,-2.0718400478363037,-2.0752058029174805,0.002013420918956399,0.0013522651279345155,0.10005854815244675
2242,-2.035724639892578,-2.0464024543762207,0.005340066272765398,0.005337798036634922,0.10002841800451279
2243,-2.0432732105255127,-2.0469932556152344,0.002024094806984067,0.0016957581974565983,0.09999832510948181
2244,-2.0370213985443115,-2.039787769317627,0.0011969924671575427,0.001569218933582306,0.09996824711561203
2245,-2.031792640686035,-2.034877061843872,0.0015864417655393481,0.0014980715932324529,0.09993819147348404
2246,-2.0023438930511475,-2.0118589401245117,0.004770983941853046,0.004743986297398806,0.09990812838077545
2247,-2.020504951477051,-2.0257744789123535,0.0027121633756905794,0.00255739432759583,0.09987802058458328
2248,-2.0221621990203857,-2.026266098022461,0.002028008922934532,0.00207587075419724,0.09984790533781052
2249,-2.0300824642181396,-2.0328197479248047,0.0014805819373577833,0.0012567725498229265,0.09981781989336014
2250,-2.0554616451263428,-2.059497356414795,0.002318186452612281,0.0017176695400848985,0.09978774189949036
2251,-1.8243591785430908,-2.0410068035125732,0.11017230898141861,0.10647529363632202,0.09975774586200714
2252,-2.023414373397827,-2.026902198791504,0.0015009609051048756,0.0019869438838213682,0.09972775727510452
2253,-1.9939711093902588,-1.9984052181243896,0.0024522063322365284,0.0019818595610558987,0.0996977835893631
2254,-1.821236491203308,-1.9889535903930664,0.08582548052072525,0.08189160376787186,0.09966778755187988
2255,-1.9822900295257568,-1.9885231256484985,0.0033723153173923492,0.002860731678083539,0.09963780641555786
2256,-2.000523328781128,-2.009348154067993,0.004580534063279629,0.004244278185069561,0.09960783272981644
2257,-2.0044760704040527,-2.0121002197265625,0.004266752861440182,0.0033575212582945824,0.09957786649465561
2258,-2.052450656890869,-2.0537421703338623,0.000617479847278446,0.0006740216631442308,0.09954795241355896
2259,-2.070469617843628,-2.074435234069824,0.002329327631741762,0.001636154018342495,0.0995180532336235
2260,-2.045388698577881,-2.051365852355957,0.0033195491414517164,0.0026577471289783716,0.09948818385601044
2261,-2.0607428550720215,-2.0660767555236816,0.0027920198626816273,0.002541775582358241,0.09945827722549438
2262,-2.007009267807007,-2.009923219680786,0.0014006694545969367,0.0015133046545088291,0.09942838549613953
2263,-2.0257925987243652,-2.0294346809387207,0.0016879684990271926,0.0019539915956556797,0.09939849376678467
2264,-2.028688669204712,-2.0328311920166016,0.0022113274317234755,0.0019310892093926668,0.099368616938591
2265,-2.003281354904175,-2.007129192352295,0.002033635973930359,0.0018142216140404344,0.09933869540691376
2266,-2.0074944496154785,-2.0152430534362793,0.0038661151193082333,0.003882479388266802,0.0993088111281395
2267,-2.047271966934204,-2.0549063682556152,0.003779647871851921,0.0038546838331967592,0.09927895665168762
2268,-2.055116653442383,-2.058722972869873,0.0019385545747354627,0.0016677472740411758,0.09924911707639694
2269,-2.0502469539642334,-2.054664373397827,0.0022116643376648426,0.002205951139330864,0.09921928495168686
2270,-1.8312188386917114,-2.038745880126953,0.10687752813100815,0.10064949095249176,0.09918943047523499
2271,-2.0070888996124268,-2.0101189613342285,0.0015494872350245714,0.0014806739054620266,0.0991596132516861
2272,-1.9992491006851196,-2.003673791885376,0.0023495655041188,0.002075056079775095,0.09912983328104019
2273,-2.003169536590576,-2.008227825164795,0.0027111326344311237,0.002347189001739025,0.0991000309586525
2274,-2.0093727111816406,-2.0146422386169434,0.0028736970853060484,0.0023958776146173477,0.0990702211856842
2275,-2.025667905807495,-2.0284807682037354,0.0013408091617748141,0.001472015050239861,0.09904046356678009
2276,-2.053173780441284,-2.0577449798583984,0.0025993806775659323,0.0019718206021934748,0.09901071339845657
2277,-2.0496153831481934,-2.051724910736084,0.0009931100066751242,0.0011165952309966087,0.09898102283477783
2278,-2.0686190128326416,-2.0737321376800537,0.0028920441400259733,0.002221134025603533,0.0989513173699379
2279,-2.0563206672668457,-2.0610456466674805,0.0023620259016752243,0.002363065257668495,0.09892159700393677
2280,-2.0375261306762695,-2.039815664291382,0.0013274138327687979,0.0009620119235478342,0.09889190644025803
2281,-1.8360646963119507,-2.037343978881836,0.10070367902517319,0.10057555139064789,0.09886220097541809
2282,-1.998389720916748,-2.0021276473999023,0.0021141821052879095,0.0016235850052908063,0.09883253276348114
2283,-1.9908080101013184,-2.0008349418640137,0.005427858792245388,0.004599044565111399,0.0988028272986412
2284,-2.0064797401428223,-2.0170321464538574,0.0057425000704824924,0.004809941165149212,0.09877314418554306
2285,-2.0444910526275635,-2.0532612800598145,0.004225828684866428,0.0045444779098033905,0.09874345362186432
2286,-2.070202350616455,-2.0723037719726562,0.0011940427357330918,0.0009074193076230586,0.09871374815702438
2287,-2.0562188625335693,-2.0612893104553223,0.0027388737071305513,0.002331570954993367,0.09868410229682922
2288,-2.087012767791748,-2.0936179161071777,0.003529454581439495,0.003075594548135996,0.09865445643663406
2289,-2.06706166267395,-2.072843551635742,0.002690522000193596,0.0030913539230823517,0.09862484782934189
2290,-2.062164306640625,-2.06827712059021,0.0029811388812959194,0.0031315889209508896,0.09859522432088852
2291,-2.041577100753784,-2.045531749725342,0.00208669132553041,0.0018680011853575706,0.09856561571359634
2292,-2.03964900970459,-2.046191453933716,0.0032597510144114494,0.0032827930990606546,0.09853602945804596
2293,-2.013319253921509,-2.014932632446289,0.0010006492957472801,0.0006127417436800897,0.09850645810365677
2294,-2.0593254566192627,-2.0634820461273193,0.002373360563069582,0.0017830602591857314,0.09847689419984818
2295,-2.0777950286865234,-2.0821566581726074,0.002039720304310322,0.00232201861217618,0.09844733774662018
2296,-2.069979190826416,-2.0731754302978516,0.0017137706745415926,0.0014824974350631237,0.0984177216887474
2297,-2.090005397796631,-2.09346866607666,0.0019121579825878143,0.0015511729288846254,0.09838811308145523
2298,-2.028566598892212,-2.0402116775512695,0.006077031139284372,0.005567992106080055,0.09835856407880783
2299,-2.057260513305664,-2.0636110305786133,0.0036579922307282686,0.0026924645062536,0.09832904487848282
2300,-2.053645610809326,-2.0557308197021484,0.000896190176717937,0.0011890055611729622,0.09829951077699661
2301,-2.06266450881958,-2.0664076805114746,0.0015636207535862923,0.0021796938963234425,0.098269984126091
2302,-2.0382986068725586,-2.043574094772339,0.0024485071189701557,0.0028270429465919733,0.09824051707983017
2303,-2.040586471557617,-2.042790412902832,0.0011292695999145508,0.0010746921179816127,0.09821102768182755
2304,-2.041691541671753,-2.0441067218780518,0.00145056308247149,0.0009646586840972304,0.0981815755367279
2305,-2.0217676162719727,-2.0257585048675537,0.002069174312055111,0.0019215651554986835,0.09815215319395065
2306,-2.025362253189087,-2.0302162170410156,0.0025285170413553715,0.002325525041669607,0.09812276810407639
2307,-2.1038849353790283,-2.1107513904571533,0.003174512181431055,0.0036919114645570517,0.09809334576129913
2308,-1.8677226305007935,-2.0778303146362305,0.10670880973339081,0.10339892655611038,0.09806390106678009
2309,-2.0357754230499268,-2.0429463386535645,0.003493727184832096,0.003677091561257839,0.09803449362516403
2310,-2.0766491889953613,-2.0828495025634766,0.003166493494063616,0.0030338470824062824,0.09800504893064499
2311,-2.0681018829345703,-2.069871187210083,0.0008963495492935181,0.0008727938984520733,0.09797558933496475
2312,-2.085888385772705,-2.0881450176239014,0.0012246676487848163,0.0010318583808839321,0.09794611483812332
2313,-2.037877082824707,-2.0452303886413574,0.0035697410348802805,0.003783570369705558,0.09791667014360428
2314,-2.0655837059020996,-2.067875385284424,0.0009872204391285777,0.0013043135404586792,0.09788724035024643
2315,-2.0454816818237305,-2.051342725753784,0.003326230216771364,0.0025347925256937742,0.09785778820514679
2316,-2.0561630725860596,-2.058016538619995,0.0009996613953262568,0.0008536954992450774,0.09782835096120834
2317,-2.096325159072876,-2.1009604930877686,0.002274436177685857,0.002360721118748188,0.09779887646436691
2318,-2.0597310066223145,-2.0610084533691406,0.000731389329303056,0.0005459096282720566,0.09776940196752548
2319,-2.054602861404419,-2.0579843521118164,0.0015315457712858915,0.0018497708952054381,0.09773994237184525
2320,-2.0978503227233887,-2.106581926345825,0.004396893084049225,0.004334721714258194,0.09771047532558441
2321,-2.0879099369049072,-2.092860698699951,0.002784478012472391,0.002166210673749447,0.09768098592758179
2322,-2.06343150138855,-2.0673394203186035,0.0020735380239784718,0.0018343108240514994,0.09765150398015976
2323,-2.0772669315338135,-2.0794665813446045,0.0010985832195729017,0.0011009915033355355,0.09762205928564072
2324,-2.0864415168762207,-2.088897943496704,0.0011195642873644829,0.00133689702488482,0.09759266674518585
2325,-2.0940470695495605,-2.098423719406128,0.002044301712885499,0.00233242055401206,0.09756332635879517
2326,-2.064906358718872,-2.0716185569763184,0.003296667244285345,0.0034156576730310917,0.09753400087356567
2327,-2.0749106407165527,-2.0782864093780518,0.0018186967354267836,0.0015571524854749441,0.09750468283891678
2328,-2.0737054347991943,-2.0796961784362793,0.00300289923325181,0.00298774684779346,0.09747537225484848
2329,-2.058485507965088,-2.064525604248047,0.0028061154298484325,0.003234005067497492,0.09744609147310257
2330,-2.06710147857666,-2.0716707706451416,0.0025202601682394743,0.002048920141533017,0.09741678088903427
2331,-2.0640852451324463,-2.0704116821289062,0.0029525915160775185,0.003373886225745082,0.09738744795322418
2332,-2.086521625518799,-2.093559741973877,0.0040016802959144115,0.0030364887788891792,0.09735812991857529
2333,-1.872871994972229,-2.0471701622009277,0.09104906022548676,0.08324909955263138,0.09732886403799057
2334,-2.0452182292938232,-2.0474658012390137,0.0010650844778865576,0.0011826036497950554,0.09729960560798645
2335,-2.0538320541381836,-2.0565338134765625,0.001188047812320292,0.0015137757873162627,0.09727033227682114
2336,-2.044113874435425,-2.051151990890503,0.0032846916001290083,0.0037533652503043413,0.0972411185503006
2337,-2.040180206298828,-2.0430614948272705,0.0014516661176458001,0.00142944254912436,0.09721193462610245
2338,-2.0844881534576416,-2.087510585784912,0.0013634113129228354,0.001658938592299819,0.09718278050422668
2339,-2.094754219055176,-2.099459409713745,0.0027232577558606863,0.0019819766748696566,0.09715358912944794
2340,-2.0827791690826416,-2.0866246223449707,0.0017510788748040795,0.0020943181589245796,0.097124382853508
2341,-2.1133229732513428,-2.1195311546325684,0.003331886837258935,0.002876301994547248,0.09709519147872925
2342,-2.083252191543579,-2.0863678455352783,0.0012714443728327751,0.0018442451255396008,0.0970660001039505
2343,-2.054226875305176,-2.0570216178894043,0.0012955759884789586,0.0014991782372817397,0.09703684598207474
2344,-2.053480386734009,-2.056602954864502,0.0015692595625296235,0.0015532837714999914,0.09700775146484375
2345,-2.06462025642395,-2.072441577911377,0.004010130185633898,0.0038110720925033092,0.09697858989238739
2346,-2.078082323074341,-2.0864810943603516,0.004310954362154007,0.004087921231985092,0.09694941341876984
2347,-2.0903191566467285,-2.095532178878784,0.002574656391516328,0.002638455480337143,0.09692022204399109
2348,-2.0745937824249268,-2.0788016319274902,0.0023319993633776903,0.001875992282293737,0.09689106792211533
2349,-2.0864765644073486,-2.0897178649902344,0.0017468497389927506,0.0014943525893613696,0.09686189144849777
2350,-2.0929858684539795,-2.0984292030334473,0.0026339893229305744,0.0028093885630369186,0.09683270752429962
2351,-2.0732617378234863,-2.0770671367645264,0.0019211649196222425,0.001884232391603291,0.09680353105068207
2352,-2.0707192420959473,-2.0772857666015625,0.0033628230448812246,0.003203685162588954,0.0967743843793869
2353,-2.0631110668182373,-2.0657923221588135,0.001126336632296443,0.0015550199896097183,0.09674525260925293
2354,-2.0389232635498047,-2.043985366821289,0.0030142683535814285,0.0020478221122175455,0.09671614319086075
2355,-2.0788252353668213,-2.0816502571105957,0.0010646316222846508,0.0017603771993890405,0.09668702632188797
2356,-1.8391839265823364,-2.048743724822998,0.10552559792995453,0.1040341705083847,0.09665793925523758
2357,-2.068525552749634,-2.0717825889587402,0.0015793557977303863,0.001677751773968339,0.09662888199090958
2358,-2.0931777954101562,-2.0970685482025146,0.002027220791205764,0.0018635197775438428,0.09659983962774277
2359,-2.061871290206909,-2.0650360584259033,0.0017075890209525824,0.0014571147039532661,0.09657081961631775
2360,-2.080437660217285,-2.0836591720581055,0.0019581031519919634,0.0012633721344172955,0.0965418592095375
2361,-2.0962109565734863,-2.1000592708587646,0.0019972319714725018,0.001851147273555398,0.09651290625333786
2362,-1.8261590003967285,-2.0671164989471436,0.12110505998134613,0.11985242366790771,0.09648396819829941
2363,-2.0848782062530518,-2.086803436279297,0.0009983854833990335,0.0009267224231734872,0.09645500779151917
2364,-2.0934338569641113,-2.095503568649292,0.001074808300472796,0.0009948178194463253,0.09642601758241653
2365,-2.0428192615509033,-2.0487191677093506,0.003129402408376336,0.002770430874079466,0.09639698266983032
2366,-2.067758798599243,-2.074803113937378,0.003607620717957616,0.0034367211628705263,0.09636794030666351
2367,-2.0759947299957275,-2.0775556564331055,0.0008050177129916847,0.0007560834055766463,0.09633895009756088
2368,-2.083585739135742,-2.0896596908569336,0.0030395002104341984,0.0030342477839440107,0.09630998969078064
2369,-1.8612064123153687,-2.074629545211792,0.10649998486042023,0.10692314803600311,0.096281036734581
2370,-2.048509120941162,-2.052913188934326,0.002160105388611555,0.0022440713364630938,0.09625211358070374
2371,-2.0599966049194336,-2.0638198852539062,0.0022905133664608,0.0015327257569879293,0.09622318297624588
2372,-2.056966781616211,-2.062943458557129,0.003099850146099925,0.002876654965803027,0.09619428217411041
2373,-2.066166639328003,-2.069316864013672,0.0016506656538695097,0.0014996285317465663,0.09616543352603912
2374,-2.105633020401001,-2.118006944656372,0.005812413524836302,0.006561473477631807,0.09613654762506485
2375,-2.086763620376587,-2.0889859199523926,0.0010874816216528416,0.0011348121333867311,0.09610769897699356
2376,-2.134772539138794,-2.1391258239746094,0.0023000354412943125,0.0020533273927867413,0.09607880562543869
2377,-2.1192760467529297,-2.1244306564331055,0.0025463176425546408,0.002608249895274639,0.09604986011981964
2378,-2.069566011428833,-2.0744714736938477,0.0026225042529404163,0.0022828136570751667,0.09602093696594238
2379,-2.069571018218994,-2.0742971897125244,0.0023967716842889786,0.0023293890990316868,0.09599205106496811
2380,-2.0697810649871826,-2.0752344131469727,0.0028195888735353947,0.0026339017786085606,0.09596312791109085
2381,-2.035626173019409,-2.039224147796631,0.0018892704974859953,0.0017087638843804598,0.09593423455953598
2382,-2.0711910724639893,-2.079561233520508,0.004509720951318741,0.0038604391738772392,0.0959053486585617
2383,-2.0765228271484375,-2.0798137187957764,0.0011480393586680293,0.0021428759209811687,0.09587645530700684
2384,-1.826725721359253,-2.0742685794830322,0.12369618564844131,0.12384666502475739,0.09584756195545197
2385,-2.0979723930358887,-2.1134588718414307,0.007464549504220486,0.008021765388548374,0.0958186611533165
2386,-2.0782642364501953,-2.0822551250457764,0.002208712510764599,0.001782295061275363,0.09578981250524521
2387,-2.096444606781006,-2.1010098457336426,0.0024702660739421844,0.0020949842873960733,0.09576097130775452
2388,-2.1018779277801514,-2.1067936420440674,0.002533575054258108,0.0023820800706744194,0.09573211520910263
2389,-2.0959033966064453,-2.100800037384033,0.0025898402091115713,0.002306589623913169,0.09570327401161194
2390,-2.0773301124572754,-2.084740400314331,0.003924052231013775,0.0034862312022596598,0.09567446261644363
2391,-2.070884943008423,-2.0736279487609863,0.0013650411274284124,0.001378147746436298,0.09564567357301712
2392,-2.0874996185302734,-2.0926647186279297,0.002363234292715788,0.0028019649907946587,0.09561685472726822
2393,-2.0908875465393066,-2.0952751636505127,0.0024497623089700937,0.001937899156473577,0.0955880656838417
2394,-2.090303421020508,-2.093193531036377,0.0019463463686406612,0.000943676452152431,0.0955592691898346
2395,-2.0640172958374023,-2.068638801574707,0.002116786316037178,0.0025048162788152695,0.09553049504756927
2396,-2.1004064083099365,-2.103790283203125,0.0015588687965646386,0.0018251186702400446,0.09550175815820694
2397,-2.1090822219848633,-2.112859010696411,0.0018994063138961792,0.0018773175543174148,0.09547305107116699
2398,-2.0778231620788574,-2.0825867652893066,0.0027642748318612576,0.0019993986934423447,0.09544437378644943
2399,-2.107922315597534,-2.111156463623047,0.001736919512040913,0.0014972296776250005,0.09541570395231247
2400,-2.095151662826538,-2.1003034114837646,0.0026475931517779827,0.0025040688924491405,0.0953870490193367
2401,-2.0945112705230713,-2.0978729724884033,0.0018309475854039192,0.0015307056019082665,0.09535839408636093
2402,-2.0624001026153564,-2.0674827098846436,0.002845734590664506,0.002236726926639676,0.09532977640628815
2403,-2.0531840324401855,-2.055710792541504,0.0012230181600898504,0.0013037369353696704,0.09530114382505417
2404,-2.079214334487915,-2.0840179920196533,0.002355368575081229,0.002448410028591752,0.095272496342659
2405,-2.093755006790161,-2.095796823501587,0.0011202103924006224,0.0009214746532961726,0.09524387866258621
2406,-2.127593994140625,-2.1348180770874023,0.003848134772852063,0.0033761090599000454,0.09521526843309402
2407,-2.1069841384887695,-2.1106255054473877,0.0019063942600041628,0.0017349941190332174,0.09518658369779587
2408,-1.8871937990188599,-2.0967111587524414,0.10407611727714539,0.10544116795063019,0.09515794366598129
2409,-2.1029531955718994,-2.106511354446411,0.0021213756408542395,0.0014366621617227793,0.09512931853532791
2410,-2.0552492141723633,-2.0619349479675293,0.0034715530928224325,0.0032142270356416702,0.09510072320699692
2411,-2.086191177368164,-2.0955758094787598,0.004711423069238663,0.004673239309340715,0.09507206827402115
2412,-2.0930514335632324,-2.0958354473114014,0.0013324182946234941,0.001451436197385192,0.09504346549510956
2413,-2.06433367729187,-2.0682239532470703,0.0017489679157733917,0.002141288947314024,0.09501491487026215
2414,-2.1156718730926514,-2.121588706970215,0.0029716589488089085,0.0029451847076416016,0.09498640149831772
2415,-1.911095142364502,-2.105595827102661,0.0974077582359314,0.09709285944700241,0.0949578508734703
2416,-2.098299264907837,-2.106356143951416,0.0044364300556480885,0.0036203539930284023,0.0949293002486229
2417,-2.124518394470215,-2.131371021270752,0.003437992185354233,0.0034146453253924847,0.09490083903074265
2418,-2.1190884113311768,-2.1268742084503174,0.003760859603062272,0.00402489397674799,0.0948723778128624
2419,-2.0952789783477783,-2.0989532470703125,0.002012268640100956,0.0016619251109659672,0.09484392404556274
2420,-2.107220411300659,-2.110154867172241,0.0014933395432308316,0.0014410841977223754,0.09481550753116608
2421,-2.0835633277893066,-2.0866174697875977,0.0013973163440823555,0.0016566606936976314,0.09478706866502762
2422,-2.1122758388519287,-2.1143436431884766,0.0010838431771844625,0.0009839311242103577,0.09475866705179214
2423,-1.8334276676177979,-2.075140953063965,0.11887368559837341,0.12283957004547119,0.09473033994436264
2424,-2.01642107963562,-2.0244176387786865,0.003991926554590464,0.0040047019720077515,0.09470200538635254
2425,-2.094407558441162,-2.098414182662964,0.0022132480517029762,0.0017934428760781884,0.09467362612485886
2426,-2.1071667671203613,-2.1110947132110596,0.002025914378464222,0.0019020502222701907,0.09464516490697861
2427,-2.107856035232544,-2.114561080932617,0.0033012377098202705,0.003403825219720602,0.09461671859025955
2428,-2.1199841499328613,-2.122626781463623,0.0011674445122480392,0.0014750759582966566,0.09458829462528229
2429,-2.1493585109710693,-2.1548070907592773,0.0029516415670514107,0.002496848814189434,0.09455986320972443
2430,-2.1185996532440186,-2.1264021396636963,0.00413628201931715,0.0036662037018686533,0.09453141689300537
2431,-2.123872995376587,-2.132807970046997,0.004106163512915373,0.004828982520848513,0.0945030003786087
2432,-2.075468063354492,-2.081129550933838,0.0028587442357093096,0.00280284252949059,0.09447459131479263
2433,-2.0906178951263428,-2.09928297996521,0.004450738430023193,0.004214243497699499,0.09444616734981537
2434,-2.061722993850708,-2.0637614727020264,0.0010845550568774343,0.0009538230951875448,0.09441778063774109
2435,-2.0899710655212402,-2.0937719345092773,0.002102233935147524,0.001698735635727644,0.0943894237279892
2436,-2.0906121730804443,-2.0947861671447754,0.0021099720615893602,0.0020638846326619387,0.0943610668182373
2437,-2.1178133487701416,-2.1242804527282715,0.0036212129052728415,0.002846081741154194,0.0943327471613884
2438,-2.1252496242523193,-2.127532958984375,0.0011121701681986451,0.001171201467514038,0.0943044126033783
2439,-2.1508524417877197,-2.1552798748016357,0.0023485771380364895,0.0020787466783076525,0.09427611529827118
2440,-2.120274543762207,-2.123401641845703,0.00185631203930825,0.001270718639716506,0.09424784034490585
2441,-2.1222403049468994,-2.1294822692871094,0.0036644148640334606,0.0035773960407823324,0.09421957284212112
2442,-2.102029800415039,-2.1052165031433105,0.001368900528177619,0.0018176841549575329,0.09419136494398117
2443,-2.1051785945892334,-2.107974052429199,0.0013023613719269633,0.0014933125348761678,0.0941631868481636
2444,-2.090517520904541,-2.0928947925567627,0.0012574890861287713,0.0011197716230526567,0.09413501620292664
2445,-2.1168372631073,-2.1205904483795166,0.0020529176108539104,0.0017002348322421312,0.09410683065652847
2446,-2.1086888313293457,-2.1121578216552734,0.0018161870539188385,0.0016527731204405427,0.0940786749124527
2447,-2.1045563220977783,-2.1059792041778564,0.0007306509651243687,0.0006921932217665017,0.09405053406953812
2448,-1.8722577095031738,-2.0910487174987793,0.10801602154970169,0.11077500134706497,0.09402241557836533
2449,-2.1088149547576904,-2.1109023094177246,0.0008836908964440227,0.0012038054410368204,0.09399428963661194
2450,-2.1014583110809326,-2.1086478233337402,0.0028270878829061985,0.00436242762953043,0.09396617114543915
2451,-2.0967319011688232,-2.1070330142974854,0.004819005727767944,0.005482088774442673,0.09393805265426636
2452,-2.1318821907043457,-2.1345837116241455,0.0013213581405580044,0.00138020608574152,0.09390997141599655
2453,-2.135582208633423,-2.1393940448760986,0.0020058166701346636,0.0018061078153550625,0.09388188272714615
2454,-2.1159493923187256,-2.11977481842041,0.001550849643535912,0.0022745183669030666,0.09385381639003754
2455,-2.1356029510498047,-2.139620065689087,0.0019174180924892426,0.002099644159898162,0.09382575750350952
2456,-2.1055688858032227,-2.1081631183624268,0.0014942488633096218,0.0011001414386555552,0.09379766881465912
2457,-1.8980350494384766,-2.0966155529022217,0.09842123836278915,0.10015928745269775,0.09376958012580872
2458,-2.085134744644165,-2.0881025791168213,0.001490399008616805,0.0014775742311030626,0.09374141693115234
2459,-2.082836389541626,-2.089689254760742,0.0027464807499200106,0.004106377251446247,0.09371323883533478
2460,-2.102532386779785,-2.106959819793701,0.0021763122640550137,0.0022510529961436987,0.09368504583835602
2461,-2.1039698123931885,-2.1105566024780273,0.003200418082997203,0.003386202733963728,0.09365681558847427
2462,-2.1351609230041504,-2.1366820335388184,0.0007577589713037014,0.0007633838104084134,0.09362860023975372
2463,-2.145749568939209,-2.1482925415039062,0.001252868794836104,0.0012901227455586195,0.09360036253929138
2464,-2.1276190280914307,-2.132410764694214,0.002334554912522435,0.002457160037010908,0.09357211738824844
2465,-2.1399946212768555,-2.1439290046691895,0.00195229216478765,0.0019820171874016523,0.0935438796877861
2466,-2.1062569618225098,-2.1114354133605957,0.00261287740431726,0.0025655964855104685,0.09351569414138794
2467,-2.1184399127960205,-2.12064790725708,0.0010290384525433183,0.001178942620754242,0.09348751604557037
2468,-2.115243673324585,-2.1180686950683594,0.0012549692764878273,0.0015699216164648533,0.09345941245555878
2469,-2.0901644229888916,-2.0926122665405273,0.0011899619130417705,0.0012578479945659637,0.09343131631612778
2470,-2.082267999649048,-2.086085081100464,0.001890877727419138,0.0019261142006143928,0.09340320527553558
2471,-2.1059353351593018,-2.115643262863159,0.004580294247716665,0.0051276967860758305,0.09337510913610458
2472,-2.1656596660614014,-2.173788547515869,0.0037177694030106068,0.004411119036376476,0.09334690868854523
2473,-2.1685757637023926,-2.1710734367370605,0.0011616782285273075,0.0013361682649701834,0.09331871569156647
2474,-2.160334348678589,-2.1635677814483643,0.0013690489577129483,0.0018644006922841072,0.09329048544168472
2475,-2.1582720279693604,-2.163679838180542,0.002673638518899679,0.0027341851964592934,0.09326226264238358
2476,-2.1646761894226074,-2.170576333999634,0.0031690066680312157,0.0027310140430927277,0.0932340919971466
2477,-2.0996947288513184,-2.1037704944610596,0.002220375696197152,0.0018553672125563025,0.09320595860481262
2478,-2.110394239425659,-2.1226794719696045,0.006052478216588497,0.006232648156583309,0.09317784756422043
2479,-2.095752716064453,-2.0996642112731934,0.002044716151431203,0.0018669207347556949,0.09314977377653122
2480,-2.1198716163635254,-2.1263160705566406,0.002979462267830968,0.0034649258013814688,0.09312168508768082
2481,-2.1048147678375244,-2.1073858737945557,0.001292767352424562,0.0012783509446308017,0.09309364855289459
2482,-2.1221771240234375,-2.1245970726013184,0.0011196867562830448,0.0013003910426050425,0.09306561946868896
2483,-2.136880397796631,-2.141310453414917,0.0023326892405748367,0.002097473945468664,0.09303757548332214
2484,-2.1248464584350586,-2.127671241760254,0.0016099760541692376,0.0012146777007728815,0.0930095687508583
2485,-2.12682843208313,-2.128704071044922,0.0009295387426391244,0.0009461130248382688,0.09298153966665268
2486,-2.107309341430664,-2.111297130584717,0.0020734001882374287,0.0019145110854879022,0.09295352548360825
2487,-2.12475323677063,-2.127497911453247,0.0015317462384700775,0.0012129517272114754,0.09292556345462799
2488,-2.11865496635437,-2.1277413368225098,0.004626851063221693,0.00445971405133605,0.09289757907390594
2489,-1.8981568813323975,-2.1214075088500977,0.11208894103765488,0.1111617460846901,0.09286961704492569
2490,-2.107534885406494,-2.1093854904174805,0.0010238290997222066,0.0008267183438874781,0.09284161031246185
2491,-2.1056151390075684,-2.1121132373809814,0.003396917600184679,0.0031010694801807404,0.0928136333823204
2492,-2.0944924354553223,-2.098376750946045,0.002158046467229724,0.0017261272296309471,0.09278566390275955
2493,-2.1152260303497314,-2.1180460453033447,0.001419362029992044,0.001400725799612701,0.09275777637958527
2494,-2.1318392753601074,-2.1370091438293457,0.002346186898648739,0.0028236680664122105,0.09272987395524979
2495,-2.130452871322632,-2.1334903240203857,0.0015111153479665518,0.0015263722743839025,0.0927019938826561
2496,-2.139134407043457,-2.1451072692871094,0.0028665424324572086,0.003106424119323492,0.0926741287112236
2497,-2.1411566734313965,-2.1464126110076904,0.0024301367811858654,0.002825802890583873,0.0926462933421135
2498,-2.118518590927124,-2.1253256797790527,0.003530652727931738,0.003276333911344409,0.0926184207201004
2499,-2.123483419418335,-2.1271767616271973,0.0016809317748993635,0.0020125461742281914,0.09259060025215149
2500,-2.137147903442383,-2.1413073539733887,0.001962376292794943,0.0021971457172185183,0.0925627276301384
2501,-2.111431360244751,-2.1138243675231934,0.0011281423503533006,0.001264815917238593,0.0925348550081253
2502,-2.1138553619384766,-2.119429349899292,0.0026824623346328735,0.002891599666327238,0.0925070196390152
2503,-2.0996153354644775,-2.105699062347412,0.002385141560807824,0.0036985415499657393,0.0924791470170021
2504,-2.1227498054504395,-2.1266071796417236,0.0016017744783312082,0.002255623461678624,0.09245132654905319
2505,-2.1584348678588867,-2.1606645584106445,0.0010022034402936697,0.0012274084147065878,0.09242353588342667
2506,-2.13250994682312,-2.135685682296753,0.0016345095355063677,0.0015412014909088612,0.09239577502012253
2507,-2.154020309448242,-2.162203788757324,0.004041704814881086,0.004141763783991337,0.0923679992556572
2508,-2.155583620071411,-2.158811330795288,0.001607702812179923,0.0016200272366404533,0.09234023094177246
2509,-2.1421689987182617,-2.1461405754089355,0.001678435131907463,0.002293097320944071,0.09231247752904892
2510,-2.137251853942871,-2.1387710571289062,0.0009189726551994681,0.0006003266316838562,0.09228476881980896
2511,-2.143484115600586,-2.148536205291748,0.0027299942448735237,0.002322206739336252,0.0922570750117302
2512,-2.1597907543182373,-2.1629512310028076,0.0018123118206858635,0.0013481968780979514,0.09222935885190964
2513,-2.1496481895446777,-2.152899980545044,0.0018573551205918193,0.0013944047968834639,0.09220163524150848
2514,-2.1180341243743896,-2.123737096786499,0.0027564489282667637,0.00294657819904387,0.09217396378517151
2515,-2.144615411758423,-2.1455631256103516,0.00040842662565410137,0.0005393480532802641,0.09214626252651215
2516,-2.142962694168091,-2.1454172134399414,0.0009964065393432975,0.0014582646545022726,0.09211856126785278
2517,-2.1532771587371826,-2.1622250080108643,0.004535050597041845,0.00441298633813858,0.09209088981151581
2518,-2.1405208110809326,-2.1426198482513428,0.0009574071737006307,0.0011416443157941103,0.09206325560808182
2519,-1.9021185636520386,-2.121224880218506,0.10990602523088455,0.10920041054487228,0.09203559905290604
2520,-2.1614558696746826,-2.163752555847168,0.0012355037033557892,0.001061175367794931,0.09200795739889145
2521,-2.144336462020874,-2.1525001525878906,0.0037843198515474796,0.0043792277574539185,0.09198027849197388
2522,-2.1239585876464844,-2.127476215362549,0.0018992084078490734,0.0016183230327442288,0.09195262938737869
2523,-2.119281053543091,-2.1227731704711914,0.0019520311616361141,0.0015401868149638176,0.09192496538162231
2524,-2.1331961154937744,-2.140047311782837,0.003413903061300516,0.0034373330418020487,0.09189730882644653
2525,-2.1617777347564697,-2.167757511138916,0.002968207700178027,0.003011387540027499,0.09186972677707672
2526,-2.1438405513763428,-2.145627021789551,0.0010199826210737228,0.0007665700977668166,0.09184207022190094
2527,-2.1670892238616943,-2.1728625297546387,0.003150752978399396,0.0026225207839161158,0.09181441366672516
2528,-2.1440348625183105,-2.1475536823272705,0.001704762689769268,0.0018141987966373563,0.09178681671619415
2529,-2.1439242362976074,-2.1460623741149902,0.0011670279782265425,0.00097096391255036,0.09175922721624374
2530,-2.135006904602051,-2.13862943649292,0.0018595841247588396,0.001762760104611516,0.09173164516687393
2531,-2.1326699256896973,-2.1356396675109863,0.0013628172455355525,0.0016070249257609248,0.09170409291982651
2532,-2.105196952819824,-2.108536958694458,0.0016617384972050786,0.0016781364101916552,0.09167654812335968
2533,-2.1268422603607178,-2.1304426193237305,0.0015472033992409706,0.00205329735763371,0.09164905548095703
2534,-2.1428866386413574,-2.15043306350708,0.0038613518700003624,0.0036849966272711754,0.09162159264087677
2535,-2.1632931232452393,-2.1695611476898193,0.003360517555847764,0.0029076177161186934,0.0915941372513771
2536,-2.1689705848693848,-2.171088933944702,0.0007837104494683444,0.0013347389176487923,0.09156668931245804
2537,-2.1744062900543213,-2.1766085624694824,0.001164594548754394,0.0010375530691817403,0.09153930097818375
2538,-2.14835262298584,-2.1525964736938477,0.002136803464964032,0.0021071021910756826,0.09151189029216766
2539,-2.173156261444092,-2.1769895553588867,0.002510626334697008,0.0013227444142103195,0.09148450940847397
2540,-2.1595311164855957,-2.162630558013916,0.0015832777135074139,0.0015160528710111976,0.0914570763707161
2541,-2.1365108489990234,-2.139279365539551,0.0014577169204130769,0.001310919877141714,0.09142967313528061
2542,-2.1075565814971924,-2.1120967864990234,0.002471430227160454,0.0020687568467110395,0.09140227735042572
2543,-2.1397860050201416,-2.1429216861724854,0.0015925815096125007,0.001543152378872037,0.09137491136789322
2544,-2.1603002548217773,-2.162792205810547,0.0012098137522116303,0.0012822471326217055,0.09134748578071594
2545,-2.158330202102661,-2.161604166030884,0.0016814484260976315,0.0015923434402793646,0.09132006764411926
2546,-2.1580638885498047,-2.16013765335083,0.0012956311693415046,0.000778173329308629,0.09129264205694199
2547,-2.1501517295837402,-2.156425952911377,0.0030139547307044268,0.003260347293689847,0.0912652388215065
2548,-2.1558566093444824,-2.1570210456848145,0.0005265305517241359,0.0006379446131177247,0.09123780578374863
2549,-2.141519784927368,-2.1463468074798584,0.0024759527295827866,0.002351103350520134,0.09121040254831314
2550,-2.1824193000793457,-2.186107873916626,0.0017525916919112206,0.0019358994904905558,0.09118298441171646
2551,-2.1475985050201416,-2.149505615234375,0.0009294416522607207,0.0009777500526979566,0.09115557372570038
2552,-2.1637816429138184,-2.165562152862549,0.0008593924576416612,0.0009209670242853463,0.09112821519374847
2553,-2.1728355884552,-2.175204277038574,0.0013076930772513151,0.001061074435710907,0.09110086411237717
2554,-2.1681244373321533,-2.174884796142578,0.003614695742726326,0.003145779250189662,0.09107352793216705
2555,-2.191741704940796,-2.194389581680298,0.0013674289220944047,0.0012804490979760885,0.09104614704847336
2556,-2.1385364532470703,-2.1408069133758545,0.0011320278281345963,0.0011384261306375265,0.09101878106594086
2557,-2.1377689838409424,-2.1404073238372803,0.0013276044046506286,0.0013108624843880534,0.09099137783050537
2558,-2.192903757095337,-2.194587230682373,0.0006495427223853767,0.0010339416330680251,0.09096391499042511
2559,-2.1683013439178467,-2.1722474098205566,0.002010965719819069,0.001934981206431985,0.09093648940324783
2560,-2.154294967651367,-2.1623599529266357,0.004065338987857103,0.003999731037765741,0.09090906381607056
2561,-2.148306131362915,-2.150278329849243,0.0008608667994849384,0.0011112676002085209,0.09088163077831268
2562,-2.1505703926086426,-2.154604911804199,0.0024104886688292027,0.0016240716213360429,0.0908542200922966
2563,-2.1557769775390625,-2.15788197517395,0.0010035185841843486,0.0011014463379979134,0.0908268466591835
2564,-2.144564390182495,-2.146392583847046,0.0009115736465901136,0.0009166926029138267,0.09079943597316742
2565,-2.1468162536621094,-2.1509366035461426,0.002009325660765171,0.0021110600791871548,0.09077205508947372
2566,-2.1406285762786865,-2.1426923274993896,0.0009680513176135719,0.0010957346530631185,0.09074468165636063
2567,-2.1345205307006836,-2.1373391151428223,0.0015115700662136078,0.0013069221749901772,0.09071733802556992
2568,-2.1366677284240723,-2.1385679244995117,0.0011130596976727247,0.0007869743858464062,0.0906900018453598
2569,-2.1646952629089355,-2.1730172634124756,0.004173806868493557,0.004148296546190977,0.09066265821456909
2570,-2.161696434020996,-2.167233943939209,0.002837914740666747,0.002699499484151602,0.09063531458377838
2571,-2.153733253479004,-2.1561386585235596,0.0012044869363307953,0.001200985861942172,0.09060803055763245
2572,-2.1536903381347656,-2.157195806503296,0.0019391768146306276,0.0015664652455598116,0.09058074653148651
2573,-2.1914138793945312,-2.1963889598846436,0.002254463266581297,0.0027205718215554953,0.09055349975824356
2574,-2.1703596115112305,-2.174030065536499,0.0017401929944753647,0.0019303514854982495,0.09052632004022598
2575,-2.1737349033355713,-2.1775896549224854,0.0017031506868079305,0.002151607535779476,0.09049911051988602
2576,-2.154144763946533,-2.1559386253356934,0.0008486732258461416,0.0009451949154026806,0.09047194570302963
2577,-2.1387131214141846,-2.1431491374969482,0.002349922200664878,0.002086210297420621,0.09044477343559265
2578,-1.629883050918579,-2.092881917953491,0.23627574741840363,0.22672301530838013,0.09041765332221985
2579,-2.095309257507324,-2.109626293182373,0.006956897675991058,0.0073601435869932175,0.09039049595594406
2580,-2.077892541885376,-2.0913259983062744,0.006184569094330072,0.007248977664858103,0.09036336094141006
2581,-2.1078438758850098,-2.1154136657714844,0.0036237447056919336,0.003946045413613319,0.09033624082803726
2582,-2.1597166061401367,-2.166149139404297,0.0034886752255260944,0.002943779109045863,0.09030911326408386
2583,-2.210982084274292,-2.213280439376831,0.001176354824565351,0.001122007379308343,0.09028198570013046
2584,-2.203434944152832,-2.2076025009155273,0.002132503315806389,0.002035056473687291,0.09025488793849945
2585,-2.2043464183807373,-2.215182065963745,0.00536377914249897,0.0054718852043151855,0.09022779762744904
2586,-2.16618275642395,-2.1759493350982666,0.00451652379706502,0.005249922163784504,0.09020069986581802
2587,-2.16275954246521,-2.167314052581787,0.002252731006592512,0.0023015968035906553,0.0901736468076706
2588,-2.1304287910461426,-2.1359167098999023,0.003061504103243351,0.0024262743536382914,0.09014660865068436
2589,-2.1216259002685547,-2.127370595932007,0.0032511705067008734,0.002493520500138402,0.09011957794427872
2590,-2.133235216140747,-2.1391868591308594,0.0029586120508611202,0.0029931413009762764,0.09009250998497009
2591,-2.13051438331604,-2.1401517391204834,0.0044046007096767426,0.005232804920524359,0.09006548672914505
2592,-2.1761560440063477,-2.180403470993042,0.0018848386825993657,0.0023625679314136505,0.09003839641809464
2593,-2.214812994003296,-2.2167694568634033,0.0009498409344814718,0.0010066938120871782,0.09001126140356064
2594,-2.186798334121704,-2.189180850982666,0.0013447755482047796,0.0010378614533692598,0.08998416364192963
2595,-2.209836721420288,-2.2174863815307617,0.004315245896577835,0.0033344896510243416,0.089957095682621
2596,-2.1864168643951416,-2.192563056945801,0.003076479770243168,0.003069605678319931,0.08993000537157059
2597,-2.1884145736694336,-2.1919569969177246,0.0015066941268742085,0.0020357337780296803,0.08990295231342316
2598,-2.155970573425293,-2.1591053009033203,0.0016763475723564625,0.0014585180906578898,0.08987590670585632
2599,-2.14797043800354,-2.1573758125305176,0.004882854409515858,0.004522549919784069,0.08984889090061188
2600,-2.1471107006073,-2.1503703594207764,0.001741920132189989,0.0015177300665527582,0.08982190489768982
2601,-2.1354987621307373,-2.1381852626800537,0.0014260386815294623,0.001260545221157372,0.08979490399360657
2602,-2.121086835861206,-2.1276698112487793,0.0031808214262127876,0.00340227666310966,0.0897679552435875
2603,-2.1825108528137207,-2.1842973232269287,0.0007520110229961574,0.0010345828486606479,0.08974094688892365
2604,-2.183770179748535,-2.1866326332092285,0.0012250596191734076,0.0016374398255720735,0.08971395343542099
2605,-2.212329626083374,-2.2178850173950195,0.002733027096837759,0.0028224592097103596,0.08968695998191833
2606,-2.1879019737243652,-2.192026138305664,0.001970508135855198,0.002153612906113267,0.08965998142957687
2607,-2.1985411643981934,-2.205142021179199,0.003076311433687806,0.003524474101141095,0.0896330252289772
2608,-2.2028939723968506,-2.2068278789520264,0.002051279880106449,0.0018824569415301085,0.08960603922605515
2609,-2.1746490001678467,-2.1770124435424805,0.001067053759470582,0.0012962264008820057,0.08957908302545547
2610,-2.166393756866455,-2.168208122253418,0.0009863856248557568,0.0008279095054604113,0.08955215662717819
2611,-2.1595993041992188,-2.166869640350342,0.004037307575345039,0.003232936840504408,0.0895252600312233
2612,-2.149322986602783,-2.154728412628174,0.0028994965832680464,0.0025059233885258436,0.089498370885849
2613,-2.17681884765625,-2.1785380840301514,0.0010255533270537853,0.000693704467266798,0.08947146683931351
2614,-2.1396703720092773,-2.1424708366394043,0.001474516000598669,0.0013257790124043822,0.0894445925951004
2615,-2.1586527824401855,-2.163668155670166,0.0028966758400201797,0.0021185255609452724,0.08941774815320969
2616,-2.1539759635925293,-2.160640239715576,0.003059091977775097,0.0036050770431756973,0.08939093351364136
2617,-2.166463851928711,-2.1682326793670654,0.0007573530892841518,0.0010112528689205647,0.08936412632465363
2618,-2.175865650177002,-2.180299758911133,0.002129367785528302,0.0023048461880534887,0.08933732658624649
2619,-2.191138505935669,-2.196751832962036,0.002643846906721592,0.0029695527628064156,0.08931053429841995
2620,-2.175483465194702,-2.1792969703674316,0.002103326376527548,0.0017102814745157957,0.08928372710943222
2621,-2.1828722953796387,-2.187878131866455,0.0027793908957391977,0.002226302633062005,0.08925695717334747
2622,-2.1909127235412598,-2.1927645206451416,0.0007057602051645517,0.001146008842624724,0.08923016488552094
2623,-2.1758830547332764,-2.181905508041382,0.002858893945813179,0.0031635663472115993,0.08920338749885559
2624,-2.178352117538452,-2.1808528900146484,0.0013251578202471137,0.0011755620362237096,0.08917661756277084
2625,-2.193063735961914,-2.1995785236358643,0.00307668000459671,0.0034379269927740097,0.0891498327255249
2626,-2.1571483612060547,-2.1611361503601074,0.0018921735463663936,0.0020957421511411667,0.08912305533885956
2627,-2.1928906440734863,-2.196333169937134,0.0018736555939540267,0.001568884588778019,0.0890963077545166
2628,-2.178987741470337,-2.182196617126465,0.0017786681419238448,0.001430216245353222,0.08906958997249603
2629,-2.1763908863067627,-2.182225465774536,0.002840581350028515,0.0029941776301711798,0.0890427902340889
2630,-2.1664881706237793,-2.1706364154815674,0.001985641662031412,0.0021625892259180546,0.08901600539684296
2631,-2.1677982807159424,-2.1698102951049805,0.0010584958363324404,0.0009535214048810303,0.0889892652630806
2632,-2.1862852573394775,-2.1891915798187256,0.001755754230543971,0.0011505293659865856,0.08896251767873764
2633,-2.205488681793213,-2.20998477935791,0.0023452688474208117,0.0021508163772523403,0.08893577009439468
2634,-2.2149717807769775,-2.221142053604126,0.003230850910767913,0.002939385361969471,0.08890900015830994
2635,-2.1942076683044434,-2.1966209411621094,0.0012318582739681005,0.0011813763994723558,0.08888226747512817
2636,-2.1986467838287354,-2.2018139362335205,0.001710682874545455,0.001456421334296465,0.0888555720448494
2637,-2.1753766536712646,-2.177980422973633,0.0012764353305101395,0.0013271647039800882,0.08882888406515121
2638,-2.1628921031951904,-2.169110059738159,0.003124417271465063,0.003093425650149584,0.08880220353603363
2639,-2.1610496044158936,-2.16760516166687,0.003436268772929907,0.0031191324815154076,0.08877553045749664
2640,-2.1782443523406982,-2.181759834289551,0.001749788410961628,0.0017657469725236297,0.08874888718128204
2641,-2.1554067134857178,-2.156794548034668,0.0006242560921236873,0.0007637708331458271,0.08872225135564804
2642,-2.180555820465088,-2.193256139755249,0.006909443996846676,0.005790926981717348,0.08869560062885284
2643,-2.1791770458221436,-2.1833126544952393,0.0023782337084412575,0.001757283927872777,0.08866896480321884
2644,-2.1974782943725586,-2.202317237854004,0.0027880899142473936,0.0020508684683591127,0.08864232897758484
2645,-2.1725690364837646,-2.1763319969177246,0.001803266117349267,0.0019598586950451136,0.08861570805311203
2646,-2.2089314460754395,-2.210771083831787,0.0010914008598774672,0.0007481013890355825,0.08858908712863922
2647,-2.152730941772461,-2.1549787521362305,0.0011119816917926073,0.0011357475304976106,0.08856245875358582
2648,-2.1632604598999023,-2.1649394035339355,0.0009374485234729946,0.0007414190913550556,0.0885358601808548
2649,-2.185865640640259,-2.1905102729797363,0.00222209794446826,0.0024225006345659494,0.08850926160812378
2650,-2.2115073204040527,-2.2148003578186035,0.001770233386196196,0.0015227075200527906,0.08848265558481216
2651,-2.1746418476104736,-2.1781725883483887,0.0019122662488371134,0.001618372742086649,0.08845606446266174
2652,-2.190106153488159,-2.1939423084259033,0.001883104327134788,0.0019530643476173282,0.08842942863702774
2653,-2.1997010707855225,-2.20121431350708,0.0008846215787343681,0.0006287943688221276,0.08840278536081314
2654,-2.1652677059173584,-2.167593002319336,0.000989529537037015,0.001335964654572308,0.08837614953517914
2655,-2.174779176712036,-2.1782212257385254,0.0018230994464829564,0.0016189721645787358,0.0883496031165123
2656,-2.190384864807129,-2.198119878768921,0.0040802620351314545,0.0036547952331602573,0.08832304179668427
2657,-2.20751953125,-2.209523916244507,0.0011069836327806115,0.0008974389056675136,0.08829645067453384
2658,-1.9194902181625366,-2.1637518405914307,0.12346026301383972,0.12080136686563492,0.08826994895935059
2659,-2.1797778606414795,-2.185596227645874,0.0028882247861474752,0.0029301848262548447,0.08824343979358673
2660,-2.174513339996338,-2.181602954864502,0.0037319178227335215,0.0033576348796486855,0.08821691572666168
2661,-2.167107343673706,-2.1760189533233643,0.004320249892771244,0.004591385368257761,0.08819041401147842
2662,-2.1859190464019775,-2.18887996673584,0.001578071853145957,0.0013828787487000227,0.08816392719745636
2663,-2.1822030544281006,-2.1848955154418945,0.0012904875911772251,0.0014018102083355188,0.08813748508691788
2664,-2.2451090812683105,-2.2502248287200928,0.002798020839691162,0.0023177710827440023,0.088111013174057
2665,-2.2259681224823,-2.2308461666107178,0.002415482886135578,0.0024626890663057566,0.08808454871177673
2666,-2.2195353507995605,-2.223883867263794,0.0025125639513134956,0.0018360811518505216,0.08805809170007706
2667,-2.214398145675659,-2.2212371826171875,0.003407754935324192,0.003431309713050723,0.08803164213895798
2668,-2.1633143424987793,-2.1667447090148926,0.0018545975908637047,0.0015758201479911804,0.0880052000284195
2669,-2.16042160987854,-2.1696720123291016,0.004513734020292759,0.00473669683560729,0.08797870576381683
2670,-2.1507809162139893,-2.1542649269104004,0.0017128984909504652,0.0017712238477542996,0.08795225620269775
2671,-2.1404812335968018,-2.146416187286377,0.002717044437304139,0.003217981895431876,0.08792582154273987
2672,-2.1954288482666016,-2.1991848945617676,0.0017887853318825364,0.001967125339433551,0.08789945393800735
2673,-2.229617118835449,-2.2326736450195312,0.0013703606091439724,0.0016861940966919065,0.08787307143211365
2674,-2.2167534828186035,-2.2219181060791016,0.002575331600382924,0.002589249750599265,0.08784667402505875
2675,-2.2399682998657227,-2.2472450733184814,0.0035604601725935936,0.0037161402869969606,0.08782029151916504
2676,-2.190580129623413,-2.196772813796997,0.0026305413339287043,0.0035621875431388617,0.08779391646385193
2677,-2.2124831676483154,-2.217021942138672,0.002214299514889717,0.002324616303667426,0.08776754140853882
2678,-2.164566993713379,-2.1714158058166504,0.003564074169844389,0.003284685779362917,0.08774120360612869
2679,-2.1355831623077393,-2.2024643421173096,0.034082863479852676,0.032798219472169876,0.08771486580371857
2680,-2.1760947704315186,-2.179955005645752,0.002300322987139225,0.001559964963234961,0.08768854290246964
2681,-2.1775994300842285,-2.1791181564331055,0.0007347029750235379,0.0007840183679945767,0.08766220510005951
2682,-2.1757702827453613,-2.178813934326172,0.0014101200504228473,0.001633541425690055,0.08763589709997177
2683,-2.2047119140625,-2.210608720779419,0.0028324523009359837,0.003064310410991311,0.08760961890220642
2684,-2.1958236694335938,-2.1985363960266113,0.0014851780142635107,0.001227531349286437,0.08758334070444107
2685,-2.216515064239502,-2.2193751335144043,0.0015099560841917992,0.001350119593553245,0.08755703270435333
2686,-2.2032763957977295,-2.206015110015869,0.0013664779253304005,0.0013722536386922002,0.08753073960542679
2687,-2.1686296463012695,-2.172224283218384,0.00213818927295506,0.001456574653275311,0.08750444650650024
2688,-2.209686040878296,-2.2129745483398438,0.001863257959485054,0.0014252818655222654,0.0874781608581543
2689,-2.185558319091797,-2.188854217529297,0.001685093273408711,0.001610809238627553,0.08745191246271133
2690,-2.1785149574279785,-2.180420160293579,0.0009513603872619569,0.0009539256570860744,0.08742561936378479
2691,-1.7179961204528809,-2.220076322555542,0.24863624572753906,0.25344395637512207,0.08739931881427765
2692,-2.2601540088653564,-2.2685744762420654,0.004277653992176056,0.0041427272371947765,0.08737307041883469
2693,-2.2507822513580322,-2.258507013320923,0.004235521424561739,0.003489268943667412,0.08734678477048874
2694,-2.234606981277466,-2.2444651126861572,0.00480072433128953,0.005057433620095253,0.08732042461633682
2695,-2.2180728912353516,-2.226558208465576,0.004448296036571264,0.004036969970911741,0.08729410916566849
2696,-2.1680493354797363,-2.1725244522094727,0.0025775867979973555,0.0018975315615534782,0.08726776391267776
2697,-2.1790263652801514,-2.182691812515259,0.0017475944478064775,0.0019177632639184594,0.08724144846200943
2698,-2.1556925773620605,-2.1599791049957275,0.002140897326171398,0.0021455991081893444,0.08721505850553513
2699,-2.1551475524902344,-2.16327166557312,0.004078305792063475,0.0040456815622746944,0.08718867599964142
2700,-2.1664559841156006,-2.1727023124694824,0.0029701858293265104,0.003276083618402481,0.0871623232960701
2701,-2.195638656616211,-2.200406551361084,0.0024064702447503805,0.0023616538383066654,0.08713597804307938
2702,-2.202941656112671,-2.20699143409729,0.001964898779988289,0.002084872452542186,0.08710967749357224
2703,-2.209155559539795,-2.214287757873535,0.002528178971260786,0.002603902481496334,0.08708345144987106
2704,-2.214702606201172,-2.2191717624664307,0.0021709459833800793,0.0022980005014687777,0.0870572105050087
2705,-2.212284803390503,-2.2173047065734863,0.0027089808136224747,0.002310879761353135,0.08703097701072693
2706,-2.1994287967681885,-2.2066173553466797,0.003226124681532383,0.003962450195103884,0.08700478076934814
2707,-2.1587021350860596,-2.162482738494873,0.001839133445173502,0.0019414250273257494,0.08697866648435593
2708,-2.1864850521087646,-2.1954429149627686,0.004376406315714121,0.00458154221996665,0.08695253729820251
2709,-2.186922073364258,-2.190481662750244,0.0014812606386840343,0.0020782509818673134,0.08692637830972672
2710,-2.177910327911377,-2.18381404876709,0.0029536352958530188,0.002950225956737995,0.08690018951892853
2711,-2.175490379333496,-2.1781859397888184,0.0013413438573479652,0.0013542512897402048,0.08687404543161392
2712,-2.197943925857544,-2.2015316486358643,0.0019145590486004949,0.0016731310170143843,0.08684789389371872
2713,-2.2176573276519775,-2.222327470779419,0.002337902318686247,0.0023321891203522682,0.08682174235582352
2714,-2.217360496520996,-2.220961570739746,0.0017073954222723842,0.0018937734421342611,0.08679558336734772
2715,-1.9674755334854126,-2.182554006576538,0.1082756519317627,0.10680283606052399,0.08676949143409729
2716,-2.1558008193969727,-2.164334535598755,0.004010382108390331,0.004523372743278742,0.08674340695142746
2717,-2.1944828033447266,-2.196871757507324,0.001333993161097169,0.0010549145517870784,0.08671731501817703
2718,-2.160489320755005,-2.1642112731933594,0.0019652212504297495,0.0017566308379173279,0.0866912230849266
2719,-2.1803557872772217,-2.190640926361084,0.0050697894766926765,0.005215431097894907,0.08666516095399857
2720,-2.2185885906219482,-2.2355172634124756,0.008422555401921272,0.0085061676800251,0.0866391509771347
2721,-2.2315025329589844,-2.2344417572021484,0.001599005307070911,0.0013402216136455536,0.08661313354969025
2722,-2.2288241386413574,-2.2311720848083496,0.0012381750857457519,0.0011097268434241414,0.08658711612224579
2723,-2.217658758163452,-2.227632522583008,0.005165270995348692,0.0048083229921758175,0.08656109124422073
2724,-2.2166357040405273,-2.2213640213012695,0.0023446697741746902,0.0023836693726480007,0.08653508871793747
2725,-2.235490083694458,-2.2402539253234863,0.0025146212428808212,0.002249287674203515,0.0865090936422348
2726,-2.19697904586792,-2.20007586479187,0.001739645260386169,0.0013570572482421994,0.08648311346769333
2727,-2.168623685836792,-2.17319655418396,0.0024910441134124994,0.002081775339320302,0.08645713329315186
2728,-2.2018373012542725,-2.2091171741485596,0.00380936311557889,0.003470407798886299,0.086431123316288
2729,-2.201226234436035,-2.2067322731018066,0.00236882665194571,0.003137091174721718,0.08640512079000473
2730,-2.223662853240967,-2.226515054702759,0.0016026960220187902,0.0012496624840423465,0.08637917041778564
2731,-2.2553365230560303,-2.2578797340393066,0.0013382523320615292,0.0012048734351992607,0.08635320514440536
2732,-2.211658000946045,-2.2209460735321045,0.0037925411015748978,0.0054954481311142445,0.08632729202508926
2733,-2.20405650138855,-2.2082107067108154,0.0023466215934604406,0.0018077363492920995,0.08630134165287018
2734,-2.216707468032837,-2.2221412658691406,0.002590091899037361,0.0028435110580176115,0.08627539873123169
2735,-2.210374355316162,-2.2137370109558105,0.0015849373303353786,0.0017776113236323,0.0862494632601738
2736,-2.199232339859009,-2.203369379043579,0.00227324478328228,0.0018638069741427898,0.08622357994318008
2737,-2.176553964614868,-2.181514263153076,0.002583680674433708,0.0023765843361616135,0.08619769662618637
2738,-2.1851181983947754,-2.190016984939575,0.0026605427265167236,0.0022383821196854115,0.08617180585861206
2739,-2.223146677017212,-2.2333192825317383,0.004403590690344572,0.005769012961536646,0.08614588528871536
2740,-2.2337377071380615,-2.238511800765991,0.002312724245712161,0.002461388474330306,0.08611992746591568
2741,-2.2660655975341797,-2.269374370574951,0.0016148090362548828,0.0016940347850322723,0.0860939770936966
2742,-2.240765333175659,-2.244356393814087,0.0018388730240985751,0.0017520992550998926,0.0860680341720581
2743,-2.23063588142395,-2.2365031242370605,0.0031327600590884686,0.00273445388302207,0.086042121052742
2744,-2.228475332260132,-2.2335784435272217,0.0023751677945256233,0.002728052204474807,0.08601628243923187
2745,-2.229076385498047,-2.233360528945923,0.0020338823087513447,0.002250091405585408,0.08599044382572174
2746,-2.1896438598632812,-2.1933138370513916,0.001996347913518548,0.001673754770308733,0.0859646126627922
2747,-2.2114198207855225,-2.2163708209991455,0.0031460635364055634,0.0018048252677544951,0.08593881875276566
2748,-2.176980495452881,-2.1800382137298584,0.001487060682848096,0.0015706378035247326,0.08591296523809433
2749,-2.213054895401001,-2.2215871810913086,0.0032539465464651585,0.005278456024825573,0.0858871340751648
2750,-2.2292027473449707,-2.23142409324646,0.0011838751379400492,0.0010374753037467599,0.08586134016513824
2751,-2.2076632976531982,-2.2138619422912598,0.0028391496744006872,0.00335951941087842,0.08583556860685349
2752,-2.241013288497925,-2.2446365356445312,0.001959623768925667,0.0016637726221233606,0.0858098715543747
2753,-2.2719671726226807,-2.275601387023926,0.001951317535713315,0.0016829519299790263,0.08578415960073471
2754,-2.2101614475250244,-2.2120044231414795,0.0009143314091488719,0.0009287351276725531,0.08575846999883652
2755,-2.238848924636841,-2.240936040878296,0.0011037826770916581,0.0009833412477746606,0.08573279529809952
2756,-2.240830421447754,-2.242666482925415,0.0007491044234484434,0.0010870512342080474,0.08570706844329834
2757,-2.2249860763549805,-2.234442710876465,0.0047594825737178326,0.004697039257735014,0.08568136394023895
2758,-2.2329087257385254,-2.2352097034454346,0.0011512686032801867,0.0011495770886540413,0.08565568923950195
2759,-2.199284553527832,-2.201848030090332,0.001416118466295302,0.0011472407495602965,0.08562999963760376
2760,-2.241197109222412,-2.247762680053711,0.0029889449942857027,0.0035766151268035173,0.08560432493686676
2761,-2.226895809173584,-2.237818717956543,0.005328103434294462,0.005594814661890268,0.08557869493961334
2762,-2.2466835975646973,-2.2494871616363525,0.0012638253392651677,0.0015397616662085056,0.0855531096458435
2763,-2.226038694381714,-2.2289392948150635,0.0012211701832711697,0.0016793098766356707,0.08552751690149307
2764,-2.2392959594726562,-2.2433693408966064,0.002149384468793869,0.0019240949768573046,0.08550192415714264
2765,-2.2399940490722656,-2.2461419105529785,0.0030644023790955544,0.003083503106608987,0.08547632396221161
2766,-2.221761465072632,-2.2246010303497314,0.0018114689737558365,0.0010279954876750708,0.08545073866844177
2767,-1.9393177032470703,-2.2211945056915283,0.14132675528526306,0.14055012166500092,0.08542515337467194
2768,-2.1787047386169434,-2.1816024780273438,0.0015432937070727348,0.0013544294051826,0.0853995531797409
2769,-2.1522281169891357,-2.158320665359497,0.0034826090559363365,0.002609868533909321,0.08537396043539047
2770,-2.1715786457061768,-2.1845614910125732,0.007984761148691177,0.0049980683252215385,0.08534841984510422
2771,-2.203113317489624,-2.2093663215637207,0.003096153726801276,0.0031568920239806175,0.08532290905714035
2772,-2.2403712272644043,-2.2432119846343994,0.0013313014060258865,0.001509451074525714,0.0852973610162735
2773,-2.2326793670654297,-2.2394344806671143,0.0032798112370073795,0.003475091652944684,0.08527178317308426
2774,-2.2450108528137207,-2.252117156982422,0.0036586131900548935,0.003447785507887602,0.08524619042873383
2775,-2.232224702835083,-2.2474782466888428,0.00799037329852581,0.0072632040828466415,0.085220567882061
2776,-2.2571020126342773,-2.2606356143951416,0.0018338508671149611,0.0016997609054669738,0.0851949080824852
2777,-2.198585271835327,-2.2027740478515625,0.0019437988521531224,0.0022448792587965727,0.08516930043697357
2778,-2.21055269241333,-2.2139978408813477,0.0018101066816598177,0.0016350053483620286,0.08514371514320374
2779,-1.920564889907837,-2.177079200744629,0.12875713407993317,0.12775705754756927,0.08511820435523987
2780,-2.1641573905944824,-2.170926570892334,0.0032941068056970835,0.003475270001217723,0.08509271591901779
2781,-2.183551073074341,-2.1937012672424316,0.00515179056674242,0.004998554941266775,0.0850672572851181
2782,-2.194127321243286,-2.1999166011810303,0.0028010006062686443,0.0029884283430874348,0.0850418284535408
2783,-2.238651752471924,-2.241328239440918,0.0011619405122473836,0.0015143663622438908,0.0850163921713829
2784,-2.2628276348114014,-2.2669997215270996,0.0019540712237358093,0.002218039473518729,0.08499089628458023
2785,-2.2390353679656982,-2.243690013885498,0.0024000757839530706,0.00225441693328321,0.08496538549661636
2786,-1.9965935945510864,-2.2145872116088867,0.11179915070533752,0.106194406747818,0.08493988960981369
2787,-2.237396001815796,-2.2427499294281006,0.002439748030155897,0.002914230804890394,0.08491437137126923
2788,-2.162510395050049,-2.167816638946533,0.002499366644769907,0.0028068090323358774,0.08488884568214417
2789,-2.20438551902771,-2.208261489868164,0.0019510864512994885,0.0019250486511737108,0.08486339449882507
2790,-2.2352473735809326,-2.237725257873535,0.0013690178748220205,0.0011088303290307522,0.0848378986120224
2791,-2.208728551864624,-2.2144455909729004,0.003026267047971487,0.002690871013328433,0.08481240272521973
2792,-2.2431247234344482,-2.246890068054199,0.0018506674095988274,0.0019146930426359177,0.08478694409132004
2793,-1.6634631156921387,-2.1739516258239746,0.2557593584060669,0.25472915172576904,0.08476153761148453
2794,-2.1717894077301025,-2.177180528640747,0.0024665137752890587,0.0029247994534671307,0.08473611623048782
2795,-2.1582369804382324,-2.170104742050171,0.0056986077688634396,0.0061690062284469604,0.08471066504716873
2796,-2.192432165145874,-2.201450824737549,0.004413759335875511,0.0046049063093960285,0.08468526601791382
2797,-2.2035634517669678,-2.209105968475342,0.0030901930294930935,0.0024524566251784563,0.08465985208749771
2798,-2.263947010040283,-2.2676286697387695,0.0017119961557909846,0.0019695418886840343,0.08463442325592041
2799,-2.2618353366851807,-2.2648398876190186,0.001485002925619483,0.0015194846782833338,0.08460895717144012
2800,-2.222879648208618,-2.2298052310943604,0.00357670895755291,0.003348934929817915,0.08458350598812103
2801,-2.2881522178649902,-2.296143054962158,0.004214942920953035,0.003775887656956911,0.08455806225538254
2802,-2.2318568229675293,-2.2421884536743164,0.0052181147038936615,0.005113675259053707,0.08453255891799927
2803,-2.2196104526519775,-2.2230024337768555,0.0017237710999324918,0.0016681327251717448,0.08450709283351898
2804,-1.9105498790740967,-2.176642656326294,0.13232284784317017,0.13376998901367188,0.08448164910078049
2805,-2.158461809158325,-2.1683502197265625,0.0053196921944618225,0.004568901844322681,0.08445621281862259
2806,-2.138672113418579,-2.1548967361450195,0.008917666040360928,0.007306984625756741,0.08443080633878708
2807,-2.2481019496917725,-2.253413200378418,0.002496373374015093,0.0028147143311798573,0.0844053402543068
2808,-2.2235186100006104,-2.2342586517333984,0.005007034167647362,0.005732989404350519,0.08437991142272949
2809,-2.2779958248138428,-2.2826321125030518,0.0023708995431661606,0.0022655343636870384,0.08435448259115219
2810,-2.254605531692505,-2.263991594314575,0.004704088903963566,0.004682059399783611,0.08432910591363907
2811,-2.2641730308532715,-2.2746965885162354,0.005625665187835693,0.004897846840322018,0.08430373668670654
2812,-2.269322156906128,-2.276501417160034,0.003194960532709956,0.003984290175139904,0.0842784196138382
2813,-2.2481119632720947,-2.25642991065979,0.004064740613102913,0.004253126680850983,0.08425312489271164
2814,-2.2195684909820557,-2.2250077724456787,0.0030267073307186365,0.0024125361815094948,0.08422785997390747
2815,-1.9175817966461182,-2.191309928894043,0.13685961067676544,0.13686853647232056,0.0842025950551033
2816,-2.1861772537231445,-2.194671630859375,0.0040502287447452545,0.0044441609643399715,0.08417732268571854
2817,-2.1931071281433105,-2.1990890502929688,0.003300854004919529,0.0026810632552951574,0.08415208011865616
2818,-1.8965226411819458,-2.135610580444336,0.12304983288049698,0.11603815853595734,0.08412684500217438
2819,-2.1794850826263428,-2.1941521167755127,0.0070289489813148975,0.00763802882283926,0.08410166203975677
2820,-2.1629669666290283,-2.174072742462158,0.005885011050850153,0.005220671184360981,0.08407651633024216
2821,-2.216052293777466,-2.22335147857666,0.00346766016446054,0.0038316412828862667,0.08405144512653351
2822,-2.276718854904175,-2.280715227127075,0.0018168541137129068,0.0021795243956148624,0.08402639627456665
2823,-2.217918634414673,-2.225083827972412,0.0034476807340979576,0.003717495361343026,0.08400136232376099
2824,-2.223202705383301,-2.2471532821655273,0.011275299824774265,0.012675237841904163,0.08397629112005234
2825,-2.228816270828247,-2.236297130584717,0.004298741929233074,0.0031820882577449083,0.08395122736692429
2826,-2.212566375732422,-2.217546224594116,0.0026308658998459578,0.002348994603380561,0.08392617106437683
2827,-2.2151458263397217,-2.220093250274658,0.0025965040549635887,0.002350781112909317,0.08390114456415176
2828,-1.3591177463531494,-2.2113208770751953,0.41215780377388,0.44004541635513306,0.0838761255145073
2829,-1.9712491035461426,-2.256833076477051,0.143861785531044,0.14172224700450897,0.08385109156370163
2830,-2.231330394744873,-2.235379219055176,0.0020272834226489067,0.0020216419361531734,0.08382600545883179
2831,-2.219238042831421,-2.2235631942749023,0.00237150676548481,0.0019535068422555923,0.08380086719989777
2832,-2.257938861846924,-2.261504888534546,0.0017002396052703261,0.0018657970940694213,0.08377579599618912
2833,-2.2100110054016113,-2.212738513946533,0.0013847133377566934,0.0013426983496174216,0.08375075459480286
2834,-2.2221357822418213,-2.2425365447998047,0.010009992867708206,0.010390806011855602,0.08372561633586884
2835,-2.2399849891662598,-2.2470285892486572,0.003769369563087821,0.0032742912881076336,0.08370048552751541
2836,-2.2924716472625732,-2.2956652641296387,0.0017957115778699517,0.0013978169299662113,0.08367534726858139
2837,-2.2400684356689453,-2.250716209411621,0.005518765188753605,0.005129056051373482,0.08365025371313095
2838,-2.2724711894989014,-2.2755513191223145,0.0013132963795214891,0.0017669156659394503,0.08362520486116409
2839,-2.2187273502349854,-2.2237844467163086,0.002433516550809145,0.0026235326658934355,0.08360011130571365
2840,-2.2258148193359375,-2.229504346847534,0.002101405756548047,0.0015881072031334043,0.083575040102005
2841,-2.245075225830078,-2.249884605407715,0.0026251100935041904,0.002184207085520029,0.08354997634887695
2842,-2.2071821689605713,-2.209345817565918,0.0011163157178089023,0.0010474429000169039,0.0835249200463295
2843,-2.239553213119507,-2.2438697814941406,0.0017639542929828167,0.002552593592554331,0.08349985629320145
2844,-2.2433013916015625,-2.245452642440796,0.0010836680885404348,0.001067707547917962,0.08347475528717041
2845,-2.2001209259033203,-2.2050046920776367,0.002591310068964958,0.002292417921125889,0.08344966173171997
2846,-2.2620301246643066,-2.2703986167907715,0.004278578329831362,0.004089823924005032,0.08342461287975311
2847,-2.191887855529785,-2.247544050216675,0.023762933909893036,0.03189315274357796,0.08339955657720566
2848,-2.2640767097473145,-2.267728805541992,0.0015624732477590442,0.002089775400236249,0.08337448537349701
2849,-2.2515125274658203,-2.2548763751983643,0.0018357469234615564,0.0015280131483450532,0.08334938436746597
2850,-2.219297409057617,-2.2227914333343506,0.001704710302874446,0.0017893258482217789,0.08332429081201553
2851,-2.2671079635620117,-2.270308494567871,0.0015246315160766244,0.0016758078709244728,0.08329922705888748
2852,-2.1892852783203125,-2.1955647468566895,0.005270130001008511,0.0010092334123328328,0.08327412605285645
2853,-2.20727276802063,-2.21024489402771,0.0018351885955780745,0.0011370566207915545,0.08324906975030899
2854,-2.2699217796325684,-2.2733521461486816,0.0019380354788154364,0.001492207171395421,0.0832240879535675
2855,-2.1804141998291016,-2.1844043731689453,0.0017159413546323776,0.002274238271638751,0.0831991508603096
2856,-2.2120916843414307,-2.213728904724121,0.000974205497186631,0.0006631066789850593,0.08317423611879349
2857,-2.2154102325439453,-2.21846079826355,0.0018789867172017694,0.0011714950669556856,0.08314933627843857
2858,-2.224665880203247,-2.2430009841918945,0.010017824359238148,0.008317312225699425,0.08312442153692245
2859,-2.265293836593628,-2.267651319503784,0.001148008625023067,0.001209612819366157,0.08309943228960037
2860,-2.250581741333008,-2.2552149295806885,0.002222520299255848,0.002410721033811569,0.08307447284460068
2861,-2.245377779006958,-2.24904465675354,0.0019235956715419888,0.001743314671330154,0.08304949849843979
2862,-2.2586145401000977,-2.263301372528076,0.0024009081535041332,0.002286034869030118,0.0830245167016983
2863,-2.23513126373291,-2.237436294555664,0.0014289957471191883,0.0008759798365645111,0.08299955725669861
2864,-2.2028448581695557,-2.2073397636413574,0.0024947505444288254,0.0020001556258648634,0.08297461271286011
2865,-2.239321708679199,-2.2414298057556152,0.0011367350816726685,0.0009713297476992011,0.08294964581727982
2866,-2.241187334060669,-2.2436277866363525,0.0013882722705602646,0.0010520941577851772,0.08292471617460251
2867,-2.2434098720550537,-2.2509660720825195,0.003971592523157597,0.0035845108795911074,0.0828997865319252
2868,-2.261042833328247,-2.2677597999572754,0.003546731546521187,0.003170349868014455,0.08287490904331207
2869,-2.2418346405029297,-2.2455294132232666,0.0019164209952577949,0.0017783084185793996,0.08285005390644073
2870,-2.2873075008392334,-2.2910425662994385,0.002546556293964386,0.0011886127758771181,0.08282516896724701
2871,-1.9854803085327148,-2.205066680908203,0.11521510034799576,0.10437136143445969,0.08280026912689209
2872,-2.2500152587890625,-2.252222776412964,0.0010111447190865874,0.0011964780278503895,0.08277537673711777
2873,-2.2362611293792725,-2.238050937652588,0.0008404491818509996,0.0009493384277448058,0.08275051414966583
2874,-2.2045328617095947,-2.2128407955169678,0.00420413026586175,0.004103785380721092,0.08272562175989151
2875,-2.2452378273010254,-2.246793270111084,0.0007257601246237755,0.0008298132452182472,0.0827006995677948
2876,-2.2638256549835205,-2.26825213432312,0.0021979310549795628,0.002228551311418414,0.0826757550239563
2877,-2.2362279891967773,-2.2404918670654297,0.0020633062813431025,0.0022005713544785976,0.08265088498592377
2878,-2.253469705581665,-2.2563905715942383,0.0012944460613653064,0.0016265984158962965,0.08262600004673004
2879,-2.299886703491211,-2.3124783039093018,0.005757972132414579,0.006833494640886784,0.08260110765695572
2880,-2.3140623569488525,-2.319242238998413,0.002724958583712578,0.002455050591379404,0.0825761929154396
2881,-2.2536613941192627,-2.2587978839874268,0.0033984361216425896,0.0017381305806338787,0.08255129307508469
2882,-2.2175803184509277,-2.221966505050659,0.002309284405782819,0.002076877048239112,0.08252637833356857
2883,-2.2597172260284424,-2.262465715408325,0.0012797509552910924,0.0014687372604385018,0.08250147849321365
2884,-2.191542148590088,-2.194697141647339,0.0014959897380322218,0.0016588859725743532,0.08247661590576172
2885,-2.2053630352020264,-2.2095675468444824,0.002127234358340502,0.0020774053409695625,0.0824517235159874
2886,-2.214050531387329,-2.216158866882324,0.0012743625557050109,0.0008338754996657372,0.08242692053318024
2887,-2.251295328140259,-2.256399154663086,0.00252667092718184,0.002576978877186775,0.08240216225385666
2888,-2.252110242843628,-2.260680675506592,0.004259361885488033,0.004311003256589174,0.08237741142511368
2889,-2.164140224456787,-2.23907732963562,0.03483515605330467,0.040101952850818634,0.08235271275043488
2890,-2.275801658630371,-2.2800400257110596,0.002150685293599963,0.0020876824855804443,0.08232805132865906
2891,-2.29670786857605,-2.300051689147949,0.0017017665086314082,0.001642104471102357,0.08230340480804443
2892,-2.2954962253570557,-2.300083875656128,0.002392859198153019,0.0021948511712253094,0.08227875828742981
2893,-2.2846994400024414,-2.295199394226074,0.005323317833244801,0.00517653115093708,0.08225414156913757
2894,-2.2844035625457764,-2.2882444858551025,0.001681413152255118,0.0021597007289528847,0.08222948014736176
2895,-2.197632312774658,-2.2016043663024902,0.0020266971550881863,0.001945358351804316,0.08220479637384415
2896,-2.2488555908203125,-2.2594196796417236,0.005920644383877516,0.004643369000405073,0.08218014985322952
2897,-2.2024576663970947,-2.2075865268707275,0.0029780413024127483,0.002150809857994318,0.08215551823377609
2898,-2.2681500911712646,-2.2780070304870605,0.005091140978038311,0.004765772260725498,0.08213088661432266
2899,-2.2446506023406982,-2.249204635620117,0.0026371029671281576,0.0019168311264365911,0.08210629224777222
2900,-2.256615161895752,-2.2607839107513428,0.0015873904339969158,0.0025813826359808445,0.08208169043064117
2901,-2.3171679973602295,-2.320836067199707,0.001805526902899146,0.0018625638913363218,0.08205709606409073
2902,-2.267730712890625,-2.270421028137207,0.001430851873010397,0.00125949177891016,0.08203242719173431
2903,-2.237396478652954,-2.243054151535034,0.003318223636597395,0.0023392667062580585,0.08200778812170029
2904,-2.1768674850463867,-2.1811633110046387,0.001980298198759556,0.002315608086064458,0.08198311924934387
2905,-2.249224901199341,-2.2527289390563965,0.0016385751077905297,0.0018653692677617073,0.08195843547582626
2906,-2.1038970947265625,-2.16939640045166,0.034068796783685684,0.03143055737018585,0.08193379640579224
2907,-2.2069525718688965,-2.2099716663360596,0.0017228093929588795,0.0012963928747922182,0.08190920948982239
2908,-2.2324066162109375,-2.2378687858581543,0.00352475349791348,0.001937473425641656,0.08188464492559433
2909,-2.219662666320801,-2.2221016883850098,0.0013451664708554745,0.0010937555925920606,0.08186005055904388
2910,-2.2250609397888184,-2.2287747859954834,0.002012810204178095,0.0017011089948937297,0.08183547854423523
2911,-2.2660210132598877,-2.2686328887939453,0.001163396518677473,0.0014484317507594824,0.08181093633174896
2912,-2.268759250640869,-2.2721750736236572,0.0021891859360039234,0.0012266531120985746,0.08178640902042389
2913,-2.236691951751709,-2.2428526878356934,0.0032024167012423277,0.002958323573693633,0.08176189661026001
2914,-2.2575788497924805,-2.2601869106292725,0.0013113854220137,0.0012968240771442652,0.08173742145299911
2915,-2.2749335765838623,-2.2768001556396484,0.001034932560287416,0.0008316427702084184,0.08171296864748001
2916,-2.2536749839782715,-2.2551331520080566,0.0007926613325253129,0.0006654276512563229,0.08168850094079971
2917,-2.2267935276031494,-2.2339706420898438,0.00475391885265708,0.002423374680802226,0.08166404068470001
2918,-2.2847862243652344,-2.290192127227783,0.0029456247575581074,0.0024602676276117563,0.08163958787918091
2919,-2.2337841987609863,-2.237438440322876,0.002081176731735468,0.0015729778679087758,0.08161510527133942
2920,-2.2641913890838623,-2.2679195404052734,0.0019997714553028345,0.001728254952467978,0.08159059286117554
2921,-2.2642359733581543,-2.2671921253204346,0.00161168712656945,0.0013445301447063684,0.08156611025333405
2922,-2.208059549331665,-2.2662270069122314,0.029578398913145065,0.02858889475464821,0.08154156804084778
2923,-2.249305009841919,-2.2567222118377686,0.003606457496061921,0.003810582682490349,0.08151701837778091
2924,-2.2524640560150146,-2.2619640827178955,0.004742343910038471,0.004757595248520374,0.08149255067110062
2925,-2.2336008548736572,-2.2360498905181885,0.001230330322869122,0.0012187506072223186,0.0814681351184845
2926,-2.2692360877990723,-2.271066665649414,0.0011251324322074652,0.0007054131710901856,0.08144371956586838
2927,-2.2043557167053223,-2.270333766937256,0.03305564075708389,0.03292246162891388,0.08141929656267166
2928,-2.206221580505371,-2.208432197570801,0.0011893690098077059,0.001021199976094067,0.08139496296644211
2929,-2.311383008956909,-2.312692642211914,0.0007275588577613235,0.000581878237426281,0.08137059211730957
2930,-2.2533788681030273,-2.266380786895752,0.006594862788915634,0.006406982429325581,0.08134620636701584
2931,-2.166405200958252,-2.216893196105957,0.02592843770980835,0.0245593823492527,0.0813218280673027
2932,-2.2805144786834717,-2.285252809524536,0.0021762384567409754,0.002561932662501931,0.08129748702049255
2933,-2.2816643714904785,-2.288649559020996,0.0037284758873283863,0.0032567339949309826,0.0812731608748436
2934,-2.279540538787842,-2.2834582328796387,0.0018927373457700014,0.002024838700890541,0.08124880492687225
2935,-2.2310829162597656,-2.2438361644744873,0.006756611634045839,0.005996651481837034,0.0812244787812233
2936,-2.1854169368743896,-2.2567310333251953,0.03746125102043152,0.0338527113199234,0.08120016008615494
2937,-2.2418484687805176,-2.243598699569702,0.001034608925692737,0.0007158236112445593,0.08117583394050598
2938,-2.2679378986358643,-2.275498628616333,0.00377916288562119,0.003781648585572839,0.08115150779485703
2939,-2.2978463172912598,-2.301086902618408,0.001629898906685412,0.0016107788542285562,0.08112718909978867
2940,-2.267622709274292,-2.2728614807128906,0.002540069632232189,0.002698731841519475,0.08110286295413971
2941,-2.244966983795166,-2.2489848136901855,0.0021546364296227694,0.00186320417560637,0.08107853680849075
2942,-2.229757070541382,-2.231832265853882,0.0010402265470474958,0.0010350618977099657,0.08105422556400299
2943,-2.2621498107910156,-2.265855073928833,0.0026606665924191475,0.001044458127580583,0.08102992177009583
2944,-2.282313585281372,-2.2846999168395996,0.0011231948155909777,0.0012632585130631924,0.08100561797618866
2945,-2.1620657444000244,-2.165600538253784,0.0022065334487706423,0.0013282373547554016,0.0809813067317009
2946,-2.2587103843688965,-2.260847568511963,0.0010304420720785856,0.0011067703599110246,0.08095700293779373
2947,-2.2693939208984375,-2.2710509300231934,0.0008800023351795971,0.0007769428193569183,0.08093270659446716
2948,-2.2329518795013428,-2.24168062210083,0.0042357733473181725,0.004493053536862135,0.0809083953499794
2949,-2.220560073852539,-2.223191738128662,0.001515817828476429,0.0011158809065818787,0.08088411390781403
2950,-2.2018706798553467,-2.2145836353302,0.006273675709962845,0.006439239718019962,0.08085981756448746
2951,-2.275343656539917,-2.277223587036133,0.0006682560197077692,0.0012117600999772549,0.08083552867174149
2952,-2.262242078781128,-2.26719069480896,0.0025490743573755026,0.0023995116353034973,0.08081125468015671
2953,-2.2620460987091064,-2.26377534866333,0.0008903520065359771,0.0008389388094656169,0.08078692108392715
2954,-2.277435302734375,-2.2821402549743652,0.0023246791679412127,0.0023804542142897844,0.08076263964176178
2955,-2.2548277378082275,-2.2567827701568604,0.0009824681328609586,0.0009725906420499086,0.0807383581995964
2956,-2.2360336780548096,-2.2430331707000732,0.0038542458787560463,0.003145304974168539,0.08071409165859222
2957,-2.2597434520721436,-2.261559009552002,0.0010973616736009717,0.0007180398679338396,0.08068982511758804
2958,-2.264495611190796,-2.269923448562622,0.0025500489864498377,0.0028777888510376215,0.08066555112600327
2959,-2.2183778285980225,-2.279000997543335,0.031808920204639435,0.02881421335041523,0.08064132183790207
2960,-2.233811378479004,-2.2368805408477783,0.0014083290006965399,0.0016608148580417037,0.08061712235212326
2961,-2.2895026206970215,-2.2953360080718994,0.003218592144548893,0.002614774275571108,0.08059294521808624
2962,-2.232853889465332,-2.2369654178619385,0.0022740159183740616,0.0018375845393165946,0.08056877553462982
2963,-2.241483688354492,-2.242745876312256,0.0006456876290030777,0.0006165255908854306,0.08054457604885101
2964,-2.282785177230835,-2.285043478012085,0.0009882223093882203,0.001270013628527522,0.0805203840136528
2965,-2.260237455368042,-2.2621538639068604,0.0007965683471411467,0.0011198422871530056,0.08049622178077698
2966,-2.2238309383392334,-2.226349353790283,0.001469774404540658,0.001048536621965468,0.08047205954790115
2967,-2.247288465499878,-2.2499077320098877,0.0012216467875987291,0.0013975040055811405,0.08044788986444473
2968,-2.2171249389648438,-2.222001075744629,0.002465024357661605,0.0024111196398735046,0.0804237425327301
2969,-2.248291254043579,-2.2528717517852783,0.002686325693503022,0.0018941669259220362,0.08039961010217667
2970,-2.2151646614074707,-2.2206733226776123,0.0029603750444948673,0.0025482885539531708,0.08037549257278442
2971,-1.7140161991119385,-2.29349422454834,0.2926796078681946,0.28679847717285156,0.08035135269165039
2972,-1.9367197751998901,-2.2144339084625244,0.13682979345321655,0.14088426530361176,0.08032719790935516
2973,-2.3175647258758545,-2.324223518371582,0.0033100934233516455,0.0033486501779407263,0.08030305802822113
2974,-2.2734498977661133,-2.2812211513519287,0.0039261686615645885,0.0038449408020824194,0.0802789181470871
2975,-2.2927379608154297,-2.2960047721862793,0.0015491563826799393,0.001717609353363514,0.08025482296943665
2976,-2.205759286880493,-2.2081716060638428,0.0010834445711225271,0.0013289646012708545,0.08023073524236679
2977,-2.2080328464508057,-2.214012622833252,0.0027680315542966127,0.0032117159571498632,0.08020665496587753
2978,-2.2538833618164062,-2.258204698562622,0.0021052437368780375,0.0022161712404340506,0.08018256723880768
2979,-2.169081926345825,-2.173042058944702,0.0021189397666603327,0.0018412914359942079,0.08015850186347961
2980,-2.272503614425659,-2.276265859603882,0.001821158453822136,0.00194116635248065,0.08013444393873215
2981,-2.2338976860046387,-2.242140293121338,0.0039179059676826,0.004324774723500013,0.08011037111282349
2982,-2.219113826751709,-2.222285270690918,0.0017428288701921701,0.0014285166980698705,0.08008629083633423
2983,-2.2084314823150635,-2.2139720916748047,0.0027086283080279827,0.0028319871053099632,0.08006227761507034
2984,-2.30075740814209,-2.3082010746002197,0.004028652794659138,0.0034150343853980303,0.08003828674554825
2985,-2.257394313812256,-2.2679874897003174,0.005560434423387051,0.005032686982303858,0.08001428097486496
2986,-2.2708399295806885,-2.272374153137207,0.0009256447083316743,0.0006087016663514078,0.07999029010534286
2987,-2.2691569328308105,-2.2711548805236816,0.0010811075335368514,0.0009168502292595804,0.07996632158756256
2988,-2.2715187072753906,-2.2799675464630127,0.003773197066038847,0.004675691481679678,0.07994237542152405
2989,-2.267115592956543,-2.2711033821105957,0.0021178366150707006,0.001869852188974619,0.07991844415664673
2990,-2.2594175338745117,-2.2690627574920654,0.005278488155454397,0.004366728477180004,0.07989449054002762
2991,-2.2231550216674805,-2.2288074493408203,0.003342576092109084,0.002309888368472457,0.07987057417631149
2992,-2.2665305137634277,-2.267911434173584,0.0006693870527669787,0.0007114303298294544,0.07984662055969238
2993,-2.267406702041626,-2.2719786167144775,0.0026740918401628733,0.001897874171845615,0.07982269674539566
2994,-2.025752544403076,-2.278498649597168,0.12601330876350403,0.12673288583755493,0.07979883253574371
2995,-2.2606072425842285,-2.263300895690918,0.0013545581605285406,0.0013392562977969646,0.07977497577667236
2996,-2.2645061016082764,-2.2679898738861084,0.0016835976857692003,0.0017999752890318632,0.07975109666585922
2997,-2.205538749694824,-2.211430072784424,0.002939437283203006,0.0029519591480493546,0.07972723245620728
2998,-2.2491838932037354,-2.268066167831421,0.010325964540243149,0.008556312881410122,0.07970338314771652
2999,-2.2716190814971924,-2.273746967315674,0.0014843486715108156,0.0006435881950892508,0.07967953383922577
3000,-2.2828609943389893,-2.285146951675415,0.001156527316197753,0.001129397889599204,0.07965569943189621
3001,-2.312859535217285,-2.316760778427124,0.0017669788794592023,0.002134260954335332,0.07963186502456665
3002,-2.239980936050415,-2.2458624839782715,0.0029890118166804314,0.0028925547376275063,0.07960808277130127
3003,-2.258962869644165,-2.2623188495635986,0.0015093088150024414,0.0018466317560523748,0.0795842856168747
3004,-2.3253371715545654,-2.328890562057495,0.002108287764713168,0.0014449401060119271,0.07956045866012573
3005,-2.278200149536133,-2.283656120300293,0.002853941638022661,0.0026021369267255068,0.07953665405511856
3006,-2.274869203567505,-2.2779932022094727,0.0014233741676434875,0.0017006484558805823,0.07951284199953079
3007,-2.2988386154174805,-2.3025856018066406,0.0018993435660377145,0.0018477976555004716,0.0794890746474266
3008,-2.2806379795074463,-2.287625312805176,0.0037534902803599834,0.00323381251655519,0.07946532964706421
3009,-2.302116870880127,-2.3115077018737793,0.0047332514077425,0.004657487850636244,0.07944157719612122
3010,-2.267364263534546,-2.2721056938171387,0.002474889624863863,0.0022667127195745707,0.07941780984401703
3011,-2.2752275466918945,-2.282561779022217,0.0038640988059341908,0.003470279509201646,0.07939401268959045
3012,-2.253143072128296,-2.255908489227295,0.001300491625443101,0.0014649021904915571,0.07937022298574448
3013,-2.2936885356903076,-2.2971391677856445,0.0017642335733398795,0.0016862786142155528,0.0793464407324791
3014,-2.210712194442749,-2.2138922214508057,0.0017048002919182181,0.0014753397554159164,0.07932265847921371
3015,-2.242511510848999,-2.248067855834961,0.0029490250162780285,0.0026074349880218506,0.0792989507317543
3016,-2.278606653213501,-2.283196449279785,0.0021450663916766644,0.0024447860196232796,0.0792752280831337
3017,-2.2406466007232666,-2.2459192276000977,0.002749974373728037,0.0025225956924259663,0.07925150543451309
3018,-2.2793290615081787,-2.281480550765991,0.0009347596205770969,0.0012165624648332596,0.07922782003879547
3019,-2.200589656829834,-2.2025375366210938,0.0009524906054139137,0.0009952938416972756,0.07920409739017487
3020,-2.280043363571167,-2.2822394371032715,0.0010654379148036242,0.0011306933593004942,0.07918040454387665
3021,-2.2384634017944336,-2.2453250885009766,0.003731759963557124,0.00313004688359797,0.07915673404932022
3022,-2.267857074737549,-2.270473003387451,0.0014130179770290852,0.0012029178906232119,0.07913308590650558
3023,-2.3045156002044678,-2.307870388031006,0.0018874651286751032,0.0014671378303319216,0.07910946756601334
3024,-2.2971341609954834,-2.2998671531677246,0.00142260966822505,0.0013102616649121046,0.07908584177494049
3025,-2.3022820949554443,-2.3066675662994385,0.002154943300411105,0.0022306255996227264,0.07906214147806168
3026,-1.978459358215332,-2.27459454536438,0.14897370338439941,0.14716145396232605,0.07903848588466644
3027,-2.2864573001861572,-2.290990114212036,0.002864254405722022,0.0016684441361576319,0.07901480793952942
3028,-1.957990050315857,-2.259758949279785,0.15213166177272797,0.1496373564004898,0.07899109274148941
3029,-2.1458141803741455,-2.153048038482666,0.003357145469635725,0.0038766125217080116,0.07896742224693298
3030,-2.2409567832946777,-2.254211187362671,0.006314836908131838,0.006939652841538191,0.07894375920295715
3031,-2.2558555603027344,-2.2600598335266113,0.0020422206725925207,0.002162056975066662,0.07892010360956192
3032,-2.2639572620391846,-2.2703940868377686,0.0033163882326334715,0.0031205059494823217,0.07889647781848907
3033,-2.256347417831421,-2.2595176696777344,0.001903852797113359,0.0012664009118452668,0.07887285202741623
3034,-2.3272359371185303,-2.3315012454986572,0.0017774399602785707,0.002487988444045186,0.07884925603866577
3035,-2.287665367126465,-2.2945971488952637,0.0032807565294206142,0.003651125356554985,0.0788256824016571
3036,-2.252152442932129,-2.2577152252197266,0.0031875313725322485,0.0023753654677420855,0.07880208641290665
3037,-2.287590503692627,-2.2925562858581543,0.002378977369517088,0.0025868082884699106,0.07877852767705917
3038,-2.257223606109619,-2.2632439136505127,0.003295175265520811,0.0027251301798969507,0.0787549614906311
3039,-2.2971200942993164,-2.300520420074463,0.0017072675982490182,0.0016928924014791846,0.07873138040304184
3040,-2.205098867416382,-2.215400457382202,0.00541751179844141,0.004883890971541405,0.07870782911777496
3041,-2.253916025161743,-2.2607691287994385,0.003480471670627594,0.0033727791160345078,0.07868427783250809
3042,-2.220355987548828,-2.2257957458496094,0.0028411110397428274,0.002598845399916172,0.0786607563495636
3043,-2.3012828826904297,-2.3053784370422363,0.0023064627312123775,0.001789041212759912,0.07863720506429672
3044,-2.2908759117126465,-2.2980570793151855,0.004127249587327242,0.0030539550352841616,0.07861368358135223
3045,-2.226963520050049,-2.2876031398773193,0.031408943235874176,0.029230674728751183,0.07859016209840775
3046,-2.313253402709961,-2.317322015762329,0.0021142056211829185,0.0019543394446372986,0.07856664806604385
3047,-2.3117716312408447,-2.31622314453125,0.0020579274278134108,0.0023935253266245127,0.07854312658309937
3048,-2.292250394821167,-2.300135612487793,0.004367099143564701,0.0035182014107704163,0.07851961255073547
3049,-2.295123338699341,-2.2987446784973145,0.0019707106985151768,0.0016505182720720768,0.0784960612654686
3050,-2.307753086090088,-2.3100290298461914,0.0011944104917347431,0.0010815039277076721,0.07847252488136292
3051,-2.280608654022217,-2.2836663722991943,0.0016882463824003935,0.0013694053050130606,0.07844897359609604
3052,-2.301382303237915,-2.3036012649536133,0.0007771208183839917,0.0014419148210436106,0.07842544466257095
3053,-2.229098320007324,-2.23946213722229,0.0049620699137449265,0.005401951726526022,0.07840192317962646
3054,-2.3070030212402344,-2.3107407093048096,0.0019267243333160877,0.001810919726267457,0.07837841659784317
3055,-2.279726028442383,-2.2808175086975098,0.0005855083581991494,0.0005059634568169713,0.07835491001605988
3056,-2.278951644897461,-2.281571865081787,0.001049789134413004,0.0015704233665019274,0.07833144813776016
3057,-2.334469795227051,-2.3393466472625732,0.002312024589627981,0.0025647932197898626,0.07830797880887985
3058,-2.267350196838379,-2.269541025161743,0.001206899294629693,0.0009838950354605913,0.07828449457883835
3059,-2.2334115505218506,-2.237053394317627,0.00176666968036443,0.001875052461400628,0.07826101779937744
3060,-2.2524523735046387,-2.257697105407715,0.0028071426786482334,0.0024375084321945906,0.07823757082223892
3061,-2.254344940185547,-2.2568366527557373,0.001291437540203333,0.00120011274702847,0.07821410894393921
3062,-2.3116204738616943,-2.3131818771362305,0.0007628481253050268,0.0007984727853909135,0.0781906321644783
3063,-2.3054146766662598,-2.308593988418579,0.001667594420723617,0.0015119243180379272,0.07816716283559799
3064,-2.3251547813415527,-2.3304216861724854,0.0025314444210380316,0.002735462738201022,0.07814367115497589
3065,-2.296717882156372,-2.298684597015381,0.0010964852990582585,0.0008701912593096495,0.07812019437551498
3066,-2.262098789215088,-2.2650022506713867,0.001466182293370366,0.0014372104778885841,0.07809673249721527
3067,-2.2840142250061035,-2.2872250080108643,0.0014032961335033178,0.0018073624232783914,0.07807327806949615
3068,-2.2809717655181885,-2.2853100299835205,0.0022922863718122244,0.002045979490503669,0.07804980874061584
3069,-2.270801067352295,-2.2733824253082275,0.0013437190791592002,0.0012376970844343305,0.07802632451057434
3070,-2.2953624725341797,-2.299114227294922,0.001699503161944449,0.0020523471757769585,0.07800283282995224
3071,-2.3374807834625244,-2.341905355453491,0.0025251496117562056,0.0018995990976691246,0.07797936350107193
3072,-2.2984819412231445,-2.30254864692688,0.0018496244447305799,0.0022171030286699533,0.0779559463262558
3073,-2.3380627632141113,-2.340705156326294,0.0017917288932949305,0.0008505953010171652,0.07793251425027847
3074,-2.274592161178589,-2.278348445892334,0.0020287400111556053,0.0017276923172175884,0.07790908217430115
3075,-2.2751989364624023,-2.277228355407715,0.001321767340414226,0.0007075950270518661,0.0778856873512268
3076,-2.265660285949707,-2.2677993774414062,0.0012588913086801767,0.0008801321382634342,0.07786223292350769
3077,-2.2769806385040283,-2.280008554458618,0.0014394087484106421,0.0015885891625657678,0.07783884555101395
3078,-2.2822349071502686,-2.2847495079040527,0.0012964260531589389,0.0012180584017187357,0.07781550288200378
3079,-2.258537769317627,-2.2627334594726562,0.0020569509360939264,0.002138930605724454,0.077792227268219
3080,-2.3448712825775146,-2.3485097885131836,0.002004725392907858,0.001633971813134849,0.07776891440153122
3081,-2.3005805015563965,-2.3033125400543213,0.0013030334375798702,0.0014291073894128203,0.07774559408426285
3082,-2.2836053371429443,-2.2893967628479004,0.0029662868473678827,0.002825091825798154,0.07772225886583328
3083,-2.3308756351470947,-2.3352038860321045,0.0020583670120686293,0.0022699744440615177,0.0776989534497261
3084,-2.329394817352295,-2.333901882171631,0.0022407902870327234,0.002266278490424156,0.07767567038536072
3085,-2.2908060550689697,-2.295948028564453,0.0024280387442559004,0.0027139021549373865,0.07765243202447891
3086,-2.31375789642334,-2.317490816116333,0.002136295661330223,0.0015967687359079719,0.07762917876243591
3087,-2.3300671577453613,-2.332310199737549,0.0011779076885432005,0.001064930111169815,0.07760591804981232
3088,-2.275578498840332,-2.281151056289673,0.0029176692478358746,0.002654837444424629,0.07758264988660812
3089,-2.2921488285064697,-2.2956860065460205,0.0017084075370803475,0.0018285575788468122,0.07755935937166214
3090,-2.2140533924102783,-2.2773356437683105,0.030034754425287247,0.033247411251068115,0.07753610610961914
3091,-2.256213665008545,-2.262117624282837,0.0031541255302727222,0.002750013954937458,0.07751289010047913
3092,-2.326047897338867,-2.330164670944214,0.0022892800625413656,0.0018273653695359826,0.07748968154191971
3093,-2.336860179901123,-2.3400158882141113,0.0013945468235760927,0.0017611848888918757,0.07746649533510208
3094,-2.326244592666626,-2.329005002975464,0.0013495306484401226,0.0014109034091234207,0.07744328677654266
3095,-2.309107542037964,-2.3115594387054443,0.0014347935793921351,0.001017106813378632,0.07742004096508026
3096,-2.335287094116211,-2.340041160583496,0.0021904383320361376,0.0025638279039412737,0.07739678770303726
3097,-2.236515760421753,-2.3012301921844482,0.03349083289504051,0.031223487108945847,0.07737354189157486
3098,-2.216883897781372,-2.2243752479553223,0.004097785335034132,0.0033935524988919497,0.07735030353069305
3099,-2.266965389251709,-2.2706058025360107,0.0019829925149679184,0.0016575786285102367,0.07732706516981125
3100,-2.275224447250366,-2.2785143852233887,0.0016547403065487742,0.001635372405871749,0.07730385661125183
3101,-2.303067207336426,-2.3084237575531006,0.002996539231389761,0.002360154176130891,0.07728066295385361
3102,-2.3096494674682617,-2.31365966796875,0.00230918126180768,0.0017010305309668183,0.07725748419761658
3103,-2.249776840209961,-2.258896589279175,0.004521380644291639,0.004598359577357769,0.07723427563905716
3104,-2.2880427837371826,-2.2958521842956543,0.003421452362090349,0.004387856461107731,0.07721109688282013
3105,-2.316758632659912,-2.318309783935547,0.0007628833991475403,0.0007881462224759161,0.0771879255771637
3106,-2.3172783851623535,-2.3201050758361816,0.00161253591068089,0.0012141924817115068,0.07716472446918488
3107,-2.286942720413208,-2.2890868186950684,0.0010532677406445146,0.0010908662807196379,0.07714149355888367
3108,-2.2916622161865234,-2.295766592025757,0.0020899642258882523,0.002014478202909231,0.07711826264858246
3109,-2.3231983184814453,-2.330984592437744,0.003844840219244361,0.003941504284739494,0.07709503173828125
3110,-2.319171905517578,-2.321397066116333,0.0012337139341980219,0.0009912783280014992,0.07707181572914124
3111,-2.3496367931365967,-2.352004051208496,0.0013233793433755636,0.0010437170276418328,0.07704862952232361
3112,-2.3185713291168213,-2.324174404144287,0.0028154668398201466,0.0027875290252268314,0.07702545076608658
3113,-2.264313220977783,-2.2671656608581543,0.0015923638129606843,0.001260073622688651,0.07700229436159134
3114,-2.3323028087615967,-2.336733102798462,0.0022794893011450768,0.0021506811026483774,0.0769791528582573
3115,-2.323512554168701,-2.3265225887298584,0.001807601423934102,0.0012022886658087373,0.07695601135492325
3116,-2.2562429904937744,-2.2574729919433594,0.0007633384084329009,0.00046662482782267034,0.07693284004926682
3117,-2.26007080078125,-2.262234687805176,0.0010521868243813515,0.001111746532842517,0.07690967619419098
3118,-2.340259313583374,-2.3468637466430664,0.0038068476133048534,0.0027976268902420998,0.07688654214143753
3119,-2.247969150543213,-2.254927635192871,0.003991279751062393,0.0029671648517251015,0.0768633708357811
3120,-2.241079092025757,-2.3049776554107666,0.03233472630381584,0.03156367689371109,0.07684025168418884
3121,-2.4233200550079346,-2.427135705947876,0.0017670191591605544,0.0020488109439611435,0.0768171176314354
3122,-2.3437788486480713,-2.349292278289795,0.0027297709602862597,0.0027836777735501528,0.07679398357868195
3123,-2.3276848793029785,-2.3345184326171875,0.0034524300135672092,0.0033809528686106205,0.07677088677883148
3124,-2.2355356216430664,-2.2419633865356445,0.0034749526530504227,0.0029528229497373104,0.076747827231884
3125,-2.3260626792907715,-2.330493927001953,0.002047176705673337,0.0023841210640966892,0.07672479003667831
3126,-2.2567238807678223,-2.2600417137145996,0.00165140675380826,0.001666287425905466,0.07670176774263382
3127,-2.2625174522399902,-2.2666234970092773,0.0019513876177370548,0.0021546112839132547,0.07667874544858932
3128,-2.3109114170074463,-2.325040817260742,0.007448599208146334,0.006680823862552643,0.07665571570396423
3129,-2.2546186447143555,-2.2585530281066895,0.0020323647186160088,0.0019020262407138944,0.07663268595933914
3130,-2.3241631984710693,-2.327347755432129,0.0013811893295496702,0.001803324674256146,0.07660965621471405
3131,-2.3164665699005127,-2.3185527324676514,0.0012446620967239141,0.0008415032061748207,0.07658664137125015
3132,-2.3770949840545654,-2.380502939224243,0.002088754205033183,0.0013191081816330552,0.07656364142894745
3133,-2.3016908168792725,-2.3050692081451416,0.0018902457086369395,0.0014882322866469622,0.07654065638780594
3134,-2.2827248573303223,-2.2860398292541504,0.0017835411708801985,0.0015313540352508426,0.07651767134666443
3135,-2.294451951980591,-2.2975175380706787,0.0015497421845793724,0.001515858224593103,0.07649464905261993
3136,-2.3195598125457764,-2.327045440673828,0.0038237273693084717,0.003661789931356907,0.07647161930799484
3137,-2.28434419631958,-2.287743091583252,0.0016189514426514506,0.0017799795605242252,0.07644863426685333
3138,-2.2771213054656982,-2.280829668045044,0.0020328378304839134,0.0016755512915551662,0.07642564922571182
3139,-2.277116537094116,-2.2812395095825195,0.0021873265504837036,0.0019357053097337484,0.07640265673398972
3140,-2.3684215545654297,-2.3709018230438232,0.0011930617038160563,0.0012872747611254454,0.07637965679168701
3141,-2.3009560108184814,-2.3059375286102295,0.0027791166212409735,0.0022023990750312805,0.0763566642999649
3142,-1.9472465515136719,-2.246148109436035,0.15015821158885956,0.1487433761358261,0.07633368670940399
3143,-2.272338390350342,-2.2759931087493896,0.0019942703656852245,0.001660285284742713,0.07631076127290726
3144,-2.2963294982910156,-2.3022682666778564,0.0026904703117907047,0.0032482114620506763,0.07628784328699112
3145,-2.2560198307037354,-2.2614328861236572,0.0027644371148198843,0.0026485167909413576,0.07626491039991379
3146,-2.034540891647339,-2.2681286334991455,0.11736904084682465,0.1162189170718193,0.07624196261167526
3147,-2.3113226890563965,-2.316347122192383,0.0026833252049982548,0.002341093961149454,0.07621906697750092
3148,-2.326054334640503,-2.329267978668213,0.00179445615503937,0.001419356558471918,0.07619617134332657
3149,-2.3111889362335205,-2.3196632862091064,0.00402080500498414,0.004453694447875023,0.07617330551147461
3150,-2.251241445541382,-2.2570571899414062,0.0029576942324638367,0.0028581887017935514,0.07615047693252563
3151,-2.385200262069702,-2.3881075382232666,0.0014172181254252791,0.0014901930699124932,0.07612760365009308
3152,-2.324442148208618,-2.3288581371307373,0.0020877483766525984,0.0023280533496290445,0.07610472291707993
3153,-2.3765571117401123,-2.381059408187866,0.0022130783181637526,0.0022893634159117937,0.07608190178871155
3154,-2.2749576568603516,-2.2786169052124023,0.001881943317130208,0.0017774105072021484,0.07605910301208496
3155,-2.2842342853546143,-2.2946712970733643,0.005473546218127012,0.004963437560945749,0.07603628933429718
3156,-2.246032953262329,-2.249572277069092,0.002221800619736314,0.0013174876803532243,0.0760134905576706
3157,-2.3166048526763916,-2.3196334838867188,0.001828521373681724,0.0012003013398498297,0.07599067687988281
3158,-2.2216274738311768,-2.224196672439575,0.0013013618299737573,0.0012678449274972081,0.07596787065267563
3159,-2.290922164916992,-2.2979133129119873,0.003074633190408349,0.0039164405316114426,0.07594504952430725
3160,-2.311727285385132,-2.3136157989501953,0.0008852565078996122,0.0010031673591583967,0.07592225819826126
3161,-2.3524246215820312,-2.3575820922851562,0.0027424441650509834,0.002414877526462078,0.07589947432279587
3162,-2.2531447410583496,-2.2580528259277344,0.0023951823823153973,0.0025129111018031836,0.07587675005197525
3163,-2.3704655170440674,-2.374140739440918,0.001498901634477079,0.0021763292606920004,0.07585401087999344
3164,-2.3710412979125977,-2.3743062019348145,0.0015589524991810322,0.0017058643279597163,0.07583122700452805
3165,-2.2817089557647705,-2.2866501808166504,0.002570259617641568,0.002371117239817977,0.07580848783254623
3166,-2.313380718231201,-2.3180925846099854,0.0026248509529978037,0.0020870231091976166,0.07578575611114502
3167,-2.0228474140167236,-2.2970173358917236,0.1408383548259735,0.1333315670490265,0.0757630467414856
3168,-2.2639377117156982,-2.2689034938812256,0.002189351012930274,0.002776271663606167,0.07574034482240677
3169,-2.220771551132202,-2.228241443634033,0.003303526435047388,0.004166456870734692,0.07571765035390854
3170,-2.267758846282959,-2.28218150138855,0.006474462803453207,0.007948231883347034,0.07569501549005508
3171,-2.316901445388794,-2.319059371948242,0.0011239356826990843,0.001033922890201211,0.07567238807678223
3172,-2.35085391998291,-2.354383707046509,0.001910015707835555,0.0016198822995647788,0.07564979791641235
3173,-2.36065411567688,-2.36377215385437,0.0013146016281098127,0.001803349470719695,0.07562722265720367
3174,-2.355234384536743,-2.3590757846832275,0.0018323406111449003,0.0020091012120246887,0.0756046324968338
3175,-2.364889621734619,-2.371570110321045,0.0034142432268708944,0.0032663345336914062,0.07558203488588333
3176,-2.3346965312957764,-2.338824510574341,0.0021700123324990273,0.001957911066710949,0.07555940002202988
3177,-2.2808847427368164,-2.2838478088378906,0.0015991979744285345,0.0013638143427670002,0.07553679496049881
3178,-2.265296697616577,-2.276031494140625,0.00493274349719286,0.005802038591355085,0.07551416009664536
3179,-1.999869465827942,-2.310451030731201,0.15800520777702332,0.15257628262043,0.07549149543046951
3180,-2.29370379447937,-2.2988476753234863,0.002289379248395562,0.002854490652680397,0.07546884566545486
3181,-2.2765228748321533,-2.2823565006256104,0.0026318251620978117,0.0032017442863434553,0.07544618844985962
3182,-2.3250572681427,-2.3303163051605225,0.0024565504863858223,0.0028024818748235703,0.07542354613542557
3183,-2.3045568466186523,-2.3119914531707764,0.003336428664624691,0.004098219331353903,0.07540091127157211
3184,-2.024954080581665,-2.3589420318603516,0.16585074365139008,0.16813723742961884,0.07537829875946045
3185,-2.3457276821136475,-2.3546295166015625,0.005090387538075447,0.0038113824557513,0.07535569369792938
3186,-2.262401580810547,-2.2700178623199463,0.004118612967431545,0.0034977085888385773,0.07533309608697891
3187,-2.3672549724578857,-2.3687381744384766,0.0007318886928260326,0.000751262588892132,0.07531050592660904
3188,-2.340123176574707,-2.345944881439209,0.0032139508984982967,0.0026078037917613983,0.07528792321681976
3189,-2.29843807220459,-2.302891492843628,0.002019457286223769,0.0024340269155800343,0.07526536285877228
3190,-2.3496410846710205,-2.3529140949249268,0.0015343166887760162,0.0017387320986017585,0.0752427726984024
3191,-2.306576728820801,-2.3091659545898438,0.0013145417906343937,0.0012745365966111422,0.07522015273571014
3192,-2.354050636291504,-2.3598382472991943,0.0025595631450414658,0.003227848093956709,0.07519751042127609
3193,-2.34660267829895,-2.3484222888946533,0.001040322007611394,0.000779409718234092,0.07517485320568085
3194,-2.284719228744507,-2.2871313095092773,0.001401926507242024,0.001010185806080699,0.0751521959900856
3195,-2.372037410736084,-2.3749308586120605,0.0016551585868000984,0.0012382939457893372,0.07512956857681274
3196,-2.3410422801971436,-2.3432743549346924,0.0010610886383801699,0.0011708777165040374,0.07510698586702347
3197,-2.292173385620117,-2.2974772453308105,0.0025412209797650576,0.0027624908834695816,0.07508441060781479
3198,-2.3567416667938232,-2.3601319789886475,0.0018041982548311353,0.0015863070730119944,0.07506182044744492
3199,-2.236208438873291,-2.244070291519165,0.003896549344062805,0.003965491894632578,0.07503922283649445
3200,-2.3431921005249023,-2.3479366302490234,0.0022581007797271013,0.0024865707382559776,0.07501664757728577
3201,-2.3416922092437744,-2.346877336502075,0.002676175907254219,0.002508996520191431,0.07499407976865768
3202,-2.2941627502441406,-2.297384023666382,0.002048739930614829,0.0011724928626790643,0.07497153431177139
3203,-2.3814518451690674,-2.3838977813720703,0.0011190427467226982,0.001326806959696114,0.07494896650314331
3204,-2.3564186096191406,-2.360170364379883,0.0017357140313833952,0.0020160696003586054,0.07492638379335403
3205,-2.262619972229004,-2.2659530639648438,0.0015658740885555744,0.0017672160174697638,0.07490383833646774
3206,-2.3794195652008057,-2.3863027095794678,0.003728191601112485,0.003155034501105547,0.07488130778074265
3207,-2.3384509086608887,-2.3403115272521973,0.0007267834153026342,0.0011340316850692034,0.07485876232385635
3208,-2.3592238426208496,-2.36206316947937,0.0017766187665984035,0.001062558963894844,0.07483622431755066
3209,-2.3948960304260254,-2.3996083736419678,0.002273476915434003,0.0024387422017753124,0.07481370866298676
3210,-2.3992228507995605,-2.4013664722442627,0.0009250701987184584,0.0012184679508209229,0.07479120045900345
3211,-2.2732880115509033,-2.2770802974700928,0.0017664155457168818,0.0020257660653442144,0.07476866990327835
3212,-2.333974838256836,-2.338263511657715,0.00186709756962955,0.002421587472781539,0.07474619150161743
3213,-2.3107168674468994,-2.315232515335083,0.0023406322579830885,0.0021751432213932276,0.07472370564937592
3214,-2.2526931762695312,-2.2607157230377197,0.004156561568379402,0.0038660236168652773,0.074701227247715
3215,-2.2091076374053955,-2.2117347717285156,0.0014669091906398535,0.0011601189617067575,0.07467883825302124
3216,-2.297511577606201,-2.300241470336914,0.0013153800973668694,0.0014144808519631624,0.07465646415948868
3217,-2.332867383956909,-2.334974527359009,0.0008792562875896692,0.0012279411312192678,0.0746341273188591
3218,-2.3443195819854736,-2.3481791019439697,0.0020335186272859573,0.0018261251971125603,0.07461179792881012
3219,-2.3543484210968018,-2.3583943843841553,0.002211898798123002,0.001834140857681632,0.07458944618701935
3220,-2.021108865737915,-2.3273062705993652,0.15219983458518982,0.15399771928787231,0.07456705719232559
3221,-2.2977898120880127,-2.3008968830108643,0.0015400905394926667,0.001566978287883103,0.07454466074705124
3222,-2.2613534927368164,-2.268460273742676,0.0030330701265484095,0.0040735285729169846,0.07452224940061569
3223,-2.2871599197387695,-2.2925193309783936,0.0024944287724792957,0.0028649657033383846,0.07449986785650253
3224,-2.33113169670105,-2.338576316833496,0.0037858050782233477,0.003658773610368371,0.07447754591703415
3225,-2.3828067779541016,-2.3893258571624756,0.00381724932231009,0.002701705787330866,0.07445524632930756
3226,-2.37135910987854,-2.3762905597686768,0.0027450048364698887,0.0021865596063435078,0.07443293184041977
3227,-2.365614891052246,-2.377753734588623,0.005936807487159967,0.006202025804668665,0.07441064715385437
3228,-2.356171131134033,-2.3613929748535156,0.0020042392425239086,0.0032175842206925154,0.07438836991786957
3229,-2.32989764213562,-2.3366470336914062,0.0033362675458192825,0.003413229249417782,0.07436611503362656
3230,-2.344832181930542,-2.3469786643981934,0.0011750365374609828,0.0009715044288896024,0.07434385269880295
3231,-2.3479394912719727,-2.352778911590576,0.002478610724210739,0.002360864542424679,0.07432157546281815
3232,-2.305577516555786,-2.312375783920288,0.003702258225530386,0.0030961083248257637,0.07429933547973633
3233,-2.3297057151794434,-2.3349716663360596,0.002471005544066429,0.002794959582388401,0.0742771252989769
3234,-2.3452188968658447,-2.3545453548431396,0.005009172018617392,0.004317297600209713,0.07425493746995926
3235,-2.3619062900543213,-2.373788833618164,0.006994232535362244,0.004888379946351051,0.07423274219036102
3236,-2.3508212566375732,-2.3523852825164795,0.0008126472821459174,0.0007513858727179468,0.0742105171084404
3237,-2.3387746810913086,-2.3452608585357666,0.003243435639888048,0.0032427404075860977,0.07418831437826157
3238,-2.3156819343566895,-2.321277141571045,0.0028568303678184748,0.0027383784763514996,0.07416611909866333
3239,-2.302220106124878,-2.3090970516204834,0.0035667282063513994,0.003310255706310272,0.07414393126964569
3240,-2.3594160079956055,-2.3649861812591553,0.002412015339359641,0.003158188657835126,0.07412173599004745
3241,-2.0948567390441895,-2.3311004638671875,0.11991927027702332,0.1163245439529419,0.07409950345754623
3242,-2.283586263656616,-2.287001848220825,0.0018845300655812025,0.0015311377355828881,0.0740773007273674
3243,-2.346942186355591,-2.350717067718506,0.0019880386535078287,0.001787032000720501,0.07405514270067215
3244,-2.339909553527832,-2.346858024597168,0.0032237409614026546,0.0037248332519084215,0.07403299957513809
3245,-2.2916293144226074,-2.3009591102600098,0.004414700902998447,0.004915115423500538,0.07401081919670105
3246,-2.3364098072052,-2.3393311500549316,0.0013168076984584332,0.0016046382952481508,0.07398862391710281
3247,-2.370140552520752,-2.3724286556243896,0.0009221364744007587,0.0013659466058015823,0.07396643608808517
3248,-2.364675998687744,-2.369184970855713,0.0022890556138008833,0.002219833666458726,0.07394427061080933
3249,-2.3840415477752686,-2.3922371864318848,0.004433033987879753,0.0037626423873007298,0.07392211258411407
3250,-2.372828960418701,-2.3772401809692383,0.0023196025285869837,0.002091650851070881,0.0738999992609024
3251,-2.428457021713257,-2.4343583583831787,0.0028053096029907465,0.0030961830634623766,0.07387785613536835
3252,-2.3563473224639893,-2.3636698722839355,0.00345361465588212,0.0038688660133630037,0.07385572046041489
3253,-2.2919387817382812,-2.2956223487854004,0.001956900116056204,0.0017265260685235262,0.07383360713720322
3254,-2.31223464012146,-2.3198235034942627,0.0038065032567828894,0.00378223299048841,0.07381151616573334
3255,-2.3830976486206055,-2.3870668411254883,0.0022753693629056215,0.0016938408371061087,0.07378945499658585
3256,-2.361215591430664,-2.3653299808502197,0.0018061251612380147,0.0023083200212568045,0.07376739382743835
3257,-2.3332884311676025,-2.3368632793426514,0.0018125261412933469,0.0017624410102143884,0.07374532520771027
3258,-2.3816447257995605,-2.3866424560546875,0.0025714237708598375,0.0024262836668640375,0.07372326403856277
3259,-2.329281806945801,-2.3315043449401855,0.0010692754294723272,0.0011532572098076344,0.07370122522115707
3260,-2.3609676361083984,-2.3634166717529297,0.001390935038216412,0.0010581788374111056,0.07367920875549316
3261,-2.3817100524902344,-2.3855926990509033,0.0017234161496162415,0.0021591372787952423,0.07365718483924866
3262,-2.3474998474121094,-2.3501815795898438,0.001305791549384594,0.0013758732238784432,0.07363513112068176
3263,-2.342792510986328,-2.3467118740081787,0.002173908054828644,0.0017454344779253006,0.07361304759979248
3264,-2.298433542251587,-2.3015546798706055,0.001598004950210452,0.0015229330165311694,0.0735909566283226
3265,-2.348830223083496,-2.351151704788208,0.0011606435291469097,0.0011608770582824945,0.07356888800859451
3266,-2.370107650756836,-2.3728535175323486,0.0016231758054345846,0.0011226468486711383,0.07354682683944702
3267,-2.4078750610351562,-2.4140465259552,0.0030427868478000164,0.0031286978628486395,0.07352475076913834
3268,-2.2844552993774414,-2.2921528816223145,0.0038049318827688694,0.0038927015848457813,0.07350268214941025
3269,-2.3461081981658936,-2.350576877593994,0.002374053932726383,0.002094554714858532,0.07348064333200455
3270,-2.3320374488830566,-2.3378829956054688,0.003105988958850503,0.0027396571822464466,0.07345858961343765
3271,-2.355358362197876,-2.358168125152588,0.0015359611716121435,0.0012739509111270308,0.07343654334545135
3272,-2.3448479175567627,-2.348273992538452,0.0018843732541427016,0.0015415692469105124,0.07341448217630386
3273,-2.3707473278045654,-2.373899459838867,0.0015646161045879126,0.0015876027755439281,0.07339243590831757
3274,-2.3800084590911865,-2.3852431774139404,0.002485071774572134,0.00274959416128695,0.07337040454149246
3275,-2.379164457321167,-2.3846144676208496,0.002581849228590727,0.0028682933188974857,0.07334837317466736
3276,-2.393918991088867,-2.397557497024536,0.0017153092194348574,0.0019230965990573168,0.07332630455493927
3277,-2.2929015159606934,-2.2964699268341064,0.0018041162984445691,0.0017642981838434935,0.07330422848463058
3278,-2.3748905658721924,-2.3773460388183594,0.0012627500109374523,0.0011927468003705144,0.07328217476606369
3279,-2.373046398162842,-2.375379800796509,0.001249038497917354,0.0010842991760000587,0.07326016575098038
3280,-2.3149778842926025,-2.3169288635253906,0.0010804121848195791,0.0008703478961251676,0.07323815673589706
3281,-2.3677937984466553,-2.370587110519409,0.001240395475178957,0.0015528855146840215,0.07321614027023315
3282,-2.3672282695770264,-2.3730757236480713,0.003061796072870493,0.002785727148875594,0.07319415360689163
3283,-2.3555843830108643,-2.3601818084716797,0.0022719549015164375,0.0023255697451531887,0.0731721818447113
3284,-2.350043535232544,-2.351738452911377,0.0007862282218411565,0.0009085163474082947,0.07315023988485336
3285,-2.363400459289551,-2.367155075073242,0.0020127270836383104,0.0017417784547433257,0.07312826812267303
3286,-2.31040096282959,-2.3122477531433105,0.0011017065262421966,0.0007449639961123466,0.07310623675584793
3287,-2.319509267807007,-2.3234128952026367,0.002116820774972439,0.0017866028938442469,0.07308422029018402
3288,-2.3923044204711914,-2.396587371826172,0.0021461141295731068,0.002136889612302184,0.0730622187256813
3289,-2.3308286666870117,-2.3348922729492188,0.0017938261153176427,0.0022697618696838617,0.07304023951292038
3290,-2.3269035816192627,-2.3287689685821533,0.000945596897508949,0.0009198811603710055,0.07301828265190125
3291,-2.383131742477417,-2.389470100402832,0.003534667193889618,0.0028039137832820415,0.07299637049436569
3292,-2.356003999710083,-2.359039306640625,0.0017919631209224463,0.0012432425282895565,0.07297449558973312
3293,-2.3500285148620605,-2.3529751300811768,0.0011818957282230258,0.0017646566266193986,0.07295262813568115
3294,-2.291546583175659,-2.293900728225708,0.0010980028891935945,0.0012562116608023643,0.07293079048395157
3295,-2.3328840732574463,-2.337374448776245,0.0022263587452471256,0.0022640021052211523,0.072908915579319
3296,-2.3724520206451416,-2.376418113708496,0.0023581332061439753,0.0016078033950179815,0.07288705557584763
3297,-2.3736116886138916,-2.380007028579712,0.003519416553899646,0.0028759120032191277,0.07286524772644043
3298,-2.3673148155212402,-2.371868371963501,0.002221134025603533,0.0023325018119066954,0.07284344732761383
3299,-2.32383131980896,-2.326820135116577,0.0016282841097563505,0.0013604426058009267,0.07282166928052902
3300,-2.3168678283691406,-2.3238751888275146,0.0032615165691822767,0.003745698370039463,0.07279990613460541
3301,-2.3464291095733643,-2.350259780883789,0.0018691695295274258,0.001961407018825412,0.0727781429886818
3302,-2.282057762145996,-2.2891225814819336,0.0037067155353724957,0.0033582421019673347,0.07275640219449997
3303,-2.3501391410827637,-2.352724075317383,0.0013008201494812965,0.0012841582065448165,0.07273463904857635
3304,-2.372637987136841,-2.376166343688965,0.0015955106355249882,0.001932745915837586,0.07271286100149155
3305,-2.394897222518921,-2.3979289531707764,0.0013241623528301716,0.001707514631561935,0.07269106805324554
3306,-2.4122045040130615,-2.416774034500122,0.002529863268136978,0.0020397023763507605,0.07266926765441895
3307,-2.4020040035247803,-2.4095511436462402,0.003423393238335848,0.004123785067349672,0.07264748215675354
3308,-2.375227212905884,-2.377671718597412,0.0011297545861452818,0.0013145874254405499,0.07262568920850754
3309,-2.3551156520843506,-2.3597261905670166,0.0022512448485940695,0.0023593215737491846,0.07260393351316452
3310,-2.33463191986084,-2.337538480758667,0.0014623759780079126,0.001443982939235866,0.0725821778178215
3311,-2.350398063659668,-2.3537521362304688,0.001576350419782102,0.0017776053864508867,0.07256042957305908
3312,-2.325263500213623,-2.3352253437042236,0.004498044028878212,0.005463759880512953,0.07253866642713547
3313,-2.425973415374756,-2.434814691543579,0.004134949762374163,0.004706406034529209,0.07251689583063126
3314,-2.3353657722473145,-2.3376293182373047,0.0012000917922705412,0.0010633982019498944,0.07249514758586884
3315,-2.4388744831085205,-2.4417314529418945,0.0012260432122275233,0.0016310717910528183,0.07247337698936462
3316,-2.337057113647461,-2.339933156967163,0.0013589526060968637,0.001517120166681707,0.07245159149169922
3317,-2.3728256225585938,-2.3746461868286133,0.0006406757747754455,0.0011798921041190624,0.07242980599403381
3318,-2.378368616104126,-2.3804728984832764,0.001091070007532835,0.0010133349569514394,0.07240805774927139
3319,-2.4030137062072754,-2.406233310699463,0.001630141749046743,0.001589654479175806,0.07238627225160599
3320,-2.255605697631836,-2.33358097076416,0.0395461805164814,0.038429003208875656,0.07236453145742416
3321,-2.344041585922241,-2.3522794246673584,0.004421256948262453,0.0038167075254023075,0.07234279066324234
3322,-2.336488962173462,-2.338249444961548,0.0009602287318557501,0.00080036127474159,0.07232106477022171
3323,-2.429105520248413,-2.4356529712677,0.003747593378648162,0.0027997568249702454,0.07229937613010406
3324,-2.405268669128418,-2.410398483276367,0.0028799129649996758,0.0022499479819089174,0.07227764278650284
3325,-2.4526705741882324,-2.4569461345672607,0.001957210013642907,0.002318314043805003,0.07225591689348221
3326,-2.3408079147338867,-2.348806858062744,0.004004669841378927,0.003994313068687916,0.07223421335220337
3327,-2.3618297576904297,-2.3659660816192627,0.0020652618259191513,0.002071256982162595,0.07221251726150513
3328,-2.3918862342834473,-2.3963072299957275,0.00209296983666718,0.0023278312291949987,0.07219082862138748
3329,-2.389606475830078,-2.3937313556671143,0.0020911195315420628,0.00203377241268754,0.07216914743185043
3330,-2.276059865951538,-2.283757209777832,0.003943510353565216,0.0037539061158895493,0.07214746624231339
3331,-2.3731093406677246,-2.376230001449585,0.0016423744382336736,0.0014781290665268898,0.07212579995393753
3332,-2.0526297092437744,-2.366145610809326,0.15715157985687256,0.15636412799358368,0.07210414856672287
3333,-2.3849592208862305,-2.3908567428588867,0.0026974936481565237,0.0032001337967813015,0.0720825120806694
3334,-2.3200721740722656,-2.3261218070983887,0.0030102671589702368,0.0030394294299185276,0.07206086069345474
3335,-2.3812904357910156,-2.3881592750549316,0.003009581007063389,0.0038591832853853703,0.0720391795039177
3336,-2.341750144958496,-2.345158576965332,0.001503214007243514,0.0019051807466894388,0.07201754301786423
3337,-2.426057815551758,-2.428598642349243,0.0012521939352154732,0.0012887107441201806,0.07199589163064957
3338,-2.4305238723754883,-2.4363574981689453,0.00295921228826046,0.0028744011651724577,0.0719742551445961
3339,-2.403238534927368,-2.411390542984009,0.004350610077381134,0.0038012280128896236,0.07195259630680084
3340,-2.3410391807556152,-2.3472084999084473,0.0029536010697484016,0.0032157106325030327,0.07193096727132797
3341,-2.425743579864502,-2.431699752807617,0.00257527781650424,0.0033809426240622997,0.07190936803817749
3342,-2.3420019149780273,-2.3488292694091797,0.002726467791944742,0.004100797697901726,0.07188774645328522
3343,-2.4212284088134766,-2.4264426231384277,0.0028966590762138367,0.0023177333641797304,0.07186613976955414
3344,-2.332581043243408,-2.3371593952178955,0.00240688375197351,0.0021715285256505013,0.07184453308582306
3345,-2.3704233169555664,-2.3739395141601562,0.0019631939940154552,0.0015531276585534215,0.07182291895151138
3346,-2.380403518676758,-2.3839430809020996,0.0017307244706898928,0.0018089209916070104,0.07180129736661911
3347,-2.404733419418335,-2.40609073638916,0.0006697837961837649,0.0006876961560919881,0.07177966088056564
3348,-2.34462571144104,-2.3489274978637695,0.0021861803252249956,0.002115424256771803,0.07175806909799576
3349,-2.3682053089141846,-2.371702194213867,0.0017688496736809611,0.0017279398161917925,0.07173646241426468
3350,-2.4281485080718994,-2.433769702911377,0.002574566751718521,0.0030465233139693737,0.07171488553285599
3351,-2.3512604236602783,-2.3549976348876953,0.0019246230367571115,0.0018127604853361845,0.07169334590435028
3352,-2.427605152130127,-2.4310128688812256,0.0015453047817572951,0.0018625822849571705,0.07167182862758636
3353,-2.359584093093872,-2.3710875511169434,0.0058954088017344475,0.00560810836032033,0.07165029644966125
3354,-2.2928197383880615,-2.3550362586975098,0.03390521556138992,0.028311261907219887,0.07162879407405853
3355,-2.3780815601348877,-2.38647723197937,0.004275879822671413,0.004119955003261566,0.0716073140501976
3356,-2.3798768520355225,-2.383157253265381,0.0018109704833477736,0.0014693597331643105,0.07158582657575607
3357,-2.376879930496216,-2.379516839981079,0.0011809846619144082,0.001455967896617949,0.07156433910131454
3358,-2.4085423946380615,-2.4121055603027344,0.0017166204052045941,0.001846447354182601,0.07154287397861481
3359,-2.442640542984009,-2.446406841278076,0.001661461777985096,0.0021048402413725853,0.07152142375707626
3360,-2.2454471588134766,-2.25399112701416,0.004779738374054432,0.003764162305742502,0.07149997353553772
3361,-2.3661060333251953,-2.3684918880462646,0.0013790397206321359,0.0010067741386592388,0.07147850096225739
3362,-2.310452461242676,-2.313340902328491,0.0015273073222488165,0.0013611118774861097,0.07145706564188004
3363,-2.348921537399292,-2.3512864112854004,0.0012985089560970664,0.0010663365246728063,0.0714355856180191
3364,-2.388568162918091,-2.391113758087158,0.0010652074124664068,0.0014802570221945643,0.0714140385389328
3365,-2.4292495250701904,-2.4316840171813965,0.001310982508584857,0.001123399706557393,0.0713924691081047
3366,-2.419501543045044,-2.4242966175079346,0.0023366950917989016,0.002458284143358469,0.07137095928192139
3367,-2.4692001342773438,-2.4741764068603516,0.0025476471055299044,0.002428425708785653,0.07134940475225449
3368,-2.4334239959716797,-2.4363842010498047,0.0014268774539232254,0.0015332887414842844,0.07132778316736221
3369,-2.417067527770996,-2.4208388328552246,0.002346588298678398,0.0014248844236135483,0.07130617648363113
3370,-2.3798019886016846,-2.386204957962036,0.0031708269380033016,0.0032323524355888367,0.07128458470106125
3371,-2.4137449264526367,-2.4177770614624023,0.0017976650269702077,0.0022345774341374636,0.07126303762197495
3372,-2.3414466381073,-2.343564510345459,0.0010970578296110034,0.0010208332678303123,0.07124152034521103
3373,-2.3790221214294434,-2.381089210510254,0.0013698722468689084,0.0006971688708290458,0.07121998071670532
3374,-2.3045477867126465,-2.385033130645752,0.0391007736325264,0.041384533047676086,0.07119845598936081
3375,-2.3610105514526367,-2.368187665939331,0.0033847717568278313,0.0037921795155853033,0.0711769312620163
3376,-2.412170648574829,-2.4198169708251953,0.003701903624460101,0.0039443946443498135,0.07115547358989716
3377,-2.339155673980713,-2.341461181640625,0.0010143328690901399,0.0012912169331684709,0.07113401591777802
3378,-2.3876805305480957,-2.393008232116699,0.0027133412659168243,0.0026142308488488197,0.07111258059740067
3379,-2.4305357933044434,-2.4354567527770996,0.00242239935323596,0.002498605055734515,0.07109113782644272
3380,-2.396125316619873,-2.3989386558532715,0.0017036735080182552,0.0011096821399405599,0.07106968015432358
3381,-2.325031280517578,-2.3279688358306885,0.0013538282364606857,0.001583821838721633,0.07104828208684921
3382,-2.322760820388794,-2.326307773590088,0.0016351769445464015,0.0019119272474199533,0.07102690637111664
3383,-2.336897373199463,-2.3422207832336426,0.002744095167145133,0.0025791444350034,0.07100556045770645
3384,-2.396414041519165,-2.402803659439087,0.0034027346409857273,0.002987014362588525,0.07098422944545746
3385,-2.30596661567688,-2.312309503555298,0.003142768517136574,0.0031999400816857815,0.07096291333436966
3386,-2.3589024543762207,-2.361236333847046,0.0010299800196662545,0.0013039916520938277,0.07094161212444305
3387,-2.3759219646453857,-2.3837976455688477,0.0037077022716403008,0.004168123006820679,0.07092034071683884
3388,-2.432894706726074,-2.4378740787506104,0.0027767030987888575,0.0022027487866580486,0.07089898735284805
3389,-2.404228448867798,-2.412463426589966,0.004276851192116737,0.003958176355808973,0.07087767124176025
3390,-2.4166905879974365,-2.4194412231445312,0.0011295001022517681,0.0016212047776207328,0.07085637003183365
3391,-2.40118670463562,-2.404073476791382,0.0012968104565516114,0.0015899220015853643,0.07083508372306824
3392,-2.3326098918914795,-2.338054895401001,0.002622347790747881,0.002822686219587922,0.07081380486488342
3393,-2.367264747619629,-2.369594097137451,0.0013471657875925303,0.0009822004940360785,0.0707925409078598
3394,-2.309976100921631,-2.3128600120544434,0.0017507914453744888,0.001133230747655034,0.07077125459909439
3395,-2.3790032863616943,-2.3853025436401367,0.0030902549624443054,0.0032090479508042336,0.07074999809265137
3396,-2.3964929580688477,-2.402090549468994,0.0027613015845417976,0.002836123574525118,0.07072874903678894
3397,-2.406764030456543,-2.4163739681243896,0.005154544487595558,0.004455354996025562,0.07070750743150711
3398,-2.386744976043701,-2.398080587387085,0.005200534127652645,0.006134913768619299,0.07068631798028946
3399,-2.4084014892578125,-2.417149305343628,0.004691365174949169,0.004056368954479694,0.07066510617733002
3400,-2.3778743743896484,-2.3825318813323975,0.0024050583597272635,0.0022522900253534317,0.07064393162727356
3401,-2.458881378173828,-2.4629549980163574,0.002332305070012808,0.001741481013596058,0.07062274217605591
3402,-2.4048593044281006,-2.410738468170166,0.00301928143016994,0.0028598811477422714,0.07060158252716064
3403,-2.411491870880127,-2.4141294956207275,0.0013305058237165213,0.0013070350978523493,0.070580393075943
3404,-2.3955307006835938,-2.3991053104400635,0.0015497870044782758,0.0020249306689947844,0.07055924087762833
3405,-2.317392587661743,-2.3250060081481934,0.003769105300307274,0.0038442162331193686,0.07053811848163605
3406,-2.386955738067627,-2.389296770095825,0.0012580649927258492,0.0010829317616298795,0.07051696628332138
3407,-2.366658926010132,-2.369279146194458,0.0012017876142635942,0.0014184124302119017,0.0704958364367485
3408,-2.415619134902954,-2.4178566932678223,0.0012613030849024653,0.0009762091212905943,0.07047471404075623
3409,-2.4046413898468018,-2.4103221893310547,0.0031747622415423393,0.0025060647167265415,0.07045357674360275
3410,-2.387468099594116,-2.395745038986206,0.004473780747503042,0.0038031572476029396,0.07043246179819107
3411,-2.4470927715301514,-2.450216054916382,0.001446109265089035,0.001677231746725738,0.07041136175394058
3412,-2.387321949005127,-2.390380382537842,0.001796414377167821,0.0012618794571608305,0.0703902617096901
3413,-2.4291467666625977,-2.433366537094116,0.002099323784932494,0.0021205605007708073,0.07036911696195602
3414,-2.4195635318756104,-2.4233238697052,0.0019045646768063307,0.0018557319417595863,0.07034797966480255
3415,-2.408393621444702,-2.4126157760620117,0.0018937797285616398,0.0023284992203116417,0.07032682001590729
3416,-2.3901407718658447,-2.3926470279693604,0.0014286949299275875,0.0010775427799671888,0.07030569761991501
3417,-2.3759493827819824,-2.377819538116455,0.0010136894416064024,0.0008563735755160451,0.07028459757566452
3418,-2.3408634662628174,-2.3440468311309814,0.002149329287931323,0.0010340315056964755,0.07026351988315582
3419,-2.3536465167999268,-2.358224391937256,0.0023033758625388145,0.002274534199386835,0.07024244964122772
3420,-2.39390230178833,-2.395275115966797,0.0005304192309267819,0.0008423157851211727,0.07022137939929962
3421,-2.3902883529663086,-2.39528226852417,0.0029631147626787424,0.0020308163948357105,0.07020033895969391
3422,-2.342637300491333,-2.347381830215454,0.0023384131491184235,0.0024061906151473522,0.07017933577299118
3423,-2.410853862762451,-2.4129889011383057,0.0010909350821748376,0.001044039148837328,0.07015834003686905
3424,-2.435533046722412,-2.4391956329345703,0.0022346058394759893,0.0014279608149081469,0.0701373890042305
3425,-2.3916547298431396,-2.395771026611328,0.002141990466043353,0.0019742611330002546,0.07011640071868896
3426,-2.4134316444396973,-2.4163262844085693,0.0017137244576588273,0.0011809043353423476,0.07009539753198624
3427,-2.3986425399780273,-2.401218891143799,0.001212974777445197,0.0013632660266011953,0.07007437199354172
3428,-2.430107355117798,-2.4337172508239746,0.002147866180166602,0.0014619127614423633,0.0700533390045166
3429,-2.3581349849700928,-2.360166072845459,0.0011287825182080269,0.0009024927858263254,0.07003229856491089
3430,-2.3835248947143555,-2.3896679878234863,0.002824994269758463,0.003318083006888628,0.07001126557588577
3431,-2.388509511947632,-2.3911938667297363,0.0015829468611627817,0.001101531321182847,0.06999025493860245
3432,-2.404529333114624,-2.4076008796691895,0.0018031379440799356,0.0012684414396062493,0.06996922940015793
3433,-2.409959316253662,-2.4123244285583496,0.0010333848185837269,0.0013318660203367472,0.06994818150997162
3434,-2.363563060760498,-2.365212917327881,0.0009117824956774712,0.0007380438037216663,0.0699271708726883
3435,-2.377436399459839,-2.38315486907959,0.002981938188895583,0.0027366140857338905,0.06990618258714676
3436,-2.386963367462158,-2.393594741821289,0.003399775829166174,0.0032315554562956095,0.06988520175218582
3437,-2.3918228149414062,-2.3937675952911377,0.0008710161782801151,0.0010737478733062744,0.06986422836780548
3438,-2.3693525791168213,-2.375373125076294,0.003966720774769783,0.0020536757074296474,0.06984327733516693
3439,-2.3778274059295654,-2.384408473968506,0.003053162479773164,0.003527811961248517,0.06982237100601196
3440,-2.3996846675872803,-2.4028100967407227,0.0016981314402073622,0.0014274189015850425,0.0698014423251152
3441,-2.4413363933563232,-2.44515323638916,0.0018527568317949772,0.001964043825864792,0.06978054344654083
3442,-2.3306667804718018,-2.334059476852417,0.0017023577820509672,0.0016904068179428577,0.06975970417261124
3443,-2.4134416580200195,-2.4720616340637207,0.03016466274857521,0.028455320745706558,0.06973882019519806
3444,-2.4144649505615234,-2.4185028076171875,0.0017070561880245805,0.0023308973759412766,0.06971792131662369
3445,-2.367499828338623,-2.3711609840393066,0.0017940327525138855,0.001867005368694663,0.06969708204269409
3446,-2.3096423149108887,-2.3194141387939453,0.005012970883399248,0.004758772440254688,0.0696762278676033
3447,-2.4209346771240234,-2.4324891567230225,0.006272273603826761,0.005282193422317505,0.06965536624193192
3448,-2.3439385890960693,-2.409003257751465,0.03330928459763527,0.031755439937114716,0.06963451206684113
3449,-2.4199178218841553,-2.426288604736328,0.003051586914807558,0.0033193607814610004,0.06961365789175034
3450,-2.3894190788269043,-2.392914295196533,0.0017101180274039507,0.0017850252334028482,0.06959284842014313
3451,-2.3897511959075928,-2.3920111656188965,0.0012580538168549538,0.0010018643224611878,0.06957201659679413
3452,-2.3780152797698975,-2.381929397583008,0.0020566259045153856,0.0018576039001345634,0.06955121457576752
3453,-2.4318480491638184,-2.436408758163452,0.002587378490716219,0.00197340315207839,0.0695304125547409
3454,-2.37451171875,-2.3768205642700195,0.0011432754108682275,0.0011656489223241806,0.0695096105337143
3455,-2.3540055751800537,-2.3626255989074707,0.0043085492216050625,0.004311446566134691,0.06948881596326828
3456,-2.3436777591705322,-2.3480119705200195,0.0019875140860676765,0.0023468411527574062,0.06946802139282227
3457,-2.460728406906128,-2.4684760570526123,0.004016186110675335,0.003731517819687724,0.06944718956947327
3458,-2.4020872116088867,-2.404698371887207,0.001309888088144362,0.001301316311582923,0.06942636519670486
3459,-2.425856113433838,-2.429293394088745,0.0013499683700501919,0.002087449887767434,0.06940556317567825
3460,-2.156769037246704,-2.414336919784546,0.13178253173828125,0.12578539550304413,0.06938474625349045
3461,-2.2962515354156494,-2.303556442260742,0.0033555226400494576,0.003949357196688652,0.06936395913362503
3462,-2.346870183944702,-2.3557679653167725,0.004211504012346268,0.004686460830271244,0.06934314221143723
3463,-2.3459010124206543,-2.3521032333374023,0.0028871495742350817,0.0033150557428598404,0.06932231038808823
3464,-2.3886570930480957,-2.3995227813720703,0.005564485676586628,0.005301182623952627,0.06930150836706161
3465,-2.4064512252807617,-2.413116455078125,0.003081324975937605,0.003583897603675723,0.069280706346035
3466,-2.3367202281951904,-2.3416526317596436,0.0020433568861335516,0.002889196155592799,0.06925991177558899
3467,-2.4668056964874268,-2.4721837043762207,0.002267953474074602,0.0031102197244763374,0.06923910975456238
3468,-2.4650421142578125,-2.4694952964782715,0.001928902929648757,0.0025243661366403103,0.06921831518411636
3469,-2.3620734214782715,-2.3665571212768555,0.0024592620320618153,0.002024309476837516,0.06919750571250916
3470,-2.4171342849731445,-2.420866012573242,0.0023479550145566463,0.0013837739825248718,0.06917670369148254
3471,-2.4429492950439453,-2.4464101791381836,0.002058169338852167,0.0014025745913386345,0.06915594637393951
3472,-2.315704107284546,-2.3191535472869873,0.0016438552411273122,0.0018056086264550686,0.06913521885871887
3473,-2.3568880558013916,-2.365875482559204,0.004646937828511,0.004340389743447304,0.06911445409059525
3474,-2.405911684036255,-2.4081883430480957,0.0011030747555196285,0.0011734983418136835,0.06909371167421341
3475,-2.403015375137329,-2.4081058502197266,0.002694503404200077,0.002395771211013198,0.06907296180725098
3476,-2.4425530433654785,-2.446577548980713,0.0019635739736258984,0.0020608650520443916,0.06905221194028854
3477,-2.4077775478363037,-2.411646604537964,0.00265846261754632,0.0012108050286769867,0.06903142482042313
3478,-2.4117870330810547,-2.4191246032714844,0.003668788354843855,0.0036686898674815893,0.06901062279939651
3479,-2.44046950340271,-2.4452202320098877,0.0029418272897601128,0.0018089388031512499,0.0689898431301117
3480,-2.30021333694458,-2.3024814128875732,0.0010584251722320914,0.0012098131701350212,0.06896905601024628
3481,-2.4231770038604736,-2.4275572299957275,0.0021535372361540794,0.002226515207439661,0.06894829124212265
3482,-2.3679983615875244,-2.372053623199463,0.0020887968130409718,0.0019665665458887815,0.06892756372690201
3483,-2.3446462154388428,-2.3478524684906006,0.0016173466574400663,0.0015887697227299213,0.06890682876110077
3484,-2.3779451847076416,-2.398909568786621,0.010419155471026897,0.010545250028371811,0.06888613104820251
3485,-2.400578737258911,-2.4019572734832764,0.0004774555563926697,0.0009009996429085732,0.06886546313762665
3486,-2.4582457542419434,-2.4610893726348877,0.001417582156136632,0.001425931346602738,0.06884477287530899
3487,-2.352285146713257,-2.3592357635498047,0.003116465639322996,0.003834362840279937,0.06882409751415253
3488,-2.3527960777282715,-2.3573269844055176,0.0021190172992646694,0.002411856781691313,0.06880340725183487
3489,-2.3819844722747803,-2.3852779865264893,0.0014547617174685001,0.0018387972377240658,0.06878272444009781
3490,-2.4207708835601807,-2.423551082611084,0.0013258929830044508,0.001454272773116827,0.06876203417778015
3491,-2.425790786743164,-2.4309935569763184,0.0027097470592707396,0.002492962870746851,0.0687413439154625
3492,-2.3776443004608154,-2.4430932998657227,0.03449780121445656,0.030951324850320816,0.06872066855430603
3493,-2.36488676071167,-2.3696088790893555,0.0022521864157170057,0.0024699759669601917,0.06869996339082718
3494,-2.4506006240844727,-2.4580466747283936,0.0036846345756202936,0.0037614968605339527,0.06867927312850952
3495,-2.461282968521118,-2.4634199142456055,0.0008619441650807858,0.0012750145979225636,0.06865863502025604
3496,-2.3748011589050293,-2.3763070106506348,0.0009530141251161695,0.0005528817418962717,0.06863797456026077
3497,-2.3966612815856934,-2.399834394454956,0.0015736570348963141,0.0015995753929018974,0.0686173141002655
3498,-2.4117043018341064,-2.4169023036956787,0.0028548717964440584,0.0023431924637407064,0.06859665364027023
3499,-2.3571746349334717,-2.368095636367798,0.00517291622236371,0.005748047959059477,0.06857601553201675
3500,-2.442678928375244,-2.4473631381988525,0.0026056470815092325,0.002078552730381489,0.06855543702840805
3501,-2.4136359691619873,-2.416465997695923,0.0014973812503740191,0.0013328162021934986,0.06853485852479935
3502,-2.440654754638672,-2.4465904235839844,0.0027098851278424263,0.0032257128041237593,0.06851428747177124
3503,-2.4290738105773926,-2.4353277683258057,0.0032745383214205503,0.002979530021548271,0.06849370896816254
3504,-2.428161859512329,-2.43142032623291,0.001819444471038878,0.001439155312255025,0.06847310811281204
3505,-2.4428658485412598,-2.4464070796966553,0.0015898217679932714,0.0019515648018568754,0.06845249235630035
3506,-2.3478097915649414,-2.362250804901123,0.008255595341324806,0.006185493897646666,0.06843184679746628
3507,-2.4098854064941406,-2.4212756156921387,0.0062919799238443375,0.005098409950733185,0.06841123104095459
3508,-2.358781576156616,-2.3618996143341064,0.0016304769087582827,0.001487585250288248,0.06839065998792648
3509,-2.4451904296875,-2.4527692794799805,0.004187412094324827,0.0033914961386471987,0.06837008893489838
3510,-2.405566930770874,-2.4136343002319336,0.004484409000724554,0.003583044046536088,0.06834955513477325
3511,-2.1557693481445312,-2.3872625827789307,0.12072807550430298,0.110765241086483,0.06832902133464813
3512,-2.4083588123321533,-2.412853717803955,0.0022411542013287544,0.002253773622214794,0.0683085173368454
3513,-2.334865093231201,-2.3382482528686523,0.0018530358793213964,0.001530286273919046,0.06828808039426804
3514,-2.4245445728302,-2.4280953407287598,0.0016016309382393956,0.0019491391722112894,0.06826770305633545
3515,-2.4063336849212646,-2.413120985031128,0.002794447122141719,0.003992706071585417,0.06824732571840286
3516,-2.378993272781372,-2.3817005157470703,0.0016443552449345589,0.0010628699092194438,0.06822695583105087
3517,-2.3969764709472656,-2.399766683578491,0.001355266897007823,0.0014350415440276265,0.06820657849311829
3518,-2.422879934310913,-2.4257428646087646,0.001529549015685916,0.0013334786053746939,0.06818617135286331
3519,-2.4085352420806885,-2.4142568111419678,0.003278519259765744,0.0024430076591670513,0.06816582381725311
3520,-2.396282434463501,-2.399718761444092,0.0014729318208992481,0.0019633816555142403,0.06814544647932053
3521,-2.4967122077941895,-2.5029447078704834,0.003334845881909132,0.0028977764304727316,0.06812505424022675
3522,-2.454031467437744,-2.4638986587524414,0.004746902734041214,0.005120247136801481,0.06810469180345535
3523,-2.378422260284424,-2.386693000793457,0.00402162317186594,0.004249126184731722,0.06808433681726456
3524,-2.415245532989502,-2.4204859733581543,0.0023592396173626184,0.002881268970668316,0.06806399673223495
3525,-2.4061758518218994,-2.411112070083618,0.002933468436822295,0.002002623863518238,0.06804364919662476
3526,-2.4244916439056396,-2.428532123565674,0.001870680134743452,0.0021698973141610622,0.06802329421043396
3527,-2.4040541648864746,-2.4155211448669434,0.006021272856742144,0.005445804446935654,0.06800294667482376
3528,-2.4306013584136963,-2.4368536472320557,0.003172903321683407,0.003079349407926202,0.06798256933689117
3529,-2.3824751377105713,-2.389624834060669,0.004135391674935818,0.003014208050444722,0.06796221435070038
3530,-2.1960906982421875,-2.4066619873046875,0.1080048680305481,0.10256636887788773,0.06794186681509018
3531,-2.3541173934936523,-2.360868215560913,0.004266836680471897,0.0024840247351676226,0.06792155653238297
3532,-2.4084606170654297,-2.410675048828125,0.0013482023496180773,0.0008661419269628823,0.06790118664503098
3533,-2.389432907104492,-2.391535758972168,0.001077950350008905,0.001025066594593227,0.06788082420825958
3534,-2.385782480239868,-2.390333652496338,0.002064035041257739,0.002487106481567025,0.0678604319691658
3535,-2.436509847640991,-2.439539909362793,0.0015547743532806635,0.0014753395225852728,0.06784003227949142
3536,-2.3874266147613525,-2.3918604850769043,0.0021838275715708733,0.0022500422783195972,0.06781969219446182
3537,-2.38455867767334,-2.3931894302368164,0.004978066775947809,0.0036524783354252577,0.06779938191175461
3538,-2.4111123085021973,-2.4164066314697266,0.0029101790860295296,0.002384212100878358,0.0677790716290474
3539,-2.429591178894043,-2.433093309402466,0.0015435616951435804,0.001958648208528757,0.06775877624750137
3540,-2.4632415771484375,-2.466248035430908,0.0017549539916217327,0.0012515578418970108,0.06773847341537476
3541,-2.421898126602173,-2.4318041801452637,0.005059045739471912,0.004846935626119375,0.06771815568208694
3542,-2.4479787349700928,-2.451735496520996,0.0019207255681976676,0.0018360645044595003,0.0676979124546051
3543,-2.439558506011963,-2.44157338142395,0.001102337846532464,0.0009125244105234742,0.06767767667770386
3544,-2.458503007888794,-2.462164878845215,0.001737224985845387,0.0019246344454586506,0.06765743345022202
3545,-2.342564821243286,-2.3458406925201416,0.001734657329507172,0.0015411823987960815,0.06763722002506256
3546,-2.4068515300750732,-2.41157603263855,0.002197404857724905,0.0025269966572523117,0.0676170364022255
3547,-2.459488868713379,-2.4673616886138916,0.004114091396331787,0.003758588805794716,0.06759683787822723
3548,-2.399890184402466,-2.407632350921631,0.003916122950613499,0.003826163476333022,0.06757663190364838
3549,-2.386430501937866,-2.390011787414551,0.0017648459179326892,0.0018166142981499434,0.06755644828081131
3550,-2.4695730209350586,-2.4754691123962402,0.0030371742323040962,0.0028587670531123877,0.06753631681203842
3551,-2.4498162269592285,-2.452334403991699,0.0011740822810679674,0.0013442677445709705,0.06751619279384613
3552,-2.453115701675415,-2.460465908050537,0.00394727848470211,0.003402972361072898,0.06749603897333145
3553,-2.372946262359619,-2.442497730255127,0.03305885195732117,0.03649269789457321,0.06747590005397797
3554,-2.409990072250366,-2.417877197265625,0.0033918768167495728,0.004495152272284031,0.06745573878288269
3555,-2.3540749549865723,-2.357445001602173,0.00150186603423208,0.0018681809306144714,0.06743557751178741
3556,-2.4192709922790527,-2.422809600830078,0.001984312431886792,0.001554251299239695,0.06741540133953094
3557,-2.389960527420044,-2.3955953121185303,0.0024804784916341305,0.003154239384457469,0.06739523261785507
3558,-2.331913948059082,-2.3339688777923584,0.0010613257763907313,0.0009935412090271711,0.06737504154443741
3559,-2.3901898860931396,-2.3967533111572266,0.003595731919631362,0.0029674796387553215,0.06735483556985855
3560,-2.1053590774536133,-2.3945939540863037,0.14301496744155884,0.14622002840042114,0.06733465194702148
3561,-2.4651858806610107,-2.471369743347168,0.003071197308599949,0.003112583654001355,0.06731447577476501
3562,-2.4313297271728516,-2.436537742614746,0.0026306656654924154,0.0025773998349905014,0.06729425489902496
3563,-2.3998167514801025,-2.406130790710449,0.003013353794813156,0.0033005576115101576,0.06727402657270432
3564,-2.4337711334228516,-2.4379677772521973,0.0021477239206433296,0.0020490149036049843,0.06725382059812546
3565,-2.4316372871398926,-2.436192274093628,0.002299536718055606,0.0022554518654942513,0.06723363697528839
3566,-2.446204423904419,-2.451077461242676,0.0023855888284742832,0.00248743686825037,0.06721342355012894
3567,-2.3074841499328613,-2.3126730918884277,0.0024698444176465273,0.0027191350236535072,0.06719320267438889
3568,-2.423044443130493,-2.428697347640991,0.0028871893882751465,0.0027655954472720623,0.06717300415039062
3569,-2.3749306201934814,-2.3779191970825195,0.0014477935619652271,0.0015408381586894393,0.06715279817581177
3570,-2.1364634037017822,-2.34443736076355,0.10413927584886551,0.10383470356464386,0.0671326145529747
3571,-2.358690023422241,-2.3716952800750732,0.007413145620375872,0.0055922092869877815,0.06711240112781525
3572,-2.3783538341522217,-2.385918617248535,0.004159438423812389,0.0034053055569529533,0.06709221005439758
3573,-2.4327714443206787,-2.438352108001709,0.0028627498541027308,0.00271787540987134,0.06707204133272171
3574,-2.4076287746429443,-2.414250612258911,0.003953374922275543,0.00266839936375618,0.06705188006162643
3575,-2.4934723377227783,-2.4969823360443115,0.0018459470011293888,0.0016640507383272052,0.06703174114227295
3576,-2.463024616241455,-2.4677939414978027,0.0026469039730727673,0.002122442005202174,0.06701163947582245
3577,-2.4558870792388916,-2.4645423889160156,0.004799957852810621,0.003855376038700342,0.06699154525995255
3578,-2.430795907974243,-2.4348959922790527,0.0018906246405094862,0.002209399826824665,0.06697146594524384
3579,-2.4423670768737793,-2.4468443393707275,0.0018612048588693142,0.002616248559206724,0.06695135682821274
3580,-2.4042627811431885,-2.4066338539123535,0.0009987989906221628,0.0013722296571359038,0.06693122535943985
3581,-2.420017719268799,-2.425093173980713,0.00280001200735569,0.0022755253594368696,0.06691112369298935
3582,-2.4523911476135254,-2.467061758041382,0.0075464495457708836,0.007124243304133415,0.06689105927944183
3583,-2.39184832572937,-2.395338535308838,0.0016681065317243338,0.0018219312187284231,0.06687097996473312
3584,-2.4417059421539307,-2.4449710845947266,0.0014846610138192773,0.0017805288080126047,0.06685087829828262
3585,-2.401463747024536,-2.407022476196289,0.0021770275197923183,0.0033817000221461058,0.06683078408241272
3586,-2.4910850524902344,-2.4947524070739746,0.0019731782376766205,0.0016943125519901514,0.0668107122182846
3587,-2.435246706008911,-2.439690589904785,0.0023643483873456717,0.0020794901065528393,0.0667906329035759
3588,-2.4178872108459473,-2.422236680984497,0.0017264881171286106,0.002623057458549738,0.066770538687706
3589,-2.4033265113830566,-2.407392740249634,0.0019856365397572517,0.002080701058730483,0.0667504370212555
3590,-2.429328203201294,-2.4330756664276123,0.002033526310697198,0.0017141018761321902,0.06673033535480499
3591,-2.409372568130493,-2.4112250804901123,0.0009294600458815694,0.0009230731520801783,0.06671024858951569
3592,-2.364049196243286,-2.371805429458618,0.0037420974113047123,0.004014254547655582,0.06669016182422638
3593,-2.4505536556243896,-2.4528374671936035,0.0011158357374370098,0.0011680587194859982,0.06667006760835648
3594,-2.381610631942749,-2.3876943588256836,0.002699775854125619,0.0033839414827525616,0.06664997339248657
3595,-2.424448013305664,-2.4281766414642334,0.0015133675187826157,0.002215234562754631,0.06662993878126144
3596,-2.417901039123535,-2.4227569103240967,0.0026962768752127886,0.002159600146114826,0.06660991162061691
3597,-2.034297466278076,-2.4157323837280273,0.19078543782234192,0.19064950942993164,0.06658987700939178
3598,-2.422705888748169,-2.4306647777557373,0.003823366714641452,0.00413556769490242,0.06656984239816666
3599,-2.3422272205352783,-2.3514292240142822,0.005433749873191118,0.0037681383546441793,0.06654981523752213
3600,-2.455491542816162,-2.463322162628174,0.004996223375201225,0.002834381302818656,0.06652981042861938
3601,-2.4311885833740234,-2.43977689743042,0.004861278459429741,0.003726862370967865,0.06650979816913605
3602,-2.380059242248535,-2.3826308250427246,0.0012729197042062879,0.0012986314250156283,0.0664898008108139
3603,-2.3816635608673096,-2.383178949356079,0.0006875289254821837,0.0008276893058791757,0.06646983325481415
3604,-2.382266044616699,-2.3878958225250244,0.0027389787137508392,0.0028907202649861574,0.066449835896492
3605,-2.4640166759490967,-2.469799041748047,0.0033855896908789873,0.0023968536406755447,0.06642987579107285
3606,-2.1145803928375244,-2.435234785079956,0.1644190549850464,0.15623539686203003,0.0664098933339119
3607,-2.3848979473114014,-2.3921291828155518,0.003696558764204383,0.0035347449593245983,0.06638991087675095
3608,-2.330655574798584,-2.3368465900421143,0.0029078887309879065,0.0032830704003572464,0.06636995077133179
3609,-2.3553528785705566,-2.363807201385498,0.004452155902981758,0.004002007655799389,0.06635002046823502
3610,-2.3690948486328125,-2.377324342727661,0.004969890229403973,0.0032597670797258615,0.06633006036281586
3611,-2.4081220626831055,-2.412970542907715,0.002498665824532509,0.0023498046211898327,0.06631012260913849
3612,-2.5153515338897705,-2.518927574157715,0.0018065324984490871,0.001769646187312901,0.0662902221083641
3613,-2.5249931812286377,-2.534080982208252,0.004434447269886732,0.004653478041291237,0.06627032160758972
3614,-2.4786975383758545,-2.48451566696167,0.003418436273932457,0.002399731194600463,0.06625042110681534
3615,-2.4838805198669434,-2.493356943130493,0.005321620497852564,0.0041548642329871655,0.06623050570487976
3616,-2.4165401458740234,-2.4241435527801514,0.0035816447343677282,0.0040216632187366486,0.06621057540178299
3617,-2.426616907119751,-2.43330979347229,0.0032380931079387665,0.003454596269875765,0.0661906749010086
3618,-2.100775718688965,-2.3686134815216064,0.1439351886510849,0.12390263378620148,0.06617075949907303
3619,-2.3628695011138916,-2.3735885620117188,0.005707602482289076,0.005011569708585739,0.06615088880062103
3620,-2.373704671859741,-2.3831560611724854,0.005192808341234922,0.004258730914443731,0.06613101810216904
3621,-2.3886852264404297,-2.399925470352173,0.004707083106040955,0.0065331850200891495,0.06611115485429764
3622,-2.409268379211426,-2.423588275909424,0.006291775498539209,0.008028065785765648,0.06609129905700684
3623,-2.4323344230651855,-2.4450323581695557,0.00590558024123311,0.006792331114411354,0.06607148051261902
3624,-2.4820051193237305,-2.4868950843811035,0.0024299537762999535,0.0024599547032266855,0.06605164706707001
3625,-2.5005228519439697,-2.5125303268432617,0.006204047240316868,0.005803248845040798,0.06603187322616577
3626,-2.465148687362671,-2.4749526977539062,0.004697880242019892,0.005106254480779171,0.06601212918758392
3627,-2.5094432830810547,-2.520357608795166,0.004431755747646093,0.006482663564383984,0.06599241495132446
3628,-2.4405155181884766,-2.4465484619140625,0.002411522204056382,0.0036214240826666355,0.06597273796796799
3629,-2.4018728733062744,-2.4059393405914307,0.001887441030703485,0.002178989816457033,0.0659530758857727
3630,-2.08223295211792,-2.3773577213287354,0.1484879106283188,0.146636962890625,0.06593339145183563
3631,-2.3442256450653076,-2.3613290786743164,0.008126739412546158,0.008976701647043228,0.06591371446847916
3632,-2.332051992416382,-2.3494718074798584,0.008151544257998466,0.009268200956285,0.06589403003454208
3633,-2.3636996746063232,-2.3760738372802734,0.0050459085032343864,0.007328287232667208,0.0658743754029274
3634,-2.4161105155944824,-2.430616617202759,0.007076007779687643,0.007430070545524359,0.06585471332073212
3635,-2.4564132690429688,-2.459050178527832,0.001525880885310471,0.0011110035702586174,0.06583505868911743
3636,-2.4805972576141357,-2.4880359172821045,0.0032126442529261112,0.0042259301990270615,0.06581536680459976
3637,-2.456481456756592,-2.4695205688476562,0.005781462881714106,0.007257615681737661,0.06579568982124329
3638,-2.471165418624878,-2.4807827472686768,0.004021053202450275,0.005596201401203871,0.06577600538730621
3639,-2.4429733753204346,-2.452972650527954,0.005339477211236954,0.004660007543861866,0.06575631350278854
3640,-2.3439996242523193,-2.351863384246826,0.003843526588752866,0.0040201907977461815,0.06573660671710968
3641,-2.3811864852905273,-2.3862781524658203,0.0027983449399471283,0.00229342607781291,0.06571690738201141
3642,-2.4096245765686035,-2.415118455886841,0.002584415255114436,0.0029094277415424585,0.06569714099168777
3643,-2.4224088191986084,-2.430043935775757,0.003694431623443961,0.003940635360777378,0.06567735970020294
3644,-2.4514431953430176,-2.4625914096832275,0.00503000570461154,0.006118318531662226,0.06565755605697632
3645,-2.3862555027008057,-2.390507221221924,0.001962238922715187,0.0022895224392414093,0.0656377524137497
3646,-2.372145891189575,-2.448089361190796,0.038945507258176804,0.03699810802936554,0.06561796367168427
3647,-2.4185028076171875,-2.4219131469726562,0.0016472797142341733,0.0017631801310926676,0.06559818983078003
3648,-2.422067403793335,-2.4287168979644775,0.003638592315837741,0.003010920248925686,0.06557847559452057
3649,-2.4801228046417236,-2.4918389320373535,0.005037291906774044,0.0066788075491786,0.06555874645709991
3650,-2.523824453353882,-2.5301616191864014,0.003329487983137369,0.0030076545663177967,0.06553898751735687
3651,-2.3736343383789062,-2.3775641918182373,0.001994938822463155,0.001935106934979558,0.06551924347877502
3652,-2.4395992755889893,-2.4436750411987305,0.001977005507797003,0.0020988404285162687,0.06549954414367676
3653,-2.3679513931274414,-2.374262571334839,0.0033609438687562943,0.0029500904493033886,0.06547984480857849
3654,-2.3814611434936523,-2.3873109817504883,0.0033205077052116394,0.0025294222868978977,0.06546017527580261
3655,-2.3574788570404053,-2.3618595600128174,0.0019984112586826086,0.0023822826333343983,0.06544051319360733
3656,-2.4642257690429688,-2.471930742263794,0.003189593553543091,0.0045154159888625145,0.06542090326547623
3657,-2.463804244995117,-2.4668235778808594,0.001158911269158125,0.001860329881310463,0.06540130078792572
3658,-2.4119057655334473,-2.4146530628204346,0.0016809330554679036,0.0010663960129022598,0.06538165360689163
3659,-2.4162068367004395,-2.4197354316711426,0.0014783157967031002,0.002050046343356371,0.06536205112934113
3660,-2.422833204269409,-2.4289088249206543,0.003095685737207532,0.002979966113343835,0.06534244865179062
3661,-2.4526984691619873,-2.4575326442718506,0.002002616645768285,0.002831442980095744,0.06532283872365952
3662,-2.4799747467041016,-2.4834606647491455,0.0015573650598526,0.0019286430906504393,0.0653032660484314
3663,-2.4376871585845947,-2.4406931400299072,0.0016918459441512823,0.0013142478419467807,0.06528369337320328
3664,-2.404590129852295,-2.411377429962158,0.0035712532699108124,0.003215940436348319,0.06526410579681396
3665,-2.420742988586426,-2.4246199131011963,0.0018701441586017609,0.0020068264566361904,0.06524451822042465
3666,-2.492147445678711,-2.4954073429107666,0.001670347759500146,0.0015896185068413615,0.06522493064403534
3667,-2.4511280059814453,-2.4542713165283203,0.0012383857974782586,0.0019049254478886724,0.06520538777112961
3668,-2.4962010383605957,-2.502424716949463,0.003043525153771043,0.0031802761368453503,0.0651858001947403
3669,-2.444594621658325,-2.4479684829711914,0.0018261385848745704,0.0015477142296731472,0.06516624242067337
3670,-2.4489314556121826,-2.451812744140625,0.0015504152979701757,0.0013309374917298555,0.06514664739370346
3671,-2.4929299354553223,-2.4982900619506836,0.002512612147256732,0.0028474056161940098,0.06512709707021713
3672,-2.4582252502441406,-2.461101531982422,0.0010668609756976366,0.001809343695640564,0.06510752439498901
3673,-2.4200620651245117,-2.425640344619751,0.002753214677795768,0.0028251255862414837,0.06508796662092209
3674,-2.4701087474823,-2.4743261337280273,0.002220845315605402,0.0019964103121310472,0.06506841629743576
3675,-2.444179058074951,-2.4499475955963135,0.003305386984720826,0.0024630280677229166,0.06504890322685242
3676,-2.4905991554260254,-2.4951210021972656,0.0020433550234884024,0.0024786568246781826,0.06502934545278549
3677,-2.427328109741211,-2.4344122409820557,0.0036121904850006104,0.003471765201538801,0.06500984728336334
3678,-2.4684877395629883,-2.473334312438965,0.0023480753879994154,0.0024983922485262156,0.06499038636684418
3679,-2.4391422271728516,-2.4499874114990234,0.0061125364154577255,0.004732636269181967,0.06497092545032501
3680,-2.418989658355713,-2.42317795753479,0.002401566132903099,0.001786696957424283,0.06495150178670883
3681,-2.438079833984375,-2.4411211013793945,0.0015413647051900625,0.0014998487895354629,0.06493210047483444
3682,-2.397019147872925,-2.4043164253234863,0.0034865918569266796,0.0038105440326035023,0.06491269171237946
3683,-2.436999797821045,-2.4394960403442383,0.0012115369318053126,0.0012845973251387477,0.06489325314760208
3684,-2.4664523601531982,-2.469520092010498,0.00149232754483819,0.0015755117638036609,0.06487379223108292
3685,-2.5031898021698,-2.507946729660034,0.002339486498385668,0.0024173655547201633,0.06485435366630554
3686,-2.3621320724487305,-2.366447687149048,0.002370031550526619,0.0019453885033726692,0.06483493745326996
3687,-2.4840939044952393,-2.4856696128845215,0.000871930446010083,0.0007038300973363221,0.06481552869081497
3688,-2.4020042419433594,-2.4079558849334717,0.002771560335531831,0.0031799832358956337,0.06479616463184357
3689,-2.4391064643859863,-2.442375421524048,0.0017588273622095585,0.0015102569013834,0.06477680802345276
3690,-2.4286818504333496,-2.4307732582092285,0.0013593625044450164,0.0007320015574805439,0.06475739926099777
3691,-2.469221830368042,-2.473910331726074,0.0028516717720776796,0.0018366858130320907,0.06473798304796219
3692,-2.4610960483551025,-2.4620490074157715,0.0005643995827995241,0.0003885965852532536,0.06471855193376541
3693,-2.4390220642089844,-2.449967861175537,0.005262626800686121,0.005683253984898329,0.06469909846782684
3694,-2.4392943382263184,-2.44352388381958,0.0020030951127409935,0.0022263056598603725,0.06467965245246887
3695,-2.453040361404419,-2.4553353786468506,0.0013429407263174653,0.0009519507293589413,0.0646602064371109
3696,-1.8291950225830078,-2.4601333141326904,0.31110548973083496,0.31983280181884766,0.06464073807001114
3697,-2.533407688140869,-2.5397069454193115,0.0034760036505758762,0.0028233991470187902,0.06462132185697556
3698,-2.44100022315979,-2.4474740028381348,0.0035758770536631346,0.002897994127124548,0.06460191309452057
3699,-2.4618799686431885,-2.471344232559204,0.005219966173171997,0.004244246985763311,0.06458252668380737
3700,-2.436789035797119,-2.441293716430664,0.0025457085575908422,0.0019589948933571577,0.06456317007541656
3701,-2.4569551944732666,-2.461674928665161,0.002323088701814413,0.0023965106811374426,0.06454384326934814
3702,-2.460068941116333,-2.4657740592956543,0.002772982930764556,0.002932159695774317,0.06452445685863495
3703,-2.418264627456665,-2.421703815460205,0.0015854043886065483,0.0018537603318691254,0.06450507789850235
3704,-2.4382712841033936,-2.4419710636138916,0.0020396991167217493,0.0016601493116468191,0.06448569893836975
3705,-2.4348838329315186,-2.441403865814209,0.0036434647627174854,0.002876527374610305,0.06446632742881775
3706,-2.4757862091064453,-2.4803433418273926,0.00247278343886137,0.0020841723307967186,0.06444700062274933
3707,-2.429853677749634,-2.4338178634643555,0.001978775719180703,0.0019853657577186823,0.06442765891551971
3708,-2.3955512046813965,-2.4009861946105957,0.003043469274416566,0.0023916694335639477,0.0644083321094513
3709,-2.483114719390869,-2.4908831119537354,0.004212876781821251,0.0035555849317461252,0.06438900530338287
3710,-2.4756100177764893,-2.485470771789551,0.004522566683590412,0.005338250193744898,0.06436969339847565
3711,-2.497016668319702,-2.5010905265808105,0.0021084591280668974,0.001965357456356287,0.06435037404298782
3712,-2.4963669776916504,-2.5032923221588135,0.00348724820651114,0.0034378969576209784,0.06433109194040298
3713,-2.4768314361572266,-2.483391523361206,0.0032034290488809347,0.0033566888887435198,0.06431180238723755
3714,-2.3930108547210693,-2.396836042404175,0.001770038972608745,0.0020551318302750587,0.06429251283407211
3715,-2.464473247528076,-2.4718821048736572,0.0038000033237040043,0.0036089085042476654,0.06427329778671265
3716,-2.4488298892974854,-2.4517807960510254,0.001461413805373013,0.001489379908889532,0.06425405293703079
3717,-2.4556329250335693,-2.459707736968994,0.002319890074431896,0.0017548934556543827,0.06423481553792953
3718,-2.497624397277832,-2.5028460025787354,0.0025862788315862417,0.0026351267006248236,0.06421556323766708
3719,-2.498133420944214,-2.501080274581909,0.0014899031957611442,0.001456964178942144,0.06419631093740463
3720,-2.404607057571411,-2.469130516052246,0.03175225853919983,0.03277111053466797,0.06417705863714218
3721,-2.481247901916504,-2.4853293895721436,0.0018696020124480128,0.002211756771430373,0.06415785849094391
3722,-2.468554735183716,-2.4737794399261475,0.0029193172231316566,0.002305242931470275,0.06413862109184265
3723,-2.4969992637634277,-2.5031087398529053,0.003190903924405575,0.0029184792656451464,0.0641193836927414
3724,-2.44156551361084,-2.4516074657440186,0.004593231715261936,0.0054487260058522224,0.06410015374422073
3725,-2.449394702911377,-2.4543724060058594,0.002361316466704011,0.0026164203882217407,0.06408093124628067
3726,-2.154512405395508,-2.448925018310547,0.1456141471862793,0.14879848062992096,0.0640617161989212
3727,-2.401275157928467,-2.4121861457824707,0.0059172469191253185,0.004993632435798645,0.06404250115156174
3728,-2.414257764816284,-2.436208486557007,0.010866230353713036,0.011084644123911858,0.06402330100536346
3729,-2.405841827392578,-2.4128153324127197,0.0034072280395776033,0.0035662816371768713,0.06400410085916519
3730,-2.439105987548828,-2.442631244659424,0.00171031488571316,0.0018148039234802127,0.06398484110832214
3731,-2.465848922729492,-2.4675350189208984,0.0006554934661835432,0.0010307000484317541,0.0639655813574791
3732,-2.469022512435913,-2.473820209503174,0.0023344082292169333,0.002463286044076085,0.06394633650779724
3733,-2.415668487548828,-2.419480323791504,0.0021434533409774303,0.0016683564754202962,0.06392711400985718
3734,-2.4946095943450928,-2.5009143352508545,0.0032957717776298523,0.0030091397929936647,0.0639079138636589
3735,-2.4140138626098633,-2.42207670211792,0.0041560945101082325,0.003906825091689825,0.06388873606920242
3736,-2.1207830905914307,-2.478902816772461,0.17999236285686493,0.17812730371952057,0.06386957317590714
3737,-2.423382520675659,-2.4263267517089844,0.001531763351522386,0.0014123811852186918,0.06385041773319244
3738,-2.2858195304870605,-2.291614532470703,0.003313879482448101,0.0024811606854200363,0.06383123993873596
3739,-2.35117506980896,-2.362971544265747,0.006455686409026384,0.005340868607163429,0.06381206959486008
3740,-2.3889706134796143,-2.4003219604492188,0.005480936728417873,0.005870232358574867,0.06379293650388718
3741,-2.373579740524292,-2.3832108974456787,0.004555477295070887,0.005075674504041672,0.06377381831407547
3742,-2.4612884521484375,-2.4644365310668945,0.0014344514347612858,0.0017135016387328506,0.06375470757484436
3743,-2.460695743560791,-2.5239782333374023,0.03208857774734497,0.03119400329887867,0.06373558938503265
3744,-2.490478038787842,-2.498008966445923,0.0039012322667986155,0.003629660001024604,0.06371646374464035
3745,-2.4937708377838135,-2.504530906677246,0.005498283077031374,0.005261966958642006,0.06369738280773163
3746,-2.476318359375,-2.4862048625946045,0.0049626827239990234,0.004923860542476177,0.0636783093214035
3747,-2.4864375591278076,-2.4941446781158447,0.0035151697229593992,0.004191859625279903,0.06365922838449478
3748,-2.4526889324188232,-2.457862377166748,0.002411910565569997,0.0027616166044026613,0.06364015489816666
3749,-2.384613275527954,-2.3889031410217285,0.0021291065495461226,0.0021608758252114058,0.06362111866474152
3750,-2.349928617477417,-2.3590548038482666,0.004367464687675238,0.004758905153721571,0.06360206753015518
3751,-2.376828193664551,-2.385313034057617,0.00386856310069561,0.004616147838532925,0.06358300894498825
3752,-2.2194008827209473,-2.363281011581421,0.07287918776273727,0.07100111991167068,0.06356395781040192
3753,-2.3991858959198,-2.4098870754241943,0.004870469216257334,0.005830856040120125,0.06354492157697678
3754,-2.4271836280822754,-2.431880235671997,0.002272842451930046,0.0024236468598246574,0.06352593004703522
3755,-2.377601146697998,-2.446838855743408,0.034809816628694534,0.03442787006497383,0.06350692361593246
3756,-2.4813218116760254,-2.489299774169922,0.004777122288942337,0.003200799459591508,0.06348789483308792
3757,-2.471935272216797,-2.476672649383545,0.0023497429210692644,0.0023875650949776173,0.06346888840198517
3758,-2.4277467727661133,-2.434954881668091,0.003330972045660019,0.0038772043772041798,0.06344988197088242
3759,-2.485387086868286,-2.4940760135650635,0.004205823875963688,0.004482991993427277,0.06343088299036026
3760,-2.419950485229492,-2.424962043762207,0.00217612087726593,0.002835427410900593,0.06341187655925751
3761,-2.1656787395477295,-2.3848471641540527,0.10939568281173706,0.10977276414632797,0.06339289247989655
3762,-2.424508810043335,-2.4304800033569336,0.003388832788914442,0.002582358196377754,0.06337389349937439
3763,-2.3597609996795654,-2.3714194297790527,0.005791582632809877,0.005866785068064928,0.06335487961769104
3764,-2.3810970783233643,-2.394953727722168,0.007436622399836779,0.006420055869966745,0.06333586573600769
3765,-2.458608627319336,-2.4663245677948,0.003805660642683506,0.003910320345312357,0.06331683695316315
3766,-2.498713254928589,-2.502610206604004,0.0018218671903014183,0.0020752318669110537,0.06329785287380219
3767,-2.488877773284912,-2.4921905994415283,0.0018187456298619509,0.0014940901892259717,0.06327883899211884
3768,-2.4204938411712646,-2.4268949031829834,0.0034000794403254986,0.003000941826030612,0.06325983256101608
3769,-2.4856743812561035,-2.495604991912842,0.005351520609110594,0.004578954074531794,0.06324080377817154
3770,-2.503293037414551,-2.5109736919403076,0.0033689045812934637,0.004311742726713419,0.06322180479764938
3771,-2.4801015853881836,-2.4864604473114014,0.003205851186066866,0.0031531821005046368,0.06320279836654663
3772,-2.421980619430542,-2.426330089569092,0.0024090632796287537,0.001940429676324129,0.06318376958370209
3773,-2.435235023498535,-2.4429373741149902,0.003749644383788109,0.003952845931053162,0.06316479295492172
3774,-2.436197519302368,-2.4416847229003906,0.0032403478398919106,0.0022469274699687958,0.06314580887556076
3775,-2.4233431816101074,-2.4270241260528564,0.0020917814690619707,0.0015889746136963367,0.0631268098950386
3776,-2.0940749645233154,-2.3769962787628174,0.13943038880825043,0.14349113404750824,0.06310783326625824
3777,-2.4392566680908203,-2.445169687271118,0.002562259091064334,0.0033508464694023132,0.06308887898921967
3778,-2.421184539794922,-2.4271223545074463,0.0024679091293364763,0.003469837363809347,0.0630698874592781
3779,-2.4269769191741943,-2.4316701889038086,0.0024142982438206673,0.0022789405193179846,0.06305089592933655
3780,-2.480964183807373,-2.4845938682556152,0.0023441901430487633,0.0012854582164436579,0.06303192675113678
3781,-2.481606960296631,-2.486039400100708,0.0020637339912354946,0.002368734683841467,0.06301299482584
3782,-2.5400044918060303,-2.5445621013641357,0.0025218925438821316,0.0020355514716356993,0.06299407035112381
3783,-2.4998037815093994,-2.501898765563965,0.001164172193966806,0.0009306990541517735,0.0629751905798912
3784,-2.459317922592163,-2.466139793395996,0.003876797389239073,0.0029452431481331587,0.0629563182592392
3785,-2.5223212242126465,-2.527744770050049,0.0025245044380426407,0.0028989079874008894,0.06293745338916779
3786,-2.3830089569091797,-2.387284755706787,0.0022807479836046696,0.0019951695576310158,0.06291861087083817
3787,-2.4523043632507324,-2.45658278465271,0.0020711941178888083,0.002207371639087796,0.06289979070425034
3788,-2.41180419921875,-2.414958953857422,0.0019417090807110071,0.0012131317052990198,0.0628809705376625
3789,-2.4305472373962402,-2.434694290161133,0.0020358762703835964,0.0021111671812832355,0.06286214292049408
3790,-2.4240987300872803,-2.4278087615966797,0.0017056989017874002,0.0020043354015797377,0.06284330785274506
3791,-2.44040846824646,-2.4559202194213867,0.007490574847906828,0.008021119050681591,0.06282446533441544
3792,-2.3840346336364746,-2.3907179832458496,0.0029979608952999115,0.0036855279467999935,0.06280560791492462
3793,-2.388430118560791,-2.3906688690185547,0.0011962606804445386,0.0010426092194393277,0.06278678774833679
3794,-2.399155378341675,-2.40230131149292,0.0017964154249057174,0.0013495400780811906,0.06276798993349075
3795,-2.4660260677337646,-2.472022294998169,0.003195921890437603,0.002800235990434885,0.06274919211864471
3796,-2.468209743499756,-2.4745655059814453,0.00313601759262383,0.0032197502441704273,0.06273039430379868
3797,-2.4901561737060547,-2.4950079917907715,0.002353670308366418,0.002498163376003504,0.06271161139011383
3798,-2.4568369388580322,-2.463864803314209,0.00354356924071908,0.0034842502791434526,0.06269286572933197
3799,-2.493680477142334,-2.499950408935547,0.0029817880131304264,0.003288059728220105,0.06267409026622772
3800,-2.5233049392700195,-2.5260753631591797,0.0013227717718109488,0.00144756562076509,0.06265532970428467
3801,-2.4331138134002686,-2.4396004676818848,0.0034040804021060467,0.003082448849454522,0.06263655424118042
3802,-2.4089889526367188,-2.4132609367370605,0.0023428972344845533,0.0019291131757199764,0.06261780112981796
3803,-2.382702589035034,-2.3853566646575928,0.00131537567358464,0.0013386772479861975,0.0625990480184555
3804,-2.444145441055298,-2.4462974071502686,0.001281017903238535,0.0008709022076800466,0.06258032470941544
3805,-2.4176113605499268,-2.421942710876465,0.002141732955351472,0.0021895836107432842,0.06256158649921417
3806,-2.4063327312469482,-2.409313678741455,0.0015561466570943594,0.001424705609679222,0.06254284083843231
3807,-2.4666857719421387,-2.4717421531677246,0.0024017333053052425,0.002654546406120062,0.06252407282590866
3808,-2.426377534866333,-2.4305033683776855,0.0019027604721486568,0.002223104704171419,0.0625053197145462
3809,-2.4292590618133545,-2.433305263519287,0.0015118238516151905,0.0025344379246234894,0.06248657405376434
3810,-2.4583301544189453,-2.461286783218384,0.0014244872145354748,0.0015321157407015562,0.062467820942401886
3811,-2.370251417160034,-2.373352527618408,0.001517405966296792,0.0015839040279388428,0.062449101358652115
3812,-2.4133810997009277,-2.4151649475097656,0.0009310033055953681,0.0008528779144398868,0.062430404126644135
3813,-2.427365779876709,-2.4366724491119385,0.004716552793979645,0.00459000188857317,0.06241168454289436
3814,-2.377322196960449,-2.379368543624878,0.0010591326281428337,0.0009872361551970243,0.0623929537832737
3815,-2.4436848163604736,-2.4470155239105225,0.0013776603154838085,0.0019531238358467817,0.062374211847782135
3816,-2.238971710205078,-2.452254295349121,0.1076713353395462,0.10561121255159378,0.062355462461709976
3817,-2.40496826171875,-2.4697365760803223,0.03210350498557091,0.032664719969034195,0.06233670189976692
3818,-2.4556288719177246,-2.4582202434539795,0.0011814349563792348,0.0014099227264523506,0.062317948788404465
3819,-2.4679367542266846,-2.4745876789093018,0.0034276496153324842,0.0032231458462774754,0.06229917332530022
3820,-2.4822213649749756,-2.491024971008301,0.004981218371540308,0.0038223867304623127,0.06228041648864746
3821,-2.465418577194214,-2.4689157009124756,0.0016490044072270393,0.0018482302548363805,0.062261663377285004
3822,-2.4598474502563477,-2.4636902809143066,0.001634894055314362,0.0022080205380916595,0.06224291771650314
3823,-2.467426300048828,-2.4692111015319824,0.0007837871089577675,0.0010010148398578167,0.06222420930862427
3824,-2.477095365524292,-2.4789857864379883,0.0008802504162304103,0.0010101692751049995,0.06220550462603569
3825,-2.4543745517730713,-2.4580206871032715,0.0018184492364525795,0.0018278069328516722,0.06218680366873741
3826,-2.4021546840667725,-2.405757188796997,0.0016621878603473306,0.0019402513280510902,0.06216813996434212
3827,-2.4290406703948975,-2.4931509494781494,0.03267952427268028,0.0314306914806366,0.062149498611688614
3828,-2.3988285064697266,-2.401151418685913,0.0014240182936191559,0.0008989080670289695,0.06213086098432541
3829,-2.506373643875122,-2.5109035968780518,0.002631853334605694,0.0018979499582201242,0.062112271785736084
3830,-2.471726655960083,-2.475098133087158,0.0019125916296616197,0.001458879909478128,0.06209366023540497
3831,-2.5364937782287598,-2.5403475761413574,0.002152517670765519,0.0017014738405123353,0.06207503750920296
3832,-2.1431806087493896,-2.453601837158203,0.15520162880420685,0.15521949529647827,0.06205643713474274
3833,-2.426689624786377,-2.429443597793579,0.0013125644763931632,0.0014414292527362704,0.062037814408540726
3834,-2.3735904693603516,-2.377488613128662,0.0024569702800363302,0.0014412339078262448,0.06201919540762901
3835,-2.4076128005981445,-2.4205150604248047,0.006688040681183338,0.006214131135493517,0.06200060993432999
3836,-2.4827334880828857,-2.485490560531616,0.00142849946860224,0.0013284896267578006,0.06198200210928917
3837,-2.4950058460235596,-2.5019264221191406,0.003191561670973897,0.0037291606422513723,0.06196341663599014
3838,-2.4121830463409424,-2.473672866821289,0.028725434094667435,0.03276434168219566,0.061944834887981415
3839,-2.440824508666992,-2.447490930557251,0.003847341053187847,0.0028189823497086763,0.0619262270629406
3840,-2.4990739822387695,-2.5049829483032227,0.0034090708941221237,0.002499751513823867,0.06190762668848038
3841,-2.4404945373535156,-2.447734832763672,0.0035813332069665194,0.0036589072551578283,0.06188904866576195
3842,-2.4453442096710205,-2.4537739753723145,0.004018578212708235,0.004411282949149609,0.061870474368333817
3843,-2.4398562908172607,-2.4484055042266846,0.003559296252205968,0.004989958833903074,0.061851903796195984
3844,-2.3906638622283936,-2.3935647010803223,0.0015378155512735248,0.0013629834866151214,0.06183334067463875
3845,-2.432032585144043,-2.4394123554229736,0.003929472994059324,0.0034503501374274492,0.0618147999048233
3846,-2.456810474395752,-2.474339008331299,0.009065747261047363,0.008462892845273018,0.06179627403616905
3847,-2.4769084453582764,-2.488081455230713,0.005293878726661205,0.00587913952767849,0.061777759343385696
3848,-2.2691943645477295,-2.4835991859436035,0.10799559950828552,0.10640928149223328,0.06175920367240906
3849,-2.4700188636779785,-2.474303722381592,0.0022335443645715714,0.0020514416974037886,0.06174065172672272
3850,-2.50239896774292,-2.5053229331970215,0.0016785516636446118,0.001245455932803452,0.06172209233045578
3851,-2.1097731590270996,-2.447556495666504,0.168801411986351,0.16898193955421448,0.06170354038476944
3852,-2.4397850036621094,-2.447072982788086,0.0031960164196789265,0.004092086106538773,0.06168500706553459
3853,-2.4337899684906006,-2.4421842098236084,0.005095385946333408,0.003298657713457942,0.06166647747159004
3854,-2.4833016395568848,-2.4896175861358643,0.0035621216520667076,0.002753698965534568,0.06164797022938728
3855,-2.5093533992767334,-2.518341064453125,0.004479692317545414,0.004507908131927252,0.06162949651479721
3856,-2.5327508449554443,-2.5381925106048584,0.0028775474056601524,0.0025642483960837126,0.06161100044846535
3857,-2.469182252883911,-2.4740588665008545,0.0026163591537624598,0.00226010219193995,0.06159249693155289
3858,-2.472797155380249,-2.478640079498291,0.0027623027563095093,0.0030806041322648525,0.061573997139930725
3859,-2.426964282989502,-2.432000160217285,0.002480696886777878,0.0025550806894898415,0.06155554577708244
3860,-2.507018804550171,-2.5126452445983887,0.002716213930398226,0.0029101597610861063,0.06153710186481476
3861,-2.5185742378234863,-2.523411989212036,0.0025593468453735113,0.0022783458698540926,0.061518676578998566
3862,-2.509878396987915,-2.514147996902466,0.0019422745099291205,0.0023273550905287266,0.06150024011731148
3863,-2.4559948444366455,-2.462400197982788,0.003152123186737299,0.0032531386241316795,0.06148185580968857
3864,-2.4257936477661133,-2.4300167560577393,0.0019155743066221476,0.002307345625013113,0.06146352365612984
3865,-2.4355509281158447,-2.4406368732452393,0.00264294003136456,0.0024430211633443832,0.06144517660140991
3866,-2.496433734893799,-2.503207206726074,0.0034798600245267153,0.003293480258435011,0.061426855623722076
3867,-2.5285964012145996,-2.53315806388855,0.002103739883750677,0.002457772148773074,0.06140850484371185
3868,-2.512098550796509,-2.5201690196990967,0.003968765493482351,0.004101711791008711,0.06139015033841133
3869,-2.4689290523529053,-2.4726929664611816,0.0020241648890078068,0.001739845029078424,0.06137179955840111
3870,-2.5166115760803223,-2.5201876163482666,0.0021658462937921286,0.0014101330889388919,0.061353422701358795
3871,-2.517427444458008,-2.521857738494873,0.0021188531536608934,0.0023115419317036867,0.06133508309721947
3872,-2.4376862049102783,-2.4408631324768066,0.001289429608732462,0.0018876525573432446,0.06131679192185402
3873,-2.5009419918060303,-2.505154848098755,0.002097598509863019,0.002115185372531414,0.06129850447177887
3874,-2.463320732116699,-2.46755313873291,0.002219817601144314,0.002012426033616066,0.06128023937344551
3875,-2.499006748199463,-2.5034806728363037,0.002026068978011608,0.0024477802217006683,0.06126197800040245
3876,-2.501758098602295,-2.504788398742676,0.0013704914599657059,0.0016599110094830394,0.0612436942756176
3877,-2.4535772800445557,-2.459235668182373,0.002818397944793105,0.002840106375515461,0.061225418001413345
3878,-2.4972023963928223,-2.499992847442627,0.0014237136347219348,0.0013669566251337528,0.061207160353660583
3879,-2.5070526599884033,-2.510374069213867,0.00190988858230412,0.0014113623183220625,0.06118890643119812
3880,-2.505319356918335,-2.5097029209136963,0.0021571842953562737,0.002226418349891901,0.06117067113518715
3881,-2.411095380783081,-2.4139952659606934,0.001564588863402605,0.0013354563852772117,0.061152417212724686
3882,-2.4962003231048584,-2.4995779991149902,0.0020588187035173178,0.001318933442234993,0.06113414838910103
3883,-2.413226366043091,-2.4160962104797363,0.001310108695179224,0.0015597189776599407,0.061115920543670654
3884,-2.4828717708587646,-2.48717999458313,0.0021960893645882607,0.0021120705641806126,0.061097707599401474
3885,-2.463033437728882,-2.469419240951538,0.0031498174648731947,0.0032360830809921026,0.06107950210571289
3886,-2.44602108001709,-2.4477479457855225,0.0009198009502142668,0.0008069298346526921,0.0610613152384758
3887,-2.5219485759735107,-2.526456117630005,0.0024296981282532215,0.0020778535399585962,0.06104312092065811
3888,-2.4878220558166504,-2.494873046875,0.0035564936697483063,0.0034944042563438416,0.06102491542696953
3889,-2.450594186782837,-2.453242301940918,0.001221593702211976,0.0014265151694417,0.06100670248270035
3890,-2.475691556930542,-2.4779322147369385,0.0011261411709710956,0.001114581013098359,0.06098851189017296
3891,-2.505514621734619,-2.509096384048462,0.0016009846003726125,0.0019808788783848286,0.060970306396484375
3892,-2.4590904712677,-2.464198112487793,0.0025279850233346224,0.0025796592235565186,0.06095209717750549
3893,-2.4373395442962646,-2.442749500274658,0.002560892142355442,0.0028491560369729996,0.060933876782655716
3894,-2.5094287395477295,-2.5131218433380127,0.0019504835363477468,0.0017426781123504043,0.06091563031077385
3895,-2.4338667392730713,-2.438832998275757,0.0022245924919843674,0.002741642529144883,0.060897380113601685
3896,-2.463893413543701,-2.465640068054199,0.0006916850106790662,0.0010549125727266073,0.06087915971875191
3897,-2.472774028778076,-2.4752259254455566,0.0012800578260794282,0.0011717089219018817,0.06086094677448273
3898,-2.488790273666382,-2.490233898162842,0.0006808929610997438,0.0007627655868418515,0.060842737555503845
3899,-2.468762159347534,-2.4714131355285645,0.0013455285225063562,0.0013054423034191132,0.060824520885944366
3900,-2.5068445205688477,-2.511338710784912,0.002042519161477685,0.0024517406709492207,0.060806311666965485
3901,-2.5110535621643066,-2.515451669692993,0.0023596526589244604,0.0020385116804391146,0.06078809127211571
3902,-2.5157077312469482,-2.5246376991271973,0.004082078579813242,0.004848114680498838,0.060769859701395035
3903,-2.4632375240325928,-2.467027187347412,0.0022511205170303583,0.0015385148581117392,0.06075160950422287
3904,-2.428072214126587,-2.4310741424560547,0.0012322667753323913,0.0017694947309792042,0.0607333742082119
3905,-2.4706242084503174,-2.473755359649658,0.0017347871325910091,0.00139634869992733,0.06071513146162033
3906,-2.476351261138916,-2.4820988178253174,0.0023961348924785852,0.0033513912931084633,0.060696881264448166
3907,-2.5180463790893555,-2.521422863006592,0.0017687984509393573,0.0016076350584626198,0.06067866459488869
3908,-2.430919885635376,-2.4343690872192383,0.0019834653940051794,0.0014657173305749893,0.06066049635410309
3909,-2.4336798191070557,-2.44457745552063,0.005459243897348642,0.0054382928647100925,0.0606423057615757
3910,-2.09847354888916,-2.355783700942993,0.1333310306072235,0.12397907674312592,0.0606241337954998
3911,-2.374424934387207,-2.378993511199951,0.002461429452523589,0.002107180655002594,0.0606059692800045
3912,-2.4822440147399902,-2.491314172744751,0.005014481954276562,0.004055676981806755,0.06058777868747711
3913,-2.414057970046997,-2.4192419052124023,0.0028269935864955187,0.0023568973410874605,0.06056959554553032
3914,-2.412822723388672,-2.4162821769714355,0.0018134478013962507,0.0016459340695291758,0.060551390051841736
3915,-2.4426779747009277,-2.4453775882720947,0.0012375868391245604,0.0014620707370340824,0.06053315848112106
3916,-2.5067498683929443,-2.510659694671631,0.0019592177122831345,0.0019504721276462078,0.06051493436098099
3917,-2.5607874393463135,-2.565281391143799,0.0024502244777977467,0.0020437727216631174,0.060496699064970016
3918,-2.559210777282715,-2.5657286643981934,0.003574373899027705,0.0029436075128614902,0.06047849729657173
3919,-2.158203601837158,-2.46694016456604,0.1610468327999115,0.1476898193359375,0.06046031787991524
3920,-2.45548152923584,-2.458562135696411,0.0014907687436789274,0.0015898847486823797,0.060442131012678146
3921,-2.454732656478882,-2.465838670730591,0.005300293210893869,0.005805772263556719,0.06042393296957016
3922,-2.4506850242614746,-2.45828914642334,0.003543539671227336,0.004060524050146341,0.060405753552913666
3923,-2.2154781818389893,-2.4675750732421875,0.1263686865568161,0.1257280856370926,0.06038758158683777
3924,-2.1210246086120605,-2.449498176574707,0.17801089584827423,0.15046268701553345,0.060369428247213364
3925,-2.4920597076416016,-2.5083651542663574,0.008587711490690708,0.007717751432210207,0.06035129725933075
3926,-2.4726831912994385,-2.476433515548706,0.0017247104551643133,0.002025492023676634,0.06033322587609291
3927,-2.5227391719818115,-2.5257232189178467,0.0014818470226600766,0.0015022002626210451,0.060315147042274475
3928,-2.4454312324523926,-2.502687931060791,0.02952517755329609,0.02773134969174862,0.060297075659036636
3929,-2.4754106998443604,-2.53175687789917,0.029045235365629196,0.027300775051116943,0.060279008001089096
3930,-2.493981122970581,-2.5033249855041504,0.005456069950014353,0.003887910395860672,0.060260988771915436
3931,-2.563631772994995,-2.5833511352539062,0.00973239354789257,0.009986981749534607,0.060242973268032074
3932,-2.550440788269043,-2.565767526626587,0.006497677881270647,0.008829078637063503,0.06022493541240692
3933,-2.5199012756347656,-2.53134822845459,0.00486071826890111,0.006586255971342325,0.060206905007362366
3934,-2.4162824153900146,-2.4279911518096924,0.004027538001537323,0.007681140676140785,0.0601888932287693
3935,-2.4066884517669678,-2.4183993339538574,0.005061331670731306,0.006649541202932596,0.060170870274305344
3936,-2.3917412757873535,-2.4055283069610596,0.006857693195343018,0.006929390132427216,0.06015283986926079
3937,-2.4232337474823,-2.4416463375091553,0.01199188083410263,0.006420522928237915,0.060134802013635635
3938,-2.4621057510375977,-2.473438262939453,0.005963499657809734,0.005369049496948719,0.06011676788330078
3939,-2.509023666381836,-2.5148777961730957,0.002231960417702794,0.0036220818292349577,0.06009877100586891
3940,-2.257340431213379,-2.564992904663086,0.15603415668010712,0.1516183316707611,0.06008074805140495
3941,-2.4816877841949463,-2.4877796173095703,0.003218879457563162,0.0028729289770126343,0.06006275862455368
3942,-2.519951581954956,-2.5810391902923584,0.02970987930893898,0.031377844512462616,0.06004474684596062
3943,-2.539639711380005,-2.546046495437622,0.0032915028277784586,0.003115193685516715,0.06002673879265785
3944,-2.503676652908325,-2.5096492767333984,0.002320030704140663,0.0036526056937873363,0.06000872328877449
3945,-2.4946846961975098,-2.4988021850585938,0.002047433052212,0.002069997601211071,0.05999072641134262
3946,-2.449033737182617,-2.451021432876587,0.0010438449680805206,0.0009437952539883554,0.05997273698449135
3947,-2.4639275074005127,-2.4677786827087402,0.0020079726818948984,0.001843121717683971,0.05995478108525276
3948,-2.414029836654663,-2.4179208278656006,0.0021845295559614897,0.0017063564155250788,0.05993684381246567
3949,-2.415909767150879,-2.4191999435424805,0.001688408199697733,0.001601747702807188,0.05991889908909798
3950,-2.435905694961548,-2.442978858947754,0.003572252579033375,0.0035008611157536507,0.05990097299218178
3951,-2.54829740524292,-2.5509793758392334,0.0011439070804044604,0.0015379262622445822,0.059883054345846176
3952,-2.528007984161377,-2.5352907180786133,0.0037356908433139324,0.0035469166468828917,0.05986515060067177
3953,-2.5795085430145264,-2.583263874053955,0.0017685992643237114,0.0019867646042257547,0.05984722822904587
3954,-2.4955379962921143,-2.500988006591797,0.0029377229511737823,0.0025121234357357025,0.059829309582710266
3955,-2.4486770629882812,-2.4524574279785156,0.0018772410694509745,0.001903028693050146,0.05981142446398735
3956,-2.447161912918091,-2.4505553245544434,0.0018723858520388603,0.0015210850397124887,0.05979353189468384
3957,-2.5205650329589844,-2.5272104740142822,0.0031769461929798126,0.0034686080180108547,0.059775643050670624
3958,-2.430828094482422,-2.435004711151123,0.0023097333032637835,0.0018667750991880894,0.059757787734270096
3959,-2.4681172370910645,-2.475248098373413,0.00404354277998209,0.003087285440415144,0.059739936143159866
3960,-2.4631941318511963,-2.467174530029297,0.0018889994826167822,0.0020912892650812864,0.059722065925598145
3961,-2.484318494796753,-2.487537384033203,0.0018986272625625134,0.0013203819980844855,0.05970418453216553
3962,-2.4295494556427,-2.432194471359253,0.0014193577226251364,0.001225798623636365,0.0596863217651844
3963,-2.464984655380249,-2.468198776245117,0.001624865923076868,0.0015894065145403147,0.05966850742697716
3964,-2.0681068897247314,-2.50398325920105,0.21544723212718964,0.22042910754680634,0.059650715440511703
3965,-2.506117820739746,-2.508849859237671,0.001296748174354434,0.0014353180304169655,0.059632882475852966
3966,-2.41845703125,-2.4230029582977295,0.002036863937973976,0.0025090002454817295,0.059615056961774826
3967,-2.5116357803344727,-2.525329351425171,0.007763952482491732,0.005929596722126007,0.059597235172986984
3968,-2.384420394897461,-2.457010507583618,0.03708071634173393,0.03550936281681061,0.05957943573594093
3969,-2.4374382495880127,-2.4431252479553223,0.0027886233292520046,0.0028984970413148403,0.05956162512302399
3970,-2.451082229614258,-2.4578633308410645,0.003176558529958129,0.0036045878659933805,0.05954383313655853
3971,-2.38785719871521,-2.3942151069641113,0.0035630851052701473,0.002794750267639756,0.059526048600673676
3972,-2.4958972930908203,-2.499842405319214,0.0019178990041837096,0.0020271707326173782,0.05950823798775673
3973,-2.466487407684326,-2.472316265106201,0.002939422382041812,0.0028893891721963882,0.05949040874838829
3974,-2.461712598800659,-2.46765398979187,0.0029264253098517656,0.0030151205137372017,0.05947258323431015
3975,-2.4992496967315674,-2.505394697189331,0.003231276758015156,0.0029136165976524353,0.0594547763466835
3976,-2.546888828277588,-2.550251007080078,0.0017240778543055058,0.001638289075344801,0.05943698808550835
3977,-2.407804250717163,-2.412179470062256,0.0021054684184491634,0.002269844990223646,0.0594191774725914
3978,-2.5382750034332275,-2.541848659515381,0.0019536183681339025,0.001620017341338098,0.05940132960677147
3979,-2.481642484664917,-2.4857263565063477,0.0020327530801296234,0.002051226794719696,0.05938344448804855
3980,-2.4757211208343506,-2.4800865650177,0.0023848440032452345,0.001980577129870653,0.059365540742874146
3981,-2.4966936111450195,-2.5010085105895996,0.0021382246632128954,0.0021767676807940006,0.05934763699769974
3982,-2.469148874282837,-2.47151517868042,0.0012618240434676409,0.0011046723229810596,0.05932975560426712
3983,-2.4826526641845703,-2.489021062850952,0.0029437397606670856,0.003424527123570442,0.059311892837285995
3984,-2.4814441204071045,-2.5327553749084473,0.02457890845835209,0.026732444763183594,0.05929404869675636
3985,-2.5575942993164062,-2.562145233154297,0.0025392351672053337,0.00201187445782125,0.05927621200680733
3986,-2.5394234657287598,-2.544888973236084,0.0027492085937410593,0.002716399496421218,0.059258364140987396
3987,-2.4625113010406494,-2.467350482940674,0.0022647196892648935,0.0025744487065821886,0.05924053490161896
3988,-2.1379499435424805,-2.449984550476074,0.1590850055217743,0.15294958651065826,0.059222713112831116
3989,-2.5044050216674805,-2.5082292556762695,0.00195483909919858,0.0018694940954446793,0.05920488387346268
3990,-2.4734737873077393,-2.478188991546631,0.00197504460811615,0.0027400939725339413,0.05918705835938454
3991,-2.2752110958099365,-2.461613655090332,0.0927860289812088,0.09361641854047775,0.05916926637291908
3992,-2.460094451904297,-2.470038890838623,0.004262973088771105,0.00568144116550684,0.05915152281522751
3993,-2.479741096496582,-2.4872822761535645,0.0037940428592264652,0.0037472026888281107,0.05913379788398743
3994,-2.48075795173645,-2.4842729568481445,0.0020031780004501343,0.0015117526054382324,0.05911606550216675
3995,-2.4887759685516357,-2.492361545562744,0.001541587756946683,0.002043849788606167,0.059098321944475174
3996,-2.4626173973083496,-2.4645330905914307,0.0006433825474232435,0.0012720965314656496,0.05908052995800972
3997,-2.502642869949341,-2.5072054862976074,0.0025673462077975273,0.001995262922719121,0.05906278267502785
3998,-2.5603244304656982,-2.5665576457977295,0.0032342402264475822,0.002998962067067623,0.05904507264494896
3999,-2.5543601512908936,-2.5584535598754883,0.0018472811207175255,0.0022460580803453922,0.05902736634016037
4000,-2.1210379600524902,-2.4710636138916016,0.1755312979221344,0.17449422180652618,0.059009648859500885
4001,-2.421384811401367,-2.424121618270874,0.0010871563572436571,0.001649588462896645,0.0589919239282608
4002,-2.3849258422851562,-2.39272403717041,0.0042322841472923756,0.0035660944413393736,0.0589742474257946
4003,-2.456613540649414,-2.463597536087036,0.0034543992951512337,0.0035294764675199986,0.0589565634727478
4004,-2.413944959640503,-2.420145034790039,0.002986531239002943,0.0032136805821210146,0.05893886834383011
4005,-2.448551893234253,-2.453847885131836,0.0024121543392539024,0.0028840259183198214,0.05892118066549301
4006,-2.512037515640259,-2.5161550045013428,0.002159432740882039,0.001958100823685527,0.05890345573425293
4007,-2.445366859436035,-2.452538251876831,0.003461463376879692,0.0037099237088114023,0.05888574942946434
4008,-2.5337343215942383,-2.5369064807891846,0.0014442307874560356,0.0017278159502893686,0.05886807292699814
4009,-2.4806876182556152,-2.488227128982544,0.00358009384945035,0.003959311172366142,0.058850351721048355
4010,-2.555907726287842,-2.560973882675171,0.0028220699168741703,0.0022439269814640284,0.05883266031742096
4011,-2.471710443496704,-2.4764840602874756,0.002031626645475626,0.0027420513797551394,0.05881497636437416
4012,-2.5232884883880615,-2.5278842449188232,0.0021832678467035294,0.0024126197677105665,0.05879729613661766
4013,-2.4460959434509277,-2.4528472423553467,0.003260611090809107,0.003490639850497246,0.05877961963415146
4014,-2.424358367919922,-2.4315497875213623,0.003840218298137188,0.003351325634866953,0.05876196548342705
4015,-2.405235767364502,-2.407968759536743,0.0014338318724185228,0.0012991849798709154,0.05874430388212204
4016,-2.4625110626220703,-2.4679317474365234,0.0027701579965651035,0.0026505072601139545,0.05872664228081703
4017,-2.450946569442749,-2.4551498889923096,0.0020964634604752064,0.0021069676149636507,0.05870899185538292
4018,-2.46553111076355,-2.524580240249634,0.03127763420343399,0.0277713555842638,0.05869135633111
4019,-2.502781867980957,-2.5056772232055664,0.0013754909159615636,0.0015199739718809724,0.058673713356256485
4020,-2.51385235786438,-2.5174026489257812,0.0016101800138130784,0.0019400710007175803,0.058656103909015656
4021,-2.5651841163635254,-2.5749380588531494,0.004650741349905729,0.0051030442118644714,0.058638498187065125
4022,-2.234915256500244,-2.5064985752105713,0.1355256885290146,0.13605761528015137,0.05862094461917877
4023,-2.4804511070251465,-2.4845235347747803,0.002065835753455758,0.0020066346041858196,0.05860342085361481
4024,-2.431306838989258,-2.437997341156006,0.0031224372796714306,0.0035681617446243763,0.05858590081334114
4025,-2.440263032913208,-2.4542973041534424,0.006503982935100794,0.0075301178731024265,0.05856837332248688
4026,-2.508239984512329,-2.5133111476898193,0.0024911253713071346,0.002579886233434081,0.05855083838105202
4027,-2.3986151218414307,-2.4038195610046387,0.0028373633977025747,0.0023669302463531494,0.058533307164907455
4028,-2.51676344871521,-2.5241858959198,0.003525816835463047,0.003896827343851328,0.058515794575214386
4029,-2.519697904586792,-2.5230321884155273,0.0015119798481464386,0.001822323421947658,0.05849827453494072
4030,-2.4793553352355957,-2.4824016094207764,0.0017547754105180502,0.0012914249673485756,0.05848076194524765
4031,-2.5382168292999268,-2.5420408248901367,0.0019074383890256286,0.0019167427672073245,0.05846325308084488
4032,-2.572643518447876,-2.581942081451416,0.004860238172113895,0.004438377916812897,0.05844574794173241
4033,-2.453939914703369,-2.4585771560668945,0.0023728569503873587,0.002264597686007619,0.05842823535203934
4034,-2.528841972351074,-2.5311763286590576,0.0010926981922239065,0.0012416618410497904,0.05841074138879776
4035,-2.45454740524292,-2.461568593978882,0.00311492383480072,0.003906251862645149,0.05839325115084648
4036,-2.511793851852417,-2.5130271911621094,0.0006968997186049819,0.0005365591496229172,0.05837573856115341
4037,-2.472440004348755,-2.4756438732147217,0.001689961296506226,0.0015139176975935698,0.05835825949907303
4038,-2.5126771926879883,-2.5152666568756104,0.0013431317638605833,0.0012462554732337594,0.05834081768989563
4039,-2.4939584732055664,-2.497316598892212,0.0018727368442341685,0.0014852614840492606,0.05832334980368614
4040,-2.254664897918701,-2.4622914791107178,0.10123665630817413,0.10638996958732605,0.05830587074160576
4041,-2.53078293800354,-2.532836437225342,0.0010728170163929462,0.0009807185269892216,0.05828840285539627
4042,-2.4580461978912354,-2.4605674743652344,0.0011624775361269712,0.0013586957938969135,0.05827096104621887
4043,-2.476907253265381,-2.4802908897399902,0.0017041797982528806,0.001679420587606728,0.058253515511751175
4044,-2.4765565395355225,-2.4810142517089844,0.002469993196427822,0.0019876810256391764,0.058236073702573776
4045,-2.545698881149292,-2.548760414123535,0.001606684410944581,0.0014549053739756346,0.05821862444281578
4046,-2.5109434127807617,-2.5143425464630127,0.0015246535185724497,0.0018745416309684515,0.058201152831315994
4047,-2.5181233882904053,-2.5199220180511475,0.0010527650592848659,0.0007457759929820895,0.0581836961209774
4048,-2.521472454071045,-2.5244522094726562,0.0014775166055187583,0.0015023242449387908,0.05816623568534851
4049,-2.476792097091675,-2.483717679977417,0.003768655937165022,0.003156826365739107,0.05814877897500992
4050,-2.4942376613616943,-2.558342695236206,0.0324665904045105,0.03163830563426018,0.058131325989961624
4051,-2.5217177867889404,-2.526132822036743,0.002008194802328944,0.002406920539215207,0.05811388045549393
4052,-2.5722105503082275,-2.578655242919922,0.003084066091105342,0.0033603981137275696,0.05809640884399414
4053,-2.5324721336364746,-2.5352556705474854,0.0013208487071096897,0.0014625880867242813,0.05807897448539734
4054,-2.5119435787200928,-2.52361798286438,0.005722185131162405,0.005952062550932169,0.058061543852090836
4055,-2.5710091590881348,-2.576338529586792,0.002890111180022359,0.0024392635095864534,0.05804409086704254
4056,-2.4638748168945312,-2.4702329635620117,0.0031596694607287645,0.00319837499409914,0.058026641607284546
4057,-2.50813889503479,-2.5119473934173584,0.0017691028770059347,0.0020395254250615835,0.058009225875139236
4058,-2.477259397506714,-2.4846441745758057,0.003939880523830652,0.0034449445083737373,0.05799180269241333
4059,-2.512383222579956,-2.515312671661377,0.0016798647120594978,0.0012494908878579736,0.0579744391143322
4060,-2.5152180194854736,-2.518014907836914,0.0016178940422832966,0.0011789243435487151,0.057957082986831665
4061,-2.5160505771636963,-2.518065929412842,0.0009192416910082102,0.0010961081134155393,0.057939741760492325
4062,-2.4312644004821777,-2.438051223754883,0.0033613748382776976,0.0034253960475325584,0.05792243778705597
4063,-2.4634835720062256,-2.46608304977417,0.0012313255574554205,0.0013680453412234783,0.057905107736587524
4064,-2.5300498008728027,-2.53436279296875,0.0023676403798162937,0.0019453559070825577,0.057887785136699677
4065,-2.5155234336853027,-2.519111156463623,0.0015596807934343815,0.0020279432646930218,0.05787046626210213
4066,-2.52142071723938,-2.522783041000366,0.0008312948048114777,0.000530964054632932,0.05785312503576279
4067,-2.215301036834717,-2.514439105987549,0.15787403285503387,0.14126402139663696,0.05783577635884285
4068,-2.4454128742218018,-2.448791027069092,0.0016215805662795901,0.0017566743772476912,0.057818420231342316
4069,-2.4737305641174316,-2.4783425331115723,0.0023080564569681883,0.002303867135196924,0.05780109390616417
4070,-2.4999284744262695,-2.504364252090454,0.0020198612473905087,0.0024159338790923357,0.057783786207437515
4071,-2.527108669281006,-2.5352020263671875,0.004149437882006168,0.0039439438842237,0.05776651203632355
4072,-2.537245988845825,-2.5508992671966553,0.006977618206292391,0.006675802171230316,0.057749245315790176
4073,-2.47605299949646,-2.479340076446533,0.0015859069535508752,0.0017011899035423994,0.05773196741938591
4074,-2.6036951541900635,-2.6110870838165283,0.004022371955215931,0.0033696615137159824,0.05771465599536896
4075,-2.520458936691284,-2.525552749633789,0.0028783720917999744,0.0022153956815600395,0.05769733339548111
4076,-2.504899501800537,-2.5097157955169678,0.002271657343953848,0.0025446470826864243,0.057680003345012665
4077,-2.539341688156128,-2.5475406646728516,0.004011449404060841,0.004187626764178276,0.05766268074512482
4078,-2.5291740894317627,-2.534852981567383,0.002952877664938569,0.0027260396163910627,0.05764538794755936
4079,-2.150444746017456,-2.450070858001709,0.15222801268100739,0.14739809930324554,0.057628098875284195
4080,-2.453150749206543,-2.461668014526367,0.0036183022893965244,0.004899082705378532,0.05761079117655754
4081,-2.5204808712005615,-2.5245659351348877,0.002253719372674823,0.0018313038162887096,0.05759347230195999
4082,-2.4284284114837646,-2.437466859817505,0.004348687827587128,0.0046897344291210175,0.05757616087794304
4083,-2.516493797302246,-2.527521848678589,0.005071568302810192,0.005956400651484728,0.05755886435508728
4084,-2.4339239597320557,-2.5499160289764404,0.059063494205474854,0.05692862719297409,0.05754157900810242
4085,-2.5699915885925293,-2.577497959136963,0.003798432182520628,0.0037079821340739727,0.05752427875995636
4086,-2.5160470008850098,-2.523437738418579,0.003546646097674966,0.003844094928354025,0.05750701576471329
4087,-2.5447559356689453,-2.5565855503082275,0.005795898847281933,0.00603376654908061,0.05748975649476051
4088,-2.515528678894043,-2.523463249206543,0.0037125186063349247,0.004222173243761063,0.05747247487306595
4089,-2.577984094619751,-2.5865776538848877,0.00372525118291378,0.004868175368756056,0.05745520070195198
4090,-2.4642834663391113,-2.4701671600341797,0.0027307607233524323,0.003152856370434165,0.05743791535496712
4091,-2.397204875946045,-2.4048404693603516,0.003622120013460517,0.0040135555900633335,0.057420674711465836
4092,-2.415375232696533,-2.424550771713257,0.00466548278927803,0.004510277882218361,0.05740349739789963
4093,-2.4190452098846436,-2.424513578414917,0.002601425163447857,0.002866920316591859,0.057386364787817
4094,-2.486100912094116,-2.4971981048583984,0.005046614445745945,0.006050526164472103,0.05736925080418587
4095,-2.5047388076782227,-2.5112128257751465,0.003280614735558629,0.0031934711150825024,0.05735214427113533
4096,-2.5269505977630615,-2.5319342613220215,0.0021286015398800373,0.002855131169781089,0.05733504146337509
4097,-2.168133497238159,-2.4332120418548584,0.13889442384243011,0.12618429958820343,0.057317957282066345
4098,-2.562030076980591,-2.5659897327423096,0.00244150566868484,0.0015181341441348195,0.05730090290307999
4099,-2.4837968349456787,-2.4862279891967773,0.0013044732622802258,0.0011267431546002626,0.05728381499648094
4100,-2.520970344543457,-2.526888132095337,0.0026708017103374004,0.0032469548750668764,0.0572667196393013
4101,-2.1883862018585205,-2.4853525161743164,0.15104533731937408,0.145920991897583,0.05724963918328285
4102,-2.060624599456787,-2.434006452560425,0.1871756613254547,0.18620619177818298,0.057232581079006195
4103,-2.2321391105651855,-2.4443488121032715,0.10598302632570267,0.10622658580541611,0.05721554160118103
4104,-2.451646566390991,-2.477090358734131,0.01232188194990158,0.01312189269810915,0.057198505848646164
4105,-2.463301658630371,-2.480257511138916,0.007865251041948795,0.009090748615562916,0.05718144774436951
4106,-2.4769937992095947,-2.482210397720337,0.0020902343094348907,0.003126407042145729,0.05716438218951225
4107,-2.5996463298797607,-2.602281332015991,0.0008996633114293218,0.001735336147248745,0.05714733526110649
4108,-2.516287326812744,-2.5199081897735596,0.001819303841330111,0.0018014807719737291,0.05713026598095894
4109,-2.534534454345703,-2.543562173843384,0.004317828919738531,0.004709920845925808,0.05711318552494049
4110,-2.5083210468292236,-2.573364496231079,0.0333419144153595,0.031701646745204926,0.05709611251950264
4111,-2.2582058906555176,-2.5707802772521973,0.1546643227338791,0.1579100638628006,0.05707903206348419
4112,-2.499424934387207,-2.5149619579315186,0.007112354971468449,0.00842476636171341,0.05706191435456276
4113,-2.4760677814483643,-2.485553741455078,0.004528429359197617,0.004957439843565226,0.05704481527209282
4114,-2.5511488914489746,-2.557047128677368,0.0028763494919985533,0.0030218784231692553,0.05702770873904228
4115,-2.4810657501220703,-2.4852919578552246,0.0019141489174216986,0.002311941934749484,0.05701060965657234
4116,-2.505718231201172,-2.5125045776367188,0.0034802258014678955,0.003306191647425294,0.05699348449707031
4117,-2.4596893787384033,-2.466505765914917,0.003885835874825716,0.0029305557254701853,0.05697633698582649
4118,-2.5245697498321533,-2.530616521835327,0.0030768602155148983,0.002969905035570264,0.05695917084813118
4119,-2.512716054916382,-2.5217418670654297,0.004551165271550417,0.004474633373320103,0.05694207549095154
4120,-2.534092664718628,-2.53674054145813,0.0013182966504245996,0.0013297033729031682,0.0569249726831913
4121,-2.494844436645508,-2.497455358505249,0.0011657018912956119,0.001445256290026009,0.05690787360072136
4122,-2.570457935333252,-2.5762040615081787,0.00343945249915123,0.002306816866621375,0.05689074099063873
4123,-2.5011062622070312,-2.509838342666626,0.00450756773352623,0.004224576521664858,0.056873638182878494
4124,-2.509113311767578,-2.5135655403137207,0.002293164609000087,0.0021590455435216427,0.05685654282569885
4125,-2.5588605403900146,-2.5649008750915527,0.0029640672728419304,0.003076346591114998,0.056839410215616226
4126,-2.463742256164551,-2.468087673187256,0.002165962941944599,0.0021793183404952288,0.05682229995727539
4127,-2.4649527072906494,-2.466784954071045,0.0008842037641443312,0.0009478459833189845,0.05680517852306366
4128,-2.510624647140503,-2.51717209815979,0.0035661431029438972,0.0029813877772539854,0.05678810179233551
4129,-2.434966564178467,-2.439981698989868,0.002675177063792944,0.002339778235182166,0.05677103251218796
4130,-2.5149643421173096,-2.5176010131835938,0.0016871091211214662,0.0009495474514551461,0.05675395205616951
4131,-2.5382184982299805,-2.541146755218506,0.0016133507015183568,0.0013147786958143115,0.05673687905073166
4132,-2.5118443965911865,-2.5145957469940186,0.0013818552251905203,0.0013693722430616617,0.056719820946455
4133,-2.4771900177001953,-2.479283094406128,0.0009830681374296546,0.0011100488482043147,0.05670274421572685
4134,-2.5347423553466797,-2.5375990867614746,0.0012159536127001047,0.001640906324610114,0.056685660034418106
4135,-2.508155584335327,-2.5101206302642822,0.0010903972433879972,0.0008748448453843594,0.05666859447956085
4136,-2.531306266784668,-2.5367774963378906,0.002620236948132515,0.002850946970283985,0.05665154382586479
4137,-2.5073978900909424,-2.516887664794922,0.004611801356077194,0.004878084175288677,0.056634530425071716
4138,-2.4953651428222656,-2.4974703788757324,0.001111186109483242,0.0009939593728631735,0.056617479771375656
4139,-2.4320645332336426,-2.4360387325286865,0.0018123770132660866,0.0021616665180772543,0.0566004179418087
4140,-2.4753780364990234,-2.4777474403381348,0.0011272941483184695,0.0012422292493283749,0.05658336356282234
4141,-2.511615514755249,-2.517275810241699,0.002929064678028226,0.00273128692060709,0.056566327810287476
4142,-2.518559217453003,-2.5290660858154297,0.004881423432379961,0.00562548590824008,0.0565493106842041
4143,-2.4775707721710205,-2.4809458255767822,0.0016407081857323647,0.0017343261279165745,0.05653233826160431
4144,-2.4846339225769043,-2.4894814491271973,0.0025821602903306484,0.0022655234206467867,0.0565153993666172
4145,-2.563014507293701,-2.5678517818450928,0.0026222732849419117,0.002214884851127863,0.05649847909808159
4146,-2.5612633228302,-2.564547538757324,0.0019183560507372022,0.0013659503310918808,0.05648154765367508
4147,-2.511106491088867,-2.515164375305176,0.0017572598299011588,0.0023006699047982693,0.05646462365984917
4148,-2.4788711071014404,-2.4827027320861816,0.0013940902426838875,0.0024374984204769135,0.05644770339131355
4149,-2.4839723110198975,-2.4875411987304688,0.0017614145763218403,0.0018075299449265003,0.05643077567219734
4150,-2.523690700531006,-2.531451463699341,0.003498596604913473,0.004262255504727364,0.05641385540366173
4151,-2.601472854614258,-2.6085331439971924,0.003299623029306531,0.0037606253754347563,0.056396935135126114
4152,-2.5080931186676025,-2.5105700492858887,0.0012781273107975721,0.0011988639598712325,0.0563800223171711
4153,-2.5470995903015137,-2.550182819366455,0.0011095210211351514,0.001973569393157959,0.056363075971603394
4154,-2.4769177436828613,-2.479268789291382,0.0013009201502427459,0.0010501248762011528,0.05634615942835808
4155,-2.5246362686157227,-2.534106731414795,0.005429419223219156,0.0040410105139017105,0.056329235434532166
4156,-2.49359130859375,-2.4999754428863525,0.003344455733895302,0.003039612201973796,0.056312356144189835
4157,-2.4517548084259033,-2.4543874263763428,0.001106718205846846,0.0015258070779964328,0.05629544332623482
4158,-2.5023210048675537,-2.560257911682129,0.02927623875439167,0.028660891577601433,0.056278519332408905
4159,-2.5146052837371826,-2.5166032314300537,0.0009293633047491312,0.0010686969617381692,0.05626162886619568
4160,-2.556856632232666,-2.560293197631836,0.0017722719348967075,0.001664338051341474,0.056244757026433945
4161,-2.4908461570739746,-2.4937894344329834,0.0014962110435590148,0.001446872833184898,0.05622788891196251
4162,-2.5196430683135986,-2.523728370666504,0.001875967369414866,0.0022093222942203283,0.05621101334691048
4163,-2.4812233448028564,-2.4852001667022705,0.0018904651515185833,0.002086282940581441,0.05619417130947113
4164,-2.5465757846832275,-2.5490453243255615,0.0013859347673133016,0.001083600684069097,0.05617730692028999
4165,-2.591257095336914,-2.597128391265869,0.003380454145371914,0.002490768674761057,0.056160446256399155
4166,-2.4836232662200928,-2.486163377761841,0.0012964056804776192,0.0012436958495527506,0.056143589317798615
4167,-2.4158825874328613,-2.4782400131225586,0.02939244545996189,0.03296495974063873,0.05612673982977867
4168,-2.2432005405426025,-2.455406904220581,0.10640173405408859,0.1058046966791153,0.056109923869371414
4169,-2.5074291229248047,-2.516782522201538,0.004491802304983139,0.004861703608185053,0.05609308183193207
4170,-2.5176196098327637,-2.523573637008667,0.0029142936691641808,0.003039754694327712,0.05607627332210541
4171,-2.5252175331115723,-2.528378486633301,0.0016233479836955667,0.001537660020403564,0.056059472262859344
4172,-2.4896459579467773,-2.498835563659668,0.004366353619843721,0.004823283292353153,0.056042660027742386
4173,-2.539708375930786,-2.5468695163726807,0.0033798080403357744,0.0037812211085110903,0.05602584034204483
4174,-2.4379868507385254,-2.442805051803589,0.0021643885411322117,0.002653849311172962,0.05600905045866966
4175,-2.57364821434021,-2.5795178413391113,0.002971155336126685,0.00289846770465374,0.055992241948843
4176,-2.554518938064575,-2.5578951835632324,0.001391577417962253,0.0019845380447804928,0.05597546324133873
4177,-2.5344202518463135,-2.5397441387176514,0.002564280992373824,0.0027597430162131786,0.055958665907382965
4178,-2.511564016342163,-2.568413496017456,0.027978988364338875,0.028870658949017525,0.0559418685734272
4179,-2.5344440937042236,-2.539760112762451,0.0022898854222148657,0.0030262561049312353,0.05592508241534233
4180,-2.474451780319214,-2.4788174629211426,0.002212469931691885,0.002153055975213647,0.05590828135609627
4181,-2.5450048446655273,-2.552370071411133,0.003927853424102068,0.0034372834488749504,0.05589146539568901
4182,-2.4437427520751953,-2.4455978870391846,0.000929187226574868,0.000925945641938597,0.055874649435281754
4183,-2.5352413654327393,-2.538212537765503,0.0016778081189841032,0.0012933287071064115,0.05585784092545509
4184,-2.469430923461914,-2.4736456871032715,0.0018768181325867772,0.002337841084226966,0.05584103614091873
4185,-2.541130304336548,-2.543376922607422,0.0011166298063471913,0.0011300507467240095,0.05582422390580177
4186,-2.5204691886901855,-2.5249719619750977,0.0022702354472130537,0.002232602331787348,0.05580741539597511
4187,-2.553208112716675,-2.555849313735962,0.0013084614183753729,0.0013327519409358501,0.05579061433672905
4188,-2.5086722373962402,-2.5145103931427,0.0029284991323947906,0.0029096088837832212,0.055773843079805374
4189,-2.4808239936828613,-2.483508348464966,0.0014789305860176682,0.0012054762337356806,0.05575709044933319
4190,-2.5020623207092285,-2.5042548179626465,0.0010095274774357677,0.0011829514987766743,0.0557403564453125
4191,-2.4865777492523193,-2.4903743267059326,0.0012930658413097262,0.0025033289566636086,0.05572361499071121
4192,-2.515765905380249,-2.5199027061462402,0.0020165040623396635,0.0021201996132731438,0.05570687726140022
4193,-2.572815179824829,-2.5751821994781494,0.001201179577037692,0.001165906898677349,0.055690184235572815
4194,-2.5052120685577393,-2.506925582885742,0.0008910412434488535,0.0008225126657634974,0.055673468858003616
4195,-2.5339245796203613,-2.5357441902160645,0.0009164113434962928,0.0009030315559357405,0.05565674975514412
4196,-2.57544207572937,-2.581512451171875,0.002820744877681136,0.0032495337072759867,0.05564005672931671
4197,-2.5199265480041504,-2.525190830230713,0.002437375020235777,0.0028269444592297077,0.055623386055231094
4198,-2.524224042892456,-2.527031421661377,0.0014923278940841556,0.0013150873128324747,0.055606745183467865
4199,-2.450836420059204,-2.4529902935028076,0.0009550511022098362,0.0011987888719886541,0.055590108036994934
4200,-2.4516024589538574,-2.4531311988830566,0.0005598778952844441,0.0009689779835753143,0.05557350441813469
4201,-2.4760732650756836,-2.536708354949951,0.028615452349185944,0.032019536942243576,0.055556878447532654
4202,-2.4856035709381104,-2.487975835800171,0.0011284220963716507,0.0012437865370884538,0.05554027110338211
4203,-2.559218406677246,-2.5627355575561523,0.001784427324309945,0.0017328218091279268,0.05552368238568306
4204,-2.5166194438934326,-2.520442008972168,0.0019104895181953907,0.0019121002405881882,0.05550709739327431
4205,-2.5278873443603516,-2.5325896739959717,0.002452166983857751,0.002250163583084941,0.05549053102731705
4206,-2.5221688747406006,-2.527216911315918,0.0024573104456067085,0.0025907503440976143,0.0554739274084568
4207,-2.5415561199188232,-2.545042037963867,0.00207570381462574,0.0014103285502642393,0.05545734614133835
4208,-2.46199893951416,-2.4660391807556152,0.002139296382665634,0.0019008086528629065,0.05544076859951019
4209,-2.4878315925598145,-2.489522695541382,0.0009131995029747486,0.0007778898579999804,0.055424194782972336
4210,-2.5121657848358154,-2.513768434524536,0.0008682336774654686,0.0007342990720644593,0.055407628417015076
4211,-2.510787010192871,-2.5127012729644775,0.0009765928843989968,0.0009377942187711596,0.05539105087518692
4212,-2.549954652786255,-2.557429552078247,0.003435043152421713,0.0040397923439741135,0.05537449195981026
4213,-2.5148658752441406,-2.5200891494750977,0.002341620158404112,0.0028818822465837,0.05535794049501419
4214,-2.538491725921631,-2.5431692600250244,0.00227660802192986,0.0024009065236896276,0.055341389030218124
4215,-2.490887403488159,-2.493394613265991,0.0014087632298469543,0.0010984328109771013,0.05532487481832504
4216,-2.4862592220306396,-2.4929635524749756,0.0030810602474957705,0.0036231393460184336,0.055308349430561066
4217,-2.4748122692108154,-2.4826889038085938,0.0036703769583255053,0.004206161014735699,0.05529182776808739
4218,-2.621084690093994,-2.625326156616211,0.0021508345380425453,0.0020907241851091385,0.055275287479162216
4219,-2.504580020904541,-2.5089612007141113,0.001671630539931357,0.0027095279656350613,0.055258750915527344
4220,-2.4731316566467285,-2.48014760017395,0.003632833482697606,0.003383121220394969,0.05524221807718277
4221,-2.496187925338745,-2.499971628189087,0.001705022412352264,0.0020788339897990227,0.05522569268941879
4222,-2.4874815940856934,-2.4908580780029297,0.0012140184408053756,0.0021623794455081224,0.055209171026945114
4223,-2.504382848739624,-2.506338357925415,0.0009554371354170144,0.0010001312475651503,0.05519261211156845
4224,-2.483567953109741,-2.4850893020629883,0.0009654969908297062,0.000555661041289568,0.055176060646772385
4225,-2.065047025680542,-2.483619451522827,0.21110139787197113,0.20747110247612,0.05515952780842781
4226,-2.4588093757629395,-2.461108684539795,0.0011206547496840358,0.0011788256233558059,0.055142972618341446
4227,-2.4436447620391846,-2.4504177570343018,0.0032768724486231804,0.003496200544759631,0.055126409977674484
4228,-2.524897336959839,-2.53113055229187,0.0035295758862048388,0.0027037649415433407,0.055109865963459015
4229,-2.515075206756592,-2.5209760665893555,0.0033696952741593122,0.0025310111232101917,0.05509334057569504
4230,-2.4927871227264404,-2.4961891174316406,0.001622852636501193,0.0017791955033317208,0.055076830089092255
4231,-2.576922655105591,-2.5900192260742188,0.006780975963920355,0.006315760314464569,0.05506034195423126
4232,-2.493624687194824,-2.496776819229126,0.0018205606611445546,0.0013315256219357252,0.055043868720531464
4233,-2.554168224334717,-2.5575802326202393,0.0018646210664883256,0.0015473096864297986,0.055027373135089874
4234,-2.5370659828186035,-2.5412685871124268,0.002132640453055501,0.002069920999929309,0.05501088500022888
4235,-2.565722703933716,-2.5678226947784424,0.001182667096145451,0.0009174814913421869,0.05499441549181938
4236,-2.225846767425537,-2.525228500366211,0.15986211597919464,0.1395196169614792,0.054977934807538986
4237,-2.4987611770629883,-2.5016908645629883,0.0014354841550812125,0.0014941032277420163,0.05496140941977501
4238,-2.4978630542755127,-2.4996731281280518,0.0009757645311765373,0.0008341289358213544,0.05494488775730133
4239,-2.4703683853149414,-2.4763805866241455,0.0029251950327306986,0.003087105927988887,0.05492829158902168
4240,-2.4714415073394775,-2.4794416427612305,0.003679883200675249,0.004320214502513409,0.05491172894835472
4241,-2.5224618911743164,-2.530500650405884,0.003642050549387932,0.004396699368953705,0.05489517003297806
4242,-2.5127055644989014,-2.515488862991333,0.0014325252268463373,0.0013509392738342285,0.05487862974405289
4243,-2.5775694847106934,-2.580857753753662,0.0017191688530147076,0.0015689516440033913,0.054862119257450104
4244,-2.5194945335388184,-2.5227699279785156,0.001236948650330305,0.002038585254922509,0.054845575243234634
4245,-2.537609577178955,-2.54362154006958,0.0034018640872091055,0.002610272029414773,0.05482904985547066
4246,-2.469622850418091,-2.4911465644836426,0.010211406275629997,0.011312211863696575,0.05481251701712608
4247,-2.514918327331543,-2.5211493968963623,0.0027138604782521725,0.0035171702038496733,0.054795973002910614
4248,-2.4610419273376465,-2.4662930965423584,0.0023351567797362804,0.0029161768034100533,0.054779425263404846
4249,-2.467803955078125,-2.4796628952026367,0.006547722965478897,0.005311267450451851,0.05476290360093117
4250,-2.568525791168213,-2.571199893951416,0.001173642580397427,0.0015004038577899337,0.054746389389038086
4251,-2.547112464904785,-2.55861234664917,0.005665695760399103,0.005834116134792566,0.05472986772656441
4252,-2.551935911178589,-2.557044506072998,0.002331975381821394,0.002776620676741004,0.05471336469054222
4253,-2.4810564517974854,-2.4844090938568115,0.0013408238301053643,0.0020118800457566977,0.05469685420393944
4254,-2.5221967697143555,-2.5252175331115723,0.0018045584438368678,0.0012160708429291844,0.05468035861849785
4255,-2.4888393878936768,-2.498615026473999,0.0030554817058146,0.006719997152686119,0.05466384440660477
4256,-2.523676872253418,-2.528214454650879,0.002441855613142252,0.002095638308674097,0.05464735999703407
4257,-2.4572834968566895,-2.459312915802002,0.0008308838587254286,0.0011984369484707713,0.05463089421391487
4258,-2.5131757259368896,-2.516448974609375,0.001436924678273499,0.001836304785683751,0.05461444333195686
4259,-2.4791314601898193,-2.4807205200195312,0.0008626656490378082,0.0007263955194503069,0.05459797754883766
4260,-2.546334743499756,-2.5510592460632324,0.002382482634857297,0.002342039253562689,0.054581496864557266
4261,-2.4855525493621826,-2.487717628479004,0.0009335738723166287,0.0012314309133216739,0.05456503853201866
4262,-2.5057480335235596,-2.5119171142578125,0.0027733738534152508,0.0033958160784095526,0.05454857274889946
4263,-2.570470094680786,-2.57450532913208,0.0024163061752915382,0.0016189457383006811,0.054532162845134735
4264,-2.545816421508789,-2.5491886138916016,0.001775651704519987,0.0015963835176080465,0.05451575666666031
4265,-2.495015859603882,-2.4985170364379883,0.0020394243765622377,0.0014618576969951391,0.05449932813644409
4266,-2.332371234893799,-2.5360207557678223,0.10146486759185791,0.10218468308448792,0.054482948035001755
4267,-2.505955219268799,-2.511240243911743,0.002857282292097807,0.0024277304764837027,0.05446656793355942
4268,-2.438554525375366,-2.4426655769348145,0.001657104236073792,0.0024540815502405167,0.05445021018385887
4269,-2.5283608436584473,-2.5326645374298096,0.0019000908359885216,0.002403508173301816,0.0544339083135128
4270,-2.503067970275879,-2.5068278312683105,0.001886584679596126,0.0018732418539002538,0.05441759526729584
4271,-2.5409698486328125,-2.5462377071380615,0.002734485315158963,0.0025334609672427177,0.05440128967165947
4272,-2.4925782680511475,-2.4944958686828613,0.0008727535605430603,0.0010447646491229534,0.054384950548410416
4273,-2.5420355796813965,-2.544545888900757,0.0012213445734232664,0.0012889934005215764,0.054368626326322556
4274,-2.5757534503936768,-2.5812087059020996,0.0028849050868302584,0.002570388140156865,0.0543522983789444
4275,-2.4934887886047363,-2.4968018531799316,0.0017041460378095508,0.0016087524127215147,0.05433598533272743
4276,-2.4420974254608154,-2.444120407104492,0.0008975726086646318,0.0011254118289798498,0.05431969091296196
4277,-2.487443685531616,-2.4946787357330322,0.004007620736956596,0.003227414097636938,0.054303426295518875
4278,-2.4541139602661133,-2.45808482170105,0.0019160464871674776,0.002054861979559064,0.054287154227495193
4279,-2.4792520999908447,-2.4826552867889404,0.0015810397453606129,0.0018222068902105093,0.054270900785923004
4280,-2.490163803100586,-2.49446702003479,0.002039181999862194,0.002264087088406086,0.054254624992609024
4281,-2.549664258956909,-2.554266929626465,0.0022246313747018576,0.00237788213416934,0.05423835664987564
4282,-2.518542766571045,-2.521967649459839,0.0016803861362859607,0.0017444470431655645,0.05422206595540047
4283,-2.526143789291382,-2.531127452850342,0.0024113680701702833,0.0025722363498061895,0.05420580506324768
4284,-2.5263497829437256,-2.530329942703247,0.0021979149896651506,0.0017822427907958627,0.05418956279754639
4285,-2.5354204177856445,-2.5364413261413574,0.00041824489017017186,0.0006028129137121141,0.05417332425713539
4286,-2.5041544437408447,-2.506770372390747,0.0012940524611622095,0.0013218086678534746,0.05415710434317589
4287,-2.4800198078155518,-2.487144947052002,0.00321644707582891,0.003908722661435604,0.05414089933037758
4288,-2.5280556678771973,-2.5328755378723145,0.0023898992221802473,0.0024298953358083963,0.054124705493450165
4289,-2.602083444595337,-2.6089789867401123,0.00350906397216022,0.0033865973819047213,0.05410849675536156
4290,-2.492934226989746,-2.4972469806671143,0.0019063169602304697,0.002406245796009898,0.054092299193143845
4291,-2.527160167694092,-2.530714511871338,0.0018086627824231982,0.0017456465866416693,0.05407610163092613
4292,-2.5061535835266113,-2.5112199783325195,0.0024089182261377573,0.002657425357028842,0.05405991151928902
4293,-2.550095319747925,-2.5535738468170166,0.0014385664835572243,0.0020399673376232386,0.0540437251329422
4294,-2.1601860523223877,-2.54099702835083,0.1912846863269806,0.18952623009681702,0.05402756854891777
4295,-2.4759490489959717,-2.477592945098877,0.000688972242642194,0.0009548768284730613,0.054011404514312744
4296,-2.526362895965576,-2.53786301612854,0.004973907954990864,0.006526177283376455,0.053995247930288315
4297,-2.471104383468628,-2.4766035079956055,0.002779402071610093,0.002719632349908352,0.053979095071554184
4298,-2.5594263076782227,-2.565499782562256,0.0030632861889898777,0.0030103132594376802,0.05396293103694916
4299,-2.5402610301971436,-2.543858766555786,0.002107014646753669,0.0014908845769241452,0.05394677445292473
4300,-2.5876123905181885,-2.592291831970215,0.002047562273219228,0.0026319711469113827,0.053930673748254776
4301,-2.534823417663574,-2.5392353534698486,0.0020099973771721125,0.0024019142147153616,0.05391457676887512
4302,-2.5751986503601074,-2.581264019012451,0.00317570473998785,0.0028896380681544542,0.053898461163043976
4303,-2.5624921321868896,-2.5698580741882324,0.0033213349524885416,0.004044416360557079,0.05388238653540611
4304,-2.5243523120880127,-2.5279722213745117,0.0015854816883802414,0.0020344771910458803,0.05386633425951004
4305,-2.486497163772583,-2.494094133377075,0.003130552591755986,0.004466472193598747,0.05385028198361397
4306,-2.5230793952941895,-2.5273005962371826,0.0018844942096620798,0.0023366697132587433,0.0538342110812664
4307,-2.4674642086029053,-2.4774601459503174,0.004941035993397236,0.005054888315498829,0.05381815508008003
4308,-2.487353563308716,-2.4901885986328125,0.001267574611119926,0.0015674110036343336,0.053802065551280975
4309,-2.5301389694213867,-2.538572072982788,0.003630898892879486,0.004802180919796228,0.05378597229719162
4310,-2.528254508972168,-2.535094738006592,0.0034286007285118103,0.0034115419257432222,0.05376986786723137
4311,-2.489513397216797,-2.4937260150909424,0.0018334928900003433,0.0023792809806764126,0.05375376716256142
4312,-2.2865114212036133,-2.4863474369049072,0.09684889018535614,0.10298716276884079,0.05373765900731087
4313,-2.511669397354126,-2.515705108642578,0.0018851294880732894,0.0021504415199160576,0.05372156947851181
4314,-2.4996440410614014,-2.504976511001587,0.002788717858493328,0.0025436035357415676,0.053705472499132156
4315,-2.530667781829834,-2.53532338142395,0.002654558978974819,0.0020009593572467566,0.053689341992139816
4316,-2.588484287261963,-2.594278335571289,0.00261504715308547,0.003178962506353855,0.05367323011159897
4317,-2.464984655380249,-2.4687631130218506,0.0019205037970095873,0.0018580262549221516,0.05365714803338051
4318,-2.54585337638855,-2.548619031906128,0.0013140880037099123,0.0014515139628201723,0.05364105477929115
4319,-2.525139093399048,-2.529202699661255,0.0017844209214672446,0.00227932701818645,0.05362498015165329
4320,-2.602691888809204,-2.6103711128234863,0.0037905224598944187,0.0038886377587914467,0.05360892787575722
4321,-2.5515236854553223,-2.555006504058838,0.001407977077178657,0.0020749224349856377,0.05359288677573204
4322,-2.237764596939087,-2.5425992012023926,0.15322521328926086,0.151609405875206,0.05357685312628746
4323,-2.4322879314422607,-2.4348459243774414,0.0013024825602769852,0.0012555215507745743,0.05356080085039139
4324,-2.559938907623291,-2.5652480125427246,0.0030436248052865267,0.0022654684726148844,0.053544774651527405
4325,-2.517408847808838,-2.521158218383789,0.0015594296855852008,0.0021897554397583008,0.05352878198027611
4326,-2.5599992275238037,-2.5679008960723877,0.004334030207246542,0.0035676106344908476,0.0535128079354763
4327,-2.4497482776641846,-2.522412061691284,0.03655606880784035,0.03610788658261299,0.0534968376159668
4328,-2.577948808670044,-2.581413745880127,0.002105569001287222,0.001359376823529601,0.05348087102174759
4329,-2.5238962173461914,-2.53389573097229,0.004574814345687628,0.00542463967576623,0.053464893251657486
4330,-2.561095714569092,-2.571079730987549,0.005062758456915617,0.004921127576380968,0.05344892665743828
4331,-2.518953561782837,-2.5275075435638428,0.004929683171212673,0.0036241754423826933,0.05343296006321907
4332,-2.4746713638305664,-2.479604721069336,0.0028994171880185604,0.002033853903412819,0.053417012095451355
4333,-2.5395641326904297,-2.5450544357299805,0.0033533701207488775,0.002136991824954748,0.05340105667710304
4334,-2.4410369396209717,-2.4451448917388916,0.0021854289807379246,0.00192257110029459,0.05338511988520622
4335,-2.4914591312408447,-2.498718738555908,0.0029468215070664883,0.004312812350690365,0.0533691868185997
4336,-2.472686529159546,-2.477989673614502,0.003194272518157959,0.0021088141947984695,0.05335328355431557
4337,-2.4643759727478027,-2.4720094203948975,0.004383706022053957,0.0032497444190084934,0.05333738401532173
4338,-2.5201454162597656,-2.528428792953491,0.004057920537889004,0.004225577227771282,0.05332149192690849
4339,-2.483036518096924,-2.485564947128296,0.0012185266241431236,0.0013099577045068145,0.05330562964081764
4340,-2.256300449371338,-2.539410352706909,0.13828624784946442,0.14482362568378448,0.053289756178855896
4341,-2.530073404312134,-2.534195899963379,0.0023605015594512224,0.0017619819846004248,0.05327387899160385
4342,-2.599864959716797,-2.604001522064209,0.0021739481016993523,0.001962643349543214,0.05325795337557793
4343,-2.5052196979522705,-2.51167631149292,0.0030753270257264376,0.003381142858415842,0.05324194207787514
4344,-2.6199729442596436,-2.6222872734069824,0.001253608730621636,0.0010608177399262786,0.05322595313191414
4345,-2.55842924118042,-2.562697649002075,0.0024688311386853456,0.0017995843663811684,0.053209979087114334
4346,-2.545004367828369,-2.547091484069824,0.0008031085017137229,0.0012840295676141977,0.053193993866443634
4347,-2.4444539546966553,-2.448585033416748,0.001992431003600359,0.0021386470180004835,0.053178030997514725
4348,-2.5523922443389893,-2.556410789489746,0.0020369577687233686,0.0019815508276224136,0.05316203087568283
4349,-2.5151610374450684,-2.5225753784179688,0.0033671522978693247,0.0040472112596035,0.05314602702856064
4350,-2.529148817062378,-2.534425973892212,0.002358014928176999,0.002919273916631937,0.053130026906728745
4351,-2.5314781665802,-2.538060188293457,0.0036658230237662792,0.00291609694249928,0.05311405658721924
4352,-2.5391390323638916,-2.5454225540161133,0.0033467223402112722,0.002936923410743475,0.05309807509183884
4353,-2.5678634643554688,-2.5742621421813965,0.003088373923674226,0.0033101781737059355,0.053082115948200226
4354,-2.547881603240967,-2.5535497665405273,0.0026380012277513742,0.003029980231076479,0.053066182881593704
4355,-2.4936957359313965,-2.4956648349761963,0.0010234969668090343,0.0009454782120883465,0.05305025726556778
4356,-2.5776877403259277,-2.584007501602173,0.003116004401817918,0.0032039291691035032,0.05303433537483215
4357,-2.521801471710205,-2.5240137577056885,0.0009318514494225383,0.0012804829748347402,0.05301840603351593
4358,-2.5413503646850586,-2.5446105003356934,0.0016257582465186715,0.0016343933530151844,0.05300246924161911
4359,-2.496098756790161,-2.4992640018463135,0.0016247313469648361,0.001540446188300848,0.05298653617501259
4360,-2.5297091007232666,-2.535823106765747,0.0031756870448589325,0.0029382382053881884,0.052970558404922485
4361,-2.5311639308929443,-2.534344434738159,0.0016757387202233076,0.0015045537147670984,0.05295458436012268
4362,-2.5838050842285156,-2.586089611053467,0.0012239529751241207,0.0010605630232021213,0.052938640117645264
4363,-2.4931094646453857,-2.5016896724700928,0.004366897977888584,0.004213325679302216,0.052922703325748444
4364,-2.63571834564209,-2.6490345001220703,0.006343214772641659,0.0069730933755636215,0.05290679261088371
4365,-2.5831334590911865,-2.5865747928619385,0.0014916470972821116,0.0019497307948768139,0.052890900522470474
4366,-2.5273609161376953,-2.5330212116241455,0.0029446138069033623,0.002715480513870716,0.05287500470876694
4367,-2.5322976112365723,-2.5355892181396484,0.0016568045830354095,0.001634754240512848,0.0528591088950634
4368,-2.4793026447296143,-2.4813990592956543,0.0011183061869814992,0.0009780693799257278,0.05284324288368225
4369,-2.515549421310425,-2.520965814590454,0.003223462263122201,0.0021930814255028963,0.05282739922404289
4370,-2.561936616897583,-2.5662248134613037,0.0020036667119711637,0.0022845070343464613,0.05281154438853264
4371,-2.5184669494628906,-2.5237927436828613,0.002451464533805847,0.0028743394650518894,0.05279573053121567
4372,-2.5901858806610107,-2.592725992202759,0.0010286695323884487,0.001511395676061511,0.052779898047447205
4373,-2.5648016929626465,-2.5679452419281006,0.001688605872914195,0.0014549458865076303,0.052764032036066055
4374,-2.068713903427124,-2.3746275901794434,0.15970994532108307,0.14620383083820343,0.05274815857410431
4375,-2.459023952484131,-2.461294651031494,0.0016185989370569587,0.0006521320901811123,0.05273231491446495
4376,-2.5508193969726562,-2.553311824798584,0.001107625081203878,0.0013847523368895054,0.052716463804244995
4377,-2.460007905960083,-2.466973304748535,0.003856765339151025,0.003108703065663576,0.05270061641931534
4378,-2.552500009536743,-2.555840253829956,0.0015137179289013147,0.0018264575628563762,0.05268479883670807
4379,-2.485574245452881,-2.4905436038970947,0.002309727016836405,0.002659443998709321,0.05266895145177841
4380,-2.555814504623413,-2.5598018169403076,0.0017800902714952826,0.0022073686122894287,0.052653081715106964
4381,-2.539839029312134,-2.5417232513427734,0.0010086369002237916,0.0008754819864407182,0.052637215703725815
4382,-2.5666251182556152,-2.571636438369751,0.0025343403685837984,0.002476945286616683,0.05262137949466705
4383,-2.579521656036377,-2.582650899887085,0.0015823731664568186,0.0015468605561181903,0.05260555073618889
4384,-2.6306581497192383,-2.6438331604003906,0.006950702052563429,0.006224421318620443,0.05258971080183983
4385,-2.4533824920654297,-2.458803415298462,0.0025354851968586445,0.002885282039642334,0.05257388949394226
4386,-2.533421754837036,-2.536496162414551,0.001786477048881352,0.0012880389112979174,0.052558060735464096
4387,-2.5349009037017822,-2.539437770843506,0.0024682623334228992,0.002068492118269205,0.052542250603437424
4388,-2.138413906097412,-2.453032970428467,0.1557980626821518,0.1588210016489029,0.052526481449604034
4389,-2.45037579536438,-2.4604146480560303,0.005263592582195997,0.004775194451212883,0.052510716021060944
4390,-2.4472110271453857,-2.459758758544922,0.006311686709523201,0.006236036773771048,0.05249498039484024
4391,-2.3198866844177246,-2.525327682495117,0.10235020518302917,0.10309069603681564,0.05247924104332924
4392,-2.5467350482940674,-2.5602569580078125,0.006194802466779947,0.007327103987336159,0.05246351286768913
4393,-2.5685479640960693,-2.571166515350342,0.0007968610734678805,0.0018216504249721766,0.05244779214262962
4394,-2.2036690711975098,-2.519958019256592,0.15676699578762054,0.1595221757888794,0.05243207886815071
4395,-2.5686123371124268,-2.5713751316070557,0.0013184815179556608,0.0014442873653024435,0.0524163544178009
4396,-2.4885997772216797,-2.492553234100342,0.002078899648040533,0.001874494249932468,0.0524006225168705
4397,-2.50417423248291,-2.513144016265869,0.004961424972862005,0.004008228424936533,0.0523848831653595
4398,-2.5179131031036377,-2.519848585128784,0.0008609734941273928,0.0010744420578703284,0.05236917361617088
4399,-2.5681328773498535,-2.5743751525878906,0.0033397015649825335,0.0029023955576121807,0.05235349386930466
4400,-2.5188803672790527,-2.5211334228515625,0.0010500643402338028,0.001202961546368897,0.052337806671857834
4401,-2.4401369094848633,-2.447396755218506,0.00406687380746007,0.0031930014956742525,0.052322160452604294
4402,-2.5567686557769775,-2.559304714202881,0.0012733879266306758,0.00126269506290555,0.05230652168393135
4403,-2.54435658454895,-2.5495240688323975,0.0027740381192415953,0.002393594477325678,0.05229087173938751
4404,-2.568010091781616,-2.572132110595703,0.0019974177703261375,0.0021244348026812077,0.05227521434426308
4405,-2.398838996887207,-2.4049110412597656,0.0032438957132399082,0.002828125609084964,0.05225953832268715
4406,-2.570302963256836,-2.5743675231933594,0.0024299861397594213,0.0016347147757187486,0.052243854850530624
4407,-2.6125476360321045,-2.6172070503234863,0.002317877020686865,0.0023415228351950645,0.0522281639277935
4408,-2.523148536682129,-2.5294082164764404,0.002889777533710003,0.003369835438206792,0.052212487906217575
4409,-2.4578442573547363,-2.460287570953369,0.0010413575218990445,0.0014018667861819267,0.052196841686964035
4410,-2.5441291332244873,-2.550299644470215,0.0033547901548445225,0.0028157588094472885,0.05218120291829109
4411,-2.547250747680664,-2.551865577697754,0.0018261914374306798,0.0027886563912034035,0.05216556414961815
4412,-2.582855701446533,-2.587163209915161,0.002553015947341919,0.0017544697038829327,0.0521499328315258
4413,-2.3988466262817383,-2.403318166732788,0.0022800718434154987,0.00219160970300436,0.05213432013988495
4414,-2.53531551361084,-2.5407214164733887,0.00327285029925406,0.0021332367323338985,0.05211873725056648
4415,-2.5412118434906006,-2.548708200454712,0.003240429563447833,0.004255904816091061,0.05210314318537712
4416,-2.5106067657470703,-2.5135929584503174,0.0013308132765814662,0.0016552975866943598,0.052087556570768356
4417,-2.572209358215332,-2.5768074989318848,0.002605457790195942,0.001992771402001381,0.05207197368144989
4418,-2.553236484527588,-2.5591840744018555,0.0026170858182013035,0.003330565756186843,0.05205640569329262
4419,-2.2737250328063965,-2.555182695388794,0.15448085963726044,0.12697677314281464,0.05204081907868385
4420,-2.147731065750122,-2.5097293853759766,0.18563233315944672,0.17636604607105255,0.05202518776059151
4421,-2.5092580318450928,-2.51692533493042,0.003562281373888254,0.004105014726519585,0.05200952664017677
4422,-2.392930030822754,-2.4064114093780518,0.0069626206532120705,0.006518911570310593,0.05199386551976204
4423,-2.477304697036743,-2.493273973464966,0.007465594448149204,0.008503575809299946,0.051978226751089096
4424,-2.4921765327453613,-2.49772047996521,0.0020311097614467144,0.003512793919071555,0.05196258798241615
4425,-2.540743350982666,-2.544550657272339,0.0020357270259410143,0.001771778566762805,0.05194693058729172
4426,-2.53115177154541,-2.536430835723877,0.0030080510769039392,0.0022708189208060503,0.05193127691745758
4427,-2.5961360931396484,-2.603304862976074,0.003092614933848381,0.004076189361512661,0.051915641874074936
4428,-2.614166498184204,-2.6242804527282715,0.004823945462703705,0.005290118046104908,0.05190003663301468
4429,-2.503375768661499,-2.5113584995269775,0.0038222838193178177,0.004160398151725531,0.05188443511724472
4430,-2.506131649017334,-2.5145528316497803,0.0033778815995901823,0.005043210461735725,0.051868852227926254
4431,-2.490417718887329,-2.502595901489258,0.0042414190247654915,0.007936702109873295,0.05185331031680107
4432,-2.5261037349700928,-2.5307042598724365,0.0019195359200239182,0.0026810478884726763,0.0518377460539341
4433,-2.50298810005188,-2.5078818798065186,0.0029467716813087463,0.0019469240214675665,0.05182216316461563
4434,-2.503880262374878,-2.5130205154418945,0.004703973885625601,0.004436255432665348,0.05180658772587776
4435,-2.4834401607513428,-2.4863169193267822,0.0013745991745963693,0.0015022807056084275,0.05179101228713989
4436,-2.5411577224731445,-2.5464160442352295,0.0021243735682219267,0.0031339062843471766,0.051775459200143814
4437,-2.505218029022217,-2.5104260444641113,0.002412448637187481,0.0027953782118856907,0.051759932190179825
4438,-2.582122564315796,-2.5929276943206787,0.005237170495092869,0.0055680954828858376,0.05174444615840912
4439,-2.577103853225708,-2.580991744995117,0.002097479999065399,0.0017904671840369701,0.05172896385192871
4440,-2.4887869358062744,-2.4936065673828125,0.002414829097688198,0.002404661849141121,0.051713477820158005
4441,-2.571035385131836,-2.575049638748169,0.0016903083305805922,0.002323970664292574,0.05169804394245148
4442,-2.534475326538086,-2.540734052658081,0.0034252083860337734,0.002833686536177993,0.05168262496590614
4443,-2.5561063289642334,-2.561779260635376,0.0026695423293858767,0.003003256395459175,0.051667213439941406
4444,-2.5202555656433105,-2.52581787109375,0.0023868503049016,0.0031754893716424704,0.05165181681513786
4445,-2.523444890975952,-2.5284383296966553,0.0026406501419842243,0.0023528020828962326,0.05163637548685074
4446,-2.508479118347168,-2.5147440433502197,0.00374097959138453,0.0025237950030714273,0.051620952785015106
4447,-2.6322858333587646,-2.6421711444854736,0.004539744928479195,0.005345542449504137,0.05160551145672798
4448,-2.6228318214416504,-2.6265981197357178,0.0018255998147651553,0.0019408068619668484,0.05159010738134384
4449,-2.491506576538086,-2.4937124252319336,0.0008971173083409667,0.0013087675906717777,0.0515747107565403
4450,-2.5335752964019775,-2.5380308628082275,0.0019163177348673344,0.0025390388909727335,0.051559317857027054
4451,-2.5713348388671875,-2.5745787620544434,0.001802027691155672,0.0014419022481888533,0.05154390633106232
4452,-2.50520396232605,-2.5084290504455566,0.0018479914870113134,0.0013770427322015166,0.051528483629226685
4453,-2.550307273864746,-2.5555975437164307,0.0024453657679259777,0.0028448982629925013,0.05151304602622986
4454,-2.350104570388794,-2.406891345977783,0.027924956753849983,0.02886173129081726,0.05149759724736214
4455,-2.55700421333313,-2.5602364540100098,0.0015292486641556025,0.0017029255395755172,0.051482152193784714
4456,-2.508295774459839,-2.5213794708251953,0.006962246261537075,0.006121382582932711,0.05146671459078789
4457,-2.558650016784668,-2.5609686374664307,0.0011344661470502615,0.0011842513922601938,0.051451269537210464
4458,-2.54333233833313,-2.5490834712982178,0.0026306211948394775,0.0031204810366034508,0.051435839384794235
4459,-2.4665029048919678,-2.4744811058044434,0.003932831343263388,0.0040453760884702206,0.051420412957668304
4460,-2.6104931831359863,-2.61399245262146,0.0015249605057761073,0.0019743999000638723,0.051404982805252075
4461,-2.5584752559661865,-2.560941457748413,0.0009825872257351875,0.001483609899878502,0.051389552652835846
4462,-2.5271756649017334,-2.529430866241455,0.0010213481727987528,0.0012339107925072312,0.05137409269809723
4463,-2.4976694583892822,-2.5015273094177246,0.0018644134979695082,0.001993333688005805,0.05135863646864891
4464,-2.491311550140381,-2.493593215942383,0.0009746835567057133,0.0013070270651951432,0.051343198865652084
4465,-2.5321290493011475,-2.5354881286621094,0.0019348927307873964,0.001424025627784431,0.05132777616381645
4466,-2.4806437492370605,-2.487273931503296,0.003515746211633086,0.0031143457163125277,0.05131237208843231
4467,-2.5056865215301514,-2.509437084197998,0.002053427742794156,0.0016970208380371332,0.05129697173833847
4468,-2.519491195678711,-2.525692939758301,0.003218370024114847,0.002983296290040016,0.051281578838825226
4469,-2.5472073554992676,-2.5572316646575928,0.004532775841653347,0.005491521675139666,0.051266174763441086
4470,-2.536747932434082,-2.5411393642425537,0.0025771562941372395,0.0018142923945561051,0.051250800490379333
4471,-2.5516650676727295,-2.5634469985961914,0.006118364632129669,0.005663575604557991,0.05123542994260788
4472,-2.582699775695801,-2.5917470455169678,0.004518655128777027,0.0045286207459867,0.05122007802128792
4473,-2.6174380779266357,-2.6203603744506836,0.0013600157108157873,0.0015622589271515608,0.051204729825258255
4474,-2.517267942428589,-2.5804972648620605,0.032851606607437134,0.03037760965526104,0.05118938907980919
4475,-2.5134329795837402,-2.5193099975585938,0.002937495242804289,0.002939521335065365,0.05117405951023102
4476,-2.502920627593994,-2.5066885948181152,0.001912918989546597,0.0018551498651504517,0.051158688962459564
4477,-2.5044472217559814,-2.508944034576416,0.0020641048904508352,0.0024329021107405424,0.05114332213997841
4478,-2.5740950107574463,-2.5770788192749023,0.0010935133323073387,0.0018902838928624988,0.05112793669104576
4479,-2.60113787651062,-2.609192132949829,0.003891881089657545,0.004162340424954891,0.051112543791532516
4480,-2.2372453212738037,-2.546065092086792,0.1506563276052475,0.1581636220216751,0.051097169518470764
4481,-2.5046815872192383,-2.5136139392852783,0.004047982860356569,0.004884409252554178,0.05108179524540901
4482,-2.541537284851074,-2.5455143451690674,0.0014391469303518534,0.002537912456318736,0.051066454499959946
4483,-2.509251594543457,-2.514216899871826,0.0026752958074212074,0.002289919648319483,0.05105111375451088
4484,-2.5039312839508057,-2.507589101791382,0.0019252754282206297,0.0017326244851574302,0.051035769283771515
4485,-2.5400071144104004,-2.5419182777404785,0.0009376539383083582,0.0009733851766213775,0.05102040246129036
4486,-2.525273561477661,-2.529766082763672,0.002390465699136257,0.002102075843140483,0.05100507661700249
4487,-2.5620617866516113,-2.564340591430664,0.0014397187624126673,0.0008388772839680314,0.05098981782793999
4488,-2.552741050720215,-2.5590062141418457,0.002767138183116913,0.0034979842603206635,0.05097457766532898
4489,-2.5783519744873047,-2.584139823913574,0.002621360355988145,0.0031664499547332525,0.050959374755620956
4490,-2.6032211780548096,-2.6122355461120605,0.00513171311467886,0.0038825939409434795,0.050944190472364426
4491,-2.034816265106201,-2.4541945457458496,0.2081330269575119,0.2112453430891037,0.05092900991439819
4492,-2.484707832336426,-2.4911398887634277,0.003112091450020671,0.003319916781038046,0.05091383308172226
4493,-2.468369722366333,-2.481165647506714,0.0063581871800124645,0.006437688134610653,0.05089870095252991
4494,-2.5067951679229736,-2.517764091491699,0.00571011658757925,0.005258782766759396,0.05088357999920845
4495,-2.5204415321350098,-2.53574800491333,0.00735269021242857,0.007953954860568047,0.05086846649646759
4496,-2.5629799365997314,-2.5695993900299072,0.0030482676811516285,0.0035711696837097406,0.05085337162017822
4497,-2.624568223953247,-2.6301169395446777,0.003224930027499795,0.0023238547146320343,0.05083826556801796
4498,-2.595738649368286,-2.6127383708953857,0.00840393640100956,0.008595801889896393,0.05082316696643829
4499,-2.5572009086608887,-2.5653247833251953,0.0036805833224207163,0.0044432878494262695,0.05080805718898773
4500,-2.5470001697540283,-2.5538763999938965,0.003123394213616848,0.003752985270693898,0.05079295486211777
4501,-2.5638442039489746,-2.569725513458252,0.003183057066053152,0.0026981900446116924,0.05077781900763512
4502,-2.5539140701293945,-2.556213140487671,0.0012003184529021382,0.0010986425913870335,0.050762686878442764
4503,-2.5058341026306152,-2.5094473361968994,0.0018828929169103503,0.001730470103211701,0.050747524946928024
4504,-2.5375070571899414,-2.5437333583831787,0.003210668684914708,0.00301558175124228,0.05073236674070358
4505,-2.506716012954712,-2.5116169452667236,0.002127678832039237,0.002773168496787548,0.050717201083898544
4506,-2.429161548614502,-2.44401216506958,0.0072576613165438175,0.007592861074954271,0.050702054053545
4507,-2.5804226398468018,-2.5871310234069824,0.0033954852260649204,0.0033127088099718094,0.05068688467144966
4508,-2.6104307174682617,-2.613170862197876,0.0014679948799312115,0.0012722623068839312,0.05067170783877373
4509,-2.6086032390594482,-2.6149489879608154,0.003518792800605297,0.0028269533067941666,0.0506565235555172
4510,-2.6181211471557617,-2.6258068084716797,0.004459381569176912,0.0032263342291116714,0.05064135789871216
4511,-2.6157567501068115,-2.619968891143799,0.0022239447571337223,0.0019882021006196737,0.05062618479132652
4512,-2.5825071334838867,-2.586871862411499,0.001898813876323402,0.0024659058544784784,0.05061100050806999
4513,-2.49031400680542,-2.4945201873779297,0.0018396725645288825,0.002366543747484684,0.050595834851264954
4514,-2.5845112800598145,-2.5888240337371826,0.0019504661904647946,0.0023622428998351097,0.05058066174387932
4515,-2.535897731781006,-2.540085792541504,0.0024287051055580378,0.001759249484166503,0.050565481185913086
4516,-2.5226848125457764,-2.5266995429992676,0.00236693792976439,0.0016477849567309022,0.05055030807852745
4517,-2.600226402282715,-2.607063055038452,0.003517036559060216,0.0033196094445884228,0.05053514614701271
4518,-2.4901981353759766,-2.4932632446289062,0.0014797600451856852,0.0015853035729378462,0.05051999166607857
4519,-2.4917423725128174,-2.494807720184326,0.0018356057116761804,0.0012298623332753778,0.05050482973456383
4520,-2.5523183345794678,-2.556208372116089,0.002481950679793954,0.0014081604313105345,0.050489671528339386
4521,-2.5705368518829346,-2.5772993564605713,0.0035217292606830597,0.003240706864744425,0.05047450587153435
4522,-2.5588314533233643,-2.560366153717041,0.0007427340606227517,0.000791989965364337,0.05045932158827782
4523,-2.5529017448425293,-2.5557782649993896,0.001249267952516675,0.0016271376516669989,0.050444167107343674
4524,-2.5962138175964355,-2.5988550186157227,0.00132796261459589,0.0013131420128047466,0.050429001450538635
4525,-2.548762559890747,-2.5529534816741943,0.0025428871158510447,0.0016479163896292448,0.05041388049721718
4526,-2.555730104446411,-2.5653932094573975,0.0048416489735245705,0.00482145044952631,0.05039878562092781
4527,-2.4812963008880615,-2.4844729900360107,0.001794140669517219,0.0013826218200847507,0.050383683294057846
4528,-2.5903258323669434,-2.5943825244903564,0.0020787471439689398,0.001977941021323204,0.050368599593639374
4529,-2.4996633529663086,-2.502530336380005,0.001337231369689107,0.0015296206111088395,0.0503535158932209
4530,-2.3093388080596924,-2.6122305393218994,0.1507290005683899,0.15216286480426788,0.05033840611577034
4531,-2.603724241256714,-2.607661008834839,0.0018828968750312924,0.00205401424318552,0.05032332241535187
4532,-2.572827100753784,-2.5762648582458496,0.0018887927290052176,0.0015490192454308271,0.0503082312643528
4533,-2.5801877975463867,-2.5860400199890137,0.0031618555076420307,0.002690223976969719,0.05029314383864403
4534,-2.575981855392456,-2.5842199325561523,0.004238885827362537,0.003999209962785244,0.050278086215257645
4535,-2.5306131839752197,-2.532874584197998,0.0008976321551017463,0.0013637506635859609,0.050263021141290665
4536,-2.5972204208374023,-2.602377414703369,0.0022557242773473263,0.002901296364143491,0.05024797096848488
4537,-2.553035020828247,-2.5577268600463867,0.0023583839647471905,0.0023334564175456762,0.05023292452096939
4538,-2.498079538345337,-2.5015037059783936,0.001445913570933044,0.0019780765287578106,0.0502178855240345
4539,-2.518770933151245,-2.5312294960021973,0.005722492933273315,0.0067360009998083115,0.05020285025238991
4540,-2.3049702644348145,-2.5122313499450684,0.10305026173591614,0.10421089828014374,0.05018779635429382
4541,-2.544245481491089,-2.5505032539367676,0.002732817316427827,0.003524950472638011,0.05017279088497162
4542,-2.0141336917877197,-2.4801888465881348,0.23384277522563934,0.23221240937709808,0.050157781690359116
4543,-2.5079429149627686,-2.519221782684326,0.005357119254767895,0.005921721924096346,0.050142765045166016
4544,-2.5744500160217285,-2.5789308547973633,0.002000151900574565,0.002480725757777691,0.050127752125263214
4545,-2.61232328414917,-2.617316484451294,0.0027883576694875956,0.002204922027885914,0.050112683326005936
4546,-2.5503580570220947,-2.5556650161743164,0.003034006804227829,0.0022727414034307003,0.050097618252038956
4547,-2.5630693435668945,-2.5674047470092773,0.0020702278707176447,0.0022651837207376957,0.05008254572749138
4548,-2.577659845352173,-2.6345036029815674,0.028483109548687935,0.028360681608319283,0.05006750300526619
4549,-2.6075265407562256,-2.6119368076324463,0.0018737425561994314,0.0025364409666508436,0.0500524528324604
4550,-2.5518720149993896,-2.556041955947876,0.0026704466436058283,0.0014993773074820638,0.050037406384944916
4551,-2.548872232437134,-2.5515103340148926,0.0012510167434811592,0.0013870245311409235,0.05002237856388092
4552,-2.529432535171509,-2.534281015396118,0.002634672448039055,0.0022136021871119738,0.050007376819849014
4553,-2.3250696659088135,-2.532559633255005,0.10347280651330948,0.10401720553636551,0.0499923937022686
4554,-2.513396978378296,-2.51912784576416,0.0033860793337225914,0.0023448693100363016,0.049977388232946396
4555,-2.592775583267212,-2.605043649673462,0.006426278501749039,0.005841780453920364,0.049962401390075684
4556,-2.448557138442993,-2.4630110263824463,0.007546347100287676,0.006907399743795395,0.04994739592075348
4557,-2.4611167907714844,-2.469290018081665,0.004310026299208403,0.0038631921634078026,0.049932416528463364
4558,-2.5803024768829346,-2.5851054191589355,0.0021179725881665945,0.002685173647478223,0.049917418509721756
4559,-2.589944839477539,-2.5951123237609863,0.002508093835785985,0.002659332472831011,0.04990242421627045
4560,-2.537753105163574,-2.5948662757873535,0.02842390164732933,0.028689319267868996,0.049887437373399734
4561,-2.568671941757202,-2.5784449577331543,0.004679265432059765,0.005093818996101618,0.04987243935465813
4562,-2.5156543254852295,-2.526257276535034,0.005494431592524052,0.005108661949634552,0.049857448786497116
4563,-2.6092381477355957,-2.6145167350769043,0.002671759342774749,0.0026067649014294147,0.0498424731194973
4564,-2.586390495300293,-2.592771053314209,0.003352581523358822,0.0030279855709522963,0.04982750117778778
4565,-2.5429506301879883,-2.544962167739868,0.001032729633152485,0.000978696858510375,0.04981253668665886
4566,-2.4986071586608887,-2.563732624053955,0.033330339938402176,0.03179512172937393,0.04979759827256203
4567,-2.4904000759124756,-2.495976448059082,0.003205901710316539,0.0023703232873231173,0.04978267475962639
4568,-2.5126230716705322,-2.5161025524139404,0.0017263845074921846,0.00175320019479841,0.04976775869727135
4569,-2.655940294265747,-2.66062593460083,0.0025727106258273125,0.0021128845401108265,0.049752846360206604
4570,-2.5334508419036865,-2.536217212677002,0.0014476008946076035,0.001318804221227765,0.049737975001335144
4571,-2.619015693664551,-2.6219067573547363,0.0016598941292613745,0.0012312509352341294,0.04972311854362488
4572,-2.3118441104888916,-2.511549472808838,0.09885400533676147,0.10085120052099228,0.049708254635334015
4573,-2.5184144973754883,-2.5277695655822754,0.005495805758982897,0.0038592901546508074,0.049693383276462555
4574,-2.541917562484741,-2.5454013347625732,0.002255254192277789,0.0012284565018489957,0.04967851564288139
4575,-2.5313374996185303,-2.5392141342163086,0.004607552196830511,0.0032691131345927715,0.04966362938284874
4576,-2.141547441482544,-2.421807289123535,0.13854418694972992,0.14171575009822845,0.04964878410100937
4577,-2.516246795654297,-2.5330135822296143,0.008678738959133625,0.008088096044957638,0.0496339425444603
4578,-2.520700693130493,-2.528590679168701,0.0036549868527799845,0.004234916530549526,0.04961908236145973
4579,-2.5057806968688965,-2.5090301036834717,0.0014206162886694074,0.0018288296414539218,0.04960423707962036
4580,-2.60939359664917,-2.6151657104492188,0.003242485225200653,0.0025296106468886137,0.04958939552307129
4581,-2.315927267074585,-2.5210251808166504,0.10108380019664764,0.10401415824890137,0.049574561417102814
4582,-2.461913824081421,-2.4636569023132324,0.000974512891843915,0.0007686915923841298,0.04955971613526344
4583,-2.6125729084014893,-2.6184945106506348,0.0035157150123268366,0.002405918203294277,0.04954487830400467
4584,-2.5701754093170166,-2.5774216651916504,0.00361947575584054,0.0036268369294703007,0.049530044198036194
4585,-2.573704481124878,-2.576630115509033,0.0014634330291301012,0.0014622726012021303,0.04951520264148712
4586,-2.5552401542663574,-2.556867837905884,0.0009341037948615849,0.0006935471319593489,0.04950035363435745
4587,-2.5200624465942383,-2.521935224533081,0.0010711600771173835,0.0008015664643608034,0.049485545605421066
4588,-2.553494453430176,-2.5614843368530273,0.00466785067692399,0.0033220413606613874,0.04947074130177498
4589,-2.480004072189331,-2.4872968196868896,0.0033925282768905163,0.003900214098393917,0.049455929547548294
4590,-2.5621049404144287,-2.5656988620758057,0.0020546403247863054,0.0015391508350148797,0.049441155046224594
4591,-2.524736166000366,-2.5370235443115234,0.006864892318844795,0.005422484129667282,0.04942633956670761
4592,-2.5246520042419434,-2.531008005142212,0.003298521740362048,0.0030574386473745108,0.04941152036190033
4593,-2.5257935523986816,-2.529623508453369,0.001983411842957139,0.0018466009059920907,0.04939668998122215
4594,-2.492281198501587,-2.511652946472168,0.010145163163542747,0.00922649260610342,0.04938187450170517
4595,-2.508758068084717,-2.5129854679107666,0.002275095321238041,0.001952360849827528,0.049367066472768784
4596,-2.494100332260132,-2.4979934692382812,0.002224732656031847,0.0016685634618625045,0.049352239817380905
4597,-2.435436248779297,-2.4395055770874023,0.0026126867160201073,0.0014568280894309282,0.04933742806315422
4598,-2.482940673828125,-2.4921183586120605,0.004841143731027842,0.004336528945714235,0.04932260885834694
4599,-2.5411503314971924,-2.546238660812378,0.002785244956612587,0.0023031982127577066,0.04930780455470085
4600,-2.5094385147094727,-2.5171337127685547,0.003325343132019043,0.004369677975773811,0.04929298162460327
4601,-2.572225570678711,-2.5748589038848877,0.0013051782734692097,0.0013283424777910113,0.04927816614508629
4602,-2.6192383766174316,-2.622708797454834,0.0015753267798572779,0.0018951245583593845,0.049263354390859604
4603,-2.5621988773345947,-2.569103956222534,0.0032341645564883947,0.0036709941923618317,0.049248531460762024
4604,-2.5895462036132812,-2.5930798053741455,0.0017663952894508839,0.0017671848181635141,0.04923371598124504
4605,-2.4782562255859375,-2.4809367656707764,0.001624221564270556,0.0010563196847215295,0.049218904227018356
4606,-2.5327670574188232,-2.5373103618621826,0.002223124261945486,0.0023202416487038136,0.04920412227511406
4607,-2.473616600036621,-2.4797651767730713,0.002968651708215475,0.003179993247613311,0.04918936640024185
4608,-2.47074031829834,-2.4770946502685547,0.003356229979544878,0.00299813412129879,0.04917460307478905
4609,-2.432190418243408,-2.4389126300811768,0.0033370063174515963,0.0033854208886623383,0.04915984347462654
4610,-2.633784055709839,-2.6412250995635986,0.0034910421818494797,0.003950115293264389,0.04914510250091553
4611,-2.510711669921875,-2.5204758644104004,0.004574889317154884,0.00518930796533823,0.04913036525249481
4612,-2.5281903743743896,-2.530224561691284,0.0008945583831518888,0.001139570726081729,0.04911564290523529
4613,-2.598222017288208,-2.6004798412323,0.0009111912222579122,0.0013466916279867291,0.04910092428326607
4614,-2.511237144470215,-2.5130350589752197,0.0007207817398011684,0.0010772114619612694,0.04908622428774834
4615,-2.5151283740997314,-2.517402172088623,0.0010671659838408232,0.0012065218761563301,0.04907151684165001
4616,-2.5924246311187744,-2.6081340312957764,0.007515799254179001,0.008193409070372581,0.04905681312084198
4617,-2.4988484382629395,-2.5027825832366943,0.0020336206071078777,0.001900338102132082,0.049042098224163055
4618,-2.5000126361846924,-2.516735792160034,0.00860027875751257,0.008122986182570457,0.04902737960219383
4619,-2.520792245864868,-2.526512861251831,0.002882488537579775,0.0028380274306982756,0.04901265352964401
4620,-2.558572292327881,-2.5616455078125,0.0016773120732977986,0.0013960495125502348,0.048997923731803894
4621,-2.5377166271209717,-2.540372848510742,0.001607061130926013,0.0010491189314052463,0.048983171582221985
4622,-2.5988593101501465,-2.6023998260498047,0.002045085420832038,0.0014953274512663484,0.04896843433380127
4623,-2.554154396057129,-2.559499979019165,0.0031071468256413937,0.002238434972241521,0.04895372688770294
4624,-2.5594546794891357,-2.5636062622070312,0.0022200378589332104,0.0019314988749101758,0.048938997089862823
4625,-2.546948194503784,-2.5512895584106445,0.002140067284926772,0.00220125587657094,0.0489242747426033
4626,-2.3443515300750732,-2.5251095294952393,0.0913035050034523,0.0894543007016182,0.04890955612063408
4627,-2.475168228149414,-2.4797122478485107,0.0022478378377854824,0.0022962666116654873,0.04889487847685814
4628,-2.5331788063049316,-2.5365114212036133,0.0011718274326995015,0.002160677220672369,0.0488801933825016
4629,-2.152988910675049,-2.5132017135620117,0.18633611500263214,0.17387665808200836,0.048865485936403275
4630,-2.418221950531006,-2.431196689605713,0.007219436578452587,0.00575509387999773,0.048850785940885544
4631,-2.107851266860962,-2.5372509956359863,0.21429860591888428,0.2151009440422058,0.04883610084652901
4632,-2.572685480117798,-2.59025239944458,0.009169220924377441,0.008397855795919895,0.04882143437862396
4633,-2.5093178749084473,-2.5180981159210205,0.004881705157458782,0.0038985502906143665,0.04880676791071892
4634,-2.507373332977295,-2.5138120651245117,0.0031558030750602484,0.0032830715645104647,0.048792075365781784
4635,-2.5001509189605713,-2.50504994392395,0.002417210256680846,0.0024816503282636404,0.04877738282084465
4636,-2.605534076690674,-2.613299608230591,0.0038441496435552835,0.003921251278370619,0.04876270890235901
4637,-2.581439256668091,-2.5934364795684814,0.005882103927433491,0.006115241441875696,0.048748064786195755
4638,-2.5905346870422363,-2.603769540786743,0.007044665515422821,0.0061903465539216995,0.0487334206700325
4639,-2.5183894634246826,-2.525965929031372,0.0027905707247555256,0.004785845521837473,0.04871877282857895
4640,-2.502268075942993,-2.5178816318511963,0.008102523162961006,0.00751110166311264,0.04870416224002838
4641,-2.4669928550720215,-2.4779272079467773,0.005322335287928581,0.0056121619418263435,0.04868954420089722
4642,-2.5139217376708984,-2.521639347076416,0.0041950722225010395,0.003522540209814906,0.04867490753531456
4643,-2.504451274871826,-2.515378713607788,0.005330031272023916,0.005597399082034826,0.04866025596857071
4644,-2.5315146446228027,-2.537266969680786,0.0030163689516484737,0.002735961927101016,0.048645615577697754
4645,-2.5329837799072266,-2.535651683807373,0.0015215108869597316,0.0011462289839982986,0.04863099381327629
4646,-2.5455727577209473,-2.606335163116455,0.03071223385632038,0.030050180852413177,0.04861638695001602
4647,-2.561829090118408,-2.5694029331207275,0.0038669886998832226,0.003706997260451317,0.04860180616378784
4648,-2.5534913539886475,-2.5695888996124268,0.007737964391708374,0.00835960078984499,0.04858725517988205
4649,-2.541887044906616,-2.549285411834717,0.0038127710577100515,0.0035854957532137632,0.048572707921266556
4650,-2.544607639312744,-2.5574097633361816,0.007856519892811775,0.004945427179336548,0.04855818673968315
4651,-2.516207218170166,-2.5204763412475586,0.002379706595093012,0.0018895585089921951,0.04854363575577736
4652,-2.493273973464966,-2.5035789012908936,0.004821488168090582,0.005483298096805811,0.04852907732129097
4653,-2.5559170246124268,-2.563422679901123,0.003657309338450432,0.0038482430391013622,0.048514559864997864
4654,-2.5564119815826416,-2.5644187927246094,0.00437487056478858,0.0036318337079137564,0.04850006848573685
4655,-2.1843152046203613,-2.503242015838623,0.16282646358013153,0.156100332736969,0.04848559573292732
4656,-2.510510206222534,-2.5123703479766846,0.0009713886538520455,0.0008888955344446003,0.04847110062837601
4657,-2.4632680416107178,-2.468311071395874,0.002460187068209052,0.0025826923083513975,0.04845656454563141
4658,-2.5594584941864014,-2.5655593872070312,0.002904553199186921,0.003196337725967169,0.04844200983643532
4659,-2.4937925338745117,-2.501999855041504,0.0040743970312178135,0.004133022855967283,0.04842747002840042
4660,-2.5143158435821533,-2.51674222946167,0.001088922144845128,0.0013375545386224985,0.048412904143333435
4661,-2.4700934886932373,-2.475154399871826,0.0025683818385004997,0.0024923861492425203,0.048398327082395554
4662,-2.5168142318725586,-2.519235372543335,0.0011925575090572238,0.0012285509146749973,0.04838373139500618
4663,-2.469067096710205,-2.471489906311035,0.001154766883701086,0.0012682597152888775,0.04836913198232651
4664,-2.54529070854187,-2.552760601043701,0.0035202782601118088,0.003949560225009918,0.048354510217905045
4665,-2.5902903079986572,-2.592613458633423,0.0011732561979442835,0.0011499683605507016,0.04833991825580597
4666,-2.4873673915863037,-2.4926369190216064,0.0026805917732417583,0.002588923554867506,0.048325326293706894
4667,-2.5842676162719727,-2.5890746116638184,0.0021145998034626245,0.002692543901503086,0.048310745507478714
4668,-2.449211597442627,-2.508302927017212,0.029052795842289925,0.030038706958293915,0.04829615354537964
4669,-2.5103161334991455,-2.5258755683898926,0.007687863893806934,0.007871530950069427,0.04828157648444176
4670,-2.5919058322906494,-2.5948188304901123,0.0016751615330576897,0.001237770775333047,0.04826706275343895
4671,-2.5737576484680176,-2.577157974243164,0.0013720854185521603,0.0020281700417399406,0.04825253039598465
4672,-2.470010995864868,-2.472933769226074,0.0014100970001891255,0.0015128065133467317,0.04823800548911095
4673,-2.5269582271575928,-2.5297887325286865,0.00153975875582546,0.0012907766504213214,0.04822349175810814
4674,-2.454890012741089,-2.45984148979187,0.00230198772624135,0.002649569185450673,0.04820900782942772
4675,-2.59928035736084,-2.604445219039917,0.0022297522518783808,0.002935064723715186,0.0481945276260376
4676,-2.501845359802246,-2.5038747787475586,0.0011029604356735945,0.0009265028638765216,0.04818006232380867
4677,-2.5671191215515137,-2.570915937423706,0.001968362368643284,0.001828510663472116,0.04816560447216034
4678,-2.4952054023742676,-2.5575151443481445,0.03073379397392273,0.031575899571180344,0.0481511689722538
4679,-2.5494017601013184,-2.557417869567871,0.003556894836947322,0.004459237679839134,0.04813675209879875
4680,-2.6136372089385986,-2.619967460632324,0.003088231896981597,0.003242069622501731,0.04812237620353699
4681,-2.608844757080078,-2.611337423324585,0.001172294607385993,0.0013204002752900124,0.04810801148414612
4682,-2.5825374126434326,-2.5867106914520264,0.002231375779956579,0.0019419027958065271,0.048093654215335846
4683,-2.6419677734375,-2.6464951038360596,0.0017301648622378707,0.002797133754938841,0.048079267144203186
4684,-2.567762851715088,-2.5769777297973633,0.004016293212771416,0.005198493134230375,0.04806489497423172
4685,-2.563877582550049,-2.5685818195343018,0.0022030125837773085,0.0025011803954839706,0.04805053770542145
4686,-2.536844253540039,-2.5406720638275146,0.0017325435765087605,0.0020951328333467245,0.04803619533777237
4687,-2.542821168899536,-2.5493016242980957,0.0032559046521782875,0.0032246664632111788,0.04802186042070389
4688,-2.5376498699188232,-2.5477218627929688,0.004828135948628187,0.005243851337581873,0.048007503151893616
4689,-2.412996768951416,-2.4150757789611816,0.0010841507464647293,0.0009948124643415213,0.04799315333366394
4690,-2.5679895877838135,-2.5720036029815674,0.001728067989461124,0.0022858395241200924,0.04797879606485367
4691,-2.5280983448028564,-2.5302188396453857,0.0010629629250615835,0.001057703630067408,0.0479644313454628
4692,-2.4360408782958984,-2.438589334487915,0.001216257456690073,0.0013323568273335695,0.047950103878974915
4693,-2.601365566253662,-2.6076853275299072,0.002947147935628891,0.0033726298715919256,0.04793580248951912
4694,-2.5784366130828857,-2.587320327758789,0.0046241567470133305,0.00425961846485734,0.047921519726514816
4695,-2.5572075843811035,-2.560521364212036,0.0017603931482881308,0.0015532890101894736,0.04790721833705902
4696,-2.568269729614258,-2.574693202972412,0.003150442149490118,0.0032730044331401587,0.04789290949702263
4697,-2.546022653579712,-2.5473990440368652,0.0007958337664604187,0.0005805318360216916,0.04787861555814743
4698,-2.6037728786468506,-2.6155576705932617,0.006080882623791695,0.005703928414732218,0.047864314168691635
4699,-2.5340981483459473,-2.535566806793213,0.0005244537023827434,0.0009442562586627901,0.04785003885626793
4700,-2.6221017837524414,-2.6241490840911865,0.0007833618437871337,0.0012638523476198316,0.04783577099442482
4701,-2.598512649536133,-2.600940704345703,0.0013157771900296211,0.0011121175484731793,0.0478215254843235
4702,-2.4318034648895264,-2.4338388442993164,0.0007867896347306669,0.0012486035702750087,0.04780728742480278
4703,-2.517392635345459,-2.521392822265625,0.0019970699213445187,0.002003259025514126,0.04779301956295967
4704,-2.499789237976074,-2.502039670944214,0.0010446339147165418,0.0012057748390361667,0.04777877777814865
4705,-2.3834176063537598,-2.5566728115081787,0.08668273687362671,0.08657235652208328,0.047764506191015244
4706,-2.6417808532714844,-2.644960880279541,0.0018248878186568618,0.0013552129967138171,0.04775024205446243
4707,-2.497563600540161,-2.504542827606201,0.0032406619284301996,0.0037385851610451937,0.04773596674203873
4708,-2.5166008472442627,-2.52034854888916,0.002112435409799218,0.0016352750826627016,0.047721683979034424
4709,-2.5753469467163086,-2.582263231277466,0.003665447933599353,0.0032508501317352057,0.04770739749073982
4710,-2.5412988662719727,-2.5450191497802734,0.0017193448729813099,0.002001031767576933,0.04769311472773552
4711,-2.5248076915740967,-2.532366991043091,0.0036620250903069973,0.0038971637841314077,0.047678831964731216
4712,-2.499809741973877,-2.504941940307617,0.002715400420129299,0.00241694413125515,0.047664545476436615
4713,-2.206491708755493,-2.617279291152954,0.20495767891407013,0.2058299481868744,0.04765026271343231
4714,-2.5535178184509277,-2.556302547454834,0.0014192259404808283,0.0013653981732204556,0.0476359985768795
4715,-2.5169618129730225,-2.5329627990722656,0.00794240739196539,0.008058453910052776,0.04762173444032669
4716,-2.6115005016326904,-2.6169118881225586,0.0025828606449067593,0.002828562166541815,0.04760750010609627
4717,-2.49798846244812,-2.505692720413208,0.004300961270928383,0.0034032012335956097,0.04759325459599495
4718,-2.6278610229492188,-2.629807949066162,0.000975286471657455,0.000971452216617763,0.04757900536060333
4719,-2.5972201824188232,-2.603142261505127,0.003233829978853464,0.0026881599333137274,0.0475647933781147
4720,-2.556332588195801,-2.559941291809082,0.0015323478728532791,0.0020764328073710203,0.04755057767033577
4721,-2.606827735900879,-2.613192558288574,0.003547478234395385,0.0028174826875329018,0.047536350786685944
4722,-2.5429084300994873,-2.6116504669189453,0.033624038100242615,0.035117991268634796,0.04752211645245552
4723,-2.5727779865264893,-2.5794408321380615,0.0034364010207355022,0.0032265486661344767,0.04750790074467659
4724,-1.9505864381790161,-2.5818846225738525,0.3104357123374939,0.32086238265037537,0.04749367758631706
4725,-2.5771541595458984,-2.5826938152313232,0.0030651146080344915,0.002474463079124689,0.047479480504989624
4726,-2.5820188522338867,-2.585326671600342,0.0014205490006133914,0.0018874126253649592,0.047465287148952484
4727,-2.568368673324585,-2.5719752311706543,0.001740077743306756,0.0018666426185518503,0.04745107516646385
4728,-2.398641586303711,-2.4036169052124023,0.0027006478048861027,0.002274829661473632,0.04743686690926552
4729,-2.5458662509918213,-2.5501694679260254,0.0024540473241358995,0.0018491200171411037,0.04742266237735748
4730,-2.5430643558502197,-2.5462419986724854,0.0015804218128323555,0.0015971004031598568,0.04740847647190094
4731,-2.5835964679718018,-2.5851354598999023,0.0007505466928705573,0.0007885605446062982,0.047394271939992905
4732,-2.287571430206299,-2.547254800796509,0.13389767706394196,0.12578560411930084,0.04738008975982666
4733,-2.5875277519226074,-2.5995588302612305,0.006265244446694851,0.005765830632299185,0.0473659411072731
4734,-2.5659711360931396,-2.5728254318237305,0.003100229660049081,0.0037541906349360943,0.04735177010297775
4735,-2.588496208190918,-2.5937204360961914,0.0027634603902697563,0.0024606904480606318,0.0473376139998436
4736,-2.5956523418426514,-2.5977325439453125,0.0010310389334335923,0.0010492376750335097,0.04732343927025795
4737,-2.618804693222046,-2.621769666671753,0.0014160374412313104,0.0015489612706005573,0.0473092719912529
4738,-2.435544013977051,-2.5596818923950195,0.06416229158639908,0.05997570604085922,0.04729509726166725
4739,-2.671262264251709,-2.6793839931488037,0.0041433945298194885,0.003978222608566284,0.04728095605969429
4740,-2.5717809200286865,-2.5811948776245117,0.004651450552046299,0.004762320313602686,0.04726683348417282
4741,-2.526653289794922,-2.5339603424072266,0.0032500422094017267,0.004056990146636963,0.047252751886844635
4742,-2.553931713104248,-2.5593421459198,0.002272839192301035,0.003137654857710004,0.04723863676190376
4743,-2.5057404041290283,-2.5086748600006104,0.0015377005329355597,0.0013965716352686286,0.04722452536225319
4744,-2.5923120975494385,-2.5972495079040527,0.002112307585775852,0.0028249521274119616,0.047210387885570526
4745,-2.4946329593658447,-2.500450611114502,0.00313362292945385,0.00268404558300972,0.047196295112371445
4746,-2.511847496032715,-2.5183403491973877,0.0031208228319883347,0.0033719565253704786,0.047182176262140274
4747,-2.4564709663391113,-2.463834285736084,0.003630924504250288,0.0037324281875044107,0.047168049961328506
4748,-2.5396511554718018,-2.5489425659179688,0.004755889065563679,0.004535529296845198,0.04715394973754883
4749,-2.4904801845550537,-2.496114730834961,0.0024442735593765974,0.0031902529299259186,0.04713984206318855
4750,-2.5907042026519775,-2.599256992340088,0.0039775618351995945,0.004575333558022976,0.04712573066353798
4751,-2.5106611251831055,-2.514671564102173,0.002171518513932824,0.001838971977122128,0.047111641615629196
4752,-2.538087844848633,-2.5441665649414062,0.003733776044100523,0.0023449512664228678,0.04709756001830101
4753,-2.5497519969940186,-2.5554537773132324,0.0026119595859199762,0.003089852398261428,0.04708348959684372
4754,-2.587958812713623,-2.5947954654693604,0.003574335016310215,0.0032622599974274635,0.04706943780183792
4755,-2.5575907230377197,-2.561954975128174,0.002228607889264822,0.00213580671697855,0.04705536738038063
4756,-2.5150742530822754,-2.5166079998016357,0.0009892976377159357,0.0005446574068628252,0.04704130068421364
4757,-2.501254081726074,-2.5155458450317383,0.006476657465100288,0.007815190590918064,0.047027237713336945
4758,-2.551912307739258,-2.5544607639312744,0.001293409732170403,0.0012550215469673276,0.047013137489557266
4759,-2.5775747299194336,-2.5809872150421143,0.0015614992007613182,0.0018511388916522264,0.04699902608990669
4760,-2.5280797481536865,-2.532041549682617,0.0017219954170286655,0.0022396426647901535,0.046984899789094925
4761,-2.558234930038452,-2.5604958534240723,0.0010933751473203301,0.0011676126159727573,0.04697077348828316
4762,-2.58243727684021,-2.58697772026062,0.002621176652610302,0.0019193750340491533,0.04695666581392288
4763,-2.544682025909424,-2.5487470626831055,0.0016731698997318745,0.002391803078353405,0.0469425730407238
4764,-2.5916733741760254,-2.5949149131774902,0.001829652115702629,0.0014117991086095572,0.04692848399281502
4765,-2.5110154151916504,-2.5143110752105713,0.0015615009469911456,0.001734294812195003,0.04691444709897041
4766,-2.4866483211517334,-2.492450714111328,0.003153424011543393,0.002649038564413786,0.04690041020512581
4767,-2.5443031787872314,-2.5472826957702637,0.0016401342581957579,0.0013393894769251347,0.04688635841012001
4768,-2.547122001647949,-2.553201675415039,0.002926859073340893,0.003152748104184866,0.04687229543924332
4769,-2.473844528198242,-2.5335617065429688,0.03059425763785839,0.029122857376933098,0.046858228743076324
4770,-2.614469289779663,-2.617267608642578,0.0015393937937915325,0.0012587704695761204,0.046844176948070526
4771,-2.535698175430298,-2.538522481918335,0.0014825341058894992,0.0013419360620900989,0.046830128878355026
4772,-2.60813045501709,-2.613095760345459,0.0025108850095421076,0.0024544268380850554,0.046816084533929825
4773,-2.457214593887329,-2.466491937637329,0.004350109491497278,0.004927249159663916,0.04680205509066582
4774,-2.639474391937256,-2.6443519592285156,0.0024459906853735447,0.002431593369692564,0.046788010746240616
4775,-2.641594171524048,-2.644395589828491,0.0015497618587687612,0.0012518038274720311,0.046773966401815414
4776,-2.5921337604522705,-2.594524383544922,0.0011696785222738981,0.0012210430577397346,0.04675992950797081
4777,-2.5593512058258057,-2.5629401206970215,0.002116560935974121,0.0014723259955644608,0.046745918691158295
4778,-2.548760414123535,-2.5564205646514893,0.004172066226601601,0.0034880521707236767,0.04673193395137787
4779,-2.5019283294677734,-2.506409168243408,0.0024483962915837765,0.0020325786899775267,0.046717941761016846
4780,-2.4434304237365723,-2.446589946746826,0.0015766138676553965,0.001582870609126985,0.04670395329594612
4781,-2.614330291748047,-2.622086763381958,0.0043970756232738495,0.0033593233674764633,0.0466899611055851
4782,-2.5796637535095215,-2.5814661979675293,0.000874848454259336,0.0009277506615035236,0.04667600244283676
4783,-2.620540142059326,-2.6282737255096436,0.003918915521353483,0.003814681665971875,0.04666201397776604
4784,-2.5999834537506104,-2.6029298305511475,0.0012078281724825501,0.0017386312829330564,0.04664801061153412
4785,-2.574355125427246,-2.5772335529327393,0.0012244121171534061,0.0016538203926756978,0.0466340109705925
4786,-2.4707181453704834,-2.474168539047241,0.0016262626741081476,0.0018242569640278816,0.04662000387907028
4787,-2.5370376110076904,-2.539379596710205,0.0010296872351318598,0.0013122668024152517,0.046606000512838364
4788,-2.5549824237823486,-2.564061164855957,0.004348081070929766,0.004730742424726486,0.046592000871896744
4789,-2.5813148021698,-2.585313558578491,0.0019677109085023403,0.0020310033578425646,0.046578019857406616
4790,-2.5458343029022217,-2.5530340671539307,0.0031819185242056847,0.004017911851406097,0.04656403884291649
4791,-2.5701916217803955,-2.579866886138916,0.004376742523163557,0.005298638716340065,0.04655006527900696
4792,-2.538464069366455,-2.5447494983673096,0.003282203571870923,0.00300312670879066,0.046536073088645935
4793,-2.6571314334869385,-2.6625609397888184,0.002444398356601596,0.002985079074278474,0.0465221181511879
4794,-2.3513057231903076,-2.5696990489959717,0.10762495547533035,0.1107683852314949,0.04650816321372986
4795,-2.5961241722106934,-2.6006920337677,0.002384884748607874,0.0021829395554959774,0.046494219452142715
4796,-2.505357503890991,-2.5622286796569824,0.027556277811527252,0.029314905405044556,0.04648028686642647
4797,-2.4783146381378174,-2.48421049118042,0.0028864950872957706,0.003009228268638253,0.04646632447838783
4798,-2.518051862716675,-2.5215017795562744,0.0014335504965856671,0.002016383456066251,0.046452369540929794
4799,-2.565345048904419,-2.571845293045044,0.003571151988580823,0.0029291887767612934,0.04643840342760086
4800,-2.5973262786865234,-2.6004559993743896,0.0017183658201247454,0.0014115538215264678,0.04642441123723984
4801,-2.570972204208374,-2.5786166191101074,0.0043201809749007225,0.0033241657074540854,0.04641042277216911
4802,-2.535914659500122,-2.593792200088501,0.02851962484419346,0.02935793623328209,0.04639646038413048
4803,-2.5090527534484863,-2.5150108337402344,0.0030769379809498787,0.0028810494113713503,0.04638252779841423
4804,-2.672043561935425,-2.6792702674865723,0.0036622739862650633,0.003564290702342987,0.0463685616850853
4805,-2.518315315246582,-2.528148651123047,0.005052743945270777,0.0047806003130972385,0.04635457694530487
4806,-2.2814719676971436,-2.5302188396453857,0.12172479927539825,0.127021923661232,0.04634057730436325
4807,-2.559356451034546,-2.5623528957366943,0.0016296408139169216,0.001366927521303296,0.046326592564582825
4808,-2.5606396198272705,-2.564669132232666,0.002170563442632556,0.001858944771811366,0.0463126115500927
4809,-2.556117534637451,-2.566606044769287,0.005253954324871302,0.0052345613949000835,0.04629864543676376
4810,-2.4887735843658447,-2.4967594146728516,0.0037593585439026356,0.004226496908813715,0.046284716576337814
4811,-2.6129000186920166,-2.624959707260132,0.006168333347886801,0.005891216453164816,0.04627077281475067
4812,-2.620696783065796,-2.625492811203003,0.0024310355074703693,0.002364770043641329,0.04625685140490532
4813,-2.615147352218628,-2.6187307834625244,0.0018607859965413809,0.0017226593336090446,0.04624291509389877
4814,-2.6132864952087402,-2.6176209449768066,0.0020700052846223116,0.002264617010951042,0.04622898995876312
4815,-2.60075044631958,-2.6054954528808594,0.002345743589103222,0.0023992815986275673,0.04621503874659538
4816,-2.693183422088623,-2.7012836933135986,0.003897695569321513,0.0042026410810649395,0.046201080083847046
4817,-2.412796974182129,-2.4640259742736816,0.026859940961003304,0.024368898943066597,0.046187158674001694
4818,-2.670560836791992,-2.676705837249756,0.0030156371649354696,0.0031295022927224636,0.04617326334118843
4819,-2.5159215927124023,-2.5196332931518555,0.0017537998501211405,0.001957937376573682,0.04615942761301994
4820,-2.5047905445098877,-2.5089550018310547,0.0022739788983017206,0.001890302519313991,0.04614558815956116
4821,-2.576704263687134,-2.582047939300537,0.002841491950675845,0.002502294024452567,0.04613174870610237
4822,-2.6033692359924316,-2.60725998878479,0.002081095241010189,0.0018095603445544839,0.046117957681417465
4823,-2.150813579559326,-2.5599939823150635,0.20780175924301147,0.2013786882162094,0.04610418155789375
4824,-2.60439133644104,-2.6136155128479004,0.0047828322276473045,0.004441260360181332,0.04609043523669243
4825,-2.469723701477051,-2.4799485206604004,0.004730653949081898,0.005494203418493271,0.046076700091362
4826,-2.559558629989624,-2.56950306892395,0.005184218753129244,0.00476027512922883,0.046062957495450974
4827,-2.636770009994507,-2.6406362056732178,0.001836711773648858,0.0020293653942644596,0.04604923352599144
4828,-2.615508556365967,-2.619194746017456,0.0015704934485256672,0.002115790033712983,0.04603547975420952
4829,-2.5744149684906006,-2.5819997787475586,0.0034181280061602592,0.004166679456830025,0.046021718531847
4830,-2.5745162963867188,-2.578016757965088,0.0015758129302412271,0.0019248108146712184,0.046007949858903885
4831,-2.556194543838501,-2.561854124069214,0.0026569904293864965,0.0030027427710592747,0.04599418491125107
4832,-2.523033857345581,-2.57848858833313,0.026654476299881935,0.028800318017601967,0.045980434864759445
4833,-2.6530075073242188,-2.656672477722168,0.0019043927313759923,0.0017604941967874765,0.045966699719429016
4834,-2.574922800064087,-2.578341484069824,0.0015664901584386826,0.001852377550676465,0.04595294967293739
4835,-2.4815638065338135,-2.5395612716674805,0.028856094926595688,0.029141338542103767,0.04593919962644577
4836,-2.5293281078338623,-2.5338616371154785,0.0020419133361428976,0.0024917074479162693,0.04592546820640564
4837,-2.592780351638794,-2.656134605407715,0.03244224563241005,0.030911918729543686,0.04591170698404312
4838,-2.585275411605835,-2.587393283843994,0.0010723471641540527,0.0010454916628077626,0.045897938311100006
4839,-2.5658481121063232,-2.570038318634033,0.002037293743342161,0.002152898581698537,0.04588412120938301
4840,-2.6404595375061035,-2.6474316120147705,0.0033011860214173794,0.003670826554298401,0.045870326459407806
4841,-2.648193597793579,-2.6534423828125,0.0024215029552578926,0.0028272841591387987,0.045856550335884094
4842,-2.5813307762145996,-2.587383508682251,0.0030856982339173555,0.0029670370277017355,0.04584275558590889
4843,-2.543774127960205,-2.5489437580108643,0.00253485981374979,0.0026348084211349487,0.045828964561223984
4844,-2.5746207237243652,-2.5779361724853516,0.0018538900185376406,0.0014615050749853253,0.045815177261829376
4845,-2.5333540439605713,-2.5379395484924316,0.0023581774439662695,0.0022273738868534565,0.04580140486359596
4846,-2.5525054931640625,-2.5575313568115234,0.0024981528986245394,0.002527826465666294,0.04578762501478195
4847,-2.5756795406341553,-2.5918326377868652,0.007875406183302402,0.008277641609311104,0.045773860067129135
4848,-2.5717740058898926,-2.576096773147583,0.002452772343531251,0.0018698626663535833,0.045760102570056915
4849,-2.509119987487793,-2.5178191661834717,0.004397856071591377,0.004301249980926514,0.0457463338971138
4850,-2.5872273445129395,-2.589085340499878,0.0011112689971923828,0.0007466765819117427,0.04573258385062218
4851,-2.65728759765625,-2.660093069076538,0.001221018610522151,0.0015846040332689881,0.04571883752942085
4852,-2.575901746749878,-2.5822105407714844,0.003053572028875351,0.003255175892263651,0.04570511355996132
4853,-2.5744736194610596,-2.5765302181243896,0.0010677700629457831,0.0009887117194011807,0.04569137468934059
4854,-2.569131374359131,-2.5721938610076904,0.0016571796732023358,0.0014052100013941526,0.04567763954401016
4855,-2.6399736404418945,-2.642503499984741,0.0013107594568282366,0.0012191126588732004,0.04566395282745361
4856,-2.5549070835113525,-2.5588741302490234,0.0021756121423095465,0.0017915456555783749,0.04565026983618736
4857,-2.577179431915283,-2.5849575996398926,0.004199199378490448,0.003578953444957733,0.045636579394340515
4858,-2.5724880695343018,-2.5768563747406006,0.001783696236088872,0.0025847372598946095,0.045622874051332474
4859,-2.6044976711273193,-2.6076531410217285,0.0016089314594864845,0.0015465754549950361,0.04560920223593712
4860,-2.5938873291015625,-2.5975515842437744,0.0018213061848655343,0.0018430572235956788,0.04559557884931564
4861,-2.6078689098358154,-2.6105034351348877,0.0012767112348228693,0.001357869477942586,0.045581940561532974
4862,-2.4811508655548096,-2.493197441101074,0.005109657533466816,0.006936979480087757,0.04556829109787941
4863,-2.585075616836548,-2.592440605163574,0.004243424627929926,0.0031215725466609,0.04555463790893555
4864,-2.518047332763672,-2.523038387298584,0.0025612132158130407,0.0024298299103975296,0.045540984719991684
4865,-2.600494146347046,-2.6028127670288086,0.001046869670972228,0.0012716063065454364,0.04552731662988663
4866,-2.582441806793213,-2.5858521461486816,0.0017663054168224335,0.0016441198531538248,0.04551365599036217
4867,-2.6278793811798096,-2.6382126808166504,0.004922114312648773,0.005411243997514248,0.04549997299909592
4868,-2.577216386795044,-2.580676555633545,0.0013597228098660707,0.002100545447319746,0.04548628628253937
4869,-2.548473596572876,-2.5526857376098633,0.0020626250188797712,0.002149673644453287,0.04547256976366043
4870,-2.6307625770568848,-2.633647918701172,0.0017080330289900303,0.0011773218866437674,0.0454588457942009
4871,-2.680906295776367,-2.6856892108917236,0.0023951977491378784,0.0023878500796854496,0.04544512555003166
4872,-2.507735013961792,-2.5107123851776123,0.0014778708573430777,0.0014994502998888493,0.045431431382894516
4873,-2.6186277866363525,-2.6242029666900635,0.002844033297151327,0.002731061540544033,0.045417722314596176
4874,-2.609694242477417,-2.6185436248779297,0.0042604138143360615,0.004589046351611614,0.04540397226810455
4875,-2.5231235027313232,-2.5275113582611084,0.0023280507884919643,0.0020597081165760756,0.04539020359516144
4876,-2.546670436859131,-2.5501439571380615,0.001920633134432137,0.0015528576914221048,0.04537644982337952
4877,-2.4017746448516846,-2.61397647857666,0.10508470982313156,0.10711725801229477,0.04536273702979088
4878,-2.5227582454681396,-2.527200937271118,0.002534665632992983,0.001907979603856802,0.045349035412073135
4879,-2.160564422607422,-2.550901412963867,0.19393238425254822,0.19640474021434784,0.04533535987138748
4880,-2.604156255722046,-2.608009099960327,0.0020943693816661835,0.001758658792823553,0.04532169923186302
4881,-2.6271121501922607,-2.630465269088745,0.0015311409952118993,0.0018218960613012314,0.04530804231762886
4882,-2.5737550258636475,-2.577772378921509,0.0018399558030068874,0.0021773932967334986,0.045294422656297684
4883,-2.6370890140533447,-2.644169330596924,0.003740371437743306,0.0033401204273104668,0.0452808178961277
4884,-2.6598594188690186,-2.6668732166290283,0.0038857816252857447,0.003128143260255456,0.04526720568537712
4885,-2.067342758178711,-2.562774419784546,0.24810642004013062,0.24732522666454315,0.045253630727529526
4886,-2.4763333797454834,-2.4833126068115234,0.004126169718801975,0.0028531281277537346,0.045240070670843124
4887,-2.5481433868408203,-2.5596423149108887,0.006317261606454849,0.00518164224922657,0.04522652551531792
4888,-2.3428714275360107,-2.523531675338745,0.08900667726993561,0.09165361523628235,0.0452129952609539
4889,-2.5880465507507324,-2.6035358905792236,0.007950399070978165,0.007539079058915377,0.04519947990775108
4890,-2.5110864639282227,-2.5270040035247803,0.007820376195013523,0.00809722114354372,0.04518597945570946
4891,-2.066101551055908,-2.5561842918395996,0.24697448313236237,0.24310827255249023,0.045172471553087234
4892,-2.612760305404663,-2.6203510761260986,0.003952369559556246,0.0036384188570082188,0.045159000903367996
4893,-2.6323750019073486,-2.638103723526001,0.0030261087231338024,0.002702685771510005,0.04514555633068085
4894,-2.599158763885498,-2.6029038429260254,0.0018752585165202618,0.0018700351938605309,0.045132093131542206
4895,-2.620948553085327,-2.6284432411193848,0.004381504375487566,0.0031132211443036795,0.04511860013008118
4896,-2.561152458190918,-2.565807342529297,0.002384089631959796,0.0022706598974764347,0.04510512575507164
4897,-2.524568557739258,-2.5289793014526367,0.002422092482447624,0.0019886279478669167,0.04509164020419121
4898,-2.5848517417907715,-2.5913994312286377,0.0035713340621441603,0.0029764503706246614,0.04507813975214958
4899,-2.5493741035461426,-2.554394245147705,0.002354188822209835,0.0026660775765776634,0.045064665377140045
4900,-2.6033315658569336,-2.6103811264038086,0.0038498842623084784,0.003199545433744788,0.04505118355154991
4901,-2.5569396018981934,-2.559462070465088,0.0011145202443003654,0.0014079695101827383,0.04503773897886276
4902,-2.67370343208313,-2.6786155700683594,0.002469453029334545,0.0024424802977591753,0.04502428323030472
4903,-2.511603355407715,-2.515916585922241,0.0019226066069677472,0.002390684327110648,0.045010823756456375
4904,-2.5260276794433594,-2.527553081512451,0.000670910463668406,0.0008545566815882921,0.04499737173318863
4905,-2.540869951248169,-2.5494472980499268,0.00402491120621562,0.0045522768050432205,0.04498393088579178
4906,-2.5488622188568115,-2.5542514324188232,0.002502881456166506,0.002886219648644328,0.04497048258781433
4907,-2.578824043273926,-2.586740255355835,0.0042965649627149105,0.0036195882130414248,0.04495703801512718
4908,-2.6478312015533447,-2.653801441192627,0.003181742038577795,0.002788532990962267,0.044943612068891525
4909,-2.5965523719787598,-2.5982954502105713,0.0010684222215786576,0.0006746774888597429,0.04493016377091408
4910,-2.542442798614502,-2.545217514038086,0.001339693320915103,0.0014351211721077561,0.04491673409938812
4911,-2.5975520610809326,-2.601015090942383,0.0015274854376912117,0.0019355681724846363,0.044903308153152466
4912,-2.620335817337036,-2.6260218620300293,0.0029390889685600996,0.0027469743508845568,0.04488988593220711
4913,-2.5155065059661865,-2.5189168453216553,0.001749301445670426,0.0016611302271485329,0.04487646371126175
4914,-2.663468837738037,-2.6668505668640137,0.0017013258766382933,0.0016802609898149967,0.044863030314445496
4915,-2.59734845161438,-2.599090576171875,0.0009418083936907351,0.0008002810063771904,0.04484959691762924
4916,-2.5360686779022217,-2.5387730598449707,0.001462149666622281,0.001242122147232294,0.04483618959784508
4917,-2.6626667976379395,-2.6668975353240967,0.002393849426880479,0.0018368650926277041,0.04482278600335121
4918,-2.6086645126342773,-2.6131861209869385,0.0023366499226540327,0.0021848774049431086,0.04480937495827675
4919,-2.5848584175109863,-2.5934183597564697,0.004033212549984455,0.004526687320321798,0.04479597136378288
4920,-2.360638380050659,-2.570857048034668,0.10315775126218796,0.10706087946891785,0.04478256031870842
4921,-2.56980037689209,-2.5723912715911865,0.0013174847699701786,0.0012733263429254293,0.044769130647182465
4922,-2.554502487182617,-2.5588250160217285,0.0023688722867518663,0.00195363350212574,0.044755734503269196
4923,-2.6112444400787354,-2.618864059448242,0.00396342109888792,0.0036561668384820223,0.04474234580993652
4924,-2.5754237174987793,-2.5782811641693115,0.0014628949575126171,0.001394567429088056,0.04472896084189415
4925,-2.6349337100982666,-2.638315439224243,0.0015804895665496588,0.001801192993298173,0.04471556842327118
4926,-2.632694721221924,-2.637516498565674,0.002412079367786646,0.002409653039649129,0.04470216855406761
4927,-2.5949318408966064,-2.6020076274871826,0.003434426849707961,0.0036414361093193293,0.04468877613544464
4928,-2.5266339778900146,-2.5294928550720215,0.0017602667212486267,0.0010986665729433298,0.044675394892692566
4929,-2.5922000408172607,-2.5956456661224365,0.0014413601020351052,0.00200413865968585,0.044662006199359894
4930,-2.512057065963745,-2.5156102180480957,0.0018287502462044358,0.0017244538757950068,0.044648654758930206
4931,-2.598843812942505,-2.602123260498047,0.0016889686230570078,0.0015904820756986737,0.04463532939553261
4932,-2.603022336959839,-2.6065120697021484,0.0018995091086253524,0.0015902125742286444,0.044622018933296204
4933,-2.5829782485961914,-2.586569309234619,0.0014683599583804607,0.0021227507386356592,0.0446087121963501
4934,-2.520467758178711,-2.523655414581299,0.0014945314032956958,0.0016930479323491454,0.04459543153643608
4935,-2.2539901733398438,-2.553051233291626,0.1580682396888733,0.14099280536174774,0.044582121074199677
4936,-2.5144641399383545,-2.5762979984283447,0.030314559116959572,0.031519319862127304,0.04456881433725357
4937,-2.520855665206909,-2.5944924354553223,0.03740578889846802,0.036231108009815216,0.04455549269914627
4938,-2.5663087368011475,-2.5745651721954346,0.003901489544659853,0.004354921169579029,0.044542182236909866
4939,-2.597987174987793,-2.6023807525634766,0.002478022826835513,0.0019155635964125395,0.04452885687351227
4940,-2.726588249206543,-2.7312381267547607,0.0018287630518898368,0.002821278525516391,0.04451553523540497
4941,-2.5676515102386475,-2.5740036964416504,0.0034844130277633667,0.0028676523361355066,0.04450221732258797
4942,-2.609257221221924,-2.6180689334869385,0.004028934985399246,0.004782678559422493,0.04448888450860977
4943,-2.564404010772705,-2.5667481422424316,0.0011464053532108665,0.0011978010879829526,0.04447558522224426
4944,-2.6540162563323975,-2.6606569290161133,0.0034196185879409313,0.0032211472280323505,0.04446230083703995
4945,-2.402423620223999,-2.4837937355041504,0.03878571093082428,0.042584408074617386,0.04444902017712593
4946,-2.5663633346557617,-2.570032835006714,0.0019887080416083336,0.0016808077925816178,0.04443574324250221
4947,-2.5192582607269287,-2.5253183841705322,0.0031623831018805504,0.0028977710753679276,0.04442247003316879
4948,-2.617971897125244,-2.623048782348633,0.002629933413118124,0.002446790225803852,0.04440918192267418
4949,-2.6193594932556152,-2.6216888427734375,0.0010840070899575949,0.0012453438248485327,0.04439586400985718
4950,-2.601586103439331,-2.605677604675293,0.0021797691006213427,0.0019116444746032357,0.044382549822330475
4951,-2.5808043479919434,-2.5861618518829346,0.0025462787598371506,0.0028111578430980444,0.04436923936009407
4952,-2.591313600540161,-2.5937912464141846,0.0010376821737736464,0.001440125284716487,0.044355954974889755
4953,-2.6124279499053955,-2.6175379753112793,0.002106077503412962,0.00300387991592288,0.044342685490846634
4954,-2.6145472526550293,-2.6230576038360596,0.0033485570456832647,0.005161742214113474,0.04432939738035202
4955,-2.5964386463165283,-2.600093126296997,0.001433833152987063,0.0022205309942364693,0.044316135346889496
4956,-2.631096839904785,-2.63322114944458,0.0009598390315659344,0.0011643359903246164,0.04430287703871727
4957,-2.601799488067627,-2.607858657836914,0.002606110880151391,0.0034531094133853912,0.044289592653512955
4958,-2.576357364654541,-2.5911364555358887,0.007868271321058273,0.0069109187461435795,0.04427633062005043
4959,-2.552884817123413,-2.5560288429260254,0.0016687519382685423,0.0014752596616744995,0.044263072311878204
4960,-2.5706868171691895,-2.5756676197052,0.002721821889281273,0.0022590733133256435,0.04424981027841568
4961,-2.518486738204956,-2.5829343795776367,0.032973289489746094,0.03147435188293457,0.044236570596694946
4962,-2.6426546573638916,-2.647274971008301,0.0021363210398703814,0.0024841208942234516,0.044223327189683914
4963,-2.5792300701141357,-2.5835037231445312,0.0017259522574022412,0.002547641284763813,0.044210076332092285
4964,-2.525245428085327,-2.5297789573669434,0.0023144828155636787,0.002218881156295538,0.04419685900211334
4965,-2.5875041484832764,-2.5916290283203125,0.002654110547155142,0.0014707328518852592,0.044183678925037384
4966,-2.588379144668579,-2.654496431350708,0.031085304915905,0.03503201901912689,0.04417051374912262
4967,-2.5814929008483887,-2.584162473678589,0.0013559904182329774,0.0013136309571564198,0.044157352298498154
4968,-2.6775434017181396,-2.6845340728759766,0.0032553006894886494,0.003735363483428955,0.04414420574903488
4969,-2.5120656490325928,-2.519606351852417,0.0037607867270708084,0.00377977779135108,0.04413105174899101
4970,-2.6417899131774902,-2.6475045680999756,0.0030487487092614174,0.002665892243385315,0.04411790147423744
4971,-2.585860013961792,-2.590209484100342,0.0017703628400340676,0.0025793162640184164,0.044104766100645065
4972,-2.5729212760925293,-2.5758533477783203,0.0015079971635714173,0.0014241370372474194,0.044091612100601196
4973,-2.561199188232422,-2.5660336017608643,0.002451180014759302,0.0023831133730709553,0.044078461825847626
4974,-2.6018946170806885,-2.6084980964660645,0.0034433885011821985,0.0031600187066942453,0.04406534135341644
4975,-2.580789566040039,-2.5898680686950684,0.003949255682528019,0.005129420198500156,0.04405222088098526
4976,-2.5192103385925293,-2.5872602462768555,0.03217479586601257,0.03587508946657181,0.0440390519797802
4977,-2.5778586864471436,-2.585103750228882,0.00399923836812377,0.003245879430323839,0.04402588680386543
4978,-2.676731586456299,-2.6794509887695312,0.001542768906801939,0.0011765025556087494,0.044012703001499176
4979,-2.5771193504333496,-2.6445064544677734,0.03531133383512497,0.03207585960626602,0.04399951547384262
4980,-2.6202924251556396,-2.6315550804138184,0.0059709129855036736,0.005291779525578022,0.04398630931973457
4981,-2.6210529804229736,-2.6299586296081543,0.0045667486265301704,0.004339005332440138,0.04397311061620712
4982,-2.5649123191833496,-2.5682122707366943,0.001456857193261385,0.0018428605981171131,0.04395991191267967
4983,-2.2137959003448486,-2.605375289916992,0.19239340722560883,0.19918601214885712,0.04394670948386192
4984,-2.4886832237243652,-2.492743968963623,0.0020309516694396734,0.0020299390889704227,0.04393355920910835
4985,-2.5025196075439453,-2.5144309997558594,0.006392809096723795,0.005518786609172821,0.043920405209064484
4986,-2.4503562450408936,-2.4579083919525146,0.003891207743436098,0.003660826710984111,0.04390725493431091
4987,-2.526871919631958,-2.539621114730835,0.005729986820369959,0.00701921246945858,0.04389413073658943
4988,-2.543973684310913,-2.5497777462005615,0.0026485587004572153,0.003155394457280636,0.043880999088287354
4989,-2.633275032043457,-2.636632204055786,0.0019249304896220565,0.0014321432681754231,0.043867871165275574
4990,-2.4258646965026855,-2.6353647708892822,0.10510147362947464,0.10439853370189667,0.04385474696755409
4991,-2.575692653656006,-2.5789127349853516,0.0018692705780267715,0.0013508987613022327,0.04384160786867142
4992,-2.466195583343506,-2.4717910289764404,0.002731297630816698,0.0028641156386584044,0.04382846876978874
4993,-2.582712411880493,-2.585801124572754,0.0013864361681044102,0.0017022571992129087,0.04381534829735756
4994,-2.581753730773926,-2.5888216495513916,0.0030870961491018534,0.003980846609920263,0.043802205473184586
4995,-2.5415868759155273,-2.545027494430542,0.001852464396506548,0.0015881622675806284,0.04378905147314072
4996,-2.5941193103790283,-2.5990171432495117,0.0025782822631299496,0.0023195683024823666,0.04377589747309685
4997,-2.594644069671631,-2.5969533920288086,0.0011544839944690466,0.001154996338300407,0.043762750923633575
4998,-2.615509271621704,-2.623150110244751,0.003844992257654667,0.0037958496250212193,0.04374959319829941
4999,-2.6088244915008545,-2.614992618560791,0.0027850395999848843,0.0033830846659839153,0.04373644292354584
5000,-2.672316789627075,-2.67742657661438,0.0028242385014891624,0.0022853845730423927,0.04372330754995346
5001,-2.6724040508270264,-2.6772959232330322,0.002596920123323798,0.0022950428538024426,0.04371020570397377
5002,-2.593514919281006,-2.5973432064056396,0.0021065298933535814,0.00172193453181535,0.04369712993502617
5003,-2.6382153034210205,-2.6440467834472656,0.002717527560889721,0.0031139329075813293,0.043684035539627075
5004,-2.533280849456787,-2.5353763103485107,0.0008655688143335283,0.0012300573289394379,0.04367094486951828
5005,-2.618718147277832,-2.622222423553467,0.0017477584769949317,0.0017564925365149975,0.04365785792469978
5006,-2.6053686141967773,-2.609710931777954,0.002573349978774786,0.0017689651576802135,0.0436447449028492
5007,-2.5424435138702393,-2.5457348823547363,0.0015850168420001864,0.0017063813284039497,0.0436316579580307
5008,-2.5535643100738525,-2.5583698749542236,0.0027432458009570837,0.002062218962237239,0.043618593364953995
5009,-2.589397430419922,-2.5938844680786133,0.002160580363124609,0.002326379530131817,0.043605513870716095
5010,-2.5805866718292236,-2.5876903533935547,0.0034264815039932728,0.00367710180580616,0.043592434376478195
5011,-2.629126787185669,-2.633878231048584,0.00194935139734298,0.0028020895551890135,0.04357937350869179
5012,-2.573575973510742,-2.576366424560547,0.0013314400566741824,0.0014590155333280563,0.043566327542066574
5013,-2.63920521736145,-2.643023729324341,0.001975832972675562,0.0018428144976496696,0.04355325922369957
5014,-2.576619863510132,-2.5806901454925537,0.0024504477623850107,0.001619871472939849,0.043540190905332565
5015,-2.587750196456909,-2.5939180850982666,0.003246322274208069,0.002921689534559846,0.043527111411094666
5016,-2.513709306716919,-2.516139030456543,0.0010422179475426674,0.001387533382512629,0.043514057993888855
5017,-2.5772078037261963,-2.5834193229675293,0.0031204468104988337,0.003091157879680395,0.04350101947784424
5018,-2.629159688949585,-2.6305384635925293,0.0005644987104460597,0.0008140961872413754,0.04348798468708992
5019,-2.589003562927246,-2.596116065979004,0.003071582643315196,0.004040862899273634,0.043474942445755005
5020,-2.61079478263855,-2.6189520359039307,0.003837450174614787,0.004319850355386734,0.043461937457323074
5021,-2.5356686115264893,-2.539198875427246,0.0018268926069140434,0.0017032884061336517,0.043448932468891144
5022,-2.623225212097168,-2.6243467330932617,0.0006993170245550573,0.00042212510015815496,0.04343590512871742
5023,-2.615318775177002,-2.6216957569122314,0.003622084856033325,0.0027549799997359514,0.0434228777885437
5024,-2.581855058670044,-2.5874269008636475,0.0034064338542521,0.0021653370931744576,0.043409865349531174
5025,-2.609687566757202,-2.6168673038482666,0.0036001785192638636,0.0035796326119452715,0.04339687153697014
5026,-2.590174674987793,-2.6488900184631348,0.02968011237680912,0.029035447165369987,0.0433838777244091
5027,-2.6572134494781494,-2.6599225997924805,0.0013564929831773043,0.0013524636160582304,0.043370865285396576
5028,-2.5354526042938232,-2.5935451984405518,0.029172204434871674,0.02892049215734005,0.043357837945222855
5029,-2.612168550491333,-2.6171813011169434,0.0024674180895090103,0.002545412862673402,0.043344806879758835
5030,-2.5645971298217773,-2.567596197128296,0.0015553826233372092,0.0014435532502830029,0.04333178699016571
5031,-2.618610143661499,-2.625715970993042,0.0041805594228208065,0.0029251526575535536,0.0433187298476696
5032,-2.536979913711548,-2.5418524742126465,0.0023430869914591312,0.0025293915532529354,0.043305687606334686
5033,-2.736466407775879,-2.7435691356658936,0.0030316191259771585,0.004071036819368601,0.04329264909029007
5034,-2.5646514892578125,-2.5677878856658936,0.0020465822890400887,0.0010898150503635406,0.043279603123664856
5035,-2.6160106658935547,-2.619910717010498,0.0017654092516750097,0.0021346495486795902,0.04326656460762024
5036,-2.6455278396606445,-2.6502761840820312,0.002243028488010168,0.0025052414275705814,0.04325354844331741
5037,-2.604323148727417,-2.6074724197387695,0.0017505476716905832,0.0013987320708110929,0.04324055463075638
5038,-2.62842059135437,-2.641011953353882,0.00620614318177104,0.006385270040482283,0.043227579444646835
5039,-2.5828909873962402,-2.585172653198242,0.0012820445699617267,0.0009995924774557352,0.04321460425853729
5040,-2.633323907852173,-2.635598659515381,0.0014482300030067563,0.0008265748620033264,0.043201643973588943
5041,-2.5839715003967285,-2.5875420570373535,0.001864338992163539,0.0017060202080756426,0.04318869113922119
5042,-2.5626413822174072,-2.5718626976013184,0.004799653310328722,0.004421704448759556,0.043175727128982544
5043,-2.5520169734954834,-2.559130907058716,0.003927902318537235,0.0031860037706792355,0.0431627482175827
5044,-2.5248520374298096,-2.5270111560821533,0.0010392997646704316,0.0011198387946933508,0.04314977303147316
5045,-2.5324959754943848,-2.53670597076416,0.0018850677879527211,0.0023247776553034782,0.04313681274652481
5046,-2.594440221786499,-2.5975632667541504,0.0019255332881584764,0.0011976748937740922,0.04312385618686676
5047,-2.572749376296997,-2.575913667678833,0.0014749551191926003,0.001689469558186829,0.0431109257042408
5048,-2.5822951793670654,-2.5844578742980957,0.000995372305624187,0.0011672258842736483,0.04309799522161484
5049,-2.581427812576294,-2.5861058235168457,0.0025452952831983566,0.0021326285786926746,0.04308506101369858
5050,-2.585451126098633,-2.589038610458374,0.0017674020491540432,0.0018201067578047514,0.043072160333395004
5051,-2.576904296875,-2.581456184387207,0.002206689678132534,0.0023451175075024366,0.043059274554252625
5052,-2.549858570098877,-2.5513486862182617,0.0007103505777195096,0.0007798461010679603,0.043046385049819946
5053,-2.4397988319396973,-2.4431164264678955,0.0020053857006132603,0.0013123585376888514,0.04303348436951637
5054,-2.5379626750946045,-2.54158878326416,0.0019608165603131056,0.0016654398059472442,0.043020591139793396
5055,-2.5879995822906494,-2.5926547050476074,0.00232163374312222,0.0023334226571023464,0.04300769045948982
5056,-2.654585599899292,-2.6561198234558105,0.0008263922645710409,0.0007077493355609477,0.042994823306798935
5057,-2.6377947330474854,-2.6412434577941895,0.001673131249845028,0.0017755423905327916,0.042981959879398346
5058,-2.6768147945404053,-2.6797618865966797,0.0013134818291291595,0.001633747830055654,0.042969100177288055
5059,-2.613957643508911,-2.6188478469848633,0.0021133897826075554,0.002776929410174489,0.042956236749887466
5060,-2.598569631576538,-2.6041829586029053,0.0024676132015883923,0.0031456153374165297,0.04294337332248688
5061,-2.635263204574585,-2.637312173843384,0.0009684253018349409,0.0010805226629599929,0.04293052479624748
5062,-2.4821996688842773,-2.5382237434387207,0.02797725237905979,0.02804676443338394,0.04291769117116928
5063,-2.62412691116333,-2.6284897327423096,0.002051886636763811,0.002310887910425663,0.04290488362312317
5064,-2.629936695098877,-2.6329262256622314,0.0017784822266548872,0.0012112335534766316,0.042892079800367355
5065,-2.6116697788238525,-2.6137661933898926,0.001112558413296938,0.0009839304257184267,0.04287929832935333
5066,-2.590268135070801,-2.599888324737549,0.004533580504357815,0.005086721386760473,0.04286652058362961
5067,-2.5332536697387695,-2.538663148880005,0.002807894255965948,0.00260162609629333,0.04285377636551857
5068,-2.6688072681427,-2.6746954917907715,0.0026234209071844816,0.0032649761997163296,0.04284100979566574
5069,-2.5984320640563965,-2.6557118892669678,0.028186393901705742,0.029093464836478233,0.04282825440168381
5070,-2.6928024291992188,-2.696971893310547,0.0018161056796088815,0.0023534060455858707,0.04281549155712128
5071,-2.61205792427063,-2.618412971496582,0.0034760392736643553,0.002878934843465686,0.04280271381139755
5072,-2.575563669204712,-2.5816638469696045,0.0028679147362709045,0.0032321710605174303,0.042789947241544724
5073,-2.5730135440826416,-2.576843500137329,0.0019339016871526837,0.001896153436973691,0.042777176946401596
5074,-2.5995376110076904,-2.601541757583618,0.0010344106703996658,0.000969567452557385,0.04276439920067787
5075,-2.50793719291687,-2.5187058448791504,0.005505640059709549,0.005263188388198614,0.04275159537792206
5076,-2.5512008666992188,-2.564192056655884,0.006575883366167545,0.006415446754544973,0.04273880645632744
5077,-2.2319610118865967,-2.5003979206085205,0.13454100489616394,0.13389597833156586,0.04272602126002312
5078,-2.6070642471313477,-2.615851879119873,0.004589183256030083,0.004198451526463032,0.0427132286131382
5079,-2.58321475982666,-2.5866310596466064,0.0020058508962392807,0.00141041015740484,0.04270041733980179
5080,-2.616035223007202,-2.6205029487609863,0.0022231796756386757,0.0022443903144448996,0.04268760234117508
5081,-2.557427406311035,-2.559088706970215,0.000867626047693193,0.0007937608752399683,0.042674802243709564
5082,-2.5118002891540527,-2.5157077312469482,0.001937582390382886,0.0019699002150446177,0.04266202449798584
5083,-2.6389191150665283,-2.6411170959472656,0.0011767479591071606,0.0010211289627477527,0.04264923930168152
5084,-2.6382296085357666,-2.642333745956421,0.0024012834765017033,0.0017027807189151645,0.04263646900653839
5085,-2.5221009254455566,-2.524653196334839,0.001492727780714631,0.0010594947962090373,0.04262370616197586
5086,-2.6774063110351562,-2.679802417755127,0.0013501486973837018,0.0010459421901032329,0.042610954493284225
5087,-2.495501756668091,-2.5625553131103516,0.034266289323568344,0.032787423580884933,0.0425981841981411
5088,-2.4525110721588135,-2.4596123695373535,0.004685239866375923,0.0024160281755030155,0.04258539900183678
5089,-2.5724105834960938,-2.5827019214630127,0.005205708090215921,0.005085810087621212,0.04257265850901604
5090,-2.636770009994507,-2.6474757194519043,0.004938130266964436,0.005767535883933306,0.042559921741485596
5091,-2.6987316608428955,-2.7073330879211426,0.004372181836515665,0.004229280166327953,0.042547181248664856
5092,-2.6759238243103027,-2.682215690612793,0.003016736125573516,0.003275190945714712,0.042534422129392624
5093,-2.562777519226074,-2.5665528774261475,0.001625131000764668,0.0021502249874174595,0.04252166673541069
5094,-2.537379264831543,-2.5405240058898926,0.0020788179244846106,0.0010658574756234884,0.04250894486904144
5095,-2.185760021209717,-2.575554847717285,0.19592055678367615,0.19387440383434296,0.042496208101511
5096,-2.4914093017578125,-2.494730234146118,0.0015723988180980086,0.0017485363641753793,0.04248347133398056
5097,-2.509145498275757,-2.517277717590332,0.003850620938464999,0.004281498491764069,0.04247073456645012
5098,-2.5119943618774414,-2.5217666625976562,0.005080214701592922,0.00469203433021903,0.04245799779891968
5099,-2.527843952178955,-2.5404584407806396,0.006130015943199396,0.006484607700258493,0.04244527593255043
5100,-2.620170831680298,-2.6257829666137695,0.003038453171029687,0.0025737157557159662,0.042432595044374466
5101,-2.6158559322357178,-2.6230506896972656,0.0036671929992735386,0.0035275837872177362,0.04241994023323059
5102,-2.657344341278076,-2.6652209758758545,0.0031871467363089323,0.0046893395483493805,0.04240725189447403
5103,-2.6629586219787598,-2.6714022159576416,0.004047048278152943,0.004396425560116768,0.042394593358039856
5104,-2.5705490112304688,-2.579204797744751,0.003609659383073449,0.005046078935265541,0.042381949722766876
5105,-2.6477549076080322,-2.654256820678711,0.003198709338903427,0.0033032670617103577,0.042369283735752106
5106,-2.6175777912139893,-2.6256260871887207,0.004238281864672899,0.0038100476376712322,0.042356595396995544
5107,-2.495349168777466,-2.5000181198120117,0.0023107717279344797,0.002358274068683386,0.042343903332948685
5108,-2.584219455718994,-2.5884201526641846,0.002086580265313387,0.0021140286698937416,0.04233119636774063
5109,-2.63358211517334,-2.6388401985168457,0.0026074694469571114,0.0026505510322749615,0.04231851175427437
5110,-2.5695013999938965,-2.5729846954345703,0.001561338547617197,0.0019218580564484,0.04230586066842079
5111,-2.5811612606048584,-2.585951328277588,0.0022899098694324493,0.002500062808394432,0.04229322448372841
5112,-2.5334715843200684,-2.5394253730773926,0.002736627822741866,0.003217324148863554,0.04228057339787483
5113,-2.6534221172332764,-2.6564457416534424,0.0016906725941225886,0.0013330801157280803,0.042267922312021255
5114,-2.6242315769195557,-2.6274075508117676,0.0016567623242735863,0.0015191712882369757,0.042255256325006485
5115,-2.536223888397217,-2.541356086730957,0.0024954036343842745,0.002636972116306424,0.0422426275908947
5116,-2.423091411590576,-2.6533825397491455,0.11488412320613861,0.11540687829256058,0.042229969054460526
5117,-2.515629291534424,-2.522770881652832,0.0043655261397361755,0.0027762451209127903,0.042217325419187546
5118,-2.6345152854919434,-2.638170003890991,0.0017216516425833106,0.0019330100622028112,0.04220470413565636
5119,-2.5233144760131836,-2.59586501121521,0.03583978861570358,0.03671079874038696,0.04219209775328636
5120,-2.5643258094787598,-2.5695619583129883,0.0030021113343536854,0.002233961597084999,0.04217948392033577
5121,-2.554302930831909,-2.5574564933776855,0.0015891484217718244,0.0015644984086975455,0.04216689616441727
5122,-2.6084706783294678,-2.6107492446899414,0.0010688131442293525,0.0012098373845219612,0.042154282331466675
5123,-2.6246068477630615,-2.627265453338623,0.0015030577778816223,0.0011556261451914907,0.04214166849851608
5124,-2.5203795433044434,-2.5237977504730225,0.0018222726648673415,0.0015959589509293437,0.04212905094027519
5125,-2.661573886871338,-2.666234254837036,0.0027095889672636986,0.0019507633987814188,0.042116448283195496
5126,-2.6028568744659424,-2.611656904220581,0.004731557331979275,0.004068384878337383,0.042103856801986694
5127,-2.5272257328033447,-2.5320208072662354,0.002542827744036913,0.002252343576401472,0.04209127277135849
5128,-2.5328125953674316,-2.5380847454071045,0.002674997551366687,0.0025971089489758015,0.04207871854305267
5129,-2.54007625579834,-2.546441078186035,0.0036716535687446594,0.0026932372711598873,0.04206616058945656
5130,-2.666562557220459,-2.668989419937134,0.0015619427431374788,0.0008650465169921517,0.04205360636115074
5131,-2.6030547618865967,-2.6071817874908447,0.0022512583527714014,0.0018758421065285802,0.04204104468226433
5132,-2.5198612213134766,-2.527353286743164,0.0036044965963810682,0.003887570695951581,0.04202848672866821
5133,-2.604595422744751,-2.607192277908325,0.0012573939748108387,0.001339329988695681,0.04201594367623329
5134,-2.4632318019866943,-2.467280626296997,0.002500028582289815,0.0015488365897908807,0.04200342297554016
5135,-2.624610185623169,-2.6299681663513184,0.0026024864055216312,0.0027553963009268045,0.04199088737368584
5136,-2.615185260772705,-2.6213219165802,0.003713573794811964,0.00242306524887681,0.041978344321250916
5137,-2.565985679626465,-2.5716235637664795,0.003450028831139207,0.0021880806889384985,0.04196581616997719
5138,-2.673997402191162,-2.6771273612976074,0.0016979757929220796,0.00143184803891927,0.04195331037044525
5139,-2.563138008117676,-2.5679409503936768,0.002364635933190584,0.0024382953997701406,0.041940830647945404
5140,-2.590848445892334,-2.5930821895599365,0.0011557709658518434,0.0010780043667182326,0.04192834347486496
5141,-2.540454149246216,-2.5441343784332275,0.001899714581668377,0.0017805263632908463,0.04191587120294571
5142,-2.520414113998413,-2.5466744899749756,0.01332857459783554,0.012931782752275467,0.04190336912870407
5143,-2.413908004760742,-2.661144256591797,0.1212124228477478,0.1260237991809845,0.04189089313149452
5144,-2.5814006328582764,-2.5885114669799805,0.004064059816300869,0.0030468557961285114,0.04187843203544617
5145,-2.6024234294891357,-2.6087677478790283,0.0033631534315645695,0.0029812778811901808,0.04186597093939781
5146,-2.6449551582336426,-2.652547597885132,0.0035208554472774267,0.004071555100381374,0.04185349494218826
5147,-2.5840773582458496,-2.5879292488098145,0.001752754906192422,0.002099098637700081,0.04184099659323692
5148,-2.5685250759124756,-2.5707192420959473,0.0012467127526178956,0.000947416527196765,0.04182847589254379
5149,-2.4793331623077393,-2.5417590141296387,0.030273854732513428,0.032151926308870316,0.04181598499417305
5150,-2.598076581954956,-2.6057770252227783,0.0034485780633985996,0.004251919686794281,0.0418035052716732
5151,-2.6476433277130127,-2.6600069999694824,0.00609107781201601,0.006272604689002037,0.04179100692272186
5152,-2.5698742866516113,-2.5782077312469482,0.0038921136874705553,0.004441296681761742,0.041778504848480225
5153,-2.5898661613464355,-2.5932235717773438,0.0018942963797599077,0.0014631925150752068,0.041766006499528885
5154,-2.414734125137329,-2.624802350997925,0.10414772480726242,0.10592065006494522,0.04175354167819023
5155,-2.534186363220215,-2.5427191257476807,0.004251617472618818,0.004281025845557451,0.04174106940627098
5156,-2.473764419555664,-2.552746534347534,0.040890444070100784,0.03809168562293053,0.04172860085964203
5157,-2.6290431022644043,-2.632248878479004,0.0013481295900419354,0.0018577412702143192,0.04171612858772278
5158,-2.5114963054656982,-2.5912864208221436,0.040898311883211136,0.03889178857207298,0.041703686118125916
5159,-2.59386944770813,-2.6056935787200928,0.005978148430585861,0.0058460780419409275,0.04169125109910965
5160,-2.6275155544281006,-2.635664463043213,0.00404561311006546,0.004103226121515036,0.041678786277770996
5161,-2.622148036956787,-2.6333305835723877,0.005161237437278032,0.006021344102919102,0.04166632890701294
5162,-2.569197416305542,-2.5782501697540283,0.004861586261540651,0.004191243089735508,0.04165388271212578
5163,-2.5950214862823486,-2.6038031578063965,0.0041572945192456245,0.004624434281140566,0.04164142161607742
5164,-2.160310745239258,-2.589371919631958,0.21556173264980316,0.2134995013475418,0.04162895306944847
5165,-2.5321545600891113,-2.536036968231201,0.0018215118907392025,0.002060788683593273,0.04161649942398071
5166,-2.510472536087036,-2.521252155303955,0.005308785941451788,0.005470787640661001,0.041604019701480865
5167,-2.492964029312134,-2.5073845386505127,0.007530009374022484,0.006890574470162392,0.04159156233072281
5168,-2.48846435546875,-2.500605344772339,0.006203338038176298,0.005937534850090742,0.041579097509384155
5169,-2.60890793800354,-2.6205897331237793,0.00652634771540761,0.0051555270329117775,0.041566621512174606
5170,-2.5911378860473633,-2.59932804107666,0.0037309511099010706,0.004459199961274862,0.041554175317287445
5171,-2.6079514026641846,-2.6111626625061035,0.001371967140585184,0.0018393243663012981,0.04154174402356148
5172,-2.66784930229187,-2.6742007732391357,0.0036002646666020155,0.0027511732187122107,0.04152930527925491
5173,-2.6444530487060547,-2.6561453342437744,0.006113442592322826,0.005578724201768637,0.04151685908436775
5174,-2.540675640106201,-2.6045074462890625,0.033779773861169815,0.030051851645112038,0.04150446876883507
5175,-2.564265489578247,-2.5760560035705566,0.006325059104710817,0.005465414375066757,0.04149206355214119
5176,-2.62996506690979,-2.6349716186523438,0.0028266902081668377,0.0021797693334519863,0.04147965833544731
5177,-2.5984158515930176,-2.6018738746643066,0.0019528543343767524,0.0015050765359774232,0.04146726056933403
5178,-2.5886647701263428,-2.59127140045166,0.0009234615135937929,0.0016832497203722596,0.04145486280322075
5179,-2.218306064605713,-2.457186460494995,0.12222792208194733,0.11665245145559311,0.041442472487688065
5180,-2.565549850463867,-2.571805715560913,0.003509293310344219,0.002746682846918702,0.04143012315034866
5181,-2.575568914413452,-2.5929183959960938,0.009540100581943989,0.007809469010680914,0.04141775891184807
5182,-2.6040804386138916,-2.6093647480010986,0.0027578184381127357,0.0025264155119657516,0.041405417025089264
5183,-2.67519474029541,-2.6801223754882812,0.0029906323179602623,0.0019368393113836646,0.041393086314201355
5184,-2.5620970726013184,-2.564643621444702,0.0014228218933567405,0.0011235723504796624,0.04138077422976494
5185,-2.591602087020874,-2.5981006622314453,0.0032384188380092382,0.0032601645216345787,0.041368480771780014
5186,-2.560458183288574,-2.56992506980896,0.004873489495366812,0.004593473393470049,0.04135618358850479
5187,-2.560852289199829,-2.566502094268799,0.0028516820166260004,0.0027980508748441935,0.041343871504068375
5188,-2.6146676540374756,-2.6221208572387695,0.003803165629506111,0.003650031518191099,0.04133153334259987
5189,-2.3600242137908936,-2.610318422317505,0.12520623207092285,0.12508796155452728,0.04131920635700226
5190,-2.649001359939575,-2.6596322059631348,0.005121051799505949,0.005509857088327408,0.04130690544843674
5191,-2.603728771209717,-2.6092941761016846,0.002556652296334505,0.0030088573694229126,0.041294585913419724
5192,-2.6020424365997314,-2.6050021648406982,0.001599828596226871,0.0013600131496787071,0.041282232850790024
5193,-2.5703248977661133,-2.5767557621002197,0.0035210794303566217,0.002909967675805092,0.04126987233757973
5194,-2.5807301998138428,-2.5842444896698,0.00211936142295599,0.0013949042186141014,0.041257504373788834
5195,-2.5609724521636963,-2.5643017292022705,0.001848259475082159,0.0014810459688305855,0.04124514386057854
5196,-2.576482057571411,-2.5806186199188232,0.002084356965497136,0.002052413299679756,0.041232772171497345
5197,-2.5905978679656982,-2.599001884460449,0.004156178329139948,0.004247906617820263,0.041220396757125854
5198,-2.52514910697937,-2.53535795211792,0.0048621464520692825,0.005346762482076883,0.041208017617464066
5199,-2.6073379516601562,-2.6112895011901855,0.002004313049837947,0.0019471177365630865,0.04119564965367317
5200,-2.5894556045532227,-2.598381519317627,0.004153248388320208,0.0047727408818900585,0.04118329659104347
5201,-2.6012794971466064,-2.606229066848755,0.002883041277527809,0.00206659734249115,0.04117094725370407
5202,-2.592470407485962,-2.6015288829803467,0.004974771291017532,0.00408362178131938,0.04115859046578407
5203,-2.5188732147216797,-2.5272555351257324,0.004000451415777206,0.0043819015845656395,0.04114624485373497
5204,-2.597541093826294,-2.60068416595459,0.001536020077764988,0.0016068838303908706,0.04113389551639557
5205,-2.6143887042999268,-2.616715908050537,0.0013984000543132424,0.0009288813453167677,0.04112156108021736
5206,-2.6042709350585938,-2.610952377319336,0.0032587372697889805,0.003422743873670697,0.04110921174287796
5207,-2.568366050720215,-2.5719621181488037,0.0020058411173522472,0.001590172527357936,0.04109688103199005
5208,-2.3877532482147217,-2.5870096683502197,0.09994761645793915,0.09930867701768875,0.04108453914523125
5209,-2.5399088859558105,-2.5469753742218018,0.003646572818979621,0.0034198241773992777,0.04107222706079483
5210,-2.6459550857543945,-2.6533284187316895,0.004232313949614763,0.0031410395167768,0.0410599485039711
5211,-2.513495922088623,-2.5764694213867188,0.031867872923612595,0.0311055239289999,0.04104766622185707
5212,-2.622521162033081,-2.6277480125427246,0.0023348326794803143,0.0028919128235429525,0.041035376489162445
5213,-2.6387412548065186,-2.642943859100342,0.002109748311340809,0.0020928336307406425,0.041023097932338715
5214,-2.670387029647827,-2.6767525672912598,0.003993523307144642,0.0023721340112388134,0.04101079702377319
5215,-2.6031877994537354,-2.6100974082946777,0.00315005867742002,0.003759677754715085,0.04099849984049797
5216,-2.51129150390625,-2.51910662651062,0.004108110908418894,0.0037070252001285553,0.04098624363541603
5217,-2.557377815246582,-2.560652256011963,0.001932733692228794,0.0013417699374258518,0.04097399860620499
5218,-2.5032830238342285,-2.505923271179199,0.0012917708372697234,0.001348573132418096,0.04096175357699394
5219,-2.4846677780151367,-2.4888482093811035,0.002152796136215329,0.0020277558360248804,0.04094948619604111
5220,-2.5990211963653564,-2.606257915496826,0.004067056346684694,0.0031697198282927275,0.04093722626566887
5221,-2.5404253005981445,-2.544046640396118,0.002389010973274708,0.0012323543196544051,0.040924981236457825
5222,-2.5021331310272217,-2.5070180892944336,0.002252228558063507,0.002632644260302186,0.040912725031375885
5223,-2.5404415130615234,-2.542921781539917,0.001555741298943758,0.0009245104738511145,0.040900494903326035
5224,-2.610442876815796,-2.625734329223633,0.008111285045742989,0.007180229760706425,0.04088824987411499
5225,-2.5602993965148926,-2.567025661468506,0.003655526787042618,0.0030707302503287792,0.04087596759200096
5226,-2.6518428325653076,-2.6573171615600586,0.002825037809088826,0.002649392234161496,0.04086371138691902
5227,-2.5029680728912354,-2.5702261924743652,0.03389774635434151,0.03336046636104584,0.04085148498415947
5228,-2.6380858421325684,-2.6450307369232178,0.003341813338920474,0.003603063989430666,0.04083927348256111
5229,-2.612748384475708,-2.618731737136841,0.002504149451851845,0.003479151288047433,0.040827106684446335
5230,-2.624472141265869,-2.627699136734009,0.0014807602856308222,0.0017462196992710233,0.040814921259880066
5231,-2.5899431705474854,-2.5975711345672607,0.0038554039783775806,0.003772579599171877,0.0408027283847332
5232,-2.611751079559326,-2.6152215003967285,0.0017768754623830318,0.0016936027677729726,0.04079054296016693
5233,-2.5830066204071045,-2.587543249130249,0.0019781088922172785,0.0025584977120161057,0.04077838733792305
5234,-2.5718517303466797,-2.638664722442627,0.03519437834620476,0.03161861374974251,0.04076623544096947
5235,-2.52518367767334,-2.5275676250457764,0.0014210693771019578,0.0009630489512346685,0.040754079818725586
5236,-2.628986358642578,-2.6339223384857178,0.002284727059304714,0.0026513177435845137,0.04074190557003021
5237,-2.5603585243225098,-2.5675160884857178,0.0036677217576652765,0.0034896363504230976,0.04072973504662514
5238,-2.628819227218628,-2.632878541946411,0.0020047323778271675,0.0020546293817460537,0.04071759805083275
5239,-2.648254632949829,-2.6509807109832764,0.0014446856221184134,0.0012814839137718081,0.04070542752742767
5240,-2.603330135345459,-2.6058809757232666,0.0009989121463149786,0.0015519722364842892,0.040693268179893494
5241,-2.5331783294677734,-2.538128614425659,0.0024672162253409624,0.0024831704795360565,0.04068111255764961
5242,-2.5316176414489746,-2.5406405925750732,0.005800202954560518,0.0032226478215306997,0.04066898301243782
5243,-2.5664267539978027,-2.5712335109710693,0.002324979519471526,0.0024817592930048704,0.040656834840774536
5244,-2.611050605773926,-2.6201679706573486,0.004432396963238716,0.004684913903474808,0.04064469039440155
5245,-2.534461736679077,-2.5371243953704834,0.001197476522065699,0.0014651799574494362,0.040632542222738266
5246,-2.605839967727661,-2.610231399536133,0.002136258641257882,0.0022552888840436935,0.04062042385339737
5247,-2.5066616535186768,-2.509930372238159,0.0015578968450427055,0.0017108077881857753,0.04060830920934677
5248,-2.598212242126465,-2.6055796146392822,0.0033414161298424006,0.0040259347297251225,0.04059620946645737
5249,-2.630201816558838,-2.633481740951538,0.0017703295452520251,0.0015097387367859483,0.04058414325118065
5250,-2.251511573791504,-2.549926996231079,0.14844278991222382,0.149972602725029,0.04057204723358154
5251,-2.6086349487304688,-2.614204168319702,0.002895515412092209,0.0026736923027783632,0.04055994004011154
5252,-2.6117148399353027,-2.615415096282959,0.0019222189439460635,0.001778238220140338,0.040547844022512436
5253,-2.598649740219116,-2.6003317832946777,0.0008656699792481959,0.0008164312457665801,0.04053574055433273
5254,-2.5219597816467285,-2.5295217037200928,0.003826055210083723,0.003735858015716076,0.04052366316318512
5255,-2.555650472640991,-2.619967222213745,0.03290216997265816,0.03141458332538605,0.0405116081237793
5256,-2.5370450019836426,-2.5426886081695557,0.0027083244640380144,0.002935229567810893,0.04049954563379288
5257,-2.639521360397339,-2.6439316272735596,0.0023925909772515297,0.002017722465097904,0.04048749804496765
5258,-2.5844390392303467,-2.589580535888672,0.0026210458017885685,0.0025206315331161022,0.04047544300556183
5259,-2.588275909423828,-2.5929181575775146,0.002436839509755373,0.0022054158616811037,0.04046335071325302
5260,-2.6449615955352783,-2.647822380065918,0.001612494932487607,0.001248241402208805,0.04045124724507332
5261,-2.6393465995788574,-2.644071340560913,0.0025328723713755608,0.0021916974801570177,0.040439173579216
5262,-2.492180347442627,-2.496351718902588,0.0020284687634557486,0.0021429285407066345,0.040427133440971375
5263,-2.524583339691162,-2.528632164001465,0.00191113306209445,0.0021377515513449907,0.04041510447859764
5264,-2.5268356800079346,-2.5301928520202637,0.0019088679691776633,0.001448276685550809,0.04040306434035301
5265,-2.5984878540039062,-2.602642297744751,0.002026490168645978,0.0021279831416904926,0.04039102420210838
5266,-2.561147928237915,-2.567603349685669,0.0035184654407203197,0.002936909906566143,0.040378980338573456
5267,-2.5250818729400635,-2.527242422103882,0.0012553996639326215,0.0009051537490449846,0.04036691039800644
5268,-2.6045000553131104,-2.6105871200561523,0.002946781925857067,0.0031401924788951874,0.040354833006858826
5269,-2.6294851303100586,-2.6334991455078125,0.0022722543217241764,0.0017417659983038902,0.04034275934100151
5270,-2.622208595275879,-2.624648332595825,0.0013294161763042212,0.0011102603748440742,0.040330689400434494
5271,-2.6487443447113037,-2.652682065963745,0.002122153528034687,0.0018156355945393443,0.04031863436102867
5272,-2.5943431854248047,-2.5985939502716064,0.0023063162807375193,0.0019444708013907075,0.04030657187104225
5273,-2.6039514541625977,-2.606853485107422,0.0015771528705954552,0.001324886572547257,0.04029448330402374
5274,-2.677932024002075,-2.6813466548919678,0.0016135664191097021,0.0018010645871981978,0.040282391011714935
5275,-2.5931854248046875,-2.596346855163574,0.0016879510367289186,0.0014733682619407773,0.04027029126882553
5276,-2.654789924621582,-2.6571483612060547,0.0011214009718969464,0.0012371393386274576,0.040258195251226425
5277,-2.394442558288574,-2.5946223735809326,0.09984681010246277,0.10033290833234787,0.04024609550833702
5278,-2.516878366470337,-2.5207338333129883,0.0019825734198093414,0.0018728052964434028,0.04023399576544762
5279,-2.486304521560669,-2.494476079940796,0.004248015116900206,0.003923570271581411,0.0402219295501709
5280,-2.5910747051239014,-2.597395181655884,0.0027967204805463552,0.0035238265991210938,0.04020984098315239
5281,-2.605527877807617,-2.6116042137145996,0.002640655729919672,0.003435659920796752,0.04019777104258537
5282,-2.6214752197265625,-2.6290395259857178,0.003812521928921342,0.003751837182790041,0.04018571600317955
5283,-2.5830254554748535,-2.584543228149414,0.0005779855418950319,0.000939727935474366,0.04017368331551552
5284,-2.6220173835754395,-2.661296844482422,0.02042239159345627,0.018856989219784737,0.04016166552901268
5285,-2.6081433296203613,-2.612922430038452,0.002291114768013358,0.0024877977557480335,0.04014968127012253
5286,-2.64424729347229,-2.6489417552948,0.0024975109845399857,0.0021970546804368496,0.04013770446181297
5287,-2.5749335289001465,-2.5796942710876465,0.0020932687912136316,0.002667512046173215,0.040125735104084015
5288,-2.5998473167419434,-2.6092281341552734,0.004650249611586332,0.004730558954179287,0.04011376202106476
5289,-2.4705593585968018,-2.474546432495117,0.0023733898997306824,0.0016136118210852146,0.0401017889380455
5290,-2.57865571975708,-2.586421012878418,0.004097598604857922,0.0036676772870123386,0.04008980095386505
5291,-2.5951075553894043,-2.600903034210205,0.0028251984622329473,0.0029702470637857914,0.04007778689265251
5292,-2.558889150619507,-2.5638110637664795,0.002519779372960329,0.0024020003620535135,0.04006580635905266
5293,-2.561786413192749,-2.5659308433532715,0.002514349529519677,0.0016300008865073323,0.040053848177194595
5294,-2.522871255874634,-2.5246567726135254,0.0007659184630028903,0.001019791467115283,0.04004192352294922
5295,-2.320343494415283,-2.5267343521118164,0.10342951864004135,0.10296128690242767,0.04003001004457474
5296,-2.5480754375457764,-2.55312180519104,0.0029836511239409447,0.002062701154500246,0.04001811146736145
5297,-2.560565233230591,-2.5640883445739746,0.0016232510097324848,0.0018998624291270971,0.040006205439567566
5298,-2.5591275691986084,-2.5658533573150635,0.0029916774947196245,0.0037342009600251913,0.039994314312934875
5299,-2.5599889755249023,-2.630124092102051,0.035515233874320984,0.03461984917521477,0.03998241573572159
5300,-2.521373748779297,-2.533684015274048,0.006501597352325916,0.0058085378259420395,0.03997053951025009
5301,-2.629394769668579,-2.6374669075012207,0.004087616689503193,0.003984401933848858,0.0399586483836174
5302,-2.574756145477295,-2.5791995525360107,0.002328830072656274,0.002114619594067335,0.03994676098227501
5303,-2.680933713912964,-2.6875247955322266,0.0034033390693366528,0.0031877299770712852,0.03993484750390053
5304,-2.604661226272583,-2.6193511486053467,0.007160427514463663,0.007529493421316147,0.03992290049791336
5305,-2.530838966369629,-2.533108949661255,0.0011879855301231146,0.0010819332674145699,0.039910946041345596
5306,-2.6449503898620605,-2.6483981609344482,0.0018827894236892462,0.0015648846747353673,0.039899006485939026
5307,-2.4901115894317627,-2.5628678798675537,0.03709562122821808,0.03566080704331398,0.03988708183169365
5308,-2.5947957038879395,-2.5980422496795654,0.0017045693239197135,0.00154209416359663,0.03987514600157738
5309,-2.5373573303222656,-2.5418763160705566,0.002299479441717267,0.0022193456534296274,0.039863187819719315
5310,-2.5785419940948486,-2.5819551944732666,0.0017490019090473652,0.001664132229052484,0.039851244539022446
5311,-2.5585033893585205,-2.6160645484924316,0.02874215692281723,0.02881903387606144,0.03983930125832558
5312,-2.576359510421753,-2.5826563835144043,0.0034427137579768896,0.002854066900908947,0.039827365428209305
5313,-2.669559955596924,-2.6736438274383545,0.0023338859900832176,0.001750068156979978,0.039815451949834824
5314,-2.465418815612793,-2.47159481048584,0.003066300181671977,0.003109586890786886,0.03980356827378273
5315,-2.60323166847229,-2.609008550643921,0.0024443715810775757,0.0033325818367302418,0.03979167714715004
5316,-2.5619828701019287,-2.625558853149414,0.030190274119377136,0.03338586911559105,0.03977978229522705
5317,-2.5531044006347656,-2.555184841156006,0.001133645186200738,0.0009467146592214704,0.03976788371801376
5318,-2.5757758617401123,-2.585428476333618,0.005100300535559654,0.004552389495074749,0.03975597396492958
5319,-2.587014675140381,-2.5901081562042236,0.0012368329335004091,0.0018566653598099947,0.03974408283829689
5320,-2.384143352508545,-2.6958250999450684,0.15264908969402313,0.1590327024459839,0.03973221033811569
5321,-2.542847156524658,-2.5455262660980225,0.0014099229592829943,0.0012691094307228923,0.03972034156322479
5322,-2.4772839546203613,-2.4869496822357178,0.004363438114523888,0.005302084609866142,0.03970849886536598
5323,-2.6010830402374268,-2.60518217086792,0.002143917139619589,0.0019552577286958694,0.03969666361808777
5324,-2.585594415664673,-2.5919883251190186,0.0029007303528487682,0.0034931430127471685,0.03968484699726105
5325,-2.590221643447876,-2.5985584259033203,0.004341419320553541,0.003995502833276987,0.03967306762933731
5326,-2.585312843322754,-2.589280605316162,0.0018264355603605509,0.002141296863555908,0.039661284536123276
5327,-2.6662349700927734,-2.6724772453308105,0.0032544517889618874,0.0029879328794777393,0.03964948281645775
5328,-2.566953420639038,-2.574213743209839,0.003536979667842388,0.003723316825926304,0.03963767737150192
5329,-2.511481523513794,-2.5174379348754883,0.0029949103482067585,0.002961409743875265,0.0396258570253849
5330,-2.6086597442626953,-2.616349697113037,0.0035521811805665493,0.004137763753533363,0.03961402177810669
5331,-2.6190145015716553,-2.6242077350616455,0.0026972952764481306,0.0024960285518318415,0.03960219770669937
5332,-2.6023402214050293,-2.6059138774871826,0.002019911538809538,0.0015537647996097803,0.03959038108587265
5333,-2.525554895401001,-2.5276074409484863,0.0009857226395979524,0.0010668098693713546,0.03957859054207802
5334,-2.5914974212646484,-2.597480297088623,0.0036501330323517323,0.002332707168534398,0.039566826075315475
5335,-2.5273447036743164,-2.5322425365448,0.002708576386794448,0.002189144492149353,0.03955504670739174
5336,-2.5777692794799805,-2.5805230140686035,0.0013465348165482283,0.0014071502955630422,0.03954324871301651
5337,-2.589618682861328,-2.599353313446045,0.004398955497890711,0.0053355637937784195,0.03953144699335098
5338,-2.567847490310669,-2.5703396797180176,0.0013053232105448842,0.0011867685243487358,0.03951966017484665
5339,-2.6429591178894043,-2.647477626800537,0.0021393129136413336,0.0023792001884430647,0.039507873356342316
5340,-2.5758354663848877,-2.5813512802124023,0.0027141415048390627,0.002801683032885194,0.03949609026312828
5341,-2.580526113510132,-2.586627721786499,0.00286869122646749,0.0032328700181096792,0.03948430344462395
5342,-2.411801815032959,-2.4164865016937256,0.0021063846070319414,0.0025781895965337753,0.039472538977861404
5343,-2.577057123184204,-2.5811374187469482,0.0022901527117937803,0.0017900483217090368,0.03946075960993767
5344,-2.1430606842041016,-2.5643320083618164,0.2097265124320984,0.2115447074174881,0.03944898024201393
5345,-2.5192840099334717,-2.5226147174835205,0.0018046936020255089,0.0015261732041835785,0.03943720832467079
5346,-2.5591213703155518,-2.5672712326049805,0.00427026255056262,0.0038794726133346558,0.03942544758319855
5347,-2.5271852016448975,-2.534385919570923,0.003886409569531679,0.0033142552711069584,0.0394136980175972
5348,-2.6064367294311523,-2.6199402809143066,0.007556697353720665,0.00594677496701479,0.03940195217728615
5349,-2.441005229949951,-2.44523024559021,0.0025020132306963205,0.0017230822704732418,0.0393902026116848
5350,-2.710798978805542,-2.7183449268341064,0.003661321010440588,0.003884645411744714,0.03937842696905136
5351,-2.5839955806732178,-2.5867621898651123,0.0015850351192057133,0.001181639963760972,0.039366647601127625
5352,-2.506531238555908,-2.513474941253662,0.0029483905527740717,0.0039954474195837975,0.03935487940907478
5353,-2.604079246520996,-2.6108946800231934,0.003836319549009204,0.002978990552946925,0.039343103766441345
5354,-2.545239210128784,-2.550353765487671,0.002432853914797306,0.002681717509403825,0.03933131694793701
5355,-2.5780160427093506,-2.5854718685150146,0.004384985659271479,0.003070860169827938,0.03931954875588417
5356,-2.638587713241577,-2.642828941345215,0.00210299389436841,0.002138206735253334,0.039307769387960434
5357,-2.4207863807678223,-2.4264042377471924,0.0031927768141031265,0.00242526619695127,0.03929600864648819
5358,-2.5656793117523193,-2.5694990158081055,0.0018183764768764377,0.002001209883019328,0.03928428888320923
5359,-2.595513105392456,-2.604539632797241,0.00466047041118145,0.004366172011941671,0.03927256539463997
5360,-2.5001320838928223,-2.5062367916107178,0.0026547356974333525,0.0034498933237046003,0.039260804653167725
5361,-2.46555757522583,-2.5323283672332764,0.03496841341257095,0.03180239722132683,0.03924906998872757
5362,-2.6696536540985107,-2.673520565032959,0.001969866920262575,0.0018970001256093383,0.039237335324287415
5363,-2.6381070613861084,-2.6424922943115234,0.0019011483527719975,0.0024840484838932753,0.03922557830810547
5364,-2.6554501056671143,-2.661876678466797,0.0031607793644070625,0.0032658919226378202,0.03921382501721382
5365,-2.52797794342041,-2.589754819869995,0.02995593659579754,0.031821053475141525,0.039202094078063965
5366,-2.6507444381713867,-2.656672716140747,0.0031631276942789555,0.0027650739066302776,0.03919036686420441
5367,-2.564918279647827,-2.5709002017974854,0.003452213481068611,0.0025296169333159924,0.03917868062853813
5368,-2.485966444015503,-2.516073226928711,0.014731883071362972,0.01537500973790884,0.03916695713996887
5369,-2.6183931827545166,-2.6220784187316895,0.001612507039681077,0.002072850475087762,0.03915524110198021
5370,-2.594505548477173,-2.6035990715026855,0.004278011620044708,0.004815652966499329,0.03914348781108856
5371,-2.5540945529937744,-2.562063694000244,0.0037705658469349146,0.004198652692139149,0.039131760597229004
5372,-2.6335010528564453,-2.6403582096099854,0.004090705420821905,0.0027663917280733585,0.03912004455924034
5373,-2.542834520339966,-2.5464370250701904,0.001876013120636344,0.0017264566849917173,0.03910836577415466
5374,-2.6020219326019287,-2.609402656555176,0.004519766662269831,0.0028610355220735073,0.03909670561552048
5375,-2.611105442047119,-2.6133577823638916,0.0011859639780595899,0.0010664882138371468,0.039085034281015396
5376,-2.603023052215576,-2.609983444213867,0.002981424331665039,0.003979080356657505,0.03907334432005882
5377,-2.657576084136963,-2.666356086730957,0.004418472293764353,0.004361574538052082,0.039061691612005234
5378,-2.611764430999756,-2.616272211074829,0.002101005520671606,0.0024068623315542936,0.03905004262924194
5379,-2.5649266242980957,-2.5686938762664795,0.001801912672817707,0.001965269213542342,0.03903842344880104
5380,-2.519951105117798,-2.5252463817596436,0.002828544471412897,0.00246666232123971,0.03902680054306984
5381,-2.5324556827545166,-2.5354130268096924,0.0013639378594234586,0.0015934677794575691,0.039015162736177444
5382,-2.510075330734253,-2.5182676315307617,0.004632198251783848,0.003560153301805258,0.03900354728102684
5383,-2.457540512084961,-2.464106798171997,0.0029892204329371452,0.0035769606474786997,0.038991913199424744
5384,-2.5251309871673584,-2.528810977935791,0.001984128961339593,0.0016958439955487847,0.038980286568403244
5385,-2.549506425857544,-2.5566134452819824,0.00408526137471199,0.003021765034645796,0.03896868973970413
5386,-2.513535737991333,-2.5203723907470703,0.003714927937835455,0.0031216798815876245,0.03895708546042442
5387,-2.5632150173187256,-2.5689456462860107,0.002358619589358568,0.0033718913327902555,0.038945477455854416
5388,-2.678367853164673,-2.6857850551605225,0.003781823441386223,0.0036354446783661842,0.038933828473091125
5389,-2.472287893295288,-2.4786200523376465,0.002653379226103425,0.003678747918456793,0.03892219811677933
5390,-2.6029152870178223,-2.6094985008239746,0.0035255076363682747,0.0030577187426388264,0.03891058266162872
5391,-2.569225788116455,-2.5728931427001953,0.0023720909375697374,0.0012952334946021438,0.03889896720647812
5392,-2.603947401046753,-2.606283664703369,0.0014288581442087889,0.0009074918925762177,0.038887348026037216
5393,-2.556605815887451,-2.5581114292144775,0.000767746299970895,0.0007379659218713641,0.03887571394443512
5394,-2.3652679920196533,-2.576709270477295,0.10919684171676636,0.10224434733390808,0.03886409476399422
5395,-1.9634615182876587,-2.4712014198303223,0.26613950729370117,0.24160036444664001,0.03885248675942421
5396,-2.5123536586761475,-2.5273823738098145,0.008179321885108948,0.006849389988929033,0.0388408824801445
5397,-2.4781076908111572,-2.48960018157959,0.007370266597718,0.0041223750449717045,0.0388292521238327
5398,-2.493814468383789,-2.5088512897491455,0.008987686596810818,0.006049133837223053,0.038817618042230606
5399,-2.6347496509552,-2.6415228843688965,0.003822876373305917,0.0029504685662686825,0.03880598396062851
5400,-2.5299887657165527,-2.5360894203186035,0.0029578758403658867,0.003142797388136387,0.03879436478018761
5401,-2.2520415782928467,-2.5468051433563232,0.15775485336780548,0.13700872659683228,0.0387827605009079
5402,-2.6685335636138916,-2.6735334396362305,0.0024166807997971773,0.002583250170573592,0.03877114877104759
5403,-2.5816121101379395,-2.5854759216308594,0.002031889744102955,0.001831983681768179,0.03875954821705818
5404,-2.614495277404785,-2.623727560043335,0.004208053462207317,0.005024142563343048,0.03874794393777847
5405,-2.5263333320617676,-2.534046173095703,0.004705301485955715,0.0030076634138822556,0.038736362010240555
5406,-2.6554856300354004,-2.6603212356567383,0.0019490945851430297,0.0028865498024970293,0.03872478008270264
5407,-2.5361292362213135,-2.540050745010376,0.0022515347227454185,0.001669982448220253,0.03871321305632591
5408,-2.516676902770996,-2.5247585773468018,0.003564201295375824,0.004517486318945885,0.03870166093111038
5409,-2.6304383277893066,-2.6356940269470215,0.003066284116357565,0.002189438557252288,0.038690101355314255
5410,-2.602034568786621,-2.6133408546447754,0.004363559186458588,0.0069428361020982265,0.038678545504808426
5411,-2.5641469955444336,-2.5698864459991455,0.0030626554507762194,0.002676700707525015,0.038666982203722
5412,-2.5412116050720215,-2.5448272228240967,0.0015728455036878586,0.0020426539704203606,0.03865538537502289
5413,-2.518010139465332,-2.524690628051758,0.0031862608157098293,0.0034943795762956142,0.038643792271614075
5414,-2.5507895946502686,-2.5554187297821045,0.002500771079212427,0.002128362888470292,0.03863220661878586
5415,-2.5926711559295654,-2.5982115268707275,0.002723437501117587,0.00281691737473011,0.038620591163635254
5416,-2.5985660552978516,-2.6063637733459473,0.003708278527483344,0.004089452791959047,0.038608964532613754
5417,-2.587397336959839,-2.593874931335449,0.0023175079841166735,0.00416025472804904,0.03859737515449524
5418,-2.5811614990234375,-2.5905396938323975,0.003599013900384307,0.0057791974395513535,0.03858580067753792
5419,-2.590329170227051,-2.5932278633117676,0.0013532496523112059,0.00154553959146142,0.03857424110174179
5420,-2.513408660888672,-2.51664137840271,0.0014961202396079898,0.00173663510940969,0.038562700152397156
5421,-2.5923099517822266,-2.595367670059204,0.0017845192924141884,0.0012731682509183884,0.038551218807697296
5422,-2.6457231044769287,-2.648557186126709,0.0010273457737639546,0.0018067994387820363,0.03853973001241684
5423,-2.607020854949951,-2.6148595809936523,0.003947566729038954,0.003891251515597105,0.03852823004126549
5424,-2.5351178646087646,-2.5393645763397217,0.0018549192463979125,0.0023917986545711756,0.038516756147146225
5425,-2.536003351211548,-2.5436012744903564,0.003478626487776637,0.004119416233152151,0.03850531578063965
5426,-2.5485966205596924,-2.551847219467163,0.001580101903527975,0.0016706817550584674,0.03849387913942337
5427,-2.6484923362731934,-2.6541695594787598,0.0030775119084864855,0.0025996488984674215,0.038482435047626495
5428,-2.5659167766571045,-2.576873540878296,0.004799488000571728,0.006157150957733393,0.03847098723053932
5429,-2.609468698501587,-2.614736557006836,0.0026597841642796993,0.002607998438179493,0.03845953196287155
5430,-2.6439762115478516,-2.6501433849334717,0.003378442022949457,0.002788769779726863,0.038448065519332886
5431,-1.9873822927474976,-2.4451746940612793,0.22918780148029327,0.22860465943813324,0.03843658044934273
5432,-2.6197350025177,-2.6307318210601807,0.005614630877971649,0.005382301285862923,0.038425106555223465
5433,-2.5180306434631348,-2.527728319168091,0.004736798349767923,0.004960713908076286,0.03841365873813629
5434,-2.6433634757995605,-2.6516616344451904,0.003965816926211119,0.004332347773015499,0.03840221092104912
5435,-2.2283153533935547,-2.5220158100128174,0.15881450474262238,0.1348859667778015,0.03839075192809105
5436,-2.500627279281616,-2.507333755493164,0.0034376417752355337,0.0032688304781913757,0.03837930038571358
5437,-2.304185390472412,-2.512674570083618,0.10139967501163483,0.10708951205015182,0.03836789354681969
5438,-2.49277400970459,-2.5082645416259766,0.007886307314038277,0.007604224607348442,0.038356468081474304
5439,-2.5818710327148438,-2.599294424057007,0.009201347827911377,0.008222145028412342,0.03834505006670952
5440,-2.546905040740967,-2.558542490005493,0.006885640323162079,0.0047518303617835045,0.03833361342549324
5441,-2.484309434890747,-2.490183115005493,0.003388933837413788,0.002484697150066495,0.038322173058986664
5442,-2.58732533454895,-2.590022563934326,0.0014728399692103267,0.001224348321557045,0.038310736417770386
5443,-2.6768994331359863,-2.6845040321350098,0.004092411138117313,0.003512089140713215,0.03829929232597351
5444,-2.667276620864868,-2.6786060333251953,0.006311863660812378,0.005017590243369341,0.038287851959466934
5445,-2.6957643032073975,-2.7090888023376465,0.007445870898663998,0.005878731608390808,0.03827642649412155
5446,-2.657946825027466,-2.6796634197235107,0.011321624740958214,0.01039502490311861,0.03826499357819557
5447,-2.5901072025299072,-2.5939888954162598,0.0020329002290964127,0.0018487217603251338,0.0382535457611084
5448,-2.5800764560699463,-2.5857508182525635,0.0029309922829270363,0.0027434839867055416,0.038242120295763016
5449,-2.4734420776367188,-2.605440855026245,0.06528157740831375,0.06671718508005142,0.03823070600628853
5450,-2.646728277206421,-2.6506381034851074,0.0021709229331463575,0.0017388657433912158,0.038219302892684937
5451,-2.6463234424591064,-2.6484198570251465,0.0009766836883500218,0.001119617372751236,0.03820791468024254
5452,-2.582470417022705,-2.643002510070801,0.030061719939112663,0.03047042526304722,0.03819652274250984
5453,-2.659396171569824,-2.664029598236084,0.0026559806428849697,0.0019774099346250296,0.03818514943122864
5454,-2.684270143508911,-2.6954641342163086,0.00489925779402256,0.0062947748228907585,0.03817376866936684
5455,-2.572906017303467,-2.5806984901428223,0.003537369892001152,0.004255157429724932,0.038162387907505035
5456,-2.71559476852417,-2.723083972930908,0.0035068155266344547,0.0039824070408940315,0.038151007145643234
5457,-2.63922381401062,-2.646939516067505,0.0042604003101587296,0.0034553632140159607,0.03813959285616875
5458,-2.6525869369506836,-2.656763792037964,0.001945752534084022,0.0022312109358608723,0.03812817111611366
5459,-2.230790853500366,-2.5014450550079346,0.15670615434646606,0.11394806951284409,0.03811676427721977
5460,-2.539302349090576,-2.547741651535034,0.0040330588817596436,0.0044061001390218735,0.03810537979006767
5461,-2.334041118621826,-2.605123519897461,0.13366000354290009,0.13742224872112274,0.038093987852334976
5462,-2.5716896057128906,-2.578648090362549,0.0038508547004312277,0.0031075323931872845,0.038082610815763474
5463,-2.571814775466919,-2.576103687286377,0.002328392118215561,0.0019605981651693583,0.03807125240564346
5464,-2.7347512245178223,-2.740777015686035,0.0029287105426192284,0.0030969928484410048,0.03805990889668465
5465,-2.61895751953125,-2.623538017272949,0.002183705335482955,0.002396809170022607,0.03804855793714523
5466,-2.5959601402282715,-2.601534605026245,0.002468672813847661,0.0031058904714882374,0.038037240505218506
5467,-2.543405294418335,-2.6044819355010986,0.02831188589334488,0.03276468813419342,0.038025904446840286
5468,-2.5443432331085205,-2.5528950691223145,0.0047917794436216354,0.003760130610316992,0.03801460191607475
5469,-2.613295793533325,-2.6174421310424805,0.0018351204926148057,0.0023112171329557896,0.03800331801176071
5470,-2.5514864921569824,-2.609140634536743,0.027710551396012306,0.029943814501166344,0.03799206018447876
5471,-2.538800001144409,-2.543248176574707,0.0022325152531266212,0.0022156171035021544,0.037980783730745316
5472,-2.575305461883545,-2.5902175903320312,0.007696693297475576,0.007215452380478382,0.03796952962875366
5473,-2.592191696166992,-2.599492073059082,0.003024374134838581,0.004276037681847811,0.03795826807618141
5474,-2.657383441925049,-2.6684279441833496,0.005607808940112591,0.0054366993717849255,0.037947021424770355
5475,-2.5199482440948486,-2.5262062549591064,0.0032776740845292807,0.0029802205972373486,0.037935759872198105
5476,-2.6366019248962402,-2.6439409255981445,0.0035309300292283297,0.0038081295788288116,0.037924520671367645
5477,-2.4557454586029053,-2.46018648147583,0.002151855267584324,0.00228908215649426,0.0379132442176342
5478,-2.6443042755126953,-2.647454261779785,0.001274760696105659,0.0018750634044408798,0.03790198266506195
5479,-2.5047237873077393,-2.5087215900421143,0.002372975694015622,0.0016247895546257496,0.03789076209068298
5480,-2.663480281829834,-2.6686556339263916,0.002581629902124405,0.002593676559627056,0.037879545241594315
5481,-2.5888168811798096,-2.5947556495666504,0.003029139246791601,0.0029097539372742176,0.037868354469537735
5482,-2.5048182010650635,-2.5218586921691895,0.008746040984988213,0.008294343017041683,0.03785718232393265
5483,-2.526323080062866,-2.528757095336914,0.001087757758796215,0.0013462997740134597,0.037845999002456665
5484,-2.4753077030181885,-2.535353183746338,0.028962289914488792,0.031083010137081146,0.03783480450510979
5485,-2.533564329147339,-2.5951242446899414,0.02895275503396988,0.032607194036245346,0.037823636084795
5486,-2.502701759338379,-2.5648999214172363,0.03291533887386322,0.029282743111252785,0.03781255707144737
5487,-2.6133615970611572,-2.6202714443206787,0.0035087112337350845,0.0034010550007224083,0.03780151531100273
5488,-2.5793566703796387,-2.587043285369873,0.003622540971264243,0.00406399741768837,0.037790536880493164
5489,-2.5562853813171387,-2.6130969524383545,0.027378901839256287,0.02943267859518528,0.03777959197759628
5490,-2.695429563522339,-2.7032904624938965,0.003773512551560998,0.004087428562343121,0.03776863217353821
5491,-2.4752864837646484,-2.47955322265625,0.002317434176802635,0.0019494156586006284,0.037757664918899536
5492,-2.536682367324829,-2.541078805923462,0.002248230157420039,0.0021480575669556856,0.03774673864245415
5493,-2.5451550483703613,-2.550936222076416,0.002849882934242487,0.002931279130280018,0.03773577883839607
5494,-2.5039279460906982,-2.5160608291625977,0.006415448617190123,0.005717601161450148,0.03772478550672531
5495,-2.5528762340545654,-2.560274839401245,0.0035414919257164,0.003857055911794305,0.03771376982331276
5496,-2.6076321601867676,-2.6128623485565186,0.0024518268182873726,0.0027782905381172895,0.03770273178815842
5497,-2.4372828006744385,-2.4549059867858887,0.009813304990530014,0.007809916511178017,0.037691693753004074
5498,-2.6272575855255127,-2.6331491470336914,0.0026420769281685352,0.003249384230002761,0.037680622190237045
5499,-2.602203369140625,-2.6052935123443604,0.0015878486447036266,0.0015022193547338247,0.03766951337456703
5500,-2.572413921356201,-2.5765480995178223,0.002122438047081232,0.00201186491176486,0.03765835985541344
5501,-2.428481101989746,-2.6845450401306152,0.1299661248922348,0.12609782814979553,0.03764721006155014
5502,-2.5081419944763184,-2.5107038021087646,0.0014474231284111738,0.0011143260635435581,0.03763606399297714
5503,-2.6015303134918213,-2.609870433807373,0.004554979968816042,0.0037850486114621162,0.03762492910027504
5504,-2.608595609664917,-2.6125941276550293,0.002126013860106468,0.001872433815151453,0.03761381655931473
5505,-2.553342580795288,-2.5568647384643555,0.0021621747873723507,0.0013600318925455213,0.03760267049074173
5506,-2.519296169281006,-2.523122787475586,0.0019058964680880308,0.0019206400029361248,0.037591539323329926
5507,-2.5474040508270264,-2.561880350112915,0.0075876666232943535,0.006888510659337044,0.037580426782369614
5508,-2.581892967224121,-2.5861423015594482,0.00196819007396698,0.0022810897789895535,0.037569254636764526
5509,-2.54679799079895,-2.558863401412964,0.006161183584481478,0.005904211662709713,0.03755814954638481
5510,-2.650355100631714,-2.6547141075134277,0.002495372202247381,0.0018637565663084388,0.037547074258327484
5511,-2.526158571243286,-2.5839803218841553,0.03047105111181736,0.027350598946213722,0.037536002695560455
5512,-2.4531140327453613,-2.4555559158325195,0.0011868465226143599,0.0012550156097859144,0.03752492368221283
5513,-2.4725501537323,-2.5356853008270264,0.032393909990787506,0.030741101130843163,0.0375138595700264
5514,-2.5599136352539062,-2.5662572383880615,0.003118875902146101,0.0032245968468487263,0.03750280663371086
5515,-2.570730447769165,-2.5742483139038086,0.0015762216644361615,0.0019417550647631288,0.03749175742268562
5516,-2.66579008102417,-2.66902232170105,0.0016013195272535086,0.001631112303584814,0.03748072683811188
5517,-2.552579164505005,-2.555155038833618,0.001564362901262939,0.0010115663753822446,0.03746970370411873
5518,-2.52607798576355,-2.5349833965301514,0.004538630601018667,0.004366863518953323,0.03745868802070618
5519,-2.5935556888580322,-2.6042861938476562,0.005571088287979364,0.005159437656402588,0.03744767978787422
5520,-2.5607216358184814,-2.564744234085083,0.002328747184947133,0.0016939535271376371,0.03743666410446167
5521,-2.5579376220703125,-2.568960189819336,0.005313353147357702,0.005709284916520119,0.037425678223371506
5522,-2.6177709102630615,-2.620386838912964,0.0013648632448166609,0.001251045847311616,0.03741469606757164
5523,-2.6029350757598877,-2.6052768230438232,0.0012311218306422234,0.0011106713209301233,0.03740370646119118
5524,-2.593268632888794,-2.6014938354492188,0.0042684804648160934,0.003956880420446396,0.037392694503068924
5525,-2.5963921546936035,-2.622654914855957,0.0129531966522336,0.013309530913829803,0.03738167881965637
5526,-2.538769483566284,-2.541226387023926,0.0016332753002643585,0.0008236431749537587,0.03737066313624382
5527,-2.6464390754699707,-2.6533448696136475,0.0031618247739970684,0.0037439519073814154,0.03735966980457306
5528,-2.5469486713409424,-2.6100664138793945,0.03031817264854908,0.032799385488033295,0.037348680198192596
5529,-2.3416903018951416,-2.577181816101074,0.11985861510038376,0.11563294380903244,0.03733769431710243
5530,-2.6096396446228027,-2.6130828857421875,0.0019208297599107027,0.0015223592054098845,0.03732668235898018
5531,-2.6452863216400146,-2.6482489109039307,0.0015163710340857506,0.0014462086837738752,0.03731568530201912
5532,-2.4965615272521973,-2.5012431144714355,0.0031221797689795494,0.0015595846343785524,0.03730463609099388
5533,-2.65645432472229,-2.660696506500244,0.0019377542193979025,0.002304221736267209,0.037293531000614166
5534,-2.5810344219207764,-2.585235834121704,0.0031694001518189907,0.0010320455767214298,0.03728243336081505
5535,-2.5952060222625732,-2.601163387298584,0.0031244929414242506,0.002832891186699271,0.03727133572101593
5536,-2.6161327362060547,-2.6227619647979736,0.003373286919668317,0.003255784045904875,0.0372602641582489
5537,-2.538503646850586,-2.541524887084961,0.0017728569218888879,0.0012483485043048859,0.037249188870191574
5538,-2.471362590789795,-2.533099889755249,0.029881637543439865,0.03185553848743439,0.037238143384456635
5539,-2.5115582942962646,-2.5162055492401123,0.0022890774998813868,0.002358079422265291,0.03722710907459259
5540,-2.6520559787750244,-2.6561577320098877,0.00214373623020947,0.0019580372609198093,0.037216104567050934
5541,-2.4911277294158936,-2.4970903396606445,0.0031244412530213594,0.0028380996081978083,0.03720507770776749
5542,-2.6212563514709473,-2.628676414489746,0.004019308369606733,0.003400758607313037,0.037194035947322845
5543,-2.645597457885742,-2.6524178981781006,0.004158438183367252,0.0026620212011039257,0.03718297928571701
5544,-2.6208012104034424,-2.6288321018218994,0.0054748281836509705,0.002556158695369959,0.03717194125056267
5545,-2.5763213634490967,-2.5802078247070312,0.002489575883373618,0.0013968050479888916,0.03716089949011803
5546,-2.5721161365509033,-2.5783376693725586,0.0036759672220796347,0.002545534400269389,0.03714984655380249
5547,-2.494049072265625,-2.497307538986206,0.0018991389079019427,0.0013592425966635346,0.03713880106806755
5548,-2.125821590423584,-2.434377908706665,0.15009205043315887,0.1584641933441162,0.03712776303291321
5549,-2.5641028881073,-2.575751304626465,0.006209142040461302,0.005439235363155603,0.03711669147014618
5550,-2.482915163040161,-2.486999273300171,0.0021099038422107697,0.0019740581046789885,0.03710559383034706
5551,-2.544130563735962,-2.55521297454834,0.005431109573692083,0.00565118296071887,0.03709454834461212
5552,-2.6507248878479004,-2.6583704948425293,0.0030281199142336845,0.004617407917976379,0.037083521485328674
5553,-2.6098549365997314,-2.612842082977295,0.0016695789527148008,0.0013174106134101748,0.03707246854901314
5554,-2.5391526222229004,-2.5425784587860107,0.001810841029509902,0.0016151026356965303,0.0370614230632782
5555,-2.53478741645813,-2.541696071624756,0.004118325654417276,0.002790170256048441,0.03705039620399475
5556,-2.493353843688965,-2.503413677215576,0.005337187089025974,0.004722570069134235,0.037039391696453094
5557,-2.5193400382995605,-2.533881902694702,0.007536511868238449,0.0070053813979029655,0.03702840954065323
5558,-2.5689778327941895,-2.579761028289795,0.006757650524377823,0.004025500267744064,0.03701745346188545
5559,-2.5694427490234375,-2.5746819972991943,0.0027074438985437155,0.0025317082181572914,0.03700649365782738
5560,-2.5722625255584717,-2.583599328994751,0.006294555030763149,0.005042346194386482,0.03699555620551109
5561,-2.577211618423462,-2.584362745285034,0.00402784813195467,0.0031231860630214214,0.036984533071517944
5562,-2.589231252670288,-2.594501495361328,0.002480682684108615,0.002789517864584923,0.036973509937524796
5563,-2.587092399597168,-2.5898795127868652,0.0010977954370900989,0.0016894169384613633,0.03696255385875702
5564,-2.5755207538604736,-2.579961061477661,0.0014967372408136725,0.0029434252064675093,0.03695162013173103
5565,-2.333993673324585,-2.6148698329925537,0.140238419175148,0.14063769578933716,0.03694072365760803
5566,-2.622159957885742,-2.6253163814544678,0.0017417912604287267,0.0014144711894914508,0.03692984953522682
5567,-2.4846181869506836,-2.550642490386963,0.03318551182746887,0.03283870965242386,0.03691893443465233
5568,-2.581886053085327,-2.641079902648926,0.031111042946577072,0.028082743287086487,0.03690800070762634
5569,-2.1010680198669434,-2.5276503562927246,0.21254287660121918,0.21403950452804565,0.036897048354148865
5570,-2.5472781658172607,-2.5533788204193115,0.00275892554782331,0.0033417679369449615,0.03688611462712288
5571,-2.620288372039795,-2.6255440711975098,0.00297132832929492,0.002284230664372444,0.036875177174806595
5572,-2.6053500175476074,-2.6151726245880127,0.004864254500716925,0.004958468955010176,0.0368642695248127
5573,-2.5429275035858154,-2.54705810546875,0.002768405480310321,0.0013621870893985033,0.036853451281785965
5574,-2.619429588317871,-2.6247167587280273,0.0028200550004839897,0.0024671759456396103,0.03684261068701744
5575,-2.6313323974609375,-2.6339335441589355,0.0010647191666066647,0.0015363367274403572,0.03683178126811981
5576,-2.5650370121002197,-2.569110155105591,0.0025822678580880165,0.001490726601332426,0.03682096302509308
5577,-2.6540229320526123,-2.6615042686462402,0.004330237861722708,0.003151115495711565,0.036810167133808136
5578,-2.6617565155029297,-2.666480541229248,0.0021449108608067036,0.002579229883849621,0.03679933771491051
5579,-2.5775861740112305,-2.587476968765259,0.004906662739813328,0.0049840956926345825,0.03678852319717407
5580,-2.5888476371765137,-2.5951895713806152,0.0034510772675275803,0.002890808042138815,0.036777663975954056
5581,-2.515625,-2.5728564262390137,0.030194725841283798,0.027036627754569054,0.036766793578863144
5582,-2.5878124237060547,-2.5919716358184814,0.001952101825736463,0.002207153709605336,0.03675592690706253
5583,-2.59627628326416,-2.6043968200683594,0.004236750770360231,0.0038838847540318966,0.036745086312294006
5584,-2.5365312099456787,-2.545358657836914,0.006531934253871441,0.0022955317981541157,0.03673425316810608
5585,-2.567265748977661,-2.573755979537964,0.003489841939881444,0.003000588621944189,0.03672337532043457
5586,-2.597460985183716,-2.6104090213775635,0.006514868699014187,0.006433144677430391,0.036712583154439926
5587,-2.586296796798706,-2.5896453857421875,0.001621092320419848,0.0017274965066462755,0.036701738834381104
5588,-2.6104001998901367,-2.6135942935943604,0.0009803615976125002,0.002213692292571068,0.03669091686606407
5589,-2.5538721084594727,-2.5595288276672363,0.002876465441659093,0.0027802560944110155,0.036680079996585846
5590,-2.6667492389678955,-2.6766741275787354,0.005648755002766848,0.0042759813368320465,0.03666927292943001
5591,-2.5990231037139893,-2.6048684120178223,0.003554427996277809,0.002291029319167137,0.03665851056575775
5592,-2.637282133102417,-2.6427199840545654,0.0025577987544238567,0.0028800172731280327,0.03664777800440788
5593,-2.579667806625366,-2.5839502811431885,0.0017478311201557517,0.00253458134829998,0.036636997014284134
5594,-2.6163761615753174,-2.624526023864746,0.004719206597656012,0.0034305304288864136,0.03662627562880516
5595,-2.4170002937316895,-2.422382354736328,0.003338103648275137,0.002043922198936343,0.03661558777093887
5596,-2.178899049758911,-2.524754524230957,0.16874174773693085,0.1771138459444046,0.03660488501191139
5597,-2.619363307952881,-2.6252377033233643,0.0023944454733282328,0.0034800658468157053,0.0365942120552063
5598,-2.560319662094116,-2.6139845848083496,0.026368532329797745,0.027296366170048714,0.03658359870314598
5599,-2.6768875122070312,-2.684046506881714,0.002934957155957818,0.0042241415940225124,0.03657301887869835
5600,-2.628209352493286,-2.632962942123413,0.0024867025204002857,0.0022667953744530678,0.03656245395541191
5601,-2.519245147705078,-2.5258047580718994,0.0030825245194137096,0.0034771778155118227,0.036551881581544876
5602,-2.5263619422912598,-2.529397487640381,0.001435417216271162,0.0016000671312212944,0.036541301757097244
5603,-2.6328306198120117,-2.6415042877197266,0.0038241655565798283,0.004849500022828579,0.036530736833810806
5604,-2.578592538833618,-2.5841434001922607,0.002603033557534218,0.0029476897325366735,0.03652014583349228
5605,-2.555478811264038,-2.619264841079712,0.030054444447159767,0.033731795847415924,0.03650961071252823
5606,-2.605431318283081,-2.6120994091033936,0.0032859051134437323,0.0033822255209088326,0.03649904578924179
5607,-2.425062417984009,-2.4334607124328613,0.004335809499025345,0.004062514286488295,0.036488473415374756
5608,-2.5322766304016113,-2.5386242866516113,0.004200175404548645,0.0021474119275808334,0.03647793084383011
5609,-2.697977304458618,-2.7045130729675293,0.003560430370271206,0.0029753257986158133,0.03646736592054367
5610,-2.6273536682128906,-2.6401476860046387,0.0071170213632285595,0.005676949396729469,0.03645680472254753
5611,-2.578408718109131,-2.5828053951263428,0.0020029274746775627,0.0023937232326716185,0.03644627332687378
5612,-2.52881121635437,-2.5326592922210693,0.001930509926751256,0.0019175515044480562,0.03643576055765152
5613,-2.5460073947906494,-2.5521364212036133,0.0027467464096844196,0.0033821212127804756,0.03642519563436508
5614,-2.5823655128479004,-2.585252523422241,0.0013594345655292273,0.0015276412013918161,0.03641461208462715
5615,-2.501854181289673,-2.5066585540771484,0.0023291942197829485,0.00247536925598979,0.03640398755669594
5616,-2.620396375656128,-2.623929023742676,0.0016887211240828037,0.0018438721308484674,0.03639336675405502
5617,-2.5865519046783447,-2.590989351272583,0.002663277555257082,0.0017741320189088583,0.03638271987438202
5618,-2.716097116470337,-2.722282886505127,0.0034002552274614573,0.0027854323852807283,0.03637206181883812
5619,-2.539107084274292,-2.5415475368499756,0.0010477177565917373,0.0013929018750786781,0.03636142984032631
5620,-2.569000005722046,-2.573655128479004,0.002229953883215785,0.002425249433144927,0.03635077923536301
5621,-2.6467068195343018,-2.6487772464752197,0.0008683428750373423,0.0012021444272249937,0.03634012117981911
5622,-2.6697187423706055,-2.6749165058135986,0.0026093015912920237,0.0025885123759508133,0.03632955253124237
5623,-2.586148977279663,-2.589923858642578,0.0019809023942798376,0.0017937859520316124,0.03631897643208504
5624,-2.56687593460083,-2.5766613483428955,0.005030827596783638,0.004754615947604179,0.0363084152340889
5625,-2.599374294281006,-2.6064610481262207,0.003921412397176027,0.003165215253829956,0.036297887563705444
5626,-2.51847767829895,-2.5230531692504883,0.0021514149848371744,0.0024239455815404654,0.03628741204738617
5627,-2.604060649871826,-2.6083879470825195,0.0028599489014595747,0.0014674058184027672,0.03627684712409973
5628,-2.6401820182800293,-2.6451592445373535,0.002538614673539996,0.0024385317228734493,0.03626629710197449
5629,-2.5688459873199463,-2.5719683170318604,0.0016406314680352807,0.0014818041818216443,0.03625575080513954
5630,-2.4999945163726807,-2.502707004547119,0.0012035761028528214,0.0015090469969436526,0.03624516353011131
5631,-2.5807769298553467,-2.586846351623535,0.003419887740164995,0.002649647183716297,0.03623463958501816
5632,-2.5296740531921387,-2.5369226932525635,0.00407829973846674,0.0031702250707894564,0.0362241268157959
5633,-2.5681891441345215,-2.5826785564422607,0.007606757804751396,0.0068826740607619286,0.03621358424425125
5634,-2.6544182300567627,-2.659691095352173,0.003001284785568714,0.002271572593599558,0.036203060299158096
5635,-2.709298849105835,-2.7160000801086426,0.003231517504900694,0.003469645045697689,0.036192599684000015
5636,-2.514979600906372,-2.517707347869873,0.0016587483696639538,0.0010691103525459766,0.036182090640068054
5637,-2.430893898010254,-2.6576197147369385,0.1118418350815773,0.11488398164510727,0.03617159649729729
5638,-2.4119014739990234,-2.6112780570983887,0.09828012436628342,0.10109633207321167,0.036161065101623535
5639,-2.6667673587799072,-2.6726014614105225,0.0026676065754145384,0.0031665191054344177,0.03615054860711098
5640,-2.6411092281341553,-2.6436526775360107,0.0015268258284777403,0.0010166916763409972,0.03614006191492081
5641,-2.548072099685669,-2.560150146484375,0.006281642708927393,0.005796436686068773,0.036129552870988846
5642,-2.602743625640869,-2.612886428833008,0.0052504511550068855,0.004892255645245314,0.036119069904088974
5643,-2.5905799865722656,-2.598956346511841,0.004333889111876488,0.004042305983603001,0.03610856458544731
5644,-2.621342182159424,-2.6273739337921143,0.0035220778081566095,0.0025095536839216948,0.03609801083803177
5645,-2.6161813735961914,-2.6204419136047363,0.0021790945902466774,0.0020814796444028616,0.03608739376068115
5646,-2.5741333961486816,-2.5936288833618164,0.01042221486568451,0.00907314382493496,0.03607676923274994
5647,-2.5269453525543213,-2.532646656036377,0.002751888707280159,0.002949591726064682,0.03606615588068962
5648,-2.5970306396484375,-2.6044204235076904,0.0031715116929262877,0.004218428861349821,0.03605557233095169
5649,-2.1608197689056396,-2.5463109016418457,0.19299151003360748,0.19249962270259857,0.03604494035243988
5650,-2.6415321826934814,-2.6598641872406006,0.009253939613699913,0.009078143164515495,0.036034293472766876
5651,-2.5452640056610107,-2.55369234085083,0.005195092875510454,0.0032331133261322975,0.03602362796664238
5652,-2.608792304992676,-2.6206157207489014,0.006939627230167389,0.00488379318267107,0.03601296991109848
5653,-2.5096275806427,-2.514573574066162,0.0025726747699081898,0.0023733314592391253,0.036002349108457565
5654,-2.215005397796631,-2.544694185256958,0.1686946600675583,0.16099414229393005,0.035991717129945755
5655,-2.4978461265563965,-2.5007848739624023,0.001473578391596675,0.0014650243101641536,0.035981085151433945
5656,-2.533346652984619,-2.546440839767456,0.007148366421461105,0.005946021992713213,0.03597052022814751
5657,-2.573885202407837,-2.588329792022705,0.007378877606242895,0.0070658796466887,0.03595991060137749
5658,-2.484328508377075,-2.4982590675354004,0.008037764579057693,0.005892690271139145,0.03594931587576866
5659,-2.4940989017486572,-2.502068042755127,0.004492782521992922,0.003476385958492756,0.035938750952482224
5660,-2.5083186626434326,-2.5118660926818848,0.001969450619071722,0.001578046358190477,0.035928212106227875
5661,-2.6404757499694824,-2.64734148979187,0.0034910570830106735,0.0033746412955224514,0.03591766208410263
5662,-2.5175914764404297,-2.523524045944214,0.003519051242619753,0.0024134127888828516,0.035907093435525894
5663,-2.64251446723938,-2.648986577987671,0.0033356626518070698,0.003136381506919861,0.035896506160497665
5664,-2.791384220123291,-2.8090245723724365,0.008999506942927837,0.008640882559120655,0.03588587045669556
5665,-2.5955636501312256,-2.6049211025238037,0.004547919146716595,0.004809613339602947,0.03587522730231285
5666,-2.5748112201690674,-2.581144332885742,0.0037372910883277655,0.002595979254692793,0.03586457297205925
5667,-2.5430896282196045,-2.5485270023345947,0.0028838729485869408,0.0025533444713801146,0.03585394471883774
5668,-2.468480110168457,-2.5432474613189697,0.03818957507610321,0.03657779470086098,0.03584333881735802
5669,-2.591085433959961,-2.59440016746521,0.0022346414625644684,0.001080110901966691,0.0358327180147171
5670,-2.6304125785827637,-2.636073112487793,0.0030766655690968037,0.002583914203569293,0.03582213446497917
5671,-2.15360689163208,-2.5071587562561035,0.1887146532535553,0.16483716666698456,0.035811521112918854
5672,-2.551438331604004,-2.555166006088257,0.0020210230723023415,0.0017066490836441517,0.035800907760858536
5673,-2.501868963241577,-2.5091540813446045,0.004252451006323099,0.003032766981050372,0.03579026460647583
5674,-2.4463067054748535,-2.5441412925720215,0.04914703965187073,0.04868736118078232,0.03577966243028641
5675,-2.616867780685425,-2.6242620944976807,0.004006807692348957,0.003387510310858488,0.03576910123229027
5676,-2.5880002975463867,-2.5942540168762207,0.0030303418170660734,0.003223537467420101,0.03575858101248741
5677,-2.6175568103790283,-2.626178026199341,0.004360096529126167,0.004260990768671036,0.03574804216623306
5678,-2.6241791248321533,-2.634728193283081,0.005641065072268248,0.004908046685159206,0.035737544298172
5679,-2.589811325073242,-2.601412534713745,0.005972834303975105,0.0056283362209796906,0.035727065056562424
5680,-2.679924488067627,-2.6900405883789062,0.004946297034621239,0.0051698870956897736,0.03571660816669464
5681,-2.6219892501831055,-2.631708860397339,0.005084747914224863,0.004634831566363573,0.03570615127682686
5682,-2.640880823135376,-2.6556897163391113,0.005999146495014429,0.008809888735413551,0.03569566458463669
5683,-2.5589566230773926,-2.5658183097839355,0.003795367432758212,0.003066419158130884,0.03568520024418831
5684,-2.5183374881744385,-2.5245370864868164,0.0030597769655287266,0.003139628330245614,0.03567475453019142
5685,-2.614129066467285,-2.6376307010650635,0.011279331520199776,0.012222344055771828,0.03566430136561394
5686,-2.519440174102783,-2.52238392829895,0.002008424373343587,0.0009353013592772186,0.03565382584929466
5687,-2.6352858543395996,-2.6400980949401855,0.0027659873012453318,0.002046361332759261,0.035643406212329865
5688,-2.6332249641418457,-2.6401195526123047,0.002992304740473628,0.003902157535776496,0.03563295677304268
5689,-2.5930697917938232,-2.597254514694214,0.0022388368379324675,0.0019459538161754608,0.0356224924325943
5690,-2.6882457733154297,-2.693706512451172,0.002134906128048897,0.0033259806223213673,0.035612013190984726
5691,-2.5314767360687256,-2.5363237857818604,0.0023025250993669033,0.0025447430089116096,0.03560151159763336
5692,-2.5282137393951416,-2.5374388694763184,0.004450255539268255,0.004774699453264475,0.0355910025537014
5693,-2.5100889205932617,-2.513306140899658,0.0018282865639775991,0.0013890175614506006,0.03558049350976944
5694,-2.545215368270874,-2.554177761077881,0.004027321469038725,0.004935109056532383,0.03556997328996658
5695,-2.616360664367676,-2.6193742752075195,0.0015681460499763489,0.001445642439648509,0.03555946797132492
5696,-2.549058198928833,-2.619001626968384,0.03578392416238785,0.03415943309664726,0.03554892539978027
5697,-2.5097482204437256,-2.5154213905334473,0.003031223313882947,0.002641933038830757,0.035538338124752045
5698,-2.24360990524292,-2.6899008750915527,0.2177864909172058,0.22850441932678223,0.03552775830030441
5699,-2.6226511001586914,-2.662294864654541,0.020182374864816666,0.019461480900645256,0.03551717847585678
5700,-2.676215648651123,-2.683943271636963,0.004440546501427889,0.0032870161812752485,0.035506606101989746
5701,-2.5801477432250977,-2.5860068798065186,0.0029395087622106075,0.0029196394607424736,0.0354960672557354
5702,-2.611586332321167,-2.614685535430908,0.0018294338369742036,0.0012698196806013584,0.03548551723361015
5703,-2.5005860328674316,-2.504422187805176,0.002210680628195405,0.0016256346134468913,0.03547493368387222
5704,-2.388200521469116,-2.529863119125366,0.07009222358465195,0.07157033681869507,0.03546438738703728
5705,-2.629236936569214,-2.6380813121795654,0.004233444109559059,0.004611031152307987,0.03545386344194412
5706,-2.4102768898010254,-2.6132521629333496,0.10085494816303253,0.10212031751871109,0.03544329106807709
5707,-2.5101802349090576,-2.517937660217285,0.004571154713630676,0.0031862810719758272,0.03543269261717796
5708,-2.5532116889953613,-2.566256523132324,0.006534622982144356,0.006510219536721706,0.03542212024331093
5709,-2.5976099967956543,-2.603278636932373,0.00288737122900784,0.002781176706776023,0.03541158139705658
5710,-2.536954164505005,-2.54248046875,0.0032315661665052176,0.002294850768521428,0.03540103882551193
5711,-2.581308126449585,-2.584653377532959,0.0019201089162379503,0.0014249443775042892,0.035390496253967285
5712,-2.606163740158081,-2.6122055053710938,0.003573122201487422,0.002468528226017952,0.035379987210035324
5713,-2.703428030014038,-2.708547592163086,0.0029017950873821974,0.002217779401689768,0.03536946699023247
5714,-2.566232681274414,-2.57454514503479,0.0040355524979531765,0.004277063068002462,0.03535899519920349
5715,-2.683764934539795,-2.688551187515259,0.002663182094693184,0.0021230867132544518,0.03534852713346481
5716,-2.625495195388794,-2.62975811958313,0.0014577895635738969,0.0028052835259586573,0.03533807024359703
5717,-2.6539056301116943,-2.6582047939300537,0.0024866245221346617,0.0018125507049262524,0.035327617079019547
5718,-2.5642459392547607,-2.5801444053649902,0.00782542210072279,0.008073033764958382,0.03531718999147415
5719,-2.5372960567474365,-2.5420145988464355,0.002467169426381588,0.0022514639422297478,0.03530678525567055
5720,-2.6311357021331787,-2.6456189155578613,0.007761057466268539,0.006722292862832546,0.035296373069286346
5721,-2.599731683731079,-2.6067991256713867,0.0036000339314341545,0.0034672804176807404,0.035285964608192444
5722,-2.576972246170044,-2.579315423965454,0.0013414653949439526,0.001001535914838314,0.03527555987238884
5723,-2.572927951812744,-2.575212001800537,0.0010383131448179483,0.0012457958655431867,0.03526519984006882
5724,-2.700373649597168,-2.70501708984375,0.0025689236354082823,0.002074536867439747,0.03525484353303909
5725,-2.627112627029419,-2.6337389945983887,0.00403241254389286,0.002593879820778966,0.03524446487426758
5726,-2.604316473007202,-2.608304738998413,0.0021301538217812777,0.001857910305261612,0.035234153270721436
5727,-2.56274676322937,-2.5701959133148193,0.004281747620552778,0.0031672813929617405,0.03522384166717529
5728,-2.688065767288208,-2.693387031555176,0.003081929637119174,0.002239252207800746,0.03521351143717766
5729,-2.557912588119507,-2.642194986343384,0.041800446808338165,0.04248184338212013,0.03520317003130913
5730,-2.6254260540008545,-2.632925271987915,0.00362646346911788,0.0038727757055312395,0.03519283980131149
5731,-2.6005325317382812,-2.6061344146728516,0.003220112295821309,0.0023819170892238617,0.03518252074718475
5732,-2.568193197250366,-2.574606418609619,0.0032781444024294615,0.0031349658966064453,0.03517221286892891
5733,-2.4921064376831055,-2.4940671920776367,0.0010546027915552258,0.0009061780292540789,0.035161927342414856
5734,-2.1460623741149902,-2.413125991821289,0.15032945573329926,0.1167343333363533,0.035151608288288116
5735,-2.528043508529663,-2.533221960067749,0.0022938954643905163,0.0028845996130257845,0.035141319036483765
5736,-2.5098836421966553,-2.5146071910858154,0.0024161902256309986,0.0023075235076248646,0.03513098135590553
5737,-2.4899916648864746,-2.4946553707122803,0.002229045145213604,0.0024346583522856236,0.0351206474006176
5738,-2.601975917816162,-2.608659505844116,0.003427919466048479,0.0032556536607444286,0.03511032462120056
5739,-2.6428916454315186,-2.652492046356201,0.005005314946174622,0.004594956990331411,0.035100001841783524
5740,-2.5931169986724854,-2.65474534034729,0.029976224526762962,0.03165214881300926,0.03508972004055977
5741,-2.558358669281006,-2.5653862953186035,0.003327244659885764,0.003700613509863615,0.03507943078875542
5742,-2.246577501296997,-2.474442958831787,0.11460476368665695,0.1132606491446495,0.035069145262241364
5743,-2.54653000831604,-2.5552315711975098,0.005303282290697098,0.003398219356313348,0.03505882993340492
5744,-2.562363386154175,-2.5695254802703857,0.002659530146047473,0.004502614960074425,0.035048533231019974
5745,-2.6191561222076416,-2.625243902206421,0.0022646677680313587,0.0038229653146117926,0.03503819927573204
5746,-2.509371042251587,-2.5127437114715576,0.0018814635695889592,0.0014913988998159766,0.0350278839468956
5747,-2.6004257202148438,-2.605123281478882,0.0027865679003298283,0.0019110383000224829,0.035017579793930054
5748,-2.5609025955200195,-2.566884756088257,0.0028658751398324966,0.0031162851955741644,0.0350072868168354
5749,-2.5182995796203613,-2.527595281600952,0.004919390194118023,0.004376310855150223,0.034996986389160156
5750,-2.5008914470672607,-2.5063905715942383,0.0030288652051240206,0.0024702567607164383,0.03498673439025879
5751,-2.55558705329895,-2.5635790824890137,0.003533335169777274,0.004458548966795206,0.03497646749019623
5752,-2.53765869140625,-2.541961193084717,0.0020817590411752462,0.0022206769790500402,0.034966230392456055
5753,-2.414827346801758,-2.418142080307007,0.0020038047805428505,0.0013107324484735727,0.0349559411406517
5754,-2.6521434783935547,-2.667017936706543,0.008733668364584446,0.006140769924968481,0.03494563326239586
5755,-2.6130518913269043,-2.623739719390869,0.005989206489175558,0.004698581527918577,0.03493532910943031
5756,-2.578376293182373,-2.5862667560577393,0.004234368447214365,0.003656096523627639,0.03492506220936775
5757,-2.5783448219299316,-2.5827646255493164,0.002187104430049658,0.0022327322512865067,0.03491482883691788
5758,-2.4921560287475586,-2.5603506565093994,0.034775689244270325,0.03341881185770035,0.0349045991897583
5759,-2.6792473793029785,-2.6813011169433594,0.0012032905360683799,0.0008505561272613704,0.034894365817308426
5760,-2.541753053665161,-2.544936180114746,0.0015540455933660269,0.0016290796920657158,0.03488413617014885
5761,-2.497065544128418,-2.5043749809265137,0.004594327416270971,0.0027150046080350876,0.03487391397356987
5762,-2.537511110305786,-2.542287826538086,0.002949835266917944,0.0018268610583618283,0.03486369922757149
5763,-2.5349087715148926,-2.5430266857147217,0.004071591421961784,0.004046345595270395,0.03485344350337982
5764,-2.622799873352051,-2.6258976459503174,0.0017131967470049858,0.0013844026252627373,0.03484319895505905
5765,-2.532028913497925,-2.5362486839294434,0.0021898006089031696,0.002029834082350135,0.034832913428545
5766,-2.683643102645874,-2.690100908279419,0.003375884611159563,0.0030820933170616627,0.03482266888022423
5767,-2.6815857887268066,-2.689495801925659,0.00413208082318306,0.0037779738195240498,0.03481239825487137
5768,-2.480426073074341,-2.542738676071167,0.030911561101675034,0.03140111640095711,0.034802135080099106
5769,-2.556779384613037,-2.559998035430908,0.0018454609671607614,0.0013733215164393187,0.034791845828294754
5770,-2.5933732986450195,-2.600275754928589,0.003318689065054059,0.003583613783121109,0.0347815603017807
5771,-2.624561309814453,-2.627772569656372,0.0020521965343505144,0.0011588892666622996,0.03477128967642784
5772,-2.606900215148926,-2.613866090774536,0.003197175683453679,0.003768730442970991,0.03476104512810707
5773,-2.2215633392333984,-2.626009941101074,0.20419716835021973,0.2002493292093277,0.034750811755657196
5774,-2.4813668727874756,-2.4882683753967285,0.0036977974232286215,0.003203679108992219,0.03474058955907822
5775,-2.448575735092163,-2.458892345428467,0.00556720606982708,0.00474924361333251,0.03473036736249924
5776,-2.5793633460998535,-2.5919573307037354,0.007732664234936237,0.004861241672188044,0.03472013399004936
5777,-2.5719518661499023,-2.5899391174316406,0.009128552861511707,0.008858784101903439,0.034709904342889786
5778,-2.6770846843719482,-2.699436664581299,0.011372889392077923,0.010979223065078259,0.034699663519859314
5779,-2.619256019592285,-2.6220703125,0.0015195845626294613,0.0012945343041792512,0.03468945622444153
5780,-2.634594202041626,-2.6421594619750977,0.00413602264598012,0.0034291259944438934,0.03467927500605583
5781,-2.6141865253448486,-2.6256322860717773,0.005997061263769865,0.005448838695883751,0.03466909006237984
5782,-2.6210525035858154,-2.62909197807312,0.004689573775976896,0.0033501230645924807,0.034658901393413544
5783,-2.50555419921875,-2.512364149093628,0.004724226891994476,0.0020855877082794905,0.03464868664741516
5784,-2.6413097381591797,-2.645167589187622,0.002185543766245246,0.0016721964348107576,0.034638479351997375
5785,-2.5318470001220703,-2.539100408554077,0.0035730639938265085,0.00368014769628644,0.034628238528966904
5786,-2.5787742137908936,-2.585845470428467,0.0038945695850998163,0.003176664002239704,0.03461797907948494
5787,-2.5960216522216797,-2.6001925468444824,0.0019419112941250205,0.002229047240689397,0.03460773825645447
5788,-2.449129819869995,-2.6473140716552734,0.10038518160581589,0.09779904782772064,0.034597475081682205
5789,-2.4667606353759766,-2.476076602935791,0.005099027417600155,0.0042168451473116875,0.034587230533361435
5790,-2.610273599624634,-2.619241714477539,0.004946785978972912,0.004021495580673218,0.034576959908008575
5791,-2.639460563659668,-2.644747257232666,0.0024666523095220327,0.002819935092702508,0.034566689282655716
5792,-2.2242143154144287,-2.563455581665039,0.1730985790491104,0.1661427617073059,0.03455643728375435
5793,-2.5328221321105957,-2.5350725650787354,0.0008159992867149413,0.0014342756476253271,0.03454619646072388
5794,-2.5079681873321533,-2.580383777618408,0.036560166627168655,0.03585542365908623,0.034535929560661316
5795,-2.588789701461792,-2.592456817626953,0.0024304811377078295,0.0012366746086627245,0.034525636583566666
5796,-2.072950601577759,-2.59321665763855,0.26694923639297485,0.2533169388771057,0.0345153734087944
5797,-2.528872013092041,-2.532421112060547,0.0021652455907315016,0.001383710652589798,0.03450510650873184
5798,-2.6115245819091797,-2.616356134414673,0.002073446987196803,0.0027580803725868464,0.03449483960866928
5799,-2.6008152961730957,-2.6070098876953125,0.003289405256509781,0.002905135042965412,0.03448458015918732
5800,-2.5508172512054443,-2.5572187900543213,0.0031948594842106104,0.003206671914085746,0.03447427973151207
5801,-2.5391347408294678,-2.5451388359069824,0.003184268716722727,0.0028197208885103464,0.03446399047970772
5802,-2.6051931381225586,-2.61216402053833,0.003412974067032337,0.003557849209755659,0.03445371240377426
5803,-2.5697519779205322,-2.574108362197876,0.0023698366712778807,0.001986541785299778,0.034443460404872894
5804,-2.6428287029266357,-2.645101308822632,0.0010441112099215388,0.001228577340953052,0.03443324565887451
5805,-2.575671911239624,-2.5835254192352295,0.004178949166089296,0.0036744088865816593,0.03442302718758583
5806,-2.553105115890503,-2.5580034255981445,0.0024800095707178116,0.0024181643966585398,0.034412868320941925
5807,-2.5270895957946777,-2.5324907302856445,0.002740688156336546,0.0026604696176946163,0.03440267965197563
5808,-2.6309056282043457,-2.637418270111084,0.003067565383389592,0.003445195499807596,0.03439249470829964
5809,-2.626978874206543,-2.630798578262329,0.001999791944399476,0.0018198748584836721,0.034382302314043045
5810,-2.645115613937378,-2.65080189704895,0.0030579441227018833,0.002628241665661335,0.03437213972210884
5811,-2.4871575832366943,-2.48968505859375,0.001465854817070067,0.001061749760992825,0.034361980855464935
5812,-2.574888229370117,-2.5802650451660156,0.0025311862118542194,0.002845547627657652,0.034351903945207596
5813,-2.604889392852783,-2.6083738803863525,0.0016636875225231051,0.0018207309767603874,0.03434180095791817
5814,-2.6097254753112793,-2.619845151901245,0.005597124807536602,0.004522451665252447,0.03433169052004814
5815,-2.6018333435058594,-2.6070632934570312,0.002646824810653925,0.0025831323582679033,0.03432157263159752
5816,-2.6422462463378906,-2.6446664333343506,0.0011715921573340893,0.0012485613115131855,0.03431146964430809
5817,-2.555028200149536,-2.5596401691436768,0.0024765515699982643,0.0021355950739234686,0.034301336854696274
5818,-2.6326029300689697,-2.637951374053955,0.002436521928757429,0.0029117222875356674,0.034291189163923264
5819,-2.659943103790283,-2.6643548011779785,0.002510522957891226,0.0019011220429092646,0.03428109362721443
5820,-2.5720198154449463,-2.575711727142334,0.0020277865696698427,0.0016641156980767846,0.03427097573876381
5821,-2.564490795135498,-2.575376272201538,0.005402143578976393,0.005483334884047508,0.034260861575603485
5822,-2.523989200592041,-2.529090642929077,0.002867871429771185,0.002233498264104128,0.03425081446766853
5823,-2.553999662399292,-2.5571177005767822,0.0015689122956246138,0.0015493030659854412,0.03424076363444328
5824,-2.4815468788146973,-2.4873900413513184,0.003462680848315358,0.002380254678428173,0.034230757504701614
5825,-2.571794033050537,-2.57435941696167,0.0013811772223562002,0.0011841895757243037,0.03422073647379875
5826,-2.5456743240356445,-2.5510663986206055,0.0025314963422715664,0.0028605866245925426,0.03421074524521828
5827,-2.4967963695526123,-2.5040600299835205,0.004203681368380785,0.0030599222518503666,0.0342007540166378
5828,-2.5491933822631836,-2.552542209625244,0.001384425675496459,0.0019644456915557384,0.03419075161218643
5829,-2.6151678562164307,-2.6733241081237793,0.030389249324798584,0.027767056599259377,0.034180715680122375
5830,-2.5497841835021973,-2.5545477867126465,0.0022173700854182243,0.0025463744532316923,0.03417070209980011
5831,-2.608696222305298,-2.613713264465332,0.0017601016443222761,0.00325699127279222,0.03416069224476814
5832,-2.6113224029541016,-2.6197516918182373,0.004376550205051899,0.004052665550261736,0.034150682389736176
5833,-2.6116716861724854,-2.623354911804199,0.004702846519649029,0.006980397738516331,0.034140679985284805
5834,-2.5958762168884277,-2.6029529571533203,0.0034220139496028423,0.003654640633612871,0.03413066640496254
5835,-2.548738479614258,-2.55037260055542,0.0008191620581783354,0.0008150023058988154,0.03412064537405968
5836,-2.1857900619506836,-2.475212574005127,0.1544938087463379,0.13492882251739502,0.03411061689257622
5837,-2.4049932956695557,-2.4140944480895996,0.004284657537937164,0.004816481377929449,0.034100621938705444
5838,-2.519155502319336,-2.529399871826172,0.005074040964245796,0.0051703983917832375,0.03409059718251228
5839,-2.5263402462005615,-2.5368359088897705,0.0047001708298921585,0.005795512348413467,0.03408057987689972
5840,-2.6110429763793945,-2.6154558658599854,0.0023961772676557302,0.002016820479184389,0.03407057002186775
5841,-2.5821197032928467,-2.5907649993896484,0.0046835485845804214,0.0039616962894797325,0.0340605154633522
5842,-2.625642776489258,-2.630401134490967,0.0029351478442549706,0.0018231433350592852,0.03405043110251427
5843,-2.494537830352783,-2.4986159801483154,0.002004392445087433,0.00207384186796844,0.03404035046696663
5844,-2.6067919731140137,-2.6113507747650146,0.002250557765364647,0.00230824900791049,0.03403028845787048
5845,-2.565936326980591,-2.5729665756225586,0.003535345895215869,0.0034948838874697685,0.03402022644877434
5846,-2.571560859680176,-2.5765624046325684,0.0027282468508929014,0.002273420337587595,0.03401017189025879
5847,-2.6284372806549072,-2.6338610649108887,0.0026000775396823883,0.0028235013596713543,0.03400009498000145
5848,-2.582031726837158,-2.5875203609466553,0.002831376390531659,0.0026570919435471296,0.0339900441467762
5849,-2.508646011352539,-2.516205310821533,0.004239225760102272,0.0033199519384652376,0.033979978412389755
5850,-2.452709913253784,-2.4578373432159424,0.002482765819877386,0.0026448394637554884,0.033969901502132416
5851,-2.5804226398468018,-2.5848724842071533,0.0024783932603895664,0.0019715423695743084,0.033959828317165375
5852,-2.4993202686309814,-2.5135107040405273,0.0070013017393648624,0.0071891541592776775,0.03394981473684311
5853,-2.6374356746673584,-2.6412739753723145,0.0020896655041724443,0.0017486726865172386,0.03393981233239174
5854,-2.5129783153533936,-2.521512985229492,0.004682429134845734,0.003852083347737789,0.033929821103811264
5855,-2.5312249660491943,-2.5352158546447754,0.001705717295408249,0.002285267459228635,0.033919792622327805
5856,-2.5250203609466553,-2.5940444469451904,0.0361364409327507,0.032887645065784454,0.03390977159142494
5857,-2.6476545333862305,-2.6682209968566895,0.009898691438138485,0.010667841881513596,0.03389973193407059
5858,-2.606285572052002,-2.6109166145324707,0.002514202380552888,0.0021170119289308786,0.03388970345258713
5859,-2.5935654640197754,-2.5969150066375732,0.0018075674306601286,0.001542089506983757,0.03387967124581337
5860,-2.6885628700256348,-2.6942009925842285,0.0030210530385375023,0.0026171840727329254,0.033869605511426926
5861,-2.6542036533355713,-2.6601927280426025,0.002480878261849284,0.0035079943481832743,0.03385951370000839
5862,-2.6043715476989746,-2.609905481338501,0.002415757393464446,0.003118294756859541,0.03384941816329956
5863,-2.689422845840454,-2.7026925086975098,0.006598471198230982,0.006671081762760878,0.033839281648397446
5864,-2.5792362689971924,-2.621413469314575,0.016640443354845047,0.02553689293563366,0.033829133957624435
5865,-2.5328142642974854,-2.538119077682495,0.0029533354099839926,0.0023516244255006313,0.03381898254156113
5866,-2.4953577518463135,-2.5009543895721436,0.0024829015601426363,0.0031138532795011997,0.033808838576078415
5867,-2.5410103797912598,-2.550168037414551,0.0047758230939507484,0.004381807986646891,0.03379873186349869
5868,-2.569012403488159,-2.5797297954559326,0.00470901420339942,0.006008483935147524,0.03378865495324135
5869,-2.576364040374756,-2.5793328285217285,0.001425756374374032,0.0015430680941790342,0.033778563141822815
5870,-2.5854756832122803,-2.5893263816833496,0.001669786754064262,0.002180716022849083,0.033768463879823685
5871,-2.4849159717559814,-2.4890828132629395,0.0021726584527641535,0.001994081772863865,0.033758386969566345
5872,-2.439018726348877,-2.4426751136779785,0.0017102372366935015,0.0019463136559352279,0.033748336136341095
5873,-2.668807029724121,-2.6746933460235596,0.0033626784570515156,0.002523555187508464,0.03373829275369644
5874,-2.4216718673706055,-2.4354054927825928,0.006955643184483051,0.0067779673263430595,0.033728279173374176
5875,-2.5441644191741943,-2.547168254852295,0.001502120983786881,0.0015017904806882143,0.03371826186776161
5876,-2.665647506713867,-2.667459011077881,0.000851607765071094,0.0009599292534403503,0.033708296716213226
5877,-2.618032693862915,-2.6224100589752197,0.002287565963342786,0.0020897937938570976,0.03369833901524544
5878,-2.5903279781341553,-2.596975803375244,0.003596571506932378,0.003051287727430463,0.03368841111660004
5879,-2.641861915588379,-2.6461970806121826,0.0022857224103063345,0.0020494265481829643,0.033678486943244934
5880,-2.531834125518799,-2.5361647605895996,0.0018055688124150038,0.0025250306352972984,0.033668577671051025
5881,-2.1906065940856934,-2.506436347961426,0.1613181084394455,0.15451166033744812,0.033658672124147415
5882,-2.470715284347534,-2.4737234115600586,0.0013956051552668214,0.001612326130270958,0.033648762851953506
5883,-2.5484564304351807,-2.555955171585083,0.0039781020022928715,0.003520763013511896,0.033638857305049896
5884,-2.668656826019287,-2.67572283744812,0.0032586902379989624,0.003807223169133067,0.033628929406404495
5885,-2.2086374759674072,-2.522127866744995,0.1546013057231903,0.15888909995555878,0.033619023859500885
5886,-2.6352806091308594,-2.644209146499634,0.0039983708411455154,0.004930273164063692,0.033609140664339066
5887,-2.555974006652832,-2.5708115100860596,0.007052203174680471,0.00778538640588522,0.03359926864504814
5888,-2.2686285972595215,-2.5265276432037354,0.14563140273094177,0.11226782202720642,0.03358941897749901
5889,-2.59371280670166,-2.600040912628174,0.0032188810873776674,0.0031092637218534946,0.033579520881175995
5890,-2.5984597206115723,-2.602620840072632,0.0020264622289687395,0.0021345557179301977,0.033569611608982086
5891,-2.598339557647705,-2.6015312671661377,0.0018744745757430792,0.001317231566645205,0.033559735864400864
5892,-2.610949993133545,-2.6159589290618896,0.0023514169733971357,0.002657440025359392,0.03354990482330322
5893,-2.627418041229248,-2.6319408416748047,0.0021578571759164333,0.0023649344220757484,0.033540043979883194
5894,-2.690248966217041,-2.6969637870788574,0.003488697577267885,0.0032259258441627026,0.03353017568588257
5895,-2.5370633602142334,-2.543365478515625,0.003164758672937751,0.003137301653623581,0.033520329743623734
5896,-2.632901430130005,-2.6399896144866943,0.0027879918925464153,0.004300038330256939,0.03351046144962311
5897,-2.5685157775878906,-2.5779476165771484,0.0045145368203520775,0.004917273297905922,0.033500541001558304
5898,-2.553999900817871,-2.558774948120117,0.0021687045227736235,0.0026064275298267603,0.033490654081106186
5899,-2.650684356689453,-2.6543397903442383,0.0017583208391442895,0.0018971222452819347,0.03348078578710556
5900,-2.598872423171997,-2.6036219596862793,0.0026333704590797424,0.0021161867771297693,0.03347090631723404
5901,-2.6550326347351074,-2.660789966583252,0.0028022476471960545,0.0029552748892456293,0.033461011946201324
5902,-2.592334270477295,-2.5955731868743896,0.002077900804579258,0.0011610392248257995,0.033451128751039505
5903,-2.5613319873809814,-2.5666253566741943,0.0022369420621544123,0.0030565685592591763,0.03344131261110306
5904,-2.501040458679199,-2.504821300506592,0.002132675377652049,0.0016482607461512089,0.0334315299987793
5905,-2.64155650138855,-2.6479902267456055,0.0033241824712604284,0.0031094825826585293,0.03342174366116524
5906,-2.3151917457580566,-2.5238735675811768,0.10088740289211273,0.1077946349978447,0.033411942422389984
5907,-2.5696611404418945,-2.6034560203552246,0.016813991591334343,0.016980789601802826,0.03340212255716324
5908,-2.517298936843872,-2.531719923019409,0.006006915122270584,0.00841393694281578,0.033392272889614105
5909,-2.5006940364837646,-2.5048251152038574,0.002190327038988471,0.0019408343359827995,0.03338248282670975
5910,-2.542517900466919,-2.54571795463562,0.0015355587238445878,0.0016643940471112728,0.033372700214385986
5911,-2.506793975830078,-2.5741164684295654,0.032941192388534546,0.03438130021095276,0.03336292505264282
5912,-2.5088422298431396,-2.514061450958252,0.002975807059556246,0.0022435046266764402,0.03335312753915787
5913,-2.611858367919922,-2.619696617126465,0.00420286413282156,0.003635491244494915,0.03334333747625351
5914,-2.6177494525909424,-2.6210312843322754,0.0018443763256072998,0.0014374536694958806,0.03333356976509094
5915,-2.588914155960083,-2.5932300090789795,0.0017606973415240645,0.002555153565481305,0.03332383558154106
5916,-2.5863561630249023,-2.5925793647766113,0.0032477693166583776,0.0029755248688161373,0.033314064145088196
5917,-2.4660117626190186,-2.4688737392425537,0.0016305516473948956,0.0012313153129070997,0.03330428898334503
5918,-2.594193458557129,-2.5993521213531494,0.002428400330245495,0.0027302801609039307,0.03329453244805336
5919,-2.6944093704223633,-2.6970109939575195,0.0015921959420666099,0.001009469386190176,0.033284809440374374
5920,-2.6000254154205322,-2.6040871143341064,0.0018564449856057763,0.002205330180004239,0.03327509015798569
5921,-2.6058032512664795,-2.609347343444824,0.001592590007930994,0.001951409038156271,0.033265370875597
5922,-2.5382728576660156,-2.5398898124694824,0.0008733175927773118,0.0007436494342982769,0.033255625516176224
5923,-2.5149922370910645,-2.517711877822876,0.0011470940662547946,0.0015726437559351325,0.03324589133262634
5924,-2.5457518100738525,-2.549546003341675,0.0017578625120222569,0.0020363733638077974,0.033236149698495865
5925,-2.5192606449127197,-2.5229992866516113,0.0016499145422130823,0.002088701818138361,0.033226415514945984
5926,-2.6133127212524414,-2.619292736053467,0.0030294652096927166,0.002950662514194846,0.033216655254364014
5927,-2.6759514808654785,-2.681994676589966,0.0034301085397601128,0.0026131614577025175,0.033206939697265625
5928,-2.5927207469940186,-2.6004834175109863,0.0037896386347711086,0.003972909413278103,0.03319728374481201
5929,-2.642751455307007,-2.646374225616455,0.001614439650438726,0.002008388051763177,0.0331876277923584
5930,-2.571796417236328,-2.651648998260498,0.039591945707798004,0.04026058316230774,0.0331779345870018
5931,-2.613610029220581,-2.619483232498169,0.002893449505791068,0.002979848301038146,0.033168256282806396
5932,-2.663912296295166,-2.66996693611145,0.0027716755867004395,0.0032829397823661566,0.033158570528030396
5933,-2.6563658714294434,-2.6635634899139404,0.003586976323276758,0.0036107299383729696,0.0331488698720932
5934,-2.6005961894989014,-2.6049387454986572,0.0025382433086633682,0.0018044444732367992,0.03313915804028511
5935,-2.6209161281585693,-2.624662160873413,0.0016067172400653362,0.00213938788510859,0.03312944993376732
5936,-2.1449215412139893,-2.523131847381592,0.19107796251773834,0.18713228404521942,0.033119745552539825
5937,-2.488516092300415,-2.4955694675445557,0.003081547562032938,0.003971785772591829,0.03311004117131233
5938,-2.5111899375915527,-2.5186681747436523,0.003331416752189398,0.004146786406636238,0.03310034051537514
5939,-2.5964906215667725,-2.6049230098724365,0.004094465635716915,0.0043380968272686005,0.033090636134147644
5940,-2.144146680831909,-2.5643699169158936,0.2106659710407257,0.20955732464790344,0.03308093175292015
5941,-2.555126905441284,-2.5794425010681152,0.011029902845621109,0.01328570768237114,0.033071234822273254
5942,-2.2056775093078613,-2.635317802429199,0.21413306891918182,0.21550720930099487,0.03306153789162636
5943,-2.5699360370635986,-2.5768165588378906,0.0032758687157183886,0.0036047082394361496,0.03305180370807648
5944,-2.6584525108337402,-2.673386573791504,0.004512574523687363,0.010421435348689556,0.03304208070039749
5945,-2.5322558879852295,-2.540802001953125,0.003924895543605089,0.0046211956068873405,0.033032361418008804
5946,-2.5089731216430664,-2.5194523334503174,0.005024547688663006,0.005454710219055414,0.03302263468503952
5947,-2.476130723953247,-2.7037453651428223,0.11316117644309998,0.11445365101099014,0.03301292285323143
5948,-2.605968952178955,-2.6141140460968018,0.004658134188503027,0.003486810252070427,0.03300318494439125
5949,-2.5974998474121094,-2.603353977203369,0.003005579812452197,0.0028486866503953934,0.03299347683787346
5950,-2.5723772048950195,-2.582285165786743,0.005508368834853172,0.004399462603032589,0.032983701676130295
5951,-2.5802628993988037,-2.586843967437744,0.0035025132820010185,0.003078546840697527,0.032973937690258026
5952,-2.581101655960083,-2.5962817668914795,0.007493176031857729,0.007686852943152189,0.03296417370438576
5953,-2.5551528930664062,-2.5609078407287598,0.003196749137714505,0.002558137523010373,0.03295441344380379
5954,-2.614553928375244,-2.622321844100952,0.003875373164191842,0.0038925514090806246,0.03294466435909271
5955,-2.59751296043396,-2.6033143997192383,0.0030504041351377964,0.002751006046310067,0.03293493390083313
5956,-2.6264264583587646,-2.6300549507141113,0.0018788804300129414,0.0017495081992819905,0.032925207167863846
5957,-2.453843116760254,-2.522150993347168,0.03504328429698944,0.03326466679573059,0.032915472984313965
5958,-2.59407639503479,-2.6026031970977783,0.004368775524199009,0.004157984629273415,0.032905735075473785
5959,-2.5701096057891846,-2.5739376544952393,0.001836191862821579,0.001991779776290059,0.03289598599076271
5960,-2.5624425411224365,-2.636127233505249,0.037951644510030746,0.03573290631175041,0.03288627043366432
5961,-2.2121975421905518,-2.5172765254974365,0.14842097461223602,0.15665796399116516,0.03287655860185623
5962,-2.49804949760437,-2.503359317779541,0.0031161317601799965,0.00219369656406343,0.03286686912178993
5963,-2.051809787750244,-2.454009532928467,0.20270532369613647,0.19949431717395782,0.032857201993465424
5964,-2.5265917778015137,-2.5391957759857178,0.0067249503917992115,0.005879176780581474,0.03284755349159241
5965,-2.5725951194763184,-2.599097728729248,0.012754032388329506,0.013748551718890667,0.03283796086907387
5966,-2.4301705360412598,-2.439941644668579,0.0050756498239934444,0.004695505369454622,0.032828353345394135
5967,-2.5644750595092773,-2.5737128257751465,0.004339854698628187,0.004897770006209612,0.032818760722875595
5968,-2.5568158626556396,-2.56164813041687,0.002398057607933879,0.00243435800075531,0.03280915319919586
5969,-2.537428855895996,-2.5403079986572266,0.001596167916432023,0.0012830161722376943,0.03279954195022583
5970,-2.5679233074188232,-2.5749738216400146,0.0040045613422989845,0.0030460194684565067,0.03278995677828789
5971,-2.6290860176086426,-2.6408095359802246,0.006136654876172543,0.005586772691458464,0.03278037905693054
5972,-2.517298460006714,-2.5270168781280518,0.005707118660211563,0.004011403303593397,0.032770801335573196
5973,-2.6895127296447754,-2.6995882987976074,0.005018356256186962,0.005057106260210276,0.03276122361421585
5974,-2.2416131496429443,-2.5772273540496826,0.17079244554042816,0.16482175886631012,0.03275166451931
5975,-2.486525535583496,-2.4960365295410156,0.004639056045562029,0.004871956072747707,0.032742053270339966
5976,-2.5644030570983887,-2.5726418495178223,0.0049902331084012985,0.0032484750263392925,0.03273240476846695
5977,-2.4607083797454834,-2.4682445526123047,0.00321923173032701,0.004317152313888073,0.032722800970077515
5978,-2.5552473068237305,-2.5604355335235596,0.0024977847933769226,0.002690544119104743,0.03271319717168808
5979,-2.434224843978882,-2.440319538116455,0.0029106936417520046,0.0031841383315622807,0.032703597098588943
5980,-2.6494269371032715,-2.6530916690826416,0.0018712917808443308,0.0017933571944013238,0.03269403800368309
5981,-2.666844367980957,-2.672064781188965,0.001984243281185627,0.0032360791228711605,0.03268453851342201
5982,-2.641476631164551,-2.645023822784424,0.0017487095901742578,0.0017984367441385984,0.03267507255077362
5983,-2.600484609603882,-2.6123194694519043,0.006283493246883154,0.005551263224333525,0.032665617763996124
5984,-2.559199333190918,-2.5662269592285156,0.004522060975432396,0.0025055871810764074,0.03265614062547684
5985,-2.5448625087738037,-2.5506973266601562,0.003177303122356534,0.0026572993956506252,0.03264668956398964
5986,-2.62602162361145,-2.630882501602173,0.00213984539732337,0.0027210384141653776,0.032637257128953934
5987,-2.592169761657715,-2.5978479385375977,0.0033360631205141544,0.0023421167861670256,0.03262782841920853
5988,-2.5309178829193115,-2.5349979400634766,0.0021648043766617775,0.0019151177257299423,0.03261839970946312
5989,-2.480470657348633,-2.48846435546875,0.004255961161106825,0.0037376685068011284,0.032608989626169205
5990,-2.5016181468963623,-2.5141279697418213,0.00721052335575223,0.0052992501296103,0.03259953856468201
5991,-2.6162495613098145,-2.624164581298828,0.0045481398701667786,0.0033668996766209602,0.03259008750319481
5992,-2.6654088497161865,-2.672055959701538,0.003118555061519146,0.003528587520122528,0.03258064016699791
5993,-2.605703353881836,-2.611456871032715,0.0031801972072571516,0.0025733362417668104,0.03257116675376892
5994,-2.5578196048736572,-2.5624136924743652,0.0029462974052876234,0.0016477457247674465,0.03256171569228172
5995,-2.602837562561035,-2.6321022510528564,0.014004033990204334,0.015260668471455574,0.032552286982536316
5996,-2.102658748626709,-2.5163936614990234,0.20824627578258514,0.20548862218856812,0.03254283592104912
5997,-2.6339516639709473,-2.6382360458374023,0.00206007924862206,0.0022241687402129173,0.032533369958400726
5998,-2.5628485679626465,-2.5699024200439453,0.003130904398858547,0.0039229863323271275,0.032523948699235916
5999,-2.069077253341675,-2.4503073692321777,0.18957114219665527,0.1916588693857193,0.032514557242393494
6000,-2.5581600666046143,-2.5794005393981934,0.011013580486178398,0.010226896964013577,0.03250516206026077
6001,-2.5798232555389404,-2.589296817779541,0.004339355044066906,0.0051341429352760315,0.03249576315283775
6002,-2.5736310482025146,-2.582284927368164,0.004227632191032171,0.004426161292940378,0.03248634561896324
6003,-2.5913338661193848,-2.595426559448242,0.0021385725121945143,0.0019541592337191105,0.032476942986249924
6004,-2.5903139114379883,-2.594717264175415,0.0024815225042402744,0.0019218510715290904,0.0324675589799881
6005,-2.645113468170166,-2.6522181034088135,0.003635972272604704,0.0034688361920416355,0.032458119094371796
6006,-2.6962833404541016,-2.7046048641204834,0.003985525108873844,0.00433597806841135,0.0324486643075943
6007,-2.657440662384033,-2.66452956199646,0.003371069673448801,0.0037178758066147566,0.0324392169713974
6008,-2.377052068710327,-2.5994300842285156,0.11051298677921295,0.1118650883436203,0.03242981433868408
6009,-2.628892421722412,-2.634254217147827,0.0026542695704847574,0.002707371022552252,0.03242035210132599
6010,-2.449904680252075,-2.4536876678466797,0.0018871068023145199,0.0018959640292450786,0.03241090849041939
6011,-2.5383479595184326,-2.55873703956604,0.010070372372865677,0.010318809188902378,0.032401490956544876
6012,-2.557741165161133,-2.563753128051758,0.00320268957875669,0.0028092621359974146,0.03239204362034798
6013,-2.5756149291992188,-2.5813872814178467,0.003314269706606865,0.0024582012556493282,0.03238258510828018
6014,-2.480215311050415,-2.4867866039276123,0.002751486375927925,0.0038197084795683622,0.03237316012382507
6015,-2.55336332321167,-2.566068649291992,0.006931815296411514,0.005773491226136684,0.032363682985305786
6016,-2.6796231269836426,-2.683616876602173,0.0019878773018717766,0.0020057372748851776,0.032354168593883514
6017,-2.6391055583953857,-2.6482982635498047,0.004242890514433384,0.004949884954839945,0.032344650477170944
6018,-2.5678467750549316,-2.575834274291992,0.004543139133602381,0.0034444339107722044,0.03233512118458748
6019,-2.6330578327178955,-2.6402509212493896,0.0037530330009758472,0.0034400969743728638,0.03232559561729431
6020,-2.606830358505249,-2.6146719455718994,0.0038809627294540405,0.003960636910051107,0.03231606259942055
6021,-2.4981672763824463,-2.5029830932617188,0.0018221852369606495,0.0029936640057712793,0.03230655565857887
6022,-2.671660900115967,-2.6747660636901855,0.0018611272098496556,0.001244169776327908,0.032297030091285706
6023,-2.58066463470459,-2.586606740951538,0.0032568119931966066,0.0026852949522435665,0.032287489622831345
6024,-2.6279306411743164,-2.633122444152832,0.003015130991116166,0.00217681797221303,0.032277967780828476
6025,-2.612553358078003,-2.621689796447754,0.005144186317920685,0.003992358222603798,0.03226844221353531
6026,-2.524317979812622,-2.5263779163360596,0.0010633292840793729,0.0009965394856408238,0.032258935272693634
6027,-2.5604748725891113,-2.5686557292938232,0.003886794438585639,0.004294225946068764,0.03224945440888405
6028,-2.569815158843994,-2.576606273651123,0.0032486009877175093,0.0035424481611698866,0.032240014523267746
6029,-2.5427465438842773,-2.565448045730591,0.012337521649897099,0.010364128276705742,0.03223063051700592
6030,-2.537783622741699,-2.5522220134735107,0.007183961570262909,0.007254388183355331,0.032221194356679916
6031,-2.579646587371826,-2.582643747329712,0.0016068255063146353,0.0013901127967983484,0.03221176192164421
6032,-2.599506139755249,-2.6024341583251953,0.001727965660393238,0.001199951977469027,0.03220227733254433
6033,-2.533794403076172,-2.5368423461914062,0.00116973917465657,0.001878175069577992,0.032192766666412354
6034,-2.5185437202453613,-2.5224251747131348,0.0018209285335615277,0.002060352824628353,0.03218331187963486
6035,-2.574357271194458,-2.581937551498413,0.00332757574506104,0.004252717364579439,0.03217386081814766
6036,-2.5799639225006104,-2.5830512046813965,0.0013603372499346733,0.001726768328808248,0.03216442093253136
6037,-2.5698800086975098,-2.5765798091888428,0.004289640113711357,0.00241012847982347,0.03215496614575386
6038,-2.5887978076934814,-2.592482805252075,0.001773368800058961,0.0019116780022159219,0.03214549273252487
6039,-2.505756139755249,-2.512741804122925,0.004122466780245304,0.002863215748220682,0.032135989516973495
6040,-2.5857858657836914,-2.6105313301086426,0.012374510988593102,0.012371133081614971,0.032126497477293015
6041,-2.6387715339660645,-2.6424102783203125,0.0018562832847237587,0.001782451756298542,0.03211700916290283
6042,-2.560065507888794,-2.5653443336486816,0.003029420506209135,0.002249410841614008,0.032107532024383545
6043,-2.503859281539917,-2.5067381858825684,0.0016323734307661653,0.0012463564053177834,0.03209803253412247
6044,-2.540205955505371,-2.5525059700012207,0.0059784287586808205,0.0063216425478458405,0.03208855912089348
6045,-2.5398647785186768,-2.542616605758667,0.0013195511419326067,0.0014322586357593536,0.03207911178469658
6046,-2.556748628616333,-2.5602312088012695,0.0015410743653774261,0.0019415400456637144,0.032069675624370575
6047,-2.488769769668579,-2.492774486541748,0.001750855939462781,0.002253839047625661,0.032060250639915466
6048,-2.230747699737549,-2.505481481552124,0.14182665944099426,0.13290710747241974,0.03205084800720215
6049,-2.6787478923797607,-2.6866507530212402,0.004175898153334856,0.003726887982338667,0.03204145282506943
6050,-2.574633836746216,-2.578934907913208,0.0025512678548693657,0.00174986501224339,0.0320320650935173
6051,-2.51171612739563,-2.5268068313598633,0.00728918332606554,0.007801482919603586,0.03202271834015846
6052,-2.4581944942474365,-2.4636881351470947,0.002021214459091425,0.003472354030236602,0.032013390213251114
6053,-2.5606818199157715,-2.571180582046509,0.004581049084663391,0.005917754489928484,0.03200405463576317
6054,-2.5110795497894287,-2.5146498680114746,0.0017004619585350156,0.00186992809176445,0.03199471905827522
6055,-2.4638445377349854,-2.475374698638916,0.006780043710023165,0.004750002641230822,0.03198538348078728
6056,-2.669734001159668,-2.674470901489258,0.002197801601141691,0.002539051463827491,0.03197605907917023
6057,-2.5586209297180176,-2.5653958320617676,0.003671586513519287,0.00310336472466588,0.0319666750729084
6058,-2.580305337905884,-2.586207866668701,0.0026831217110157013,0.0032192901708185673,0.03195732459425926
6059,-2.560715913772583,-2.5687003135681152,0.00382787361741066,0.004156561568379402,0.03194795548915863
6060,-2.6365673542022705,-2.6423962116241455,0.00207109865732491,0.003757662605494261,0.031938586384058
6061,-2.6410837173461914,-2.645343780517578,0.0017393633024767041,0.0025206950958818197,0.03192925080657005
6062,-2.6167266368865967,-2.622091770172119,0.0028018609154969454,0.002563346875831485,0.0319199338555336
6063,-2.620025396347046,-2.6254539489746094,0.0023288822267204523,0.0030997178982943296,0.031910620629787445
6064,-2.557579517364502,-2.5695371627807617,0.00610521761700511,0.00585244782269001,0.03190136328339577
6065,-2.5928916931152344,-2.5988821983337402,0.0026952822227030993,0.003295095404610038,0.03189203888177872
6066,-2.531355381011963,-2.538482189178467,0.003573597176000476,0.0035532580222934484,0.03188270330429077
6067,-2.497540235519409,-2.5027828216552734,0.0029219239950180054,0.002320820465683937,0.031873349100351334
6068,-2.5662126541137695,-2.5818276405334473,0.007728974334895611,0.007885950617492199,0.031863972544670105
6069,-2.610346555709839,-2.6259207725524902,0.007986444979906082,0.0075875683687627316,0.03185459226369858
6070,-2.5758252143859863,-2.5803160667419434,0.0022214921191334724,0.002269195858389139,0.031845204532146454
6071,-2.5359160900115967,-2.5457563400268555,0.004093389958143234,0.005746825598180294,0.03183584660291672
6072,-2.4853262901306152,-2.4898288249969482,0.002022139262408018,0.0024805550929158926,0.031826458871364594
6073,-2.548104763031006,-2.5570991039276123,0.004879792220890522,0.004114555194973946,0.03181706741452217
6074,-2.5967864990234375,-2.5999655723571777,0.0012547244550660253,0.0019242132548242807,0.03180765360593796
6075,-2.580587387084961,-2.587296485900879,0.003778765443712473,0.002930428832769394,0.03179830312728882
6076,-2.633329391479492,-2.6362438201904297,0.00130586011800915,0.0016085514798760414,0.03178899735212326
6077,-2.4452309608459473,-2.449321985244751,0.001954019535332918,0.002136935479938984,0.03177965059876442
6078,-2.571821928024292,-2.5767340660095215,0.002331780269742012,0.0025804515462368727,0.03177032619714737
6079,-2.6288318634033203,-2.6330604553222656,0.0019397364230826497,0.0022887857630848885,0.031760986894369125
6080,-2.4859941005706787,-2.4882900714874268,0.0011493343627080321,0.0011466086143627763,0.03175167366862297
6081,-2.5612692832946777,-2.5735085010528564,0.0055771139450371265,0.00666216854006052,0.031742386519908905
6082,-2.5609803199768066,-2.587175130844116,0.012625648640096188,0.013569020666182041,0.031733132898807526
6083,-2.6173486709594727,-2.6206703186035156,0.001431998680345714,0.0018895902903750539,0.03172383829951286
6084,-2.6401660442352295,-2.645638942718506,0.003192850621417165,0.002280100714415312,0.03171452134847641
6085,-2.494993209838867,-2.4997751712799072,0.0021706807892769575,0.002611401956528425,0.031705211848020554
6086,-2.6267130374908447,-2.6411311626434326,0.00411131139844656,0.010306768119335175,0.0316958874464035
6087,-2.5296993255615234,-2.5311107635498047,0.0007923120865598321,0.0006192127475515008,0.03168661519885063
6088,-2.5965824127197266,-2.602245807647705,0.0027462036814540625,0.002917183330282569,0.03167736157774925
6089,-2.6800601482391357,-2.6830711364746094,0.0016018321039155126,0.0014091609045863152,0.03166814148426056
6090,-2.6097538471221924,-2.6138079166412354,0.0019741696305572987,0.002080038655549288,0.03165886551141739
6091,-2.5746419429779053,-2.586703300476074,0.006222168914973736,0.005839123390614986,0.03164954483509064
6092,-2.634176731109619,-2.636284589767456,0.0008465323480777442,0.0012612557038664818,0.03164022043347359
6093,-2.5261285305023193,-2.5311577320098877,0.0023145086597651243,0.002714696805924177,0.03163089603185654
6094,-2.6516544818878174,-2.6569132804870605,0.0029852455481886864,0.00227359589189291,0.031621575355529785
6095,-2.5478827953338623,-2.552733898162842,0.0023904440458863974,0.002460676245391369,0.031612250953912735
6096,-2.6071290969848633,-2.6107280254364014,0.0019262367859482765,0.0016726884059607983,0.03160296753048897
6097,-2.6087026596069336,-2.611539363861084,0.0013494300656020641,0.0014873109757900238,0.03159366175532341
6098,-2.644289255142212,-2.649439573287964,0.0024040534626692533,0.002746386220678687,0.03158436343073845
6099,-2.5753228664398193,-2.5780763626098633,0.0014533792855218053,0.0013000003527849913,0.03157511726021767
6100,-2.407358169555664,-2.531435966491699,0.06474997848272324,0.059327900409698486,0.03156587481498718
6101,-2.691699504852295,-2.6944637298583984,0.0014769617700949311,0.0012871602084487677,0.0315566249191761
6102,-2.6251206398010254,-2.6313068866729736,0.0035133492201566696,0.002672846196219325,0.03154737874865532
6103,-2.5402235984802246,-2.543792724609375,0.0017345021478831768,0.0018347169971093535,0.031538136303424835
6104,-2.6690428256988525,-2.675062894821167,0.003252265974879265,0.002767708385363221,0.03152890503406525
6105,-2.48483943939209,-2.538912773132324,0.026301369071006775,0.027772067114710808,0.031519729644060135
6106,-2.527939558029175,-2.5319595336914062,0.0017988841282203794,0.002221090020611882,0.03151053190231323
6107,-2.6036739349365234,-2.6081433296203613,0.002462727250531316,0.0020068364683538675,0.03150133043527603
6108,-2.556589365005493,-2.563544750213623,0.003153255209326744,0.0038020096253603697,0.03149212896823883
6109,-2.5327987670898438,-2.540055990219116,0.0036489912308752537,0.0036083036102354527,0.031482912600040436
6110,-2.593717336654663,-2.5997040271759033,0.003196905367076397,0.0027897937688976526,0.031473733484745026
6111,-2.6317052841186523,-2.635284185409546,0.001784573309123516,0.001794242300093174,0.031464528292417526
6112,-2.591622829437256,-2.5954535007476807,0.0017589343478903174,0.002071661874651909,0.03145531564950943
6113,-2.5914366245269775,-2.594508647918701,0.001545602921396494,0.001526449341326952,0.03144610673189163
6114,-2.6226162910461426,-2.628730297088623,0.0031218479853123426,0.0029920947272330523,0.03143687918782234
6115,-2.5894031524658203,-2.596064329147339,0.0034789072815328836,0.00318217184394598,0.03142767772078514
6116,-2.6509757041931152,-2.65545916557312,0.0025026339571923018,0.0019807210192084312,0.03141844645142555
6117,-2.652301788330078,-2.7025630474090576,0.024411574006080627,0.02584950253367424,0.03140924125909805
6118,-2.501575231552124,-2.50421142578125,0.0014797825133427978,0.0011562665458768606,0.031400009989738464
6119,-2.5497984886169434,-2.5531821250915527,0.0015794816426932812,0.0018042175797745585,0.03139077499508858
6120,-2.5344388484954834,-2.5396225452423096,0.002917901612818241,0.0022657315712422132,0.03138149529695511
6121,-2.5101218223571777,-2.580508232116699,0.03584757074713707,0.03453879430890083,0.03137221932411194
6122,-2.5622966289520264,-2.5701565742492676,0.004316095728427172,0.0035438560880720615,0.03136291727423668
6123,-2.667955160140991,-2.6701343059539795,0.0010655520018190145,0.0011136613320559263,0.03135361522436142
6124,-2.638051748275757,-2.646005868911743,0.003470841096714139,0.004483152646571398,0.03134430944919586
6125,-2.5172088146209717,-2.5362610816955566,0.009950377978384495,0.00910193845629692,0.03133502975106239
6126,-2.563812494277954,-2.5678341388702393,0.002127109793946147,0.0018944642506539822,0.03132571652531624
6127,-2.542186737060547,-2.5455121994018555,0.0016122483648359776,0.0017132863868027925,0.03131634369492531
6128,-2.546217441558838,-2.5484633445739746,0.001128468313254416,0.0011174296960234642,0.03130698204040527
6129,-2.5434365272521973,-2.6258556842803955,0.04111422598361969,0.04130483791232109,0.03129766136407852
6130,-2.6295785903930664,-2.6328623294830322,0.0016897468594834208,0.0015941251767799258,0.03128834813833237
6131,-2.5642645359039307,-2.5675833225250244,0.0018589835381135345,0.0014598515117540956,0.031279049813747406
6132,-2.5730748176574707,-2.578646183013916,0.0028255623765289783,0.0027457773685455322,0.03126973658800125
6133,-2.56658673286438,-2.57554292678833,0.005095908418297768,0.0038601174019277096,0.0312604159116745
6134,-2.5022287368774414,-2.5628936290740967,0.029862018302083015,0.030802885070443153,0.031251080334186554
6135,-2.554234743118286,-2.5639758110046387,0.005336186848580837,0.004404874984174967,0.031241782009601593
6136,-2.591315984725952,-2.593895435333252,0.0014519622782245278,0.0011274353601038456,0.031232479959726334
6137,-2.4704363346099854,-2.475236415863037,0.002519529080018401,0.0022805838380008936,0.03122321143746376
6138,-2.6243112087249756,-2.633406162261963,0.00434492714703083,0.0047501022927463055,0.031213967129588127
6139,-2.6251931190490723,-2.6287341117858887,0.002089692046865821,0.0014513615751639009,0.031204724684357643
6140,-2.5813231468200684,-2.587114095687866,0.0033599333837628365,0.0024308301508426666,0.03119550831615925
6141,-2.6103415489196777,-2.6175878047943115,0.003497747238725424,0.0037484904751181602,0.031186280772089958
6142,-2.4371531009674072,-2.645268440246582,0.10288658738136292,0.1052287295460701,0.031177062541246414
6143,-2.4451348781585693,-2.4491562843322754,0.0017340985359624028,0.0022873550187796354,0.03116781637072563
6144,-2.5010900497436523,-2.510085344314575,0.004535370506346226,0.0044598872773349285,0.031158573925495148
6145,-2.537139892578125,-2.5451724529266357,0.0037569699343293905,0.004275566898286343,0.03114934079349041
6146,-2.521625518798828,-2.525310516357422,0.0016230068868026137,0.002062181942164898,0.031140126287937164
6147,-2.477888584136963,-2.5465731620788574,0.033219724893569946,0.035464659333229065,0.03113093599677086
6148,-2.624859571456909,-2.63033127784729,0.0029334458522498608,0.002538094064220786,0.03112172707915306
6149,-2.5641884803771973,-2.5698347091674805,0.003196343779563904,0.0024500444997102022,0.031112512573599815
6150,-2.6474945545196533,-2.6559746265411377,0.003448406234383583,0.005031696055084467,0.03110329993069172
6151,-2.5192904472351074,-2.522754192352295,0.001585141639225185,0.001878536306321621,0.031094076111912727
6152,-2.510955810546875,-2.520350456237793,0.0050184703432023525,0.004376168828457594,0.03108486346900463
6153,-2.561464309692383,-2.56965970993042,0.005039770156145096,0.0031556228641420603,0.031075704842805862
6154,-2.550895929336548,-2.5570907592773438,0.003182265441864729,0.0030125435441732407,0.03106655552983284
6155,-2.527172565460205,-2.528590440750122,0.0008855506312102079,0.000532423029653728,0.031057409942150116
6156,-2.480881452560425,-2.4830827713012695,0.001308019389398396,0.0008932962082326412,0.031048228964209557
6157,-2.5316274166107178,-2.5479846000671387,0.008108519949018955,0.008248611353337765,0.031039036810398102
6158,-2.5350546836853027,-2.539318561553955,0.002330341376364231,0.001933608204126358,0.031029831618070602
6159,-2.5649828910827637,-2.5723161697387695,0.0037519587203860283,0.003581236582249403,0.031020615249872208
6160,-2.6378939151763916,-2.645394802093506,0.003481619991362095,0.004019145853817463,0.03101140819489956
6161,-2.523754119873047,-2.5279414653778076,0.0017230738885700703,0.002464227844029665,0.031002227216959
6162,-2.5985546112060547,-2.6052961349487305,0.0033549368381500244,0.0033864090219140053,0.030993055552244186
6163,-2.5536892414093018,-2.560246467590332,0.0029952104669064283,0.0035619386471807957,0.030983923003077507
6164,-2.5994246006011963,-2.6024978160858154,0.0015857367543503642,0.0014875021297484636,0.0309747364372015
6165,-2.5645573139190674,-2.571528434753418,0.003286204533651471,0.003685059491544962,0.030965490266680717
6166,-2.4798004627227783,-2.5444753170013428,0.033099282532930374,0.031575657427310944,0.030956249684095383
6167,-2.5657317638397217,-2.5721564292907715,0.003152446821331978,0.003272232599556446,0.03094703145325184
6168,-2.561462879180908,-2.564976930618286,0.00176155602093786,0.001752330339513719,0.030937818810343742
6169,-2.661458730697632,-2.670236825942993,0.0042647914960980415,0.004513232037425041,0.030928606167435646
6170,-2.6129562854766846,-2.6148934364318848,0.0010274519445374608,0.0009098465088754892,0.03091938979923725
6171,-2.490675926208496,-2.494957447052002,0.00195789965800941,0.002323636319488287,0.030910177156329155
6172,-2.674471616744995,-2.680910587310791,0.0032369710970669985,0.003201962448656559,0.0309009812772274
6173,-2.624213933944702,-2.630016803741455,0.0028743338771164417,0.0029284402262419462,0.03089178167283535
6174,-2.5372519493103027,-2.540961742401123,0.0016233414644375443,0.0020863297395408154,0.03088262677192688
6175,-2.6500651836395264,-2.6594901084899902,0.0049101822078228,0.004514593631029129,0.03087347000837326
6176,-2.5790655612945557,-2.5831267833709717,0.002149804262444377,0.0019114143215119839,0.030864305794239044
6177,-2.4875905513763428,-2.4904136657714844,0.0015677985502406955,0.0012551795225590467,0.030855124816298485
6178,-2.622349262237549,-2.627464532852173,0.0029089227318763733,0.0022063707001507282,0.030845943838357925
6179,-2.5846903324127197,-2.5868544578552246,0.0012432148214429617,0.0009209249983541667,0.03083677589893341
6180,-2.6025452613830566,-2.6089298725128174,0.003005285980179906,0.0033792839385569096,0.030827615410089493
6181,-2.5909132957458496,-2.5973970890045166,0.0033693660516291857,0.0031143499072641134,0.030818473547697067
6182,-2.503222703933716,-2.5058062076568604,0.0014704344794154167,0.0011132369982078671,0.030809342861175537
6183,-2.603287696838379,-2.6069412231445312,0.0017677501309663057,0.0018859270494431257,0.0308002270758152
6184,-2.687741756439209,-2.6901180744171143,0.0011659108567982912,0.001210459740832448,0.03079112246632576
6185,-2.51255464553833,-2.5173850059509277,0.002934001386165619,0.0018964515766128898,0.03078199177980423
6186,-2.498819589614868,-2.5011281967163086,0.0012812059139832854,0.0010274307569488883,0.030772892758250237
6187,-2.4627702236175537,-2.4684667587280273,0.003270974149927497,0.00242577213793993,0.030763782560825348
6188,-2.513460874557495,-2.5178661346435547,0.002706448780372739,0.001698643434792757,0.030754711478948593
6189,-2.5552353858947754,-2.5587003231048584,0.0015391454799100757,0.0019257005769759417,0.03074563480913639
6190,-2.460871696472168,-2.476203203201294,0.007333408575505018,0.0079979682341218,0.030736589804291725
6191,-2.6215767860412598,-2.629049062728882,0.003279326483607292,0.00419304333627224,0.030727598816156387
6192,-2.6681597232818604,-2.6718361377716064,0.0019180752569809556,0.0017583813751116395,0.030718626454472542
6193,-2.552701234817505,-2.5578126907348633,0.0027110257651656866,0.002400483936071396,0.030709678307175636
6194,-2.546027660369873,-2.5503716468811035,0.0021561570465564728,0.002187717705965042,0.03070073202252388
6195,-2.5891904830932617,-2.5956664085388184,0.003405086463317275,0.0030707826372236013,0.030691824853420258
6196,-2.6302967071533203,-2.6321866512298584,0.0010197144001722336,0.0008702465565875173,0.03068290650844574
6197,-2.5580289363861084,-2.565025806427002,0.0036920439451932907,0.0033047469332814217,0.03067396953701973
6198,-2.6464459896087646,-2.6511037349700928,0.002250899560749531,0.0024068360216915607,0.03066503256559372
6199,-2.5665512084960938,-2.571782112121582,0.0029931282624602318,0.002237780950963497,0.030656063929200172
6200,-2.528686285018921,-2.535900592803955,0.003557009156793356,0.0036572737153619528,0.03064708225429058
6201,-2.5907931327819824,-2.5963685512542725,0.0023672485258430243,0.0032080814708024263,0.030638162046670914
6202,-2.4305307865142822,-2.4345176219940186,0.0024838908575475216,0.0015029080677777529,0.030629251152276993
6203,-2.5030641555786133,-2.5072736740112305,0.002452240325510502,0.0017573749646544456,0.030620306730270386
6204,-2.5313868522644043,-2.539060592651367,0.003615419380366802,0.004058394115418196,0.030611366033554077
6205,-2.6012792587280273,-2.6110193729400635,0.004526243545114994,0.005213938653469086,0.030602382495999336
6206,-2.543581485748291,-2.551555633544922,0.0036335045006126165,0.004340659361332655,0.030593425035476685
6207,-2.5181071758270264,-2.519373893737793,0.0006416829419322312,0.0006250287406146526,0.030584409832954407
6208,-2.543778657913208,-2.548285961151123,0.002170517574995756,0.002336747944355011,0.03057541325688362
6209,-2.625884771347046,-2.6296279430389404,0.0018774050986394286,0.001865870552137494,0.03056640364229679
6210,-2.549300193786621,-2.5514934062957764,0.001146908849477768,0.0010464086662977934,0.03055742010474205
6211,-2.574082851409912,-2.5824005603790283,0.004283376038074493,0.004034231882542372,0.03054846078157425
6212,-2.6670806407928467,-2.6735646724700928,0.0034095030277967453,0.003074578708037734,0.030539480969309807
6213,-2.535433530807495,-2.5398848056793213,0.0022014083806425333,0.002250037156045437,0.030530454590916634
6214,-2.50443172454834,-2.5650696754455566,0.03014449030160904,0.030493468046188354,0.030521443113684654
6215,-2.556852340698242,-2.5601909160614014,0.0018143391935154796,0.0015241438522934914,0.030512429773807526
6216,-2.5547988414764404,-2.5627803802490234,0.0037852120585739613,0.00419646454975009,0.030503395944833755
6217,-2.541740655899048,-2.551295280456543,0.005142085254192352,0.0044125826098024845,0.030494363978505135
6218,-2.5557360649108887,-2.5594372749328613,0.0019471229752525687,0.0017541227862238884,0.030485328286886215
6219,-2.63419771194458,-2.642700672149658,0.004262390546500683,0.004240546375513077,0.03047633171081543
6220,-2.5584022998809814,-2.5648703575134277,0.003424513852223754,0.0030437265522778034,0.0304673220962286
6221,-2.5295464992523193,-2.533306121826172,0.0016982334200292826,0.0020614666864275932,0.030458316206932068
6222,-2.452923059463501,-2.4612319469451904,0.0037901836913079023,0.004518662113696337,0.03044932149350643
6223,-2.6372756958007812,-2.6437015533447266,0.0032842163927853107,0.0031416991259902716,0.03044031374156475
6224,-2.489041805267334,-2.589341163635254,0.04986570030450821,0.05043351650238037,0.03043130785226822
6225,-2.566378116607666,-2.568995475769043,0.0014213494723662734,0.001195850083604455,0.030422313138842583
6226,-2.6067395210266113,-2.6096537113189697,0.0013751875376328826,0.0015388955362141132,0.03041335567831993
6227,-2.6186981201171875,-2.6215455532073975,0.0012529940577223897,0.0015945126069709659,0.030404409393668175
6228,-2.5543947219848633,-2.558330774307251,0.0016792526002973318,0.0022569557186216116,0.030395502224564552
6229,-2.2262094020843506,-2.5394439697265625,0.15561121702194214,0.15762338042259216,0.030386589467525482
6230,-2.7033863067626953,-2.705589771270752,0.0009934698464348912,0.0012099636951461434,0.030377650633454323
6231,-2.624192237854004,-2.6294007301330566,0.0026031862944364548,0.002605101326480508,0.030368663370609283
6232,-2.539105176925659,-2.5450830459594727,0.0030383144039660692,0.0029395173769444227,0.030359650030732155
6233,-2.553044319152832,-2.560199737548828,0.0033341736998409033,0.0038211820647120476,0.030350640416145325
6234,-2.622551918029785,-2.6279654502868652,0.002709193155169487,0.0027043346781283617,0.030341625213623047
6235,-2.5840511322021484,-2.5915822982788086,0.003798037301748991,0.003733256133273244,0.03033262863755226
6236,-2.5275967121124268,-2.5972063541412354,0.03474003076553345,0.03486962243914604,0.030323611572384834
6237,-2.5649876594543457,-2.5726795196533203,0.0041257902048528194,0.0035659356508404016,0.03031461127102375
6238,-2.677807331085205,-2.681867837905884,0.0018058348214253783,0.0022546628024429083,0.030305584892630577
6239,-2.5375618934631348,-2.545043706893921,0.004090006463229656,0.003391772974282503,0.030296597629785538
6240,-2.555420160293579,-2.562021493911743,0.0033958805724978447,0.0032054674811661243,0.030287671834230423
6241,-2.6673829555511475,-2.672945499420166,0.0026236127596348524,0.002939016092568636,0.03027874045073986
6242,-2.483919143676758,-2.4980454444885254,0.0072659156285226345,0.006860407069325447,0.030269805341959
6243,-2.4757962226867676,-2.4821348190307617,0.00371248135343194,0.002626140834763646,0.030260857194662094
6244,-2.5502147674560547,-2.5539140701293945,0.0023848875425755978,0.0013144172262400389,0.030251897871494293
6245,-2.231360912322998,-2.5673539638519287,0.16873617470264435,0.16725684702396393,0.030242912471294403
6246,-2.564270257949829,-2.569326162338257,0.0023011055309325457,0.00275479000993073,0.030233971774578094
6247,-2.5940566062927246,-2.598510265350342,0.0022254204377532005,0.002228295663371682,0.030225006863474846
6248,-2.5882670879364014,-2.591916561126709,0.0019024942303076386,0.0017467752331867814,0.030216101557016373
6249,-2.537724494934082,-2.548795700073242,0.005833300296217203,0.0052378191612660885,0.030207205563783646
6250,-2.566932439804077,-2.5726263523101807,0.003326466539874673,0.0023673817049711943,0.030198276042938232
6251,-2.542146921157837,-2.546823501586914,0.002398229669779539,0.0022784320171922445,0.03018934279680252
6252,-2.577440023422241,-2.5877718925476074,0.005047258455306292,0.005284661892801523,0.03018043376505375
6253,-2.5453925132751465,-2.6140294075012207,0.034575797617435455,0.03406110033392906,0.03017153963446617
6254,-2.556989908218384,-2.563185930252075,0.0026572111528366804,0.003538742894306779,0.03016257844865322
6255,-2.583341121673584,-2.599083423614502,0.007416620384901762,0.00832567922770977,0.03015364147722721
6256,-2.6815149784088135,-2.688274621963501,0.0033173775300383568,0.0034422774333506823,0.03014470636844635
6257,-2.648233413696289,-2.6510353088378906,0.0013129622675478458,0.0014888766454532743,0.030135760083794594
6258,-2.696326494216919,-2.7144851684570312,0.009324383921921253,0.008834426291286945,0.030126845464110374
6259,-2.640068769454956,-2.643576145172119,0.001960437512025237,0.0015467526391148567,0.030117960646748543
6260,-2.524052619934082,-2.5289182662963867,0.0023265904746949673,0.0025390749797225,0.030109094455838203
6261,-2.6167078018188477,-2.624443769454956,0.0038493401370942593,0.0038866016548126936,0.03010021522641182
6262,-2.5894975662231445,-2.592036008834839,0.0012874472886323929,0.0012509715743362904,0.030091332271695137
6263,-2.5489916801452637,-2.5532307624816895,0.0023682729806751013,0.0018709892174229026,0.030082451179623604
6264,-2.584566593170166,-2.587710380554199,0.0018461992731317878,0.0012975642457604408,0.0300736166536808
6265,-2.5063984394073486,-2.508575916290283,0.0011388068087399006,0.0010384476045146585,0.030064813792705536
6266,-2.5357983112335205,-2.538851737976074,0.001511860522441566,0.0015415474772453308,0.030056025832891464
6267,-2.5029165744781494,-2.5071933269500732,0.0021019161213189363,0.002174826804548502,0.03004719875752926
6268,-2.554159164428711,-2.5577731132507324,0.0017085287254303694,0.0019053794676437974,0.030038390308618546
6269,-2.5537891387939453,-2.5574729442596436,0.0017332463758066297,0.0019505158998072147,0.030029574409127235
6270,-2.2169547080993652,-2.4728007316589355,0.14186932146549225,0.11397663503885269,0.03002079203724861
6271,-2.5603036880493164,-2.569453239440918,0.004428122658282518,0.004721454810351133,0.030012017115950584
6272,-2.526808738708496,-2.5319063663482666,0.0027143333572894335,0.0023833324667066336,0.030003288760781288
6273,-2.5611870288848877,-2.5675086975097656,0.0030710045248270035,0.003250542562454939,0.029994526877999306
6274,-2.5169193744659424,-2.5222110748291016,0.002432321198284626,0.0028593665920197964,0.02998574636876583
6275,-2.635117530822754,-2.638669967651367,0.0015847061295062304,0.0019676112569868565,0.029976962134242058
6276,-2.5654447078704834,-2.5698671340942383,0.0017875396879389882,0.0026350959669798613,0.029968157410621643
6277,-2.5708377361297607,-2.5784294605255127,0.0035008778795599937,0.004090758040547371,0.02995937131345272
6278,-2.669060230255127,-2.673377513885498,0.002584254601970315,0.001732979784719646,0.029950600117444992
6279,-2.516118049621582,-2.518716812133789,0.0011848820140585303,0.0014137632679194212,0.029941825196146965
6280,-2.601209878921509,-2.608640670776367,0.003361784154549241,0.004068971611559391,0.029933074489235878
6281,-2.4942386150360107,-2.4969239234924316,0.0015381781850010157,0.0011469306191429496,0.02992437779903412
6282,-2.55983304977417,-2.5656464099884033,0.0024529597721993923,0.0033605857752263546,0.02991568110883236
6283,-2.5902864933013916,-2.5927231311798096,0.0009667736594565213,0.0014698994345963001,0.02990703098475933
6284,-2.562607765197754,-2.5667569637298584,0.0023427444975823164,0.0018064705654978752,0.029898354783654213
6285,-2.6525368690490723,-2.6555838584899902,0.0015699289506301284,0.0014770866837352514,0.029889672994613647
6286,-2.4765501022338867,-2.481321334838867,0.0021363801788538694,0.0026347532402724028,0.02988099493086338
6287,-2.6172893047332764,-2.6194863319396973,0.0010545927798375487,0.001142536522820592,0.029872318729758263
6288,-2.487717390060425,-2.496168613433838,0.0046384455636143684,0.003812729148194194,0.029863659292459488
6289,-2.6325151920318604,-2.645430564880371,0.006062562111765146,0.006852922961115837,0.02985503152012825
6290,-2.545867919921875,-2.552426815032959,0.0031029104720801115,0.003455833764746785,0.029846390709280968
6291,-2.6473324298858643,-2.6509952545166016,0.0020198067650198936,0.0016430323012173176,0.029837725684046745
6292,-2.609102964401245,-2.632964849472046,0.01146356388926506,0.012398269958794117,0.029829055070877075
6293,-2.62514328956604,-2.6388630867004395,0.006691060960292816,0.007028843276202679,0.029820378869771957
6294,-2.57206654548645,-2.5768215656280518,0.002281065098941326,0.0024740458466112614,0.029811764135956764
6295,-2.5625853538513184,-2.6331441402435303,0.03415842354297638,0.03640029579401016,0.029803136363625526
6296,-2.475874185562134,-2.4784464836120605,0.001265028491616249,0.00130734802223742,0.02979452535510063
6297,-2.6709306240081787,-2.6784753799438477,0.003671386046335101,0.003873236710205674,0.029785923659801483
6298,-2.535128355026245,-2.5384268760681152,0.001742451568134129,0.0015561796026304364,0.029777340590953827
6299,-2.6440072059631348,-2.6479651927948,0.0021371478214859962,0.0018207365646958351,0.02976878732442856
6300,-2.6229710578918457,-2.6316213607788086,0.004533724393695593,0.004116615280508995,0.029760193079710007
6301,-2.6359102725982666,-2.6417911052703857,0.0034155170433223248,0.0024652599822729826,0.029751595109701157
6302,-2.591548204421997,-2.5978312492370605,0.003267843509092927,0.0030153216794133186,0.02974294126033783
6303,-2.6189184188842773,-2.628171920776367,0.004259526263922453,0.0049938056617975235,0.029734278097748756
6304,-2.6153907775878906,-2.619837999343872,0.0024553355760872364,0.001991955330595374,0.029725531116127968
6305,-2.523444652557373,-2.5254454612731934,0.0011036311043426394,0.0008970517665147781,0.02971677854657173
6306,-2.597533941268921,-2.601942539215088,0.0019766732584685087,0.0024319712538272142,0.02970806509256363
6307,-2.5515313148498535,-2.613694667816162,0.03101939894258976,0.031143924221396446,0.029699362814426422
6308,-2.5952420234680176,-2.6034693717956543,0.003753103781491518,0.004474100656807423,0.029690667986869812
6309,-2.5949854850769043,-2.6006860733032227,0.002593718934804201,0.003106898395344615,0.029681997373700142
6310,-2.640329360961914,-2.644134998321533,0.0019337099511176348,0.0018718679202720523,0.02967335842549801
6311,-2.5727272033691406,-2.574737071990967,0.0011614153627306223,0.000848459720145911,0.02966475673019886
6312,-2.5004982948303223,-2.504392623901367,0.0020632741507142782,0.0018309717997908592,0.029656143859028816
6313,-2.583725929260254,-2.5904338359832764,0.0036561128217726946,0.0030517876148223877,0.029647555202245712
6314,-2.593656063079834,-2.656076669692993,0.030310574918985367,0.032109860330820084,0.029639001935720444
6315,-2.5341603755950928,-2.538867950439453,0.002496208529919386,0.002211305545642972,0.02963043935596943
6316,-2.6524364948272705,-2.657465934753418,0.0021423939615488052,0.0028870454989373684,0.029621858149766922
6317,-2.5847017765045166,-2.5919508934020996,0.0034733933862298727,0.003775796154513955,0.029613228514790535
6318,-2.658062696456909,-2.6616830825805664,0.001935333595611155,0.0016851749969646335,0.029604623094201088
6319,-2.5744192600250244,-2.6342999935150146,0.02922668121755123,0.030654026195406914,0.029595984145998955
6320,-2.5463321208953857,-2.5529279708862305,0.0030413928907364607,0.003554229624569416,0.029587335884571075
6321,-2.701700448989868,-2.7077643871307373,0.002818977925926447,0.003244788385927677,0.02957873046398163
6322,-2.5933146476745605,-2.5956225395202637,0.0013655007351189852,0.0009425475727766752,0.029570134356617928
6323,-2.6254210472106934,-2.628291368484497,0.0014811413129791617,0.0013893140712752938,0.029561549425125122
6324,-2.4923629760742188,-2.495368480682373,0.0016564037650823593,0.0013491868739947677,0.029552938416600227
6325,-2.545741558074951,-2.5489909648895264,0.001753440941683948,0.0014961616834625602,0.029544349759817123
6326,-2.641380548477173,-2.650981903076172,0.005058648064732552,0.004542700480669737,0.029535764828324318
6327,-2.551600694656372,-2.622067928314209,0.03506069630384445,0.03540659323334694,0.02952713891863823
6328,-2.4920296669006348,-2.496692180633545,0.0024072136729955673,0.0022552688606083393,0.029518509283661842
6329,-2.6255409717559814,-2.6312122344970703,0.0031599237117916346,0.0025112712755799294,0.029509875923395157
6330,-2.6236860752105713,-2.6282756328582764,0.0026558770332485437,0.001933520077727735,0.0295012928545475
6331,-2.5350632667541504,-2.545304298400879,0.005660523660480976,0.004580379463732243,0.029492685571312904
6332,-2.568272352218628,-2.573249578475952,0.001957035157829523,0.0030202800408005714,0.02948412299156189
6333,-2.652733325958252,-2.662008285522461,0.004365164320915937,0.004909847397357225,0.029475554823875427
6334,-2.545356035232544,-2.5472524166107178,0.0009051262750290334,0.0009913778631016612,0.029466982930898666
6335,-2.6420674324035645,-2.648049831390381,0.002475278452038765,0.003507054876536131,0.029458453878760338
6336,-2.6489059925079346,-2.6566858291625977,0.003785757813602686,0.003993908874690533,0.029449887573719025
6337,-2.4757590293884277,-2.4802768230438232,0.00254929275251925,0.001968356082215905,0.029441295191645622
6338,-2.5399391651153564,-2.5542800426483154,0.007428767159581184,0.006912085693329573,0.02943272516131401
6339,-2.512343406677246,-2.518364191055298,0.0027806491125375032,0.0032401075586676598,0.029424143955111504
6340,-2.5192928314208984,-2.5218636989593506,0.0009207039256580174,0.0016499864868819714,0.0294155515730381
6341,-2.6464898586273193,-2.6482434272766113,0.0007712386432103813,0.000982361496426165,0.029406968504190445
6342,-2.6008031368255615,-2.6040523052215576,0.0017451804596930742,0.0015039300778880715,0.029398353770375252
6343,-2.4998223781585693,-2.5033388137817383,0.0018418066902086139,0.0016747262561693788,0.029389725998044014
6344,-2.632629632949829,-2.6392486095428467,0.0038611367344856262,0.002757694572210312,0.029381193220615387
6345,-2.608842611312866,-2.6180646419525146,0.004383951425552368,0.004838065709918737,0.029372675344347954
6346,-2.5743296146392822,-2.5806028842926025,0.0029993182979524136,0.003273881273344159,0.02936416119337082
6347,-2.4947621822357178,-2.499267339706421,0.0026071546599268913,0.0018981373868882656,0.02935560792684555
6348,-2.616497039794922,-2.621495485305786,0.0021679417695850134,0.002830465789884329,0.029347099363803864
6349,-2.485002279281616,-2.491485834121704,0.003109998069703579,0.0033736075274646282,0.029338590800762177
6350,-2.5809521675109863,-2.5862247943878174,0.0023369579575955868,0.002935627242550254,0.02933000959455967
6351,-2.490767240524292,-2.495373249053955,0.002200720366090536,0.0024053468368947506,0.02932138927280903
6352,-2.5970115661621094,-2.5992379188537598,0.001150839147157967,0.0010754474205896258,0.0293127428740263
6353,-2.5809285640716553,-2.5907304286956787,0.004863022826611996,0.004938815720379353,0.029304133728146553
6354,-2.236715316772461,-2.537738800048828,0.1563348025083542,0.14468848705291748,0.029295556247234344
6355,-2.512739658355713,-2.522566080093384,0.004983741324394941,0.004842811729758978,0.029287021607160568
6356,-2.5285966396331787,-2.535599708557129,0.003482299856841564,0.0035208011977374554,0.029278524219989777
6357,-2.576793909072876,-2.5818958282470703,0.002475070534273982,0.0026270137168467045,0.029269989579916
6358,-2.5656778812408447,-2.5741000175476074,0.004666766617447138,0.0037552150897681713,0.029261533170938492
6359,-2.5672664642333984,-2.576214551925659,0.00439119478687644,0.004557011183351278,0.029253050684928894
6360,-2.5864620208740234,-2.5927586555480957,0.003123442642390728,0.003173176199197769,0.0292445570230484
6361,-2.6769156455993652,-2.6811516284942627,0.0021207279060035944,0.002115292474627495,0.029236113652586937
6362,-2.6083788871765137,-2.612962484359741,0.0023956343065947294,0.0021880290005356073,0.029227666556835175
6363,-2.5657196044921875,-2.574289321899414,0.0056665013544261456,0.0029031108133494854,0.02921920269727707
6364,-2.5544238090515137,-2.5632214546203613,0.00436381995677948,0.004433919675648212,0.029210779815912247
6365,-2.640444755554199,-2.644617795944214,0.0019119172357022762,0.0022610588930547237,0.029202362522482872
6366,-2.631406307220459,-2.6342201232910156,0.0017927554436028004,0.001021137461066246,0.02919396013021469
6367,-2.544130802154541,-2.550222635269165,0.0037058175075799227,0.00238618440926075,0.02918553166091442
6368,-2.4968090057373047,-2.500514507293701,0.001685465220361948,0.002020115964114666,0.02917707897722721
6369,-2.5315866470336914,-2.5355091094970703,0.0020574647933244705,0.0018650151323527098,0.02916865609586239
6370,-2.591038942337036,-2.5946338176727295,0.0016325693577528,0.0019623134285211563,0.02916019968688488
6371,-2.6005518436431885,-2.603569984436035,0.0014227030333131552,0.001595610985532403,0.02915171906352043
6372,-2.557159662246704,-2.563105344772339,0.0027768847066909075,0.003168888622894883,0.02914322167634964
6373,-2.568223237991333,-2.571216344833374,0.0016637752996757627,0.0013293137308210135,0.029134759679436684
6374,-2.6007144451141357,-2.6051294803619385,0.002105998806655407,0.00230899965390563,0.029126271605491638
6375,-2.5499932765960693,-2.5530893802642822,0.0016228656750172377,0.0014731497503817081,0.029117800295352936
6376,-2.6800405979156494,-2.687117099761963,0.002948036650195718,0.004128403030335903,0.029109353199601173
6377,-2.595709800720215,-2.6305320262908936,0.016436001285910606,0.01838603802025318,0.029100880026817322
6378,-2.6295154094696045,-2.6317334175109863,0.0010189961176365614,0.0011990285711362958,0.029092375189065933
6379,-2.5480246543884277,-2.5512845516204834,0.002086159074679017,0.0011737425811588764,0.029083851724863052
6380,-2.6248154640197754,-2.631312608718872,0.003656048560515046,0.0028410747181624174,0.029075324535369873
6381,-2.166440725326538,-2.5869858264923096,0.20696252584457397,0.2135826051235199,0.02906685508787632
6382,-2.6517012119293213,-2.6571502685546875,0.0030022314749658108,0.0024468107149004936,0.02905837446451187
6383,-2.686060905456543,-2.6889865398406982,0.0015906222397461534,0.0013349619694054127,0.029049929231405258
6384,-2.6286234855651855,-2.6332015991210938,0.002178481314331293,0.0023996373638510704,0.029041487723588943
6385,-2.593905210494995,-2.602592945098877,0.004562200978398323,0.004125675186514854,0.029033049941062927
6386,-2.6039319038391113,-2.6100986003875732,0.003161398693919182,0.0030053567606955767,0.02902464009821415
6387,-2.6651628017425537,-2.67144775390625,0.003742557717487216,0.00254253507591784,0.02901626192033291
6388,-2.638400077819824,-2.6448636054992676,0.0026580500416457653,0.0038053307216614485,0.0290079265832901
6389,-2.5775249004364014,-2.582559823989868,0.0023245227057486773,0.00271027279086411,0.028999565169215202
6390,-2.6161487102508545,-2.6235687732696533,0.0029874928295612335,0.004432697780430317,0.02899116650223732
6391,-2.086017608642578,-2.607990264892578,0.26553431153297424,0.25643813610076904,0.028982825577259064
6392,-2.5088918209075928,-2.5171399116516113,0.003709987970069051,0.004538093227893114,0.02897447906434536
6393,-2.2972865104675293,-2.501572608947754,0.10199107229709625,0.10229497402906418,0.028966177254915237
6394,-2.5527899265289307,-2.5650436878204346,0.005464436952024698,0.0067892856895923615,0.028957897797226906
6395,-2.61855149269104,-2.6291041374206543,0.004694756120443344,0.005858056712895632,0.028949612751603127
6396,-2.571197986602783,-2.576296329498291,0.002630205824971199,0.0024682246148586273,0.028941331431269646
6397,-2.6138033866882324,-2.6162002086639404,0.0010883188806474209,0.0013083640951663256,0.028933046385645866
6398,-2.5740458965301514,-2.5770974159240723,0.0014492931077256799,0.0016021367628127337,0.028924699872732162
6399,-2.5738062858581543,-2.5797905921936035,0.0023989826440811157,0.003585337195545435,0.028916336596012115
6400,-2.555816888809204,-2.5598416328430176,0.002478239359334111,0.0015466384356841445,0.028907954692840576
6401,-2.6349244117736816,-2.6383564472198486,0.001630311831831932,0.0018018072005361319,0.028899554163217545
6402,-2.5587923526763916,-2.6255428791046143,0.034183405339717865,0.032567039132118225,0.02889110893011093
6403,-2.577162027359009,-2.5811290740966797,0.0018812529742717743,0.0020858044736087322,0.02888270653784275
6404,-2.6500043869018555,-2.6531074047088623,0.0016453710850328207,0.0014576097019016743,0.028874224051833153
6405,-2.543596029281616,-2.55141019821167,0.0033040614798665047,0.004510183818638325,0.02886575646698475
6406,-2.5657730102539062,-2.5741639137268066,0.003919894341379404,0.004471014253795147,0.028857335448265076
6407,-2.516425848007202,-2.5202434062957764,0.001961872447282076,0.0018556059803813696,0.028848921880126
6408,-2.676746129989624,-2.6836941242218018,0.0029980407562106848,0.003949996083974838,0.028840558603405952
6409,-2.6453826427459717,-2.647345781326294,0.000904335523955524,0.0010588231962174177,0.02883221209049225
6410,-2.415972948074341,-2.424912691116333,0.0041294400580227375,0.0048104217275977135,0.02882387489080429
6411,-2.3980398178100586,-2.5416486263275146,0.07074393332004547,0.07286469638347626,0.02881554141640663
6412,-2.4812119007110596,-2.516160488128662,0.018440499901771545,0.016508180648088455,0.028807194903492928
6413,-2.5049314498901367,-2.5146267414093018,0.005328863859176636,0.0043663703836500645,0.028798824176192284
6414,-2.5632805824279785,-2.568462610244751,0.0025564099196344614,0.0026258109137415886,0.028790462762117386
6415,-2.6022961139678955,-2.608156681060791,0.003265585983172059,0.0025949543341994286,0.028782129287719727
6416,-2.6341819763183594,-2.640902280807495,0.003341462928801775,0.003378923051059246,0.02877378650009632
6417,-2.535799980163574,-2.5396652221679688,0.0022481188643723726,0.0016172082396224141,0.02876545861363411
6418,-2.598788261413574,-2.6022725105285645,0.0018622365314513445,0.0016218903474509716,0.028757134452462196
6419,-2.340848922729492,-2.5604021549224854,0.11024138331413269,0.10931171476840973,0.02874881960451603
6420,-2.600679636001587,-2.6045608520507812,0.0020514652132987976,0.0018299807561561465,0.028740519657731056
6421,-2.513183355331421,-2.516955852508545,0.0018211186397820711,0.0019515336025506258,0.0287321750074625
6422,-2.576596975326538,-2.582249164581299,0.0028041235636919737,0.0028482575435191393,0.02872384712100029
6423,-2.5856332778930664,-2.599040985107422,0.006911317817866802,0.0064964285120368,0.02871546521782875
6424,-2.5557875633239746,-2.5629005432128906,0.0038108716253191233,0.0033020316623151302,0.028707094490528107
6425,-2.580350875854492,-2.5871024131774902,0.0035421496722847223,0.0032093406189233065,0.02869873121380806
6426,-2.623849630355835,-2.6279046535491943,0.0018214688170701265,0.00223345123231411,0.0286903977394104
6427,-2.5431790351867676,-2.5480196475982666,0.0024899060372263193,0.00235072523355484,0.02868206799030304
6428,-2.563291311264038,-2.578129768371582,0.008286387659609318,0.006551990285515785,0.02867373451590538
6429,-2.561386823654175,-2.5653889179229736,0.0019154620822519064,0.0020866948179900646,0.028665367513895035
6430,-2.5666565895080566,-2.5728447437286377,0.0030778376385569572,0.0031104914378374815,0.028657037764787674
6431,-2.6713571548461914,-2.6801724433898926,0.004620347172021866,0.004194918088614941,0.028648676350712776
6432,-2.5477793216705322,-2.6159989833831787,0.033252689987421036,0.03496689721941948,0.028640303760766983
6433,-2.495248556137085,-2.5024759769439697,0.002816903404891491,0.004410401917994022,0.028631974011659622
6434,-2.527355432510376,-2.534879446029663,0.0042442986741662025,0.003279781201854348,0.02862362563610077
6435,-2.4797377586364746,-2.4866645336151123,0.0031327009201049805,0.003794175572693348,0.028615260496735573
6436,-2.5911014080047607,-2.595860004425049,0.002186049008741975,0.002572567667812109,0.028606897220015526
6437,-2.6390864849090576,-2.6432666778564453,0.0021538925357162952,0.0020263774786144495,0.028598591685295105
6438,-2.5749547481536865,-2.5848019123077393,0.005343458149582148,0.004503696691244841,0.02859022654592991
6439,-2.600219964981079,-2.6061012744903564,0.002522451803088188,0.0033589338418096304,0.028581863269209862
6440,-2.655789852142334,-2.6597776412963867,0.0024140742607414722,0.001573906629346311,0.028573496267199516
6441,-2.4792208671569824,-2.4932730197906494,0.007702041417360306,0.0063499691896140575,0.02856510505080223
6442,-2.6414449214935303,-2.6444854736328125,0.001549632172100246,0.001490805414505303,0.02855674922466278
6443,-2.56770658493042,-2.571176052093506,0.0016198838129639626,0.0018497135024517775,0.028548410162329674
6444,-2.5598742961883545,-2.5661346912384033,0.003100799396634102,0.0031594987958669662,0.02854006737470627
6445,-2.531358003616333,-2.5397143363952637,0.004512565676122904,0.0038438760675489902,0.02853165753185749
6446,-2.5948891639709473,-2.6113786697387695,0.008078733459115028,0.008410731330513954,0.028523284941911697
6447,-2.543485641479492,-2.5573253631591797,0.007059302181005478,0.006780447904020548,0.028514975681900978
6448,-2.5147199630737305,-2.5190930366516113,0.00222131353802979,0.0021517130080610514,0.028506649658083916
6449,-2.5629615783691406,-2.5751733779907227,0.005824831780046225,0.006386987864971161,0.028498318046331406
6450,-2.598870277404785,-2.6051597595214844,0.0033474972005933523,0.002942065242677927,0.028490010648965836
6451,-2.604597806930542,-2.6136746406555176,0.00434039905667305,0.004736441187560558,0.028481723740696907
6452,-2.198016881942749,-2.5928094387054443,0.19662082195281982,0.19817179441452026,0.028473448008298874
6453,-2.604562759399414,-2.610579252243042,0.0031229855958372355,0.0028934883885085583,0.02846515364944935
6454,-2.704068660736084,-2.7181711196899414,0.006721400190144777,0.007380968425422907,0.028456861153244972
6455,-2.6041955947875977,-2.6636970043182373,0.028354130685329437,0.03114728070795536,0.02844858542084694
6456,-2.6381032466888428,-2.6446781158447266,0.0033285466488450766,0.0032463378738611937,0.0284403245896101
6457,-2.6450891494750977,-2.650603771209717,0.0026713237166404724,0.002843441441655159,0.028432108461856842
6458,-2.5607075691223145,-2.5673725605010986,0.002882193075492978,0.0037828595377504826,0.02842392772436142
6459,-2.5230607986450195,-2.530039072036743,0.003351260209456086,0.0036270793061703444,0.028415769338607788
6460,-2.5135860443115234,-2.523253917694092,0.004918866790831089,0.00474894791841507,0.028407620266079903
6461,-2.5806522369384766,-2.588240385055542,0.004289571661502123,0.0032984449062496424,0.02839946746826172
6462,-2.497401237487793,-2.5046393871307373,0.0033079867716878653,0.0039299968630075455,0.028391309082508087
6463,-2.5630104541778564,-2.567007303237915,0.00201296154409647,0.001983912428840995,0.02838311903178692
6464,-2.533198833465576,-2.537057399749756,0.002109997905790806,0.0017485279822722077,0.028374940156936646
6465,-2.625093936920166,-2.630056142807007,0.0025161062367260456,0.0024462672881782055,0.0283668152987957
6466,-2.55671763420105,-2.574019432067871,0.007410848513245583,0.009890984743833542,0.028358647599816322
6467,-2.6052305698394775,-2.6111419200897217,0.00300563289783895,0.002905721077695489,0.02835044078528881
6468,-2.5804522037506104,-2.5855202674865723,0.0025060526095330715,0.0025621235836297274,0.02834218740463257
6469,-2.4758141040802,-2.5396578311920166,0.03285233676433563,0.03099125251173973,0.028333965688943863
6470,-2.5890791416168213,-2.649315118789673,0.030217455700039864,0.030018527060747147,0.028325799852609634
6471,-2.5714261531829834,-2.575876235961914,0.0023369439877569675,0.002113022841513157,0.028317643329501152
6472,-2.583355665206909,-2.5862741470336914,0.0012715240009129047,0.001647051889449358,0.028309468179941177
6473,-2.4411282539367676,-2.443042755126953,0.0009440778521820903,0.0009702580282464623,0.02830127440392971
6474,-2.5359883308410645,-2.595794200897217,0.03063949942588806,0.029166556894779205,0.028293084353208542
6475,-2.4356119632720947,-2.6347880363464355,0.09969864040613174,0.09947750717401505,0.02828487753868103
6476,-2.520315647125244,-2.522831916809082,0.0012816733215004206,0.0012345544528216124,0.02827667072415352
6477,-2.5289359092712402,-2.532780408859253,0.0018162258202210069,0.0020281365141272545,0.028268439695239067
6478,-2.591907262802124,-2.5947766304016113,0.0016793319955468178,0.001189917093142867,0.028260212391614914
6479,-2.4945156574249268,-2.5007545948028564,0.0033891364000737667,0.0028498568572103977,0.02825200743973255
6480,-2.6136882305145264,-2.6197385787963867,0.0026696035638451576,0.0033807477448135614,0.028243830427527428
6481,-2.592867136001587,-2.5984272956848145,0.002346212510019541,0.003213886171579361,0.028235644102096558
6482,-2.6005969047546387,-2.6057581901550293,0.0024480230640619993,0.002713313326239586,0.028227459639310837
6483,-2.6270129680633545,-2.63206148147583,0.002572225872427225,0.0024762877728790045,0.02821924351155758
6484,-2.454655170440674,-2.4622271060943604,0.003930135630071163,0.0036418973468244076,0.028211070224642754
6485,-2.6877336502075195,-2.694061279296875,0.001967727905139327,0.00436004064977169,0.028202924877405167
6486,-2.5986123085021973,-2.6113502979278564,0.0066716489382088184,0.006066246423870325,0.028194770216941833
6487,-2.4509804248809814,-2.455587148666382,0.0024495550896972418,0.0021571589168161154,0.02818661741912365
6488,-2.5986874103546143,-2.6031296253204346,0.0022651334293186665,0.0021768996957689524,0.028178520500659943
6489,-2.597379207611084,-2.6054275035858154,0.0038500111550092697,0.004198234528303146,0.02817041240632534
6490,-2.483351230621338,-2.5406179428100586,0.028082747012376785,0.029183879494667053,0.02816225402057171
6491,-2.6626760959625244,-2.665912628173828,0.0015758880181238055,0.0016605796990916133,0.028154097497463226
6492,-2.4781696796417236,-2.4814510345458984,0.0020927891600877047,0.0011885776184499264,0.028145989403128624
6493,-2.604088544845581,-2.6083624362945557,0.001823093625716865,0.0024507942143827677,0.028137817978858948
6494,-2.255178689956665,-2.547595500946045,0.14267119765281677,0.1497456133365631,0.028129620477557182
6495,-2.50685715675354,-2.512596607208252,0.0027385198045521975,0.003001034026965499,0.028121426701545715
6496,-2.4882442951202393,-2.4977030754089355,0.004679177422076464,0.004779539071023464,0.02811320684850216
6497,-2.5054523944854736,-2.5852115154266357,0.04120597615838051,0.03855326399207115,0.0281049907207489
6498,-2.581458568572998,-2.588406562805176,0.0029877626802772284,0.0039600287564098835,0.02809673734009266
6499,-2.1793830394744873,-2.430112361907959,0.12817791104316711,0.12255137413740158,0.02808847837150097
6500,-2.5449745655059814,-2.5484697818756104,0.001810453599318862,0.0016846085200086236,0.028080230578780174
6501,-2.576200485229492,-2.579252004623413,0.0013848933158442378,0.0016665628645569086,0.028071975335478783
6502,-2.6796610355377197,-2.684938907623291,0.0031784253660589457,0.0020995582453906536,0.0280636977404356
6503,-2.425880193710327,-2.4293997287750244,0.001575601869262755,0.0019437904702499509,0.028055429458618164
6504,-2.5632033348083496,-2.567159652709961,0.0017404924146831036,0.002215777290984988,0.028047122061252594
6505,-2.5083680152893066,-2.5128612518310547,0.00179813033901155,0.0026951071340590715,0.028038818389177322
6506,-2.530107259750366,-2.5328879356384277,0.0017623573075979948,0.0010182935511693358,0.028030531480908394
6507,-2.503295660018921,-2.50638484954834,0.0013282070867717266,0.001760863815434277,0.028022291138768196
6508,-2.232027769088745,-2.481419801712036,0.13910289108753204,0.1102890595793724,0.02801402285695076
6509,-2.45878267288208,-2.466991662979126,0.003871710505336523,0.004337214399129152,0.028005734086036682
6510,-2.5994441509246826,-2.607433557510376,0.004105322062969208,0.003884009551256895,0.027997462078928947
6511,-2.6613876819610596,-2.6720056533813477,0.005144989583641291,0.0054728928953409195,0.02798914723098278
6512,-2.5014963150024414,-2.5863239765167236,0.04238748177886009,0.0424402691423893,0.027980826795101166
6513,-2.50180983543396,-2.5052692890167236,0.0014621274312958121,0.001997193321585655,0.02797253616154194
6514,-2.631124496459961,-2.6374080181121826,0.0032024336978793144,0.003081059083342552,0.027964286506175995
6515,-2.6178903579711914,-2.6255598068237305,0.004383999854326248,0.0032853493466973305,0.027956048026680946
6516,-2.713226795196533,-2.7206547260284424,0.003275813302025199,0.004152149893343449,0.027947816997766495
6517,-2.628253698348999,-2.6333677768707275,0.0026383185759186745,0.002475807210430503,0.027939610183238983
6518,-2.538214683532715,-2.5477311611175537,0.004901281092315912,0.004615354351699352,0.027931343764066696
6519,-2.1928021907806396,-2.609330654144287,0.20937895774841309,0.20714955031871796,0.027923086658120155
6520,-2.477250576019287,-2.4821701049804688,0.002727050334215164,0.0021925000473856926,0.027914773672819138
6521,-2.3758554458618164,-2.4484832286834717,0.034828417003154755,0.03779931366443634,0.027906496077775955
6522,-2.5263118743896484,-2.5384716987609863,0.005240974947810173,0.006918899714946747,0.027898238971829414
6523,-2.544080972671509,-2.550875425338745,0.0034594647586345673,0.003335109446197748,0.02788999304175377
6524,-2.600966691970825,-2.6080422401428223,0.0032013924792408943,0.0038740690797567368,0.02788175642490387
6525,-2.6103150844573975,-2.6195521354675293,0.004283818416297436,0.004953240510076284,0.027873573824763298
6526,-2.4814512729644775,-2.521381139755249,0.021106280386447906,0.018823614344000816,0.02786542847752571
6527,-2.648797035217285,-2.65590238571167,0.0031009952072054148,0.004004215355962515,0.027857264503836632
6528,-2.5859944820404053,-2.650984764099121,0.033616628497838974,0.03137366101145744,0.027849115431308746
6529,-2.588407278060913,-2.604191780090332,0.0076090567745268345,0.008175289258360863,0.027840975672006607
6530,-2.591723918914795,-2.5972917079925537,0.0021182619966566563,0.003449429990723729,0.027832839637994766
6531,-2.5891847610473633,-2.596790075302124,0.0038235688116401434,0.003781726583838463,0.027824705466628075
6532,-2.6617093086242676,-2.6670069694519043,0.0027555450797080994,0.002541906666010618,0.02781650610268116
6533,-2.647839307785034,-2.6505331993103027,0.0010400470346212387,0.00165390910115093,0.02780832350254059
6534,-2.54647159576416,-2.5540943145751953,0.0034765496384352446,0.004146029707044363,0.02780013158917427
6535,-2.5271379947662354,-2.5411856174468994,0.008227351121604443,0.005820215679705143,0.027791960164904594
6536,-2.5154430866241455,-2.522035598754883,0.003212448675185442,0.003380035748705268,0.027783777564764023
6537,-2.536870002746582,-2.545417070388794,0.0033771528396755457,0.00516977533698082,0.02777559868991375
6538,-2.6021575927734375,-2.657520055770874,0.027392614632844925,0.027969814836978912,0.027767447754740715
6539,-2.518602132797241,-2.526498317718506,0.003942013252526522,0.003954245708882809,0.027759306132793427
6540,-2.6037487983703613,-2.608218193054199,0.00202544336207211,0.002444010227918625,0.027751212939620018
6541,-2.5866317749023438,-2.591047525405884,0.002407606691122055,0.002008137060329318,0.02774312160909176
6542,-2.482126235961914,-2.4887938499450684,0.0032606832683086395,0.003406987525522709,0.027735013514757156
6543,-2.5479040145874023,-2.557729721069336,0.004797879606485367,0.0050278413109481335,0.027726927772164345
6544,-2.5663340091705322,-2.5698254108428955,0.0016167951980605721,0.0018747183494269848,0.027718864381313324
6545,-2.516540765762329,-2.528794527053833,0.006450926885008812,0.005802759900689125,0.0277108084410429
6546,-2.5979740619659424,-2.602090358734131,0.0017839781939983368,0.002332099713385105,0.027702823281288147
6547,-2.566776752471924,-2.5715224742889404,0.002655798103660345,0.002089986577630043,0.02769485116004944
6548,-1.8782522678375244,-2.479138135910034,0.2948206663131714,0.30606526136398315,0.027686869725584984
6549,-2.571793794631958,-2.5749168395996094,0.0019409987144172192,0.0011821293737739325,0.02767888456583023
6550,-2.678711175918579,-2.684256076812744,0.00287365703843534,0.0026712457183748484,0.02767091989517212
6551,-2.6801705360412598,-2.6831586360931396,0.0015915526309981942,0.0013967453269287944,0.027662944048643112
6552,-2.5523488521575928,-2.5617055892944336,0.005513015203177929,0.0038436674512922764,0.02765498496592045
6553,-2.651155948638916,-2.65925669670105,0.004202503710985184,0.003898206865414977,0.027647074311971664
6554,-2.5512237548828125,-2.55588436126709,0.002115959068760276,0.0025445392820984125,0.027639199048280716
6555,-2.5717451572418213,-2.57735538482666,0.0022526164539158344,0.0033576677087694407,0.027631253004074097
6556,-2.6447386741638184,-2.6519694328308105,0.0034192921593785286,0.0038113824557513,0.02762334793806076
6557,-2.652756929397583,-2.6624062061309814,0.00490591861307621,0.004743335302919149,0.027615373954176903
6558,-2.6194894313812256,-2.622725486755371,0.0015826395247131586,0.001653351355344057,0.027607349678874016
6559,-2.540151834487915,-2.5516347885131836,0.005810221191495657,0.005672593135386705,0.027599366381764412
6560,-2.5954749584198,-2.6009304523468018,0.0028254601638764143,0.0026301019825041294,0.027591397985816002
6561,-2.6549713611602783,-2.65756893157959,0.0013485366944223642,0.0012489832006394863,0.027583394199609756
6562,-2.7126340866088867,-2.718301296234131,0.003080646274611354,0.0025866490323096514,0.02757541835308075
6563,-2.5802407264709473,-2.5876030921936035,0.003914940170943737,0.0034475750289857388,0.027567431330680847
6564,-2.5281853675842285,-2.5401577949523926,0.006524357479065657,0.005447993986308575,0.027559466660022736
6565,-2.515507459640503,-2.5217883586883545,0.003127766540274024,0.0031530915293842554,0.02755150943994522
6566,-2.496202230453491,-2.502035617828369,0.0031898997258394957,0.002643669256940484,0.02754363603889942
6567,-2.4517226219177246,-2.46256685256958,0.005062941927462816,0.005781266838312149,0.02753577008843422
6568,-2.524340867996216,-2.526294708251953,0.0009759802487678826,0.0009776599472388625,0.027527879923582077
6569,-2.487438678741455,-2.4906368255615234,0.0015609911642968655,0.001637294190004468,0.02752005122601986
6570,-2.537646532058716,-2.540656089782715,0.0012170400004833937,0.0017924706917256117,0.027512211352586746
6571,-2.5351951122283936,-2.59802508354187,0.030352521687746048,0.032477427273988724,0.027504393830895424
6572,-2.454498529434204,-2.459998369216919,0.003005875973030925,0.0024939205031841993,0.027496544644236565
6573,-2.6041829586029053,-2.6102988719940186,0.0029972237534821033,0.003118756227195263,0.027488717809319496
6574,-2.497791051864624,-2.504453659057617,0.003634084016084671,0.0030285571701824665,0.027480926364660263
6575,-2.561262607574463,-2.5651357173919678,0.00222686561755836,0.0016463070642203093,0.02747313119471073
6576,-2.4958653450012207,-2.4996838569641113,0.0023820886854082346,0.0014364930102601647,0.02746533788740635
6577,-2.427365303039551,-2.4926576614379883,0.032395943999290466,0.03289662301540375,0.027457520365715027
6578,-2.6020288467407227,-2.612434148788452,0.005406033247709274,0.004999193362891674,0.027449660003185272
6579,-2.5011024475097656,-2.505866765975952,0.0029282907489687204,0.001836111070588231,0.02744176797568798
6580,-2.653660297393799,-2.6582887172698975,0.0025819039437919855,0.002046703826636076,0.02743389829993248
6581,-2.5790152549743652,-2.6525955200195312,0.036987900733947754,0.03659256175160408,0.027426017448306084
6582,-2.577533721923828,-2.582399845123291,0.0029635049868375063,0.0019026468507945538,0.02741815894842148
6583,-2.5114567279815674,-2.517782688140869,0.0030564297921955585,0.003269441891461611,0.027410374954342842
6584,-2.520268440246582,-2.5227229595184326,0.0012048875214532018,0.0012496070703491569,0.027402618899941444
6585,-2.5621719360351562,-2.6237287521362305,0.03041044808924198,0.03114628605544567,0.02739487774670124
6586,-2.3625519275665283,-2.5827488899230957,0.10955976694822311,0.11063724756240845,0.027387132868170738
6587,-2.535945177078247,-2.542740821838379,0.0028401624877005816,0.003955366089940071,0.027379421517252922
6588,-2.4314396381378174,-2.43385648727417,0.00112207664642483,0.0012948568910360336,0.027371706441044807
6589,-2.4709393978118896,-2.479621648788452,0.004793438594788313,0.003888785606250167,0.02736397460103035
6590,-2.4733669757843018,-2.5462677478790283,0.034568607807159424,0.03833227604627609,0.027356291189789772
6591,-2.4615893363952637,-2.4675323963165283,0.0029699746519327164,0.0029730156529694796,0.027348531410098076
6592,-2.5791003704071045,-2.5825538635253906,0.0019909588154405355,0.0014623480383306742,0.02734077163040638
6593,-2.5646650791168213,-2.569183111190796,0.002525408286601305,0.0019927762914448977,0.027332989498972893
6594,-2.5955426692962646,-2.6008434295654297,0.0025399147998541594,0.0027609262615442276,0.027325211092829704
6595,-2.5584428310394287,-2.565345048904419,0.0036169029772281647,0.003285494400188327,0.027317427098751068
6596,-2.5082974433898926,-2.5153582096099854,0.0033021708950400352,0.003758568549528718,0.027309579774737358
6597,-2.6340320110321045,-2.6377010345458984,0.0017755156150087714,0.0018934038234874606,0.027301734313368797
6598,-2.5633411407470703,-2.570019245147705,0.002717966679483652,0.003960113972425461,0.02729383297264576
6599,-2.511070966720581,-2.520272731781006,0.005079806782305241,0.004121990874409676,0.027285974472761154
6600,-2.4561474323272705,-2.461088180541992,0.0024968578945845366,0.002443824429064989,0.027278129011392593
6601,-2.4604403972625732,-2.466958522796631,0.003094425890594721,0.0034236139617860317,0.027270318940281868
6602,-2.4883487224578857,-2.4932076930999756,0.00233185151591897,0.0025272693019360304,0.027262557297945023
6603,-2.4321656227111816,-2.436959743499756,0.002975953510031104,0.0018182890489697456,0.02725481055676937
6604,-2.536541223526001,-2.541484832763672,0.0025325000751763582,0.0024110276717692614,0.0272471122443676
6605,-2.457371234893799,-2.508815288543701,0.0246403981000185,0.02680370956659317,0.027239395305514336
6606,-2.3189730644226074,-2.5832321643829346,0.13022439181804657,0.13403454422950745,0.02723166160285473
6607,-2.6486852169036865,-2.6514711380004883,0.0013791077071800828,0.0014068258460611105,0.02722392976284027
6608,-2.5221989154815674,-2.529036521911621,0.003248120192438364,0.003589340951293707,0.027216220274567604
6609,-2.5767462253570557,-2.5866262912750244,0.004462540615350008,0.005417540669441223,0.02720850519835949
6610,-2.4810328483581543,-2.545050859451294,0.033313002437353134,0.030705051496624947,0.02720080129802227
6611,-2.6535208225250244,-2.6558749675750732,0.001248738612048328,0.0011052171466872096,0.02719305269420147
6612,-2.6285881996154785,-2.6371912956237793,0.0049399035051465034,0.003663308685645461,0.027185332030057907
6613,-2.563011407852173,-2.566455364227295,0.0016793461982160807,0.0017645941115915775,0.027177613228559494
6614,-2.495276927947998,-2.498617172241211,0.00114772142842412,0.0021924565080553293,0.027169890701770782
6615,-2.5922629833221436,-2.6127941608428955,0.010809008032083511,0.009722311049699783,0.027162156999111176
6616,-2.6133036613464355,-2.6164348125457764,0.0015844262670725584,0.0015465934993699193,0.027154451236128807
6617,-2.7014265060424805,-2.7057905197143555,0.0027263860683888197,0.0016376664862036705,0.02714679390192032
6618,-2.569934844970703,-2.5720040798187256,0.0009111283579841256,0.0011580047430470586,0.02713913843035698
6619,-2.543351650238037,-2.5472593307495117,0.0020473606418818235,0.0018603773787617683,0.027131464332342148
6620,-2.6066746711730957,-2.6199920177459717,0.007134933024644852,0.0061825355514883995,0.027123741805553436
6621,-2.451002359390259,-2.5158438682556152,0.03201453760266304,0.0328269861638546,0.02711600996553898
6622,-2.5146467685699463,-2.5229244232177734,0.0043581100180745125,0.00391956465318799,0.027108272537589073
6623,-2.5709781646728516,-2.631747007369995,0.030573444440960884,0.030195536091923714,0.027100497856736183
6624,-2.622238874435425,-2.632347822189331,0.005400524474680424,0.004708520602434874,0.027092719450592995
6625,-2.6005618572235107,-2.609125852584839,0.004268540069460869,0.00429526437073946,0.027084937319159508
6626,-2.538764715194702,-2.546618938446045,0.003924272023141384,0.003929958678781986,0.02707710489630699
6627,-2.5481960773468018,-2.6156370639801025,0.03435574471950531,0.033085405826568604,0.027069244533777237
6628,-2.6137635707855225,-2.6180782318115234,0.001739594852551818,0.0025752705987542868,0.027061326429247856
6629,-2.5195329189300537,-2.523998975753784,0.0019349463982507586,0.002531124744564295,0.027053454890847206
6630,-2.5009260177612305,-2.5094242095947266,0.0025022157933562994,0.005996049381792545,0.02704559452831745
6631,-2.5371978282928467,-2.5457088947296143,0.003926846664398909,0.004584284033626318,0.02703775465488434
6632,-2.4860150814056396,-2.489331007003784,0.0012761716498062015,0.002039726357907057,0.02702990360558033
6633,-2.5024077892303467,-2.5051333904266357,0.0013477569445967674,0.0013777149142697453,0.027022043243050575
6634,-2.5348806381225586,-2.5380325317382812,0.0015073809772729874,0.0016446895897388458,0.02701418474316597
6635,-2.4416465759277344,-2.448181629180908,0.0033274879679083824,0.0032075855415314436,0.027006391435861588
6636,-2.163058042526245,-2.4989614486694336,0.1812043935060501,0.1546991467475891,0.02699851803481579
6637,-2.489560604095459,-2.4960169792175293,0.003307296195998788,0.0031489157117903233,0.026990653946995735
6638,-2.5512797832489014,-2.5614635944366455,0.00525484886020422,0.004929076414555311,0.02698279730975628
6639,-2.616116523742676,-2.624479055404663,0.00434994138777256,0.004012465942651033,0.02697489969432354
6640,-2.505725860595703,-2.511094808578491,0.002263805828988552,0.0031052790582180023,0.026966996490955353
6641,-2.576329469680786,-2.5834946632385254,0.003650704398751259,0.003514588810503483,0.02695908211171627
6642,-2.6892027854919434,-2.692054271697998,0.0014527712482959032,0.001398776308633387,0.02695113979279995
6643,-2.5177323818206787,-2.522205114364624,0.002178856870159507,0.0022937071043998003,0.026943204924464226
6644,-2.4970743656158447,-2.5025832653045654,0.0029784657526761293,0.0025304516311734915,0.02693522721529007
6645,-2.5319576263427734,-2.540536642074585,0.004159566946327686,0.004419674631208181,0.026927245780825615
6646,-2.6386866569519043,-2.6484436988830566,0.005231011658906937,0.004526213742792606,0.026919281110167503
6647,-2.3706958293914795,-2.3759334087371826,0.0026004211977124214,0.0026372158899903297,0.026911310851573944
6648,-2.5083117485046387,-2.513942003250122,0.00320209888741374,0.0024280520156025887,0.026903407648205757
6649,-2.4512410163879395,-2.515998601913452,0.03307177126407623,0.03168594464659691,0.026895511895418167
6650,-2.6334407329559326,-2.643401861190796,0.00463442737236619,0.005326824262738228,0.02688758820295334
6651,-2.2304306030273438,-2.5811445713043213,0.17954331636428833,0.17117083072662354,0.026879671961069107
6652,-2.404181718826294,-2.4164280891418457,0.004698701202869415,0.007547562941908836,0.026871738955378532
6653,-2.5198562145233154,-2.531224250793457,0.005265944637358189,0.006102141924202442,0.026863807812333107
6654,-2.465339183807373,-2.4715495109558105,0.002894751960411668,0.003315581940114498,0.026855887845158577
6655,-2.580098867416382,-2.5938351154327393,0.00726955384016037,0.006466630846261978,0.026847949251532555
6656,-2.4759364128112793,-2.4885480403900146,0.005836133845150471,0.00677542993798852,0.02684001252055168
6657,-2.6650683879852295,-2.6690309047698975,0.0018193935975432396,0.002143050776794553,0.026832103729248047
6658,-2.6505930423736572,-2.65640926361084,0.0029874187894165516,0.0028287263121455908,0.026824243366718292
6659,-2.5520148277282715,-2.5633864402770996,0.005404038354754448,0.005967631936073303,0.02681633271276951
6660,-2.5423872470855713,-2.5587830543518066,0.008884046226739883,0.007511804811656475,0.026808418333530426
6661,-2.565962791442871,-2.5717499256134033,0.0027196910232305527,0.0030674110166728497,0.026800520718097687
6662,-2.5283355712890625,-2.533046007156372,0.0023366319946944714,0.0023736709263175726,0.0267926175147295
6663,-2.6034398078918457,-2.607003688812256,0.0018252597656100988,0.0017384705133736134,0.02678472362458706
6664,-2.7145047187805176,-2.7225282192230225,0.00363407121039927,0.004389534238725901,0.026776855811476707
6665,-2.5269267559051514,-2.534949541091919,0.0037521771155297756,0.004270502366125584,0.026769043877720833
6666,-2.55350923538208,-2.561213970184326,0.0038830337580293417,0.00382167543284595,0.02676120027899742
6667,-2.5810980796813965,-2.5867578983306885,0.0032504878472536802,0.002409163163974881,0.026753392070531845
6668,-2.591447591781616,-2.596858263015747,0.002335738390684128,0.0030749011784791946,0.026745593175292015
6669,-2.5665242671966553,-2.5742149353027344,0.004715532064437866,0.002975254785269499,0.0267378780990839
6670,-2.5731310844421387,-2.5758678913116455,0.0015267741400748491,0.0012098613660782576,0.026730185374617577
6671,-2.613703727722168,-2.624894142150879,0.005835813004523516,0.005354535300284624,0.026722462847828865
6672,-2.525611639022827,-2.53153657913208,0.002919160295277834,0.0030056731775403023,0.026714785024523735
6673,-2.4979934692382812,-2.5009396076202393,0.0012427626643329859,0.001703295623883605,0.02670714445412159
6674,-2.6141326427459717,-2.6765003204345703,0.031154152005910873,0.031213637441396713,0.02669946663081646
6675,-2.5771901607513428,-2.587185859680176,0.004959006793797016,0.0050364951603114605,0.02669179067015648
6676,-2.6450345516204834,-2.652716636657715,0.004314691759645939,0.0033674275036901236,0.026684140786528587
6677,-2.523977756500244,-2.527595281600952,0.0016776836710050702,0.0019396775169298053,0.026676489040255547
6678,-2.5463922023773193,-2.5504891872406006,0.0015611934941262007,0.0025357878766953945,0.026668807491660118
6679,-2.6411337852478027,-2.646151065826416,0.0026944123674184084,0.002323022810742259,0.026661114767193794
6680,-2.5048370361328125,-2.5118143558502197,0.0035427315160632133,0.0034346082247793674,0.026653386652469635
6681,-2.568328619003296,-2.5732054710388184,0.0022778213024139404,0.0025990286376327276,0.02664564736187458
6682,-2.5318920612335205,-2.5384202003479004,0.002701781690120697,0.0038264761678874493,0.02663794904947281
6683,-2.425792694091797,-2.4284703731536865,0.0013415149878710508,0.0013359790900722146,0.02663026563823223
6684,-2.458101987838745,-2.467539072036743,0.0046823471784591675,0.0047547053545713425,0.026622597128152847
6685,-2.592214822769165,-2.5962045192718506,0.0019450337858870625,0.0020446518901735544,0.026614949107170105
6686,-2.5228264331817627,-2.527822971343994,0.00244706217199564,0.0025494499132037163,0.026607247069478035
6687,-2.5813560485839844,-2.5875682830810547,0.002806053264066577,0.003406301373615861,0.026599546894431114
6688,-2.6044511795043945,-2.6072652339935303,0.0016552850138396025,0.0011586339678615332,0.026591898873448372
6689,-2.6393954753875732,-2.6472060680389404,0.003763552289456129,0.004047248512506485,0.026584235951304436
6690,-2.5349771976470947,-2.538870334625244,0.0020674848929047585,0.0018256895709782839,0.02657657489180565
6691,-2.504408597946167,-2.5651321411132812,0.03126686438918114,0.02945661172270775,0.026568913832306862
6692,-2.52232027053833,-2.52842116355896,0.003344503929838538,0.002756263129413128,0.026561181992292404
6693,-2.3048088550567627,-2.5218939781188965,0.10773242264986038,0.10935259610414505,0.0265534445643425
6694,-2.44804310798645,-2.5414624214172363,0.05122005566954613,0.042199306190013885,0.026545727625489235
6695,-2.6161324977874756,-2.6260910034179688,0.006164821330457926,0.0037936104927212,0.026538057252764702
6696,-2.591931104660034,-2.633388042449951,0.02102154679596424,0.020435288548469543,0.02653033286333084
6697,-2.6287219524383545,-2.6368844509124756,0.0051013571210205555,0.0030609522946178913,0.026522617787122726
6698,-2.576829671859741,-2.5788559913635254,0.0010871918639168143,0.0009391497005708516,0.026514891535043716
6699,-2.434141159057617,-2.4424991607666016,0.004401176702231169,0.0039567407220602036,0.026507198810577393
6700,-2.5705339908599854,-2.574437141418457,0.001934019848704338,0.001969144679605961,0.026499465107917786
6701,-2.5430777072906494,-2.5503292083740234,0.003810624359175563,0.0034408082719892263,0.026491789147257805
6702,-2.527462959289551,-2.5332272052764893,0.0034854516852647066,0.0022788087371736765,0.026484090834856033
6703,-2.429943084716797,-2.4999313354492188,0.03428442403674126,0.03570381924510002,0.02647647075355053
6704,-2.576371908187866,-2.5802969932556152,0.002098164986819029,0.0018270830623805523,0.026468859985470772
6705,-2.619241237640381,-2.626481533050537,0.003194677410647273,0.004045733250677586,0.026461249217391014
6706,-2.584763288497925,-2.5942349433898926,0.005330223590135574,0.004141363315284252,0.026453547179698944
6707,-2.4882614612579346,-2.511314630508423,0.010817881673574448,0.0122353071346879,0.02644588053226471
6708,-2.4739012718200684,-2.4819140434265137,0.004005590453743935,0.004007090348750353,0.02643820084631443
6709,-2.4934685230255127,-2.4983069896698,0.0026207854971289635,0.002217858796939254,0.026430493220686913
6710,-2.5614891052246094,-2.5651016235351562,0.0019580679945647717,0.001654322724789381,0.026422742754220963
6711,-2.481666088104248,-2.4867959022521973,0.0026575548108667135,0.002472254680469632,0.026415083557367325
6712,-2.530337333679199,-2.5337212085723877,0.0016084110829979181,0.0017753911670297384,0.02640743926167488
6713,-2.620370626449585,-2.6327104568481445,0.006334295030683279,0.006005523260682821,0.026399867609143257
6714,-2.5095441341400146,-2.5153026580810547,0.0032296376302838326,0.0025288588367402554,0.026392333209514618
6715,-2.5939791202545166,-2.599048137664795,0.002245337935164571,0.0028235435020178556,0.026384834200143814
6716,-2.5131542682647705,-2.5193064212799072,0.003290237858891487,0.0028620194643735886,0.026377368718385696
6717,-2.61487078666687,-2.6210594177246094,0.0034089377149939537,0.0027796453796327114,0.026369916275143623
6718,-2.5774686336517334,-2.583904504776001,0.003675020532682538,0.0027609611861407757,0.026362493634223938
6719,-2.631917715072632,-2.652167320251465,0.009592745453119278,0.010656868107616901,0.026355065405368805
6720,-2.518368721008301,-2.5786566734313965,0.03010443039238453,0.03018355183303356,0.02634763903915882
6721,-2.5631918907165527,-2.574049711227417,0.0058178408071398735,0.005039906594902277,0.026340290904045105
6722,-2.619779348373413,-2.6261911392211914,0.003452358301728964,0.002959594829007983,0.02633289247751236
6723,-2.5901718139648438,-2.5946545600891113,0.0025167299900203943,0.0019659805111587048,0.026325460523366928
6724,-2.5372304916381836,-2.5502769947052,0.005405884236097336,0.007640623487532139,0.026318056508898735
6725,-2.4974358081817627,-2.501715898513794,0.0020824356470257044,0.0021977366413921118,0.02631070278584957
6726,-2.082589626312256,-2.464885711669922,0.1940176635980606,0.18827834725379944,0.02630333974957466
6727,-2.3014564514160156,-2.368844509124756,0.035635095089673996,0.03175299987196922,0.0262959785759449
6728,-2.4793577194213867,-2.4850950241088867,0.0033543496392667294,0.002382887527346611,0.026288580149412155
6729,-2.5603575706481934,-2.5682413578033447,0.0032868455164134502,0.004596979822963476,0.026281116530299187
6730,-2.4922313690185547,-2.6114463806152344,0.058976031839847565,0.060238972306251526,0.026273630559444427
6731,-2.2272744178771973,-2.5746452808380127,0.17434702813625336,0.17302387952804565,0.02626613900065422
6732,-2.5658187866210938,-2.5725839138031006,0.003536494681611657,0.0032286623027175665,0.02625868283212185
6733,-2.5458297729492188,-2.5521459579467773,0.003046378493309021,0.0032698409631848335,0.026251234114170074
6734,-2.5542654991149902,-2.5607309341430664,0.003172458615154028,0.0032930951565504074,0.026243755593895912
6735,-2.538982629776001,-2.545532703399658,0.0036819903180003166,0.0028681366238743067,0.02623632922768593
6736,-2.4537925720214844,-2.462125062942505,0.004755707457661629,0.0035766693763434887,0.026228904724121094
6737,-2.2431716918945312,-2.520317316055298,0.1413605511188507,0.13578514754772186,0.026221465319395065
6738,-2.498425006866455,-2.5068576335906982,0.003562565427273512,0.004870158154517412,0.026214057579636574
6739,-2.596330165863037,-2.6053662300109863,0.004549806471914053,0.004486351273953915,0.02620667777955532
6740,-2.574896812438965,-2.5854640007019043,0.0042891432531178,0.006278041750192642,0.0261993370950222
6741,-2.558384895324707,-2.5890748500823975,0.016334760934114456,0.014355268329381943,0.02619197405874729
6742,-2.590404987335205,-2.60017466545105,0.00466024549677968,0.00510950293391943,0.02618466131389141
6743,-2.5201120376586914,-2.524509906768799,0.002289462834596634,0.002108408370986581,0.02617737092077732
6744,-2.5531156063079834,-2.5588090419769287,0.003177668433636427,0.0025157416239380836,0.026170020923018456
6745,-2.6513240337371826,-2.658402442932129,0.0035655954852700233,0.0035127848386764526,0.026162708178162575
6746,-2.5780751705169678,-2.5823278427124023,0.001780963153578341,0.0024715985637158155,0.02615547366440296
6747,-2.5364811420440674,-2.546168327331543,0.004709756933152676,0.004977530334144831,0.02614816091954708
6748,-2.4633092880249023,-2.4681739807128906,0.0023130718618631363,0.002551584504544735,0.026140911504626274
6749,-2.4838621616363525,-2.4972984790802,0.005743891932070255,0.007692350540310144,0.02613365650177002
6750,-2.6113100051879883,-2.61367130279541,0.0011738939210772514,0.0011872199829667807,0.026126423850655556
6751,-2.4051058292388916,-2.6445565223693848,0.11948049068450928,0.11996999382972717,0.026119187474250793
6752,-2.5571553707122803,-2.5596392154693604,0.000963448139373213,0.001520394696854055,0.02611202746629715
6753,-2.5639688968658447,-2.5679357051849365,0.002237950451672077,0.0017287677619606256,0.026104874908924103
6754,-2.6094958782196045,-2.620704412460327,0.004554335027933121,0.006654199678450823,0.026097705587744713
6755,-2.724163055419922,-2.7292137145996094,0.002545353025197983,0.002505324315279722,0.026090532541275024
6756,-2.660139560699463,-2.666515588760376,0.0032738191075623035,0.0031023432966321707,0.026083404198288918
6757,-2.4825053215026855,-2.488943576812744,0.003088295692577958,0.0033499470446258783,0.026076247915625572
6758,-2.5699732303619385,-2.5743966102600098,0.001857425202615559,0.002565886592492461,0.026069074869155884
6759,-2.500920534133911,-2.503389835357666,0.0010344268521293998,0.001434799749404192,0.026061877608299255
6760,-2.3780007362365723,-2.381762981414795,0.0020331512205302715,0.0017288990784436464,0.026054689660668373
6761,-2.5196986198425293,-2.529470443725586,0.005833372939378023,0.003938413690775633,0.026047484949231148
6762,-2.5803582668304443,-2.588998317718506,0.004641029518097639,0.003999082837253809,0.02604023925960064
6763,-2.4323885440826416,-2.503322124481201,0.03248893842101097,0.03844477981328964,0.02603301964700222
6764,-2.5927250385284424,-2.6006171703338623,0.0033634393475949764,0.004528848920017481,0.02602573297917843
6765,-2.5457451343536377,-2.550248146057129,0.0021679142955690622,0.0023350513074547052,0.02601838856935501
6766,-2.601351499557495,-2.6084558963775635,0.0033554004039615393,0.0037490008398890495,0.0260110255330801
6767,-2.529630422592163,-2.5387136936187744,0.004661546088755131,0.004421758931130171,0.026003677397966385
6768,-2.5135433673858643,-2.5809926986694336,0.03512752801179886,0.03232170641422272,0.025996387004852295
6769,-2.600536823272705,-2.613851308822632,0.005962220951914787,0.007352328859269619,0.025989124551415443
6770,-2.5572245121002197,-2.56074857711792,0.0015126076759770513,0.0020115473307669163,0.025981944054365158
6771,-2.4778430461883545,-2.5763165950775146,0.05124251917004585,0.04723099246621132,0.025974765419960022
6772,-2.4807839393615723,-2.4833102226257324,0.0011366261169314384,0.0013897283934056759,0.02596762590110302
6773,-2.436361074447632,-2.442190408706665,0.002675421070307493,0.0031537755858153105,0.025960439816117287
6774,-2.5568020343780518,-2.561224937438965,0.002055827062577009,0.002367086708545685,0.0259532667696476
6775,-2.5422677993774414,-2.574558973312378,0.01631651632487774,0.01597468927502632,0.025946076959371567
6776,-2.511983871459961,-2.5185952186584473,0.0032958760857582092,0.003315436188131571,0.02593890205025673
6777,-2.4358584880828857,-2.4418821334838867,0.002445916412398219,0.003577713156118989,0.025931699201464653
6778,-2.3632497787475586,-2.3718128204345703,0.00475147133693099,0.003811545204371214,0.025924479588866234
6779,-2.551295518875122,-2.556629180908203,0.002821402158588171,0.0025122908409684896,0.025917235761880875
6780,-2.5161595344543457,-2.5214409828186035,0.0020950695034116507,0.0031865511555224657,0.025909945368766785
6781,-2.523653030395508,-2.5277602672576904,0.002121805679053068,0.0019856030121445656,0.025902656838297844
6782,-2.569509267807007,-2.572439670562744,0.0016628059092909098,0.0012677276972681284,0.025895364582538605
6783,-2.1917552947998047,-2.448491334915161,0.12357800453901291,0.1331578493118286,0.02588808722794056
6784,-2.5854361057281494,-2.5903432369232178,0.0022236360237002373,0.0026834483724087477,0.02588082291185856
6785,-2.463589668273926,-2.4676120281219482,0.0016244599828496575,0.002397943055257201,0.025873592123389244
6786,-2.5858538150787354,-2.5886752605438232,0.0011979681439697742,0.0016234242357313633,0.025866344571113586
6787,-2.6146249771118164,-2.622739553451538,0.004227573983371258,0.0038869904819875956,0.02585904486477375
6788,-2.4430787563323975,-2.4527602195739746,0.004649406298995018,0.005032114684581757,0.025851771235466003
6789,-2.446256637573242,-2.4611120223999023,0.006725133862346411,0.008130243048071861,0.0258445106446743
6790,-2.4429283142089844,-2.4521119594573975,0.004512520972639322,0.004671154078096151,0.025837253779172897
6791,-2.5150654315948486,-2.5199577808380127,0.001927903387695551,0.0029645960312336683,0.025829961523413658
6792,-2.5638298988342285,-2.592741012573242,0.013913815841078758,0.014997249469161034,0.025822732597589493
6793,-2.090750217437744,-2.5399088859558105,0.22934991121292114,0.21980872750282288,0.02581547386944294
6794,-2.296863079071045,-2.482189416885376,0.09205684065818787,0.09326957911252975,0.025808194652199745
6795,-2.5691239833831787,-2.585266590118408,0.008338309824466705,0.007804509252309799,0.02580089680850506
6796,-2.422884941101074,-2.429842710494995,0.0032520079985260963,0.003705770242959261,0.025793682783842087
6797,-2.534395456314087,-2.5578789710998535,0.012026751413941383,0.011456741020083427,0.025786489248275757
6798,-2.4188225269317627,-2.4370102882385254,0.008896248415112495,0.009291295893490314,0.025779303163290024
6799,-2.5359928607940674,-2.5416243076324463,0.0026465323753654957,0.002985005732625723,0.025772105902433395
6800,-2.2196969985961914,-2.5316076278686523,0.1740809977054596,0.13782958686351776,0.025764930993318558
6801,-2.5827276706695557,-2.590388774871826,0.0039525507017970085,0.003708663396537304,0.025757720693945885
6802,-2.3819801807403564,-2.3951072692871094,0.006003112532198429,0.007123978808522224,0.025750456377863884
6803,-2.561952590942383,-2.565514087677002,0.0022072000429034233,0.0013541723601520061,0.025743255391716957
6804,-2.6929821968078613,-2.6978886127471924,0.0026149586774408817,0.0022913427092134953,0.025736069306731224
6805,-2.5803263187408447,-2.5860884189605713,0.002394709037616849,0.0033675150480121374,0.025728879496455193
6806,-2.3082122802734375,-2.6210649013519287,0.15624836087226868,0.15660437941551208,0.025721604004502296
6807,-2.6868269443511963,-2.692164897918701,0.002316093072295189,0.003021909622475505,0.025714363902807236
6808,-2.6160943508148193,-2.626542091369629,0.005472150631248951,0.004975580144673586,0.02570708654820919
6809,-2.496011257171631,-2.5555453300476074,0.029663098976016045,0.029870953410863876,0.025699714198708534
6810,-2.453726291656494,-2.463207244873047,0.0039705438539385796,0.005510278977453709,0.025692399591207504
6811,-2.576918840408325,-2.581662654876709,0.002646127250045538,0.0020976774394512177,0.02568507380783558
6812,-2.4747095108032227,-2.4830174446105957,0.0045666261576116085,0.0037411698140203953,0.0256777573376894
6813,-2.2351040840148926,-2.6054739952087402,0.18762877583503723,0.1827412098646164,0.025670455768704414
6814,-2.545851707458496,-2.550520896911621,0.002158594783395529,0.0025105318054556847,0.025663143023848534
6815,-2.3858108520507812,-2.399901866912842,0.007961896248161793,0.006128950975835323,0.025655794888734818
6816,-2.5215742588043213,-2.536327838897705,0.006806764751672745,0.007946665398776531,0.025648469105362892
6817,-2.6209347248077393,-2.6316051483154297,0.005452398210763931,0.005217956379055977,0.025641100481152534
6818,-2.5723278522491455,-2.5769479274749756,0.002357055200263858,0.002263176254928112,0.02563369832932949
6819,-2.6494345664978027,-2.6591174602508545,0.005382129922509193,0.004300742410123348,0.025626322254538536
6820,-2.6608285903930664,-2.667584180831909,0.0033475966192781925,0.003407927230000496,0.025618901476264
6821,-2.6259305477142334,-2.6356396675109863,0.005290897097438574,0.004418127238750458,0.025611523538827896
6822,-2.658153533935547,-2.6733510494232178,0.008235309273004532,0.006962314248085022,0.025604160502552986
6823,-2.5208427906036377,-2.532348155975342,0.006237360183149576,0.005268168170005083,0.02559678629040718
6824,-2.701045274734497,-2.713953971862793,0.00635566608980298,0.0065528713166713715,0.025589391589164734
6825,-2.5458407402038574,-2.550145387649536,0.0021179430186748505,0.0021867367904633284,0.02558198571205139
6826,-2.40087890625,-2.4081623554229736,0.004250993952155113,0.0030324822291731834,0.025574613362550735
6827,-2.472838878631592,-2.4805824756622314,0.0030972822569310665,0.004646215122193098,0.02556724287569523
6828,-2.646411418914795,-2.660569906234741,0.007267691660672426,0.006890845950692892,0.02555987425148487
6829,-2.389937162399292,-2.3981287479400635,0.004337662365287542,0.0038541494868695736,0.025552518665790558
6830,-2.2521767616271973,-2.4559521675109863,0.10289914160966873,0.10087643563747406,0.025545191019773483
6831,-2.54695725440979,-2.5873043537139893,0.019917931407690048,0.020429205149412155,0.025537841022014618
6832,-2.4726834297180176,-2.4900941848754883,0.008031384088099003,0.009379331022500992,0.025530492886900902
6833,-2.416168212890625,-2.477478265762329,0.03120988979935646,0.03010006621479988,0.025523116812109947
6834,-2.315699815750122,-2.534855842590332,0.10977683216333389,0.10937924683094025,0.025515766814351082
6835,-2.593879222869873,-2.604245901107788,0.005860363133251667,0.0045063551515340805,0.025508442893624306
6836,-2.6282050609588623,-2.630962371826172,0.0011877891374751925,0.001569452928379178,0.025501128286123276
6837,-2.5401835441589355,-2.54461669921875,0.0021785711869597435,0.002254367107525468,0.025493809953331947
6838,-2.6005642414093018,-2.604646921157837,0.0022983988747000694,0.001784322434104979,0.02548646740615368
6839,-2.6207330226898193,-2.6267786026000977,0.0034490458201617002,0.002596631646156311,0.02547912858426571
6840,-2.429872989654541,-2.4425671100616455,0.006343178916722536,0.00635102204978466,0.025471827015280724
6841,-2.5795998573303223,-2.5940685272216797,0.007692933548241854,0.006775554735213518,0.025464529171586037
6842,-2.625347137451172,-2.6276886463165283,0.001071679638698697,0.0012698029167950153,0.02545725740492344
6843,-2.5010793209075928,-2.5083255767822266,0.003433939768001437,0.003812401555478573,0.0254499688744545
6844,-2.581897020339966,-2.5871405601501465,0.0024793194606900215,0.0027643132489174604,0.02544265240430832
6845,-1.9790947437286377,-2.4479386806488037,0.23775118589401245,0.23109273612499237,0.025435373187065125
6846,-2.555417776107788,-2.5622706413269043,0.0036307442933321,0.003222161205485463,0.025428108870983124
6847,-2.4502065181732178,-2.4635486602783203,0.006235919427126646,0.007106314413249493,0.02542084828019142
6848,-2.4418585300445557,-2.451291084289551,0.0048025683499872684,0.004630121868103743,0.02541353926062584
6849,-2.5603585243225098,-2.5681257247924805,0.0035071000456809998,0.004260124638676643,0.02540622092783451
6850,-2.5213422775268555,-2.525251626968384,0.0019072272116318345,0.0020022757817059755,0.02539890445768833
6851,-2.4182920455932617,-2.510761260986328,0.04465301334857941,0.04781625047326088,0.025391560047864914
6852,-2.6793949604034424,-2.7372658252716064,0.02791854739189148,0.029952261596918106,0.025384290143847466
6853,-2.433267593383789,-2.5015995502471924,0.03525048494338989,0.03308147192001343,0.025376999750733376
6854,-2.6659882068634033,-2.6798737049102783,0.007504201494157314,0.00638120761141181,0.025369739159941673
6855,-2.3282430171966553,-2.398245096206665,0.034120552241802216,0.035881489515304565,0.025362500920891762
6856,-2.5106000900268555,-2.577235221862793,0.03190372884273529,0.03473127633333206,0.02535528875887394
6857,-2.5778346061706543,-2.586139440536499,0.004399400670081377,0.00390559621155262,0.02534809522330761
6858,-2.612579345703125,-2.623231887817383,0.004749258980154991,0.005903305485844612,0.025340881198644638
6859,-2.6225626468658447,-2.6303153038024902,0.004380212165415287,0.0033723399974405766,0.02533373422920704
6860,-2.577338218688965,-2.5848379135131836,0.0035336457658559084,0.003966114018112421,0.025326626375317574
6861,-2.451974630355835,-2.4602770805358887,0.004660833161324263,0.003641556715592742,0.025319471955299377
6862,-2.3979227542877197,-2.462951183319092,0.031848058104515076,0.03318038582801819,0.025312330573797226
6863,-2.475398302078247,-2.4813685417175293,0.0032531984616070986,0.0027171317487955093,0.02530517987906933
6864,-2.5054574012756348,-2.511530876159668,0.00275019439868629,0.0033233941067010164,0.025298044085502625
6865,-2.5866379737854004,-2.668057441711426,0.03928977996110916,0.04212982580065727,0.02529095858335495
6866,-2.5717432498931885,-2.589613437652588,0.008702950552105904,0.009167278185486794,0.025283899158239365
6867,-2.412557601928711,-2.421257257461548,0.004249929450452328,0.004449909552931786,0.025276822969317436
6868,-2.659975290298462,-2.66662335395813,0.0030570230446755886,0.0035911118611693382,0.025269772857427597
6869,-2.4809699058532715,-2.506807327270508,0.014065655879676342,0.011771569959819317,0.0252627432346344
6870,-2.487274408340454,-2.497593641281128,0.0044699907302856445,0.005849127657711506,0.025255713611841202
6871,-2.5071980953216553,-2.5152125358581543,0.0037919862661510706,0.004222433548420668,0.025248682126402855
6872,-2.582343816757202,-2.590700149536133,0.004581253509968519,0.0037751980125904083,0.025241658091545105
6873,-2.49566388130188,-2.4998161792755127,0.002514416817575693,0.0016379605513066053,0.02523462474346161
6874,-2.481290102005005,-2.493849515914917,0.006657362449914217,0.005902052856981754,0.025227561593055725
6875,-2.519089698791504,-2.5805931091308594,0.030280224978923798,0.031223203986883163,0.025220513343811035
6876,-2.4357798099517822,-2.4390997886657715,0.0018089225050061941,0.0015111273387447,0.02521342597901821
6877,-2.4077563285827637,-2.4177780151367188,0.005056197289377451,0.004965633153915405,0.025206338614225388
6878,-2.56807804107666,-2.5708155632019043,0.001715168822556734,0.0010224133729934692,0.025199217721819878
6879,-2.6336777210235596,-2.6503071784973145,0.009199051186442375,0.007430225610733032,0.02519216015934944
6880,-2.592782497406006,-2.599119186401367,0.003688986413180828,0.0026477111969143152,0.02518509142100811
6881,-2.476452112197876,-2.4852776527404785,0.004386270418763161,0.0044393716380000114,0.025178013369441032
6882,-2.5397467613220215,-2.5462534427642822,0.003120166715234518,0.0033864066936075687,0.025170864537358284
6883,-2.435978651046753,-2.4398529529571533,0.001789446105249226,0.0020848570857197046,0.025163711979985237
6884,-2.4966788291931152,-2.5006022453308105,0.0017327324021607637,0.0021906534675508738,0.025156520307064056
6885,-2.4573073387145996,-2.4639923572540283,0.0031786051113158464,0.0035065333358943462,0.025149377062916756
6886,-2.4946048259735107,-2.500053882598877,0.002582714892923832,0.002866175025701523,0.0251422431319952
6887,-2.5422487258911133,-2.547239065170288,0.0022943883668631315,0.002696090843528509,0.025135092437267303
6888,-2.555621385574341,-2.5642900466918945,0.004152199719101191,0.004516470246016979,0.0251279566437006
6889,-2.4305872917175293,-2.642634868621826,0.10644972324371338,0.1055980697274208,0.02512078732252121
6890,-2.5130186080932617,-2.514787435531616,0.0007406639051623642,0.0010281348368152976,0.0251136664301157
6891,-2.367666721343994,-2.370253562927246,0.0015124878846108913,0.0010743610328063369,0.02510654740035534
6892,-2.468439817428589,-2.473747968673706,0.0027946936897933483,0.0025134168099611998,0.02509940229356289
6893,-2.5371110439300537,-2.5422842502593994,0.0029542925767600536,0.0022188532166182995,0.025092216208577156
6894,-2.5570068359375,-2.5620837211608887,0.002534411381930113,0.002542471280321479,0.0250850860029459
6895,-2.4298899173736572,-2.436627149581909,0.0036381182726472616,0.0030990936793386936,0.02507791668176651
6896,-2.5696232318878174,-2.5738165378570557,0.0024469024501740932,0.0017463259864598513,0.025070741772651672
6897,-2.4171526432037354,-2.4226248264312744,0.0021071003284305334,0.003365056589245796,0.025063559412956238
6898,-2.4252631664276123,-2.429334878921509,0.001878476468846202,0.002193133346736431,0.0250563882291317
6899,-2.629549741744995,-2.634333372116089,0.0027226933743804693,0.0020608524791896343,0.025049299001693726
6900,-2.5193288326263428,-2.525029182434082,0.0025833630934357643,0.003117036772891879,0.025042222812771797
6901,-2.5325708389282227,-2.538890838623047,0.002886296482756734,0.0034338138066232204,0.025035107508301735
6902,-2.515458822250366,-2.5215871334075928,0.003075467422604561,0.003052945015951991,0.025028035044670105
6903,-2.530719041824341,-2.54127836227417,0.00462459959089756,0.00593475392088294,0.025020970031619072
6904,-2.642885684967041,-2.653082847595215,0.004457361530512571,0.005739741493016481,0.025013897567987442
6905,-2.5364372730255127,-2.5422117710113525,0.0026425288524478674,0.0031318054534494877,0.02500680647790432
6906,-2.5793616771698,-2.5866780281066895,0.003514725947752595,0.0038014750462025404,0.024999700486660004
6907,-2.5295398235321045,-2.536566972732544,0.0031200640369206667,0.003907274454832077,0.024992603808641434
6908,-2.4889936447143555,-2.492919921875,0.002380797639489174,0.0015454641543328762,0.02498561516404152
6909,-2.431842803955078,-2.435723066329956,0.0017459108494222164,0.0021342479158192873,0.024978652596473694
6910,-2.426609516143799,-2.4343864917755127,0.0038895930629223585,0.00388742471113801,0.024971643462777138
6911,-2.541574478149414,-2.5467686653137207,0.0024777338840067387,0.00271657295525074,0.024964649230241776
6912,-2.591703176498413,-2.595625162124634,0.002173422370105982,0.0017485127318650484,0.024957656860351562
6913,-2.6207354068756104,-2.623544931411743,0.0013301930157467723,0.001479310798458755,0.024950653314590454
6914,-2.607614755630493,-2.6148171424865723,0.003525692503899336,0.003676579799503088,0.02494361624121666
6915,-2.391124725341797,-2.395853042602539,0.0022389511577785015,0.00248942943289876,0.024936582893133163
6916,-2.549405574798584,-2.5524723529815674,0.001898763352073729,0.0011681043542921543,0.02492961660027504
6917,-2.308788537979126,-2.6383209228515625,0.16387079656124115,0.1656614989042282,0.02492270991206169
6918,-2.5695254802703857,-2.5758559703826904,0.003291869768872857,0.003038709983229637,0.024915829300880432
6919,-1.924731731414795,-2.3692898750305176,0.22528325021266937,0.21927502751350403,0.024909017607569695
6920,-2.394946336746216,-2.408935308456421,0.006539418362081051,0.007449629716575146,0.024902164936065674
6921,-2.461047887802124,-2.468480348587036,0.00363854574970901,0.0037940421607345343,0.024895308539271355
6922,-2.4635212421417236,-2.474526882171631,0.006223340053111315,0.004782222211360931,0.02488848939538002
6923,-2.514333724975586,-2.5204522609710693,0.0035375989973545074,0.0025807670317590237,0.02488168515264988
6924,-2.514155864715576,-2.520102024078369,0.0030354156624525785,0.002910739742219448,0.024874921888113022
6925,-2.408799171447754,-2.4165306091308594,0.004652766510844231,0.003078630194067955,0.02486814558506012
6926,-2.7087414264678955,-2.716031074523926,0.004241731483489275,0.00304798292927444,0.024861356243491173
6927,-2.5209741592407227,-2.531412124633789,0.005262806545943022,0.005175190512090921,0.024854565039277077
6928,-2.5994925498962402,-2.606877326965332,0.004256022162735462,0.003128692042082548,0.024847762659192085
6929,-2.5154757499694824,-2.5249218940734863,0.004720634780824184,0.004725409206002951,0.024840956553816795
6930,-2.4886391162872314,-2.502063274383545,0.007048279978334904,0.006375811994075775,0.024834170937538147
6931,-2.5312089920043945,-2.5414395332336426,0.005800525192171335,0.004429967142641544,0.024827439337968826
6932,-2.4496214389801025,-2.4555764198303223,0.0025507037062197924,0.0034043658524751663,0.024820663034915924
6933,-2.634547233581543,-2.640336513519287,0.003143793437629938,0.0026454536709934473,0.024813970550894737
6934,-2.538062572479248,-2.5467700958251953,0.0045903087593615055,0.004117170814424753,0.024807186797261238
6935,-2.445462703704834,-2.4519460201263428,0.002819097600877285,0.0036642812192440033,0.02480042167007923
6936,-2.5510952472686768,-2.562669277191162,0.005496889352798462,0.006076936610043049,0.02479363977909088
6937,-2.509448528289795,-2.51350998878479,0.0019157745409756899,0.0021458719857037067,0.02478688396513462
6938,-2.37648868560791,-2.551900863647461,0.0880662351846695,0.08734586089849472,0.02478010021150112
6939,-2.4900407791137695,-2.4936888217926025,0.0019170691957697272,0.0017308008391410112,0.024773290380835533
6940,-2.4679322242736816,-2.47176456451416,0.001675331499427557,0.002156877890229225,0.024766480550169945
6941,-2.5832502841949463,-2.5915727615356445,0.00403811177238822,0.004284484777599573,0.024759726598858833
6942,-2.4984617233276367,-2.506551742553711,0.004661133512854576,0.003428840544074774,0.024752968922257423
6943,-2.6642074584960938,-2.6729369163513184,0.004091844893991947,0.004637603182345629,0.024746287614107132
6944,-2.576326847076416,-2.581744432449341,0.002485844539478421,0.0029318607412278652,0.024739675223827362
6945,-2.536166191101074,-2.5609536170959473,0.012131056748330593,0.01265653595328331,0.02473302371799946
6946,-2.548797130584717,-2.553715467453003,0.002751398365944624,0.0021669978741556406,0.024726342409849167
6947,-2.631873607635498,-2.6978607177734375,0.032150134444236755,0.033837154507637024,0.024719711393117905
6948,-2.679971933364868,-2.6831517219543457,0.0012810510816052556,0.0018986646318808198,0.024713169783353806
6949,-2.593390703201294,-2.5983316898345947,0.0026454050093889236,0.0022954395972192287,0.024706566706299782
6950,-1.9681764841079712,-2.4408082962036133,0.23927022516727448,0.2333616465330124,0.024699963629245758
6951,-2.461498737335205,-2.4660072326660156,0.0025187009014189243,0.0019898887258023024,0.024693340063095093
6952,-2.543351173400879,-2.552692174911499,0.0044820611365139484,0.004859016742557287,0.024686723947525024
6953,-2.4921932220458984,-2.5002336502075195,0.004125096369534731,0.003915342036634684,0.024680085480213165
6954,-2.431025505065918,-2.4356443881988525,0.0023072967305779457,0.002311517484486103,0.024673419073224068
6955,-2.497657299041748,-2.5133607387542725,0.007976963184773922,0.007726371753960848,0.02466674894094467
6956,-2.4296555519104004,-2.4346442222595215,0.0025818150024861097,0.0024068113416433334,0.024660110473632812
6957,-2.652165174484253,-2.6564533710479736,0.0021517276763916016,0.0021364379208534956,0.024653397500514984
6958,-2.537003517150879,-2.5917532444000244,0.02682396210730076,0.02792583964765072,0.024646656587719917
6959,-2.55306339263916,-2.610731363296509,0.028925031423568726,0.02874300442636013,0.024639911949634552
6960,-2.53718900680542,-2.549384593963623,0.006220646668225527,0.005974961910396814,0.024633202701807022
6961,-2.605125904083252,-2.617196559906006,0.006750086788088083,0.005320487543940544,0.02462650276720524
6962,-2.6842520236968994,-2.700498104095459,0.008544515818357468,0.007701597176492214,0.024619758129119873
6963,-2.433534860610962,-2.6516613960266113,0.10906948149204254,0.1090569943189621,0.02461297996342182
6964,-2.584151268005371,-2.593897819519043,0.004719206597656012,0.0050272587686777115,0.02460612542927265
6965,-2.447323799133301,-2.4583041667938232,0.00551957031711936,0.005460662767291069,0.02459927462041378
6966,-2.5046749114990234,-2.521414279937744,0.00921665783971548,0.007522924337536097,0.024592407047748566
6967,-2.0255978107452393,-2.3688337802886963,0.17255397140979767,0.17068204283714294,0.024585537612438202
6968,-2.411412239074707,-2.433223247528076,0.01125422865152359,0.010556792840361595,0.024578627198934555
6969,-2.512359142303467,-2.522341251373291,0.005172158125787973,0.00480995886027813,0.024571718648076057
6970,-2.615447521209717,-2.638774871826172,0.011560164391994476,0.011767201125621796,0.024564800783991814
6971,-2.367055892944336,-2.3735105991363525,0.003148832358419895,0.0033059201668947935,0.02455792762339115
6972,-2.6362762451171875,-2.6425018310546875,0.002926028100773692,0.0032994579523801804,0.024551106616854668
6973,-2.603147506713867,-2.620645046234131,0.009091324172914028,0.008406199514865875,0.02454422414302826
6974,-2.539593458175659,-2.553593635559082,0.0068182069808244705,0.007181865628808737,0.02453736588358879
6975,-2.6674697399139404,-2.6793055534362793,0.005763768218457699,0.006071935873478651,0.02453051693737507
6976,-2.472092628479004,-2.485494375228882,0.006583516485989094,0.006818349007517099,0.024523703381419182
6977,-2.523916721343994,-2.5277392864227295,0.0017416151240468025,0.002080931793898344,0.02451692894101143
6978,-2.60453200340271,-2.610574960708618,0.003411445301026106,0.002631421433761716,0.024510160088539124
6979,-2.4184410572052,-2.4230401515960693,0.001980321714654565,0.0026189035270363092,0.024503406137228012
6980,-2.5885348320007324,-2.5953519344329834,0.0031761913560330868,0.003640927141532302,0.024496683850884438
6981,-2.489478588104248,-2.4946987628936768,0.0027526840567588806,0.0024674967862665653,0.024489926174283028
6982,-2.54995059967041,-2.5606577396392822,0.00589741999283433,0.004809551872313023,0.02448316663503647
6983,-2.508594036102295,-2.5167083740234375,0.003409437835216522,0.00470492010936141,0.024476448073983192
6984,-2.5783073902130127,-2.587181568145752,0.003908706828951836,0.0049654352478682995,0.024469826370477676
6985,-2.589067220687866,-2.5926713943481445,0.0013992245076224208,0.0022048207465559244,0.024463176727294922
6986,-2.4350714683532715,-2.444976329803467,0.004749093670397997,0.005155702121555805,0.024456510320305824
6987,-2.665773630142212,-2.6747853755950928,0.004636240191757679,0.00437535485252738,0.0244499109685421
6988,-2.5542287826538086,-2.557417392730713,0.0015308002475649118,0.0016576357884332538,0.0244433656334877
6989,-2.1818490028381348,-2.5499870777130127,0.18272380530834198,0.18541425466537476,0.024436822161078453
6990,-2.470271348953247,-2.4784514904022217,0.0043239900842309,0.0038560647517442703,0.02443031407892704
6991,-2.4900894165039062,-2.4993016719818115,0.0047833118587732315,0.004428904503583908,0.02442382089793682
6992,-2.450913429260254,-2.4579291343688965,0.0029310963582247496,0.004084646236151457,0.024417288601398468
6993,-2.614704132080078,-2.6280739307403564,0.006557590328156948,0.006812151521444321,0.02441076934337616
6994,-2.5863888263702393,-2.5908524990081787,0.002428534207865596,0.0020352026913315058,0.02440418116748333
6995,-2.576528310775757,-2.582545280456543,0.002865258138626814,0.003151749260723591,0.024397624656558037
6996,-2.541534423828125,-2.546372413635254,0.0023139207623898983,0.0025240310933440924,0.02439109981060028
6997,-2.5861501693725586,-2.648909091949463,0.02917318046092987,0.033585719764232635,0.02438456378877163
6998,-2.638298273086548,-2.646552085876465,0.00382480351254344,0.00442919647321105,0.02437809482216835
6999,-2.2788493633270264,-2.5324454307556152,0.13027146458625793,0.12332464754581451,0.02437165565788746
7000,-2.378676652908325,-2.4416563510894775,0.030546247959136963,0.03243355453014374,0.024365276098251343
7001,-2.6398849487304688,-2.6500439643859863,0.0056642815470695496,0.004494652152061462,0.02435893379151821
7002,-2.5874228477478027,-2.5927610397338867,0.002496567089110613,0.0028417075518518686,0.02435259148478508
7003,-2.6187400817871094,-2.6299328804016113,0.006247599609196186,0.004945307970046997,0.024346182122826576
7004,-2.4595463275909424,-2.466165065765381,0.003106038784608245,0.003512648167088628,0.024339769035577774
7005,-2.515289783477783,-2.5277414321899414,0.006837911903858185,0.005613850895315409,0.02433338202536106
7006,-2.4929020404815674,-2.5036420822143555,0.005227041430771351,0.005512976553291082,0.024326931685209274
7007,-2.51312255859375,-2.539985418319702,0.01321499701589346,0.013647853396832943,0.024320412427186966
7008,-2.5088062286376953,-2.5138163566589355,0.0027575537096709013,0.002252554288133979,0.024313976988196373
7009,-2.5820720195770264,-2.5917205810546875,0.004631785210222006,0.005016827955842018,0.02430751547217369
7010,-2.44853138923645,-2.459632158279419,0.004626500885933638,0.006474367342889309,0.02430112287402153
7011,-2.601771354675293,-2.6156930923461914,0.006574854254722595,0.007346848025918007,0.024294715374708176
7012,-2.6479151248931885,-2.654843330383301,0.003135963110253215,0.003792231436818838,0.024288304150104523
7013,-2.4571385383605957,-2.5001068115234375,0.021421879529953003,0.02154630422592163,0.024281900376081467
7014,-2.4981489181518555,-2.5045552253723145,0.0033729500137269497,0.003033378627151251,0.02427542395889759
7015,-2.429290533065796,-2.4372408390045166,0.0035525287967175245,0.004397940821945667,0.02426898293197155
7016,-2.471881866455078,-2.478219985961914,0.003513853531330824,0.002824323484674096,0.02426254376769066
7017,-2.4919791221618652,-2.4954874515533447,0.0013060615165159106,0.0022022125776857138,0.02425609529018402
7018,-2.148236036300659,-2.536607265472412,0.18782572448253632,0.20054548978805542,0.024249745532870293
7019,-2.553770065307617,-2.568833351135254,0.008151968941092491,0.006911301985383034,0.0242434274405241
7020,-2.5797154903411865,-2.585109233856201,0.002403492107987404,0.0029901540838181973,0.02423708699643612
7021,-2.5546374320983887,-2.561832904815674,0.0035957188811153173,0.003599623218178749,0.02423066832125187
7022,-2.6181347370147705,-2.6234755516052246,0.002649506786838174,0.002691352041438222,0.024224216118454933
7023,-2.5745935440063477,-2.583298683166504,0.0037486364599317312,0.004956561606377363,0.02421773038804531
7024,-2.481832504272461,-2.543572425842285,0.03017023392021656,0.03156968951225281,0.024211253970861435
7025,-2.4515602588653564,-2.4552791118621826,0.0015369439497590065,0.0021820843685418367,0.02420477755367756
7026,-2.5054924488067627,-2.517928123474121,0.006102428771555424,0.0063334060832858086,0.024198263883590698
7027,-2.6062445640563965,-2.6263582706451416,0.009685123339295387,0.010428573936223984,0.024191802367568016
7028,-2.473468065261841,-2.479917526245117,0.0033256467431783676,0.0031237395014613867,0.02418537810444832
7029,-2.506032943725586,-2.5200610160827637,0.0072747403755784035,0.0067534008994698524,0.024178966879844666
7030,-2.5324995517730713,-2.5382237434387207,0.002664705738425255,0.0030594412237405777,0.024172505363821983
7031,-2.68924880027771,-2.6967358589172363,0.004067292902618647,0.003419948508962989,0.024166133254766464
7032,-2.4298815727233887,-2.4345808029174805,0.0028437396977096796,0.001855487935245037,0.024159755557775497
7033,-2.3864150047302246,-2.4110913276672363,0.012017372995615005,0.012658823281526566,0.02415342628955841
7034,-2.5596485137939453,-2.565065383911133,0.0017664912156760693,0.003650386817753315,0.02414710819721222
7035,-2.5290541648864746,-2.5353896617889404,0.0037080440670251846,0.002627479610964656,0.024140851572155952
7036,-2.526085376739502,-2.534335136413574,0.0037174702156335115,0.004532335326075554,0.02413460798561573
7037,-2.076111078262329,-2.54106068611145,0.2346680909395218,0.2302815020084381,0.024128399789333344
7038,-2.449439287185669,-2.4548215866088867,0.002629709430038929,0.0027525676414370537,0.024122176691889763
7039,-2.618025302886963,-2.623211145401001,0.0025973464362323284,0.0025885961949825287,0.024115942418575287
7040,-2.595655918121338,-2.6040799617767334,0.004171803127974272,0.004252114798873663,0.024109654128551483
7041,-2.4657552242279053,-2.4777519702911377,0.00516592338681221,0.006830886006355286,0.024103354662656784
7042,-2.494572639465332,-2.5150558948516846,0.009715763852000237,0.010767406783998013,0.0240971427410841
7043,-2.691926956176758,-2.6957616806030273,0.002226125681772828,0.0016086273826658726,0.02409099042415619
7044,-2.5374245643615723,-2.54367733001709,0.0033340384252369404,0.0029187186155468225,0.024084804579615593
7045,-2.5495357513427734,-2.610865831375122,0.030123332515358925,0.031206944957375526,0.024078570306301117
7046,-2.6942875385284424,-2.703669309616089,0.004499493632465601,0.004882348235696554,0.02407226711511612
7047,-2.4559485912323,-2.5691945552825928,0.058302536606788635,0.054943397641181946,0.02406596764922142
7048,-2.645461082458496,-2.6610424518585205,0.007227521855384111,0.00835384987294674,0.024059588089585304
7049,-2.5687525272369385,-2.5862412452697754,0.008825402706861496,0.008663534186780453,0.024053312838077545
7050,-2.570971965789795,-2.5785365104675293,0.0036994963884353638,0.0038649484049528837,0.024047033861279488
7051,-2.505291700363159,-2.5679378509521484,0.031550332903862,0.03109576366841793,0.02404084801673889
7052,-2.521339178085327,-2.5255701541900635,0.0019422339973971248,0.0022887226659804583,0.024034682661294937
7053,-2.5726675987243652,-2.5876102447509766,0.007700728252530098,0.007241972256451845,0.024028487503528595
7054,-2.383946180343628,-2.3924224376678467,0.00432236585766077,0.0041539790108799934,0.02402229607105255
7055,-2.5267014503479004,-2.544621229171753,0.010598191991448402,0.0073216762393713,0.02401609905064106
7056,-2.4923601150512695,-2.5029845237731934,0.005052418913692236,0.0055720568634569645,0.02400995045900345
7057,-2.561771869659424,-2.5683889389038086,0.0032600678969174623,0.003356969216838479,0.024003775790333748
7058,-2.303986072540283,-2.5679054260253906,0.1330816149711609,0.1308375895023346,0.02399769239127636
7059,-2.3880701065063477,-2.394517660140991,0.002908038441091776,0.003539497498422861,0.023991651833057404
7060,-2.1900458335876465,-2.5530214309692383,0.18197466433048248,0.18100088834762573,0.023985572159290314
7061,-2.1116275787353516,-2.576625108718872,0.23570214211940765,0.2292955368757248,0.023979494348168373
7062,-2.4693641662597656,-2.4774329662323,0.003921750467270613,0.004147055558860302,0.023973405361175537
7063,-2.452911376953125,-2.4608776569366455,0.003347132122144103,0.004619019106030464,0.023967325687408447
7064,-1.8777871131896973,-2.289888381958008,0.21119457483291626,0.20090678334236145,0.02396128512918949
7065,-2.462682008743286,-2.4825246334075928,0.00908646173775196,0.01075631845742464,0.023955317214131355
7066,-2.5786843299865723,-2.605384349822998,0.012935983948409557,0.013764041475951672,0.02394934929907322
7067,-2.4818365573883057,-2.490145444869995,0.003945216536521912,0.004363861866295338,0.02394341677427292
7068,-2.5276761054992676,-2.541989326477051,0.005967342760413885,0.008345807902514935,0.023937474936246872
7069,-2.507371664047241,-2.5685620307922363,0.03056511841714382,0.030625253915786743,0.02393150143325329
7070,-2.6175599098205566,-2.6284544467926025,0.004759498871862888,0.006134889554232359,0.02392548695206642
7071,-2.5415360927581787,-2.5538530349731445,0.005185285117477179,0.007131488528102636,0.023919539526104927
7072,-2.622292995452881,-2.6412060260772705,0.008933660574257374,0.00997949205338955,0.023913512006402016
7073,-2.5911951065063477,-2.6119699478149414,0.01066538691520691,0.01010934729129076,0.0239074919372797
7074,-2.49831223487854,-2.5736749172210693,0.03795456141233444,0.037408001720905304,0.023901496082544327
7075,-2.467231035232544,-2.476726531982422,0.0042882575653493404,0.00520740170031786,0.023895518854260445
7076,-2.227285861968994,-2.55761981010437,0.16041134297847748,0.16992253065109253,0.02388954907655716
7077,-2.6245479583740234,-2.6284444332122803,0.0018215150339528918,0.0020749340765178204,0.023883672431111336
7078,-2.6201255321502686,-2.6322202682495117,0.0057614208199083805,0.00633343355730176,0.023877834901213646
7079,-2.6816916465759277,-2.6897149085998535,0.004424151033163071,0.0035991526674479246,0.023872023448348045
7080,-2.4701619148254395,-2.4768362045288086,0.0034715267829596996,0.003202660009264946,0.023866089060902596
7081,-2.5949714183807373,-2.6004209518432617,0.002354629570618272,0.003094892483204603,0.023860279470682144
7082,-2.6242525577545166,-2.630814552307129,0.0031797706615179777,0.0033822974655777216,0.023854615166783333
7083,-2.3551437854766846,-2.5894646644592285,0.1222064420580864,0.1121143251657486,0.023848865181207657
7084,-2.5528481006622314,-2.5563793182373047,0.0019035307923331857,0.0016277130926027894,0.02384307235479355
7085,-2.555649995803833,-2.5814619064331055,0.013789931312203407,0.012021929025650024,0.02383722923696041
7086,-2.4192795753479004,-2.4258646965026855,0.003901119576767087,0.002684088656678796,0.023831363767385483
7087,-2.551626443862915,-2.556858539581299,0.0023993647191673517,0.002832643920555711,0.023825477808713913
7088,-2.590442419052124,-2.598836898803711,0.003963836934417486,0.00443046260625124,0.023819588124752045
7089,-2.6854207515716553,-2.692262649536133,0.0031916869338601828,0.003650075290352106,0.023813745006918907
7090,-2.6209094524383545,-2.6357240676879883,0.006078055128455162,0.008736717514693737,0.023807881399989128
7091,-2.640146493911743,-2.6449036598205566,0.0021278876811265945,0.002629288472235203,0.02380193956196308
7092,-2.543976306915283,-2.551504135131836,0.003549066139385104,0.003978633787482977,0.023796116933226585
7093,-2.383150577545166,-2.3865749835968018,0.0020353375002741814,0.0013891172129660845,0.023790309205651283
7094,-2.531464099884033,-2.5385208129882812,0.0038761047180742025,0.0031804305035620928,0.02378450147807598
7095,-2.4457521438598633,-2.4501941204071045,0.0020490174647420645,0.002393061760812998,0.023778673261404037
7096,-2.566816568374634,-2.5718777179718018,0.002802883740514517,0.0022582521196454763,0.02377275936305523
7097,-2.511197328567505,-2.519386053085327,0.004245209973305464,0.0039435504004359245,0.02376682125031948
7098,-2.5941953659057617,-2.6019692420959473,0.003736464073881507,0.004037274979054928,0.02376091666519642
7099,-2.4768755435943604,-2.47965145111084,0.0011836751364171505,0.0015922390157356858,0.023754874244332314
7100,-2.5551161766052246,-2.5602221488952637,0.002372179878875613,0.002733611036092043,0.02374882623553276
7101,-2.221856117248535,-2.6376099586486816,0.20449547469615936,0.2112584263086319,0.023742908611893654
7102,-2.6236836910247803,-2.6312954425811768,0.0038676285184919834,0.003744111629202962,0.02373695559799671
7103,-2.5348293781280518,-2.552004814147949,0.00837609451264143,0.008799247443675995,0.023731058463454247
7104,-2.6282970905303955,-2.642031192779541,0.007411631755530834,0.006322268396615982,0.023725129663944244
7105,-2.2151665687561035,-2.615689754486084,0.20151357352733612,0.1990097314119339,0.023719174787402153
7106,-2.5916295051574707,-2.601475954055786,0.005168098025023937,0.004678255412727594,0.02371320314705372
7107,-2.52484130859375,-2.5309011936187744,0.002995234914124012,0.0030646459199488163,0.023707296699285507
7108,-2.5265305042266846,-2.530351161956787,0.002016032813116908,0.0018045580945909023,0.02370135672390461
7109,-2.555391788482666,-2.5620782375335693,0.003285232000052929,0.00340130808763206,0.023695513606071472
7110,-2.363279104232788,-2.4251022338867188,0.02995569445192814,0.031867459416389465,0.023689638823270798
7111,-2.5063891410827637,-2.513638973236084,0.003519351128488779,0.0037304251454770565,0.023683765903115273
7112,-2.5580458641052246,-2.565164089202881,0.0038105167914181948,0.003307925071567297,0.023677917197346687
7113,-2.460371255874634,-2.46697735786438,0.0033761027734726667,0.0032301940955221653,0.023671956732869148
7114,-2.579045295715332,-2.5840775966644287,0.0026075001806020737,0.00242466083727777,0.023665957152843475
7115,-2.427643060684204,-2.4326908588409424,0.0030346298590302467,0.0020131205674260855,0.023659994825720787
7116,-2.4794890880584717,-2.4901230335235596,0.005502254702150822,0.005131649784743786,0.023654049262404442
7117,-2.6226377487182617,-2.6333720684051514,0.004263803828507662,0.006470409221947193,0.023648185655474663
7118,-2.579073667526245,-2.5847179889678955,0.0031781033612787724,0.0024662844371050596,0.023642266169190407
7119,-2.5358526706695557,-2.540640115737915,0.002125140745192766,0.002662312937900424,0.023636341094970703
7120,-2.573166608810425,-2.5832321643829346,0.0053507485426962376,0.004714764654636383,0.023630352690815926
7121,-2.570538282394409,-2.577488899230957,0.003337444271892309,0.003613133216276765,0.02362438663840294
7122,-2.496582508087158,-2.501298427581787,0.0018586975056678057,0.00285709323361516,0.023618383333086967
7123,-2.4176270961761475,-2.4236273765563965,0.0029693080577999353,0.00303103169426322,0.023612426593899727
7124,-2.5608372688293457,-2.5677499771118164,0.0031940683256834745,0.0037186043336987495,0.023606566712260246
7125,-2.341714382171631,-2.346980094909668,0.002561204368248582,0.002704700455069542,0.02360079251229763
7126,-2.2933242321014404,-2.476900815963745,0.09394237399101257,0.08963412046432495,0.02359505370259285
7127,-2.5451438426971436,-2.5507307052612305,0.0026973404455929995,0.0028897325973957777,0.02358926087617874
7128,-2.5417122840881348,-2.5505199432373047,0.004803595598787069,0.004003900568932295,0.02358357049524784
7129,-2.439194917678833,-2.4450035095214844,0.002986486069858074,0.0028222566470503807,0.02357782982289791
7130,-2.576878309249878,-2.594305992126465,0.008230788633227348,0.009197114035487175,0.023572107776999474
7131,-2.2279586791992188,-2.4390883445739746,0.10514499247074127,0.10598468780517578,0.023566290736198425
7132,-2.4918925762176514,-2.496410608291626,0.002203827491030097,0.0023141875863075256,0.023560499772429466
7133,-2.5169200897216797,-2.5252184867858887,0.0039441646076738834,0.004354254808276892,0.023554669693112373
7134,-2.5740907192230225,-2.577504873275757,0.0013660388067364693,0.0020479962695389986,0.023548897355794907
7135,-2.66009521484375,-2.663517713546753,0.0019619045779109,0.0014606690965592861,0.023543138056993484
7136,-2.537905216217041,-2.6024832725524902,0.03246209770441055,0.032115865498781204,0.023537389934062958
7137,-2.5587263107299805,-2.6204326152801514,0.031141037121415138,0.0305652879178524,0.023531576618552208
7138,-2.5481579303741455,-2.553783416748047,0.0029136259108781815,0.0027116555720567703,0.02352575957775116
7139,-2.6630589962005615,-2.6727936267852783,0.004617838654667139,0.005116747226566076,0.02351987734436989
7140,-2.5217888355255127,-2.5277256965637207,0.0030719595961272717,0.002864810870960355,0.02351408451795578
7141,-2.656574010848999,-2.661222457885742,0.002454062458127737,0.0021944360341876745,0.023508260026574135
7142,-2.5677599906921387,-2.5730252265930176,0.0026364661753177643,0.0026286852080374956,0.023502454161643982
7143,-2.4784138202667236,-2.489962577819824,0.006261313334107399,0.005287409760057926,0.02349657192826271
7144,-2.517775774002075,-2.525667905807495,0.003621254814788699,0.004270756151527166,0.023490583524107933
7145,-2.5471339225769043,-2.559964656829834,0.007821379229426384,0.005009310785681009,0.02348458208143711
7146,-2.6214327812194824,-2.6307592391967773,0.004600835032761097,0.004725709557533264,0.023478608578443527
7147,-2.5319466590881348,-2.5378496646881104,0.003540920792147517,0.0023620210122317076,0.02347257360816002
7148,-2.5733110904693604,-2.5787153244018555,0.0028461958281695843,0.0025578797794878483,0.02346651442348957
7149,-2.437694787979126,-2.4399807453155518,0.0008679611491970718,0.001418110216036439,0.023460393771529198
7150,-2.601210594177246,-2.605288028717041,0.0018578062299638987,0.002219565911218524,0.023454274982213974
7151,-2.1137664318084717,-2.3473141193389893,0.10652196407318115,0.1270257979631424,0.023448141291737556
7152,-2.561155319213867,-2.566074848175049,0.002277335152029991,0.002642106730490923,0.02344202622771263
7153,-2.527104139328003,-2.5341336727142334,0.004411518573760986,0.002618098398670554,0.023435823619365692
7154,-2.3898510932922363,-2.3944895267486572,0.0024620674084872007,0.0021763136610388756,0.023429622873663902
7155,-2.5320305824279785,-2.5385820865631104,0.003471712116152048,0.0030799719970673323,0.02342345006763935
7156,-2.458061456680298,-2.470538854598999,0.005723658949136734,0.006753580644726753,0.023417342454195023
7157,-2.42265248298645,-2.4305973052978516,0.004418152384459972,0.0035266121849417686,0.023411257192492485
7158,-2.591082811355591,-2.5966637134552,0.002755042165517807,0.0028260063845664263,0.02340514585375786
7159,-2.6655514240264893,-2.6761772632598877,0.004423652309924364,0.0062022097408771515,0.023399164900183678
7160,-2.5235860347747803,-2.530526876449585,0.0030170627869665623,0.00392382824793458,0.023393286392092705
7161,-2.5181643962860107,-2.522672414779663,0.0024043985176831484,0.0021034819073975086,0.023387419059872627
7162,-2.6049063205718994,-2.610473155975342,0.00344422971829772,0.0021227365359663963,0.023381536826491356
7163,-2.4387757778167725,-2.4477875232696533,0.003969425335526466,0.005042391363531351,0.023375628516077995
7164,-2.424442768096924,-2.4352219104766846,0.004343495238572359,0.006435568910092115,0.023369845002889633
7165,-2.7215051651000977,-2.7956740856170654,0.040333978831768036,0.03383500128984451,0.023364005610346794
7166,-2.5455710887908936,-2.5510270595550537,0.0028191986493766308,0.0026365946978330612,0.02335817925632
7167,-2.6575634479522705,-2.665769577026367,0.0032130302861332893,0.004993179347366095,0.023352282121777534
7168,-2.5846030712127686,-2.5900001525878906,0.002819536253809929,0.0025775721296668053,0.02334640920162201
7169,-2.6265156269073486,-2.629744052886963,0.0016839377349242568,0.0015445539029315114,0.023340577259659767
7170,-2.3152613639831543,-2.320817708969116,0.0030200816690921783,0.0025363778695464134,0.023334773257374763
7171,-2.379185676574707,-2.3848397731781006,0.002800936810672283,0.0028530682902783155,0.023329026997089386
7172,-2.670267343521118,-2.675659418106079,0.0024346436839550734,0.0029572865460067987,0.023323243483901024
7173,-2.678025722503662,-2.6851561069488525,0.0030178965535014868,0.004112428519874811,0.02331741712987423
7174,-2.470736503601074,-2.480902671813965,0.005000266712158918,0.005165847484022379,0.023311497643589973
7175,-2.6251583099365234,-2.6351239681243896,0.005448678974062204,0.004516995046287775,0.023305606096982956
7176,-2.5588808059692383,-2.5718417167663574,0.006062230560928583,0.00689869886264205,0.023299705237150192
7177,-2.5890514850616455,-2.5937001705169678,0.002153783803805709,0.0024947775527834892,0.023293839767575264
7178,-2.647925853729248,-2.6613717079162598,0.006019522901624441,0.007426304277032614,0.023287959396839142
7179,-2.450313091278076,-2.4547979831695557,0.002370468806475401,0.002114464994519949,0.023282131180167198
7180,-2.4667856693267822,-2.470430850982666,0.001991196535527706,0.0016538577619940042,0.023276308551430702
7181,-2.5711023807525635,-2.5792534351348877,0.0032714707776904106,0.004879500716924667,0.023270482197403908
7182,-2.5832362174987793,-2.5936379432678223,0.004944011569023132,0.005457637831568718,0.023264668881893158
7183,-2.607381820678711,-2.6160030364990234,0.0036582902539521456,0.004962883424013853,0.023258905857801437
7184,-2.434952735900879,-2.4464163780212402,0.0050464412197470665,0.0064172288402915,0.023253124207258224
7185,-2.5427439212799072,-2.5462682247161865,0.0012743632541969419,0.002249971032142639,0.023247286677360535
7186,-2.594555616378784,-2.609933376312256,0.007829856127500534,0.0075478884391486645,0.023241451010107994
7187,-2.562864065170288,-2.5818979740142822,0.009487306699156761,0.009546449407935143,0.023235617205500603
7188,-2.517597198486328,-2.5244505405426025,0.003402730915695429,0.0034505613148212433,0.023229777812957764
7189,-2.550628185272217,-2.6644954681396484,0.05358870327472687,0.060278572142124176,0.02322385273873806
7190,-2.556117534637451,-2.628849983215332,0.037558116018772125,0.03517445921897888,0.02321796305477619
7191,-2.643249750137329,-2.6504132747650146,0.004013954196125269,0.003149626078084111,0.023212023079395294
7192,-2.5581233501434326,-2.6251795291900635,0.03422456979751587,0.03283172845840454,0.023206064477562904
7193,-2.617934465408325,-2.634859085083008,0.008569523692131042,0.00835511926561594,0.02320016734302044
7194,-2.6098406314849854,-2.6190690994262695,0.004151755478233099,0.005076705478131771,0.023194298148155212
7195,-2.4431989192962646,-2.4500718116760254,0.003443101653829217,0.0034299425315111876,0.02318844385445118
7196,-2.523775577545166,-2.5337119102478027,0.005530636291950941,0.004405726678669453,0.023182643577456474
7197,-2.5095736980438232,-2.516261339187622,0.003769584931433201,0.00291809462942183,0.02317684143781662
7198,-2.5577824115753174,-2.5666141510009766,0.005362316034734249,0.003469489049166441,0.02317107282578945
7199,-2.522789239883423,-2.5295538902282715,0.003922907169908285,0.002841654233634472,0.023165283724665642
7200,-2.597416877746582,-2.604097366333008,0.003281825687736273,0.0033986829221248627,0.02315947413444519
7201,-2.5304698944091797,-2.5390002727508545,0.003756888909265399,0.004773423541337252,0.02315368317067623
7202,-2.569002389907837,-2.5810208320617676,0.005233351141214371,0.006785216275602579,0.023147888481616974
7203,-2.4278454780578613,-2.4393882751464844,0.005223482847213745,0.006319349631667137,0.023142121732234955
7204,-2.54795503616333,-2.616262674331665,0.035042330622673035,0.03326530382037163,0.023136328905820847
7205,-2.600668430328369,-2.6204628944396973,0.009804176166653633,0.009990165941417217,0.023130526766180992
7206,-2.4358184337615967,-2.4441885948181152,0.004113875329494476,0.004256212152540684,0.023124758154153824
7207,-2.5895817279815674,-2.597947359085083,0.004091203678399324,0.004274431616067886,0.023118993267416954
7208,-2.584155559539795,-2.5923848152160645,0.004556483123451471,0.003672847058624029,0.02311314456164837
7209,-2.5673184394836426,-2.573977470397949,0.0045336708426475525,0.002125225029885769,0.023107336834073067
7210,-2.6139907836914062,-2.6215221881866455,0.004015909507870674,0.0035154216457158327,0.023101525381207466
7211,-2.5332870483398438,-2.5557947158813477,0.011554645374417305,0.01095299981534481,0.023095721378922462
7212,-2.4841251373291016,-2.507734537124634,0.011434728279709816,0.012174534611403942,0.023089973255991936
7213,-2.60442852973938,-2.610889196395874,0.0021623859647661448,0.004298318177461624,0.02308427169919014
7214,-2.5942788124084473,-2.59865140914917,0.0019532470032572746,0.002419245196506381,0.023078536614775658
7215,-2.675720453262329,-2.690025806427002,0.008201991207897663,0.0061033945530653,0.0230727382004261
7216,-2.571868658065796,-2.5757791996002197,0.002203162759542465,0.00170741172041744,0.023066962137818336
7217,-2.5857484340667725,-2.5894150733947754,0.0020722525659948587,0.0015943152830004692,0.02306128852069378
7218,-2.5944972038269043,-2.6042044162750244,0.0050246091559529305,0.004682525992393494,0.023055652156472206
7219,-2.49804425239563,-2.5074429512023926,0.0027639218606054783,0.006634593475610018,0.02305006794631481
7220,-2.5949952602386475,-2.599700927734375,0.002688285894691944,0.0020175722893327475,0.02304445393383503
7221,-2.4465653896331787,-2.4530937671661377,0.0033901366405189037,0.003138353582471609,0.023038893938064575
7222,-2.5249295234680176,-2.5306365489959717,0.0028246138244867325,0.002882414497435093,0.023033389821648598
7223,-2.569718837738037,-2.5760154724121094,0.002601178362965584,0.003695482388138771,0.023027878254652023
7224,-2.156602382659912,-2.561598062515259,0.202366441488266,0.20262929797172546,0.023022355511784554
7225,-2.4010329246520996,-2.6038784980773926,0.10190127044916153,0.10094430297613144,0.02301683835685253
7226,-2.5781302452087402,-2.5989153385162354,0.011087091639637947,0.00969790667295456,0.023011313751339912
7227,-2.161264657974243,-2.5626392364501953,0.1987910121679306,0.20258364081382751,0.023005861788988113
7228,-2.635214328765869,-2.641268014907837,0.0032412605360150337,0.002812307793647051,0.023000404238700867
7229,-2.6686177253723145,-2.6845786571502686,0.008168237283825874,0.007792688440531492,0.022994954138994217
7230,-2.7048449516296387,-2.716581344604492,0.005243077874183655,0.006493270397186279,0.02298945002257824
7231,-2.514336109161377,-2.5852150917053223,0.03629603981971741,0.03458276391029358,0.022983942180871964
7232,-2.6238105297088623,-2.6368980407714844,0.006511615123599768,0.006575826555490494,0.022978490218520164
7233,-2.468829393386841,-2.481290340423584,0.006989708635956049,0.005471188575029373,0.022973034530878067
7234,-2.550173044204712,-2.5569353103637695,0.0032115457579493523,0.0035507921129465103,0.022967558354139328
7235,-2.4568073749542236,-2.4663641452789307,0.004093022085726261,0.005463812965899706,0.022962039336562157
7236,-2.4250056743621826,-2.430645227432251,0.0035939100198447704,0.002045590430498123,0.022956525906920433
7237,-2.439835548400879,-2.450326442718506,0.00669734925031662,0.0037934535648673773,0.022951016202569008
7238,-2.611891984939575,-2.6350321769714355,0.013098588213324547,0.010041802190244198,0.02294553816318512
7239,-2.558156728744507,-2.5731070041656494,0.008206442929804325,0.00674392469227314,0.02294008620083332
7240,-2.461385488510132,-2.468526840209961,0.0036898779217153788,0.0034514751750975847,0.02293463796377182
7241,-2.559840202331543,-2.573244094848633,0.006976268254220486,0.006427417509257793,0.02292914316058159
7242,-2.2681572437286377,-2.6273632049560547,0.17922866344451904,0.17997728288173676,0.022923726588487625
7243,-2.5066583156585693,-2.5174851417541504,0.007135862950235605,0.003691013902425766,0.022918349131941795
7244,-2.6072847843170166,-2.6236228942871094,0.00915110856294632,0.00718679279088974,0.02291290834546089
7245,-2.648106813430786,-2.666820526123047,0.009997156448662281,0.0087165217846632,0.022907555103302002
7246,-2.630352258682251,-2.643839120864868,0.005775312427431345,0.007711762562394142,0.02290220372378826
7247,-2.5989439487457275,-2.606604814529419,0.003290991997346282,0.00436990475282073,0.022896962240338326
7248,-2.6482982635498047,-2.6564104557037354,0.003806323977187276,0.0043058255687355995,0.022891754284501076
7249,-2.3643109798431396,-2.4460785388946533,0.04089318588376045,0.04087447747588158,0.022886592894792557
7250,-2.5194084644317627,-2.5275168418884277,0.004107231739908457,0.004001249559223652,0.022881414741277695
7251,-2.536223888397217,-2.5514845848083496,0.00798352062702179,0.007277363911271095,0.022876320406794548
7252,-2.4971628189086914,-2.511470317840576,0.007704028859734535,0.0066034747287631035,0.022871198132634163
7253,-2.6186017990112305,-2.630812168121338,0.005268619395792484,0.006941698491573334,0.0228660237044096
7254,-2.540382146835327,-2.545868396759033,0.002555071609094739,0.0029311194084584713,0.022860873490571976
7255,-2.3294687271118164,-2.4776391983032227,0.07295148819684982,0.07521882653236389,0.022855771705508232
7256,-2.5466248989105225,-2.559399366378784,0.006228561047464609,0.00654599629342556,0.022850677371025085
7257,-2.463285446166992,-2.4745686054229736,0.005302496254444122,0.0059807985089719296,0.022845610976219177
7258,-2.6252048015594482,-2.6329526901245117,0.0038968916051089764,0.0038509073201566935,0.022840585559606552
7259,-2.619183301925659,-2.6317312717437744,0.00603149039670825,0.006516436114907265,0.022835521027445793
7260,-2.372573137283325,-2.390199661254883,0.009478629566729069,0.008148002438247204,0.022830376401543617
7261,-2.453275442123413,-2.459526538848877,0.00358450785279274,0.002666466636583209,0.022825228050351143
7262,-2.442587375640869,-2.453101634979248,0.0057408614084124565,0.004773466847836971,0.022819949313998222
7263,-2.522904634475708,-2.52608060836792,0.0019362219609320164,0.0012397771934047341,0.022814732044935226
7264,-2.394735813140869,-2.565639019012451,0.08842042088508606,0.08248269557952881,0.022809544578194618
7265,-2.4189260005950928,-2.4251651763916016,0.002901438856497407,0.003337584435939789,0.0228043831884861
7266,-2.68819522857666,-2.7089738845825195,0.010804315097630024,0.009974194690585136,0.022799191996455193
7267,-2.5523569583892822,-2.561326503753662,0.004108872264623642,0.004860658198595047,0.0227939635515213
7268,-2.6384453773498535,-2.6508188247680664,0.006703363731503487,0.0056700618006289005,0.02278866618871689
7269,-2.529735803604126,-2.591207504272461,0.02767964079976082,0.03379211202263832,0.022783352062106133
7270,-2.633584499359131,-2.6437675952911377,0.005998888052999973,0.004184250254184008,0.022778073325753212
7271,-2.30169939994812,-2.615912914276123,0.1566915363073349,0.15752193331718445,0.022772887721657753
7272,-2.518490791320801,-2.5222957134246826,0.001962521346285939,0.0018425353337079287,0.02276773564517498
7273,-2.3126447200775146,-2.320028305053711,0.003741643624380231,0.0036419378593564034,0.022762617096304893
7274,-2.4653279781341553,-2.4857125282287598,0.011751350946724415,0.008633102290332317,0.022757532075047493
7275,-2.4548888206481934,-2.460501194000244,0.0034977919422090054,0.002114567905664444,0.02275250293314457
7276,-2.4336917400360107,-2.444934129714966,0.005554195959120989,0.005688076838850975,0.022747447714209557
7277,-2.6366734504699707,-2.6504034996032715,0.006166771519929171,0.007563451305031776,0.022742411121726036
7278,-2.55819034576416,-2.5679702758789062,0.00557797821238637,0.004201796371489763,0.022737329825758934
7279,-2.781235456466675,-2.787566900253296,0.00358438934199512,0.0027470795903354883,0.02273225598037243
7280,-2.5649592876434326,-2.6383509635925293,0.037806104868650436,0.03558569401502609,0.02272730879485607
7281,-2.633419990539551,-2.654417037963867,0.010987241752445698,0.010009650141000748,0.022722432389855385
7282,-2.6372907161712646,-2.6536858081817627,0.008172519505023956,0.00822249986231327,0.022717535495758057
7283,-2.1712512969970703,-2.4352943897247314,0.14052714407444,0.12351594120264053,0.02271265722811222
7284,-2.5752816200256348,-2.5870985984802246,0.005856955423951149,0.005960053764283657,0.022707773372530937
7285,-2.512629270553589,-2.5267562866210938,0.007367365527898073,0.006759710144251585,0.022702878341078758
7286,-2.3904192447662354,-2.3960483074188232,0.003329111263155937,0.0022999783977866173,0.02269800193607807
7287,-2.5215065479278564,-2.6015796661376953,0.04107305407524109,0.03900008276104927,0.022693127393722534
7288,-2.562093496322632,-2.569913387298584,0.004416933283209801,0.0034029886592179537,0.022688329219818115
7289,-2.4446420669555664,-2.459951639175415,0.007843147963285446,0.007466367445886135,0.022683758288621902
7290,-2.5481796264648438,-2.563314199447632,0.007836120203137398,0.007298537530004978,0.022679129615426064
7291,-2.55173397064209,-2.5589094161987305,0.004749196581542492,0.0024261714424937963,0.022674500942230225
7292,-2.765289545059204,-2.77596378326416,0.005418315064162016,0.00525587797164917,0.02266978845000267
7293,-2.4408953189849854,-2.454064130783081,0.007037660572677851,0.006131239701062441,0.02266507036983967
7294,-2.6296987533569336,-2.6348092555999756,0.001676105079241097,0.0034345330204814672,0.022660331800580025
7295,-2.61426043510437,-2.6182806491851807,0.0016013706335797906,0.0024187357630580664,0.022655436769127846
7296,-2.472235918045044,-2.4870054721832275,0.006631133612245321,0.00813845545053482,0.022650543600320816
7297,-2.4625954627990723,-2.4669389724731445,0.00241704354993999,0.0019263440044596791,0.02264561876654625
7298,-2.5297048091888428,-2.541098117828369,0.005986547097563744,0.005406878422945738,0.022640744224190712
7299,-2.404989719390869,-2.412487745285034,0.0036012183409184217,0.003896778915077448,0.022635972127318382
7300,-2.583183765411377,-2.5987889766693115,0.007200897205621004,0.00840433407574892,0.022631213068962097
7301,-2.564603567123413,-2.5759871006011963,0.005703492555767298,0.005679996684193611,0.02262638509273529
7302,-2.604206085205078,-2.6161110401153564,0.003965600859373808,0.007939415983855724,0.022621573880314827
7303,-2.5715479850769043,-2.578104257583618,0.0034194979816675186,0.00313696451485157,0.022616811096668243
7304,-2.4123895168304443,-2.636835813522339,0.13280566036701202,0.09164071083068848,0.022612038999795914
7305,-2.35947322845459,-2.7042481899261475,0.1718483567237854,0.17292658984661102,0.02260724827647209
7306,-2.5388522148132324,-2.5535497665405273,0.006952427793294191,0.007745028473436832,0.022602396085858345
7307,-2.567445755004883,-2.5975029468536377,0.015530812554061413,0.01452634483575821,0.02259743958711624
7308,-2.650695323944092,-2.658372163772583,0.003422108246013522,0.004254817962646484,0.022592531517148018
7309,-2.516510248184204,-2.52443265914917,0.0039884536527097225,0.0039338464848697186,0.022587673738598824
7310,-2.5724899768829346,-2.5844268798828125,0.005977801512926817,0.005959074944257736,0.022582875564694405
7311,-2.6368653774261475,-2.64087176322937,0.0021732845343649387,0.0018331065075471997,0.02257811650633812
7312,-2.5983328819274902,-2.606414318084717,0.004256214946508408,0.0038251234218478203,0.022573327645659447
7313,-2.6636385917663574,-2.680516004562378,0.009438492357730865,0.007438836619257927,0.02256866730749607
7314,-2.4359078407287598,-2.4452452659606934,0.005000649485737085,0.004336932208389044,0.022564023733139038
7315,-2.4977636337280273,-2.5120136737823486,0.00714127067476511,0.007108807098120451,0.0225593913346529
7316,-2.3626534938812256,-2.3956661224365234,0.017222341150045395,0.015790222212672234,0.022554686293005943
7317,-2.597666025161743,-2.700218439102173,0.05053479224443436,0.052017658948898315,0.02254997007548809
7318,-2.5317370891571045,-2.5408663749694824,0.004446383565664291,0.004682923201471567,0.022545212879776955
7319,-2.638518810272217,-2.6443257331848145,0.0026651574298739433,0.0031419501174241304,0.022540364414453506
7320,-2.6504838466644287,-2.6636605262756348,0.005324569530785084,0.007851963862776756,0.02253550849854946
7321,-2.590736150741577,-2.610934257507324,0.010564815253019333,0.00963335670530796,0.02253063954412937
7322,-2.5803940296173096,-2.597703695297241,0.008149263449013233,0.009160535410046577,0.022525811567902565
7323,-2.671968460083008,-2.681577205657959,0.003781271632760763,0.005827496759593487,0.022521020844578743
7324,-2.401623249053955,-2.613717555999756,0.10501068830490112,0.1070835143327713,0.022516222670674324
7325,-2.5240237712860107,-2.533005714416504,0.0046350532211363316,0.004346954170614481,0.0225114393979311
7326,-2.512291669845581,-2.5202181339263916,0.004165641963481903,0.003760908730328083,0.022506581619381905
7327,-2.3367369174957275,-2.373520851135254,0.007720685563981533,0.02906329557299614,0.022501731291413307
7328,-2.5858449935913086,-2.5963339805603027,0.005141322501003742,0.005347752012312412,0.022496936842799187
7329,-2.4698078632354736,-2.492540121078491,0.01119579654186964,0.011536292731761932,0.022492248564958572
7330,-2.662461042404175,-2.673980712890625,0.005488735623657703,0.006031074095517397,0.022487659007310867
7331,-2.6358017921447754,-2.6434504985809326,0.0037893811240792274,0.0038592382334172726,0.02248304896056652
7332,-2.2646217346191406,-2.4921252727508545,0.11233934015035629,0.1151643916964531,0.022478584200143814
7333,-2.583465576171875,-2.602271556854248,0.010234571062028408,0.008571485988795757,0.02247406169772148
7334,-2.637263536453247,-2.648944616317749,0.005678386427462101,0.006002638954669237,0.0224695336073637
7335,-2.766284704208374,-2.774991989135742,0.003707293188199401,0.00499981502071023,0.022465001791715622
7336,-2.5369818210601807,-2.5509891510009766,0.0073778158985078335,0.006629452109336853,0.02246052585542202
7337,-2.627354145050049,-2.6417505741119385,0.007085018325597048,0.007311418652534485,0.022455990314483643
7338,-2.5849990844726562,-2.598159074783325,0.004251277074217796,0.008908732794225216,0.02245141752064228
7339,-2.564375162124634,-2.571442127227783,0.003631079336628318,0.0034357327967882156,0.02244679443538189
7340,-2.5406174659729004,-2.558163642883301,0.00942603312432766,0.008120082318782806,0.02244216576218605
7341,-2.5322721004486084,-2.5375380516052246,0.0029765861108899117,0.0022891811095178127,0.02243763953447342
7342,-2.4289517402648926,-2.433483123779297,0.0023220356088131666,0.0022094990126788616,0.02243303321301937
7343,-2.6444153785705566,-2.6630048751831055,0.009427298791706562,0.009162209928035736,0.02242838591337204
7344,-2.1882903575897217,-2.506362199783325,0.15736673772335052,0.16070504486560822,0.02242378704249859
7345,-2.552894353866577,-2.562079429626465,0.004301487933844328,0.004883592016994953,0.0224192813038826
7346,-2.564453125,-2.5732553005218506,0.004459005780518055,0.004343361593782902,0.022414758801460266
7347,-2.5369038581848145,-2.543851852416992,0.003889309475198388,0.003058740636333823,0.02241024374961853
7348,-2.5955424308776855,-2.6014151573181152,0.002265731105580926,0.0036071159411221743,0.022405650466680527
7349,-2.346205234527588,-2.3514139652252197,0.002308987081050873,0.0028997352346777916,0.02240092307329178
7350,-2.6484384536743164,-2.6618785858154297,0.0073072649538517,0.006132780574262142,0.022396383807063103
7351,-2.3984761238098145,-2.4646739959716797,0.03315172344446182,0.03304633870720863,0.022391904145479202
7352,-2.52416729927063,-2.53269100189209,0.004195414017885923,0.0043281447142362595,0.02238733507692814
7353,-2.648709297180176,-2.6631100177764893,0.006802620831876993,0.007598141208291054,0.02238265424966812
7354,-2.724088668823242,-2.739576816558838,0.00771837355569005,0.007769766263663769,0.022377915680408478
7355,-2.560380220413208,-2.567955255508423,0.003715844824910164,0.0038592128548771143,0.02237311378121376
7356,-2.5413684844970703,-2.5463430881500244,0.0025716254021972418,0.0024031205102801323,0.022368304431438446
7357,-2.550906181335449,-2.5671091079711914,0.00791546143591404,0.008287408389151096,0.022363461554050446
7358,-2.4940273761749268,-2.498262643814087,0.0021468140184879303,0.00208843476139009,0.0223586093634367
7359,-2.525073528289795,-2.5312767028808594,0.0022359059657901525,0.003967170603573322,0.02235376462340355
7360,-2.5794906616210938,-2.586832046508789,0.0032241065055131912,0.004117324948310852,0.022348927333950996
7361,-2.446495294570923,-2.451120138168335,0.0017923086415976286,0.002832667902112007,0.022344082593917847
7362,-2.56046199798584,-2.5669760704040527,0.0026261182501912117,0.0038878312334418297,0.022339295595884323
7363,-2.7136905193328857,-2.733576536178589,0.009421787224709988,0.010464290156960487,0.022334491834044456
7364,-2.283677577972412,-2.511057138442993,0.12651030719280243,0.10086926817893982,0.022329730913043022
7365,-2.59375262260437,-2.5997040271759033,0.002784887794405222,0.003166395705193281,0.022324854508042336
7366,-2.4228503704071045,-2.427938222885132,0.0023017656058073044,0.002786143682897091,0.02231994830071926
7367,-2.5820424556732178,-2.595367193222046,0.007808939553797245,0.0055158124305307865,0.022314967587590218
7368,-2.544114828109741,-2.5564417839050293,0.005880550481379032,0.006446294952183962,0.022309929132461548
7369,-2.5002384185791016,-2.588865280151367,0.04394412413239479,0.04468275606632233,0.022304963320493698
7370,-2.5330398082733154,-2.5456247329711914,0.005673310719430447,0.00691142026335001,0.022300023585557938
7371,-2.625251054763794,-2.640726089477539,0.00809098407626152,0.00738406740128994,0.022295031696558
7372,-2.546938896179199,-2.5554277896881104,0.004043452441692352,0.004445632919669151,0.022290024906396866
7373,-2.542182445526123,-2.551429033279419,0.0032746964134275913,0.005971875041723251,0.022284965962171555
7374,-2.6504318714141846,-2.6648175716400146,0.008343596942722797,0.006042085587978363,0.02227989211678505
7375,-2.4848861694335938,-2.491004467010498,0.0026037448551505804,0.003514605574309826,0.022274814546108246
7376,-2.5421805381774902,-2.554492712020874,0.0059862565249204636,0.006325999274849892,0.02226967364549637
7377,-2.4984874725341797,-2.5207841396331787,0.012103351764380932,0.010193290188908577,0.022264502942562103
7378,-2.7059192657470703,-2.712064743041992,0.0032233414240181446,0.0029220646247267723,0.02225940302014351
7379,-2.5889384746551514,-2.601975440979004,0.0062309433706104755,0.006806020624935627,0.022254351526498795
7380,-2.6104493141174316,-2.6167023181915283,0.0028579190839082003,0.0033951392397284508,0.02224932238459587
7381,-2.4942104816436768,-2.523287296295166,0.010357984341681004,0.018718639388680458,0.02224431373178959
7382,-2.5910351276397705,-2.5997886657714844,0.0046374499797821045,0.004116089083254337,0.022239457815885544
7383,-2.534510850906372,-2.538780450820923,0.002319883555173874,0.001949685625731945,0.022234654054045677
7384,-2.536118507385254,-2.562244415283203,0.013187652453780174,0.012938222847878933,0.02222982980310917
7385,-2.566603899002075,-2.576451539993286,0.00467668054625392,0.005171161610633135,0.022225070744752884
7386,-2.606720209121704,-2.6135356426239014,0.0027997917495667934,0.004015707410871983,0.022220376878976822
7387,-2.461446523666382,-2.4680299758911133,0.0026600200217217207,0.003923467360436916,0.022215604782104492
7388,-2.6021010875701904,-2.611959218978882,0.004440216813236475,0.005417814943939447,0.022210827097296715
7389,-2.6326022148132324,-2.6378161907196045,0.0025113211013376713,0.002702822908759117,0.022206077352166176
7390,-2.610684633255005,-2.6164677143096924,0.0031126176472753286,0.0026705728378146887,0.022201307117938995
7391,-2.7039971351623535,-2.7134203910827637,0.004982562270015478,0.004440753720700741,0.02219657599925995
7392,-2.5315444469451904,-2.5396971702575684,0.004405163694173098,0.003747374750673771,0.022191761061549187
7393,-2.5441417694091797,-2.5517709255218506,0.004085755441337824,0.0035434772726148367,0.02218697778880596
7394,-2.4842615127563477,-2.4901418685913086,0.0028148177079856396,0.003065682714805007,0.02218225598335266
7395,-2.6086313724517822,-2.615860939025879,0.003839334240183234,0.003390342928469181,0.02217749133706093
7396,-2.4542036056518555,-2.462462902069092,0.0035691498778760433,0.004690179135650396,0.022172780707478523
7397,-2.6179611682891846,-2.6240344047546387,0.0028125832322984934,0.0032606192398816347,0.02216799557209015
7398,-2.6073482036590576,-2.614689350128174,0.0033038484398275614,0.0040373047813773155,0.02216317132115364
7399,-2.629070281982422,-2.633235216140747,0.0017841573571786284,0.002380950842052698,0.022158237174153328
7400,-2.3615927696228027,-2.537161350250244,0.0903780460357666,0.08519043028354645,0.022153271362185478
7401,-2.672724962234497,-2.6827361583709717,0.0047085946425795555,0.005302686244249344,0.0221483763307333
7402,-2.7358882427215576,-2.7452547550201416,0.004254198167473078,0.005112391896545887,0.022143539041280746
7403,-2.5798189640045166,-2.5861833095550537,0.0037230339366942644,0.0026412729639559984,0.022138724103569984
7404,-2.555912971496582,-2.5610852241516113,0.002651581075042486,0.0025206771679222584,0.022133979946374893
7405,-2.4492580890655518,-2.4525434970855713,0.0016078309854492545,0.001677527092397213,0.022129200398921967
7406,-2.517699956893921,-2.523188352584839,0.00272811739705503,0.002760074334219098,0.022124461829662323
7407,-2.513962745666504,-2.5254743099212646,0.005564143881201744,0.005947391502559185,0.022119658067822456
7408,-2.5804107189178467,-2.586029529571533,0.0029206308536231518,0.0026980871334671974,0.022115059196949005
7409,-2.386002779006958,-2.5821592807769775,0.09721183031797409,0.09894473850727081,0.022110436111688614
7410,-2.331193685531616,-2.6412761211395264,0.15192219614982605,0.1581602245569229,0.022105712443590164
7411,-2.399610757827759,-2.4091596603393555,0.0044980463571846485,0.005050910171121359,0.022100958973169327
7412,-2.513638734817505,-2.518343925476074,0.002683604136109352,0.0020216151606291533,0.022096212953329086
7413,-2.6994311809539795,-2.708401918411255,0.0039487071335315704,0.005021951161324978,0.02209150232374668
7414,-2.6694538593292236,-2.6780343055725098,0.0036338719073683023,0.004946357104927301,0.02208680473268032
7415,-2.4294769763946533,-2.4374353885650635,0.003720494918525219,0.0042379493825137615,0.02208223007619381
7416,-2.5984749794006348,-2.6084702014923096,0.00608553783968091,0.00390956737101078,0.022077661007642746
7417,-2.663621187210083,-2.675670623779297,0.006348166614770889,0.00570142176002264,0.022073129191994667
7418,-2.6681225299835205,-2.672292709350586,0.0022457961458712816,0.001924381242133677,0.022068655118346214
7419,-2.449446678161621,-2.4561595916748047,0.00347078125923872,0.0032421189825981855,0.022064153105020523
7420,-2.620256185531616,-2.6296441555023193,0.00505853584036231,0.004329440649598837,0.022059591487050056
7421,-2.4710617065429688,-2.483262062072754,0.006065526977181435,0.0061347526498138905,0.022055048495531082
7422,-2.7605974674224854,-2.7743945121765137,0.007115087937563658,0.006681906525045633,0.02205045334994793
7423,-2.21636962890625,-2.493858814239502,0.1346934586763382,0.1427958458662033,0.02204582653939724
7424,-2.561720132827759,-2.573676109313965,0.0067034270614385605,0.005252568516880274,0.022041186690330505
7425,-2.512603998184204,-2.5221009254455566,0.0046745832078158855,0.0048223333433270454,0.022036515176296234
7426,-2.5144731998443604,-2.5427303314208984,0.012237926945090294,0.016019077971577644,0.02203182317316532
7427,-2.5588645935058594,-2.568582057952881,0.004481710493564606,0.005235610529780388,0.022027138620615005
7428,-2.5785305500030518,-2.5848238468170166,0.0026425423566251993,0.0036506953183561563,0.022022444754838943
7429,-2.4634757041931152,-2.5350468158721924,0.03554800897836685,0.03602319955825806,0.022017762064933777
7430,-2.5344150066375732,-2.546166181564331,0.0049431524239480495,0.0068081580102443695,0.022013137117028236
7431,-2.673100471496582,-2.686067819595337,0.005987346172332764,0.0069798557087779045,0.022008493542671204
7432,-2.355989456176758,-2.363949775695801,0.0030054731760174036,0.004954862874001265,0.022003786638379097
7433,-2.503248453140259,-2.5146753787994385,0.005931321997195482,0.005495479796081781,0.021999139338731766
7434,-2.5570082664489746,-2.5686588287353516,0.0046048760414123535,0.007045662496238947,0.02199448272585869
7435,-2.5656120777130127,-2.5695383548736572,0.002115383045747876,0.0018107227515429258,0.02198982611298561
7436,-2.5110435485839844,-2.581263542175293,0.03607841208577156,0.03414156287908554,0.021985096856951714
7437,-2.6977546215057373,-2.70273494720459,0.002698936266824603,0.002281534019857645,0.021980375051498413
7438,-2.2073795795440674,-2.535097360610962,0.16675397753715515,0.16096381843090057,0.02197551168501377
7439,-2.4674816131591797,-2.4735734462738037,0.002727858256548643,0.003364114323630929,0.021970557048916817
7440,-2.53498911857605,-2.5429553985595703,0.003741576336324215,0.004224888514727354,0.021965544670820236
7441,-2.4986586570739746,-2.5241801738739014,0.012646441347897053,0.012874986976385117,0.021960558369755745
7442,-2.6410720348358154,-2.6502485275268555,0.005544180516153574,0.0036324134562164545,0.02195562794804573
7443,-2.5142438411712646,-2.527225971221924,0.005215486045926809,0.00776672875508666,0.02195066586136818
7444,-2.6466197967529297,-2.653642416000366,0.003175492165610194,0.0038471422158181667,0.021945610642433167
7445,-2.6412785053253174,-2.64931583404541,0.005701419431716204,0.002336004748940468,0.021940499544143677
7446,-2.601876735687256,-2.617985725402832,0.008603854104876518,0.007505221292376518,0.021935367956757545
7447,-2.5386788845062256,-2.554295539855957,0.007742634974420071,0.007874124683439732,0.021930206567049026
7448,-2.7004141807556152,-2.7096705436706543,0.004130519460886717,0.005125648342072964,0.0219250675290823
7449,-2.5547261238098145,-2.5588483810424805,0.0024008476175367832,0.0017213181126862764,0.02191995643079281
7450,-2.6314148902893066,-2.8142189979553223,0.09039394557476044,0.09241003543138504,0.02191488817334175
7451,-2.626293420791626,-2.634819269180298,0.0041725211776793,0.0043531758710742,0.021909762173891068
7452,-2.683837890625,-2.6910955905914307,0.0035860086791217327,0.0036717059556394815,0.021904530003666878
7453,-2.5925240516662598,-2.6110856533050537,0.009801039472222328,0.008760570548474789,0.021899301558732986
7454,-2.448071002960205,-2.456641912460327,0.004632317926734686,0.0039387778379023075,0.021893935278058052
7455,-2.210894823074341,-2.5159220695495605,0.1536276936531067,0.1513996571302414,0.021888617426156998
7456,-2.566516637802124,-2.5733792781829834,0.0034025097265839577,0.0034602300729602575,0.021883293986320496
7457,-2.5957014560699463,-2.6161117553710938,0.009595870971679688,0.01081453450024128,0.02187800034880638
7458,-2.388033628463745,-2.4009151458740234,0.005743839778006077,0.007137779612094164,0.021872732788324356
7459,-2.6173081398010254,-2.6310908794403076,0.005905745085328817,0.007877210155129433,0.02186739258468151
7460,-2.5525710582733154,-2.561378002166748,0.004532867576926947,0.004274156875908375,0.021862097084522247
7461,-2.6090641021728516,-2.6316306591033936,0.011592992581427097,0.010973509401082993,0.021856853738427162
7462,-2.67380428314209,-2.6910181045532227,0.008325336501002312,0.008888526819646358,0.021851716563105583
7463,-2.664177179336548,-2.6705987453460693,0.003244544379413128,0.0031769070774316788,0.021846512332558632
7464,-2.613236665725708,-2.61922025680542,0.0027597283478826284,0.0032239460851997137,0.021841345354914665
7465,-2.562323808670044,-2.630622386932373,0.03452901169657707,0.03376958891749382,0.021836217492818832
7466,-2.689279794692993,-2.701488971710205,0.005624745972454548,0.006584474816918373,0.021831072866916656
7467,-2.55013370513916,-2.5643417835235596,0.006036240141838789,0.008171853609383106,0.021826010197401047
7468,-2.507000684738159,-2.5142831802368164,0.003302277997136116,0.003980076871812344,0.021820878610014915
7469,-2.5009512901306152,-2.5704946517944336,0.03581162169575691,0.03373158723115921,0.021815771237015724
7470,-2.5933678150177,-2.6025748252868652,0.0040739672258496284,0.0051332637667655945,0.021810654550790787
7471,-2.7414467334747314,-2.750272750854492,0.004184815566986799,0.004641279578208923,0.021805616095662117
7472,-2.5307748317718506,-2.5439462661743164,0.006377652287483215,0.006793702952563763,0.021800478920340538
7473,-2.578827381134033,-2.585622787475586,0.0035130635369569063,0.003282382618635893,0.02179543301463127
7474,-2.5622496604919434,-2.5775578022003174,0.007816193625330925,0.007492075674235821,0.021790362894535065
7475,-2.370234966278076,-2.3836677074432373,0.004550414625555277,0.008882211521267891,0.02178524062037468
7476,-2.6732072830200195,-2.682594060897827,0.00481397146359086,0.004572811536490917,0.021780114620923996
7477,-2.4657533168792725,-2.4821133613586426,0.00784049928188324,0.008519725874066353,0.021775083616375923
7478,-2.5661299228668213,-2.576535940170288,0.005320561118423939,0.005085459910333157,0.021769996732473373
7479,-2.580568313598633,-2.5991575717926025,0.00800654198974371,0.010582630522549152,0.021764930337667465
7480,-2.6618547439575195,-2.6709213256835938,0.00397855881601572,0.005088034085929394,0.021759917959570885
7481,-2.592646837234497,-2.60036039352417,0.0037340945564210415,0.003979461267590523,0.021754959598183632
7482,-2.487165689468384,-2.498460292816162,0.005545233376324177,0.00574935507029295,0.021749980747699738
7483,-2.7020299434661865,-2.7091023921966553,0.00378058897331357,0.0032917268108576536,0.021744998171925545
7484,-2.5730979442596436,-2.583655834197998,0.005379693116992712,0.005178287159651518,0.0217400211840868
7485,-2.704972982406616,-2.7131235599517822,0.0037979071494191885,0.004352627322077751,0.021735087037086487
7486,-2.3299098014831543,-2.3394742012023926,0.004891049582511187,0.004673187155276537,0.021730097010731697
7487,-2.4767260551452637,-2.494227886199951,0.008924474939703941,0.008577262982726097,0.02172519825398922
7488,-2.3789453506469727,-2.667919635772705,0.14277103543281555,0.14620335400104523,0.021720219403505325
7489,-2.5289807319641113,-2.5413432121276855,0.005878295749425888,0.006484188139438629,0.02171521820127964
7490,-2.443067789077759,-2.452350378036499,0.005098834168165922,0.004183875396847725,0.0217101089656353
7491,-2.4506187438964844,-2.5256154537200928,0.037474893033504486,0.037521954625844955,0.02170504257082939
7492,-2.5972869396209717,-2.6111724376678467,0.0078080096282064915,0.006077603902667761,0.021700100973248482
7493,-2.587857246398926,-2.5989553928375244,0.00539459940046072,0.005703548900783062,0.021695300936698914
7494,-2.625249147415161,-2.6489713191986084,0.011652701534330845,0.012069427408277988,0.02169053629040718
7495,-2.6283154487609863,-2.632974863052368,0.002730633830651641,0.0019287402974441648,0.021685779094696045
7496,-2.675154209136963,-2.6833322048187256,0.004632425028830767,0.0035454537719488144,0.021681049838662148
7497,-2.775871515274048,-2.808042049407959,0.017007360234856606,0.015163212083280087,0.021676350384950638
7498,-2.5270938873291016,-2.5723342895507812,0.022956369444727898,0.02228410355746746,0.02167174220085144
7499,-2.611011266708374,-2.626122236251831,0.007312269415706396,0.007798653095960617,0.02166716381907463
7500,-2.6823666095733643,-2.694133758544922,0.0054239737801253796,0.0063431598246097565,0.021662695333361626
7501,-2.529090642929077,-2.541724443435669,0.0064924173057079315,0.006141369231045246,0.021658161655068398
7502,-2.5259082317352295,-2.5400285720825195,0.007228691130876541,0.0068916454911231995,0.02165370061993599
7503,-2.5516111850738525,-2.5612900257110596,0.004865613300353289,0.004813292063772678,0.021649174392223358
7504,-2.629899263381958,-2.633859395980835,0.0021217651665210724,0.00183834636118263,0.021644631400704384
7505,-2.5510857105255127,-2.568025827407837,0.009849460795521736,0.007090569939464331,0.021640188992023468
7506,-2.514629602432251,-2.7171828746795654,0.10334572196006775,0.09920772165060043,0.021635746583342552
7507,-2.656756639480591,-2.6667304039001465,0.004406379535794258,0.005567220505326986,0.021631302312016487
7508,-2.3855655193328857,-2.4021191596984863,0.008165799081325531,0.008387702517211437,0.021626882255077362
7509,-2.6293187141418457,-2.6457698345184326,0.008718010038137436,0.007733184844255447,0.021622493863105774
7510,-2.5545873641967773,-2.5635175704956055,0.004216501954942942,0.004713878966867924,0.021618036553263664
7511,-2.476759672164917,-2.491398811340332,0.006798143498599529,0.007841157726943493,0.021613582968711853
7512,-2.5342977046966553,-2.5936262607574463,0.029599227011203766,0.029729299247264862,0.02160905860364437
7513,-2.4545493125915527,-2.465879440307617,0.006157987751066685,0.005172133445739746,0.021604524925351143
7514,-2.300015687942505,-2.521148681640625,0.10940039902925491,0.11173249781131744,0.021600034087896347
7515,-2.674699544906616,-2.685045003890991,0.004476318135857582,0.0058692628517746925,0.021595574915409088
7516,-2.538360357284546,-2.5590593814849854,0.00897289626300335,0.011726098135113716,0.02159116417169571
7517,-2.6626274585723877,-2.6802988052368164,0.007482270710170269,0.010188989341259003,0.021586813032627106
7518,-2.5654690265655518,-2.579153537750244,0.00645321374759078,0.007231132593005896,0.021582430228590965
7519,-2.5360777378082275,-2.5508432388305664,0.007060624193400145,0.0077049401588737965,0.021578025072813034
7520,-2.3458428382873535,-2.553866386413574,0.10556433349847794,0.10245926678180695,0.02157358080148697
7521,-2.487241744995117,-2.50075364112854,0.0070647625252604485,0.0064471932128071785,0.021569136530160904
7522,-2.5650649070739746,-2.5986289978027344,0.016568060964345932,0.016996242105960846,0.021564746275544167
7523,-2.6652889251708984,-2.6868104934692383,0.009528172202408314,0.011993327178061008,0.02156040258705616
7524,-2.5739989280700684,-2.583439588546753,0.004964547697454691,0.004476005677133799,0.021555976942181587
7525,-2.5796282291412354,-2.5970633029937744,0.009272969327867031,0.008162060752511024,0.021551556885242462
7526,-2.612314224243164,-2.6174139976501465,0.002432349370792508,0.002667524851858616,0.02154708281159401
7527,-2.5559215545654297,-2.568600654602051,0.006537623703479767,0.0061414833180606365,0.0215425044298172
7528,-2.69645357131958,-2.705491542816162,0.004262379836291075,0.004775542300194502,0.021538104861974716
7529,-2.5572147369384766,-2.573441982269287,0.008071943186223507,0.008155236952006817,0.021533723920583725
7530,-2.721592426300049,-2.7327213287353516,0.0041706981137394905,0.006958186160773039,0.02152915485203266
7531,-2.5805776119232178,-2.588783025741577,0.004393110983073711,0.00381225673481822,0.021524587646126747
7532,-2.5411336421966553,-2.5601682662963867,0.009289463981986046,0.009745040908455849,0.021520067006349564
7533,-2.5019593238830566,-2.5171566009521484,0.008687097579240799,0.0065101622603833675,0.021515583619475365
7534,-2.5810959339141846,-2.5923373699188232,0.004774279426783323,0.006467216648161411,0.021511023864150047
7535,-2.4504234790802,-2.4657034873962402,0.008372262120246887,0.006907722447067499,0.02150643803179264
7536,-2.485905170440674,-2.506136655807495,0.008074453100562096,0.012156975455582142,0.021501870825886726
7537,-2.610945463180542,-2.6222240924835205,0.004813584499061108,0.0064649865962564945,0.021497312933206558
7538,-2.4685771465301514,-2.4758832454681396,0.0032862918451428413,0.004019806161522865,0.02149275317788124
7539,-2.5626823902130127,-2.573526620864868,0.003933388274163008,0.006910837721079588,0.0214882530272007
7540,-2.597008228302002,-2.601844072341919,0.0027977568097412586,0.0020381121430546045,0.0214837659150362
7541,-2.615511178970337,-2.6195812225341797,0.002109535038471222,0.0019606053829193115,0.021479152143001556
7542,-2.4981529712677,-2.5103566646575928,0.005715256556868553,0.006488416343927383,0.021474527195096016
7543,-2.737367630004883,-2.7483503818511963,0.005196484737098217,0.005786063615232706,0.021469946950674057
7544,-2.4757702350616455,-2.5452380180358887,0.0350474938750267,0.034420195966959,0.021465349942445755
7545,-2.317729949951172,-2.61196231842041,0.1455906629562378,0.14864151179790497,0.02146073430776596
7546,-2.492321729660034,-2.501152515411377,0.00448346883058548,0.004347214009612799,0.02145610935986042
7547,-2.577423095703125,-2.58453369140625,0.004145358689129353,0.00296521233394742,0.02145150676369667
7548,-2.701014280319214,-2.7212672233581543,0.00991442333906889,0.010338498279452324,0.021446948871016502
7549,-2.5172407627105713,-2.537050724029541,0.009623514488339424,0.010186431929469109,0.021442491561174393
7550,-2.4784297943115234,-2.485292434692383,0.0033645937219262123,0.003498135833069682,0.021437911316752434
7551,-2.1594161987304688,-2.5627644062042236,0.19174687564373016,0.21160122752189636,0.021433306857943535
7552,-2.528170585632324,-2.540562629699707,0.007155255414545536,0.005236834287643433,0.021428702399134636
7553,-2.6171927452087402,-2.6405696868896484,0.010928216390311718,0.012448703870177269,0.02142409048974514
7554,-2.652951955795288,-2.722769021987915,0.03689476102590561,0.032922204583883286,0.021419517695903778
7555,-2.6265041828155518,-2.639599084854126,0.007432038430124521,0.005662981886416674,0.02141493372619152
7556,-2.750790596008301,-2.7583351135253906,0.0036462952848523855,0.0038981970865279436,0.021410364657640457
7557,-2.71207332611084,-2.7216298580169678,0.004698251839727163,0.0048583028838038445,0.02140580117702484
7558,-2.5234131813049316,-2.5514895915985107,0.014515829272568226,0.013560540974140167,0.021401161327958107
7559,-2.535504102706909,-2.562694549560547,0.015667151659727097,0.011523296125233173,0.021396411582827568
7560,-2.4522321224212646,-2.527716875076294,0.03850767761468887,0.03697703406214714,0.021391740068793297
7561,-2.484923839569092,-2.491560935974121,0.0036820487584918737,0.002954855328425765,0.021387115120887756
7562,-2.497763156890869,-2.5024399757385254,0.0020527876913547516,0.0026241065934300423,0.02138242870569229
7563,-2.6595635414123535,-2.666266441345215,0.003842792473733425,0.0028601663652807474,0.021377714350819588
7564,-2.656170129776001,-2.6727805137634277,0.007982868701219559,0.008627403527498245,0.021372994408011436
7565,-2.6580188274383545,-2.6669249534606934,0.005076115485280752,0.0038299241568893194,0.021368399262428284
7566,-2.7164413928985596,-2.72810435295105,0.006265552714467049,0.005397340282797813,0.021363718435168266
7567,-2.5168168544769287,-2.5347487926483154,0.007318157237023115,0.010613702237606049,0.02135905809700489
7568,-2.2038044929504395,-2.2119674682617188,0.003024394391104579,0.005138675216585398,0.02135436236858368
7569,-2.5661845207214355,-2.5956804752349854,0.015229206532239914,0.014266669750213623,0.021349720656871796
7570,-2.2928054332733154,-2.58129620552063,0.14531251788139343,0.14317819476127625,0.021345073357224464
7571,-2.526869297027588,-2.5397531986236572,0.006793306674808264,0.006090575363487005,0.021340472623705864
7572,-2.4877190589904785,-2.509007215499878,0.01138816587626934,0.009900001809000969,0.021335890516638756
7573,-2.141352653503418,-2.5934109687805176,0.23113666474819183,0.2209218442440033,0.021331312134861946
7574,-2.560269594192505,-2.6259689331054688,0.03443474695086479,0.031264565885066986,0.02132679708302021
7575,-2.672271251678467,-2.6768572330474854,0.0026155710220336914,0.0019701721612364054,0.021322229877114296
7576,-2.645852565765381,-2.658817768096924,0.005993486847728491,0.0069716619327664375,0.021317727863788605
7577,-2.4864959716796875,-2.496140241622925,0.005654349457472563,0.003989829681813717,0.021313143894076347
7578,-2.2409465312957764,-2.613654851913452,0.20679347217082977,0.16591468453407288,0.021308621391654015
7579,-2.5573792457580566,-2.572694778442383,0.0077733127400279045,0.007542052306234837,0.02130408026278019
7580,-2.5770015716552734,-2.5915133953094482,0.007186201401054859,0.0073255388997495174,0.02129964530467987
7581,-2.516510486602783,-2.5471293926239014,0.016307471320033073,0.014311529695987701,0.021295299753546715
7582,-2.518153429031372,-2.536487102508545,0.009810172952711582,0.008523378521203995,0.021290969103574753
7583,-2.495577096939087,-2.5059573650360107,0.005115705542266369,0.005264615640044212,0.02128661423921585
7584,-2.6527962684631348,-2.696800708770752,0.022654417902231216,0.021349942311644554,0.021282276138663292
7585,-2.486464262008667,-2.4965929985046387,0.0055840956047177315,0.0045447563752532005,0.02127789705991745
7586,-2.5551161766052246,-2.5711522102355957,0.007333116140216589,0.008702929131686687,0.021273499354720116
7587,-2.634957790374756,-2.6428933143615723,0.004041360225528479,0.00389413395896554,0.02126907743513584
7588,-2.76420521736145,-2.774038314819336,0.005495387129485607,0.004337867721915245,0.02126470021903515
7589,-2.694209337234497,-2.7220332622528076,0.014450760558247566,0.013373088091611862,0.02126038633286953
7590,-2.577353000640869,-2.594971179962158,0.009662419557571411,0.007955861277878284,0.021256057545542717
7591,-2.3236474990844727,-2.5481481552124023,0.10309566557407379,0.12140481173992157,0.021251730620861053
7592,-2.4236459732055664,-2.4883525371551514,0.03181032836437225,0.0328962504863739,0.021247435361146927
7593,-2.497020959854126,-2.503037691116333,0.0029641762375831604,0.0030525722540915012,0.021243108436465263
7594,-2.194843292236328,-2.471879005432129,0.1352197527885437,0.14181599020957947,0.02123885042965412
7595,-2.5836281776428223,-2.5977861881256104,0.008363447152078152,0.005794410593807697,0.021234557032585144
7596,-2.54471492767334,-2.55395770072937,0.004148413427174091,0.005094295833259821,0.021230299025774002
7597,-2.6013615131378174,-2.6072943210601807,0.002368375426158309,0.003564343089237809,0.021226108074188232
7598,-2.6644840240478516,-2.6798720359802246,0.007849457673728466,0.007538637146353722,0.0212218277156353
7599,-2.6464133262634277,-2.661120891571045,0.006772082298994064,0.00793540757149458,0.021217577159404755
7600,-2.5948050022125244,-2.6087708473205566,0.0071308608166873455,0.006834941916167736,0.021213283762335777
7601,-2.7004153728485107,-2.7090227603912354,0.004429670982062817,0.004177768249064684,0.02120903506875038
7602,-2.6327438354492188,-2.642213821411133,0.004923736676573753,0.00454607093706727,0.021204762160778046
7603,-2.5343337059020996,-2.548961639404297,0.009860294871032238,0.004767673090100288,0.021200532093644142
7604,-2.4401135444641113,-2.4484126567840576,0.004173504188656807,0.004125479143112898,0.02119632624089718
7605,-2.615124464035034,-2.6291494369506836,0.006941066589206457,0.007083835080265999,0.021192101761698723
7606,-2.541890859603882,-2.5607657432556152,0.008950013667345047,0.009924797341227531,0.0211879201233387
7607,-2.505511999130249,-2.521955966949463,0.009080518037080765,0.0073635210283100605,0.021183650940656662
7608,-2.3617591857910156,-2.55855131149292,0.09776341170072556,0.09902873635292053,0.021179459989070892
7609,-2.6239142417907715,-2.7017672061920166,0.041910409927368164,0.035942643880844116,0.021175263449549675
7610,-2.801666259765625,-2.814117431640625,0.0063242437317967415,0.006126801948994398,0.021171094849705696
7611,-2.707275867462158,-2.7340879440307617,0.012951659969985485,0.013860451988875866,0.021167021244764328
7612,-2.6118364334106445,-2.6183886528015137,0.003496638499200344,0.0030554975382983685,0.02116294391453266
7613,-2.6278929710388184,-2.702789306640625,0.03776417672634125,0.03713235259056091,0.021158836781978607
7614,-2.6556460857391357,-2.663681983947754,0.0037376799155026674,0.004298319108784199,0.021154755726456642
7615,-2.6105737686157227,-2.6771161556243896,0.03337034955620766,0.03317207098007202,0.021150697022676468
7616,-2.555995225906372,-2.567244529724121,0.00592840975150466,0.005320862401276827,0.02114669233560562
7617,-2.710428476333618,-2.7213966846466064,0.004248861223459244,0.006719242315739393,0.02114265039563179
7618,-2.6983776092529297,-2.7153983116149902,0.008550593629479408,0.008469954133033752,0.0211385115981102
7619,-2.7263035774230957,-2.7349767684936523,0.004402024205774069,0.0042711710557341576,0.021134454756975174
7620,-2.727663993835449,-2.7436282634735107,0.007287684828042984,0.008676597848534584,0.02113042026758194
7621,-2.550320625305176,-2.5625219345092773,0.005465472582727671,0.006735837087035179,0.021126434206962585
7622,-2.4668805599212646,-2.5202574729919434,0.028410010039806366,0.02496698684990406,0.02112237550318241
7623,-2.772951364517212,-2.780245542526245,0.0030621092300862074,0.004232062958180904,0.021118175238370895
7624,-2.602595567703247,-2.616316080093384,0.00719006173312664,0.006530450657010078,0.021114002913236618
7625,-2.5171456336975098,-2.530721426010132,0.007849090732634068,0.005726830568164587,0.021109813824295998
7626,-2.4584906101226807,-2.470775604248047,0.006176330614835024,0.006108672358095646,0.021105540916323662
7627,-2.566298723220825,-2.574120283126831,0.004092060495167971,0.0037296356167644262,0.021101390942931175
7628,-2.72804856300354,-2.7490999698638916,0.011606727726757526,0.00944473221898079,0.021097341552376747
7629,-2.716674327850342,-2.725322961807251,0.00434134341776371,0.004307328257709742,0.021093418821692467
7630,-2.5412840843200684,-2.551229476928711,0.004488363396376371,0.005456925835460424,0.021089551970362663
7631,-2.7370944023132324,-2.7764158248901367,0.02107146754860878,0.01824999786913395,0.021085700020194054
7632,-2.5475857257843018,-2.553887128829956,0.002854013815522194,0.0034473231062293053,0.02108178474009037
7633,-2.6739041805267334,-2.69010066986084,0.008437165059149265,0.007759261876344681,0.021077757701277733
7634,-2.5665056705474854,-2.5728957653045654,0.0028840862214565277,0.003505988046526909,0.021073773503303528
7635,-2.583289384841919,-2.588076114654541,0.0025355182588100433,0.0022511936258524656,0.021069800481200218
7636,-2.533287286758423,-2.549863815307617,0.01007954403758049,0.006496877875179052,0.021065901964902878
7637,-2.6661341190338135,-2.6862680912017822,0.00907079316675663,0.011062991805374622,0.021062079817056656
7638,-2.565073013305664,-2.579594612121582,0.007783104665577412,0.0067383525893092155,0.021058153361082077
7639,-2.594454765319824,-2.6638243198394775,0.03626216948032379,0.03310734033584595,0.021054232493042946
7640,-2.574249029159546,-2.579359292984009,0.0028480123728513718,0.0022623403929173946,0.02105039916932583
7641,-2.5183959007263184,-2.5245678424835205,0.0024945081677287817,0.003677291562780738,0.021046584472060204
7642,-2.5936672687530518,-2.612581253051758,0.01019526831805706,0.008718792349100113,0.021042615175247192
7643,-2.4357006549835205,-2.6954495906829834,0.12601421773433685,0.1337348073720932,0.021038632839918137
7644,-2.7463505268096924,-2.759648084640503,0.0062070684507489204,0.007090557366609573,0.02103470452129841
7645,-2.604614734649658,-2.612833261489868,0.003228785004466772,0.004989679902791977,0.021030794829130173
7646,-2.635352611541748,-2.6598968505859375,0.01175680197775364,0.012787234038114548,0.021026993170380592
7647,-2.6402125358581543,-2.6488475799560547,0.004312650766223669,0.004322307649999857,0.021023258566856384
7648,-2.5404107570648193,-2.5507240295410156,0.004362344276160002,0.005950960796326399,0.02101946994662285
7649,-2.5634818077087402,-2.5852420330047607,0.011031891219317913,0.010728394612669945,0.021015746518969536
7650,-2.14682936668396,-2.5663750171661377,0.20275232195854187,0.2167932242155075,0.021012013778090477
7651,-2.6198928356170654,-2.632485866546631,0.005143044516444206,0.007450126577168703,0.021008271723985672
7652,-2.621425151824951,-2.654292345046997,0.01646108739078045,0.016406066715717316,0.02100450173020363
7653,-2.649803638458252,-2.6597135066986084,0.005143582820892334,0.004766170401126146,0.021000830456614494
7654,-2.6620700359344482,-2.6927781105041504,0.015016679652035236,0.015691211447119713,0.020997146144509315
7655,-2.5357401371002197,-2.5485317707061768,0.0058414819650352,0.006950126029551029,0.02099345624446869
7656,-2.223545789718628,-2.453723430633545,0.12264619022607803,0.10753163695335388,0.020989883691072464
7657,-2.5627729892730713,-2.5680699348449707,0.00231552729383111,0.002981519093737006,0.020986130461096764
7658,-2.580366611480713,-2.5871100425720215,0.003456643782556057,0.003286841558292508,0.02098245732486248
7659,-2.4869089126586914,-2.4936795234680176,0.00274256500415504,0.004028188996016979,0.020978771150112152
7660,-2.7394378185272217,-2.7515153884887695,0.006375540047883987,0.005701990332454443,0.020975099876523018
7661,-2.501511812210083,-2.5105714797973633,0.004175828769803047,0.0048838406801223755,0.020971370860934258
7662,-2.6160688400268555,-2.7289862632751465,0.055620938539505005,0.05729648470878601,0.020967595279216766
7663,-2.7008676528930664,-2.712766170501709,0.00582913076505065,0.006069454364478588,0.020963815972208977
7664,-2.667872190475464,-2.6824662685394287,0.00724442582577467,0.007349797990173101,0.020959993824362755
7665,-2.7038521766662598,-2.713221549987793,0.0041321092285215855,0.005237332545220852,0.02095617540180683
7666,-2.608095407485962,-2.6254537105560303,0.009678879752755165,0.0076795220375061035,0.020952284336090088
7667,-2.574432134628296,-2.5835702419281006,0.0040388284251093864,0.0050992597825825214,0.02094833366572857
7668,-2.684236764907837,-2.6885175704956055,0.0017493312479928136,0.002531610429286957,0.020944412797689438
7669,-2.578941822052002,-2.592968702316284,0.007223563268780708,0.006803324446082115,0.020940342918038368
7670,-2.5625855922698975,-2.6281261444091797,0.03165000304579735,0.03389054164290428,0.020936254411935806
7671,-2.424935817718506,-2.5998950004577637,0.08848363906145096,0.08647556602954865,0.020932096987962723
7672,-2.2948977947235107,-2.721898078918457,0.2146361619234085,0.21236415207386017,0.020927926525473595
7673,-2.662388563156128,-2.6683897972106934,0.0025190289597958326,0.0034820842556655407,0.0209237951785326
7674,-2.527535915374756,-2.5353009700775146,0.0040690237656235695,0.0036960027646273375,0.02091975510120392
7675,-2.6097466945648193,-2.6250624656677246,0.006405437830835581,0.008910473436117172,0.02091582491993904
7676,-2.485555410385132,-2.6870341300964355,0.09934433549642563,0.10213438421487808,0.02091187983751297
7677,-2.7142159938812256,-2.7183029651641846,0.0021728959400206804,0.0019141024677082896,0.020907986909151077
7678,-2.5572030544281006,-2.5617916584014893,0.002519223839044571,0.002069592010229826,0.02090410329401493
7679,-2.036391019821167,-2.5296521186828613,0.25136393308639526,0.2418970912694931,0.020900286734104156
7680,-2.5369935035705566,-2.5702905654907227,0.016559649258852005,0.016737570986151695,0.02089649997651577
7681,-2.4195902347564697,-2.4338319301605225,0.007381057366728783,0.0068608419969677925,0.020892664790153503
7682,-2.508406162261963,-2.5239298343658447,0.00875160563737154,0.006772017106413841,0.020888853818178177
7683,-2.3660714626312256,-2.680636167526245,0.14993280172348022,0.16463181376457214,0.020885098725557327
7684,-2.6760334968566895,-2.692368984222412,0.007994401268661022,0.008340965956449509,0.02088136039674282
7685,-2.6735897064208984,-2.6798667907714844,0.00306392228230834,0.0032131941989064217,0.020877521485090256
7686,-2.6810691356658936,-2.696492910385132,0.006911859381943941,0.008512133732438087,0.02087360993027687
7687,-2.5352373123168945,-2.5668959617614746,0.015890339389443398,0.015768345445394516,0.020869852975010872
7688,-2.6029269695281982,-2.714240789413452,0.05774247273802757,0.05357147380709648,0.020866060629487038
7689,-2.632446050643921,-2.663762092590332,0.016577577218413353,0.014738628640770912,0.020862290635704994
7690,-2.6904101371765137,-2.6995108127593994,0.0051759593188762665,0.003924701828509569,0.020858455449342728
7691,-2.359309196472168,-2.370725154876709,0.005954309366643429,0.005461742635816336,0.020854642614722252
7692,-2.541494846343994,-2.5580716133117676,0.007727074436843395,0.008849549107253551,0.02085093781352043
7693,-2.4132025241851807,-2.6137282848358154,0.09875711798667908,0.10176864266395569,0.020847279578447342
7694,-2.4769585132598877,-2.483154296875,0.0029462650418281555,0.0032492983154952526,0.02084367722272873
7695,-2.5140089988708496,-2.5197930335998535,0.003324338002130389,0.002459714887663722,0.02084011398255825
7696,-2.7194395065307617,-2.789407968521118,0.03413449227809906,0.03583398088812828,0.02083665132522583
7697,-2.5790672302246094,-2.6013948917388916,0.010351987555623055,0.011975863948464394,0.020833075046539307
7698,-2.744239330291748,-2.7631349563598633,0.010523483157157898,0.00837202649563551,0.020829513669013977
7699,-2.7986063957214355,-2.8175320625305176,0.010239473544061184,0.008686288259923458,0.020826037973165512
7700,-2.750904083251953,-2.760192394256592,0.004530517850071192,0.004757996648550034,0.020822621881961823
7701,-2.5938451290130615,-2.597966194152832,0.0022557766642421484,0.0018654590239748359,0.02081919088959694
7702,-2.701242685317993,-2.7301735877990723,0.015370158478617668,0.013560762628912926,0.020815785974264145
7703,-2.6429293155670166,-2.6702170372009277,0.015358719043433666,0.011929004453122616,0.02081233263015747
7704,-2.557018995285034,-2.5663115978240967,0.004770265426486731,0.004522405564785004,0.020808909088373184
7705,-2.6704678535461426,-2.6822237968444824,0.006044634617865086,0.005711243022233248,0.020805491134524345
7706,-2.590454578399658,-2.623202323913574,0.017219288274645805,0.01552833616733551,0.020801983773708344
7707,-2.3731446266174316,-2.553494453430176,0.08874959498643875,0.09160017967224121,0.020798334851861
7708,-2.558702230453491,-2.5743203163146973,0.007426227442920208,0.00819187331944704,0.02079472504556179
7709,-2.5152499675750732,-2.536768913269043,0.010131456889212132,0.011387549340724945,0.020791085436940193
7710,-2.6218016147613525,-2.633589267730713,0.005653331987559795,0.00613436009734869,0.020787399262189865
7711,-2.5933327674865723,-2.606391668319702,0.006807456258684397,0.006251342128962278,0.020783681422472
7712,-2.6715455055236816,-2.693118095397949,0.010314637795090675,0.011257924139499664,0.02077992632985115
7713,-2.632793664932251,-2.6459341049194336,0.006653189659118652,0.006487166043370962,0.02077600732445717
7714,-2.7429587841033936,-2.7513396739959717,0.005170612595975399,0.003210199298337102,0.02077215351164341
7715,-2.719093084335327,-2.723903179168701,0.0024233036674559116,0.0023868640419095755,0.02076834626495838
7716,-2.563981294631958,-2.578221559524536,0.007988153025507927,0.006251998711377382,0.02076447382569313
7717,-2.5301740169525146,-2.5643484592437744,0.016720900312066078,0.017453458160161972,0.02076064795255661
7718,-2.6221768856048584,-2.627110004425049,0.003065302735194564,0.001867842162027955,0.02075686678290367
7719,-2.5264406204223633,-2.6078734397888184,0.03849568963050842,0.04293711110949516,0.020753204822540283
7720,-2.666517972946167,-2.6762824058532715,0.005639843177050352,0.004124592058360577,0.02074948325753212
7721,-2.6907684803009033,-2.7000603675842285,0.005300528835505247,0.003991271369159222,0.02074585296213627
7722,-2.5348410606384277,-2.5408108234405518,0.00286016333848238,0.0031096376478672028,0.020742183551192284
7723,-2.6603164672851562,-2.671419382095337,0.00688228290528059,0.00422075716778636,0.02073848433792591
7724,-2.3680033683776855,-2.3790979385375977,0.006297292187809944,0.0047971392050385475,0.020734786987304688
7725,-2.5804452896118164,-2.5933446884155273,0.007106193341314793,0.005793067626655102,0.020731039345264435
7726,-2.726544141769409,-2.7376420497894287,0.005173140671104193,0.0059245917946100235,0.020727165043354034
7727,-2.610429048538208,-2.6236495971679688,0.007565469015389681,0.005655121058225632,0.020723246037960052
7728,-2.719533681869507,-2.736194610595703,0.009082857519388199,0.007578060496598482,0.020719274878501892
7729,-2.723405122756958,-2.7389252185821533,0.008780082687735558,0.006740137003362179,0.020715367048978806
7730,-2.639549970626831,-2.6436452865600586,0.0025275563821196556,0.0015678807394579053,0.020711490884423256
7731,-2.5974395275115967,-2.616182804107666,0.009126415476202965,0.009616835974156857,0.020707521587610245
7732,-2.4310154914855957,-2.444262742996216,0.007347013335675001,0.005900099873542786,0.020703498274087906
7733,-2.7346813678741455,-2.742232084274292,0.003959157969802618,0.0035915966145694256,0.020699555054306984
7734,-2.7332210540771484,-2.745900869369507,0.005394042935222387,0.007285894360393286,0.02069554291665554
7735,-2.5295016765594482,-2.551380157470703,0.010762554593384266,0.01111596543341875,0.020691491663455963
7736,-2.6760733127593994,-2.691023588180542,0.006412521470338106,0.00853768177330494,0.020687391981482506
7737,-2.681304931640625,-2.6939444541931152,0.006631305906921625,0.00600807461887598,0.02068341337144375
7738,-2.766622543334961,-2.7722747325897217,0.001973438309505582,0.0036786794662475586,0.020679378882050514
7739,-2.6900951862335205,-2.6993086338043213,0.005135111045092344,0.004078397992998362,0.02067534625530243
7740,-2.378702163696289,-2.3966257572174072,0.009872939437627792,0.008050655946135521,0.020671388134360313
7741,-2.610933780670166,-2.6300415992736816,0.00989000964909792,0.009217748418450356,0.020667491480708122
7742,-2.450237989425659,-2.470675230026245,0.011512194760143757,0.008924942463636398,0.0206635482609272
7743,-2.6970462799072266,-2.722116231918335,0.014395945705473423,0.010674080811440945,0.020659686997532845
7744,-2.6304996013641357,-2.641101121902466,0.005000617355108261,0.005600904114544392,0.020655915141105652
7745,-2.600064516067505,-2.6084117889404297,0.003959348425269127,0.004387950990349054,0.02065223641693592
7746,-2.6367311477661133,-2.6461730003356934,0.004226258955895901,0.005215543322265148,0.020648518577218056
7747,-2.6096880435943604,-2.6305949687957764,0.009928031824529171,0.010978976264595985,0.020644763484597206
7748,-2.6519620418548584,-2.6606264114379883,0.00426258472725749,0.004401677753776312,0.02064094878733158
7749,-2.727905035018921,-2.7437281608581543,0.007971656508743763,0.00785141997039318,0.02063729800283909
7750,-2.583653450012207,-2.5913665294647217,0.003710174234583974,0.004002850037068129,0.02063354291021824
7751,-2.4080278873443604,-2.4200689792633057,0.005981140770018101,0.006059794221073389,0.020629864186048508
7752,-2.6674928665161133,-2.6832478046417236,0.007530631497502327,0.00822416041046381,0.020626161247491837
7753,-2.6874778270721436,-2.6929614543914795,0.003064081771299243,0.0024195839650928974,0.02062254585325718
7754,-2.5048439502716064,-2.5194404125213623,0.006794170010834932,0.0078022656962275505,0.020618854090571404
7755,-2.5842180252075195,-2.603606700897217,0.009087743237614632,0.010300966911017895,0.020615050569176674
7756,-2.4543051719665527,-2.4660167694091797,0.005355349741876125,0.006356298923492432,0.020611364394426346
7757,-2.6758437156677246,-2.692861557006836,0.007936925627291203,0.009081000462174416,0.020607678219676018
7758,-2.783676862716675,-2.807988166809082,0.012806660495698452,0.011504695750772953,0.020603960379958153
7759,-2.560316562652588,-2.585515022277832,0.012566221877932549,0.01263212040066719,0.020600294694304466
7760,-2.643204927444458,-2.6473565101623535,0.0023523885756731033,0.0017991274362429976,0.02059655264019966
7761,-2.615382671356201,-2.630465269088745,0.007938074879348278,0.007144531235098839,0.020592771470546722
7762,-2.552361011505127,-2.5792765617370605,0.01379586011171341,0.013119610957801342,0.02058899775147438
7763,-2.550522804260254,-2.563626289367676,0.006352000869810581,0.006751625798642635,0.020585203543305397
7764,-2.7106733322143555,-2.7286603450775146,0.00918922945857048,0.008797991089522839,0.020581282675266266
7765,-2.648242235183716,-2.6571478843688965,0.004821506794542074,0.004084226209670305,0.020577307790517807
7766,-2.594513177871704,-2.61503005027771,0.009354003705084324,0.011162826791405678,0.02057337760925293
7767,-2.5788168907165527,-2.5872087478637695,0.0038788728415966034,0.004513080697506666,0.02056942507624626
7768,-2.6202709674835205,-2.678248167037964,0.029614487662911415,0.028362810611724854,0.020565517246723175
7769,-2.638349771499634,-2.6599161624908447,0.009742445312440395,0.011823812499642372,0.020561594516038895
7770,-2.5306339263916016,-2.5519509315490723,0.010968280956149101,0.01034868136048317,0.020557688549160957
7771,-2.7534077167510986,-2.785632610321045,0.01594582013785839,0.016279036179184914,0.020553797483444214
7772,-2.5931549072265625,-2.6109230518341064,0.009602591395378113,0.008165666833519936,0.020549915730953217
7773,-2.534073829650879,-2.551206588745117,0.009077153168618679,0.008055639453232288,0.020545991137623787
7774,-2.7076971530914307,-2.716120481491089,0.004707607440650463,0.0037156804464757442,0.020542098209261894
7775,-2.613271713256836,-2.6212353706359863,0.003633885644376278,0.004329705610871315,0.020538287237286568
7776,-2.682262659072876,-2.7015528678894043,0.009030578657984734,0.010259638540446758,0.02053452841937542
7777,-2.5096662044525146,-2.5394396781921387,0.01616000384092331,0.01361350528895855,0.02053086645901203
7778,-2.5348169803619385,-2.5408785343170166,0.0029979676473885775,0.0030637721065431833,0.020527279004454613
7779,-2.0904593467712402,-2.458225727081299,0.20744957029819489,0.1603168100118637,0.020523784682154655
7780,-2.468069553375244,-2.4733941555023193,0.0024837208911776543,0.0028408817015588284,0.02052028477191925
7781,-2.6162221431732178,-2.632380962371826,0.008408898487687111,0.007749950513243675,0.020516758784651756
7782,-2.6061458587646484,-2.6139895915985107,0.003649180755019188,0.004194415174424648,0.02051311917603016
7783,-2.670046091079712,-2.6871094703674316,0.008039983920753002,0.009023400023579597,0.020509373396635056
7784,-2.541703224182129,-2.5667924880981445,0.011728210374712944,0.013361039571464062,0.020505672320723534
7785,-2.5462136268615723,-2.5593323707580566,0.006692050024867058,0.006426708307117224,0.020501991733908653
7786,-2.6892006397247314,-2.6956732273101807,0.0032614993397146463,0.003211039351299405,0.020498277619481087
7787,-2.6892898082733154,-2.7027575969696045,0.007008067332208157,0.006459600292146206,0.020494461059570312
7788,-2.6830356121063232,-2.713803291320801,0.014797373674809933,0.015970198437571526,0.02049059048295021
7789,-2.8127758502960205,-2.8232738971710205,0.005237051751464605,0.0052610416896641254,0.020486829802393913
7790,-2.550860643386841,-2.561316967010498,0.00545124476775527,0.005005007144063711,0.020483093336224556
7791,-2.2581441402435303,-2.505859375,0.12344936281442642,0.12426593899726868,0.0204793531447649
7792,-2.5357882976531982,-2.5477797985076904,0.005391036160290241,0.006600429769605398,0.02047550491988659
7793,-2.661304235458374,-2.675046920776367,0.006148886401206255,0.007593904156237841,0.020471688359975815
7794,-2.3768839836120605,-2.399445056915283,0.01134566217660904,0.011215339414775372,0.020467905327677727
7795,-2.5004703998565674,-2.539266586303711,0.01889263093471527,0.01990354247391224,0.0204640943557024
7796,-2.631941795349121,-2.6592469215393066,0.013825563713908195,0.013479428365826607,0.020460225641727448
7797,-2.22527813911438,-2.658297061920166,0.2161596268415451,0.216859370470047,0.020456479862332344
7798,-2.486354112625122,-2.5048227310180664,0.009594175033271313,0.008874385617673397,0.020452603697776794
7799,-2.6358566284179688,-2.7167892456054688,0.038385335355997086,0.04254723712801933,0.020448727533221245
7800,-2.674694061279297,-2.6925158500671387,0.007358183618634939,0.010463624261319637,0.020444845780730247
7801,-2.7726383209228516,-2.795239210128784,0.011035837233066559,0.011564891785383224,0.02044096775352955
7802,-2.5329577922821045,-2.5620617866516113,0.014615117572247982,0.014488895423710346,0.020436985418200493
7803,-2.6393046379089355,-2.6512792110443115,0.005346582271158695,0.006628001574426889,0.020432990044355392
7804,-2.681161642074585,-2.691197395324707,0.005183424334973097,0.004852223675698042,0.020428981631994247
7805,-2.3902759552001953,-2.4716086387634277,0.04090356454253197,0.04042908921837807,0.020425021648406982
7806,-2.730027437210083,-2.7391932010650635,0.004923342261463404,0.004242449067533016,0.020421145483851433
7807,-2.6107218265533447,-2.6258599758148193,0.007399615831673145,0.00773850129917264,0.02041732519865036
7808,-2.5582003593444824,-2.5668742656707764,0.004052869509905577,0.004620978608727455,0.020413503050804138
7809,-2.6097700595855713,-2.62619686126709,0.00814895611256361,0.008277982473373413,0.020409688353538513
7810,-2.693115234375,-2.7059476375579834,0.006522249896079302,0.006310176104307175,0.020405907183885574
7811,-2.6227288246154785,-2.628819227218628,0.003162204986438155,0.0029282327741384506,0.020402172580361366
7812,-2.544163465499878,-2.5562925338745117,0.005324542988091707,0.006804501172155142,0.020398490130901337
7813,-2.70044207572937,-2.7203803062438965,0.010915855877101421,0.009022368118166924,0.02039477415382862
7814,-2.769073963165283,-2.7823147773742676,0.006738318130373955,0.006502449978142977,0.020391171798110008
7815,-2.8025577068328857,-2.816744804382324,0.00675942562520504,0.0074277641251683235,0.02038762718439102
7816,-2.6098291873931885,-2.619539499282837,0.004937043879181147,0.004773263353854418,0.020384211093187332
7817,-2.6487607955932617,-2.677255153656006,0.014009412378072739,0.014484774321317673,0.02038087323307991
7818,-2.6500089168548584,-2.662431001663208,0.007232293486595154,0.005190012976527214,0.020377496257424355
7819,-2.593096971511841,-2.6030256748199463,0.0060881879180669785,0.0038403370417654514,0.0203741155564785
7820,-2.697223424911499,-2.715928077697754,0.008604608476161957,0.01010015420615673,0.020370783284306526
7821,-2.606541395187378,-2.6293325424194336,0.010260394774377346,0.01253068633377552,0.02036738395690918
7822,-2.627319097518921,-2.6386032104492188,0.006314990576356649,0.0049692257307469845,0.020363882184028625
7823,-2.595182418823242,-2.6079251766204834,0.007069468963891268,0.005673228297382593,0.020360421389341354
7824,-2.517552375793457,-2.5350489616394043,0.009781530126929283,0.007714973762631416,0.020356975495815277
7825,-2.598703384399414,-2.6174819469451904,0.010573378764092922,0.008205290883779526,0.02035348489880562
7826,-2.605534076690674,-2.6117260456085205,0.0026664615143090487,0.0035255709663033485,0.020350083708763123
7827,-2.806577205657959,-2.817533016204834,0.004316451959311962,0.006639319006353617,0.020346667617559433
7828,-2.5587501525878906,-2.622265338897705,0.03270622342824936,0.030808964744210243,0.020343204960227013
7829,-2.629774332046509,-2.645236015319824,0.007922347635030746,0.007539298851042986,0.02033975161612034
7830,-2.574880361557007,-2.581820249557495,0.0031659589149057865,0.0037739151157438755,0.020336367189884186
7831,-2.5616743564605713,-2.578601837158203,0.008830348961055279,0.00809718482196331,0.02033299393951893
7832,-2.7071828842163086,-2.710423469543457,0.0014958532992750406,0.0017446860438212752,0.020329739898443222
7833,-2.523202657699585,-2.531881093978882,0.004214920103549957,0.004463451914489269,0.020326362922787666
7834,-2.6387550830841064,-2.647855758666992,0.004444490186870098,0.00465606153011322,0.02032311074435711
7835,-2.5125467777252197,-2.579850196838379,0.034024327993392944,0.0332791693508625,0.02031976357102394
7836,-2.575864315032959,-2.5897727012634277,0.00723589863628149,0.006672363728284836,0.0203163530677557
7837,-2.689997673034668,-2.7069427967071533,0.008553129620850086,0.008392197079956532,0.02031283639371395
7838,-2.631977081298828,-2.6374878883361816,0.003215739270672202,0.0022951180581003428,0.020309383049607277
7839,-2.628018856048584,-2.7017550468444824,0.039903707802295685,0.033832646906375885,0.0203060582280159
7840,-2.728543996810913,-2.7337324619293213,0.002924947766587138,0.00226349919103086,0.020302804186940193
7841,-2.5989489555358887,-2.6212306022644043,0.01073194108903408,0.011549749411642551,0.020299552008509636
7842,-2.589367628097534,-2.607638359069824,0.009551284834742546,0.008719434961676598,0.02029631845653057
7843,-2.376922130584717,-2.439155340194702,0.029922129586338997,0.03231089189648628,0.02029305323958397
7844,-2.6810710430145264,-2.7111783027648926,0.01406833715736866,0.0160389207303524,0.020289797335863113
7845,-2.6085293292999268,-2.6151742935180664,0.0032872548326849937,0.0033575473353266716,0.020286493003368378
7846,-2.6726512908935547,-2.684293508529663,0.006100381258875132,0.005541682709008455,0.02028328739106655
7847,-2.859572410583496,-2.869899272918701,0.004781059920787811,0.005545761436223984,0.02028004266321659
7848,-2.254329204559326,-2.577427387237549,0.16480380296707153,0.15829449892044067,0.020276600494980812
7849,-2.730623483657837,-2.7538936138153076,0.010229616425931454,0.013040469959378242,0.020273149013519287
7850,-2.5435779094696045,-2.5509657859802246,0.003536808770149946,0.0038511743769049644,0.020269688218832016
7851,-2.554009437561035,-2.5775275230407715,0.011686201207339764,0.011832054704427719,0.02026607282459736
7852,-2.613389492034912,-2.634821891784668,0.008888762444257736,0.012543760240077972,0.020262498408555984
7853,-2.662705421447754,-2.670851707458496,0.004517320543527603,0.0036290546413511038,0.02025902457535267
7854,-2.6150166988372803,-2.6249465942382812,0.005971415899693966,0.00395847437903285,0.020255446434020996
7855,-2.5333104133605957,-2.5426394939422607,0.0048278081230819225,0.004501460585743189,0.020251968875527382
7856,-2.561267137527466,-2.5702569484710693,0.004445347003638744,0.004544398747384548,0.020248493179678917
7857,-2.6678409576416016,-2.674004077911377,0.0031249718740582466,0.003038114635273814,0.020245075225830078
7858,-2.694126605987549,-2.7150959968566895,0.011339401826262474,0.009629923850297928,0.020241649821400642
7859,-2.5833241939544678,-2.6028501987457275,0.009950819425284863,0.00957502517849207,0.020238183438777924
7860,-2.7682199478149414,-2.7772629261016846,0.004015875048935413,0.005027086474001408,0.020234763622283936
7861,-2.604046583175659,-2.61150860786438,0.00391020392999053,0.0035516906064003706,0.020231304690241814
7862,-2.387925386428833,-2.780684232711792,0.20002451539039612,0.1927342265844345,0.020227938890457153
7863,-2.4945852756500244,-2.5132272243499756,0.009187182411551476,0.00945480726659298,0.02022448554635048
7864,-2.801926612854004,-2.810295343399048,0.004001362714916468,0.0043672919273376465,0.02022106759250164
7865,-2.7917287349700928,-2.802671432495117,0.005048416554927826,0.005894089117646217,0.020217591896653175
7866,-2.6849024295806885,-2.7009167671203613,0.007576058153063059,0.008438360877335072,0.020214125514030457
7867,-2.6833198070526123,-2.7301981449127197,0.02355973981320858,0.02331853285431862,0.020210646092891693
7868,-2.5222604274749756,-2.534738540649414,0.0071827201172709465,0.005295208189636469,0.02020709589123726
7869,-2.695241689682007,-2.7410478591918945,0.022913679480552673,0.022892536595463753,0.02020360715687275
7870,-2.8759615421295166,-2.8921408653259277,0.008238034322857857,0.007941296324133873,0.020200174301862717
7871,-2.633190393447876,-2.644240617752075,0.0047614299692213535,0.006288663949817419,0.020196745172142982
7872,-2.4970266819000244,-2.502382755279541,0.002844494767487049,0.002511415397748351,0.02019326761364937
7873,-2.6152641773223877,-2.632474184036255,0.008484641090035439,0.008725311607122421,0.020189691334962845
7874,-2.5753188133239746,-2.612860918045044,0.019209638237953186,0.018332412466406822,0.020186008885502815
7875,-2.737452507019043,-2.7492027282714844,0.006021006498485804,0.005729310680180788,0.020182495936751366
7876,-2.6667158603668213,-2.695594072341919,0.015186559408903122,0.013691609725356102,0.020179085433483124
7877,-2.6897521018981934,-2.6985206604003906,0.004462814889848232,0.004305773880332708,0.020175741985440254
7878,-2.799290895462036,-2.806612968444824,0.003928900696337223,0.0033932265359908342,0.020172350108623505
7879,-2.789548635482788,-2.7990097999572754,0.005010552704334259,0.004450568463653326,0.020169014111161232
7880,-2.4482858180999756,-2.4632763862609863,0.007220098748803139,0.00777063611894846,0.020165782421827316
7881,-2.382999897003174,-2.4128544330596924,0.014568593353033066,0.015286076813936234,0.02016262337565422
7882,-2.3102803230285645,-2.528862476348877,0.11033471673727036,0.10824741423130035,0.020159436389803886
7883,-2.5758655071258545,-2.7038981914520264,0.06635353714227676,0.06167919933795929,0.0201563760638237
7884,-2.449730157852173,-2.4599955081939697,0.005435130093246698,0.004830190446227789,0.0201532281935215
7885,-2.775855541229248,-2.7882516384124756,0.006460356526076794,0.00593574158847332,0.020150113850831985
7886,-2.73858642578125,-2.7443103790283203,0.0033881044946610928,0.0023357197642326355,0.02014709822833538
7887,-2.5995032787323,-2.6181159019470215,0.008584773167967796,0.010027769953012466,0.020144114270806313
7888,-2.616637706756592,-2.6525354385375977,0.017266787588596344,0.01863090693950653,0.02014118619263172
7889,-2.6384899616241455,-2.6489601135253906,0.005380911752581596,0.005089180544018745,0.02013828046619892
7890,-2.6325037479400635,-2.681102991104126,0.021518036723136902,0.02708122506737709,0.020135371014475822
7891,-2.640717029571533,-2.6461408138275146,0.003260731929913163,0.002162875374779105,0.020132476463913918
7892,-2.3901984691619873,-2.3958921432495117,0.002730726497247815,0.002963154809549451,0.020129486918449402
7893,-2.5219457149505615,-2.5292842388153076,0.002739706076681614,0.004598889499902725,0.020126482471823692
7894,-2.157705783843994,-2.636596202850342,0.24101918935775757,0.23787114024162292,0.020123489201068878
7895,-2.55596923828125,-2.5677943229675293,0.006145779974758625,0.005679366644471884,0.020120427012443542
7896,-2.4969308376312256,-2.5368266105651855,0.02153177745640278,0.018364060670137405,0.020117400214076042
7897,-2.6228060722351074,-2.6397244930267334,0.009488498792052269,0.007429824210703373,0.020114488899707794
7898,-2.5119340419769287,-2.523465156555176,0.006162830628454685,0.0053683179430663586,0.02011142112314701
7899,-2.4078938961029053,-2.718311309814453,0.15649822354316711,0.15391919016838074,0.020108375698328018
7900,-2.494861602783203,-2.5370116233825684,0.020203448832035065,0.021946556866168976,0.02010534703731537
7901,-2.5339062213897705,-2.542088508605957,0.0034968892578035593,0.00468550156801939,0.02010243758559227
7902,-2.535698175430298,-2.548539161682129,0.005538269877433777,0.007302755955606699,0.020099451765418053
7903,-2.4264819622039795,-2.5035414695739746,0.03765438124537468,0.03940509632229805,0.020096618682146072
7904,-2.7976183891296387,-2.8127424716949463,0.008621462620794773,0.006502647418528795,0.020093796774744987
7905,-2.650122880935669,-2.672417163848877,0.010372298769652843,0.011921951547265053,0.02009093202650547
7906,-2.735778570175171,-2.753748655319214,0.008602963760495186,0.009367172606289387,0.020088069140911102
7907,-2.618723154067993,-2.6351356506347656,0.00840434804558754,0.008008125238120556,0.020085042342543602
7908,-2.5244171619415283,-2.573723793029785,0.02407519891858101,0.02523130364716053,0.020081957802176476
7909,-2.6540567874908447,-2.677978277206421,0.0118624372407794,0.012058882974088192,0.020078808069229126
7910,-2.5450632572174072,-2.5670878887176514,0.011375008150935173,0.01064971648156643,0.02007565274834633
7911,-2.443443775177002,-2.462280035018921,0.009111657738685608,0.009724529460072517,0.02007238008081913
7912,-2.614619731903076,-2.641573905944824,0.014823392033576965,0.012130657210946083,0.020068973302841187
7913,-2.5784103870391846,-2.6030185222625732,0.012036441825330257,0.01257175300270319,0.020065585151314735
7914,-2.6234519481658936,-2.6366188526153564,0.007057860493659973,0.006109073292464018,0.02006220817565918
7915,-2.637605905532837,-2.656912088394165,0.007976585999131203,0.01132961641997099,0.02005874551832676
7916,-2.693535566329956,-2.704730749130249,0.004954386502504349,0.006240944378077984,0.02005534991621971
7917,-2.228868246078491,-2.5201303958892822,0.14671102166175842,0.14455103874206543,0.02005181647837162
7918,-2.466407299041748,-2.5810017585754395,0.057361505925655365,0.05723295733332634,0.020048242062330246
7919,-2.614994525909424,-2.65666127204895,0.021197034046053886,0.020469652488827705,0.020044738426804543
7920,-2.6220974922180176,-2.655553102493286,0.014648395590484142,0.018807239830493927,0.020041286945343018
7921,-2.790825605392456,-2.802243232727051,0.006887925323098898,0.004529824946075678,0.020037733018398285
7922,-2.472327709197998,-2.4777660369873047,0.0027680066414177418,0.0026701868046075106,0.020034179091453552
7923,-2.409209728240967,-2.4247519969940186,0.007481589913368225,0.00806064996868372,0.020030496641993523
7924,-2.7102859020233154,-2.7162392139434814,0.003349701641127467,0.002603455912321806,0.020026758313179016
7925,-2.491931915283203,-2.5129048824310303,0.010107282549142838,0.010865672491490841,0.020022956654429436
7926,-2.460367441177368,-2.6035525798797607,0.06686493754386902,0.0763201117515564,0.020019158720970154
7927,-2.570253372192383,-2.578237295150757,0.003828243352472782,0.004155673086643219,0.020015353336930275
7928,-2.5222995281219482,-2.5623881816864014,0.02060694992542267,0.01948171854019165,0.02001156099140644
7929,-2.6150193214416504,-2.634331226348877,0.009288414381444454,0.01002348493784666,0.020007606595754623
7930,-2.669262170791626,-2.688081741333008,0.009947225451469421,0.008872219361364841,0.020003747195005417
7931,-2.663877010345459,-2.6827552318573,0.011021275073289871,0.007856742478907108,0.019999803975224495
7932,-2.6863834857940674,-2.730731964111328,0.022494256496429443,0.021854156628251076,0.019995788112282753
7933,-2.715775966644287,-2.7229137420654297,0.00359489512629807,0.0035428921692073345,0.019991779699921608
7934,-2.5634868144989014,-2.5757949352264404,0.00804846454411745,0.004259699489921331,0.019987810403108597
7935,-2.5118701457977295,-2.5178656578063965,0.0033755237236618996,0.002620027167722583,0.019983865320682526
7936,-2.599224805831909,-2.6153266429901123,0.007649253122508526,0.008452736772596836,0.0199799295514822
7937,-2.5654098987579346,-2.5948362350463867,0.013424421660602093,0.016001828014850616,0.01997602917253971
7938,-2.7415432929992676,-2.768483877182007,0.012861455790698528,0.014079103246331215,0.019972193986177444
7939,-2.738187551498413,-2.757580518722534,0.009834891185164452,0.009557957760989666,0.01996832899749279
7940,-2.7314555644989014,-2.7408499717712402,0.004467920865863562,0.0049265301786363125,0.01996452547609806
7941,-2.795114040374756,-2.820542335510254,0.013362903147935867,0.01206545066088438,0.019960666075348854
7942,-2.6018359661102295,-2.630040407180786,0.014079505577683449,0.014124885201454163,0.01995684951543808
7943,-2.7145745754241943,-2.7426187992095947,0.015539645217359066,0.012504642829298973,0.01995292864739895
7944,-2.749174118041992,-2.809978485107422,0.03182201087474823,0.02898247353732586,0.019948884844779968
7945,-2.646437644958496,-2.668977737426758,0.011720143258571625,0.010819975286722183,0.01994486153125763
7946,-2.608380079269409,-2.6183104515075684,0.005466688424348831,0.004463652614504099,0.019940877333283424
7947,-2.6507911682128906,-2.664296865463257,0.0064467620104551315,0.007058898918330669,0.019936956465244293
7948,-2.4845147132873535,-2.604977607727051,0.06049792096018791,0.059964850544929504,0.019932953640818596
7949,-2.624162197113037,-2.6508374214172363,0.013210135512053967,0.013465208932757378,0.01992906630039215
7950,-2.715836763381958,-2.7359237670898438,0.011753682047128677,0.008333307690918446,0.01992524228990078
7951,-2.6064014434814453,-2.6395137310028076,0.016822481527924538,0.016289638355374336,0.01992139033973217
7952,-2.665104389190674,-2.672638416290283,0.004050163086503744,0.0034837888088077307,0.019917532801628113
7953,-2.6276650428771973,-2.6571290493011475,0.016096048057079315,0.013367843814194202,0.01991381123661995
7954,-2.793613910675049,-2.819584608078003,0.012771549634635448,0.013199000619351864,0.019910108298063278
7955,-2.630308151245117,-2.666949510574341,0.019704056903719902,0.016937274485826492,0.019906481727957726
7956,-2.7417569160461426,-2.75789737701416,0.008635916747152805,0.007504526060074568,0.019902879372239113
7957,-2.663999557495117,-2.673644542694092,0.005170248448848724,0.004474549554288387,0.019899221137166023
7958,-2.6548268795013428,-2.6740894317626953,0.009821384213864803,0.00944103766232729,0.01989554986357689
7959,-2.6234118938446045,-2.634578227996826,0.0063569932244718075,0.004809286445379257,0.019891826435923576
7960,-2.690793752670288,-2.698864221572876,0.004035457037389278,0.004034881945699453,0.01988823711872101
7961,-2.736051559448242,-2.7814157009124756,0.02340884320437908,0.021955201402306557,0.019884586334228516
7962,-2.471223831176758,-2.485499382019043,0.006655504927039146,0.007620040327310562,0.019880935549736023
7963,-2.388439416885376,-2.41219425201416,0.011986179277300835,0.01176848728209734,0.01987721584737301
7964,-2.5829966068267822,-2.6090774536132812,0.013574894517660141,0.012505973689258099,0.019873542711138725
7965,-2.65090274810791,-2.6707820892333984,0.011032873764634132,0.008846568875014782,0.019869960844516754
7966,-2.6296634674072266,-2.6375255584716797,0.003946748096495867,0.003915274050086737,0.01986631378531456
7967,-2.7354652881622314,-2.7516050338745117,0.008404833264648914,0.00773492269217968,0.019862722605466843
7968,-2.7167446613311768,-2.7401061058044434,0.01077937614172697,0.01258210651576519,0.019859347492456436
7969,-2.522050619125366,-2.540919065475464,0.009453590959310532,0.009414846077561378,0.019855976104736328
7970,-2.6716747283935547,-2.687422275543213,0.0076801772229373455,0.008067423477768898,0.01985275186598301
7971,-2.687917470932007,-2.6928675174713135,0.002438716124743223,0.002511229133233428,0.019849538803100586
7972,-2.7139718532562256,-2.722959041595459,0.003969028126448393,0.005018308293074369,0.01984633132815361
7973,-2.735295057296753,-2.7499396800994873,0.008225507102906704,0.006419143173843622,0.019843151792883873
7974,-2.5284409523010254,-2.5351791381835938,0.0027472195215523243,0.003990937490016222,0.019839977845549583
7975,-2.5915629863739014,-2.602876663208008,0.005990995559841394,0.005322800949215889,0.019836869090795517
7976,-2.6672701835632324,-2.6755573749542236,0.004705475177615881,0.003581699915230274,0.019833752885460854
7977,-2.4590635299682617,-2.541783332824707,0.04141855612397194,0.04130119830369949,0.019830528646707535
7978,-2.7328941822052,-2.752803325653076,0.01091883983463049,0.008990378119051456,0.01982726715505123
7979,-2.636375904083252,-2.64855694770813,0.005833761766552925,0.006347169168293476,0.019824005663394928
7980,-2.560056447982788,-2.581666946411133,0.010279101319611073,0.011331334710121155,0.019820716232061386
7981,-2.8155386447906494,-2.8432083129882812,0.01490227971225977,0.012767386622726917,0.019817549735307693
7982,-2.6458327770233154,-2.655090808868408,0.004691693931818008,0.00456640450283885,0.01981445960700512
7983,-2.6064329147338867,-2.6141490936279297,0.0038771103136241436,0.003838905831798911,0.019811276346445084
7984,-2.6107382774353027,-2.61714506149292,0.0032281421590596437,0.0031785229220986366,0.019808219745755196
7985,-2.5068936347961426,-2.5231974124908447,0.006445879116654396,0.00985798891633749,0.01980510726571083
7986,-2.610656499862671,-2.6246132850646973,0.006507424637675285,0.007449379190802574,0.01980196312069893
7987,-2.678016185760498,-2.6881093978881836,0.004814839456230402,0.005278252996504307,0.019798867404460907
7988,-2.908698797225952,-2.922234535217285,0.006935124285519123,0.0066005270928144455,0.01979576051235199
7989,-2.7400166988372803,-2.752673625946045,0.005599625874310732,0.007057167124003172,0.01979273185133934
7990,-2.624948501586914,-2.638173818588257,0.006634199991822243,0.006591068115085363,0.019789768382906914
7991,-2.7822177410125732,-2.802882671356201,0.009943305514752865,0.010721762664616108,0.019786804914474487
7992,-2.60073184967041,-2.6105926036834717,0.005881601013243198,0.00397917814552784,0.019783923402428627
7993,-2.6864817142486572,-2.708401918411255,0.009935441426932812,0.01198483444750309,0.019780900329351425
7994,-2.593644142150879,-2.608612298965454,0.0064862389117479324,0.008482033386826515,0.019777828827500343
7995,-2.616575241088867,-2.6389288902282715,0.011186245828866959,0.01116723008453846,0.019774915650486946
7996,-2.7074215412139893,-2.736365795135498,0.013316650874912739,0.015627674758434296,0.019771959632635117
7997,-2.561155080795288,-2.5723321437835693,0.005039451643824577,0.006137680262327194,0.019769197329878807
7998,-2.607095956802368,-2.627028703689575,0.010284622199833393,0.00964816939085722,0.019766394048929214
7999,-2.5196127891540527,-2.5354197025299072,0.0074434708803892136,0.008363545872271061,0.01976337656378746
8000,-2.6544361114501953,-2.665217638015747,0.004961668513715267,0.005819787736982107,0.019760310649871826
8001,-2.614685297012329,-2.628474473953247,0.005482436623424292,0.008306662552058697,0.019757220521569252
8002,-2.6281535625457764,-2.6514861583709717,0.011020309291779995,0.012312205508351326,0.01975414901971817
8003,-2.618849515914917,-2.632852077484131,0.006982001941651106,0.007020529359579086,0.01975102722644806
8004,-2.7834339141845703,-2.793586015701294,0.004564365372061729,0.005587820895016193,0.0197478998452425
8005,-2.502124547958374,-2.609388589859009,0.06135670095682144,0.04590720683336258,0.01974477805197239
8006,-2.725780725479126,-2.7341065406799316,0.00422966293990612,0.0040962351486086845,0.019741756841540337
8007,-2.61098313331604,-2.637413263320923,0.01261339895427227,0.01381682325154543,0.019738707691431046
8008,-2.6710972785949707,-2.6831796169281006,0.006261034868657589,0.005821310915052891,0.019735652953386307
8009,-2.7132763862609863,-2.733848810195923,0.01121804304420948,0.00935426540672779,0.019732655957341194
8010,-2.6336653232574463,-2.662153720855713,0.012966948561370373,0.015521466732025146,0.01972968690097332
8011,-2.6508822441101074,-2.665025234222412,0.007064066827297211,0.00707887252792716,0.019726676866412163
8012,-2.6083579063415527,-2.6280341148376465,0.008785536512732506,0.010890679433941841,0.019723625853657722
8013,-2.6305599212646484,-2.6392316818237305,0.004422052763402462,0.004249788820743561,0.019720615819096565
8014,-2.5307838916778564,-2.540691614151001,0.005251169670373201,0.004656492732465267,0.019717587158083916
8015,-2.1141417026519775,-2.6601226329803467,0.27914389967918396,0.26683709025382996,0.01971462182700634
8016,-2.626875638961792,-2.6387147903442383,0.005991602316498756,0.005847410298883915,0.019711749628186226
8017,-2.677133798599243,-2.696166753768921,0.008872425183653831,0.010160553269088268,0.019708892330527306
8018,-2.55414080619812,-2.5691351890563965,0.007062287535518408,0.007932204753160477,0.019706139340996742
8019,-2.425143241882324,-2.4368410110473633,0.005656810477375984,0.006040963809937239,0.019703324884176254
8020,-2.654825448989868,-2.6696383953094482,0.0069423578679561615,0.007870607078075409,0.019700614735484123
8021,-2.7048449516296387,-2.7239551544189453,0.009428690187633038,0.009681494906544685,0.01969786360859871
8022,-2.733704090118408,-2.8045265674591064,0.035901810973882675,0.034920789301395416,0.01969512552022934
8023,-2.653641939163208,-2.6625585556030273,0.0044606514275074005,0.0044561573304235935,0.019692448899149895
8024,-2.673931360244751,-2.687704086303711,0.007886141538619995,0.005886635277420282,0.01968994550406933
8025,-2.566584587097168,-2.6095058917999268,0.021218324080109596,0.021703004837036133,0.019687511026859283
8026,-2.5624213218688965,-2.630871295928955,0.03153889626264572,0.03691105172038078,0.019684985280036926
8027,-2.71877384185791,-2.7426254749298096,0.010482361540198326,0.01336941123008728,0.019682511687278748
8028,-2.7102019786834717,-2.7255568504333496,0.008043964393436909,0.007310830056667328,0.019680052995681763
8029,-2.7196850776672363,-2.727182149887085,0.0036626190412789583,0.003834580769762397,0.019677551463246346
8030,-2.6726248264312744,-2.678471803665161,0.0028417834546417,0.003005165373906493,0.0196748785674572
8031,-2.7116479873657227,-2.7245161533355713,0.007126981392502785,0.005741209723055363,0.019672302529215813
8032,-2.688243865966797,-2.6957170963287354,0.0029344907961785793,0.004538779612630606,0.01966966688632965
8033,-2.561164379119873,-2.591402292251587,0.015432307496666908,0.014805668033659458,0.019666975364089012
8034,-2.6275932788848877,-2.6366374492645264,0.0042635477147996426,0.004780508577823639,0.01966438814997673
8035,-2.7871742248535156,-2.8006415367126465,0.005825628060847521,0.007641692645847797,0.019661828875541687
8036,-2.6886730194091797,-2.712610960006714,0.012466127052903175,0.011471823789179325,0.019659381359815598
8037,-2.7977402210235596,-2.826120615005493,0.01570708677172661,0.012673412449657917,0.019656825810670853
8038,-2.7389769554138184,-2.7729666233062744,0.016610119491815567,0.0173795185983181,0.019654342904686928
8039,-2.35794997215271,-2.750288963317871,0.19468186795711517,0.1976570039987564,0.019651765003800392
8040,-2.5770437717437744,-2.6250929832458496,0.023885419592261314,0.024163823574781418,0.019649263471364975
8041,-2.616680860519409,-2.651557445526123,0.017773041501641273,0.01710336282849312,0.01964671164751053
8042,-2.4323437213897705,-2.4613916873931885,0.015337743796408176,0.013710281811654568,0.019644148647785187
8043,-2.8071744441986084,-2.831251382827759,0.012296737171709538,0.011780370026826859,0.01964166760444641
8044,-2.7159411907196045,-2.740549087524414,0.011386767029762268,0.013221068307757378,0.019639218226075172
8045,-2.634572744369507,-2.6556828022003174,0.010920636355876923,0.010189435444772243,0.019636787474155426
8046,-2.5194787979125977,-2.8120501041412354,0.14647123217582703,0.1460999697446823,0.01963433064520359
8047,-2.7825729846954346,-2.7915055751800537,0.005261589772999287,0.0036708712577819824,0.01963190548121929
8048,-2.820223093032837,-2.8414511680603027,0.012365877628326416,0.008862231858074665,0.01962950825691223
8049,-2.8218400478363037,-2.8522889614105225,0.014403904788196087,0.01604508049786091,0.01962699554860592
8050,-2.7266995906829834,-2.7672390937805176,0.020459620282053947,0.020079806447029114,0.01962454803287983
8051,-2.6884236335754395,-2.7212088108062744,0.01371636800467968,0.019068721681833267,0.01962212473154068
8052,-2.5361664295196533,-2.6100218296051025,0.0351557619869709,0.0386996865272522,0.01961963251233101
8053,-2.6571149826049805,-2.6653501987457275,0.003665666561573744,0.00456944340839982,0.019617078825831413
8054,-2.6581790447235107,-2.7098772525787354,0.025445623323321342,0.026252465322613716,0.019614525139331818
8055,-2.606537342071533,-2.6335175037384033,0.012404468841850758,0.014575710520148277,0.019611980766057968
8056,-2.5500171184539795,-2.5691986083984375,0.008307847194373608,0.010873515158891678,0.019609395414590836
8057,-2.6940391063690186,-2.7411510944366455,0.025231752544641495,0.021880047395825386,0.01960689388215542
8058,-2.6696619987487793,-2.7277426719665527,0.029262620955705643,0.028818123042583466,0.019604384899139404
8059,-2.606973886489868,-2.6243813037872314,0.00938489567488432,0.008022463880479336,0.019601812586188316
8060,-2.701707363128662,-2.720733642578125,0.00961841270327568,0.00940765906125307,0.019599145278334618
8061,-2.7279434204101562,-2.75054931640625,0.011729088611900806,0.010876902379095554,0.019596481695771217
8062,-2.5840206146240234,-2.6197125911712646,0.017390772700309753,0.018301213160157204,0.01959393173456192
8063,-2.5330305099487305,-2.555788278579712,0.011252900585532188,0.01150499563664198,0.019591206684708595
8064,-2.6186976432800293,-2.6254186630249023,0.0036591675598174334,0.0030617264565080404,0.01958850398659706
8065,-2.7343392372131348,-2.761148452758789,0.011174032464623451,0.01563532091677189,0.01958581805229187
8066,-2.528195858001709,-2.538849353790283,0.006270081736147404,0.004383316729217768,0.019583137705922127
8067,-2.6668760776519775,-2.683246374130249,0.008027717471122742,0.008342457935214043,0.019580546766519547
8068,-2.7357046604156494,-2.7493338584899902,0.005738528911024332,0.007890810258686543,0.019577905535697937
8069,-2.7722461223602295,-2.799903392791748,0.012926707044243813,0.014730386435985565,0.019575197249650955
8070,-2.450044631958008,-2.4557230472564697,0.003222666447982192,0.0024557756260037422,0.0195725467056036
8071,-2.6704745292663574,-2.677211284637451,0.003847316140308976,0.0028894897550344467,0.019569892436265945
8072,-2.478184700012207,-2.5276334285736084,0.02505071461200714,0.02439809776842594,0.019567148759961128
8073,-2.846278667449951,-2.8720569610595703,0.013488523662090302,0.012289786711335182,0.019564470276236534
8074,-2.7648115158081055,-2.831122875213623,0.03442222625017166,0.03188909962773323,0.019561728462576866
8075,-2.6213324069976807,-2.646101236343384,0.012592057697474957,0.012176805175840855,0.019558800384402275
8076,-2.762514352798462,-2.7999682426452637,0.01709488034248352,0.020358923822641373,0.019555993378162384
8077,-2.7478506565093994,-2.7577896118164062,0.004861833993345499,0.005077185109257698,0.01955312490463257
8078,-2.786356210708618,-2.808250904083252,0.011481447145342827,0.01041316520422697,0.01955019310116768
8079,-2.702442169189453,-2.723524570465088,0.00996793620288372,0.011114264838397503,0.01954725757241249
8080,-2.5309083461761475,-2.5582194328308105,0.012303926050662994,0.01500715222209692,0.01954430341720581
8081,-2.534316301345825,-2.5456604957580566,0.00470940675586462,0.006634606514126062,0.01954137161374092
8082,-2.6475205421447754,-2.6598923206329346,0.00449726078659296,0.007874449715018272,0.019538525491952896
8083,-2.6411349773406982,-2.6468465328216553,0.0025441222824156284,0.003167293965816498,0.01953565515577793
8084,-2.6400349140167236,-2.6558873653411865,0.006488226819783449,0.009364118799567223,0.019532712176442146
8085,-2.6218225955963135,-2.6415598392486572,0.009033914655447006,0.010703358799219131,0.01952975057065487
8086,-2.7328124046325684,-2.754671096801758,0.012339800596237183,0.009518950246274471,0.0195267703384161
8087,-2.7193050384521484,-2.7299466133117676,0.00594040984287858,0.004701200406998396,0.019523749127984047
8088,-2.7050018310546875,-2.786018133163452,0.04053356871008873,0.04048267751932144,0.01952068693935871
8089,-2.640109062194824,-2.6502418518066406,0.004760378506034613,0.005372567102313042,0.019517522305250168
8090,-2.6529128551483154,-2.730762004852295,0.037938401103019714,0.03991088271141052,0.01951431669294834
8091,-2.6063880920410156,-2.6281938552856445,0.009844345971941948,0.01196142379194498,0.019511209800839424
8092,-2.7117927074432373,-2.731110095977783,0.009481397457420826,0.009836062788963318,0.01950809732079506
8093,-2.7381718158721924,-2.770429849624634,0.018347790464758873,0.013910366222262383,0.01950516737997532
8094,-2.454271078109741,-2.4815025329589844,0.012806786224246025,0.014424461871385574,0.019502265378832817
8095,-2.7069456577301025,-2.7270538806915283,0.010096635669469833,0.010011597536504269,0.019499577581882477
8096,-2.510133981704712,-2.5183444023132324,0.004393404815346003,0.003816984361037612,0.019496947526931763
8097,-2.796085834503174,-2.8023288249969482,0.002798552392050624,0.0034443680197000504,0.019494367763400078
8098,-2.650202751159668,-2.656212329864502,0.0025616809725761414,0.0034479787573218346,0.01949184387922287
8099,-2.7017476558685303,-2.723679304122925,0.012296914122998714,0.009634696878492832,0.019489409402012825
8100,-2.513859272003174,-2.5371499061584473,0.011747265234589577,0.011543228290975094,0.01948694698512554
8101,-2.6889901161193848,-2.7597970962524414,0.03551923483610153,0.03528786823153496,0.019484568387269974
8102,-2.736234664916992,-2.7442290782928467,0.00374007155187428,0.0042544142343103886,0.019482240080833435
8103,-2.8225882053375244,-2.846534252166748,0.011860807426273823,0.012085158377885818,0.019479898735880852
8104,-2.6318092346191406,-2.649646282196045,0.009065906517207623,0.008771294727921486,0.019477544352412224
8105,-2.5593936443328857,-2.604358673095703,0.024106599390506744,0.02085842937231064,0.019475214183330536
8106,-2.6594197750091553,-2.6694817543029785,0.005107914563268423,0.00495399022474885,0.01947290636599064
8107,-2.6341373920440674,-2.6502394676208496,0.0076360153034329414,0.008466042578220367,0.019470669329166412
8108,-2.666154146194458,-2.7018380165100098,0.017918411642313004,0.017765602096915245,0.01946832984685898
8109,-2.6445751190185547,-2.6611340045928955,0.00848024059087038,0.008078637532889843,0.019465956836938858
8110,-2.6634082794189453,-2.675032615661621,0.006133431103080511,0.005491042044013739,0.019463544711470604
8111,-2.6211066246032715,-2.7157857418060303,0.05388207361102104,0.04079703614115715,0.01946101523935795
8112,-2.6302998065948486,-2.641585350036621,0.005584621801972389,0.005700841546058655,0.019458524882793427
8113,-2.558770179748535,-2.5662996768951416,0.004314357880502939,0.003215139266103506,0.019455907866358757
8114,-2.6999075412750244,-2.7123477458953857,0.006576059386134148,0.005864122416824102,0.01945323683321476
8115,-2.73467755317688,-2.7615904808044434,0.014138826169073582,0.012774010188877583,0.019450541585683823
8116,-2.712432622909546,-2.7501649856567383,0.019509796053171158,0.018222467973828316,0.019447926431894302
8117,-2.6920859813690186,-2.791111707687378,0.04886740446090698,0.050158366560935974,0.019445329904556274
8118,-2.7439072132110596,-2.7800886631011963,0.016195768490433693,0.019985608756542206,0.01944274827837944
8119,-2.89337420463562,-2.901279926300049,0.004005881026387215,0.003899774979799986,0.01944015733897686
8120,-2.8063268661499023,-2.8308401107788086,0.01457420364022255,0.009938988834619522,0.019437408074736595
8121,-2.5332422256469727,-2.770270824432373,0.11950314790010452,0.11752524971961975,0.019434669986367226
8122,-2.681732654571533,-2.7515578269958496,0.03325222060084343,0.03657284006476402,0.01943195052444935
8123,-2.624650716781616,-2.832939863204956,0.10296983271837234,0.10531926155090332,0.01942932792007923
8124,-2.6320419311523438,-2.7075440883636475,0.03855809569358826,0.03694421052932739,0.019426599144935608
8125,-2.7742419242858887,-2.816751480102539,0.019344929605722427,0.02316446602344513,0.019423872232437134
8126,-2.691049337387085,-2.697488307952881,0.0029167302418500185,0.0035221464931964874,0.01942129246890545
8127,-2.1447057723999023,-2.6059627532958984,0.2273360639810562,0.2339208722114563,0.019418440759181976
8128,-2.4813694953918457,-2.537501096725464,0.02875414304435253,0.027377286925911903,0.019415611401200294
8129,-2.73457670211792,-2.7589917182922363,0.012413461692631245,0.012001549825072289,0.019412880763411522
8130,-2.674755096435547,-2.6825623512268066,0.003964854869991541,0.0038422509096562862,0.019410187378525734
8131,-2.7131028175354004,-2.7427802085876465,0.014443015679717064,0.0152345085516572,0.019407587125897408
8132,-2.612952947616577,-2.634706497192383,0.010941761545836926,0.010811902582645416,0.019404981285333633
8133,-2.6721763610839844,-2.677598476409912,0.0022048777900636196,0.0032172813080251217,0.019402317702770233
8134,-2.7334375381469727,-2.7540032863616943,0.009212557226419449,0.011353292502462864,0.019399579614400864
8135,-2.8064656257629395,-2.8354833126068115,0.014658217318356037,0.014359572902321815,0.019396919757127762
8136,-2.632596254348755,-2.681220293045044,0.024491576477885246,0.02413257211446762,0.01939423196017742
8137,-2.7543067932128906,-2.7659502029418945,0.0055218948982656,0.006121432408690453,0.019391518086194992
8138,-2.705293655395508,-2.716052532196045,0.005231370683759451,0.005527414847165346,0.019388819113373756
8139,-2.651695728302002,-2.6603505611419678,0.003794529940932989,0.004860325716435909,0.019386164844036102
8140,-2.67694354057312,-2.6981964111328125,0.012073672376573086,0.009179139509797096,0.01938357762992382
8141,-2.675241470336914,-2.6897828578948975,0.006704667583107948,0.007836888544261456,0.019381068646907806
8142,-2.6874570846557617,-2.697450876235962,0.004727834835648537,0.005265920422971249,0.01937849074602127
8143,-2.58530855178833,-2.6033148765563965,0.010096440091729164,0.007909683510661125,0.01937590353190899
8144,-2.317946672439575,-2.787656307220459,0.22518464922904968,0.2445250153541565,0.019373413175344467
8145,-2.596350908279419,-2.6126322746276855,0.00828192662447691,0.007999472320079803,0.019370922818779945
8146,-2.590439558029175,-2.6051993370056152,0.0074334414675831795,0.007326451130211353,0.019368499517440796
8147,-2.604179620742798,-2.640974998474121,0.016161233186721802,0.020634260028600693,0.019366037100553513
8148,-2.740732192993164,-2.763866424560547,0.011261742562055588,0.011872539296746254,0.01936350390315056
8149,-2.675389528274536,-2.6833972930908203,0.0038328180089592934,0.004174970090389252,0.019360825419425964
8150,-2.7040233612060547,-2.717198371887207,0.005983632989227772,0.007191427517682314,0.019358158111572266
8151,-2.740323305130005,-2.7964978218078613,0.027605492621660233,0.028568997979164124,0.019355518743395805
8152,-2.7606401443481445,-2.7709474563598633,0.005120537243783474,0.005186751484870911,0.019352758303284645
8153,-2.8308629989624023,-2.8466639518737793,0.008553838357329369,0.007247184868901968,0.01934998668730259
8154,-2.5057127475738525,-2.5457892417907715,0.02014685608446598,0.019929705187678337,0.019347181543707848
8155,-2.7128806114196777,-2.735896587371826,0.012589046731591225,0.010427114553749561,0.01934432052075863
8156,-2.731283664703369,-2.7426204681396484,0.006446721963584423,0.00489001115784049,0.019341548904776573
8157,-2.5643298625946045,-2.5831778049468994,0.009450390934944153,0.009397515095770359,0.019338948652148247
8158,-2.6715052127838135,-2.6955137252807617,0.01187016163021326,0.012138278223574162,0.01933634839951992
8159,-2.6402361392974854,-2.6488075256347656,0.003966971766203642,0.004604287911206484,0.019333694130182266
8160,-2.7126243114471436,-2.751146078109741,0.018234729766845703,0.02028706483542919,0.01933092437684536
8161,-2.6267471313476562,-2.705725908279419,0.03970303386449814,0.03927568346261978,0.019328176975250244
8162,-2.857534885406494,-2.8727028369903564,0.006040661130100489,0.009127333760261536,0.019325481727719307
8163,-2.7865405082702637,-2.799400806427002,0.006412019487470388,0.0064483871683478355,0.019322937354445457
8164,-2.621535301208496,-2.636671781539917,0.007757183164358139,0.007379245012998581,0.019320372492074966
8165,-2.514115333557129,-2.8064286708831787,0.14917074143886566,0.14314261078834534,0.019317861646413803
8166,-2.7213499546051025,-2.7367916107177734,0.00739914970472455,0.008042499423027039,0.01931530050933361
8167,-2.6585445404052734,-2.7016549110412598,0.021297037601470947,0.021813491359353065,0.019312934949994087
8168,-2.6634795665740967,-2.701587200164795,0.01767640933394432,0.020431281998753548,0.019310563802719116
8169,-2.587141513824463,-2.607964515686035,0.010063103400170803,0.010759834200143814,0.019308311864733696
8170,-2.6236283779144287,-2.645780563354492,0.010670426301658154,0.01148186158388853,0.019305968657135963
8171,-2.5854310989379883,-2.6046664714813232,0.009221648797392845,0.01001375075429678,0.019303562119603157
8172,-2.7069318294525146,-2.7340760231018066,0.012490158900618553,0.014653953723609447,0.01930125057697296
8173,-2.696315288543701,-2.7482681274414062,0.025455888360738754,0.02649681828916073,0.019298821687698364
8174,-2.7731401920318604,-2.785208225250244,0.00609233882278204,0.005975837353616953,0.0192961897701025
8175,-2.7308120727539062,-2.7639575004577637,0.015470418147742748,0.01767497882246971,0.019293535500764847
8176,-2.727252244949341,-2.8088788986206055,0.04292595759034157,0.038700517266988754,0.01929084025323391
8177,-2.6149325370788574,-2.631000518798828,0.007922791875898838,0.008145056664943695,0.01928822323679924
8178,-2.6962883472442627,-2.7481889724731445,0.02521362528204918,0.02668696828186512,0.019285639747977257
8179,-2.5941615104675293,-2.610562562942505,0.007449973840266466,0.008951078169047832,0.01928301900625229
8180,-2.8855621814727783,-2.905625820159912,0.009960809722542763,0.010102784261107445,0.019280485808849335
8181,-2.7238993644714355,-2.737286329269409,0.005769421346485615,0.007617429830133915,0.019277893006801605
8182,-2.6785309314727783,-2.695831775665283,0.00866684690117836,0.008634042926132679,0.019275378435850143
8183,-2.143850564956665,-2.5881335735321045,0.22471120953559875,0.21957190334796906,0.01927271857857704
8184,-2.5330605506896973,-2.5397517681121826,0.00281035085208714,0.0038809587713330984,0.019270168617367744
8185,-2.596142292022705,-2.603410005569458,0.003943377174437046,0.0033241622149944305,0.01926770992577076
8186,-2.686692714691162,-2.700756549835205,0.006783325225114822,0.0072806719690561295,0.01926523447036743
8187,-2.377652406692505,-2.3958168029785156,0.008551332168281078,0.009613134898245335,0.019262755289673805
8188,-2.325464963912964,-2.563828229904175,0.11724963784217834,0.12111365050077438,0.01926012709736824
8189,-1.9463601112365723,-2.634462594985962,0.34375038743019104,0.34435203671455383,0.01925751566886902
8190,-2.6846985816955566,-2.74226713180542,0.02954772859811783,0.02802087366580963,0.01925489865243435
8191,-2.6509692668914795,-2.698456287384033,0.023879053071141243,0.023608071729540825,0.019252300262451172
8192,-2.6081252098083496,-2.6663219928741455,0.030037013813853264,0.028159940615296364,0.019249726086854935
8193,-2.7924718856811523,-2.8156189918518066,0.01180369034409523,0.011343549005687237,0.01924716867506504
8194,-2.7483198642730713,-2.7983391284942627,0.02306133136153221,0.026957951486110687,0.01924458146095276
8195,-2.400998115539551,-2.7920684814453125,0.20949263870716095,0.18157772719860077,0.019241975620388985
8196,-2.488767385482788,-2.583033800125122,0.04736427590250969,0.0469021312892437,0.019239557906985283
8197,-2.833516836166382,-2.8456406593322754,0.005991497077047825,0.006132442504167557,0.019237149506807327
8198,-2.5881950855255127,-2.6345629692077637,0.023675886914134026,0.0226918775588274,0.019234783947467804
8199,-2.7867183685302734,-2.918853282928467,0.06108235567808151,0.07105258852243423,0.019232435151934624
8200,-2.9181900024414062,-2.935248374938965,0.00850603822618723,0.008552293293178082,0.019230110570788383
8201,-2.859003782272339,-2.986572742462158,0.06655631214380264,0.061012789607048035,0.01922767236828804
8202,-2.705930709838867,-2.7284092903137207,0.01239243894815445,0.01008594036102295,0.019225360825657845
8203,-2.890383005142212,-2.907121181488037,0.00951107032597065,0.007227269466966391,0.019223060458898544
8204,-2.6453030109405518,-2.66035795211792,0.007578907534480095,0.007476167753338814,0.019220631569623947
8205,-2.268824815750122,-2.8677725791931152,0.3041520118713379,0.29479578137397766,0.019218221306800842
8206,-2.588670253753662,-2.685539484024048,0.04888966679573059,0.04797958582639694,0.019215930253267288
8207,-2.6157093048095703,-2.671163320541382,0.02817738614976406,0.027276523411273956,0.019213635474443436
8208,-2.64056134223938,-2.657165765762329,0.010098109021782875,0.00650629261508584,0.01921137608587742
8209,-2.7502708435058594,-2.7910752296447754,0.020079225301742554,0.020725347101688385,0.01920906826853752
8210,-2.6653850078582764,-2.6899895668029785,0.013827727176249027,0.010776707902550697,0.01920694299042225
8211,-2.799088478088379,-2.845759868621826,0.024451028555631638,0.022220291197299957,0.019204938784241676
8212,-2.532062530517578,-2.6004936695098877,0.03064139559864998,0.03778983652591705,0.019203033298254013
8213,-2.7104804515838623,-2.7435362339019775,0.017630619928240776,0.01542517077177763,0.019201086834073067
8214,-2.743661403656006,-2.7624995708465576,0.011313450522720814,0.007524759508669376,0.019199151545763016
8215,-2.7822608947753906,-2.800312042236328,0.011282658204436302,0.0067685325630009174,0.01919717900454998
8216,-2.7557215690612793,-2.785078287124634,0.01584652066230774,0.013510255143046379,0.019195109605789185
8217,-2.7759881019592285,-2.807121753692627,0.015907898545265198,0.015225754119455814,0.01919303648173809
8218,-2.701573133468628,-2.7182183265686035,0.007798794191330671,0.008846279233694077,0.019190968945622444
8219,-2.661328077316284,-2.673158884048462,0.005293258465826511,0.00653738621622324,0.019188886508345604
8220,-2.553835868835449,-2.6354775428771973,0.04051389545202255,0.04112756997346878,0.01918691024184227
8221,-2.474517583847046,-2.5186030864715576,0.023415014147758484,0.02067030593752861,0.019184965640306473
8222,-2.7934939861297607,-2.8208703994750977,0.013898471370339394,0.013478091917932034,0.019182903692126274
8223,-2.6724328994750977,-2.690354824066162,0.010660779662430286,0.007261144462972879,0.019180817529559135
8224,-2.728370189666748,-2.771986722946167,0.022784188389778137,0.02083219401538372,0.01917869597673416
8225,-2.615309000015259,-2.639136552810669,0.01076348964124918,0.013064241968095303,0.019176514819264412
8226,-2.463388442993164,-2.84476375579834,0.18872986733913422,0.1926456242799759,0.01917451247572899
8227,-2.741269111633301,-2.77559494972229,0.018333381041884422,0.015992308035492897,0.01917264796793461
8228,-2.829592704772949,-2.884690999984741,0.026621347293257713,0.02847706712782383,0.01917075552046299
8229,-2.7366864681243896,-2.7880661487579346,0.02531273476779461,0.02606690302491188,0.019168740138411522
8230,-2.653878927230835,-2.6733171939849854,0.011420405469834805,0.008017840795218945,0.019166793674230576
8231,-2.5520389080047607,-2.576629877090454,0.012605911120772362,0.01198513712733984,0.019165024161338806
8232,-2.540616273880005,-2.5569677352905273,0.009115597233176231,0.007235819473862648,0.01916329748928547
8233,-2.623236894607544,-2.6814124584198,0.0285465270280838,0.029629051685333252,0.019161419942975044
8234,-2.6051316261291504,-2.633553981781006,0.016214188188314438,0.012208133935928345,0.01915961503982544
8235,-2.5789074897766113,-2.590813159942627,0.006020380184054375,0.005885445978492498,0.019157903268933296
8236,-2.797663927078247,-2.8131489753723145,0.008291448466479778,0.0071935392916202545,0.019156185910105705
8237,-2.737081527709961,-2.7622272968292236,0.012482586316764355,0.012663239613175392,0.01915442757308483
8238,-2.7121777534484863,-2.75099778175354,0.01889949105679989,0.019920606166124344,0.01915256306529045
8239,-2.8328757286071777,-2.871811628341675,0.018576623871922493,0.02035926654934883,0.0191506277769804
8240,-2.6425280570983887,-2.651585578918457,0.005895325914025307,0.0031622108072042465,0.019148627296090126
8241,-2.661668300628662,-2.679922580718994,0.00978667102754116,0.00846769381314516,0.019146669656038284
8242,-2.633183479309082,-2.6632916927337646,0.015422530472278595,0.014685599133372307,0.01914464309811592
8243,-2.6598918437957764,-2.718095064163208,0.02940589375793934,0.02879742905497551,0.01914267987012863
8244,-2.7672107219696045,-2.7796783447265625,0.0052110725082457066,0.007256456185132265,0.01914058066904545
8245,-2.782533645629883,-2.796782970428467,0.007062914315611124,0.007186294533312321,0.019138412550091743
8246,-2.790558099746704,-2.807194948196411,0.008660862222313881,0.007975990884006023,0.019136186689138412
8247,-2.648069143295288,-2.7126410007476807,0.03103703074157238,0.03353478014469147,0.019133860245347023
8248,-2.7914466857910156,-2.907106399536133,0.057676296681165695,0.05798351764678955,0.019131533801555634
8249,-2.7945220470428467,-2.8032333850860596,0.004132108297199011,0.004579377826303244,0.019129270687699318
8250,-2.775885820388794,-2.8887176513671875,0.06072080880403519,0.05211096629500389,0.019126854836940765
8251,-2.7382771968841553,-2.7915263175964355,0.028766704723238945,0.02448250725865364,0.019124552607536316
8252,-3.03010892868042,-3.0592288970947266,0.01487492024898529,0.01424503792077303,0.01912226341664791
8253,-2.777263879776001,-2.833001136779785,0.027160916477441788,0.028576262295246124,0.01911984756588936
8254,-2.660393714904785,-2.67386531829834,0.00579338101670146,0.007678222842514515,0.019117577001452446
8255,-2.6154091358184814,-2.629077672958374,0.007343857549130917,0.006324827205389738,0.019115202128887177
8256,-2.8898260593414307,-2.8985955715179443,0.00486261211335659,0.003907039761543274,0.01911286450922489
8257,-2.7770485877990723,-2.8135716915130615,0.01827394776046276,0.018249299377202988,0.01911037229001522
8258,-2.5427284240722656,-2.5631051063537598,0.0100055867806077,0.01037118025124073,0.019107911735773087
8259,-2.6654975414276123,-2.678391695022583,0.006168927997350693,0.006725366692990065,0.01910541020333767
8260,-2.7470195293426514,-2.786233425140381,0.022157840430736542,0.01705600693821907,0.019102895632386208
8261,-2.622739553451538,-2.632380962371826,0.0050138551741838455,0.004627442918717861,0.01910041831433773
8262,-2.6163930892944336,-2.640150547027588,0.011400941759347916,0.012356490828096867,0.0190981924533844
8263,-2.7027463912963867,-2.819448947906494,0.058669932186603546,0.058032553642988205,0.0190958920866251
8264,-2.481781482696533,-2.7869679927825928,0.15143592655658722,0.15375053882598877,0.019093526527285576
8265,-2.6901185512542725,-2.727160930633545,0.019287796691060066,0.01775456964969635,0.019091323018074036
8266,-2.583329916000366,-2.6118087768554688,0.015682319179177284,0.012796604074537754,0.019089141860604286
8267,-2.8550591468811035,-2.881071090698242,0.0139927314594388,0.012019149027764797,0.01908693090081215
8268,-2.66501784324646,-2.6820037364959717,0.007963886484503746,0.009022108279168606,0.019084814935922623
8269,-2.7010128498077393,-2.71004056930542,0.005070281680673361,0.003957460634410381,0.019082872197031975
8270,-2.8665125370025635,-2.8974812030792236,0.0149974524974823,0.015971168875694275,0.019080810248851776
8271,-2.698619842529297,-2.7835958003997803,0.04550512135028839,0.03947095572948456,0.019078800454735756
8272,-2.725238800048828,-2.7404799461364746,0.0072341663762927055,0.008007120341062546,0.01907675713300705
8273,-2.8059496879577637,-2.8118410110473633,0.0023164688609540462,0.0035747766960412264,0.019074779003858566
8274,-2.7487587928771973,-2.764354944229126,0.007618875242769718,0.00797716248780489,0.01907285675406456
8275,-2.6771786212921143,-2.725799798965454,0.024717632681131363,0.02390369027853012,0.019070977345108986
8276,-2.6981475353240967,-2.741313934326172,0.02321568876504898,0.019950684159994125,0.019069354981184006
8277,-2.7027428150177,-2.7320079803466797,0.0135512575507164,0.015713846310973167,0.01906784065067768
8278,-2.5952861309051514,-2.611257314682007,0.008936933241784573,0.007034356705844402,0.01906655915081501
8279,-2.818093776702881,-2.836592674255371,0.00843025092035532,0.010068649426102638,0.01906527765095234
8280,-2.6187541484832764,-2.6734557151794434,0.027157820761203766,0.027543772011995316,0.019064009189605713
8281,-2.8743221759796143,-2.9034132957458496,0.014676421880722046,0.01441488042473793,0.019062554463744164
8282,-2.7395215034484863,-2.7817108631134033,0.02080332301557064,0.02138606086373329,0.019061114639043808
8283,-2.70710825920105,-2.768958806991577,0.03147570416331291,0.03037480264902115,0.019059650599956512
8284,-2.7273149490356445,-2.73893404006958,0.005602583754807711,0.00601657060906291,0.019058173522353172
8285,-2.864563465118408,-2.8783178329467773,0.006749904714524746,0.00700453482568264,0.019056551158428192
8286,-2.4659411907196045,-2.4931886196136475,0.013933444395661354,0.013313907198607922,0.019055088981986046
8287,-2.7747440338134766,-2.794731378555298,0.01137667428702116,0.008610782213509083,0.019053684547543526
8288,-2.6979780197143555,-2.7322115898132324,0.016427522525191307,0.01780593954026699,0.019052276387810707
8289,-2.6357319355010986,-2.6480414867401123,0.0068099601194262505,0.005499514751136303,0.0190509594976902
8290,-2.5918164253234863,-2.61820125579834,0.012632913887500763,0.013752085156738758,0.019049661234021187
8291,-2.4454452991485596,-2.722766876220703,0.13689051568508148,0.1404312402009964,0.019048361107707024
8292,-2.4890329837799072,-2.595104217529297,0.052534956485033035,0.05353608354926109,0.019046993926167488
8293,-2.5683393478393555,-2.604015827178955,0.018933061510324478,0.016743432730436325,0.01904558204114437
8294,-2.855602502822876,-2.9464917182922363,0.04204054921865463,0.04884859547019005,0.019043970853090286
8295,-2.661039113998413,-2.672851085662842,0.006246590055525303,0.005565431900322437,0.01904231868684292
8296,-2.7921855449676514,-2.829434871673584,0.016616590321063995,0.02063273824751377,0.019040651619434357
8297,-2.9653708934783936,-2.9777352809906006,0.006577786058187485,0.0057865954004228115,0.019038889557123184
8298,-2.908536911010742,-2.9259650707244873,0.009053271263837814,0.008374988101422787,0.01903725229203701
8299,-2.743220090866089,-2.7627553939819336,0.009970467537641525,0.009564824402332306,0.01903565414249897
8300,-2.790813446044922,-2.8172357082366943,0.012360397726297379,0.014061866328120232,0.019034001976251602
8301,-2.7428035736083984,-2.762854814529419,0.0094267213717103,0.010624481365084648,0.019032346084713936
8302,-2.737492084503174,-2.7629635334014893,0.012737220153212547,0.012734085321426392,0.019030526280403137
8303,-2.5645763874053955,-2.61295485496521,0.024909310042858124,0.023469114676117897,0.0190285611897707
8304,-2.517896890640259,-2.7214159965515137,0.09769307076931,0.1058262512087822,0.019026711583137512
8305,-2.5985305309295654,-2.610966205596924,0.005905921570956707,0.006529698614031076,0.019024904817342758
8306,-2.617663860321045,-2.7461998462677,0.06068597361445427,0.06785006821155548,0.01902296021580696
8307,-2.509578227996826,-2.5281643867492676,0.008869209326803684,0.00971700344234705,0.019020909443497658
8308,-2.669290542602539,-2.6954805850982666,0.012738248333334923,0.013451885432004929,0.01901884749531746
8309,-2.8477983474731445,-2.8650012016296387,0.008899657055735588,0.008303075097501278,0.019016792997717857
8310,-2.790027379989624,-2.800236940383911,0.0042002759873867035,0.006009266246110201,0.01901480183005333
8311,-2.8797764778137207,-2.903907060623169,0.012740879319608212,0.011389769613742828,0.01901279389858246
8312,-2.965738296508789,-2.981822967529297,0.00891786441206932,0.007166849449276924,0.019010767340660095
8313,-2.6089670658111572,-2.892245292663574,0.1461854726076126,0.13709285855293274,0.019008919596672058
8314,-2.1334545612335205,-2.6780922412872314,0.2677307724952698,0.2769069969654083,0.019007105380296707
8315,-2.7358205318450928,-2.741910219192505,0.003226617584004998,0.0028631568420678377,0.01900523528456688
8316,-2.475701093673706,-2.487316131591797,0.007051666267216206,0.004563301336020231,0.019003363326191902
8317,-2.680027484893799,-2.7137322425842285,0.019569914788007736,0.014134814962744713,0.019001659005880356
8318,-2.479464292526245,-2.53886342048645,0.030858689919114113,0.02854040265083313,0.01900005154311657
8319,-2.5946736335754395,-2.6249420642852783,0.015028851106762886,0.015239492058753967,0.018998589366674423
8320,-2.70442795753479,-2.7998242378234863,0.04775369539856911,0.04764252156019211,0.01899704895913601
8321,-2.984074115753174,-2.9978346824645996,0.006472149398177862,0.007288570981472731,0.01899564452469349
8322,-2.7938318252563477,-2.8115408420562744,0.010740004479885101,0.006968991365283728,0.018994072452187538
8323,-2.6936545372009277,-2.96065092086792,0.13930650055408478,0.12768986821174622,0.018992407247424126
8324,-2.5655462741851807,-2.5917887687683105,0.015293823555111885,0.010948672890663147,0.018990803509950638
8325,-2.9110915660858154,-2.9683337211608887,0.029898997396230698,0.027343321591615677,0.018989205360412598
8326,-2.4048244953155518,-2.4814634323120117,0.03759441152215004,0.03904466703534126,0.018987581133842468
8327,-2.81585955619812,-2.832016944885254,0.008840165100991726,0.00731732277199626,0.018985923379659653
8328,-2.700347423553467,-2.7187705039978027,0.006871402263641357,0.011551717296242714,0.018984293565154076
8329,-2.6626319885253906,-2.7076199054718018,0.019825130701065063,0.02516266703605652,0.01898273266851902
8330,-2.7134792804718018,-2.761134386062622,0.024846449494361877,0.02280844934284687,0.018981175497174263
8331,-2.6565589904785156,-2.6880149841308594,0.01582293026149273,0.01563308574259281,0.018979636952280998
8332,-2.6254372596740723,-2.6559970378875732,0.015197796747088432,0.015362096019089222,0.018978098407387733
8333,-2.732278823852539,-2.7452118396759033,0.006972304545342922,0.00596074853092432,0.018976470455527306
8334,-2.6364026069641113,-2.6611104011535645,0.012466282583773136,0.012241693213582039,0.018974872305989265
8335,-2.482625722885132,-2.568493604660034,0.03913281112909317,0.04673512652516365,0.01897326298058033
8336,-2.7952818870544434,-2.801701784133911,0.0033661879133433104,0.003053752239793539,0.018971743062138557
8337,-2.9387052059173584,-2.9649152755737305,0.014459283091127872,0.011750667355954647,0.01897001452744007
8338,-2.5742499828338623,-2.6045138835906982,0.015155651606619358,0.015108341351151466,0.01896824687719345
8339,-2.786147356033325,-2.8047258853912354,0.009270574897527695,0.009307817555963993,0.018966441974043846
8340,-2.7638866901397705,-2.789729356765747,0.013024114072322845,0.012818490155041218,0.018964674323797226
8341,-2.5669825077056885,-2.5820114612579346,0.007258337456732988,0.007770448457449675,0.01896287500858307
8342,-2.7906525135040283,-2.813025712966919,0.009259922429919243,0.013113157823681831,0.01896105706691742
8343,-2.8542604446411133,-2.8626046180725098,0.003235471434891224,0.005108702927827835,0.018959276378154755
8344,-2.5839600563049316,-2.6054461002349854,0.01057585421949625,0.01091038715094328,0.01895751804113388
8345,-2.6589083671569824,-2.7526392936706543,0.046591781079769135,0.047139156609773636,0.018955718725919724
8346,-2.7286128997802734,-2.7718348503112793,0.020902035757899284,0.022319993004202843,0.018953770399093628
8347,-2.511143207550049,-2.6711204051971436,0.08127591758966446,0.07870130985975266,0.018951810896396637
8348,-2.745929002761841,-2.787606716156006,0.021283268928527832,0.0203944593667984,0.018949830904603004
8349,-2.661926031112671,-2.690577268600464,0.015194925479590893,0.013456279411911964,0.018947821110486984
8350,-2.606635093688965,-2.640103340148926,0.016775913536548615,0.016692310571670532,0.018945761024951935
8351,-2.6315393447875977,-2.654881477355957,0.010480713099241257,0.012861499562859535,0.01894359290599823
8352,-2.5032734870910645,-2.5365195274353027,0.014886938966810703,0.018359078094363213,0.01894131675362587
8353,-2.639584541320801,-2.6515822410583496,0.005784948356449604,0.0062128170393407345,0.018938856199383736
8354,-2.6184182167053223,-2.6995179653167725,0.04332830011844635,0.03777143359184265,0.018936295062303543
8355,-2.7852604389190674,-2.79679274559021,0.00571537297219038,0.00581690389662981,0.018933748826384544
8356,-2.5978541374206543,-2.6191978454589844,0.010725750587880611,0.010618082247674465,0.01893114112317562
8357,-2.6247737407684326,-2.652090549468994,0.012427725829184055,0.01488894410431385,0.01892850548028946
8358,-2.8580029010772705,-2.869472026824951,0.0061757792718708515,0.005293366499245167,0.018925990909337997
8359,-2.700364828109741,-2.724616765975952,0.01202569343149662,0.012226320803165436,0.01892346516251564
8360,-2.6411802768707275,-2.684523582458496,0.017489314079284668,0.025853905826807022,0.018920928239822388
8361,-2.4755475521087646,-2.517706871032715,0.020957108587026596,0.021202364936470985,0.018918443471193314
8362,-2.1104013919830322,-2.58480167388916,0.23340559005737305,0.2409946620464325,0.018916022032499313
8363,-2.583946466445923,-2.6081509590148926,0.01222159806638956,0.011983027681708336,0.01891353726387024
8364,-2.5225281715393066,-2.6177070140838623,0.04629584774374962,0.04888295382261276,0.018910862505435944
8365,-2.6469898223876953,-2.671612501144409,0.011338080279529095,0.013284776359796524,0.018908144906163216
8366,-2.631464719772339,-2.678630828857422,0.024892516434192657,0.022273540496826172,0.018905332311987877
8367,-2.692656993865967,-2.725203037261963,0.016165416687726974,0.016380492597818375,0.018902497366070747
8368,-2.759443759918213,-2.788520097732544,0.013887242414057255,0.015189269557595253,0.018899662420153618
8369,-2.8286774158477783,-2.8479690551757812,0.009113099426031113,0.010178514756262302,0.01889677904546261
8370,-2.629657745361328,-2.835603952407837,0.099280945956707,0.10666544735431671,0.018893873319029808
8371,-2.9033303260803223,-2.9330453872680664,0.013367241248488426,0.01634780876338482,0.018891066312789917
8372,-2.903243064880371,-2.940490245819092,0.020440999418497086,0.01680620200932026,0.018888216465711594
8373,-2.7547125816345215,-2.8046457767486572,0.02406691201031208,0.025866307318210602,0.018885379657149315
8374,-2.692747116088867,-2.721658706665039,0.01230535190552473,0.01660626009106636,0.018882498145103455
8375,-2.804337501525879,-2.82108473777771,0.006818798370659351,0.009928476996719837,0.01887964829802513
8376,-2.653899669647217,-2.682048797607422,0.014269458130002022,0.013879821635782719,0.01887691579759121
8377,-2.67793869972229,-2.717923164367676,0.020399846136569977,0.019584625959396362,0.018874067813158035
8378,-2.698134660720825,-2.71289324760437,0.006427410524338484,0.008331087417900562,0.018871299922466278
8379,-2.7448291778564453,-2.7677741050720215,0.00947651732712984,0.013468585908412933,0.01886860467493534
8380,-2.5844781398773193,-2.5988497734069824,0.006787611171603203,0.007583986967802048,0.018865857273340225
8381,-2.593845844268799,-2.6097822189331055,0.008429812267422676,0.007506498601287603,0.018863031640648842
8382,-2.4290430545806885,-2.6443402767181396,0.10803593695163727,0.10726115107536316,0.018860166892409325
8383,-2.70072603225708,-2.780383586883545,0.03553271293640137,0.04412493482232094,0.018857451155781746
8384,-2.3323426246643066,-2.557001829147339,0.10797940194606781,0.11667994409799576,0.01885462924838066
8385,-2.833296060562134,-2.8552021980285645,0.0107582937926054,0.0111477579921484,0.018851809203624725
8386,-2.6815576553344727,-2.6899447441101074,0.005169355776160955,0.0032176149543374777,0.018849000334739685
8387,-2.601651191711426,-2.62860107421875,0.0141605781391263,0.012789344415068626,0.0188461747020483
8388,-2.779954195022583,-2.803650379180908,0.012443523854017258,0.011252690106630325,0.018843205645680428
8389,-2.530169725418091,-2.538095474243164,0.004338749684393406,0.0035870769061148167,0.018840136006474495
8390,-2.9043431282043457,-2.923271417617798,0.008485832251608372,0.010442565195262432,0.018837055191397667
8391,-2.7139604091644287,-2.7318525314331055,0.0087046567350626,0.009187515825033188,0.018834033980965614
8392,-2.704432964324951,-2.7453362941741943,0.021108385175466537,0.019794829189777374,0.01883096620440483
8393,-2.6986069679260254,-2.7050726413726807,0.003758671460673213,0.002707087667658925,0.018827926367521286
8394,-2.7192211151123047,-2.725071907043457,0.003336789319291711,0.0025138030759990215,0.018825041130185127
8395,-2.6867620944976807,-2.7371814250946045,0.02768375538289547,0.022735601291060448,0.018822187557816505
8396,-2.8633670806884766,-2.883516788482666,0.008990230970084667,0.011159321293234825,0.0188192930072546
8397,-2.7807652950286865,-2.8152694702148438,0.016645459458231926,0.017858782783150673,0.018816372379660606
8398,-2.9465136528015137,-2.9598264694213867,0.007780399639159441,0.005532390438020229,0.018813438713550568
8399,-2.7113614082336426,-2.7189342975616455,0.0038740350864827633,0.003698713844642043,0.018810568377375603
8400,-2.801330327987671,-2.818131923675537,0.007500540465116501,0.009300876408815384,0.018807679414749146
8401,-2.6435065269470215,-2.652106523513794,0.003985685762017965,0.004614352714270353,0.018804891034960747
8402,-2.5803143978118896,-2.60422420501709,0.012016728520393372,0.011892947368323803,0.018802205100655556
8403,-2.885843515396118,-2.9253790378570557,0.019805463030934334,0.01973009668290615,0.0187995508313179
8404,-2.8605294227600098,-2.874668836593628,0.005693128332495689,0.008446333929896355,0.018796728923916817
8405,-2.5811843872070312,-2.628666400909424,0.02463219128549099,0.022849807515740395,0.018793905153870583
8406,-2.627831220626831,-2.651825189590454,0.012639199383556843,0.011354681104421616,0.018791217356920242
8407,-2.734821081161499,-2.750019073486328,0.007927436381578445,0.007270516827702522,0.018788663670420647
8408,-2.3280060291290283,-2.5622124671936035,0.11700963228940964,0.11719673871994019,0.018786190077662468
8409,-2.6731064319610596,-2.694949150085449,0.011756098829209805,0.010086549445986748,0.018783776089549065
8410,-2.665238380432129,-2.6958506107330322,0.012432442978024483,0.01817997545003891,0.018781358376145363
8411,-2.602325677871704,-2.674938201904297,0.0369243398308754,0.03568819910287857,0.01877906173467636
8412,-2.528050422668457,-2.554903507232666,0.012645079754292965,0.014208029955625534,0.018776563927531242
8413,-2.787163496017456,-2.8078670501708984,0.010139459744095802,0.010564102791249752,0.018774110823869705
8414,-2.8334500789642334,-2.8562099933624268,0.011782694607973099,0.0109773650765419,0.01877165399491787
8415,-2.8542263507843018,-2.8746323585510254,0.008106878027319908,0.012299013324081898,0.01876910589635372
8416,-2.7120845317840576,-2.805366277694702,0.04432860389351845,0.04895302653312683,0.01876652054488659
8417,-2.7379133701324463,-2.7533369064331055,0.00787163246423006,0.007551970891654491,0.01876388117671013
8418,-2.5026602745056152,-2.74920916557312,0.12534242868423462,0.1212066039443016,0.01876131258904934
8419,-2.5758512020111084,-2.6081671714782715,0.015307088382542133,0.01700887270271778,0.0187587458640337
8420,-2.740128993988037,-2.756687641143799,0.007502599153667688,0.00905611366033554,0.018756022676825523
8421,-2.496577739715576,-2.524895429611206,0.0146090192720294,0.013708633370697498,0.018753303214907646
8422,-2.572251558303833,-2.646479606628418,0.03742823749780655,0.03679988533258438,0.01875053159892559
8423,-2.3373758792877197,-2.6507091522216797,0.17439724504947662,0.13893602788448334,0.01874770224094391
8424,-2.656921625137329,-2.70572829246521,0.025171436369419098,0.023635152727365494,0.01874483749270439
8425,-2.795574903488159,-2.8498992919921875,0.026587652042508125,0.027736736461520195,0.018741972744464874
8426,-2.3412492275238037,-2.3518192768096924,0.004560939967632294,0.006009143311530352,0.018739063292741776
8427,-2.5151679515838623,-2.592433214187622,0.03763221949338913,0.03963301703333855,0.018736133351922035
8428,-2.602984666824341,-2.609865665435791,0.0032132375054061413,0.0036677427124232054,0.01873321272432804
8429,-2.871349811553955,-2.939054489135742,0.02853815257549286,0.03916648402810097,0.018730269744992256
8430,-2.714729070663452,-2.726914882659912,0.006240073125809431,0.005945779383182526,0.018727336078882217
8431,-2.863356351852417,-2.8778257369995117,0.006836513988673687,0.007632904686033726,0.01872461661696434
8432,-2.7948198318481445,-2.808715343475342,0.007519327104091644,0.0063763512298464775,0.018721822649240494
8433,-2.7854762077331543,-2.806802988052368,0.010443129576742649,0.010883686132729053,0.018719028681516647
8434,-3.068037748336792,-3.1282248497009277,0.03154416009783745,0.028642864897847176,0.018716314807534218
8435,-2.4065818786621094,-2.4672253131866455,0.029629217460751534,0.03101414069533348,0.01871352083981037
8436,-2.63457989692688,-2.765313148498535,0.0672764703631401,0.06345684826374054,0.018710635602474213
8437,-2.6393182277679443,-2.690037727355957,0.02460305020213127,0.026116283610463142,0.018707672134041786
8438,-2.6433486938476562,-2.6599347591400146,0.009232643060386181,0.007353236898779869,0.018704645335674286
8439,-2.6763718128204346,-2.7036561965942383,0.01425368245691061,0.013030742295086384,0.018701622262597084
8440,-2.6503615379333496,-2.6759912967681885,0.012458010576665401,0.013171596452593803,0.018698593601584435
8441,-2.6403868198394775,-2.6584784984588623,0.008476251736283302,0.009615338407456875,0.018695669248700142
8442,-2.509998083114624,-2.5472419261932373,0.018917594105005264,0.018326299265027046,0.01869283989071846
8443,-2.545478105545044,-2.556990623474121,0.005052607972174883,0.006460007280111313,0.018689995631575584
8444,-2.809659004211426,-2.8218791484832764,0.00440406845882535,0.007816138677299023,0.01868719793856144
8445,-2.6339311599731445,-2.672175884246826,0.017684830352663994,0.020559770986437798,0.01868446357548237
8446,-2.564269781112671,-2.6013920307159424,0.018821807578206062,0.01830059476196766,0.018681807443499565
8447,-2.837386131286621,-2.8788719177246094,0.020229844376444817,0.021255873143672943,0.018679136410355568
8448,-2.586601734161377,-2.613405466079712,0.014518728479743004,0.01228494942188263,0.018676571547985077
8449,-2.5192267894744873,-2.5427756309509277,0.010473271831870079,0.013075554743409157,0.01867389865219593
8450,-2.8930866718292236,-2.903048038482666,0.0045368182472884655,0.005424555856734514,0.018671054393053055
8451,-2.803335428237915,-2.8410260677337646,0.01924046501517296,0.01845020055770874,0.018668197095394135
8452,-2.5217232704162598,-2.9801511764526367,0.23407980799674988,0.2243480086326599,0.018665513023734093
8453,-2.6508429050445557,-2.6646711826324463,0.0078748669475317,0.0059532057493925095,0.01866287924349308
8454,-2.4537439346313477,-2.4777441024780273,0.011910531669855118,0.012089816853404045,0.01866033859550953
8455,-2.63169002532959,-2.672369956970215,0.021421408280730247,0.019258517771959305,0.018657704815268517
8456,-2.589641809463501,-2.612765312194824,0.011210890486836433,0.01191249955445528,0.01865512505173683
8457,-2.782874584197998,-2.813671112060547,0.015050670132040977,0.015745848417282104,0.018652629107236862
8458,-2.5373616218566895,-2.570082902908325,0.01615443266928196,0.016566645354032516,0.01865023747086525
8459,-2.624408483505249,-2.654733896255493,0.013750609010457993,0.016574813053011894,0.018647897988557816
8460,-2.8162825107574463,-2.836756944656372,0.012331166304647923,0.008143103681504726,0.018645577132701874
8461,-2.87776517868042,-3.005274772644043,0.06062609329819679,0.06688365340232849,0.018643146380782127
8462,-2.6619491577148438,-2.6936111450195312,0.017878849059343338,0.013783314265310764,0.01864081248641014
8463,-2.928757429122925,-2.9589731693267822,0.014265867881476879,0.015949996188282967,0.01863851584494114
8464,-2.7616689205169678,-2.7755470275878906,0.007032555527985096,0.006845436058938503,0.018636222928762436
8465,-1.9663467407226562,-2.619399309158325,0.32252803444862366,0.33052438497543335,0.018634086474776268
8466,-2.802232503890991,-2.813950538635254,0.005950945429503918,0.0057671088725328445,0.0186318252235651
8467,-2.7849295139312744,-2.8187005519866943,0.018423812463879585,0.015347149223089218,0.018629496917128563
8468,-2.6797029972076416,-2.6961514949798584,0.0097645353525877,0.006683998741209507,0.018627097830176353
8469,-2.598480463027954,-2.641488790512085,0.02061922661960125,0.02238909900188446,0.01862463913857937
8470,-2.7469723224639893,-2.7722227573394775,0.012781293131411076,0.012469147332012653,0.018622159957885742
8471,-2.6974027156829834,-2.7723870277404785,0.037606846541166306,0.037377264350652695,0.018619727343320847
8472,-2.7202768325805664,-2.7323665618896484,0.004349802155047655,0.007740024011582136,0.01861726865172386
8473,-2.949620008468628,-3.0318636894226074,0.0377378948032856,0.04450584203004837,0.018614912405610085
8474,-2.744563341140747,-2.7759878635406494,0.01520233228802681,0.01622229628264904,0.018612541258335114
8475,-2.7664690017700195,-2.8020949363708496,0.01762477494776249,0.018001029267907143,0.018610142171382904
8476,-2.123974561691284,-2.6158833503723145,0.24926964938640594,0.24263903498649597,0.0186078529804945
8477,-2.7808799743652344,-2.8096704483032227,0.013014262542128563,0.015776164829730988,0.01860545203089714
8478,-2.5523340702056885,-2.5718042850494385,0.008077405393123627,0.011392783373594284,0.018602963536977768
8479,-2.4329726696014404,-2.6538407802581787,0.104818195104599,0.11604998260736465,0.01860053278505802
8480,-2.7686386108398438,-2.8163933753967285,0.023441186174750328,0.0243136677891016,0.018598156049847603
8481,-2.674420118331909,-2.7014248371124268,0.012863362208008766,0.014141405001282692,0.018595922738313675
8482,-2.641489028930664,-2.7351837158203125,0.049156494438648224,0.04453827068209648,0.018593784421682358
8483,-2.69681978225708,-2.726059675216675,0.01466323807835579,0.014576713554561138,0.01859169639647007
8484,-2.751763105392456,-2.774529218673706,0.008861606009304523,0.013904550112783909,0.018589559942483902
8485,-2.931262969970703,-2.9533944129943848,0.010684771463274956,0.01144662406295538,0.018587185069918633
8486,-2.7042834758758545,-2.774677038192749,0.03718254342675209,0.03321108594536781,0.018584633246064186
8487,-2.9785866737365723,-2.993365526199341,0.0075028869323432446,0.007275979034602642,0.01858196035027504
8488,-2.4794585704803467,-2.4936487674713135,0.007067733909934759,0.007122407201677561,0.018579334020614624
8489,-2.659390926361084,-2.6845786571502686,0.01071713026612997,0.014470563270151615,0.018576836213469505
8490,-2.9266483783721924,-2.9450807571411133,0.009294377639889717,0.009138108231127262,0.018574409186840057
8491,-2.673576831817627,-2.78560471534729,0.05329829081892967,0.05872959643602371,0.018571924418210983
8492,-2.5876002311706543,-2.596315860748291,0.0041156308725476265,0.004600094631314278,0.018569322302937508
8493,-2.645900249481201,-2.6768956184387207,0.01595432311296463,0.015041222795844078,0.01856662519276142
8494,-2.832923412322998,-2.844325065612793,0.004953748546540737,0.006447795778512955,0.018563952296972275
8495,-2.6600852012634277,-2.691652536392212,0.015004442073404789,0.016563044860959053,0.018561216071248055
8496,-2.9749703407287598,-3.0065743923187256,0.014027987606823444,0.017576001584529877,0.018558504059910774
8497,-2.2382209300994873,-2.810213565826416,0.28219348192214966,0.2897992432117462,0.01855592429637909
8498,-2.586397886276245,-2.6369290351867676,0.025840716436505318,0.024690285325050354,0.018553363159298897
8499,-2.4754631519317627,-2.5175561904907227,0.01981603354215622,0.02227710373699665,0.01855090819299221
8500,-2.981290102005005,-2.9935531616210938,0.005335683934390545,0.006927567068487406,0.01854858174920082
8501,-2.9271252155303955,-2.9570248126983643,0.014955034479498863,0.014944670721888542,0.01854625716805458
8502,-2.632934331893921,-2.6638991832733154,0.01444518193602562,0.016519755125045776,0.018543975427746773
8503,-2.753984212875366,-2.766674041748047,0.0064268698915839195,0.006263012066483498,0.018541783094406128
8504,-2.695096969604492,-2.7080955505371094,0.006313541438430548,0.00668494775891304,0.018539562821388245
8505,-2.46882963180542,-2.5506772994995117,0.0432351678609848,0.03861268609762192,0.01853751763701439
8506,-2.7554709911346436,-2.7680647373199463,0.006864979863166809,0.005728616379201412,0.018535470589995384
8507,-2.737492084503174,-2.785888195037842,0.023560885339975357,0.02483515441417694,0.01853341981768608
8508,-2.9122800827026367,-2.9374725818634033,0.011739548295736313,0.013452974148094654,0.018531378358602524
8509,-2.847100019454956,-2.858001947402954,0.005988935474306345,0.004913000855594873,0.018529323861002922
8510,-2.588312864303589,-2.654203414916992,0.03213215991854668,0.033758457750082016,0.01852724887430668
8511,-2.519965648651123,-2.57594895362854,0.02791730873286724,0.028065914288163185,0.018525145947933197
8512,-2.3235769271850586,-2.5586047172546387,0.11533770710229874,0.1196901947259903,0.018522990867495537
8513,-2.698444128036499,-2.773965358734131,0.03458253666758537,0.04093867540359497,0.018520809710025787
8514,-2.750272035598755,-2.7696259021759033,0.007950632832944393,0.011403228156268597,0.018518690019845963
8515,-2.639648199081421,-2.665806531906128,0.015951095148921013,0.010207070969045162,0.018516553565859795
8516,-2.7075610160827637,-2.7326719760894775,0.01391176600009203,0.011199203319847584,0.01851450465619564
8517,-2.6620843410491943,-2.7153425216674805,0.02803093008697033,0.025227276608347893,0.01851234957575798
8518,-2.3956494331359863,-2.7747297286987305,0.19660627841949463,0.18247422575950623,0.01851009577512741
8519,-2.7368900775909424,-2.7677199840545654,0.015810340642929077,0.015019704587757587,0.018507840111851692
8520,-2.717390537261963,-2.742455005645752,0.01325562596321106,0.011808950453996658,0.018505431711673737
8521,-2.733107328414917,-2.771824836730957,0.019524788483977318,0.019192608073353767,0.018502946943044662
8522,-2.355884075164795,-2.374619483947754,0.009840264916419983,0.008895245380699635,0.018500512465834618
8523,-2.688441514968872,-2.696381092071533,0.003897609654814005,0.004042013548314571,0.018498094752430916
8524,-2.792567491531372,-2.828946352005005,0.017888661473989487,0.01849021017551422,0.018495744094252586
8525,-2.698387861251831,-2.71779465675354,0.011333277449011803,0.008073627017438412,0.018493395298719406
8526,-2.5821025371551514,-2.5946712493896484,0.006555643398314714,0.006013230886310339,0.018490899354219437
8527,-2.8875937461853027,-2.9048612117767334,0.008684854954481125,0.008582698181271553,0.018488306552171707
8528,-2.634942054748535,-2.6449804306030273,0.0034476458095014095,0.006590775214135647,0.018485693261027336
8529,-2.7149178981781006,-2.7303316593170166,0.006500568240880966,0.008913347497582436,0.018483048304915428
8530,-2.6651394367218018,-2.7105183601379395,0.024133263155817986,0.02124575898051262,0.018480444326996803
8531,-2.7144148349761963,-2.7212233543395996,0.002940254984423518,0.0038683153688907623,0.01847769133746624
8532,-2.8810665607452393,-2.8899824619293213,0.0029884078539907932,0.005927494261413813,0.01847492903470993
8533,-2.807960271835327,-2.842031240463257,0.018148919567465782,0.015921952202916145,0.018472133204340935
8534,-2.6536049842834473,-2.7240829467773438,0.035525817424058914,0.03495221585035324,0.01846936345100403
8535,-2.910590887069702,-2.9229238033294678,0.006053326651453972,0.006279686465859413,0.018466545268893242
8536,-2.615642547607422,-2.629088878631592,0.006250119302421808,0.007196077145636082,0.018463771790266037
8537,-2.7684414386749268,-2.8034610748291016,0.016501082107424736,0.018518498167395592,0.01846097968518734
8538,-2.612138509750366,-2.84175443649292,0.11282942444086075,0.11678653210401535,0.018458211794495583
8539,-2.7507572174072266,-2.8154947757720947,0.031785156577825546,0.03295230120420456,0.0184553824365139
8540,-2.9060072898864746,-2.913311243057251,0.003350200830027461,0.003953599836677313,0.01845252327620983
8541,-2.7293474674224854,-2.752418041229248,0.01336366031318903,0.009707028977572918,0.018449703231453896
8542,-2.979391098022461,-2.9907803535461426,0.006045295856893063,0.0053439368493855,0.01844695396721363
8543,-2.735102891921997,-2.755892276763916,0.010432486422359943,0.010356818325817585,0.01844424568116665
8544,-2.484282970428467,-2.8578829765319824,0.18411476910114288,0.18948525190353394,0.018441496416926384
8545,-2.683830738067627,-2.73164439201355,0.024656780064105988,0.02315686270594597,0.018438881263136864
8546,-2.7890706062316895,-2.813563585281372,0.01258040126413107,0.011912611313164234,0.018436256796121597
8547,-2.636972188949585,-2.6720046997070312,0.01646440476179123,0.01856798119843006,0.01843380369246006
8548,-2.636981964111328,-2.655625104904175,0.009726649150252342,0.008916392922401428,0.01843147538602352
8549,-2.601853609085083,-2.6182727813720703,0.010563594289124012,0.005855575669556856,0.018429061397910118
8550,-2.789257287979126,-2.814023494720459,0.013147488236427307,0.011618577875196934,0.018426554277539253
8551,-2.5798916816711426,-2.5923235416412354,0.007316683419048786,0.005115315783768892,0.018424006178975105
8552,-2.579171895980835,-2.6276049613952637,0.02513769268989563,0.023295443505048752,0.018421506509184837
8553,-2.643385410308838,-2.6547586917877197,0.007211216725409031,0.004162067547440529,0.018419060856103897
8554,-2.6294333934783936,-2.6676528453826904,0.018949273973703384,0.019270069897174835,0.01841675117611885
8555,-2.845489501953125,-2.857901096343994,0.006503135897219181,0.005908475257456303,0.018414480611681938
8556,-2.7857160568237305,-2.80277943611145,0.007640539668500423,0.009422789327800274,0.018412163481116295
8557,-2.5580878257751465,-2.5997140407562256,0.01951749436557293,0.02210870012640953,0.018409928306937218
8558,-2.8625566959381104,-2.874752998352051,0.006492956075817347,0.005703454837203026,0.018407654017210007
8559,-2.687063455581665,-2.7018325328826904,0.006719100754708052,0.008049946278333664,0.018405307084321976
8560,-2.7994203567504883,-2.838616371154785,0.021206263452768326,0.01798968017101288,0.018402831628918648
8561,-2.8772685527801514,-2.928325891494751,0.024855684489011765,0.026201818138360977,0.018400374799966812
8562,-2.783259630203247,-2.7979259490966797,0.006238660775125027,0.008427510969340801,0.018397998064756393
8563,-2.6951828002929688,-2.713663101196289,0.009927680715918541,0.00855255126953125,0.018395625054836273
8564,-2.535872459411621,-2.86991024017334,0.16952893137931824,0.1645088940858841,0.01839333586394787
8565,-2.705368757247925,-2.748342752456665,0.020257024094462395,0.022717026993632317,0.01839095540344715
8566,-2.769416570663452,-2.810267448425293,0.022989768534898758,0.01786102168262005,0.01838839426636696
8567,-2.4176368713378906,-2.8018550872802734,0.18690550327301025,0.1973128616809845,0.018385956063866615
8568,-3.0072357654571533,-3.0140268802642822,0.003363637486472726,0.003427616087719798,0.0183835718780756
8569,-2.7138917446136475,-2.7546749114990234,0.019797878339886665,0.02098546177148819,0.018381178379058838
8570,-2.6579861640930176,-2.6741859912872314,0.007538998499512672,0.008660877123475075,0.018378673121333122
8571,-2.970940351486206,-2.9818978309631348,0.004250419791787863,0.0067069148644804955,0.018376311287283897
8572,-2.761280059814453,-2.774182081222534,0.0061981393955647945,0.006703766528517008,0.018373817205429077
8573,-2.7477877140045166,-2.7786855697631836,0.01602966897189617,0.01486821286380291,0.01837129145860672
8574,-2.7618651390075684,-2.7952959537506104,0.016525741666555405,0.016905149444937706,0.01836894266307354
8575,-2.640998125076294,-2.6948587894439697,0.025145741179585457,0.028714902698993683,0.018366578966379166
8576,-2.7122557163238525,-2.7254912853240967,0.006494387052953243,0.006741195917129517,0.01836443319916725
8577,-2.814107894897461,-2.843576669692993,0.010926947928965092,0.01854180172085762,0.01836235821247101
8578,-2.888693332672119,-2.9175503253936768,0.012992031872272491,0.015864767134189606,0.018360532820224762
8579,-2.8870038986206055,-2.9362661838531494,0.025421854108572006,0.02384052239358425,0.01835886389017105
8580,-2.7988569736480713,-2.809870719909668,0.005845322273671627,0.005168397910892963,0.018357252702116966
8581,-2.688136100769043,-2.7849950790405273,0.0466051921248436,0.05025392025709152,0.018355607986450195
8582,-2.561614751815796,-2.6077210903167725,0.022373920306563377,0.023732353001832962,0.018353966996073723
8583,-2.686923027038574,-2.7062759399414062,0.010302209295332432,0.009050585329532623,0.018352195620536804
8584,-2.69730281829834,-2.712235689163208,0.006440336816012859,0.008492511697113514,0.01835053600370884
8585,-2.812342643737793,-2.8257951736450195,0.006111340597271919,0.007341213524341583,0.018348900601267815
8586,-2.8323237895965576,-2.8648605346679688,0.016072511672973633,0.016464177519083023,0.018347242847085
8587,-2.830547571182251,-2.8640310764312744,0.016895296052098274,0.016588272526860237,0.01834554597735405
8588,-2.68856143951416,-2.7098448276519775,0.010340262204408646,0.010943125002086163,0.018343791365623474
8589,-2.6770241260528564,-2.687690496444702,0.006243277341127396,0.0044231051579117775,0.018341928720474243
8590,-2.760338068008423,-2.7701714038848877,0.004593688994646072,0.005239740014076233,0.01833999529480934
8591,-2.8895201683044434,-2.9028947353363037,0.005506646353751421,0.0078677237033844,0.018338028341531754
8592,-2.6854817867279053,-2.7325844764709473,0.021952655166387558,0.025150109082460403,0.018336091190576553
8593,-2.739982843399048,-2.7956106662750244,0.028140882030129433,0.027487123385071754,0.018334150314331055
8594,-2.6848058700561523,-2.6958601474761963,0.00508237536996603,0.005971815902739763,0.018332254141569138
8595,-2.8118579387664795,-2.820413827896118,0.004261517897248268,0.0042944494634866714,0.01833050139248371
8596,-2.378779172897339,-2.695645809173584,0.15449470281600952,0.16237179934978485,0.01832876168191433
8597,-2.6345882415771484,-2.6483829021453857,0.006333491299301386,0.007460978347808123,0.01832708716392517
8598,-2.734173536300659,-2.741636276245117,0.003616398200392723,0.003846511710435152,0.01832546293735504
8599,-2.508695125579834,-2.546557664871216,0.019523797556757927,0.018338724970817566,0.01832377165555954
8600,-2.6657004356384277,-2.690765380859375,0.011571166105568409,0.01349389087408781,0.018322046846151352
8601,-2.643907070159912,-2.662449598312378,0.008633407764136791,0.009909236803650856,0.018320417031645775
8602,-2.7777504920959473,-2.8103437423706055,0.015086868777871132,0.01750633865594864,0.01831870898604393
8603,-2.7152931690216064,-2.7761547565460205,0.02988249622285366,0.030979081988334656,0.018316900357604027
8604,-2.904984951019287,-2.920130729675293,0.006580752320587635,0.008565036579966545,0.018314966931939125
8605,-2.7989084720611572,-2.9012610912323,0.0524301715195179,0.04992251843214035,0.01831296645104885
8606,-2.85392689704895,-2.880356788635254,0.01405377872288227,0.012376111000776291,0.018311036750674248
8607,-2.7747902870178223,-2.882314920425415,0.05334489047527313,0.05417966470122337,0.018308967351913452
8608,-2.738307237625122,-2.757918119430542,0.010374026373028755,0.009236698038876057,0.018306689336895943
8609,-2.8775250911712646,-2.935903549194336,0.02534329891204834,0.03303514048457146,0.018304359167814255
8610,-2.8497965335845947,-2.85953426361084,0.004444768652319908,0.005292846355587244,0.01830197684466839
8611,-2.642371416091919,-2.7194952964782715,0.03556358814239502,0.041560523211956024,0.018299514427781105
8612,-2.615530014038086,-2.6673762798309326,0.026960590854287148,0.024885546416044235,0.01829705387353897
8613,-2.8304495811462402,-2.8491151332855225,0.010792853310704231,0.00787268579006195,0.018294621258974075
8614,-2.639089345932007,-2.6707921028137207,0.01608269289135933,0.015619900077581406,0.018292203545570374
8615,-2.697366952896118,-2.7095417976379395,0.004919025115668774,0.007255819626152515,0.01828986592590809
8616,-2.5569164752960205,-2.5853517055511475,0.0151796480640769,0.013255498372018337,0.018287459388375282
8617,-2.7041289806365967,-2.731935977935791,0.01414999458938837,0.01365720946341753,0.018285052850842476
8618,-2.7707743644714355,-2.794013023376465,0.01110329944640398,0.012135276570916176,0.018282778561115265
8619,-2.622021436691284,-2.653231620788574,0.017926005646586418,0.013284169137477875,0.01828046701848507
8620,-2.9515628814697266,-2.96170973777771,0.006576978135854006,0.0035699016880244017,0.018278175964951515
8621,-2.9588048458099365,-3.0293703079223633,0.03476164489984512,0.035803817212581635,0.018275892361998558
8622,-2.651947259902954,-2.6686465740203857,0.007624602876603603,0.009074665606021881,0.01827356591820717
8623,-3.022918224334717,-3.0363566875457764,0.0059142941609025,0.00752422446385026,0.018271230161190033
8624,-2.7639377117156982,-2.7726333141326904,0.0032172442879527807,0.0054784296080470085,0.01826876401901245
8625,-2.6665220260620117,-2.6791250705718994,0.004882358945906162,0.007720661349594593,0.018266230821609497
8626,-2.8292322158813477,-2.8682169914245605,0.02041097730398178,0.018573688343167305,0.018263695761561394
8627,-2.853850841522217,-2.916496753692627,0.03162636235356331,0.03101952373981476,0.018261117860674858
8628,-2.48366379737854,-2.5260822772979736,0.02111946977674961,0.021299157291650772,0.018258696421980858
8629,-2.907421112060547,-2.946709632873535,0.019330576062202454,0.01995806209743023,0.01825619861483574
8630,-2.8428523540496826,-2.8695292472839355,0.011736174114048481,0.01494082435965538,0.01825370080769062
8631,-2.4544014930725098,-2.496044158935547,0.01924939453601837,0.022393126040697098,0.01825110614299774
8632,-2.6689817905426025,-2.680161714553833,0.005831293761730194,0.005348628386855125,0.018248340114951134
8633,-2.701430559158325,-2.770669937133789,0.03619049862027168,0.033048924058675766,0.018245434388518333
8634,-2.6506102085113525,-2.688335657119751,0.020478928461670876,0.01724638231098652,0.018242640420794487
8635,-2.5960683822631836,-2.6090567111968994,0.005915088579058647,0.007073220796883106,0.018239857628941536
8636,-2.726823091506958,-2.7769505977630615,0.02564358338713646,0.024483973160386086,0.018237091600894928
8637,-2.8494088649749756,-2.869236707687378,0.009585370309650898,0.010242541320621967,0.018234334886074066
8638,-2.8787949085235596,-2.9085817337036133,0.01458745263516903,0.015199415385723114,0.01823165826499462
8639,-2.7065749168395996,-2.7259788513183594,0.009091830812394619,0.010312158614397049,0.01822894625365734
8640,-2.8447349071502686,-2.851637363433838,0.004002347122877836,0.002900155261158943,0.01822628639638424
8641,-2.8776464462280273,-2.88828182220459,0.004998954478651285,0.005636426620185375,0.01822364330291748
8642,-2.8315441608428955,-2.839792251586914,0.0034674922935664654,0.004780484363436699,0.018221037462353706
8643,-2.7757484912872314,-2.8110623359680176,0.017906347289681435,0.01740751788020134,0.018218396231532097
8644,-2.7972607612609863,-2.810807943344116,0.0070966617204248905,0.006450433749705553,0.0182157214730978
8645,-2.78547739982605,-2.7991507053375244,0.0060524651780724525,0.007620813325047493,0.01821315847337246
8646,-2.8564014434814453,-2.8676340579986572,0.005302967503666878,0.005929691717028618,0.018210526555776596
8647,-2.5587964057922363,-2.8044989109039307,0.12438808381557465,0.12131461501121521,0.01820782758295536
8648,-2.8427205085754395,-2.8627758026123047,0.009564139880239964,0.010491063818335533,0.018205100670456886
8649,-2.7409024238586426,-2.7553510665893555,0.006908266805112362,0.007540516089648008,0.01820249669253826
8650,-2.663787603378296,-2.677158832550049,0.007103235926479101,0.006267979741096497,0.01819976232945919
8651,-2.708709716796875,-2.7670319080352783,0.029740426689386368,0.0285817701369524,0.018196994438767433
8652,-2.866797685623169,-2.907970905303955,0.020005976781249046,0.02116730436682701,0.018194183707237244
8653,-2.178238868713379,-2.3991317749023438,0.10881569981575012,0.1120772510766983,0.018191425129771233
8654,-2.561525821685791,-2.645205020904541,0.04093623161315918,0.04274307191371918,0.018188633024692535
8655,-2.74259090423584,-2.7698888778686523,0.013077525421977043,0.014220514334738255,0.018185926601290703
8656,-2.8564207553863525,-2.9346067905426025,0.037017930299043655,0.04116811975836754,0.01818309910595417
8657,-2.9523961544036865,-2.9659347534179688,0.0062462398782372475,0.007292237598448992,0.01818026416003704
8658,-2.9386143684387207,-2.9661660194396973,0.013998002745211124,0.013553732074797153,0.018177464604377747
8659,-2.8744759559631348,-3.084411144256592,0.10532331466674805,0.10461188852787018,0.018174579367041588
8660,-2.845133066177368,-2.8643784523010254,0.00783618539571762,0.011409230530261993,0.01817176304757595
8661,-2.8785650730133057,-2.913433790206909,0.015079988166689873,0.019788673147559166,0.018168998882174492
8662,-2.788241147994995,-2.8365888595581055,0.024669120088219643,0.02367856167256832,0.018166251480579376
8663,-2.7049882411956787,-2.723952054977417,0.008886624127626419,0.010077296756207943,0.018163446336984634
8664,-2.58290696144104,-2.602187395095825,0.008519968017935753,0.010760552249848843,0.018160536885261536
8665,-2.692631959915161,-2.741438627243042,0.02369939349591732,0.025107281282544136,0.018157782033085823
8666,-2.6202330589294434,-2.6817498207092285,0.03067544847726822,0.03084144927561283,0.018155133351683617
8667,-2.4822206497192383,-2.4957871437072754,0.006235472392290831,0.007331103086471558,0.018152544274926186
8668,-2.7286787033081055,-2.739262580871582,0.004082988947629929,0.006501012481749058,0.018150009214878082
8669,-2.512814521789551,-2.7520015239715576,0.12270471453666687,0.11648227274417877,0.01814759522676468
8670,-2.803349018096924,-2.8306758403778076,0.015139995142817497,0.01218665111809969,0.018145041540265083
8671,-2.514878034591675,-2.523991584777832,0.00434240372851491,0.004771178588271141,0.018142489716410637
8672,-2.8006680011749268,-2.808795213699341,0.003912162967026234,0.004215108696371317,0.018139947205781937
8673,-2.8212225437164307,-2.8458333015441895,0.01216166466474533,0.012448916211724281,0.01813727430999279
8674,-2.7318038940429688,-2.7461910247802734,0.007524609100073576,0.00686258589848876,0.018134618178009987
8675,-2.730379581451416,-2.780790090560913,0.023428412154316902,0.026981987059116364,0.018131937831640244
8676,-2.7073121070861816,-2.733715057373047,0.012544246390461922,0.013858761638402939,0.01812928356230259
8677,-2.3617663383483887,-2.43837833404541,0.03657667711377144,0.04003514349460602,0.01812669076025486
8678,-2.678839921951294,-2.702765464782715,0.011423999443650246,0.012501378543674946,0.018124045804142952
8679,-2.649014472961426,-2.663907051086426,0.007915656082332134,0.006976913660764694,0.018121549859642982
8680,-2.964570999145508,-3.008002519607544,0.020194033160805702,0.023237423971295357,0.01811900921165943
8681,-2.7150087356567383,-2.7300713062286377,0.008426970802247524,0.006635569967329502,0.018116658553481102
8682,-2.861117362976074,-2.8821332454681396,0.011964846402406693,0.009051142260432243,0.018114231526851654
8683,-2.8712215423583984,-2.8910071849823,0.011991157196462154,0.0077943638898432255,0.018111709505319595
8684,-2.6851046085357666,-2.77360200881958,0.0477018803358078,0.04079547896981239,0.018109101802110672
8685,-2.924917221069336,-2.9319770336151123,0.003286572638899088,0.003773300675675273,0.018106605857610703
8686,-2.899625778198242,-2.9451706409454346,0.0226686242967844,0.022876353934407234,0.018104050308465958
8687,-2.666658639907837,-2.6974306106567383,0.01520786713808775,0.01556420885026455,0.01810154691338539
8688,-2.826047897338867,-2.8353517055511475,0.0039166477508842945,0.005387079901993275,0.018099157139658928
8689,-2.5868144035339355,-2.595262050628662,0.0037100641056895256,0.004737525247037411,0.018096722662448883
8690,-2.7111761569976807,-2.766669988632202,0.02880258485674858,0.026691289618611336,0.018094375729560852
8691,-2.9543867111206055,-2.969633102416992,0.00872808787971735,0.006518309470266104,0.0180922020226717
8692,-2.70713210105896,-2.764570474624634,0.029384609311819077,0.02805366739630699,0.018090035766363144
8693,-2.7811312675476074,-2.7888307571411133,0.004201887175440788,0.003497576806694269,0.018087975680828094
8694,-2.8817667961120605,-2.895430088043213,0.008232435211539268,0.005430908873677254,0.018085956573486328
8695,-2.8119330406188965,-2.8307602405548096,0.00842217542231083,0.01040516048669815,0.018083972856402397
8696,-2.186919927597046,-2.710831880569458,0.275758296251297,0.2481536567211151,0.018081843852996826
8697,-2.7700750827789307,-2.7822647094726562,0.006076503545045853,0.006113102193921804,0.018079791218042374
8698,-2.7463512420654297,-2.755831718444824,0.0046361288987100124,0.004844378679990768,0.01807771436870098
8699,-2.513273239135742,-2.524635076522827,0.00573716452345252,0.0056246984750032425,0.018075549975037575
8700,-2.697439670562744,-2.7533247470855713,0.027331136167049408,0.02855403907597065,0.01807323284447193
8701,-2.6854465007781982,-2.7052314281463623,0.010084467008709908,0.009700620546936989,0.018070966005325317
8702,-2.7934021949768066,-2.8046886920928955,0.0063006458804011345,0.004985757637768984,0.018068579956889153
8703,-2.717820882797241,-2.7353692054748535,0.009286419488489628,0.00826193206012249,0.018066244199872017
8704,-2.8133740425109863,-2.8234879970550537,0.005287885200232267,0.004826117306947708,0.018063969910144806
8705,-2.83380389213562,-2.8480987548828125,0.006390723399817944,0.007903999648988247,0.018061652779579163
8706,-2.6197867393493652,-2.6394639015197754,0.008459211327135563,0.0112179359421134,0.018059276044368744
8707,-2.870858907699585,-2.917781114578247,0.021216176450252533,0.025706125423312187,0.01805693469941616
8708,-2.6365857124328613,-2.6524598598480225,0.007357404101639986,0.008516871370375156,0.018054679036140442
8709,-2.8275578022003174,-2.869560718536377,0.020982054993510246,0.02102091908454895,0.018052492290735245
8710,-2.232285261154175,-2.7424139976501465,0.2524772584438324,0.2576514780521393,0.018050367012619972
8711,-2.74809193611145,-2.780999183654785,0.015211310237646103,0.017695873975753784,0.018048197031021118
8712,-2.8241889476776123,-2.926328182220459,0.0491914264857769,0.052947837859392166,0.018045950680971146
8713,-2.823007822036743,-2.833655834197998,0.005859001539647579,0.0047892238944768906,0.018043670803308487
8714,-2.846217393875122,-2.899095058441162,0.025946669280529022,0.026930933818221092,0.018041450530290604
8715,-2.898477792739868,-2.9659876823425293,0.032643482089042664,0.03486623615026474,0.018039025366306305
8716,-2.527824640274048,-2.597583055496216,0.03284669294953346,0.036911752074956894,0.018036548048257828
8717,-2.815383195877075,-2.8285155296325684,0.005257360637187958,0.007874947972595692,0.01803407073020935
8718,-2.4148495197296143,-2.482754707336426,0.03581787645816803,0.032087292522192,0.018031543120741844
8719,-2.6816930770874023,-2.7318685054779053,0.022734422236680984,0.027440950274467468,0.018028955906629562
8720,-2.4529478549957275,-2.8001656532287598,0.18037104606628418,0.16684675216674805,0.018026316538453102
8721,-2.5937130451202393,-2.7027859687805176,0.056685756891965866,0.052387285977602005,0.018023479729890823
8722,-2.8330790996551514,-2.8994383811950684,0.032175347208976746,0.0341840423643589,0.01802062802016735
8723,-2.735830545425415,-2.8038458824157715,0.03308248519897461,0.034932851791381836,0.01801774837076664
8724,-2.8123490810394287,-2.9187238216400146,0.049323905259370804,0.05705099180340767,0.018014801666140556
8725,-2.8979086875915527,-2.95674467086792,0.030068673193454742,0.028767302632331848,0.018011847510933876
8726,-2.6839563846588135,-2.7139649391174316,0.016109945252537727,0.01389850489795208,0.018008824437856674
8727,-2.952631950378418,-2.991948366165161,0.02191205509006977,0.017404310405254364,0.01800581067800522
8728,-2.880101203918457,-2.899362325668335,0.01026933453977108,0.008991768583655357,0.01800280623137951
8729,-2.89603328704834,-2.912262201309204,0.006662555504590273,0.009566259570419788,0.017999887466430664
8730,-2.59199595451355,-2.6177093982696533,0.01441078819334507,0.011302740313112736,0.017997080460190773
8731,-2.9095468521118164,-2.9284727573394775,0.009633422829210758,0.00929237250238657,0.017994197085499763
8732,-2.6580989360809326,-2.6727752685546875,0.007770337164402008,0.006906119175255299,0.01799124665558338
8733,-2.712707042694092,-2.7425122261047363,0.014429032802581787,0.015376121737062931,0.017988253384828568
8734,-2.8373117446899414,-2.880765914916992,0.02280878834426403,0.020645461976528168,0.01798538863658905
8735,-2.6310579776763916,-2.691417694091797,0.029978450387716293,0.03038126602768898,0.01798250712454319
8736,-2.827970266342163,-2.844715118408203,0.01001635380089283,0.0067284987308084965,0.01797957345843315
8737,-2.703486680984497,-2.754112958908081,0.027503788471221924,0.023122573271393776,0.017976650968194008
8738,-2.6392462253570557,-2.7363390922546387,0.0510810911655426,0.046011678874492645,0.017973702400922775
8739,-2.8365530967712402,-2.8558859825134277,0.009536981582641602,0.009795857593417168,0.017970772460103035
8740,-2.7892208099365234,-2.8671329021453857,0.03823124244809151,0.039681024849414825,0.01796790212392807
8741,-2.8141350746154785,-2.830359935760498,0.009062403813004494,0.007162460591644049,0.01796502247452736
8742,-2.800860643386841,-2.8120083808898926,0.005926067009568214,0.005221622996032238,0.017962059006094933
8743,-2.9261348247528076,-2.9461171627044678,0.007253811229020357,0.012728491798043251,0.017959121614694595
8744,-2.8115408420562744,-2.8328635692596436,0.008984931744635105,0.01233759243041277,0.017956193536520004
8745,-2.775874376296997,-2.8015999794006348,0.012344636023044586,0.013380911201238632,0.01795315369963646
8746,-2.7956864833831787,-2.8051412105560303,0.00393462460488081,0.005520103964954615,0.01795012317597866
8747,-2.8443470001220703,-2.8610317707061768,0.009659918956458569,0.007024729624390602,0.017947135493159294
8748,-2.6472127437591553,-2.682070732116699,0.01635509356856346,0.018502891063690186,0.017944278195500374
8749,-2.7666475772857666,-2.870048999786377,0.05179435387253761,0.05160702392458916,0.017941540107131004
8750,-2.757307291030884,-2.788376808166504,0.013338993303477764,0.017730502411723137,0.01793898269534111
8751,-2.7282824516296387,-2.7445390224456787,0.008306100964546204,0.00795045681297779,0.017936211079359055
8752,-2.6910386085510254,-2.7096807956695557,0.01024430338293314,0.008397912606596947,0.017933441326022148
8753,-2.8172547817230225,-2.8303072452545166,0.006218157708644867,0.006834327708929777,0.01793074607849121
8754,-2.748187780380249,-2.755274772644043,0.002984218765050173,0.004102668259292841,0.017927952110767365
8755,-2.665182113647461,-2.673069477081299,0.0040166969411075115,0.0038706446066498756,0.017924942076206207
8756,-2.722902536392212,-2.775228500366211,0.026323750615119934,0.02600213512778282,0.017921950668096542
8757,-2.83841872215271,-2.903974771499634,0.03190508484840393,0.033650804311037064,0.01791892573237419
8758,-2.6096715927124023,-2.6627745628356934,0.02776511013507843,0.02533799409866333,0.01791590265929699
8759,-2.5160162448883057,-2.5283079147338867,0.0061730314046144485,0.006118469405919313,0.017913082614541054
8760,-2.8472094535827637,-2.8535993099212646,0.0028364360332489014,0.003553319489583373,0.017910392954945564
8761,-2.81130051612854,-2.8189430236816406,0.003479680744931102,0.0041628070175647736,0.01790771074593067
8762,-2.907261371612549,-2.924999237060547,0.0102097038179636,0.007528012618422508,0.017905106768012047
8763,-2.9843969345092773,-2.996917247772217,0.006096180062741041,0.006424120161682367,0.017902588471770287
8764,-2.802946090698242,-2.809168577194214,0.003423124784603715,0.002799160312861204,0.01790006086230278
8765,-2.8234329223632812,-2.875473976135254,0.0276560727506876,0.024384984746575356,0.01789778284728527
8766,-2.6212942600250244,-2.633685350418091,0.00531469751149416,0.007076534442603588,0.017895495519042015
8767,-2.8064348697662354,-2.8231375217437744,0.009522223845124245,0.007180462591350079,0.01789332926273346
8768,-2.831286907196045,-2.8777549266815186,0.024047084152698517,0.022420870140194893,0.01789124682545662
8769,-2.873410224914551,-2.935326099395752,0.031268876045942307,0.030647117644548416,0.017889216542243958
8770,-2.9214611053466797,-2.952230930328369,0.015549101866781712,0.015220589004456997,0.017887067049741745
8771,-2.6934823989868164,-2.753075122833252,0.028415478765964508,0.031177377328276634,0.017884986475110054
8772,-2.640317916870117,-2.6776816844940186,0.017613884061574936,0.019749833270907402,0.0178830586373806
8773,-2.9670565128326416,-2.981283664703369,0.007445827592164278,0.006781267933547497,0.017881130799651146
8774,-2.9456441402435303,-2.998501777648926,0.026423512026667595,0.026434283703565598,0.01787920482456684
8775,-2.8597757816314697,-2.8871266841888428,0.014168994501233101,0.013181829825043678,0.017877236008644104
8776,-2.508429527282715,-2.5288920402526855,0.010570202022790909,0.009892113506793976,0.017875446006655693
8777,-2.8545944690704346,-2.8614797592163086,0.0033723055385053158,0.0035132013726979494,0.017873739823698997
8778,-2.893911123275757,-2.9431350231170654,0.026641573756933212,0.022582223638892174,0.01787203550338745
8779,-2.66621732711792,-2.676022529602051,0.005328470375388861,0.004476859699934721,0.017870306968688965
8780,-2.754692792892456,-2.7914047241210938,0.02159803733229637,0.015113819390535355,0.017868559807538986
8781,-2.568941354751587,-2.635197639465332,0.03455924242734909,0.03169705718755722,0.017866719514131546
8782,-2.920107841491699,-2.9375007152557373,0.007830759510397911,0.00956195779144764,0.017864912748336792
8783,-2.656156063079834,-2.708385705947876,0.02912265434861183,0.023106936365365982,0.01786297932267189
8784,-2.693960666656494,-2.7325599193573,0.01913289912045002,0.01946641318500042,0.017861079424619675
8785,-2.640331268310547,-2.6556921005249023,0.007728931028395891,0.007631987798959017,0.017859188839793205
8786,-2.8036725521087646,-2.8648183345794678,0.0284638162702322,0.03268187865614891,0.017857393249869347
8787,-2.873494863510132,-2.9061086177825928,0.015408455394208431,0.01720532216131687,0.01785542629659176
8788,-2.8545446395874023,-2.902794361114502,0.02417387068271637,0.024075673893094063,0.017853492870926857
8789,-2.8181393146514893,-2.8377697467803955,0.008333291858434677,0.011297290213406086,0.017851535230875015
8790,-2.6958391666412354,-2.7058634757995605,0.004981586709618568,0.005042855627834797,0.017849501222372055
8791,-2.6421656608581543,-2.711556911468506,0.03699226677417755,0.03239891678094864,0.017847338691353798
8792,-2.9005167484283447,-2.997976779937744,0.04749152436852455,0.04996837303042412,0.017845304682850838
8793,-2.6379029750823975,-2.683504343032837,0.02315264195203781,0.022448748350143433,0.01784343272447586
8794,-2.9040534496307373,-2.9514002799987793,0.02361440099775791,0.023732513189315796,0.017841672524809837
8795,-2.882405996322632,-2.8911068439483643,0.0038048229180276394,0.0048959702253341675,0.017839809879660606
8796,-2.623366117477417,-2.708157539367676,0.04441587254405022,0.040375567972660065,0.017838064581155777
8797,-3.156761646270752,-3.1818361282348633,0.012702135369181633,0.01237219013273716,0.017836373299360275
8798,-2.8649485111236572,-2.9140408039093018,0.03197326138615608,0.017118846997618675,0.017834799364209175
8799,-2.6150295734405518,-2.899928092956543,0.14063715934753418,0.14426128566265106,0.017833303660154343
8800,-2.629401206970215,-2.6869125366210938,0.028880057856440544,0.028631126508116722,0.01783173903822899
8801,-3.046640396118164,-3.056659460067749,0.005810045637190342,0.004209033213555813,0.017830301076173782
8802,-2.6586086750030518,-2.728961706161499,0.03485790640115738,0.0354950875043869,0.017828702926635742
8803,-2.9262261390686035,-2.933840036392212,0.0035580003168433905,0.0040559652261435986,0.017827019095420837
8804,-2.5710270404815674,-2.585188865661621,0.008499027229845524,0.005662576295435429,0.017825208604335785
8805,-2.699955701828003,-2.735835075378418,0.017745517194271088,0.01813376322388649,0.017823373898863792
8806,-2.8388469219207764,-2.8505635261535645,0.00592622347176075,0.005790430586785078,0.017821554094552994
8807,-2.9393577575683594,-2.9539639949798584,0.006751399952918291,0.0078548239544034,0.017819855362176895
8808,-2.676171064376831,-2.7226359844207764,0.025977076962590218,0.020487675443291664,0.017818156629800797
8809,-2.810351848602295,-2.820242404937744,0.004372051917016506,0.005518332123756409,0.0178163293749094
8810,-2.885906934738159,-2.8992512226104736,0.00739251310005784,0.005951781291514635,0.017814425751566887
8811,-2.8989298343658447,-2.932285785675049,0.01717699132859707,0.01617889292538166,0.01781248115003109
8812,-2.7150521278381348,-2.785175323486328,0.03549795225262642,0.03462523967027664,0.01781068928539753
8813,-2.701809883117676,-2.750872850418091,0.028194285929203033,0.020868660882115364,0.017808973789215088
8814,-2.7279365062713623,-2.7495486736297607,0.01457162108272314,0.007040521129965782,0.017807191237807274
8815,-2.8974339962005615,-2.9295034408569336,0.01637415960431099,0.01569541171193123,0.01780533976852894
8816,-2.7831151485443115,-2.8643195629119873,0.03871246054768562,0.042491938918828964,0.01780366711318493
8817,-2.6473445892333984,-2.8655405044555664,0.12624606490135193,0.09194986522197723,0.017801960930228233
8818,-2.6825199127197266,-2.854360818862915,0.0859043076634407,0.08593662083148956,0.017800169065594673
8819,-2.6812493801116943,-2.6993167400360107,0.007490269839763641,0.01057731918990612,0.01779833622276783
8820,-2.62441086769104,-2.636117458343506,0.007384716533124447,0.004321931395679712,0.017796453088521957
8821,-2.626441478729248,-2.6491756439208984,0.01176277082413435,0.010971395298838615,0.017794474959373474
8822,-2.798053503036499,-2.8059298992156982,0.004204310942441225,0.003672141581773758,0.01779232919216156
8823,-3.005882740020752,-3.0195605754852295,0.007909096777439117,0.005768792703747749,0.017790300771594048
8824,-2.6743221282958984,-2.754946231842041,0.040368661284446716,0.04025554284453392,0.017788274213671684
8825,-2.727748394012451,-2.7360000610351562,0.005141940899193287,0.00310974707826972,0.017786212265491486
8826,-2.802551507949829,-2.823786973953247,0.010609724558889866,0.010625888593494892,0.01778402552008629
8827,-3.046571969985962,-3.0571210384368896,0.005940277129411697,0.004608750808984041,0.01778186298906803
8828,-2.48154878616333,-2.4981815814971924,0.007984778843820095,0.008647849783301353,0.01777978613972664
8829,-2.731196403503418,-2.796802520751953,0.029776694253087044,0.03582921251654625,0.017777614295482635
8830,-2.7825191020965576,-2.7966208457946777,0.006580037996172905,0.007521727588027716,0.017775436863303185
8831,-2.62886381149292,-2.662795066833496,0.016720794141292572,0.01721039228141308,0.017773199826478958
8832,-2.7721190452575684,-2.786269187927246,0.007666395045816898,0.00648372620344162,0.017771080136299133
8833,-2.676588773727417,-2.9163691997528076,0.1193975880742073,0.12038268148899078,0.01776905544102192
8834,-2.937455177307129,-2.9512624740600586,0.0067785559222102165,0.007028765510767698,0.017767107114195824
8835,-2.609145164489746,-2.62646746635437,0.007328934036195278,0.009993229992687702,0.017765309661626816
8836,-2.6438565254211426,-2.708265542984009,0.029675740748643875,0.03473334386944771,0.017763420939445496
8837,-2.7125778198242188,-2.831942081451416,0.06116221100091934,0.058201976120471954,0.0177617110311985
8838,-2.623398780822754,-2.7677388191223145,0.075192391872406,0.06914754956960678,0.017759932205080986
8839,-3.101463556289673,-3.159956693649292,0.028518598526716232,0.029974408447742462,0.017758186906576157
8840,-2.7166969776153564,-2.733865737915039,0.007621339987963438,0.009547417052090168,0.017756367102265358
8841,-2.8765580654144287,-2.8996076583862305,0.010929019190371037,0.012120407074689865,0.017754757776856422
8842,-2.7928502559661865,-2.834869623184204,0.02335750311613083,0.018662026152014732,0.017753150314092636
8843,-2.7393252849578857,-2.789280414581299,0.02441265992820263,0.025542547926306725,0.01775159314274788
8844,-2.808985710144043,-2.8499319553375244,0.018891246989369392,0.02205486409366131,0.017750093713402748
8845,-2.6416258811950684,-2.6785593032836914,0.01896652579307556,0.01796688698232174,0.01774870604276657
8846,-2.711259126663208,-2.728030204772949,0.008375914767384529,0.00839510653167963,0.0177474208176136
8847,-2.6571760177612305,-2.685542106628418,0.01549539901316166,0.012870864942669868,0.017746057361364365
8848,-2.649895668029785,-2.7855706214904785,0.07053065299987793,0.06514441967010498,0.017744746059179306
8849,-2.6354923248291016,-2.6696150302886963,0.019243832677602768,0.014879097230732441,0.017743468284606934
8850,-2.9183123111724854,-2.967067241668701,0.023107778280973434,0.025647051632404327,0.017741970717906952
8851,-2.816741466522217,-2.8271896839141846,0.004437026102095842,0.006011135410517454,0.017740515992045403
8852,-2.8389933109283447,-2.897156000137329,0.028243105858564377,0.029919520020484924,0.017739078029990196
8853,-2.768131971359253,-2.7796056270599365,0.006336791440844536,0.005137014668434858,0.01773754693567753
8854,-2.980959177017212,-3.0190727710723877,0.0186842642724514,0.019429508596658707,0.0177359227091074
8855,-2.845769166946411,-2.882038116455078,0.018213164061307907,0.018055640161037445,0.017734207212924957
8856,-2.8009214401245117,-2.9649133682250977,0.08310894668102264,0.08088294416666031,0.017732540145516396
8857,-2.8692805767059326,-2.9009203910827637,0.015092364512383938,0.016547352075576782,0.017730941995978355
8858,-2.519888401031494,-2.735596179962158,0.10276959091424942,0.11293807625770569,0.017729276791214943
8859,-2.8004207611083984,-2.8326947689056396,0.01449842844158411,0.01777549833059311,0.01772741787135601
8860,-2.75150728225708,-2.773132085800171,0.01187727227807045,0.009747548960149288,0.017725463956594467
8861,-2.655463933944702,-2.6731104850769043,0.010192795656621456,0.007453600876033306,0.017723597586154938
8862,-2.5379528999328613,-2.553067207336426,0.007405271753668785,0.007709131110459566,0.01772172935307026
8863,-2.223314046859741,-2.661436080932617,0.22237642109394073,0.21574565768241882,0.017719954252243042
8864,-2.8660218715667725,-2.8941407203674316,0.013394012115895748,0.014724701642990112,0.017718138173222542
8865,-2.9071409702301025,-2.9178333282470703,0.0047033848240971565,0.005989016965031624,0.017716245725750923
8866,-2.690730571746826,-2.7224268913269043,0.01613686978816986,0.015559441410005093,0.017714286223053932
8867,-2.5901296138763428,-2.776592254638672,0.09176819026470184,0.09469427168369293,0.017712367698550224
8868,-2.831244468688965,-2.843332290649414,0.006082264706492424,0.006005408242344856,0.017710451036691666
8869,-2.9445137977600098,-2.9553451538085938,0.00552783627063036,0.005303524900227785,0.017708510160446167
8870,-2.4440090656280518,-2.7070538997650146,0.1350518763065338,0.12799283862113953,0.017706550657749176
8871,-2.904110908508301,-2.9633450508117676,0.029130976647138596,0.030103128403425217,0.017704566940665245
8872,-2.7326722145080566,-2.762052536010742,0.014445671811699867,0.014934610575437546,0.01770249754190445
8873,-2.792619466781616,-2.835801124572754,0.02048603817820549,0.022695614024996758,0.017700370401144028
8874,-2.995619058609009,-3.012531280517578,0.008704666048288345,0.008207479491829872,0.01769810914993286
8875,-2.7405359745025635,-2.7514283657073975,0.005899193696677685,0.004993097856640816,0.01769573800265789
8876,-2.082012414932251,-2.7630693912506104,0.34513986110687256,0.3359171748161316,0.01769340969622135
8877,-2.6217474937438965,-2.629946708679199,0.003155880142003298,0.005043283570557833,0.01769092120230198
8878,-2.7360098361968994,-2.786445140838623,0.024176346138119698,0.02625901810824871,0.017688389867544174
8879,-2.6716396808624268,-2.696941375732422,0.012582511641085148,0.01271912269294262,0.0176859013736248
8880,-2.739780902862549,-2.76629900932312,0.012918408960103989,0.013599619269371033,0.017683271318674088
8881,-2.723306179046631,-2.760352849960327,0.017537208274006844,0.01950959302484989,0.01768079213798046
8882,-2.7679824829101562,-2.7830557823181152,0.006139812525361776,0.008933519013226032,0.017678262665867805
8883,-2.7063963413238525,-2.7765896320343018,0.036090828478336334,0.03410238027572632,0.01767561584711075
8884,-2.9403557777404785,-2.963651418685913,0.011892236769199371,0.011403313837945461,0.017672885209321976
8885,-2.893517255783081,-2.9031307697296143,0.004419666714966297,0.005193841643631458,0.017670080065727234
8886,-2.803661346435547,-2.8396265506744385,0.01798734813928604,0.017977861687541008,0.017667315900325775
8887,-2.885767936706543,-2.9926633834838867,0.054415054619312286,0.05248047411441803,0.017664704471826553
8888,-2.741819143295288,-2.9452154636383057,0.10352756083011627,0.09986872225999832,0.017662128433585167
8889,-2.863112449645996,-2.8939006328582764,0.01485463883727789,0.015933513641357422,0.017659593373537064
8890,-2.6371800899505615,-2.6521358489990234,0.007867271080613136,0.007088459562510252,0.01765705831348896
8891,-2.756652593612671,-2.7744028568267822,0.009860999882221222,0.007889248430728912,0.01765448972582817
