step,total_loss,actor_loss,q1_loss,q2_loss,alpha
1,0.13532397150993347,0.05616632476449013,0.039591092616319656,0.03956655040383339,0.19993999600410461
2,0.2419053316116333,0.11399945616722107,0.06393682211637497,0.06396905332803726,0.19988055527210236
3,0.22520247101783752,0.11277934163808823,0.0561792254447937,0.0562439039349556,0.19982120394706726
4,0.13803380727767944,0.06976987421512604,0.03410597890615463,0.03415795415639877,0.1997615545988083
5,0.12855343520641327,0.05454450100660324,0.03700911998748779,0.036999814212322235,0.19970162212848663
6,0.15758955478668213,0.09341096878051758,0.03207651898264885,0.0321020670235157,0.19964182376861572
7,0.12634620070457458,0.03795122727751732,0.04420395568013191,0.044191014021635056,0.19958169758319855
8,0.09961830079555511,0.055391114205121994,0.022110935300588608,0.022116247564554214,0.19952143728733063
9,0.13333287835121155,0.06967277079820633,0.03183208405971527,0.031828030943870544,0.1994612216949463
10,0.1904745101928711,0.06674632430076599,0.06191692501306534,0.06181126460433006,0.19940103590488434
11,0.05834392085671425,-0.042881373316049576,0.05063742771744728,0.050587866455316544,0.1993400901556015
12,0.0991709977388382,0.04238976165652275,0.028383513912558556,0.02839772403240204,0.19927914440631866
13,0.15660133957862854,0.09865446388721466,0.02898693084716797,0.02895995043218136,0.19921879470348358
14,0.1091681569814682,0.017156409099698067,0.04601949453353882,0.04599225893616676,0.19915810227394104
15,0.0955280289053917,0.03998421132564545,0.02780357003211975,0.027740245684981346,0.19909735023975372
16,0.1576925367116928,0.09872966259717941,0.029484063386917114,0.029478799551725388,0.19903717935085297
17,0.13151781260967255,0.08684857189655304,0.022346315905451775,0.02232292667031288,0.19897735118865967
18,0.13324664533138275,0.07222223281860352,0.030525032430887222,0.03049938753247261,0.19891765713691711
19,0.14606323838233948,0.06931515038013458,0.0383618138730526,0.0383862666785717,0.19885802268981934
20,0.17466092109680176,0.10067211836576462,0.036997485905885696,0.03699130564928055,0.19879883527755737
21,0.11417984217405319,0.06142924353480339,0.026372920721769333,0.02637767791748047,0.19873955845832825
22,0.13169123232364655,0.08228538185358047,0.024748923256993294,0.024656934663653374,0.19868043065071106
23,0.10949001461267471,0.0389382429420948,0.035285674035549164,0.03526609390974045,0.19862094521522522
24,0.15752369165420532,0.10121051222085953,0.02817927673459053,0.028133902698755264,0.1985618770122528
25,0.14130426943302155,0.07902833819389343,0.03114345669746399,0.031132472679018974,0.19850289821624756
26,0.05830264091491699,0.0110658910125494,0.023615915328264236,0.023620834574103355,0.198443204164505
27,0.19500432908535004,0.11030595004558563,0.042351678013801575,0.04234670475125313,0.19838407635688782
28,0.16955187916755676,0.05983671918511391,0.054884955286979675,0.05483020469546318,0.19832481443881989
29,0.18657642602920532,0.11044171452522278,0.038098372519016266,0.03803633898496628,0.19826607406139374
30,0.22896580398082733,0.08601059019565582,0.07143978774547577,0.07151542603969574,0.19820746779441833
31,0.12120920419692993,0.03912206366658211,0.04104020446538925,0.04104693606495857,0.19814838469028473
32,0.14404064416885376,0.07832635939121246,0.032859623432159424,0.03285466134548187,0.1980893760919571
33,-0.034750159829854965,-0.070487380027771,0.017869025468826294,0.017868194729089737,0.19802869856357574
34,0.13695411384105682,0.07717050611972809,0.02990918606519699,0.029874425381422043,0.19796833395957947
35,0.13041935861110687,0.0808800756931305,0.024783628061413765,0.024755652993917465,0.19790825247764587
36,0.13690423965454102,0.07490971684455872,0.030983924865722656,0.031010594218969345,0.1978483647108078
37,0.10060462355613708,0.05310403183102608,0.02373558096587658,0.023765016347169876,0.19778837263584137
38,0.15867599844932556,0.07876724749803543,0.039930056780576706,0.03997869789600372,0.19772860407829285
39,0.1628427654504776,0.10675085335969925,0.028076855465769768,0.02801506593823433,0.19766943156719208
40,0.16735777258872986,0.08353779464960098,0.04194721207022667,0.0418727770447731,0.19761043787002563
41,0.15768037736415863,0.10559635609388351,0.02607635408639908,0.02600766345858574,0.1975519210100174
42,0.11170604079961777,0.06925103068351746,0.021218575537204742,0.02123643457889557,0.19749334454536438
43,0.18299749493598938,0.1158897653222084,0.033557720482349396,0.033550016582012177,0.19743531942367554
44,0.08309503644704819,0.025760741904377937,0.028657743707299232,0.028676550835371017,0.1973765790462494
45,0.11233870685100555,0.06257161498069763,0.024858657270669937,0.024908440187573433,0.1973176896572113
46,0.1334901750087738,0.08398599922657013,0.024738941341638565,0.024765238165855408,0.19725896418094635
47,0.07850819826126099,0.01270970143377781,0.03292413800954819,0.03287436068058014,0.19719938933849335
48,0.0935792326927185,0.010771594941616058,0.04144439473748207,0.04136323928833008,0.19713906943798065
49,0.13822320103645325,0.09062302112579346,0.023783965036273003,0.023816213011741638,0.19707921147346497
50,0.14648480713367462,0.09564623981714249,0.025421585887670517,0.025416988879442215,0.1970197707414627
51,0.07499304413795471,0.037568703293800354,0.018718913197517395,0.018705427646636963,0.1969599425792694
52,0.12142662703990936,0.025791021063923836,0.047846872359514236,0.04778872802853584,0.19689956307411194
53,0.14346221089363098,0.09329354763031006,0.02508767694234848,0.025080978870391846,0.19683967530727386
54,0.11241984367370605,0.011517615057528019,0.05044935271143913,0.050452880561351776,0.1967790424823761
55,0.137314110994339,0.05426307022571564,0.04150250554084778,0.04154853895306587,0.19671839475631714
56,0.1762973517179489,0.10350639373064041,0.036383431404829025,0.036407530307769775,0.19665838778018951
57,0.20238885283470154,0.08091352880001068,0.06070934608578682,0.06076597794890404,0.19659866392612457
58,0.16830629110336304,0.07479608058929443,0.04671059176325798,0.04679960757493973,0.19653907418251038
59,0.2461736500263214,0.052269622683525085,0.09693717211484909,0.09696686267852783,0.19647929072380066
60,0.18492889404296875,0.11367832869291306,0.035606078803539276,0.035644493997097015,0.19642020761966705
61,0.09656187891960144,0.023128099739551544,0.03677566722035408,0.036658115684986115,0.19636046886444092
62,0.10892961919307709,0.03941957652568817,0.034765928983688354,0.03474411368370056,0.19630035758018494
63,0.06769892573356628,0.025606852024793625,0.021038856357336044,0.021053217351436615,0.19623975455760956
64,0.16961172223091125,0.08959189057350159,0.040032826364040375,0.03998700529336929,0.19617962837219238
65,0.09555449336767197,0.021119073033332825,0.037261269986629486,0.037174150347709656,0.19611892104148865
66,0.13701550662517548,0.09217629581689835,0.02243649587035179,0.022402716800570488,0.1960587501525879
67,0.12448962032794952,0.04318902641534805,0.04064039885997772,0.04066019505262375,0.19599832594394684
68,0.13529247045516968,0.07786203175783157,0.028689946979284286,0.028740497305989265,0.19593816995620728
69,0.1673438847064972,0.08696682006120682,0.0401400588452816,0.04023701325058937,0.19587840139865875
70,0.08938317000865936,0.0469597652554512,0.021217796951532364,0.0212056003510952,0.19581840932369232
71,0.1854371279478073,0.0939393863081932,0.04581476002931595,0.04568298161029816,0.1957588642835617
72,0.10319285839796066,0.043263986706733704,0.029960062354803085,0.029968805611133575,0.19569902122020721
73,0.07773396372795105,0.017956232652068138,0.029907163232564926,0.029870571568608284,0.1956385374069214
74,0.07256186008453369,0.007341859862208366,0.03262332081794739,0.03259667381644249,0.19557732343673706
75,0.19283591210842133,0.0996037945151329,0.04655241221189499,0.04667970538139343,0.19551682472229004
76,0.10298806428909302,0.05447470024228096,0.024303553625941277,0.02420981414616108,0.19545632600784302
77,0.15103529393672943,0.09395734965801239,0.028522461652755737,0.028555477038025856,0.19539636373519897
78,0.11196179687976837,0.0346907302737236,0.03869067132472992,0.03858039155602455,0.19533602893352509
79,0.17898418009281158,0.07033507525920868,0.05432428419589996,0.05432481691241264,0.19527585804462433
80,0.32607096433639526,0.05477844178676605,0.13559451699256897,0.13569799065589905,0.1952156275510788
81,0.11736926436424255,0.04097950458526611,0.03816027194261551,0.03822948411107063,0.19515515863895416
82,0.11496514081954956,0.0736573338508606,0.02067667990922928,0.020631130784749985,0.19509492814540863
83,0.1307300478219986,0.04669896513223648,0.04200257360935211,0.0420285128057003,0.19503451883792877
84,0.23307684063911438,0.06448691338300705,0.08428676426410675,0.08430316299200058,0.19497424364089966
85,0.18780194222927094,0.12418203055858612,0.03180261701345444,0.031817302107810974,0.19491498172283173
86,0.1340659260749817,0.09028879553079605,0.0219253059476614,0.02185181900858879,0.19485610723495483
87,0.13160967826843262,0.08579970896244049,0.02289615012705326,0.022913824766874313,0.19479751586914062
88,0.14482904970645905,0.09239193797111511,0.02623429149389267,0.02620282582938671,0.19473928213119507
89,0.10101301968097687,0.0638064444065094,0.01858270913362503,0.01862386241555214,0.19468089938163757
90,0.11683747172355652,0.06756705045700073,0.024671025574207306,0.02459939941763878,0.1946224719285965
91,0.1366763412952423,0.08953744918107986,0.02354557439684868,0.023593328893184662,0.1945643275976181
92,0.08767563104629517,0.04036664962768555,0.02367217279970646,0.02363681234419346,0.19450567662715912
93,0.15635773539543152,0.11006627231836319,0.023182623088359833,0.023108847439289093,0.1944476217031479
94,0.1357659250497818,0.08099982887506485,0.027428356930613518,0.027337733656167984,0.1943897008895874
95,0.03453940525650978,-0.013366575352847576,0.023955143988132477,0.023950835689902306,0.19433045387268066
96,0.04785817116498947,0.0200781412422657,0.013871507719159126,0.013908518478274345,0.194270521402359
97,0.13914355635643005,0.034463077783584595,0.05238650366663933,0.05229397490620613,0.19421017169952393
98,0.09388848394155502,0.03240201622247696,0.030766842886805534,0.03071962110698223,0.19414947926998138
99,0.05543168634176254,0.026449210941791534,0.014477334916591644,0.014505140483379364,0.1940883845090866
100,0.12459804862737656,0.07905334234237671,0.022826392203569412,0.022718317806720734,0.19402773678302765
101,0.10551872104406357,0.07649779319763184,0.014522846788167953,0.01449807919561863,0.19396737217903137
102,0.06823332607746124,0.02828368917107582,0.01997530832886696,0.019974328577518463,0.19390659034252167
103,0.14170122146606445,0.08452840149402618,0.028660092502832413,0.028512729331851006,0.19384628534317017
104,0.1207994669675827,0.08738715201616287,0.016721080988645554,0.016691239550709724,0.19378647208213806
105,0.12580852210521698,0.0525679774582386,0.03662693873047829,0.03661360591650009,0.1937265396118164
106,0.10586770623922348,0.02517552115023136,0.040445730090141296,0.04024645686149597,0.19366608560085297
107,0.13088880479335785,0.0694439709186554,0.03072092868387699,0.03072390891611576,0.19360584020614624
108,0.13522084057331085,0.06506569683551788,0.035064395517110825,0.035090748220682144,0.19354569911956787
109,0.12928412854671478,0.05573311075568199,0.036773525178432465,0.036777496337890625,0.19348551332950592
110,0.08143860846757889,0.039579782634973526,0.02091376483440399,0.02094505913555622,0.19342507421970367
111,0.1079624593257904,0.04150489345192909,0.03315996006131172,0.03329760581254959,0.19336441159248352
112,0.10306541621685028,0.038687657564878464,0.03215358778834343,0.03222417086362839,0.19330352544784546
113,0.10760387778282166,0.057690974324941635,0.02495535835623741,0.024957546964287758,0.19324269890785217
114,0.16433455049991608,0.07543332129716873,0.044447626918554306,0.044453609734773636,0.19318220019340515
115,0.10156354308128357,0.03594890609383583,0.032864946871995926,0.03274969011545181,0.19312138855457306
116,0.12641668319702148,0.07729503512382507,0.02454078570008278,0.02458086982369423,0.193060964345932
117,0.09358961880207062,0.04009988531470299,0.026785798370838165,0.026703935116529465,0.19300033152103424
118,0.12293769419193268,0.07429463416337967,0.024351811036467552,0.024291248992085457,0.19293998181819916
119,0.20359638333320618,0.1167236864566803,0.04350840300321579,0.04336428642272949,0.1928805559873581
120,0.14599977433681488,0.07924117147922516,0.03349647298455238,0.033262137323617935,0.19282138347625732
121,0.12310869991779327,0.075558140873909,0.02383064292371273,0.023719917982816696,0.19276241958141327
122,0.4665940999984741,0.10184073448181152,0.18241213262081146,0.18234121799468994,0.1927039623260498
123,0.12369018793106079,0.09368487447500229,0.014981952495872974,0.015023360960185528,0.1926458775997162
124,0.09245050698518753,0.05135355144739151,0.02060164324939251,0.02049531228840351,0.19258743524551392
125,0.10491462051868439,0.059614069759845734,0.022696420550346375,0.022604133933782578,0.1925288587808609
126,0.43055155873298645,0.08730226755142212,0.17152728140354156,0.17172202467918396,0.192470520734787
127,0.17116396129131317,0.09347519278526306,0.03883029893040657,0.038858477026224136,0.1924125701189041
128,0.12406499683856964,0.0907549113035202,0.01665019802749157,0.01665988378226757,0.19235490262508392
129,0.13445892930030823,0.08800309896469116,0.023183472454547882,0.023272352293133736,0.19229741394519806
130,0.04704999178647995,0.010140656493604183,0.018484745174646378,0.018424591049551964,0.192238911986351
131,0.10788534581661224,0.05315246433019638,0.027313213795423508,0.027419667690992355,0.1921801120042801
132,0.06994329392910004,0.018556959927082062,0.025660401210188866,0.02572593092918396,0.19212055206298828
133,0.0903882384300232,0.053564053028821945,0.01838282309472561,0.01844136230647564,0.19206087291240692
134,0.12945690751075745,0.07852636277675629,0.025468209758400917,0.02546234428882599,0.19200144708156586
135,0.22526824474334717,0.09758634120225906,0.06376989930868149,0.06391201168298721,0.19194252789020538
136,0.13802802562713623,0.07178937643766403,0.03315465524792671,0.03308399021625519,0.19188369810581207
137,0.12321442365646362,0.05441853404045105,0.03445497900247574,0.034340910613536835,0.19182467460632324
138,0.09637700766324997,0.036687035113573074,0.0298154279589653,0.029874542728066444,0.1917652040719986
139,0.20679473876953125,0.03995373845100403,0.0832967609167099,0.08354423940181732,0.19170531630516052
140,0.5300769209861755,0.07857697457075119,0.22562162578105927,0.22587831318378448,0.19164572656154633
141,0.09683268517255783,0.051966603845357895,0.022477276623249054,0.02238880656659603,0.19158600270748138
142,0.19485530257225037,0.11420359462499619,0.040326230227947235,0.04032547399401665,0.1915270835161209
143,0.38138025999069214,0.11977186799049377,0.13070838153362274,0.13090001046657562,0.1914689838886261
144,0.1361665278673172,0.05441691726446152,0.04087349772453308,0.0408761128783226,0.1914105862379074
145,0.12374861538410187,0.08574634045362473,0.018987370654940605,0.019014902412891388,0.19135242700576782
146,0.17189264297485352,0.024785540997982025,0.07345510274171829,0.0736519992351532,0.19129353761672974
147,0.13867390155792236,0.07562772929668427,0.0315089225769043,0.031537242233753204,0.1912347674369812
148,0.1410430371761322,0.08827804774045944,0.026447158306837082,0.026317840442061424,0.19117633998394012
149,0.15177054703235626,0.0561625175178051,0.04776478558778763,0.047843243926763535,0.19111767411231995
150,0.12328632175922394,0.08199768513441086,0.020632950589060783,0.02065568044781685,0.19105921685695648
151,0.20512154698371887,0.049143336713314056,0.07806714624166489,0.07791107147932053,0.19100041687488556
152,0.1748269498348236,0.05792662128806114,0.058431174606084824,0.05846915394067764,0.1909414827823639
153,0.1559586226940155,0.0897635966539383,0.033028632402420044,0.03316638991236687,0.1908828765153885
154,0.1378963738679886,0.009348206222057343,0.06427191942930222,0.06427624821662903,0.19082337617874146
155,0.1676018238067627,0.07734999805688858,0.04520232230424881,0.045049507170915604,0.19076411426067352
156,0.17192710936069489,0.09617648273706436,0.037834033370018005,0.03791658580303192,0.1907053291797638
157,0.1468583196401596,0.11799903213977814,0.01441160123795271,0.01444768626242876,0.19064731895923615
158,0.1952078938484192,0.05897494778037071,0.06796502321958542,0.06826791912317276,0.19058910012245178
159,0.09366702288389206,0.06346744298934937,0.015101726166903973,0.01509785931557417,0.19053076207637787
160,0.13527065515518188,0.06891673058271408,0.03313818201422691,0.03321574255824089,0.19047237932682037
161,0.1723564714193344,0.09868434071540833,0.03678460791707039,0.036887526512145996,0.19041448831558228
162,0.15258845686912537,0.10645464062690735,0.02298208698630333,0.02315172180533409,0.19035708904266357
163,0.14788435399532318,0.08081391453742981,0.03354005143046379,0.03353038802742958,0.19029977917671204
164,0.11446493119001389,0.06845343112945557,0.023030266165733337,0.02298123389482498,0.19024233520030975
165,0.21242421865463257,0.10621406137943268,0.05305717885494232,0.05315297469496727,0.19018536806106567
166,0.16742382943630219,0.1338808387517929,0.01680394634604454,0.016739042475819588,0.19012930989265442
167,0.1653580516576767,0.07312151789665222,0.046197857707738876,0.0460386723279953,0.19007305800914764
168,0.08805413544178009,0.005155084654688835,0.0414484478533268,0.04145060107111931,0.19001565873622894
169,0.09718791395425797,0.04719029366970062,0.025013402104377747,0.024984216317534447,0.18995781242847443
170,0.08592941612005234,0.035031743347644806,0.025391019880771637,0.025506654754281044,0.18989939987659454
171,0.10236742347478867,0.041780102998018265,0.03024381957948208,0.03034350275993347,0.1898406594991684
172,0.0534597709774971,0.012490303255617619,0.020435059443116188,0.02053440548479557,0.18978112936019897
173,0.10879876464605331,0.0466541163623333,0.031036127358675003,0.031108520925045013,0.18972139060497284
174,0.14187975227832794,0.061408430337905884,0.04022664204239845,0.040244679898023605,0.18966171145439148
175,0.2146042287349701,0.09249906241893768,0.061072997748851776,0.06103218346834183,0.18960259854793549
176,0.12060441076755524,0.08024555444717407,0.020227380096912384,0.02013147436082363,0.18954379856586456
177,0.3492756187915802,0.07780617475509644,0.13576392829418182,0.13570551574230194,0.18948517739772797
178,0.20236894488334656,0.09886597841978073,0.0517459399998188,0.05175701528787613,0.18942710757255554
179,0.17290933430194855,0.14404532313346863,0.014375058002769947,0.014488949440419674,0.18937022984027863
180,0.11835094541311264,0.08348359912633896,0.01743282377719879,0.01743452250957489,0.18931348621845245
181,0.1847648322582245,0.1267959177494049,0.02906525880098343,0.028903666883707047,0.18925754725933075
182,0.13871926069259644,0.09635143727064133,0.02118525840342045,0.02118256315588951,0.18920184671878815
183,0.10221422463655472,0.07216468453407288,0.015009438619017601,0.015040099620819092,0.18914595246315002
184,0.18574059009552002,0.07089144736528397,0.057467859238386154,0.057381294667720795,0.1890898495912552
185,0.15508225560188293,0.10576986521482468,0.024653926491737366,0.024658476933836937,0.18903414905071259
186,0.16204513609409332,0.09450235217809677,0.033825453370809555,0.03371733799576759,0.18897858262062073
187,0.2636299133300781,0.04860106110572815,0.10757642984390259,0.1074524074792862,0.18892242014408112
188,0.2267439216375351,0.08702723681926727,0.06998716294765472,0.0697295218706131,0.18886637687683105
189,0.11971615254878998,0.05834556743502617,0.030644278973340988,0.030726304277777672,0.18880994617938995
190,0.105246901512146,0.05892534926533699,0.02310928888618946,0.023212263360619545,0.1887531727552414
191,0.06778198480606079,0.03494550287723541,0.016413534060120583,0.016422946006059647,0.18869569897651672
192,0.2690439224243164,0.04827588051557541,0.11036985367536545,0.11039818823337555,0.1886378824710846
193,0.17586463689804077,0.08503106981515884,0.04549913853406906,0.04533442109823227,0.18858030438423157
194,0.1133207231760025,0.04219590872526169,0.035572972148656845,0.035551849752664566,0.18852224946022034
195,0.1636730134487152,0.12165375053882599,0.02097032219171524,0.021048925817012787,0.18846502900123596
196,0.0782633125782013,0.045288946479558945,0.01653537154197693,0.01643899269402027,0.18840739130973816
197,0.1151019036769867,0.07862497121095657,0.01825597882270813,0.01822095364332199,0.1883498877286911
198,0.14218838512897491,0.07502535730600357,0.03357897698879242,0.033584047108888626,0.1882924735546112
199,0.14034871757030487,0.0756164938211441,0.032480064779520035,0.03225215896964073,0.18823513388633728
200,0.07880611717700958,0.017265280708670616,0.03079342655837536,0.030747413635253906,0.1881769448518753
201,0.15223434567451477,0.07275892049074173,0.039782363921403885,0.03969305753707886,0.1881188452243805
202,0.15221291780471802,0.09837951511144638,0.026913581416010857,0.026919826865196228,0.1880611926317215
203,0.08438891172409058,0.06188664957880974,0.011267077177762985,0.011235186830163002,0.18800342082977295
204,0.1604415774345398,0.12395864725112915,0.018232330679893494,0.018250595778226852,0.18794651329517365
205,0.10325764119625092,0.049254123121500015,0.027010586112737656,0.026992928236722946,0.1878891885280609
206,0.3296259045600891,0.045995403081178665,0.14190097153186798,0.14172953367233276,0.18783150613307953
207,0.10752557218074799,0.07097339630126953,0.018322814255952835,0.018229367211461067,0.18777379393577576
208,0.1495506763458252,0.028196178376674652,0.06077995151281357,0.060574546456336975,0.18771548569202423
209,0.05462360754609108,0.03575645387172699,0.009413482621312141,0.009453671984374523,0.1876567155122757
210,0.0682823657989502,0.02707863599061966,0.02071365714073181,0.020490076392889023,0.18759743869304657
211,0.1463911384344101,0.0930735170841217,0.026648690924048424,0.026668934151530266,0.18753871321678162
212,0.3090081214904785,0.03815561532974243,0.13554751873016357,0.13530497252941132,0.1874796450138092
213,0.10994724184274673,0.06772899627685547,0.021125324070453644,0.02109292335808277,0.18742066621780396
214,0.3843650221824646,0.02950497530400753,0.17735783755779266,0.17750222980976105,0.1873612105846405
215,0.13541215658187866,0.07051649689674377,0.03249230235815048,0.032403357326984406,0.18730193376541138
216,0.09852832555770874,0.05763896927237511,0.020529387518763542,0.02035996876657009,0.18724267184734344
217,0.1053047776222229,0.059159647673368454,0.02319825440645218,0.022946881130337715,0.18718339502811432
218,0.14448809623718262,0.08317339420318604,0.030726302415132523,0.03058839961886406,0.18712452054023743
219,0.17597076296806335,0.07224959880113602,0.05175458639860153,0.05196657031774521,0.18706580996513367
220,0.07944674789905548,0.02354934997856617,0.02790890261530876,0.027988489717245102,0.18700651824474335
221,0.11535951495170593,0.07070472091436386,0.02228907309472561,0.022365719079971313,0.18694745004177094
222,0.17441625893115997,0.11355403065681458,0.030324973165988922,0.030537258833646774,0.18688923120498657
223,0.04679735749959946,-0.0019057875033468008,0.024289347231388092,0.02441379614174366,0.18682999908924103
224,0.1013341024518013,0.06525052338838577,0.018042437732219696,0.018041139468550682,0.18677090108394623
225,0.14571887254714966,0.06515329331159592,0.040279339998960495,0.040286242961883545,0.18671193718910217
226,0.3273729085922241,0.03395360708236694,0.14690114557743073,0.14651814103126526,0.18665258586406708
227,0.15255899727344513,0.10150792449712753,0.025578100234270096,0.02547297440469265,0.18659397959709167
228,0.5237480998039246,0.06285417824983597,0.2301398515701294,0.230754092335701,0.18653544783592224
229,0.12639732658863068,0.08636374026536942,0.02001374028623104,0.02001984976232052,0.18647734820842743
230,0.13079893589019775,0.07721903920173645,0.026847003027796745,0.02673289366066456,0.1864195168018341
231,0.1494971215724945,0.0747629702091217,0.037249937653541565,0.03748420998454094,0.18636180460453033
232,0.0720977783203125,0.03376735746860504,0.019188379868865013,0.019142039120197296,0.18630366027355194
233,0.0447741374373436,0.00985938310623169,0.017462268471717834,0.017452485859394073,0.1862446814775467
234,0.08244791626930237,0.05108685791492462,0.015698282048106194,0.015662774443626404,0.18618565797805786
235,0.09692493081092834,0.03304789215326309,0.03193392604589462,0.03194311261177063,0.18612629175186157
236,0.1699381172657013,0.09837841987609863,0.03568621724843979,0.03587348014116287,0.1860676407814026
237,0.12153531610965729,0.06677678227424622,0.027299247682094574,0.027459288015961647,0.18600913882255554
238,0.12404744327068329,0.10084137320518494,0.011629472486674786,0.011576598510146141,0.18595126271247864
239,0.16703541576862335,0.11868317425251007,0.024216288700699806,0.024135952815413475,0.18589431047439575
240,0.04949469491839409,0.014861172065138817,0.017326276749372482,0.01730724796652794,0.18583644926548004
241,0.09563535451889038,0.03835584223270416,0.028549959883093834,0.028729552403092384,0.1857782006263733
242,0.11625760793685913,0.07647599279880524,0.01990715228021145,0.019874457269906998,0.18572023510932922
243,0.10891345143318176,0.06592228263616562,0.02145594358444214,0.021535225212574005,0.18566232919692993
244,0.0602881945669651,0.03319203481078148,0.013598797842860222,0.013497364707291126,0.18560396134853363
245,0.18270540237426758,0.027726851403713226,0.077557273209095,0.07742127776145935,0.18554510176181793
246,0.14970514178276062,0.08893357962369919,0.030418846756219864,0.030352715402841568,0.1854868084192276
247,0.22131609916687012,0.13477881252765656,0.04318894445896149,0.04334833472967148,0.18542969226837158
248,0.11624448001384735,0.07060141116380692,0.02275041490793228,0.022892650216817856,0.18537268042564392
249,0.11471812427043915,0.07332096993923187,0.020675264298915863,0.02072189375758171,0.1853157877922058
250,0.11855180561542511,0.08474063873291016,0.0169308353215456,0.016880333423614502,0.18525917828083038
251,0.18491622805595398,0.04275995492935181,0.0709751546382904,0.07118111848831177,0.18520218133926392
252,0.07071524113416672,0.04595296084880829,0.01237357035279274,0.012388711795210838,0.1851448267698288
253,0.15170316398143768,0.06397894769906998,0.04387178272008896,0.04385242983698845,0.18508747220039368
254,0.1537984311580658,0.07229992002248764,0.0408414788544178,0.040657032281160355,0.1850302517414093
255,0.15101878345012665,0.06887717545032501,0.0411616787314415,0.04097992926836014,0.18497315049171448
256,0.07087297737598419,0.03306685388088226,0.018961956724524498,0.01884416490793228,0.18491558730602264
257,0.08937583863735199,0.054004039615392685,0.017673896625638008,0.017697904258966446,0.18485793471336365
258,0.09988291561603546,0.04094633832573891,0.029543206095695496,0.029393378645181656,0.18479998409748077
259,0.06766816228628159,0.038870155811309814,0.014403757639229298,0.014394252561032772,0.18474175035953522
260,0.12803441286087036,0.0700048878788948,0.02902393601834774,0.02900557965040207,0.1846836656332016
261,0.13768558204174042,0.07711625844240189,0.030276084318757057,0.030293237417936325,0.18462587893009186
262,0.14822658896446228,0.08022350072860718,0.03404298424720764,0.03396010771393776,0.18456846475601196
263,0.13263334333896637,0.05781139060854912,0.037445805966854095,0.037376150488853455,0.18451105058193207
264,0.1176738291978836,0.08069424331188202,0.01850862242281437,0.01847096160054207,0.18445394933223724
265,0.09692171961069107,0.05815530940890312,0.019370341673493385,0.019396068528294563,0.18439683318138123
266,0.08720121532678604,0.03320523723959923,0.026939019560813904,0.02705696038901806,0.1843392699956894
267,0.33276328444480896,0.04542629420757294,0.14362479746341705,0.14371219277381897,0.18428151309490204
268,0.007846576161682606,-0.010681919753551483,0.009270784445106983,0.009257711470127106,0.18422266840934753
269,0.0948534607887268,0.0424850732088089,0.026224195957183838,0.02614418789744377,0.18416376411914825
270,0.10587341338396072,0.0801040455698967,0.012905281968414783,0.012864085845649242,0.18410536646842957
271,0.05938605219125748,0.02381117269396782,0.017810074612498283,0.017764804884791374,0.18404649198055267
272,0.030257517471909523,-0.008762570098042488,0.019523348659276962,0.01949673891067505,0.18398673832416534
273,0.37679165601730347,0.09289100766181946,0.14222297072410583,0.14167769253253937,0.1839277446269989
274,0.09518302977085114,0.036498457193374634,0.029427602887153625,0.029256973415613174,0.18386855721473694
275,0.09712205827236176,0.04960966855287552,0.02376607060432434,0.023746317252516747,0.18380947411060333
276,0.12448890507221222,0.05245716869831085,0.03598117083311081,0.03605056554079056,0.18375049531459808
277,0.1214994341135025,0.06790986657142639,0.02677946351468563,0.02681010216474533,0.1836918741464615
278,0.15082871913909912,0.03951452672481537,0.055630333721637726,0.05568385124206543,0.18363307416439056
279,0.10082004964351654,0.06439849734306335,0.018280304968357086,0.0181412473320961,0.18357457220554352
280,0.06640021502971649,0.02464202418923378,0.020792530849575996,0.020965659990906715,0.18351569771766663
281,0.11274397373199463,0.042009513825178146,0.03535712510347366,0.03537733480334282,0.18345679342746735
282,0.11394567042589188,0.06533494591712952,0.024345239624381065,0.024265484884381294,0.18339818716049194
283,0.12372367829084396,0.0972030758857727,0.013295350596308708,0.013225249014794827,0.1833404004573822
284,0.1224532276391983,0.06806813180446625,0.027217162773013115,0.02716793119907379,0.18328283727169037
285,0.11471902579069138,0.06192164868116379,0.026453379541635513,0.026343995705246925,0.18322540819644928
286,0.2587331533432007,0.06257488578557968,0.09805817902088165,0.09810008853673935,0.18316811323165894
287,0.07300411909818649,0.035708341747522354,0.018632663413882256,0.018663115799427032,0.1831105649471283
288,0.11148775368928909,0.08190596103668213,0.014801514334976673,0.014780276454985142,0.18305352330207825
289,0.12951073050498962,0.04363209381699562,0.042989328503608704,0.042889319360256195,0.18299628794193268
290,0.11693133413791656,0.05403454601764679,0.03140911087393761,0.03148767724633217,0.1829390823841095
291,0.0029859747737646103,-0.028827929869294167,0.01588733308017254,0.015926571562886238,0.18288058042526245
292,0.0928419679403305,0.03732900321483612,0.02780981920659542,0.027703139930963516,0.18282198905944824
293,0.05254471302032471,0.013169577345252037,0.019706785678863525,0.019668348133563995,0.18276293575763702
294,0.14805281162261963,0.07683521509170532,0.03569335490465164,0.035524237900972366,0.18270444869995117
295,0.10189646482467651,0.015660811215639114,0.04313311725854874,0.043102532625198364,0.1826455444097519
296,0.12062667310237885,0.069307342171669,0.02570377290248871,0.025615554302930832,0.18258707225322723
297,0.11921703070402145,0.07725751399993896,0.02096552588045597,0.020993992686271667,0.18252910673618317
298,0.09156723320484161,0.051424384117126465,0.02000778168439865,0.020135067403316498,0.18247124552726746
299,0.10781070590019226,0.0613885372877121,0.023276112973690033,0.02314605750143528,0.18241356313228607
300,0.19378677010536194,0.0884225144982338,0.05267269164323807,0.05269157141447067,0.18235653638839722
301,0.12012883275747299,0.0696798712015152,0.025149712339043617,0.025299252942204475,0.18229976296424866
302,0.13883420825004578,0.05851519852876663,0.04007567837834358,0.04024332016706467,0.18224309384822845
303,0.09476228058338165,0.024618033319711685,0.03500993177294731,0.035134315490722656,0.18218600749969482
304,0.05717843398451805,0.021806754171848297,0.017762476578354836,0.017609205096960068,0.18212845921516418
305,0.14866036176681519,0.06492882966995239,0.04173009842634201,0.042001426219940186,0.18207117915153503
306,0.2707432210445404,0.030817385762929916,0.1199064627289772,0.12001936882734299,0.18201355636119843
307,0.019391898065805435,-0.006886102259159088,0.013201321475207806,0.013076679781079292,0.18195511400699615
308,0.0843149870634079,0.05473727732896805,0.01478485856205225,0.014792852103710175,0.1818968802690506
309,0.09367971122264862,0.04394211620092392,0.024930521845817566,0.024807071313261986,0.181838721036911
310,0.17076590657234192,0.08460713922977448,0.04306115582585335,0.04309762269258499,0.18178120255470276
311,0.10492362082004547,0.05561431124806404,0.02463613450527191,0.024673178791999817,0.18172378838062286
312,0.107096366584301,0.07907885313034058,0.014060627669095993,0.013956879265606403,0.18166689574718475
313,0.0815240815281868,0.03468186780810356,0.02345719374716282,0.023385019972920418,0.18160982429981232
314,0.09403132647275925,0.04725683480501175,0.023392265662550926,0.023382224142551422,0.1815527230501175
315,0.12148561328649521,0.08434693515300751,0.01853833720088005,0.0186003390699625,0.18149617314338684
316,0.11955001950263977,0.050639260560274124,0.03439410775899887,0.03451664745807648,0.18143965303897858
317,0.18774379789829254,0.06598149985074997,0.060974642634391785,0.06078766658902168,0.18138334155082703
318,0.09926427900791168,0.04679737985134125,0.026239976286888123,0.02622692473232746,0.1813269406557083
319,0.0979783907532692,0.07123754173517227,0.013402148149907589,0.013338698074221611,0.18127082288265228
320,0.06516704708337784,0.03660818934440613,0.014257864095270634,0.0143009964376688,0.18121448159217834
321,0.10903047025203705,0.06400509178638458,0.022508326917886734,0.02251705527305603,0.18115831911563873
322,0.04211174324154854,-0.0029615983366966248,0.02255413308739662,0.02251920849084854,0.18110132217407227
323,0.10775917023420334,0.03889801353216171,0.0345020554959774,0.03435910493135452,0.18104416131973267
324,0.08406087756156921,0.03372274339199066,0.02514066733419895,0.025197472423315048,0.18098682165145874
325,0.12124891579151154,0.08883868902921677,0.016292434185743332,0.016117800027132034,0.18093018233776093
326,0.14486725628376007,0.05111926421523094,0.04685163125395775,0.04689636453986168,0.18087352812290192
327,0.13680730760097504,0.08621353656053543,0.02531735599040985,0.025276409462094307,0.18081749975681305
328,0.11451079696416855,0.07932879030704498,0.017567917704582214,0.01761408895254135,0.1807618886232376
329,0.575464129447937,0.0686175748705864,0.2535478472709656,0.25329869985580444,0.1807064712047577
330,0.14784303307533264,0.07901626825332642,0.03431103751063347,0.03451571613550186,0.18065142631530762
331,0.06336116790771484,0.027043823152780533,0.018161600455641747,0.018155742436647415,0.18059588968753815
332,0.0934770256280899,0.038582347333431244,0.027564551681280136,0.027330126613378525,0.18054009974002838
333,0.13851748406887054,0.051828160881996155,0.04336876794695854,0.04332054778933525,0.18048429489135742
334,0.051930200308561325,0.02935081720352173,0.011282676830887794,0.011296709068119526,0.18042808771133423
335,0.07197211682796478,0.03735918179154396,0.01731264218688011,0.017300289124250412,0.18037168681621552
336,0.08530716598033905,0.045033298432826996,0.02012503705918789,0.020148826763033867,0.18031516671180725
337,0.16574148833751678,0.08753300458192825,0.039192479103803635,0.039016012102365494,0.18025925755500793
338,0.08816462755203247,0.04161179065704346,0.02327260747551918,0.023280229419469833,0.18020324409008026
339,0.0852774977684021,0.049735795706510544,0.017778921872377396,0.01776278391480446,0.1801472306251526
340,0.09105049818754196,0.060930028557777405,0.015070593915879726,0.015049873851239681,0.18009133636951447
341,0.24178680777549744,0.033066973090171814,0.10447265207767487,0.10424719005823135,0.18003514409065247
342,0.07253693044185638,0.036247368901968,0.018170973286032677,0.018118593841791153,0.17997875809669495
343,0.1536029577255249,0.05365048348903656,0.049924541264772415,0.05002793297171593,0.1799224615097046
344,0.11340460926294327,0.0746406838297844,0.019357755780220032,0.019406167790293694,0.17986655235290527
345,0.12740281224250793,0.04642484337091446,0.04049305617809296,0.04048491641879082,0.17981059849262238
346,0.2084106206893921,-0.016095874831080437,0.11234698444604874,0.11215951293706894,0.17975355684757233
347,0.2959209382534027,0.07429078966379166,0.1110459417104721,0.11058419942855835,0.17969703674316406
348,0.16189463436603546,0.05088341608643532,0.05544564872980118,0.055565569549798965,0.179640531539917
349,0.1513350009918213,0.06026613712310791,0.04532814770936966,0.04574071988463402,0.17958420515060425
350,0.32970744371414185,0.06798350811004639,0.13085372745990753,0.13087019324302673,0.1795281618833542
351,0.06595481187105179,0.03703908622264862,0.014427237212657928,0.014488489367067814,0.1794719696044922
352,0.05553494393825531,0.0027742357924580574,0.026469603180885315,0.026291105896234512,0.17941509187221527
353,0.09948457032442093,0.04770292341709137,0.025908220559358597,0.025873428210616112,0.17935827374458313
354,0.06687760353088379,0.008506497368216515,0.029258444905281067,0.029112661257386208,0.179300919175148
355,0.09235683083534241,0.05602329596877098,0.018191391602158546,0.01814214140176773,0.1792437881231308
356,0.11159499734640121,0.07389736920595169,0.018832216039299965,0.018865415826439857,0.17918714880943298
357,0.13102510571479797,0.04958625137805939,0.0406513512134552,0.040787506848573685,0.17913059890270233
358,0.11041123420000076,0.07076679915189743,0.019852906465530396,0.019791526719927788,0.1790744513273239
359,0.09792797267436981,0.04737408086657524,0.025250593200325966,0.025303300470113754,0.1790183186531067
360,0.06709421426057816,0.00715773506090045,0.029917418956756592,0.030019059777259827,0.1789616048336029
361,0.11912264674901962,0.07964412868022919,0.019676310941576958,0.01980220526456833,0.17890551686286926
362,0.12192212045192719,0.039127811789512634,0.04126715660095215,0.041527148336172104,0.17884929478168488
363,0.10780862718820572,0.043459452688694,0.03224483132362366,0.03210434317588806,0.1787930130958557
364,0.12379369139671326,0.018048973754048347,0.052999746054410934,0.052744973450899124,0.1787363737821579
365,0.05104788765311241,0.0028228042647242546,0.024154555052518845,0.024070527404546738,0.17867907881736755
366,0.11313982307910919,0.05883249640464783,0.027079574763774872,0.027227750048041344,0.17862214148044586
367,0.07070153951644897,0.03988584876060486,0.015489865094423294,0.015325823798775673,0.17856520414352417
368,0.03513658046722412,-0.012647461146116257,0.02381071262061596,0.02397332899272442,0.1785075068473816
369,0.09933310747146606,0.04303547739982605,0.028103897348046303,0.02819373831152916,0.17844992876052856
370,0.07824689894914627,0.017043311148881912,0.0305168516933918,0.03068673610687256,0.17839212715625763
371,0.11378367245197296,0.045490387827157974,0.03410377725958824,0.034189507365226746,0.1783345490694046
372,0.08102801442146301,0.02050844021141529,0.030359584838151932,0.03015998750925064,0.17827680706977844
373,0.09545575827360153,0.0008579753339290619,0.04742051288485527,0.0471772700548172,0.17821861803531647
374,0.29874855279922485,0.04372389614582062,0.12749986350536346,0.12752479314804077,0.1781606674194336
375,0.2605319321155548,0.10401075333356857,0.07828353345394135,0.07823765277862549,0.17810392379760742
376,0.06086711212992668,0.047103870660066605,0.0069200824946165085,0.006843161303550005,0.17804737389087677
377,0.13231149315834045,0.09548750519752502,0.018449855968356133,0.018374130129814148,0.17799174785614014
378,0.31621503829956055,0.03015836700797081,0.1431235522031784,0.14293310046195984,0.17793592810630798
379,0.09791447967290878,0.05166364833712578,0.02320060133934021,0.023050224408507347,0.17788028717041016
380,0.08208687603473663,0.03806757181882858,0.02202105149626732,0.02199825458228588,0.17782460153102875
381,0.20398589968681335,0.0395631417632103,0.08205810189247131,0.08236464858055115,0.17776890099048615
382,0.058979250490665436,0.028060417622327805,0.015521671622991562,0.015397163107991219,0.17771299183368683
383,0.12601295113563538,0.08833596110343933,0.01891644299030304,0.018760547041893005,0.1776578277349472
384,0.16498568654060364,0.06686033308506012,0.04893513023853302,0.0491902157664299,0.17760305106639862
385,0.34671473503112793,0.04584193229675293,0.1505814641714096,0.1502913534641266,0.17754824459552765
386,0.05217602849006653,0.020517796277999878,0.015856904909014702,0.0158013254404068,0.17749309539794922
387,0.07630137354135513,0.027763934805989265,0.024173259735107422,0.024364182725548744,0.17743773758411407
388,0.5904355049133301,0.04945186525583267,0.2702459394931793,0.2707376778125763,0.17738251388072968
389,0.06687533855438232,0.025617310777306557,0.02061917819082737,0.020638849586248398,0.1773269772529602
390,0.09113828092813492,0.05082343518733978,0.02020348608493805,0.020111361518502235,0.17727164924144745
391,0.46385902166366577,0.06015333533287048,0.2017558217048645,0.2019498646259308,0.17721661925315857
392,0.09041621536016464,0.028235122561454773,0.03105628304183483,0.031124809756875038,0.1771613508462906
393,0.1266661286354065,0.06273843348026276,0.03186829015612602,0.032059408724308014,0.17710644006729126
394,0.0592869408428669,0.01864948682487011,0.020332353189587593,0.020305100828409195,0.17705106735229492
395,0.11269909143447876,0.05046935752034187,0.031106935814023018,0.03112279810011387,0.17699584364891052
396,0.13478462398052216,0.04213083162903786,0.046400461345911026,0.046253327280282974,0.17694061994552612
397,0.07605201750993729,0.03166425973176956,0.02221415936946869,0.022173598408699036,0.1768852323293686
398,0.2661832571029663,0.07099410891532898,0.09759946912527084,0.09758967906236649,0.17683030664920807
399,0.10764699429273605,0.027607187628746033,0.039816245436668396,0.040223561227321625,0.17677512764930725
400,0.23905658721923828,0.036148715764284134,0.10135039687156677,0.10155747085809708,0.17671984434127808
401,0.04515714943408966,0.009882759302854538,0.017616264522075653,0.01765812560915947,0.1766640990972519
402,0.1073676198720932,0.07038449496030807,0.018495861440896988,0.01848726160824299,0.17660881578922272
403,0.09715539216995239,0.057432640343904495,0.019873619079589844,0.019849136471748352,0.17655375599861145
404,0.11446978896856308,0.06535760313272476,0.024572335183620453,0.024539852514863014,0.17649902403354645
405,0.2921137809753418,0.04123122990131378,0.1254751831293106,0.1254073530435562,0.1764441877603531
406,0.02990705333650112,-0.004220219328999519,0.01708560436964035,0.01704166829586029,0.17638865113258362
407,0.05845266580581665,0.028878210112452507,0.014755265787243843,0.01481919176876545,0.1763329803943634
408,0.09712104499340057,0.04018157720565796,0.0283795353025198,0.028559928759932518,0.17627736926078796
409,0.07058636844158173,0.03730444237589836,0.016658611595630646,0.01662331074476242,0.17622175812721252
410,0.0556868277490139,0.03049556165933609,0.012555696070194244,0.012635570019483566,0.17616605758666992
411,0.5094612240791321,0.08521949499845505,0.21215446293354034,0.2120872586965561,0.17611104249954224
412,0.09018763899803162,0.03259938955307007,0.028867647051811218,0.02872060053050518,0.1760558933019638
413,0.047579605132341385,-0.015866879373788834,0.031680189073085785,0.031766295433044434,0.17599985003471375
414,0.08066631108522415,0.049806639552116394,0.015389794483780861,0.01546987984329462,0.1759440004825592
415,0.1291297972202301,0.07164695113897324,0.028658762574195862,0.028824087232351303,0.17588874697685242
416,0.24281269311904907,0.033707402646541595,0.10483482480049133,0.10427045077085495,0.17583341896533966
417,0.16048254072666168,0.05129721015691757,0.054534077644348145,0.054651256650686264,0.17577829957008362
418,0.11525261402130127,0.0481281653046608,0.03365092724561691,0.03347351774573326,0.17572332918643951
419,0.06965810805559158,0.0282099898904562,0.02067078836262226,0.020777331665158272,0.17566820979118347
420,0.2772263288497925,0.018490716814994812,0.1297588348388672,0.12897677719593048,0.1756127029657364
421,0.07502711564302444,0.03646128624677658,0.019273733720183372,0.019292091950774193,0.17555715143680573
422,0.06436926871538162,0.03987985849380493,0.012319235131144524,0.012170173227787018,0.17550161480903625
423,0.522170901298523,0.019674189388751984,0.25158029794692993,0.25091639161109924,0.1754458248615265
424,0.04821126163005829,0.020091235637664795,0.014042943716049194,0.0140770822763443,0.17538979649543762
425,0.2773776054382324,-0.010214479640126228,0.14390036463737488,0.14369171857833862,0.1753331422805786
426,0.31929707527160645,0.022068804129958153,0.1488586813211441,0.14836958050727844,0.17527630925178528
427,0.4105329215526581,-0.013518323190510273,0.2119898945093155,0.21206134557724,0.1752188503742218
428,0.06876185536384583,-0.004991463385522366,0.036928270012140274,0.03682505339384079,0.1751609891653061
429,0.2909809350967407,0.03811460733413696,0.12648114562034607,0.1263851821422577,0.17510338127613068
430,0.2784234285354614,0.02089829370379448,0.12859214842319489,0.12893296778202057,0.17504575848579407
431,0.24143362045288086,0.06791554391384125,0.08668356388807297,0.08683452755212784,0.17498882114887238
432,0.049583472311496735,0.01326181460171938,0.018183283507823944,0.018138376995921135,0.17493167519569397
433,0.10136456787586212,0.036810003221035004,0.03220950812101364,0.03234505653381348,0.1748746782541275
434,0.355925053358078,0.0569225549697876,0.14960381388664246,0.14939868450164795,0.17481817305088043
435,0.03491392731666565,-0.019083179533481598,0.026888512074947357,0.02710859477519989,0.17476092278957367
436,0.07606437802314758,0.004375975579023361,0.035901643335819244,0.03578675538301468,0.1747034192085266
437,0.06030638515949249,0.004138780292123556,0.02813953161239624,0.02802807278931141,0.17464561760425568
438,0.11829715967178345,0.019212545827031136,0.04958159849047661,0.04950301721692085,0.17458778619766235
439,0.03755072131752968,0.01831885054707527,0.009586898609995842,0.009644972160458565,0.17452995479106903
440,0.0873902216553688,0.04378863796591759,0.021912451833486557,0.02168913185596466,0.17447246611118317
441,0.11721763759851456,0.06359286606311798,0.026826035231351852,0.026798732578754425,0.17441558837890625
442,0.03295277804136276,-0.0059190536849200726,0.019432345405220985,0.019439486786723137,0.17435820400714874
443,0.03513791412115097,-0.0007612421177327633,0.017924785614013672,0.0179743692278862,0.1743004322052002
444,0.08382468670606613,0.048296477645635605,0.01775602251291275,0.017772192135453224,0.17424309253692627
445,0.08242163807153702,0.04095900058746338,0.020665913820266724,0.020796723663806915,0.17418599128723145
446,0.08737970888614655,0.046249814331531525,0.020665958523750305,0.020463934168219566,0.17412926256656647
447,0.058614373207092285,0.011561303399503231,0.02341616153717041,0.02363690733909607,0.1740722507238388
448,0.11392514407634735,0.038809165358543396,0.0375693179666996,0.037546660751104355,0.17401549220085144
449,0.08912011235952377,0.07500403374433517,0.007108761928975582,0.007007314823567867,0.17395950853824615
450,0.03403477370738983,-0.01934541016817093,0.02657770738005638,0.02680247835814953,0.17390279471874237
451,0.07109212875366211,0.03517318516969681,0.018100637942552567,0.017818309366703033,0.1738462746143341
452,0.06237660348415375,0.020997745916247368,0.020823635160923004,0.020555222406983376,0.17378965020179749
453,0.04562726244330406,0.02168969437479973,0.011965297162532806,0.011972271837294102,0.1737329363822937
454,0.08433400094509125,0.0408853255212307,0.021762631833553314,0.021686043590307236,0.17367644608020782
455,0.06381553411483765,0.026077935472130775,0.018815774470567703,0.01892182044684887,0.17361992597579956
456,0.023862717673182487,-0.03283143788576126,0.028478119522333145,0.028216036036610603,0.17356260120868683
457,0.05934683978557587,0.01597091183066368,0.021721243858337402,0.021654682233929634,0.1735052913427353
458,0.05566564202308655,0.03586087375879288,0.009913485497236252,0.009891282767057419,0.17344819009304047
459,0.04544978588819504,0.003583447076380253,0.020871415734291077,0.020994925871491432,0.17339082062244415
460,0.3171129822731018,0.0456145815551281,0.13616280257701874,0.13533557951450348,0.17333388328552246
461,0.0384296253323555,0.014167326502501965,0.012164105661213398,0.012098194099962711,0.17327682673931122
462,0.27170079946517944,0.008906750939786434,0.13158950209617615,0.1312045305967331,0.17321951687335968
463,0.13580213487148285,0.0713641345500946,0.03217358514666557,0.032264407724142075,0.1731630265712738
464,0.06343702971935272,0.025022409856319427,0.019357606768608093,0.0190570168197155,0.17310655117034912
465,0.08944407850503922,0.06153266504406929,0.014007619582116604,0.013903796672821045,0.1730506420135498
466,0.11896057426929474,0.03337245061993599,0.04296563193202019,0.04262249544262886,0.17299486696720123
467,0.05331485718488693,0.033418867737054825,0.009935056790709496,0.00996093638241291,0.1729392111301422
468,0.11529223620891571,0.07395606487989426,0.020594727247953415,0.020741445943713188,0.1728842556476593
469,0.07429029792547226,0.02471153810620308,0.024744367226958275,0.024834392592310905,0.17282918095588684
470,0.03177526593208313,0.017393097281455994,0.007214668672531843,0.00716750044375658,0.17277392745018005
471,0.056618787348270416,0.0306101031601429,0.013006053864955902,0.013002630323171616,0.17271876335144043
472,0.1926298439502716,-0.012171683833003044,0.10266060382127762,0.10214091837406158,0.1726628988981247
473,0.08557320386171341,0.050517406314611435,0.017514318227767944,0.01754147559404373,0.1726074069738388
474,0.09285843372344971,0.04598368704319,0.023387402296066284,0.02348734810948372,0.1725522130727768
475,0.06845938414335251,0.046407122164964676,0.011038172990083694,0.011014090850949287,0.1724972128868103
476,0.017057742923498154,-0.02880435809493065,0.02293839119374752,0.022923709824681282,0.17244133353233337
477,0.6595233082771301,0.05613967776298523,0.30205267667770386,0.30133095383644104,0.17238593101501465
478,0.15163728594779968,0.04139629006385803,0.05512635409832001,0.05511464551091194,0.17233072221279144
479,0.2903479337692261,0.01340052392333746,0.13856104016304016,0.13838635385036469,0.17227521538734436
480,0.05729462206363678,0.015787294134497643,0.020677516236901283,0.020829811692237854,0.17221952974796295
481,0.0171453095972538,-0.03165444731712341,0.024389848113059998,0.024409908801317215,0.1721629798412323
482,0.018185434862971306,-0.023456944152712822,0.02093803510069847,0.020704343914985657,0.1721058040857315
483,0.07473726570606232,0.02318045310676098,0.02595915086567402,0.02559766173362732,0.17204874753952026
484,0.08009226620197296,0.029436752200126648,0.02529202215373516,0.025363486260175705,0.17199191451072693
485,0.12685608863830566,0.043964143842458725,0.041377052664756775,0.04151489585638046,0.17193546891212463
486,0.09886717051267624,0.01155747752636671,0.0438544936478138,0.04345519840717316,0.171878844499588
487,0.05769222974777222,0.02908311039209366,0.014372464269399643,0.014236653223633766,0.17182239890098572
488,0.4622219204902649,-0.011169624514877796,0.23675888776779175,0.23663264513015747,0.1717655062675476
489,-0.009407483041286469,-0.05725609511137009,0.02397417090833187,0.023874439299106598,0.17170755565166473
490,0.07709524035453796,0.001680700108408928,0.03759031370282173,0.037824224680662155,0.17164959013462067
491,0.08456435799598694,0.06465411186218262,0.0099807633087039,0.009929481893777847,0.17159254848957062
492,0.1294766366481781,0.06834929436445236,0.030496077612042427,0.03063126653432846,0.171536386013031
493,0.14211505651474,0.027507396414875984,0.0573253408074379,0.05728231370449066,0.17148035764694214
494,0.1251848191022873,0.06814586371183395,0.02841120958328247,0.02862774208188057,0.17142505943775177
495,0.06748438626527786,0.028896797448396683,0.019336750730872154,0.019250839948654175,0.17136985063552856
496,0.05720838904380798,0.04143798351287842,0.007991964928805828,0.00777844013646245,0.17131496965885162
497,0.06013090908527374,0.025722984224557877,0.017094289883971214,0.017313634976744652,0.17126013338565826
498,0.06724844872951508,0.02527141384780407,0.020913289859890938,0.02106374315917492,0.1712053269147873
499,0.06086810678243637,0.010192783549427986,0.025446675717830658,0.025228651240468025,0.1711503267288208
500,0.041666485369205475,0.009088484570384026,0.016373692080378532,0.016204306855797768,0.1710950881242752
501,0.2602763772010803,0.028516024351119995,0.11596774309873581,0.11579259485006332,0.17103992402553558
502,0.11224771291017532,0.05579255521297455,0.028044136241078377,0.028411023318767548,0.17098525166511536
503,0.09413079917430878,0.03531797602772713,0.029443923383951187,0.029368901625275612,0.17093081772327423
504,0.045165590941905975,0.004357197321951389,0.02025045081973076,0.02055794559419155,0.17087604105472565
505,0.27176931500434875,0.03236783668398857,0.11963897198438644,0.11976251751184464,0.1708214432001114
506,0.48214441537857056,0.03239399567246437,0.22583617269992828,0.2239142209291458,0.1707669198513031
507,0.11508435755968094,0.01383907999843359,0.05078170821070671,0.05046357214450836,0.17071223258972168
508,-0.007734913378953934,-0.05013737082481384,0.021374424919486046,0.021028032526373863,0.17065653204917908
509,0.09548542648553848,0.04532484710216522,0.024986855685710907,0.025173721835017204,0.17060133814811707
510,0.003967456519603729,-0.027503669261932373,0.015739213675260544,0.01573191210627556,0.17054547369480133
511,0.10229221731424332,0.03547519072890282,0.03341159224510193,0.03340543061494827,0.17048993706703186
512,0.07678233087062836,0.0465979129076004,0.015089068561792374,0.015095347538590431,0.17043481767177582
513,0.08475638926029205,0.019317008554935455,0.03273116424679756,0.032708220183849335,0.17037972807884216
514,0.06244653835892677,0.04097199812531471,0.010760441422462463,0.010714099742472172,0.17032496631145477
515,0.013015495613217354,-0.01335230004042387,0.013215762563049793,0.01315203309059143,0.17026975750923157
516,0.03214779496192932,0.0016878782771527767,0.015148953534662724,0.015310965478420258,0.17021428048610687
517,0.04116757959127426,-0.010675506666302681,0.026168465614318848,0.025674618780612946,0.1701584756374359
518,0.04879434406757355,0.019360631704330444,0.014668412506580353,0.014765300787985325,0.17010274529457092
519,0.07279174774885178,0.03188250586390495,0.020433105528354645,0.02047613449394703,0.1700473576784134
520,0.02975020371377468,-0.007043113932013512,0.01838391087949276,0.018409406766295433,0.1699916422367096
521,0.18558469414710999,0.04009085148572922,0.07272996753454208,0.07276388257741928,0.16993629932403564
522,0.03398978337645531,0.0005767596885561943,0.01663280837237835,0.016780216246843338,0.16988080739974976
523,0.2671389877796173,0.051550328731536865,0.10784939676523209,0.10773926973342896,0.16982583701610565
524,0.021920183673501015,-0.006487878039479256,0.0143550094217062,0.01405305229127407,0.1697704941034317
525,0.08848594129085541,0.02185896784067154,0.033294547349214554,0.033332422375679016,0.1697152704000473
526,0.32604050636291504,0.05156327784061432,0.13769549131393433,0.1367817372083664,0.16966061294078827
527,0.01600453443825245,-0.03034442663192749,0.023300647735595703,0.023048313334584236,0.16960524022579193
528,0.0761638730764389,0.05395495891571045,0.011195587925612926,0.011013327166438103,0.16955052316188812
529,0.05571164935827255,-0.0009129655081778765,0.02827046625316143,0.02835414744913578,0.16949549317359924
530,0.04789498448371887,-0.015799930319190025,0.03165392950177193,0.03204098343849182,0.16943998634815216
531,0.029121069237589836,-0.005946197081357241,0.017490975558757782,0.017576290294528008,0.16938422620296478
532,0.04083869606256485,0.021643586456775665,0.009526996873319149,0.009668109938502312,0.16932865977287292
533,0.03458655625581741,-0.014391442760825157,0.024520520120859146,0.024457477033138275,0.1692727506160736
534,0.050027742981910706,0.010445277206599712,0.01969723030924797,0.019885236397385597,0.16921688616275787
535,0.19841483235359192,-0.010274890810251236,0.10452429950237274,0.10416541993618011,0.16916069388389587
536,0.07135254144668579,0.03173312172293663,0.01978040300309658,0.01983901672065258,0.1691049039363861
537,0.23832213878631592,0.01651933044195175,0.11076130717992783,0.11104149371385574,0.16904926300048828
538,0.0444088838994503,-0.018950454890727997,0.03152356669306755,0.03183577209711075,0.1689932495355606
539,0.053132496774196625,0.017092373222112656,0.018091194331645966,0.017948929220438004,0.16893742978572845
540,0.13692310452461243,0.0008240947499871254,0.0682269036769867,0.06787210702896118,0.16888149082660675
541,0.07173609733581543,0.016048213467001915,0.027923718094825745,0.02776416204869747,0.16882574558258057
542,0.013639185577630997,-0.040216922760009766,0.02684897929430008,0.027007129043340683,0.16876932978630066
543,0.0843186229467392,0.02939973585307598,0.02749558538198471,0.027423301711678505,0.16871337592601776
544,0.07045840471982956,0.037369534373283386,0.016592854633927345,0.016496017575263977,0.16865792870521545
545,0.3556109666824341,0.011118756607174873,0.1722911149263382,0.17220109701156616,0.16860252618789673
546,0.004442574456334114,-0.032459888607263565,0.018595663830637932,0.018306799232959747,0.16854648292064667
547,0.04036566615104675,0.012677231803536415,0.013872958719730377,0.01381547749042511,0.16849055886268616
548,0.2296055555343628,0.013710366562008858,0.10782994329929352,0.10806525498628616,0.16843481361865997
549,0.054877869784832,0.014760670252144337,0.019997570663690567,0.020119627937674522,0.16837920248508453
550,0.08882569521665573,0.027538420632481575,0.030493639409542084,0.03079363889992237,0.16832400858402252
551,0.08122552186250687,0.00957888551056385,0.03573266789317131,0.035913966596126556,0.16826887428760529
552,0.043024200946092606,0.005231044255197048,0.018835902214050293,0.01895725354552269,0.16821373999118805
553,0.1128070056438446,0.015716828405857086,0.04836096614599228,0.04872921481728554,0.16815871000289917
554,0.03361174464225769,-0.008262917399406433,0.020928172394633293,0.02094648778438568,0.16810348629951477
555,0.008164971135556698,-0.02133317105472088,0.014725843444466591,0.014772298745810986,0.16804787516593933
556,0.058661796152591705,0.03479912877082825,0.011907773092389107,0.011954894289374352,0.1679927557706833
557,0.024346809834241867,-0.024933014065027237,0.024683155119419098,0.024596668779850006,0.16793718934059143
558,0.05169112980365753,-0.006022327113896608,0.028889771550893784,0.02882368490099907,0.1678815633058548
559,0.02133139595389366,-0.018656348809599876,0.019926415756344795,0.020061329007148743,0.1678256392478943
560,0.006494803354144096,-0.028880303725600243,0.017754117026925087,0.017620990052819252,0.16776932775974274
561,0.10047195851802826,0.06528085470199585,0.017652373760938644,0.017538724467158318,0.16771411895751953
562,0.024413496255874634,-0.00209803762845695,0.013364812359213829,0.013146722689270973,0.16765883564949036
563,0.24715670943260193,-0.007708745077252388,0.1273351013660431,0.12753035128116608,0.16760344803333282
564,0.09633824974298477,0.05829227715730667,0.018886059522628784,0.019159911200404167,0.16754890978336334
565,0.055999211966991425,0.0038316966965794563,0.025905700400471687,0.026261812075972557,0.16749431192874908
566,0.06676138937473297,-0.009504187852144241,0.037910036742687225,0.03835554048418999,0.16743957996368408
567,0.04797013849020004,0.0036859011743217707,0.022004662081599236,0.02227957732975483,0.1673848181962967
568,0.02049764059484005,-0.024636803194880486,0.022381262853741646,0.02275318093597889,0.16732965409755707
569,0.05340982973575592,0.005211965646594763,0.023946311324834824,0.024251552298665047,0.16727450489997864
570,0.04672401025891304,0.007387104909867048,0.019848695024847984,0.01948820985853672,0.16721948981285095
571,0.03571229428052902,-0.007489778567105532,0.021528474986553192,0.021673597395420074,0.1671643704175949
572,0.05670078843832016,0.0227042343467474,0.016824016347527504,0.017172539606690407,0.1671096384525299
573,0.044383954256772995,-0.004124978557229042,0.02436371147632599,0.02414522133767605,0.16705484688282013
574,0.0471181683242321,0.016190052032470703,0.01544839795678854,0.01547971647232771,0.16700032353401184
575,-0.0023059211671352386,-0.040142931044101715,0.018998591229319572,0.018838418647646904,0.1669451892375946
576,0.03218504786491394,-0.010705990716814995,0.021432960405945778,0.021458080038428307,0.16688989102840424
577,0.028655624017119408,-0.016694501042366028,0.022610733285546303,0.022739391773939133,0.16683447360992432
578,0.11545132100582123,0.005276684649288654,0.055194079875946045,0.054980553686618805,0.16677923500537872
579,0.07186698913574219,0.016036633402109146,0.02783953584730625,0.02799081802368164,0.16672435402870178
580,0.04084831848740578,0.0024294420145452023,0.019203655421733856,0.01921522058546543,0.1666695773601532
581,0.0814230814576149,0.03160847723484039,0.02484649047255516,0.024968111887574196,0.16661524772644043
582,0.033791184425354004,0.014421815052628517,0.009761381894350052,0.009607985615730286,0.16656123101711273
583,0.03742946684360504,0.0031116451136767864,0.017115814611315727,0.01720200851559639,0.16650725901126862
584,0.04484926909208298,-0.00018981937319040298,0.022464925423264503,0.02257416397333145,0.1664532572031021
585,0.016642041504383087,-0.016782205551862717,0.016809238120913506,0.0166150089353323,0.1663990169763565
586,0.0206393301486969,-0.002380292396992445,0.011529132723808289,0.011490489356219769,0.16634468734264374
587,0.032345160841941833,-0.0061460863798856735,0.019402433186769485,0.01908881589770317,0.16629032790660858
588,0.027695737779140472,0.0025603175163269043,0.012475842610001564,0.012659577652812004,0.16623607277870178
589,0.04402919113636017,0.010229100473225117,0.01689896546304226,0.01690112240612507,0.1661820113658905
590,0.045792046934366226,-0.012940514832735062,0.029524151235818863,0.029208410531282425,0.16612786054611206
591,0.04277651757001877,0.009168623015284538,0.016794295981526375,0.016813596710562706,0.16607385873794556
592,-0.0035958439111709595,-0.04908379912376404,0.02266632206737995,0.022821633145213127,0.16601911187171936
593,0.024805881083011627,-0.024412745609879494,0.024683430790901184,0.024535195901989937,0.16596415638923645
594,-0.004679707810282707,-0.030941251665353775,0.013214240781962872,0.013047302141785622,0.16590887308120728
595,0.012596416287124157,-0.017521483823657036,0.014896479435265064,0.015221420675516129,0.16585350036621094
596,0.0261789932847023,-0.0026171542704105377,0.014399878680706024,0.01439626980572939,0.1657983511686325
597,0.24409443140029907,0.0023195198737084866,0.12074385583400726,0.12103104591369629,0.1657434105873108
598,0.06191706657409668,0.0031875534914433956,0.02942213974893093,0.029307372868061066,0.16568869352340698
599,0.03510745242238045,0.005502821411937475,0.014736358076334,0.01486827153712511,0.1656341701745987
600,0.17983269691467285,-0.0454978421330452,0.11297919601202011,0.11235133558511734,0.16557914018630981
601,0.02011273242533207,-0.019113991409540176,0.019648896530270576,0.01957782730460167,0.16552402079105377
602,0.04240244999527931,0.003205288900062442,0.01961926743388176,0.01957789435982704,0.16546913981437683
603,0.23801515996456146,-0.030919481068849564,0.134268656373024,0.13466598093509674,0.16541403532028198
604,0.034679558128118515,-0.008819764479994774,0.021505894139409065,0.021993428468704224,0.16535906493663788
605,0.008090317249298096,-0.04236039146780968,0.0250961072742939,0.025354601442813873,0.16530367732048035
606,0.029712621122598648,0.00884239375591278,0.01035141572356224,0.010518811643123627,0.16524875164031982
607,0.03030492551624775,-0.025555238127708435,0.02803710289299488,0.027823060750961304,0.16519366204738617
608,0.2474507987499237,0.0017052912153303623,0.12316108494997025,0.12258443236351013,0.165138840675354
609,0.0482763946056366,0.014049557968974113,0.017035866156220436,0.017190972343087196,0.16508442163467407
610,0.05144234746694565,0.0024477087426930666,0.024540049955248833,0.024454589933156967,0.16503027081489563
611,0.018575802445411682,-0.014109349809587002,0.01642831414937973,0.01625683903694153,0.16497603058815002
612,0.032241322100162506,-0.00024324096739292145,0.016261300072073936,0.016223261132836342,0.16492190957069397
613,0.026683032512664795,-0.03301319479942322,0.029816217720508575,0.029880009591579437,0.16486746072769165
614,0.05645442754030228,0.009662594646215439,0.023410042747855186,0.02338179387152195,0.1648133397102356
615,0.04090007022023201,-0.010424479842185974,0.025738900527358055,0.02558564953505993,0.16475927829742432
616,-0.0014286302030086517,-0.0213051438331604,0.009942077100276947,0.009934436529874802,0.1647050827741623
617,0.005533016286790371,-0.010519571602344513,0.007995055988430977,0.008057531900703907,0.16465091705322266
618,0.027051696553826332,-0.000872225034981966,0.013927938416600227,0.013995982706546783,0.16459693014621735
619,0.013955745846033096,-0.02228788658976555,0.01823626458644867,0.018007367849349976,0.1645428091287613
620,-0.026510661467909813,-0.044285330921411514,0.008832570165395737,0.008942099288105965,0.16448824107646942
621,0.021784672513604164,-0.01610640250146389,0.019060462713241577,0.018830612301826477,0.16443373262882233
622,0.27594441175460815,-0.04496700316667557,0.160722017288208,0.16018939018249512,0.16437877714633942
623,0.06730972230434418,0.0018564248457551003,0.032599907368421555,0.0328533872961998,0.16432413458824158
624,0.1206912249326706,0.0020338566973805428,0.05934359133243561,0.05931377410888672,0.16426976025104523
625,0.22518834471702576,-0.018632417544722557,0.12213127315044403,0.12168949842453003,0.1642153263092041
626,0.007547417655587196,-0.0392245277762413,0.023493455722928047,0.02327848970890045,0.16416054964065552
627,0.013717022724449635,-0.010470261797308922,0.01224855799227953,0.011938726529479027,0.16410592198371887
628,-0.03445637971162796,-0.05104874074459076,0.0082632377743721,0.008329124189913273,0.1640508472919464
629,0.18829883635044098,-0.012753237038850784,0.10068662464618683,0.10036544501781464,0.16399595141410828
630,0.03331519663333893,-0.04156726971268654,0.037396516650915146,0.03748594969511032,0.16394077241420746
631,0.03500467538833618,0.0006436454132199287,0.01699250377714634,0.01736852340400219,0.1638859361410141
632,0.02973850816488266,-0.038713693618774414,0.03417755663394928,0.034274645149707794,0.16383086144924164
633,0.005070596933364868,-0.03210538625717163,0.018668130040168762,0.018507853150367737,0.1637757122516632
634,0.19509415328502655,-0.05222253501415253,0.12408003211021423,0.12323665618896484,0.16372016072273254
635,0.05978028476238251,-0.01590307056903839,0.0377524308860302,0.0379309244453907,0.1636648029088974
636,-0.009704280644655228,-0.03525262326002121,0.012811299413442612,0.01273704320192337,0.1636093556880951
637,0.2063722163438797,-0.05417218804359436,0.13046517968177795,0.1300792247056961,0.16355356574058533
638,0.14132969081401825,-0.08271962404251099,0.11183063685894012,0.11221867799758911,0.16349701583385468
639,0.24272111058235168,0.006212878040969372,0.11815354228019714,0.1183546856045723,0.16344110667705536
640,-0.04853181168437004,-0.06089194491505623,0.006181641481816769,0.00617848988622427,0.1633848249912262
641,-0.037020888179540634,-0.04986511543393135,0.006446839775890112,0.006397387944161892,0.1633283942937851
642,0.18665067851543427,-0.06748241186141968,0.12690037488937378,0.12723271548748016,0.16327157616615295
643,0.004991572350263596,-0.022568657994270325,0.013842579908668995,0.013717650435864925,0.16321499645709991
644,0.06703031063079834,0.012467444874346256,0.02741357684135437,0.02714928798377514,0.16315917670726776
645,0.03086366318166256,-0.005159828346222639,0.01790447346866131,0.018119018524885178,0.16310378909111023
646,0.06096911430358887,0.001734742894768715,0.02966117486357689,0.029573192819952965,0.1630489081144333
647,0.208197221159935,0.026419058442115784,0.09130482375621796,0.09047333896160126,0.16299474239349365
648,0.24000874161720276,-0.0037329974584281445,0.12167501449584961,0.12206672132015228,0.1629408448934555
649,-0.08610168844461441,-0.10956203937530518,0.011790428310632706,0.011669929139316082,0.16288574039936066
650,-0.017076261341571808,-0.044323667883872986,0.013546298258006573,0.013701106421649456,0.16283036768436432
651,0.019618641585111618,-0.043531861156225204,0.031858962029218674,0.03129154071211815,0.16277480125427246
652,-0.0065078167244791985,-0.034332092851400375,0.01399262621998787,0.013831649906933308,0.162719264626503
653,-0.030611542984843254,-0.055186279118061066,0.01236013974994421,0.012214595451951027,0.16266345977783203
654,0.38209593296051025,-0.060816142708063126,0.22134266793727875,0.22156940400600433,0.1626073122024536
655,0.18234947323799133,-0.0456673763692379,0.11401093751192093,0.114005908370018,0.16255103051662445
656,0.03037179820239544,-0.013270117342472076,0.02172044664621353,0.021921468898653984,0.16249515116214752
657,0.025280384346842766,-0.017597462981939316,0.021235773339867592,0.02164207398891449,0.16243956983089447
658,-0.05862068384885788,-0.09277060627937317,0.017048679292201996,0.017101243138313293,0.16238321363925934
659,0.008658954873681068,-0.025634262710809708,0.017254719510674477,0.0170384980738163,0.16232718527317047
660,0.00218276958912611,-0.021391380578279495,0.011817448772490025,0.01175670139491558,0.16227148473262787
661,0.01649877429008484,-0.006153738126158714,0.011326330713927746,0.011326182633638382,0.1622161865234375
662,-0.013745225965976715,-0.03202850744128227,0.009111113846302032,0.009172167629003525,0.1621609479188919
663,0.0055258627980947495,-0.023298554122447968,0.014394938945770264,0.014429477974772453,0.16210585832595825
664,-0.06080451235175133,-0.07302107661962509,0.006155070383101702,0.0060614910908043385,0.1620502471923828
665,0.12961724400520325,-0.08519969880580902,0.10730155557394028,0.10751539468765259,0.16199395060539246
666,0.05410429835319519,-0.010819243267178535,0.032457079738378525,0.03246646374464035,0.1619381308555603
667,0.019999122247099876,-0.03726826608181,0.02883988991379738,0.028427498415112495,0.16188235580921173
668,0.16603872179985046,-0.06439808011054993,0.11492698639631271,0.11550981551408768,0.16182619333267212
669,-0.008280428126454353,-0.037253811955451965,0.014444736763834953,0.014528647065162659,0.16177013516426086
670,-0.0041616857051849365,-0.03187134116888046,0.013811389915645123,0.013898264616727829,0.16171425580978394
671,0.010404711589217186,-0.043260615319013596,0.026719193905591965,0.026946133002638817,0.16165833175182343
672,-0.02815302088856697,-0.05179364234209061,0.011867000721395016,0.011773618869483471,0.16160225868225098
673,-6.0578808188438416e-05,-0.05278990417718887,0.02645503170788288,0.026274293661117554,0.16154606640338898
674,-0.012581191956996918,-0.08761140704154968,0.03735567629337311,0.03767453879117966,0.1614893078804016
675,0.23104846477508545,-0.023475775495171547,0.12788309156894684,0.1266411393880844,0.16143293678760529
676,0.05199205130338669,0.01438283734023571,0.01896580681204796,0.01864340901374817,0.16137747466564178
677,0.026515699923038483,-0.013101993128657341,0.01994376629590988,0.019673926755785942,0.1613224297761917
678,0.0036315880715847015,-0.0248921699821949,0.014294768683612347,0.014228989370167255,0.16126765310764313
679,-0.009314706549048424,-0.06847035884857178,0.02944660373032093,0.029709050431847572,0.16121242940425873
680,-0.016841545701026917,-0.036926425993442535,0.010096521116793156,0.009988360106945038,0.1611572802066803
681,0.026604726910591125,-0.05568147078156471,0.04128824174404144,0.040997955948114395,0.16110193729400635
682,0.24923598766326904,-0.0023779189214110374,0.12616807222366333,0.12544584274291992,0.16104716062545776
683,0.02921311929821968,-0.0047780536115169525,0.017143122851848602,0.01684805005788803,0.16099287569522858
684,0.006141398102045059,-0.07089919596910477,0.03848247975111008,0.03855811432003975,0.1609380692243576
685,0.04706515744328499,0.0007249719928950071,0.023130569607019424,0.023209616541862488,0.16088387370109558
686,0.004873136058449745,-0.0417923666536808,0.023320218548178673,0.023345284163951874,0.16082952916622162
687,-0.002974260598421097,-0.052197832614183426,0.024417424574494362,0.024806147441267967,0.16077502071857452
688,0.23469915986061096,-0.0118182934820652,0.12396217882633209,0.12255527824163437,0.16072088479995728
689,0.03934069350361824,-0.008079353719949722,0.0237848199903965,0.023635227233171463,0.16066715121269226
690,0.0018817819654941559,-0.08038114011287689,0.04134223237633705,0.040920689702034,0.1606127917766571
691,0.00672273151576519,-0.02297249436378479,0.014878306537866592,0.014816919341683388,0.16055868566036224
692,-0.01344713382422924,-0.040701724588871,0.01368617732077837,0.013568414375185966,0.16050459444522858
693,-0.01619584485888481,-0.09179557114839554,0.03785145655274391,0.037748269736766815,0.16044972836971283
694,0.02509404346346855,-0.027340242639183998,0.026197081431746483,0.026237204670906067,0.16039516031742096
695,-0.03990665078163147,-0.07142702490091324,0.01577651873230934,0.015743857249617577,0.16034021973609924
696,0.019129348918795586,-0.01422603614628315,0.016568953171372414,0.01678643189370632,0.16028574109077454
697,0.04725220054388046,-0.026397837325930595,0.036839574575424194,0.03681046515703201,0.1602315455675125
698,0.03975548595190048,0.00414061825722456,0.017863700166344643,0.017751166597008705,0.1601780205965042
699,0.004652034491300583,-0.03007350116968155,0.01734723336994648,0.017378302291035652,0.16012458503246307
700,-0.0033347755670547485,-0.047246914356946945,0.021872499957680702,0.022039638832211494,0.16007103025913239
701,-0.025980331003665924,-0.06979505717754364,0.021911995485424995,0.02190273255109787,0.16001704335212708
702,0.016186876222491264,-0.03278570622205734,0.024425338953733444,0.024547243490815163,0.15996313095092773
703,0.03258413076400757,-0.02423185668885708,0.02871663123369217,0.028099356219172478,0.1599094718694687
704,0.008326813578605652,-0.019999416545033455,0.014312226325273514,0.014014003798365593,0.15985609591007233
705,0.03826700150966644,0.005303502082824707,0.016595572233200073,0.016367929056286812,0.1598033457994461
706,0.14168334007263184,-0.048936713486909866,0.09559847414493561,0.09502158313989639,0.15975046157836914
707,0.007646555081009865,-0.048834532499313354,0.028159797191619873,0.028321290388703346,0.15969742834568024
708,0.046771541237831116,-0.03744954615831375,0.04222457855939865,0.041996508836746216,0.15964443981647491
709,0.17843344807624817,-0.004944495391100645,0.09218717366456985,0.09119077026844025,0.1595918834209442
710,-0.02606750652194023,-0.0502205528318882,0.01210017316043377,0.012052875943481922,0.15953907370567322
711,0.023534972220659256,-0.05824965983629227,0.040727827697992325,0.0410568043589592,0.15948598086833954
712,0.17303812503814697,-0.042207520455121994,0.10803570598363876,0.1072099357843399,0.15943297743797302
713,-0.004585471004247665,-0.057077109813690186,0.026241108775138855,0.026250530034303665,0.1593797653913498
714,-0.03277476876974106,-0.09368979930877686,0.030376845970749855,0.030538184568285942,0.15932583808898926
715,0.0034966468811035156,-0.04168624430894852,0.02271091938018799,0.022471971809864044,0.1592720001935959
716,0.1655469834804535,-0.09434477239847183,0.12988819181919098,0.13000357151031494,0.1592174917459488
717,0.04131237044930458,-0.031127799302339554,0.03604878485202789,0.03639138489961624,0.1591632068157196
718,-0.0961710587143898,-0.1254516839981079,0.014611909165978432,0.014668716117739677,0.15910787880420685
719,0.0039177145808935165,-0.053544290363788605,0.0288353580981493,0.02862664684653282,0.1590527445077896
720,-0.000952770933508873,-0.031132936477661133,0.015252020210027695,0.014928145334124565,0.1589980274438858
721,-0.010117894038558006,-0.0337822251021862,0.011863675899803638,0.011800656095147133,0.15894363820552826
722,0.15687808394432068,-0.04876803606748581,0.10269290953874588,0.10295321047306061,0.1588892638683319
723,0.006245732307434082,-0.04500153660774231,0.02568800188601017,0.02555926702916622,0.15883497893810272
724,0.008155371062457561,-0.02319234609603882,0.015541833825409412,0.015805883333086967,0.15878109633922577
725,-0.03622467443346977,-0.08658449351787567,0.025004098191857338,0.02535572275519371,0.15872672200202942
726,-0.026603080332279205,-0.06870606541633606,0.021262630820274353,0.0208403542637825,0.15867212414741516
727,-0.02099141851067543,-0.0729285180568695,0.025900661945343018,0.02603643760085106,0.15861736238002777
728,-0.0117149967700243,-0.05336960405111313,0.020982470363378525,0.020672136917710304,0.15856274962425232
729,0.04222282022237778,-0.003400090616196394,0.02276993915438652,0.02285297028720379,0.15850897133350372
730,-0.006063373759388924,-0.03975591063499451,0.01716299168765545,0.016529545187950134,0.15845541656017303
731,-0.02541033737361431,-0.0822048932313919,0.028332533314824104,0.02846202440559864,0.15840139985084534
732,-0.06097922846674919,-0.09889176487922668,0.019175035879015923,0.01873749867081642,0.15834683179855347
733,0.21070080995559692,-0.05964546650648117,0.13511012494564056,0.13523615896701813,0.1582922488451004
734,-0.07327747344970703,-0.0954427570104599,0.01101495511829853,0.011150333099067211,0.15823721885681152
735,-0.007705150172114372,-0.0340174175798893,0.0130888307467103,0.0132234375923872,0.15818257629871368
736,-0.004521002992987633,-0.04517252743244171,0.020364323630928993,0.020287200808525085,0.15812820196151733
737,-0.0834910050034523,-0.09817342460155487,0.007320134900510311,0.007362283766269684,0.158073291182518
738,0.19828417897224426,-0.05696145445108414,0.1281808465719223,0.1270647943019867,0.15801845490932465
739,-0.08137675374746323,-0.10829532891511917,0.013639360666275024,0.013279213570058346,0.15796303749084473
740,0.23928380012512207,-0.04730994254350662,0.14306333661079407,0.14353041350841522,0.15790782868862152
741,-0.027674082666635513,-0.05627736449241638,0.01408957876265049,0.014513704925775528,0.15785278379917145
742,-0.028187615796923637,-0.06803064793348312,0.01994464546442032,0.019898386672139168,0.15779776871204376
743,-0.012463651597499847,-0.030690297484397888,0.009066760540008545,0.009159885346889496,0.15774334967136383
744,-0.002944488078355789,-0.05103755742311478,0.02431354857981205,0.023779520764946938,0.15768921375274658
745,-0.07475090026855469,-0.09912601858377457,0.012206727638840675,0.012168394401669502,0.15763455629348755
746,-0.020588237792253494,-0.059372399002313614,0.0195358507335186,0.01924831047654152,0.15757997334003448
747,-0.018335504457354546,-0.03760473430156708,0.009935109876096249,0.009334119036793709,0.15752576291561127
748,-0.019295940175652504,-0.041006989777088165,0.01081897970288992,0.010892068967223167,0.15747188031673431
749,-0.02232377976179123,-0.055421728640794754,0.01640615426003933,0.016691796481609344,0.15741807222366333
750,0.023777497932314873,-0.037045612931251526,0.030310513451695442,0.030512597411870956,0.157364621758461
751,0.046372685581445694,-0.055665768682956696,0.05117146670818329,0.0508669875562191,0.15731129050254822
752,-0.040769144892692566,-0.07575847208499908,0.01738865301012993,0.01760067418217659,0.15725770592689514
753,-0.0591452419757843,-0.10148067772388458,0.021285058930516243,0.021050376817584038,0.1572035402059555
754,-0.06048091500997543,-0.08152475953102112,0.010474286042153835,0.010569557547569275,0.15714915096759796
755,0.012586111202836037,-0.03792891651391983,0.025235125795006752,0.025279901921749115,0.15709514915943146
756,0.058378539979457855,-0.07529908418655396,0.06731758266687393,0.06636004149913788,0.15704107284545898
757,-0.033243339508771896,-0.08090073615312576,0.02401375211775303,0.023643646389245987,0.15698689222335815
758,-0.03044850565493107,-0.060206592082977295,0.014893113635480404,0.014864971861243248,0.15693283081054688
759,-0.03673463687300682,-0.07055690139532089,0.016839973628520966,0.016982290893793106,0.1568787842988968
760,-0.044355608522892,-0.0875328853726387,0.02153307944536209,0.021644197404384613,0.1568245142698288
761,-0.024397533386945724,-0.05665495991706848,0.015936698764562607,0.01632072776556015,0.1567704677581787
762,-0.02245229482650757,-0.11257638782262802,0.045008011162281036,0.045116081833839417,0.15671585500240326
763,0.2188463658094406,-0.07348543405532837,0.14601998031139374,0.14631181955337524,0.15666133165359497
764,-0.03673792630434036,-0.06358411908149719,0.013813421130180359,0.013032769784331322,0.15660707652568817
765,-0.06129216402769089,-0.09053844213485718,0.014588059857487679,0.01465822197496891,0.15655259788036346
766,-0.09260035306215286,-0.11356519162654877,0.010432727634906769,0.010532109066843987,0.15649759769439697
767,0.14876949787139893,-0.06652940809726715,0.10753176361322403,0.10776713490486145,0.1564427614212036
768,-0.04714089632034302,-0.07017573714256287,0.011579150334000587,0.011455693282186985,0.1563880890607834
769,-0.025043480098247528,-0.06940063834190369,0.022315680980682373,0.022041477262973785,0.15633361041545868
770,-0.029105734080076218,-0.05882728844881058,0.014936245046555996,0.014785307459533215,0.15627935528755188
771,-0.05464555323123932,-0.08509889245033264,0.015316205099225044,0.015137136913836002,0.1562250256538391
772,-0.04951893910765648,-0.06538549810647964,0.007830959744751453,0.008035601116716862,0.15617085993289948
773,-0.05667607858777046,-0.12018603831529617,0.03180493414402008,0.03170502558350563,0.1561160832643509
774,0.1585722416639328,-0.09333533048629761,0.12589572370052338,0.12601184844970703,0.15606112778186798
775,-0.05088124796748161,-0.07123494893312454,0.010258500464260578,0.010095200501382351,0.15600638091564178
776,-0.05328967422246933,-0.0953797847032547,0.020894359797239304,0.021195746958255768,0.15595149993896484
777,-0.04684247821569443,-0.07166026532649994,0.01221398264169693,0.012603802606463432,0.155896857380867
778,-0.09964391589164734,-0.11827528476715088,0.009322002530097961,0.009309369139373302,0.15584173798561096
779,-0.03688112273812294,-0.055204421281814575,0.009273841045796871,0.009049457497894764,0.15578708052635193
780,-0.041121359914541245,-0.06142668426036835,0.010125253349542618,0.01018007192760706,0.15573282539844513
781,-0.10747145116329193,-0.1316467523574829,0.01200704276561737,0.012168260291218758,0.15567784011363983
782,0.22759868204593658,-0.04679788276553154,0.13694225251674652,0.1374543160200119,0.1556234359741211
783,0.15091681480407715,-0.08345942944288254,0.11715571582317352,0.11722052842378616,0.15556910634040833
784,-0.01451832428574562,-0.05194531008601189,0.018598506227135658,0.01882847771048546,0.15551522374153137
785,-0.040109336376190186,-0.08257833868265152,0.021189069375395775,0.02127993106842041,0.15546129643917084
786,0.1586354374885559,-0.11026032269001007,0.13437208533287048,0.1345236748456955,0.15540696680545807
787,-0.029046516865491867,-0.046917833387851715,0.008845076896250248,0.0090262396261096,0.15535315871238708
788,-0.12497913837432861,-0.17349760234355927,0.024218162521719933,0.024300310760736465,0.1552981287240982
789,0.20548345148563385,-0.06799416244029999,0.13655345141887665,0.1369241625070572,0.1552434116601944
790,-0.027463333681225777,-0.04485772177577019,0.00867756363004446,0.008716823533177376,0.15518930554389954
791,-0.0634804219007492,-0.08510897308588028,0.010716828517615795,0.0109117291867733,0.15513521432876587
792,-0.08193179965019226,-0.10144630074501038,0.009744283743202686,0.009770216420292854,0.1550808995962143
793,-0.04234001785516739,-0.07717127352952957,0.0175000112503767,0.017331242561340332,0.15502680838108063
794,-0.07707866281270981,-0.08990882337093353,0.006271767430007458,0.006558396853506565,0.15497268736362457
795,0.00489550456404686,-0.08292926847934723,0.043971672654151917,0.04385310038924217,0.15491870045661926
796,-0.047641485929489136,-0.0851525068283081,0.018862703815102577,0.018648317083716393,0.15486471354961395
797,0.16650329530239105,-0.09371766448020935,0.12980280816555023,0.13041815161705017,0.15481062233448029
798,-0.05537162721157074,-0.10004843771457672,0.022455351427197456,0.022221459075808525,0.15475644171237946
799,0.15214787423610687,-0.11025108397006989,0.13144390285015106,0.1309550553560257,0.15470200777053833
800,-0.0669860765337944,-0.08763939142227173,0.010310089215636253,0.010343221947550774,0.15464764833450317
801,-0.051902636885643005,-0.07497642934322357,0.011490069329738617,0.011583724990487099,0.15459351241588593
802,-0.06640206277370453,-0.09759308397769928,0.01561707817018032,0.015573943965137005,0.1545393168926239
803,-0.05189941078424454,-0.08501361310482025,0.01635325327515602,0.01676095277070999,0.15448525547981262
804,-0.020084325224161148,-0.05562613159418106,0.01754816062748432,0.01799364760518074,0.15443171560764313
805,-0.08256600797176361,-0.11237365007400513,0.014951364137232304,0.014856276102364063,0.15437786281108856
806,-0.0348886214196682,-0.06936349719762802,0.017323972657322884,0.01715090498328209,0.15432436764240265
807,-0.0805307999253273,-0.09784246236085892,0.008728880435228348,0.00858278013765812,0.154270738363266
808,-0.07158663868904114,-0.09546952694654465,0.012003128416836262,0.011879759840667248,0.1542169749736786
809,-0.025604339316487312,-0.05409791320562363,0.014193793758749962,0.014299778267741203,0.1541636884212494
810,-0.06759431213140488,-0.09632406383752823,0.01448223926126957,0.014247514307498932,0.15411025285720825
811,-0.054452084004879,-0.09458509087562561,0.01988271065056324,0.02025029994547367,0.15405666828155518
812,-0.013917988166213036,-0.0677979439496994,0.026872266083955765,0.0270076896995306,0.15400350093841553
813,-0.03442556783556938,-0.07401835918426514,0.019527364522218704,0.02006542682647705,0.1539505273103714
814,-0.08256066590547562,-0.10226954519748688,0.0099602360278368,0.009748642332851887,0.15389719605445862
815,-0.09575805068016052,-0.11040842533111572,0.007292047142982483,0.007358323782682419,0.15384358167648315
816,-0.07489489018917084,-0.11928266286849976,0.02222560904920101,0.02216215804219246,0.15378956496715546
817,0.16035312414169312,-0.09208439290523529,0.12605808675289154,0.12637943029403687,0.15373563766479492
818,-0.0709150955080986,-0.10128630697727203,0.015029581263661385,0.015341633930802345,0.15368160605430603
819,-0.06650741398334503,-0.10158956050872803,0.017692143097519875,0.01739000529050827,0.15362752974033356
820,-0.047527335584163666,-0.08413462340831757,0.018239689990878105,0.018367597833275795,0.153573676943779
821,-0.0682341530919075,-0.08423484861850739,0.007883597165346146,0.00811710488051176,0.15352000296115875
822,-0.05797877535223961,-0.0868474692106247,0.014572037383913994,0.014296655543148518,0.15346650779247284
823,-0.0693591758608818,-0.0804886519908905,0.00555034726858139,0.005579126067459583,0.15341320633888245
824,-0.06473013758659363,-0.08389175683259964,0.009569690562784672,0.009591927751898766,0.153360053896904
825,-0.06350405514240265,-0.09390851855278015,0.01512419804930687,0.015280262567102909,0.1533069610595703
826,-0.04353059083223343,-0.07240559160709381,0.014334221370518208,0.014540782198309898,0.15325413644313812
827,-0.06726904213428497,-0.10229188203811646,0.017472853884100914,0.01754998229444027,0.1532011479139328
828,-0.06443909555673599,-0.10055498778820038,0.018101800233125687,0.018014095723628998,0.15314804017543793
829,-0.05804320424795151,-0.0999944657087326,0.02127533219754696,0.02067592926323414,0.15309487283229828
830,-0.08430633693933487,-0.10081038624048233,0.008349452167749405,0.008154593408107758,0.15304167568683624
831,-0.06003390997648239,-0.10068011283874512,0.02035624347627163,0.020289959385991096,0.15298844873905182
832,-0.015266334637999535,-0.06486820429563522,0.024812757968902588,0.0247891116887331,0.15293565392494202
833,-0.06169763207435608,-0.10488153994083405,0.021672295406460762,0.021511614322662354,0.15288275480270386
834,-0.06074359640479088,-0.07833753526210785,0.008770412765443325,0.008823524229228497,0.1528300791978836
835,-0.05245393514633179,-0.08345501124858856,0.015542879700660706,0.01545819453895092,0.15277758240699768
836,-0.04044272005558014,-0.06933894753456116,0.014413273893296719,0.014482954517006874,0.152725487947464
837,-0.02161400020122528,-0.08523266017436981,0.03188277781009674,0.03173588216304779,0.1526734083890915
838,-0.05666971951723099,-0.07084586471319199,0.007050652988255024,0.007125490810722113,0.15262159705162048
839,-0.05588803067803383,-0.08968456089496613,0.016913127154111862,0.016883399337530136,0.15256986021995544
840,-0.06516779214143753,-0.12025467306375504,0.02774261310696602,0.027344264090061188,0.152517631649971
841,-0.0803036019206047,-0.09901268780231476,0.009341894648969173,0.00936718937009573,0.15246543288230896
842,-0.08961058408021927,-0.11953485757112503,0.014793150126934052,0.01513112522661686,0.15241287648677826
843,-0.04175972193479538,-0.07462009787559509,0.01621238701045513,0.016647987067699432,0.15236066281795502
844,-0.05085459724068642,-0.11783052980899811,0.033426620066165924,0.03354931250214577,0.1523081511259079
845,-0.04905150830745697,-0.08613616228103638,0.018535520881414413,0.018549127504229546,0.15225575864315033
846,-0.03228491172194481,-0.06741733849048615,0.017290955409407616,0.01784146949648857,0.152203768491745
847,-0.06736848503351212,-0.1130785346031189,0.022677917033433914,0.023032136261463165,0.15215155482292175
848,-0.037028439342975616,-0.08355020731687546,0.02335483208298683,0.02316693589091301,0.1520995795726776
849,-0.08983009308576584,-0.12536492943763733,0.01777935028076172,0.01775548607110977,0.15204715728759766
850,-0.08830764144659042,-0.10811738669872284,0.009885278530418873,0.009924462996423244,0.1519947052001953
851,-0.07466176152229309,-0.10848410427570343,0.01693437434732914,0.01688796654343605,0.1519422084093094
852,-0.06720636785030365,-0.10057354718446732,0.01672946661710739,0.016637710854411125,0.15188974142074585
853,-0.09149220585823059,-0.10401158034801483,0.006263395305722952,0.0062559787184000015,0.15183719992637634
854,-0.09665505588054657,-0.1189422458410263,0.011199972592294216,0.011087216436862946,0.15178458392620087
855,-0.05410277843475342,-0.09240847826004028,0.018951041623950005,0.01935465633869171,0.15173210203647614
856,-0.10388755053281784,-0.15189191699028015,0.023886704817414284,0.02411765605211258,0.15167894959449768
857,-0.08295547217130661,-0.10890047252178192,0.013064686208963394,0.012880316935479641,0.151625856757164
858,-0.1163424402475357,-0.14926478266716003,0.01654878631234169,0.01637355610728264,0.15157218277454376
859,-0.053028643131256104,-0.10243595391511917,0.02482070028781891,0.024586612358689308,0.15151862800121307
860,-0.03532245010137558,-0.0817577913403511,0.02335750125348568,0.023077836260199547,0.1514655351638794
861,-0.06868135184049606,-0.11042588949203491,0.020731380209326744,0.021013155579566956,0.15141235291957855
862,-0.07214774936437607,-0.13814778625965118,0.03319639340043068,0.032803647220134735,0.15135882794857025
863,-0.0780329704284668,-0.10754899680614471,0.014849398285150528,0.014666634611785412,0.15130546689033508
864,-0.048990074545145035,-0.079518161714077,0.01521540991961956,0.015312674455344677,0.15125255286693573
865,-0.10247331857681274,-0.13015909492969513,0.013895046897232533,0.01379072479903698,0.15119938552379608
866,-0.07790307700634003,-0.11034097522497177,0.016028694808483124,0.016409199684858322,0.15114620327949524
867,-0.0834152102470398,-0.12707075476646423,0.021775132045149803,0.021880414336919785,0.15109290182590485
868,-0.05785195156931877,-0.08225785940885544,0.012269686907529831,0.012136224657297134,0.15104007720947266
869,-0.019678205251693726,-0.1151091605424881,0.04769958183169365,0.047731369733810425,0.1509871780872345
870,0.1341828554868698,-0.12155146896839142,0.12805944681167603,0.1276748776435852,0.150934100151062
871,-0.09797634929418564,-0.1480223536491394,0.025123607367277145,0.02492239512503147,0.1508806049823761
872,-0.0710996463894844,-0.10590570420026779,0.017682742327451706,0.017123321071267128,0.1508272886276245
873,-0.07515249401330948,-0.09603352844715118,0.010651909746229649,0.010229122824966908,0.1507742702960968
874,0.1367686539888382,-0.13298749923706055,0.1345677673816681,0.13518838584423065,0.15072105824947357
875,0.11407765746116638,-0.13393191993236542,0.12390118092298508,0.12410839647054672,0.1506676822900772
876,-0.09375694394111633,-0.12212614715099335,0.014185475185513496,0.014183730818331242,0.15061429142951965
877,-0.06251443922519684,-0.09657077491283417,0.017216598615050316,0.016839733347296715,0.15056127309799194
878,-0.056857239454984665,-0.09356996417045593,0.018727611750364304,0.017985109239816666,0.1505085676908493
879,0.08257287740707397,-0.1084076315164566,0.09578362852334976,0.09519688040018082,0.1504560261964798
880,-0.14220163226127625,-0.16043812036514282,0.009061754681169987,0.009174728766083717,0.1504029482603073
881,-0.10126931965351105,-0.1255665272474289,0.012317156419157982,0.011980051174759865,0.15034985542297363
882,0.20639409124851227,-0.09376375377178192,0.15045762062072754,0.14970022439956665,0.1502971202135086
883,-0.13804024457931519,-0.1531522572040558,0.007578386925160885,0.007533627562224865,0.15024401247501373
884,-0.05886354297399521,-0.1033812165260315,0.022248025983572006,0.02226964570581913,0.15019115805625916
885,-0.03228918835520744,-0.11151015758514404,0.039886899292469025,0.039334069937467575,0.15013857185840607
886,-0.11712254583835602,-0.14167846739292145,0.012302566319704056,0.012253358960151672,0.15008564293384552
887,-0.06253907829523087,-0.10183043777942657,0.01972838304936886,0.01956297643482685,0.15003301203250885
888,-0.07486329972743988,-0.13394364714622498,0.029418939724564552,0.02966141328215599,0.14998020231723785
889,-0.10716090351343155,-0.13607217371463776,0.014159172773361206,0.014752095565199852,0.14992721378803253
890,-0.08490198850631714,-0.11341613531112671,0.014148466289043427,0.014365676790475845,0.1498744636774063
891,-0.10619068145751953,-0.13526566326618195,0.014590218663215637,0.014484765008091927,0.14982156455516815
892,-0.03462691232562065,-0.09325086325407028,0.029574792832136154,0.029049161821603775,0.14976909756660461
893,-0.08827914297580719,-0.12220427393913269,0.017049437388777733,0.016875695437192917,0.14971666038036346
894,-0.09076334536075592,-0.11909320205450058,0.014051465317606926,0.014278391376137733,0.14966438710689545
895,-0.14092621207237244,-0.1728667914867401,0.016036758199334145,0.01590382121503353,0.14961136877536774
896,-0.10025135427713394,-0.12799286842346191,0.014043471775949001,0.013698042370378971,0.14955835044384003
897,-0.11062702536582947,-0.13440050184726715,0.011742186732590199,0.012031283229589462,0.14950531721115112
898,-0.01930086687207222,-0.11710023880004883,0.04929846525192261,0.048500906676054,0.14945243299007416
899,-0.07316266745328903,-0.10361236333847046,0.015063854865729809,0.015385846607387066,0.14939995110034943
900,-0.1303800791501999,-0.14451582729816437,0.00702849542722106,0.007107257377356291,0.14934726059436798
901,-0.07868839800357819,-0.09773214906454086,0.009626775979995728,0.00941697508096695,0.14929507672786713
902,-0.12419344484806061,-0.1640462577342987,0.019980648532509804,0.019872155040502548,0.1492423713207245
903,0.1123715490102768,-0.10308815538883209,0.10783436894416809,0.1076253354549408,0.1491900086402893
904,-0.09138886630535126,-0.12042327225208282,0.014467091299593449,0.014567314647138119,0.1491377353668213
905,-0.11774096637964249,-0.1418236494064331,0.011889582499861717,0.012193107977509499,0.14908532798290253
906,-0.12008622288703918,-0.1507394015789032,0.015238212421536446,0.015414969064295292,0.14903263747692108
907,-0.09727310389280319,-0.12236199527978897,0.012652115896344185,0.01243677455931902,0.14898008108139038
908,-0.12098319083452225,-0.14617520570755005,0.012712284922599792,0.012479732744395733,0.14892742037773132
909,-0.08820798993110657,-0.10860422998666763,0.010095126926898956,0.01030111126601696,0.14887501299381256
910,-0.118026964366436,-0.13304656744003296,0.0075294338166713715,0.007490166462957859,0.14882272481918335
911,-0.1103161871433258,-0.1386648565530777,0.014153680764138699,0.014194990508258343,0.14877024292945862
912,-0.10493657737970352,-0.11481697857379913,0.005043754819780588,0.004836646374315023,0.14871811866760254
913,-0.12654422223567963,-0.15460103750228882,0.01389139611274004,0.01416541263461113,0.1486656814813614
914,0.05290280282497406,-0.17345722019672394,0.11299189180135727,0.11336813122034073,0.14861273765563965
915,-0.1324552595615387,-0.15106496214866638,0.009634915739297867,0.00897479709237814,0.1485595852136612
916,-0.06750643253326416,-0.08560460805892944,0.009214132092893124,0.008884046226739883,0.1485072672367096
917,-0.12920881807804108,-0.16240987181663513,0.016605183482170105,0.01659587398171425,0.14845463633537292
918,-0.10382529348134995,-0.11973787099123001,0.00798586942255497,0.00792671088129282,0.1484021693468094
919,-0.12688949704170227,-0.1555991768836975,0.014153379015624523,0.014556297101080418,0.14834947884082794
920,-0.10613624006509781,-0.13427238166332245,0.014085093513131142,0.014051049947738647,0.14829686284065247
921,-0.15211957693099976,-0.19205544888973236,0.020309075713157654,0.019626790657639503,0.14824362099170685
922,-0.08516288548707962,-0.10293474048376083,0.008957374840974808,0.008814475499093533,0.14819097518920898
923,-0.14759190380573273,-0.1743568629026413,0.013650305569171906,0.013114643283188343,0.14813783764839172
924,-0.12258623540401459,-0.14912918210029602,0.013450277969241142,0.01309267058968544,0.1480846107006073
925,-0.09771466255187988,-0.13162270188331604,0.017048683017492294,0.016859348863363266,0.14803163707256317
926,-0.15144917368888855,-0.1725151389837265,0.01038447953760624,0.010681474581360817,0.14797832071781158
927,-0.06837069988250732,-0.10018178075551987,0.015795892104506493,0.0160151906311512,0.14792568981647491
928,-0.11849060654640198,-0.15167558193206787,0.016517385840415955,0.016667593270540237,0.1478729248046875
929,-0.10184970498085022,-0.14211072027683258,0.020431019365787506,0.019829995930194855,0.1478201448917389
930,-0.11222480237483978,-0.1271086186170578,0.007210439071059227,0.007673373445868492,0.14776749908924103
931,-0.09358465671539307,-0.12792927026748657,0.01718810200691223,0.017156509682536125,0.14771516621112823
932,0.10202967375516891,-0.13685524463653564,0.11892999708652496,0.1199549213051796,0.1476629376411438
933,-0.08229362964630127,-0.09943406283855438,0.008677140809595585,0.008463291451334953,0.14761127531528473
934,-0.10192513465881348,-0.12812688946723938,0.013105513527989388,0.013096245005726814,0.14755968749523163
935,-0.06039396673440933,-0.12195689976215363,0.031182866543531418,0.030380060896277428,0.14750832319259644
936,-0.08859190344810486,-0.11488594114780426,0.0131760872900486,0.01311795599758625,0.14745724201202393
937,-0.08384442329406738,-0.11621706187725067,0.016126533970236778,0.01624610647559166,0.1474064737558365
938,-0.09012273699045181,-0.11245539039373398,0.010953147895634174,0.011379504576325417,0.1473560780286789
939,-0.11784479022026062,-0.14545831084251404,0.01396859996020794,0.01364491693675518,0.147305428981781
940,-0.14607098698616028,-0.16110312938690186,0.007612301968038082,0.007419846951961517,0.14725448191165924
941,-0.037103839218616486,-0.1205177903175354,0.041953571140766144,0.04146037995815277,0.1472036987543106
942,-0.0952887088060379,-0.12740245461463928,0.01610214076936245,0.01601160690188408,0.14715313911437988
943,-0.08974654972553253,-0.144601970911026,0.027437027543783188,0.02741839364171028,0.147102490067482
944,-0.10972030460834503,-0.12792940437793732,0.009070904925465584,0.009138199500739574,0.1470518857240677
945,-0.1128496527671814,-0.149835467338562,0.018438974395394325,0.01854683645069599,0.14700117707252502
946,-0.17004729807376862,-0.19558216631412506,0.012727471068501472,0.0128073925152421,0.14694973826408386
947,0.11699002981185913,-0.14607346057891846,0.1311063915491104,0.13195709884166718,0.14689825475215912
948,-0.12076348066329956,-0.14958563446998596,0.014464477077126503,0.014357668347656727,0.1468466967344284
949,-0.15008853375911713,-0.16749729216098785,0.008747388608753681,0.008661370724439621,0.1467948853969574
950,-0.11458977311849594,-0.13437296450138092,0.009928768500685692,0.009854422882199287,0.14674317836761475
951,0.08575212955474854,-0.1578173190355301,0.12239781022071838,0.12117163836956024,0.14669132232666016
952,-0.14508561789989471,-0.1668090671300888,0.010913928970694542,0.010809529572725296,0.14663930237293243
953,-0.10843826085329056,-0.1424764096736908,0.016772927716374397,0.01726522296667099,0.14658740162849426
954,-0.20384225249290466,-0.21471229195594788,0.005323473364114761,0.005546562373638153,0.146534726023674
955,-0.10008355975151062,-0.13165265321731567,0.015743616968393326,0.015825483947992325,0.1464824080467224
956,-0.14807893335819244,-0.17145009338855743,0.011875669471919537,0.01149548776447773,0.14642982184886932
957,-0.1313835084438324,-0.1593266725540161,0.013960443437099457,0.01398271881043911,0.14637722074985504
958,-0.14857690036296844,-0.17321652173995972,0.012389924377202988,0.012249686755239964,0.1463245302438736
959,-0.10286171734333038,-0.1388675570487976,0.017965713515877724,0.01804012432694435,0.14627213776111603
960,-0.1487373262643814,-0.17064893245697021,0.011089852079749107,0.010821754112839699,0.14621959626674652
961,-0.1632753610610962,-0.19528666138648987,0.01568816974759102,0.016323141753673553,0.14616668224334717
962,-0.08921311795711517,-0.1316421926021576,0.021590502932667732,0.020838575437664986,0.14611418545246124
963,-0.12049204111099243,-0.15219032764434814,0.01611437276005745,0.015583915635943413,0.14606189727783203
964,-0.08793937414884567,-0.14782196283340454,0.02967062219977379,0.03021196275949478,0.14600983262062073
965,-0.13512550294399261,-0.157047837972641,0.011178229004144669,0.010744116269052029,0.145957812666893
966,-0.08783130347728729,-0.1276688128709793,0.01987595669925213,0.01996154896914959,0.14590613543987274
967,-0.10508230328559875,-0.12278296053409576,0.008802367374300957,0.008898288011550903,0.1458548903465271
968,-0.13281342387199402,-0.15368126332759857,0.0104571133852005,0.0104107316583395,0.14580373466014862
969,-0.13308757543563843,-0.15797169506549835,0.012527062557637691,0.01235706266015768,0.14575256407260895
970,0.03158682584762573,-0.19989922642707825,0.11563754081726074,0.11584851145744324,0.14570075273513794
971,-0.11849016696214676,-0.1383400559425354,0.010085120797157288,0.00976476725190878,0.145649254322052
972,-0.15639913082122803,-0.17217831313610077,0.007798234932124615,0.007980948314070702,0.14559760689735413
973,-0.11971058696508408,-0.16851718723773956,0.02456008829176426,0.02424650453031063,0.14554578065872192
974,-0.09474974870681763,-0.12929517030715942,0.01726142317056656,0.017284000292420387,0.145494282245636
975,0.04090668261051178,-0.18867135047912598,0.11498057842254639,0.11459745466709137,0.145442396402359
976,-0.09690271317958832,-0.1196402907371521,0.011399414390325546,0.011338158510625362,0.1453910768032074
977,-0.13728496432304382,-0.16548068821430206,0.014153866097331047,0.014041850343346596,0.14533977210521698
978,-0.11177530139684677,-0.16373763978481293,0.0258222296833992,0.02614009939134121,0.14528842270374298
979,-0.14842289686203003,-0.15574102103710175,0.0035740809980779886,0.0037440299056470394,0.14523717761039734
980,-0.16845554113388062,-0.18235841393470764,0.006975742522627115,0.006927133537828922,0.1451856791973114
981,-0.14518478512763977,-0.17846453189849854,0.016408372670412064,0.0168713741004467,0.14513400197029114
982,-0.12097262591123581,-0.13577966392040253,0.0072571816854178905,0.0075498600490391254,0.14508280158042908
983,-0.13675625622272491,-0.1563575565814972,0.009986050426959991,0.009615253657102585,0.14503155648708344
984,0.07635737955570221,-0.16106688976287842,0.11781944334506989,0.11960482597351074,0.14498040080070496
985,0.05226811766624451,-0.17963185906410217,0.11617335677146912,0.11572661995887756,0.144928976893425
986,-0.12766458094120026,-0.13602489233016968,0.004101761616766453,0.0042585465125739574,0.14487791061401367
987,-0.1717565506696701,-0.20438295602798462,0.01655808463692665,0.01606832444667816,0.144826278090477
988,-0.13740013539791107,-0.16167674958705902,0.012038837186992168,0.012237775139510632,0.1447746753692627
989,0.07504317909479141,-0.13857363164424896,0.10654682666063309,0.10706998407840729,0.14472350478172302
990,-0.09249412268400192,-0.11698213219642639,0.012312249280512333,0.012175759300589561,0.14467285573482513
991,0.12793198227882385,-0.12458332628011703,0.12596864998340607,0.12654665112495422,0.14462262392044067
992,-0.16635164618492126,-0.1931593418121338,0.013226652517914772,0.01358103472739458,0.144571915268898
993,-0.15170983970165253,-0.17767015099525452,0.013046696782112122,0.012913618236780167,0.14452095329761505
994,-0.11584895849227905,-0.1535581648349762,0.018926024436950684,0.01878318004310131,0.14447009563446045
995,-0.11783324182033539,-0.14476905763149261,0.013436634093523026,0.013499189168214798,0.14441953599452972
996,-0.14864441752433777,-0.15914730727672577,0.0054001584649086,0.005102728493511677,0.14436902105808258
997,-0.1025468111038208,-0.1408863365650177,0.019039735198020935,0.019299788400530815,0.1443188488483429
998,-0.1210496798157692,-0.15751101076602936,0.01871558278799057,0.01774575561285019,0.14426873624324799
999,-0.11943130195140839,-0.1427363157272339,0.011759277433156967,0.011545729823410511,0.14421889185905457
1000,-0.11354531347751617,-0.1512344926595688,0.019092461094260216,0.018596723675727844,0.14416912198066711
1001,-0.13093169033527374,-0.16008859872817993,0.014497914351522923,0.014658985659480095,0.14411935210227966
1002,0.1489611119031906,-0.13259708881378174,0.1405850499868393,0.14097315073013306,0.14406980574131012
1003,-0.11250455677509308,-0.13684312999248505,0.012303745374083519,0.012034827843308449,0.14402055740356445
1004,-0.14695638418197632,-0.17692023515701294,0.014886213466525078,0.015077635645866394,0.1439710408449173
1005,-0.15387898683547974,-0.1712334305047989,0.008584391325712204,0.008770056068897247,0.143921360373497
1006,-0.16199849545955658,-0.1872021108865738,0.01279080007225275,0.01241281908005476,0.1438712328672409
1007,-0.1685088574886322,-0.18157480657100677,0.006351789925247431,0.00671416986733675,0.14382092654705048
1008,-0.11394527554512024,-0.13818545639514923,0.011941498145461082,0.012298688292503357,0.14377090334892273
1009,-0.15309613943099976,-0.19388620555400848,0.020462986081838608,0.02032708004117012,0.14372049272060394
1010,-0.11462481319904327,-0.15120933949947357,0.0184236541390419,0.0181608647108078,0.1436702460050583
1011,-0.12719959020614624,-0.14772672951221466,0.010147697292268276,0.010379449464380741,0.14362023770809174
1012,-0.15304937958717346,-0.18101312220096588,0.014001414179801941,0.013962333090603352,0.1435699313879013
1013,0.08453945070505142,-0.14204679429531097,0.11274361610412598,0.11384262889623642,0.14351993799209595
1014,-0.14485712349414825,-0.16729600727558136,0.011000938713550568,0.011437936685979366,0.14346998929977417
1015,-0.15676987171173096,-0.17397990822792053,0.008745482191443443,0.008464554324746132,0.14341998100280762
1016,-0.13936543464660645,-0.1677820384502411,0.014324518851935863,0.014092089608311653,0.14336998760700226
1017,0.04740104824304581,-0.17096038162708282,0.10887053608894348,0.10949089378118515,0.14331993460655212
1018,-0.14623384177684784,-0.17558221518993378,0.014356210827827454,0.014992156997323036,0.1432698518037796
1019,-0.15541061758995056,-0.17509564757347107,0.009921582415699959,0.009763451293110847,0.14321967959403992
1020,-0.10852862149477005,-0.18401966989040375,0.037260547280311584,0.03823050111532211,0.1431693583726883
1021,-0.14373870193958282,-0.1690473109483719,0.012873547151684761,0.012435070239007473,0.1431189924478531
1022,-0.12728194892406464,-0.17443713545799255,0.02354406751692295,0.023611119017004967,0.14306844770908356
1023,-0.10948178917169571,-0.15814714133739471,0.024352947250008583,0.024312399327754974,0.14301817119121552
1024,-0.14850053191184998,-0.16820037364959717,0.009692241437733173,0.010007605887949467,0.14296795427799225
1025,-0.14534054696559906,-0.17763669788837433,0.015960844233632088,0.01633530855178833,0.14291760325431824
1026,-0.10914522409439087,-0.15443195402622223,0.022451000288128853,0.022835733368992805,0.14286746084690094
1027,0.04023430496454239,-0.19169920682907104,0.11713214218616486,0.11480136960744858,0.14281712472438812
1028,-0.12809762358665466,-0.15692216157913208,0.0144273666664958,0.01439717411994934,0.14276693761348724
1029,-0.11079726368188858,-0.14648054540157318,0.0176569651812315,0.018026314675807953,0.14271709322929382
1030,0.01735532283782959,-0.2339281439781189,0.12570558488368988,0.1255778819322586,0.1426665186882019
1031,-0.14134706556797028,-0.17280630767345428,0.015428767539560795,0.01603047363460064,0.1426161378622055
1032,-0.1278795450925827,-0.15767261385917664,0.014831171371042728,0.014961903914809227,0.14256606996059418
1033,-0.15290246903896332,-0.16943025588989258,0.00805065780878067,0.008477137424051762,0.14251597225666046
1034,-0.12509511411190033,-0.14812391996383667,0.011426127515733242,0.011602679267525673,0.1424662470817566
1035,-0.12227238714694977,-0.19376972317695618,0.035980843007564545,0.035516489297151566,0.14241637289524078
1036,-0.17343860864639282,-0.19257661700248718,0.009609471075236797,0.009528526104986668,0.14236634969711304
1037,-0.14060479402542114,-0.19816365838050842,0.028879906982183456,0.028678957372903824,0.14231611788272858
1038,0.0649658590555191,-0.20037075877189636,0.1323762983083725,0.13296031951904297,0.1422656625509262
1039,-0.17336778342723846,-0.2166779637336731,0.02146667242050171,0.021843504160642624,0.14221476018428802
1040,-0.14801551401615143,-0.18218636512756348,0.017364904284477234,0.016805946826934814,0.14216388761997223
1041,-0.15395288169384003,-0.18762068450450897,0.01682221330702305,0.01684558019042015,0.14211300015449524
1042,-0.14140582084655762,-0.1813964992761612,0.020190346986055374,0.01980033703148365,0.14206212759017944
1043,-0.18147005140781403,-0.20050403475761414,0.00922471471130848,0.00980926863849163,0.1420111060142517
1044,-0.17099860310554504,-0.1907932311296463,0.009546156041324139,0.01024847012013197,0.14196008443832397
1045,-0.10861321538686752,-0.15042224526405334,0.020583664998412132,0.021225368604063988,0.14190958440303802
1046,-0.14515572786331177,-0.18114890158176422,0.017774002626538277,0.018219172954559326,0.14185921847820282
1047,-0.14628605544567108,-0.17658743262290955,0.015827907249331474,0.014473473653197289,0.14180904626846313
1048,-0.16476060450077057,-0.18216028809547424,0.008750512264668941,0.008649174124002457,0.14175894856452942
1049,0.002294793725013733,-0.18255341053009033,0.09257036447525024,0.09227783977985382,0.14170897006988525
1050,-0.11040304601192474,-0.16127140820026398,0.025554433465003967,0.025313926860690117,0.14165930449962616
1051,-0.13381905853748322,-0.18501362204551697,0.025984980165958405,0.025209594517946243,0.14160960912704468
1052,-0.15563564002513885,-0.17327328026294708,0.008811965584754944,0.008825672790408134,0.14156009256839752
1053,-0.18681463599205017,-0.20135067403316498,0.007081487216055393,0.00745454290881753,0.14151030778884888
1054,-0.11323180794715881,-0.1964942216873169,0.04152136296033859,0.04174104332923889,0.1414603292942047
1055,-0.1598655879497528,-0.21006131172180176,0.025001160800457,0.0251945611089468,0.14141003787517548
1056,-0.2029578685760498,-0.2142384648323059,0.005826439708471298,0.0054541584104299545,0.14135946333408356
1057,-0.19723007082939148,-0.21908046305179596,0.010984108783304691,0.01086627971380949,0.14130859076976776
1058,-0.190301313996315,-0.203698992729187,0.006625969894230366,0.006771714426577091,0.14125759899616241
1059,-0.17980636656284332,-0.2077690064907074,0.014054039493203163,0.013908595778048038,0.14120642840862274
1060,-0.1688261777162552,-0.18182778358459473,0.006326938979327679,0.00667466688901186,0.14115558564662933
1061,-0.15892893075942993,-0.1821487545967102,0.01154762227088213,0.011672192253172398,0.14110495150089264
1062,-0.11858446151018143,-0.18062886595726013,0.030781127512454987,0.031263284385204315,0.14105446636676788
1063,-0.15602092444896698,-0.18996092677116394,0.016873450949788094,0.017066558822989464,0.1410040706396103
1064,-0.19433273375034332,-0.20751094818115234,0.006543125957250595,0.006635080557316542,0.14095348119735718
1065,-0.1722731739282608,-0.1917067915201187,0.009483829140663147,0.009949791245162487,0.14090301096439362
1066,-0.20417329668998718,-0.22316531836986542,0.00948280468583107,0.00950921792536974,0.1408521980047226
1067,-0.1473480761051178,-0.1781284511089325,0.015235664322972298,0.015544712543487549,0.14080174267292023
1068,-0.17419610917568207,-0.1968618780374527,0.011157632805407047,0.011508138850331306,0.14075136184692383
1069,-0.16752663254737854,-0.18536311388015747,0.009038910269737244,0.008797567337751389,0.14070115983486176
1070,-0.16367797553539276,-0.19334234297275543,0.014826389029622078,0.014837975613772869,0.14065098762512207
1071,0.03297162801027298,-0.21426290273666382,0.12445219606161118,0.12278233468532562,0.14060065150260925
1072,-0.18710090219974518,-0.19905132055282593,0.005931213963776827,0.006019198801368475,0.14055036008358002
1073,0.09193381667137146,-0.1754184067249298,0.13343285024166107,0.1339193731546402,0.14050032198429108
1074,0.042090460658073425,-0.1801983118057251,0.11084192246198654,0.11144685000181198,0.14045053720474243
1075,-0.20160388946533203,-0.21673010289669037,0.0076926033943891525,0.007433610036969185,0.1404004842042923
1076,-0.15076804161071777,-0.1864682137966156,0.017987331375479698,0.01771283894777298,0.1403505802154541
1077,-0.172677144408226,-0.20516204833984375,0.016397081315517426,0.016087809577584267,0.1403006762266159
1078,-0.15993475914001465,-0.19520249962806702,0.01740780845284462,0.017859939485788345,0.14025095105171204
1079,-0.18110322952270508,-0.19467125833034515,0.006545096170157194,0.007022930774837732,0.14020119607448578
1080,-0.18090827763080597,-0.2030988186597824,0.011021657846868038,0.011168880388140678,0.14015139639377594
1081,-0.16260433197021484,-0.17853257060050964,0.007817056030035019,0.008111173287034035,0.1401020884513855
1082,0.030555807054042816,-0.19715076684951782,0.11357951909303665,0.11412705481052399,0.14005272090435028
1083,-0.16416949033737183,-0.2030150145292282,0.01910836063325405,0.01973716914653778,0.1400032490491867
1084,-0.17691448330879211,-0.1993398517370224,0.011052237823605537,0.01137313898652792,0.13995374739170074
1085,-0.14873751997947693,-0.18405698239803314,0.01786097325384617,0.0174584798514843,0.13990440964698792
1086,-0.14752572774887085,-0.16751568019390106,0.010180853307247162,0.009809101931750774,0.1398555189371109
1087,-0.16752225160598755,-0.2022235244512558,0.017039785161614418,0.017661478370428085,0.1398065686225891
1088,-0.16909094154834747,-0.18321289122104645,0.006996666546911001,0.007125293370336294,0.13975775241851807
1089,-0.16526749730110168,-0.19217337667942047,0.013529466465115547,0.013376416638493538,0.13970902562141418
1090,-0.17099496722221375,-0.205689936876297,0.016947109252214432,0.01774786412715912,0.1396602839231491
1091,-0.14505203068256378,-0.17069897055625916,0.012802018783986568,0.012844921089708805,0.13961181044578552
1092,-0.17633429169654846,-0.20217585563659668,0.012977403588593006,0.012864159420132637,0.13956321775913239
1093,-0.20635169744491577,-0.23265673220157623,0.013606911525130272,0.01269813533872366,0.1395142376422882
1094,-0.12764233350753784,-0.1709524691104889,0.021703708916902542,0.021606430411338806,0.13946567475795746
1095,-0.1656379997730255,-0.186461940407753,0.01024081651121378,0.010583121329545975,0.13941729068756104
1096,-0.174535870552063,-0.20007123053073883,0.012289478443562984,0.013245873153209686,0.13936884701251984
1097,-0.17100226879119873,-0.18906471133232117,0.008698917925357819,0.009363532066345215,0.13932056725025177
1098,-0.1901201605796814,-0.20747941732406616,0.008684953674674034,0.008674305863678455,0.13927219808101654
1099,-0.23881861567497253,-0.25351184606552124,0.0073051596991717815,0.0073880646377801895,0.13922323286533356
1100,-0.18729926645755768,-0.19912488758563995,0.005970441736280918,0.005855177994817495,0.13917438685894012
1101,-0.17542633414268494,-0.19754885137081146,0.01107411365956068,0.011048401705920696,0.13912563025951385
1102,-0.1815844625234604,-0.19785568118095398,0.0077640279196202755,0.008507194928824902,0.13907699286937714
1103,-0.19025015830993652,-0.20436443388462067,0.006694641895592213,0.007419629488140345,0.1390283852815628
1104,-0.19474877417087555,-0.21132200956344604,0.008340779691934586,0.008232462219893932,0.13897964358329773
1105,-0.15432672202587128,-0.18404093384742737,0.014584610238671303,0.01512959972023964,0.13893119990825653
1106,-0.028261832892894745,-0.20110689103603363,0.08619028329849243,0.08665477484464645,0.13888274133205414
1107,-0.18762816488742828,-0.21778376400470734,0.01467013917863369,0.015485463663935661,0.13883428275585175
1108,-0.2083781361579895,-0.24267736077308655,0.017034171149134636,0.017265047878026962,0.13878542184829712
1109,-0.17771629989147186,-0.20299243927001953,0.012117323465645313,0.013158819638192654,0.13873669505119324
1110,-0.19042254984378815,-0.22334834933280945,0.016394497826695442,0.01653129979968071,0.1386878341436386
1111,-0.2043035477399826,-0.22654764354228973,0.011037379503250122,0.01120672281831503,0.1386387050151825
1112,-0.1851687729358673,-0.2207781970500946,0.017713945358991623,0.017895467579364777,0.1385895013809204
1113,-0.17781300842761993,-0.208653062582016,0.015361763536930084,0.015478292480111122,0.1385403573513031
1114,-0.2149808406829834,-0.2430136352777481,0.014162648469209671,0.013870155438780785,0.13849085569381714
1115,-0.19510971009731293,-0.21177232265472412,0.008476774208247662,0.008185834623873234,0.1384415179491043
1116,0.025765113532543182,-0.2157718539237976,0.12044817209243774,0.12108879536390305,0.1383921504020691
1117,-0.1603790521621704,-0.19793231785297394,0.019039155915379524,0.018514106050133705,0.13834287226200104
1118,-0.1592177003622055,-0.18792514503002167,0.014400352723896503,0.01430710218846798,0.13829413056373596
1119,-0.22154377400875092,-0.24700665473937988,0.01298134122043848,0.012481535784900188,0.13824491202831268
1120,-0.201676145195961,-0.2304578721523285,0.014693990349769592,0.014087743125855923,0.13819566369056702
1121,-0.17956706881523132,-0.2033645659685135,0.012168784625828266,0.011628709733486176,0.13814665377140045
1122,0.033940546214580536,-0.19615931808948517,0.11592293530702591,0.1141769289970398,0.1380978226661682
1123,-0.19302208721637726,-0.21090996265411377,0.009135059081017971,0.008752823807299137,0.13804899156093597
1124,-0.16170690953731537,-0.2095174640417099,0.02462848275899887,0.023182082921266556,0.13800033926963806
1125,-0.19265007972717285,-0.2038910686969757,0.0056089190766215324,0.005632070824503899,0.13795198500156403
1126,-0.20641720294952393,-0.23830890655517578,0.016168642789125443,0.015723058953881264,0.1379033625125885
1127,-0.20158785581588745,-0.22300416231155396,0.01051986962556839,0.010896445252001286,0.137854665517807
1128,-0.21141690015792847,-0.23061907291412354,0.009490287862718105,0.009711893275380135,0.1378057897090912
1129,-0.1924714297056198,-0.24690485000610352,0.02667481079697609,0.02775861695408821,0.13775664567947388
1130,-0.1348530650138855,-0.195738285779953,0.03074396401643753,0.030141258612275124,0.13770785927772522
1131,-0.18680377304553986,-0.21430620551109314,0.013760479167103767,0.013741953298449516,0.1376592069864273
1132,-0.18964971601963043,-0.22039896249771118,0.015369189903140068,0.015380057506263256,0.1376105099916458
1133,-0.21647129952907562,-0.23883675038814545,0.011155019514262676,0.011210432276129723,0.1375616192817688
1134,-0.20246753096580505,-0.23297099769115448,0.015254170633852482,0.015249297022819519,0.13751265406608582
1135,-0.2083289921283722,-0.22384363412857056,0.007400054484605789,0.008114583790302277,0.13746367394924164
1136,-0.20181411504745483,-0.23050254583358765,0.014317105524241924,0.01437131967395544,0.13741464912891388
1137,-0.21444500982761383,-0.23932495713233948,0.012608851306140423,0.012271091341972351,0.13736549019813538
1138,-0.20061396062374115,-0.21793018281459808,0.008477664552628994,0.00883855763822794,0.1373165398836136
1139,-0.21666349470615387,-0.2367456555366516,0.009952479042112827,0.01012967899441719,0.13726750016212463
1140,-0.2105361521244049,-0.2293693721294403,0.009799061343073845,0.00903414934873581,0.13721846044063568
1141,-0.1714370846748352,-0.21362946927547455,0.02073235809803009,0.021460019052028656,0.13716958463191986
1142,-0.18169711530208588,-0.19305463135242462,0.005510526243597269,0.005846995860338211,0.13712121546268463
1143,-0.17884677648544312,-0.19748905301094055,0.009555057622492313,0.00908722449094057,0.1370731145143509
1144,-0.21492229402065277,-0.23861905932426453,0.011336641386151314,0.01236012578010559,0.13702483475208282
1145,-0.17418357729911804,-0.19261519610881805,0.009143413044512272,0.009288213215768337,0.13697679340839386
1146,-0.17622070014476776,-0.20491765439510345,0.01404801569879055,0.01464894786477089,0.13692902028560638
1147,-0.16974876821041107,-0.17865782976150513,0.004467859398573637,0.004441205877810717,0.13688181340694427
1148,-0.22211818397045135,-0.24865788221359253,0.012999524362385273,0.013540182262659073,0.13683420419692993
1149,-0.19797421991825104,-0.2250213623046875,0.013363372534513474,0.013683764263987541,0.13678649067878723
1150,-0.18244411051273346,-0.22254645824432373,0.019823266193270683,0.02027907595038414,0.13673880696296692
1151,-0.19647514820098877,-0.2284310758113861,0.015810800716280937,0.0161451306194067,0.1366911679506302
1152,-0.24594099819660187,-0.263709157705307,0.008567579090595245,0.00920058973133564,0.13664306700229645
1153,-0.22019562125205994,-0.2311520278453827,0.0052822669968008995,0.005674139130860567,0.13659487664699554
1154,-0.18687644600868225,-0.21951118111610413,0.015943720936775208,0.01669100858271122,0.1365467607975006
1155,0.0074290931224823,-0.2251720130443573,0.11583611369132996,0.11676499247550964,0.13649874925613403
1156,0.25992023944854736,-0.2417474240064621,0.24872690439224243,0.2529407739639282,0.13645057380199432
1157,-0.2117553949356079,-0.239131361246109,0.01388160977512598,0.013494359329342842,0.13640214502811432
1158,-0.19629904627799988,-0.23594316840171814,0.01948641985654831,0.020157696679234505,0.13635368645191193
1159,-0.1948656141757965,-0.2132493406534195,0.009426855482161045,0.008956867270171642,0.1363055557012558
1160,-0.14847569167613983,-0.2013094276189804,0.026642387732863426,0.026191353797912598,0.13625787198543549
1161,-0.22753934562206268,-0.24221789836883545,0.00732854288071394,0.007350017316639423,0.13620999455451965
1162,-0.1775924414396286,-0.2295818030834198,0.025650234892964363,0.026339132338762283,0.13616210222244263
1163,-0.20919612050056458,-0.2329733669757843,0.011855076067149639,0.011922161094844341,0.136114239692688
1164,-0.21358442306518555,-0.2338027060031891,0.00994672067463398,0.010271557606756687,0.13606637716293335
1165,-0.22520717978477478,-0.23564133048057556,0.004994403105229139,0.0054397364147007465,0.13601844012737274
1166,-0.22403103113174438,-0.24440589547157288,0.009487546049058437,0.01088732574135065,0.13597029447555542
1167,-0.1812281757593155,-0.22238633036613464,0.020348841324448586,0.020809302106499672,0.13592229783535004
1168,-0.19284851849079132,-0.2093561887741089,0.008174609392881393,0.008333055302500725,0.13587453961372375
1169,-0.20410606265068054,-0.22594627737998962,0.01088231522589922,0.010957889258861542,0.1358269453048706
1170,-0.17551182210445404,-0.22378559410572052,0.02370002120733261,0.024573754519224167,0.13577933609485626
1171,-0.2134248912334442,-0.2345712035894394,0.01058797724545002,0.01055834162980318,0.13573165237903595
1172,-0.2306884080171585,-0.25889530777931213,0.013781106099486351,0.014425794593989849,0.13568371534347534
1173,-0.22457511723041534,-0.2436533272266388,0.009469685144722462,0.009608528576791286,0.13563580811023712
1174,-0.23656988143920898,-0.2664833962917328,0.014810974709689617,0.015102539211511612,0.1355876326560974
1175,-0.18957538902759552,-0.2273510843515396,0.019004615023732185,0.018771076574921608,0.13553956151008606
1176,-0.20118947327136993,-0.21667656302452087,0.007364452816545963,0.00812264159321785,0.1354917585849762
1177,-0.21179309487342834,-0.22313562035560608,0.005812416784465313,0.005530102644115686,0.13544416427612305
1178,-0.19475498795509338,-0.2020963877439499,0.00369178201071918,0.0036496154498308897,0.1353968381881714
1179,-0.23549644649028778,-0.24924033880233765,0.00676129013299942,0.0069826156832277775,0.135349303483963
1180,-0.24243111908435822,-0.2661636173725128,0.011794837191700935,0.011937662959098816,0.13530144095420837
1181,-0.2171710729598999,-0.24275490641593933,0.012976436875760555,0.012607390061020851,0.13525360822677612
1182,-0.20346204936504364,-0.22816376388072968,0.012648897245526314,0.012052820064127445,0.13520586490631104
1183,-0.18827876448631287,-0.22943392395973206,0.020628632977604866,0.02052653580904007,0.13515806198120117
1184,-0.20897236466407776,-0.23885087668895721,0.015302550047636032,0.014575958251953125,0.1351102590560913
1185,-0.20996218919754028,-0.23844580352306366,0.013510921970009804,0.014972683042287827,0.13506251573562622
1186,-0.25835010409355164,-0.26835405826568604,0.0049376641400158405,0.005066288635134697,0.1350145787000656
1187,-0.1784828156232834,-0.21208593249320984,0.01652774214744568,0.017075374722480774,0.13496704399585724
1188,-0.22761055827140808,-0.23790179193019867,0.0046746134757995605,0.005616614129394293,0.13491946458816528
1189,-0.21965813636779785,-0.25060877203941345,0.014937100932002068,0.016013529151678085,0.13487176597118378
1190,-0.22568607330322266,-0.28604283928871155,0.029959362000226974,0.03039742074906826,0.13482354581356049
1191,-0.20837335288524628,-0.22816985845565796,0.009521136991679668,0.010275370441377163,0.13477565348148346
1192,-0.19576770067214966,-0.2405078411102295,0.022167619317770004,0.02257251925766468,0.13472788035869598
1193,-0.20383994281291962,-0.22631537914276123,0.010976510122418404,0.011498923413455486,0.13468022644519806
1194,-0.21701015532016754,-0.2518157958984375,0.016332732513546944,0.018472915515303612,0.13463251292705536
1195,-0.22493085265159607,-0.26168808341026306,0.018271833658218384,0.01848538964986801,0.13458481431007385
1196,-0.1722874641418457,-0.2436647266149521,0.03515779972076416,0.036219459027051926,0.13453711569309235
1197,-0.23255808651447296,-0.25109392404556274,0.009349426254630089,0.009186423383653164,0.13448940217494965
1198,-0.21523085236549377,-0.2357577234506607,0.009988557547330856,0.01053830236196518,0.1344417929649353
1199,-0.18760830163955688,-0.20603697001934052,0.008814234286546707,0.009614438749849796,0.13439473509788513
1200,-0.2687172293663025,-0.2822304368019104,0.006795648951083422,0.006717562209814787,0.13434723019599915
1201,-0.2064337283372879,-0.2242768108844757,0.008815038949251175,0.009028052911162376,0.13430005311965942
1202,-0.221634641289711,-0.23933658003807068,0.008443843573331833,0.009258091449737549,0.13425299525260925
1203,-0.20749004185199738,-0.23569203913211823,0.014258699491620064,0.013943303376436234,0.13420605659484863
1204,-0.24858058989048004,-0.2667883634567261,0.009088152088224888,0.009119618684053421,0.13415895402431488
1205,-0.2701480984687805,-0.2865441143512726,0.008239108137786388,0.00815688818693161,0.1341114640235901
1206,-0.24175891280174255,-0.25952520966529846,0.008890260010957718,0.008876018226146698,0.13406412303447723
1207,-0.01337376981973648,-0.22911499440670013,0.10746611654758453,0.10827510803937912,0.13401691615581512
1208,-0.17333993315696716,-0.22878921031951904,0.02799850143492222,0.027450762689113617,0.13396993279457092
1209,-0.20807576179504395,-0.2543797194957733,0.022819604724645615,0.023484351113438606,0.13392286002635956
1210,-0.20648151636123657,-0.2503892779350281,0.02185252122581005,0.022055231034755707,0.13387595117092133
1211,-0.20248213410377502,-0.23035182058811188,0.014319714158773422,0.013549964874982834,0.133829265832901
1212,-0.20448093116283417,-0.25170719623565674,0.023643188178539276,0.023583073168992996,0.13378265500068665
1213,-0.22398175299167633,-0.26680681109428406,0.021197618916630745,0.02162744291126728,0.1337358057498932
1214,-0.2389499396085739,-0.250234991312027,0.006023786962032318,0.005261252634227276,0.13368898630142212
1215,-0.1796354353427887,-0.21934999525547028,0.018866967409849167,0.02084759622812271,0.13364270329475403
1216,-0.23915615677833557,-0.2650904655456543,0.012991596013307571,0.012942701578140259,0.13359610736370087
1217,-0.23717188835144043,-0.25721192359924316,0.010571394115686417,0.00946863740682602,0.1335495114326477
1218,-0.2079186588525772,-0.2230490744113922,0.007562144659459591,0.0075682676397264,0.13350315392017365
1219,-0.21729616820812225,-0.230007141828537,0.006152373272925615,0.006558597553521395,0.13345707952976227
1220,-0.21186572313308716,-0.2566968500614166,0.022539537400007248,0.022291580215096474,0.13341094553470612
1221,-0.23973418772220612,-0.2536078989505768,0.0071996599435806274,0.0066740564070641994,0.13336476683616638
1222,-0.2145097255706787,-0.2394186109304428,0.012610355392098427,0.012298530898988247,0.1333187371492386
1223,-0.2753450870513916,-0.29716992378234863,0.010663275606930256,0.011161564849317074,0.13327227532863617
1224,-0.24347105622291565,-0.2505684196949005,0.003773678094148636,0.003323696320876479,0.13322585821151733
1225,-0.25498026609420776,-0.283979207277298,0.014420987106859684,0.014577952213585377,0.13317908346652985
1226,-0.23842084407806396,-0.2596770226955414,0.010601651854813099,0.010654519312083721,0.1331321895122528
1227,-0.22379665076732635,-0.25315049290657043,0.014813093468546867,0.01454074215143919,0.13308538496494293
1228,-0.2576090395450592,-0.2737097442150116,0.007621677592396736,0.008479041047394276,0.13303840160369873
1229,-0.21690069139003754,-0.23077934980392456,0.006739191710948944,0.007139463908970356,0.1329917460680008
1230,-0.24985726177692413,-0.26584845781326294,0.007957356981933117,0.008033828809857368,0.1329449862241745
1231,-0.23584270477294922,-0.2699432671070099,0.016605494543910027,0.017495065927505493,0.13289804756641388
1232,-0.22222310304641724,-0.24474957585334778,0.01108539942651987,0.011441071517765522,0.1328512281179428
1233,-0.2694200277328491,-0.2876702845096588,0.009314240887761116,0.008936022408306599,0.13280422985553741
1234,-0.2883341312408447,-0.30036309361457825,0.0057567511685192585,0.006272203754633665,0.13275687396526337
1235,-0.22000432014465332,-0.22989773750305176,0.004691027104854584,0.00520237535238266,0.13271009922027588
1236,-0.22444699704647064,-0.2454129457473755,0.010247504338622093,0.010718443430960178,0.1326635628938675
1237,-0.22540728747844696,-0.253499835729599,0.014171727001667023,0.013920829631388187,0.13261711597442627
1238,-0.20447871088981628,-0.22247576713562012,0.009093531407415867,0.008903520181775093,0.1325710564851761
1239,-0.22913804650306702,-0.24923381209373474,0.010019177570939064,0.010076580569148064,0.13252519071102142
1240,-0.2630520164966583,-0.27839741110801697,0.006786678917706013,0.008558711968362331,0.13247907161712646
1241,-0.2056538611650467,-0.23554745316505432,0.015176361426711082,0.014717240817844868,0.1324331909418106
1242,-0.21833017468452454,-0.2351735234260559,0.00820119772106409,0.008642155677080154,0.13238756358623505
1243,-0.24736064672470093,-0.265805184841156,0.009258998557925224,0.009185551665723324,0.1323419064283371
1244,-0.24461627006530762,-0.2598091959953308,0.0072093321941792965,0.007983592338860035,0.1322961002588272
1245,-0.24381029605865479,-0.29325568675994873,0.02491673268377781,0.024528658017516136,0.1322498917579651
1246,-0.24840952455997467,-0.26691359281539917,0.008637803606688976,0.009866246953606606,0.13220365345478058
1247,-0.21559198200702667,-0.24463137984275818,0.014443906024098396,0.01459549367427826,0.13215754926204681
1248,-0.2378298044204712,-0.26798585057258606,0.015101950615644455,0.015054110437631607,0.1321113556623459
1249,-0.2491576373577118,-0.2810170650482178,0.01578298956155777,0.01607643999159336,0.13206490874290466
1250,-0.24239978194236755,-0.25717195868492126,0.007548552006483078,0.007223624736070633,0.13201865553855896
1251,-0.27901938557624817,-0.29004815220832825,0.005450394470244646,0.005578372161835432,0.1319723129272461
1252,-0.28609976172447205,-0.303946316242218,0.008984922431409359,0.008861642330884933,0.13192568719387054
1253,-0.26475706696510315,-0.28626784682273865,0.010445991531014442,0.011064785532653332,0.13187889754772186
1254,-0.24234125018119812,-0.27439746260643005,0.01591344177722931,0.016142748296260834,0.13183210790157318
1255,-0.2236793041229248,-0.2594684064388275,0.017835460603237152,0.01795363798737526,0.13178545236587524
1256,-0.2409725934267044,-0.2589278519153595,0.008818848058581352,0.009136423468589783,0.13173899054527283
1257,-0.230472594499588,-0.2775746285915375,0.023728281259536743,0.02337375096976757,0.13169243931770325
1258,-0.23611335456371307,-0.2553660273551941,0.009319864213466644,0.0099328076466918,0.13164617121219635
1259,-0.2577958405017853,-0.2828342020511627,0.012469409964978695,0.012568946927785873,0.13159975409507751
1260,-0.26276928186416626,-0.2742595374584198,0.0056692976504564285,0.0058209546841681,0.1315532624721527
1261,-0.2409178912639618,-0.2687838077545166,0.013363871723413467,0.014502046629786491,0.13150686025619507
1262,-0.23729658126831055,-0.2509273588657379,0.006535571999847889,0.00709520885720849,0.1314607411623001
1263,-0.26691722869873047,-0.28550273180007935,0.009326648898422718,0.009258877485990524,0.13141454756259918
1264,-0.2560679614543915,-0.2907761335372925,0.01780588924884796,0.016902286559343338,0.13136830925941467
1265,-0.2439732402563095,-0.2752082347869873,0.015607703477144241,0.01562727615237236,0.13132208585739136
1266,-0.2710460424423218,-0.29415929317474365,0.011685342527925968,0.011427903547883034,0.1312757283449173
1267,-0.26964280009269714,-0.2851375937461853,0.007763156667351723,0.007731648627668619,0.13122935593128204
1268,-0.25240495800971985,-0.2812819480895996,0.014438304118812084,0.014438697136938572,0.13118302822113037
1269,-0.11705086380243301,-0.3254685699939728,0.10529641062021255,0.1031213030219078,0.1311362385749817
1270,-0.25310930609703064,-0.26639994978904724,0.006788950879126787,0.0065017035230994225,0.13108964264392853
1271,-0.25828465819358826,-0.28592488169670105,0.013628906570374966,0.014011313207447529,0.13104304671287537
1272,-0.2523531913757324,-0.26059964299201965,0.004582996014505625,0.0036634542047977448,0.1309966892004013
1273,-0.04432620853185654,-0.2764030992984772,0.11621567606925964,0.11586121469736099,0.1309504359960556
1274,-0.26785188913345337,-0.28228312730789185,0.007091940380632877,0.007339311297982931,0.1309042125940323
1275,-0.25489988923072815,-0.2868194878101349,0.01573198474943638,0.016187598928809166,0.13085800409317017
1276,-0.26981228590011597,-0.27792561054229736,0.004034154117107391,0.004079166799783707,0.1308118999004364
1277,-0.23867078125476837,-0.26243072748184204,0.011389728635549545,0.0123702147975564,0.13076598942279816
1278,-0.2606934607028961,-0.29205742478370667,0.016079315915703773,0.015284661203622818,0.13072016835212708
1279,-0.2559376358985901,-0.2738626301288605,0.008834414184093475,0.009090558625757694,0.1306743621826172
1280,-0.054282985627651215,-0.2814188003540039,0.11352997273206711,0.11360583454370499,0.1306285411119461
1281,-0.2712017297744751,-0.29097333550453186,0.009946737438440323,0.009824858047068119,0.1305825263261795
1282,-0.25163984298706055,-0.2731553912162781,0.011064349673688412,0.010451208800077438,0.13053664565086365
1283,-0.2766944468021393,-0.3133120536804199,0.01850508153438568,0.01811249926686287,0.1304904967546463
1284,-0.06568983197212219,-0.30394935607910156,0.12120674550533295,0.11705277860164642,0.13044410943984985
1285,-0.2619982361793518,-0.2915254533290863,0.014879662543535233,0.014647548086941242,0.13039769232273102
1286,-0.3040887117385864,-0.3182719349861145,0.007034961134195328,0.007148279342800379,0.13035093247890472
1287,-0.26430606842041016,-0.2917352318763733,0.013790218159556389,0.013638932257890701,0.13030433654785156
1288,-0.05309409648180008,-0.2852061092853546,0.11501815170049667,0.11709385365247726,0.13025785982608795
1289,-0.2588641345500946,-0.27404487133026123,0.007642907090485096,0.0075378441251814365,0.1302117258310318
1290,-0.25376424193382263,-0.28613224625587463,0.01593652367591858,0.016431471332907677,0.130165696144104
1291,-0.2932080328464508,-0.30720585584640503,0.007003467064350843,0.006994371302425861,0.13011936843395233
1292,-0.29630017280578613,-0.31212082505226135,0.008188940584659576,0.007631707936525345,0.13007283210754395
1293,-0.06858658790588379,-0.3059217929840088,0.12029404193162918,0.11704117059707642,0.130026176571846
1294,-0.2596130073070526,-0.2932341396808624,0.01622649095952511,0.017394620925188065,0.12997949123382568
1295,-0.24593858420848846,-0.26413238048553467,0.008944897912442684,0.009248895570635796,0.12993323802947998
1296,-0.262223482131958,-0.2902318835258484,0.014549167826771736,0.013459242880344391,0.12988699972629547
1297,-0.25505632162094116,-0.2852829396724701,0.015716249123215675,0.014510351233184338,0.12984079122543335
1298,-0.2770317792892456,-0.29250767827033997,0.007540857419371605,0.007935033179819584,0.12979461252689362
1299,-0.29360172152519226,-0.3093189001083374,0.0080341761931777,0.007683005649596453,0.1297481805086136
1300,-0.28368228673934937,-0.29422545433044434,0.00549851730465889,0.005044637247920036,0.12970171868801117
1301,-0.29597094655036926,-0.3129717707633972,0.00770936906337738,0.009291427209973335,0.12965509295463562
1302,-0.24045546352863312,-0.26054811477661133,0.010048262774944305,0.010044381953775883,0.1296088993549347
1303,-0.28519827127456665,-0.2955729067325592,0.0057304175570607185,0.004644226748496294,0.1295625865459442
1304,-0.26474839448928833,-0.2890795171260834,0.011766919866204262,0.012564199045300484,0.1295166015625
1305,-0.2852475941181183,-0.2994014620780945,0.00704558938741684,0.0071082692593336105,0.1294708102941513
1306,-0.2745894491672516,-0.29048895835876465,0.007984320633113384,0.007915192283689976,0.12942519783973694
1307,-0.274507999420166,-0.29802405834198,0.011906025931239128,0.011610032990574837,0.12937960028648376
1308,-0.29449155926704407,-0.3130834400653839,0.00912863202393055,0.009463239461183548,0.1293337345123291
1309,-0.27761733531951904,-0.28910699486732483,0.006063976790755987,0.005425682291388512,0.12928791344165802
1310,-0.27891382575035095,-0.30305033922195435,0.012027204968035221,0.012109306640923023,0.12924200296401978
1311,-0.04214327782392502,-0.28494757413864136,0.12367366999387741,0.11913061887025833,0.1291961520910263
1312,-0.27514737844467163,-0.2886805832386017,0.006628725677728653,0.00690446887165308,0.12915045022964478
1313,-0.2709282636642456,-0.28406429290771484,0.0065894960425794125,0.0065465206280350685,0.1291048228740692
1314,-0.26029372215270996,-0.2802447974681854,0.010343949310481548,0.00960713904350996,0.12905952334403992
1315,-0.2828209400177002,-0.3118636906147003,0.014687547460198402,0.014355209656059742,0.12901408970355988
1316,-0.2750740647315979,-0.30379825830459595,0.014818871393799782,0.013905305415391922,0.1289684772491455
1317,-0.3004448711872101,-0.31287509202957153,0.006319636944681406,0.006110584829002619,0.12892287969589233
1318,-0.31269338726997375,-0.33607935905456543,0.011808556504547596,0.011577440425753593,0.1288769394159317
1319,-0.25316983461380005,-0.27945923805236816,0.013014214113354683,0.01327516883611679,0.12883132696151733
1320,-0.2507176399230957,-0.2782079577445984,0.013366412371397018,0.014123916625976562,0.12878599762916565
1321,-0.24007855355739594,-0.294399619102478,0.026778243482112885,0.02754281461238861,0.12874089181423187
1322,-0.2974020540714264,-0.30635541677474976,0.0041969167068600655,0.004756460431963205,0.12869572639465332
1323,-0.26260071992874146,-0.27793461084365845,0.007905473932623863,0.007428392767906189,0.12865078449249268
1324,-0.297949880361557,-0.311749666929245,0.007168288342654705,0.0066314986906945705,0.1286056637763977
1325,-0.2926776111125946,-0.318027138710022,0.012424774467945099,0.012924764305353165,0.1285603791475296
1326,-0.09017238765954971,-0.30781644582748413,0.10812640190124512,0.1095176562666893,0.1285150945186615
1327,-0.29685354232788086,-0.3082788586616516,0.005963972304016352,0.005461344961076975,0.12846983969211578
1328,-0.29751014709472656,-0.31865113973617554,0.010026815347373486,0.011114189401268959,0.12842455506324768
1329,-0.2409370392560959,-0.263150155544281,0.01087214332073927,0.011340955272316933,0.12837961316108704
1330,-0.278735876083374,-0.29902634024620056,0.009941170923411846,0.010349306277930737,0.1283348649740219
1331,-0.26439347863197327,-0.2909793555736542,0.0131919514387846,0.013393950648605824,0.12829017639160156
1332,-0.27436763048171997,-0.28906169533729553,0.007383448071777821,0.00731064286082983,0.12824562191963196
1333,-0.26372531056404114,-0.29948392510414124,0.017968665808439255,0.01778995618224144,0.12820108234882355
1334,-0.2863177955150604,-0.3139607608318329,0.013929384760558605,0.013713563792407513,0.12815648317337036
1335,-0.29274964332580566,-0.3122527003288269,0.009016630239784718,0.010486410930752754,0.1281118243932724
1336,-0.3060353100299835,-0.31172165274620056,0.002805248135700822,0.0028810789808630943,0.12806718051433563
1337,-0.27561983466148376,-0.289331316947937,0.006633786950260401,0.007077687885612249,0.12802264094352722
1338,-0.2826962172985077,-0.2926395833492279,0.004777602851390839,0.005165767390280962,0.12797817587852478
1339,-0.28971046209335327,-0.3149566054344177,0.01247937511652708,0.012766769155859947,0.12793372571468353
1340,-0.2942143380641937,-0.3188435435295105,0.011856124736368656,0.012773064896464348,0.12788888812065125
1341,-0.2667887508869171,-0.2790880799293518,0.006166233215481043,0.006133112125098705,0.12784434854984283
1342,-0.27252328395843506,-0.2852157652378082,0.00634318683296442,0.0063493032939732075,0.1277998834848404
1343,-0.2559773623943329,-0.27852874994277954,0.011850187554955482,0.01070120558142662,0.12775547802448273
1344,-0.3085898756980896,-0.31619998812675476,0.004192498046904802,0.003417625790461898,0.12771101295948029
1345,-0.2545916736125946,-0.2754245698451996,0.010496769100427628,0.010336135514080524,0.12766677141189575
1346,-0.2608622610569,-0.27920296788215637,0.009419658221304417,0.008921043947339058,0.12762276828289032
1347,-0.30451327562332153,-0.31593745946884155,0.005335286259651184,0.006088918074965477,0.12757863104343414
1348,-0.29828453063964844,-0.3169674277305603,0.009860154241323471,0.008822744712233543,0.12753431499004364
1349,-0.309957355260849,-0.3202959895133972,0.005186095833778381,0.00515255331993103,0.12748977541923523
1350,-0.2977706789970398,-0.3128894567489624,0.00711322296410799,0.008005568757653236,0.1274453103542328
1351,-0.28330639004707336,-0.31310030817985535,0.014958447776734829,0.014835471287369728,0.12740102410316467
1352,-0.251760870218277,-0.28151950240135193,0.014638561755418777,0.015120052732527256,0.12735708057880402
1353,-0.28239500522613525,-0.30514806509017944,0.0118562001734972,0.010896867141127586,0.12731309235095978
1354,-0.29482483863830566,-0.33508241176605225,0.020315373316407204,0.019942183047533035,0.1272687166929245
1355,-0.3118456304073334,-0.3251827359199524,0.006634893361479044,0.0067022256553173065,0.12722423672676086
1356,-0.3041183650493622,-0.3164863884449005,0.006507301703095436,0.005860726349055767,0.12717999517917633
1357,-0.2802004814147949,-0.2967546582221985,0.00785121787339449,0.008702974766492844,0.127135768532753
1358,-0.2847900688648224,-0.3195440471172333,0.016804784536361694,0.017949186265468597,0.12709160149097443
1359,-0.2988029420375824,-0.32100236415863037,0.011366061866283417,0.010833365842700005,0.12704749405384064
1360,-0.31354016065597534,-0.3283408284187317,0.007749255746603012,0.007051422260701656,0.12700310349464417
1361,-0.28239092230796814,-0.2995836138725281,0.008909257128834724,0.008283425122499466,0.12695880234241486
1362,-0.31582093238830566,-0.330799400806427,0.007071631029248238,0.007906833663582802,0.12691426277160645
1363,-0.31489628553390503,-0.32991236448287964,0.00786711648106575,0.007148944307118654,0.12686966359615326
1364,-0.33246204257011414,-0.35920068621635437,0.012662069872021675,0.014076554216444492,0.12682481110095978
1365,-0.3188523054122925,-0.32972094416618347,0.005667084828019142,0.0052015529945492744,0.12677988409996033
1366,-0.3014509677886963,-0.31829050183296204,0.008179721422493458,0.008659814484417439,0.12673504650592804
1367,-0.29266995191574097,-0.31816136837005615,0.01206548884510994,0.013425905257463455,0.12669026851654053
1368,-0.2894645929336548,-0.30266571044921875,0.007039372809231281,0.006161735858768225,0.12664581835269928
1369,-0.2984362840652466,-0.3201659917831421,0.010925731621682644,0.010803954675793648,0.12660133838653564
1370,-0.29995250701904297,-0.31878823041915894,0.01025340799242258,0.008582311682403088,0.12655691802501678
1371,-0.2728695571422577,-0.3036265969276428,0.01518007181584835,0.015576961450278759,0.12651263177394867
1372,-0.2849878668785095,-0.3157329857349396,0.015362968668341637,0.015382133424282074,0.12646842002868652
1373,-0.25698310136795044,-0.29297953844070435,0.017132019624114037,0.01886441744863987,0.1264246255159378
1374,-0.3232799768447876,-0.33660057187080383,0.007028963882476091,0.006291629280894995,0.12638062238693237
1375,-0.3194788694381714,-0.32791903614997864,0.004029350355267525,0.004410804249346256,0.1263367235660553
1376,-0.33529624342918396,-0.34918904304504395,0.0067657651379704475,0.007127037737518549,0.12629269063472748
1377,-0.3177359700202942,-0.3309313654899597,0.006903188303112984,0.00629220437258482,0.1262485384941101
1378,-0.2986675202846527,-0.31858062744140625,0.010453383438289165,0.00945972464978695,0.12620435655117035
1379,-0.2861912250518799,-0.30865347385406494,0.011537924408912659,0.01092434674501419,0.12616033852100372
1380,-0.27915477752685547,-0.2997371554374695,0.009861365891993046,0.010720985010266304,0.12611664831638336
1381,-0.3082393407821655,-0.3284280300140381,0.01113808248192072,0.009050611406564713,0.12607283890247345
1382,-0.3154231905937195,-0.3404957354068756,0.01273193210363388,0.012340595945715904,0.12602905929088593
1383,-0.29497310519218445,-0.3164171278476715,0.011091465130448341,0.010352564975619316,0.12598533928394318
1384,-0.33487120270729065,-0.3498712182044983,0.007534998934715986,0.007465018890798092,0.1259414106607437
1385,-0.296649307012558,-0.32055333256721497,0.012617457658052444,0.011286555789411068,0.12589748203754425
1386,-0.3025192618370056,-0.31454044580459595,0.006205989513546228,0.005815221928060055,0.12585367262363434
1387,-0.3325243890285492,-0.3522883951663971,0.010131088085472584,0.00963292270898819,0.12580959498882294
1388,-0.3352724015712738,-0.3548181653022766,0.009894324466586113,0.009651457890868187,0.1257653683423996
1389,-0.29156288504600525,-0.3143885135650635,0.012219220399856567,0.010606395080685616,0.12572140991687775
1390,-0.3132275938987732,-0.33112478256225586,0.0090527618303895,0.008844444528222084,0.12567751109600067
1391,-0.31377720832824707,-0.33079954981803894,0.00926749687641859,0.007754821330308914,0.12563352286815643
1392,-0.2961159646511078,-0.30742719769477844,0.005827660672366619,0.005483567249029875,0.12558986246585846
1393,-0.3147621750831604,-0.3334893584251404,0.009548711590468884,0.009178454987704754,0.1255461871623993
1394,-0.28113222122192383,-0.3100300133228302,0.01402644906193018,0.014871330931782722,0.12550273537635803
1395,-0.33893731236457825,-0.347493052482605,0.0045416527427732944,0.004014060832560062,0.12545913457870483
1396,-0.3159995675086975,-0.3484652638435364,0.016237495467066765,0.016228193417191505,0.1254153549671173
1397,-0.3446839153766632,-0.35862404108047485,0.007139277644455433,0.006800873205065727,0.12537135183811188
1398,-0.35209622979164124,-0.3587668240070343,0.003465736983343959,0.0032048500142991543,0.12532730400562286
1399,-0.3229975700378418,-0.33788013458251953,0.007432885468006134,0.007449687458574772,0.12528322637081146
1400,-0.3122928738594055,-0.32589054107666016,0.006615167483687401,0.006982490420341492,0.125239297747612
1401,-0.3192371428012848,-0.336276113986969,0.00884917937219143,0.008189801126718521,0.12519532442092896
1402,-0.2791040539741516,-0.29334670305252075,0.0067334407940506935,0.007509204093366861,0.12515181303024292
1403,-0.32090654969215393,-0.3293710947036743,0.003944978583604097,0.004519560839980841,0.12510810792446136
1404,-0.32961565256118774,-0.3467695116996765,0.008551687933504581,0.008602160960435867,0.12506450712680817
1405,-0.30545157194137573,-0.3169693946838379,0.006117008626461029,0.005400818772614002,0.12502118945121765
1406,-0.34553828835487366,-0.3648304343223572,0.009526972658932209,0.009765165857970715,0.12497758865356445
1407,-0.36491072177886963,-0.3789305090904236,0.0076416428200900555,0.0063781444914639,0.12493358552455902
1408,-0.11043310910463333,-0.34391137957572937,0.11769194900989532,0.11578632146120071,0.12488965690135956
1409,-0.3142206370830536,-0.32568588852882385,0.00560739217326045,0.0058578504249453545,0.1248459592461586
1410,-0.30654263496398926,-0.31710711121559143,0.005120156332850456,0.005444318987429142,0.1248025968670845
1411,-0.3090217411518097,-0.3301812708377838,0.01047004945576191,0.010689475573599339,0.12475927919149399
1412,-0.2956421971321106,-0.32509317994117737,0.014720557257533073,0.014730431139469147,0.1247161254286766
1413,-0.31363359093666077,-0.3310108482837677,0.009074154309928417,0.008303101174533367,0.12467307597398758
1414,-0.32024672627449036,-0.3322880268096924,0.005743996240198612,0.006297281011939049,0.12462995946407318
1415,-0.32580840587615967,-0.33598828315734863,0.005106267053633928,0.005073596723377705,0.12458685040473938
1416,-0.34565797448158264,-0.35948219895362854,0.0072849588468670845,0.006539248861372471,0.12454360723495483
1417,-0.10909490287303925,-0.3279802203178406,0.10944131016731262,0.10944400727748871,0.12450040876865387
1418,-0.33245354890823364,-0.3510488271713257,0.009201639331877232,0.009393636137247086,0.12445705384016037
1419,-0.3085310757160187,-0.3236008584499359,0.007567684166133404,0.007502100430428982,0.12441379576921463
1420,-0.34820786118507385,-0.3600321114063263,0.006350392010062933,0.005473851691931486,0.12437046319246292
1421,-0.33873477578163147,-0.35687652230262756,0.009719624184072018,0.008422127924859524,0.12432688474655151
1422,-0.30961573123931885,-0.32949087023735046,0.009881466627120972,0.009993663989007473,0.12428347021341324
1423,-0.3296157121658325,-0.3660602271556854,0.018542058765888214,0.01790246181190014,0.1242397353053093
1424,-0.3493688106536865,-0.3627004027366638,0.00689719570800662,0.006434395909309387,0.12419608235359192
1425,-0.3423580825328827,-0.3515615463256836,0.004689736291766167,0.004513752646744251,0.12415241450071335
1426,-0.3374969959259033,-0.3524109721183777,0.007992850616574287,0.006921121850609779,0.1241087019443512
1427,-0.3397253155708313,-0.3563925623893738,0.008053445257246494,0.008613796904683113,0.12406480312347412
1428,-0.3262161910533905,-0.3540586829185486,0.014056270010769367,0.013786212541162968,0.12402091175317764
1429,-0.321564257144928,-0.33303341269493103,0.005891832057386637,0.005577338859438896,0.12397710233926773
1430,-0.3209993541240692,-0.33971643447875977,0.009514540433883667,0.009202539920806885,0.12393341958522797
1431,-0.31293854117393494,-0.3340626060962677,0.0099747059866786,0.011149333789944649,0.12388978898525238
1432,-0.359119713306427,-0.3822022080421448,0.011520953848958015,0.011561552062630653,0.12384569644927979
1433,-0.3003058433532715,-0.33326587080955505,0.016917336732149124,0.0160426776856184,0.12380185723304749
1434,-0.32691651582717896,-0.35202524065971375,0.013290667906403542,0.011818040162324905,0.12375820428133011
1435,-0.3567042052745819,-0.37874269485473633,0.01070207729935646,0.011336428113281727,0.12371451407670975
1436,-0.3142241835594177,-0.3389277756214142,0.01259111799299717,0.012112453579902649,0.12367110699415207
1437,-0.32651886343955994,-0.33697623014450073,0.005423504859209061,0.005033861845731735,0.12362764775753021
1438,-0.3320300281047821,-0.35188189148902893,0.01003040000796318,0.009821462444961071,0.12358406186103821
1439,-0.3547116219997406,-0.36743807792663574,0.006884140428155661,0.005842325743287802,0.12354028970003128
1440,-0.3331441283226013,-0.36516091227531433,0.016898376867175102,0.015118425711989403,0.12349626421928406
1441,-0.34735503792762756,-0.3656105399131775,0.008873378857970238,0.009382141754031181,0.12345225363969803
1442,0.07954317331314087,-0.3556571304798126,0.217977374792099,0.2172229290008545,0.1234082281589508
1443,-0.3383154273033142,-0.3537103533744812,0.007667708210647106,0.007727192714810371,0.12336436659097672
1444,-0.30584409832954407,-0.31933051347732544,0.006465472746640444,0.007020946592092514,0.12332087010145187
1445,-0.3415922224521637,-0.3634055256843567,0.011095854453742504,0.010717462748289108,0.12327724695205688
1446,-0.32508206367492676,-0.33864903450012207,0.00743809062987566,0.006128888577222824,0.12323372811079025
1447,-0.13249823451042175,-0.3590236008167267,0.11619001626968384,0.11033535748720169,0.12319019436836243
1448,-0.33912789821624756,-0.356986939907074,0.00897135492414236,0.008887683972716331,0.12314669787883759
1449,-0.3221435248851776,-0.3385812044143677,0.008034244179725647,0.008403456769883633,0.12310337275266647
1450,-0.34167125821113586,-0.3659886121749878,0.0118928924202919,0.01242445595562458,0.12305985391139984
1451,-0.31957927346229553,-0.3393803536891937,0.009557058103382587,0.010244016535580158,0.12301640957593918
1452,-0.3598189651966095,-0.37328723073005676,0.007319703698158264,0.006148538552224636,0.12297289073467255
1453,-0.3495544493198395,-0.3707925081253052,0.0107816681265831,0.010456379503011703,0.12292938679456711
1454,-0.3223765194416046,-0.33498939871788025,0.006219101138412952,0.006393796298652887,0.12288610637187958
1455,-0.31660914421081543,-0.3321276307106018,0.007908572442829609,0.0076098996214568615,0.12284304946660995
1456,-0.3563695549964905,-0.3739017844200134,0.008955816738307476,0.008576417341828346,0.12279976904392242
1457,-0.3229397237300873,-0.34339332580566406,0.009784695692360401,0.010668903589248657,0.12275673449039459
1458,-0.371318519115448,-0.37835946679115295,0.0036993224639445543,0.0033416165970265865,0.12271343171596527
1459,-0.3481908440589905,-0.37197038531303406,0.012249672785401344,0.011529875919222832,0.12267010658979416
1460,-0.32229286432266235,-0.3412463068962097,0.00944918766617775,0.009504243731498718,0.12262697517871857
1461,-0.33085131645202637,-0.3452991545200348,0.0077192517928779125,0.006728600710630417,0.12258382886648178
1462,-0.33099061250686646,-0.34578654170036316,0.007637443486601114,0.007158493623137474,0.12254075706005096
1463,-0.340120404958725,-0.3508373498916626,0.0051934802904725075,0.005523472558706999,0.12249784916639328
1464,-0.3575807213783264,-0.3696185350418091,0.0053451694548130035,0.0066926442086696625,0.1224549189209938
1465,-0.3708837628364563,-0.382520854473114,0.006219010334461927,0.005418098997324705,0.12241169065237045
1466,-0.32838720083236694,-0.34367743134498596,0.008250887505710125,0.007039331831037998,0.12236864864826202
1467,-0.34461137652397156,-0.36112233996391296,0.008015037514269352,0.008495936170220375,0.12232553958892822
1468,-0.35366883873939514,-0.3678111732006073,0.00712073128670454,0.007021610159426928,0.1222824975848198
1469,-0.33172309398651123,-0.3432581126689911,0.0051042684353888035,0.0064307404682040215,0.12223947048187256
1470,-0.3470873534679413,-0.3603207767009735,0.007059191819280386,0.006174232345074415,0.1221964955329895
1471,-0.37515997886657715,-0.3894438147544861,0.006882560905069113,0.007401279639452696,0.12215343862771988
1472,-0.3445735573768616,-0.36217308044433594,0.008864548988640308,0.00873497687280178,0.12211057543754578
1473,-0.3332085907459259,-0.3500259816646576,0.008153600618243217,0.008663791231811047,0.1220678761601448
1474,-0.3419472873210907,-0.35291075706481934,0.005245341453701258,0.00571814039722085,0.12202522158622742
1475,-0.36339065432548523,-0.37472450733184814,0.005428711883723736,0.005905152764171362,0.12198257446289062
1476,-0.330060213804245,-0.34515580534935,0.007942857220768929,0.007152743637561798,0.12194003164768219
1477,-0.3589133620262146,-0.37424731254577637,0.00813173595815897,0.007202198728919029,0.12189748138189316
1478,-0.3367137610912323,-0.35164201259613037,0.007452081423252821,0.00747619429603219,0.1218549981713295
1479,-0.333252489566803,-0.3582303524017334,0.012799464166164398,0.01217838004231453,0.12181276082992554
1480,-0.34941425919532776,-0.36550992727279663,0.007730929180979729,0.00836473610252142,0.12177077680826187
1481,-0.3176408112049103,-0.34219348430633545,0.013473707251250744,0.011078940704464912,0.12172891944646835
1482,-0.3446071743965149,-0.3559252619743347,0.006046324968338013,0.005271757021546364,0.1216871589422226
1483,-0.3553176522254944,-0.3720362186431885,0.00889098085463047,0.007827593944966793,0.1216455027461052
1484,-0.33075422048568726,-0.35296523571014404,0.011087024584412575,0.011123999953269958,0.1216038390994072
1485,-0.3521314859390259,-0.36563825607299805,0.00626749824732542,0.007239289581775665,0.12156224250793457
1486,-0.3479100465774536,-0.3594236373901367,0.0057615493424236774,0.005752016324549913,0.12152065336704254
1487,-0.33786964416503906,-0.34998202323913574,0.0060725025832653046,0.006039878353476524,0.12147928774356842
1488,-0.38223740458488464,-0.39685532450675964,0.008465495891869068,0.006152427289634943,0.12143756449222565
1489,-0.3361630141735077,-0.3551083207130432,0.009594373404979706,0.00935093779116869,0.12139593064785004
1490,-0.3657425343990326,-0.39027321338653564,0.013624644838273525,0.010906051844358444,0.1213541179895401
1491,-0.3170424699783325,-0.34202101826667786,0.012745028361678123,0.012233533896505833,0.12131249159574509
1492,-0.35543936491012573,-0.37984663248062134,0.012644403614103794,0.01176286768168211,0.12127061933279037
1493,-0.33504927158355713,-0.3568752408027649,0.010935279540717602,0.010890703648328781,0.1212286427617073
1494,-0.3388030230998993,-0.3649739623069763,0.012956390157341957,0.01321454718708992,0.12118671089410782
1495,-0.37090131640434265,-0.38999706506729126,0.009404538199305534,0.009691213257610798,0.12114470452070236
1496,-0.09718700498342514,-0.3256615698337555,0.11306275427341461,0.11541181057691574,0.12110309302806854
1497,-0.35861924290657043,-0.37404224276542664,0.007437685038894415,0.007985321804881096,0.12106143683195114
1498,-0.335125595331192,-0.3572501540184021,0.011681824922561646,0.010442741215229034,0.12101976573467255
1499,-0.3595777750015259,-0.3797377645969391,0.010698722675442696,0.009461241774260998,0.1209779903292656
1500,-0.36439162492752075,-0.37656107544898987,0.006507569923996925,0.005661883857101202,0.12093626707792282
1501,-0.3344790041446686,-0.34376055002212524,0.00481109693646431,0.004470424260944128,0.12089495360851288
1502,-0.333341509103775,-0.346250057220459,0.006079463753849268,0.006829092279076576,0.1208537146449089
1503,-0.3463171124458313,-0.3553776741027832,0.004287793766707182,0.004772786982357502,0.12081225961446762
1504,-0.4143640398979187,-0.4262048900127411,0.005821418482810259,0.006019441410899162,0.12077035754919052
1505,-0.3689434230327606,-0.376414954662323,0.0040773143991827965,0.003394224913790822,0.12072847038507462
1506,-0.33119669556617737,-0.3482311964035034,0.008929850533604622,0.008104647509753704,0.12068665027618408
1507,-0.35081541538238525,-0.3614717125892639,0.0050980160012841225,0.00555826723575592,0.1206447035074234
1508,-0.35248562693595886,-0.37022775411605835,0.008808525279164314,0.00893360748887062,0.12060292065143585
1509,-0.39438122510910034,-0.4012278914451599,0.0038247769698500633,0.003021910320967436,0.1205609142780304
1510,-0.344129353761673,-0.3683854341506958,0.012391548603773117,0.011864541098475456,0.12051890045404434
1511,-0.3718818426132202,-0.3822574317455292,0.005075546447187662,0.005300051532685757,0.12047690153121948
1512,-0.3676912486553192,-0.3844674229621887,0.008344882167875767,0.00843128003180027,0.12043473869562149
1513,-0.3551408648490906,-0.36444568634033203,0.004653111100196838,0.004651712253689766,0.1203925684094429
1514,-0.3383576273918152,-0.36608296632766724,0.013439564034342766,0.014285768382251263,0.12035040557384491
1515,-0.3359437584877014,-0.3461083471775055,0.004749887157231569,0.005414696875959635,0.12030846625566483
1516,-0.3556431829929352,-0.36770880222320557,0.005722979549318552,0.006342641077935696,0.1202666237950325
1517,-0.33409354090690613,-0.34742194414138794,0.006746574304997921,0.0065818303264677525,0.12022507935762405
1518,-0.3731447458267212,-0.38884425163269043,0.008325910195708275,0.007373601198196411,0.12018366903066635
1519,-0.3586987257003784,-0.3707987666130066,0.0058865612372756,0.006213489919900894,0.12014232575893402
1520,-0.3584117591381073,-0.36666885018348694,0.003851132933050394,0.004405946936458349,0.12010111659765244
1521,-0.38885313272476196,-0.40854859352111816,0.010731594637036324,0.008963865227997303,0.12005963176488876
1522,-0.32896876335144043,-0.34997880458831787,0.010966051369905472,0.01004397589713335,0.1200183629989624
1523,-0.3238033652305603,-0.3620128333568573,0.019681427627801895,0.018528057262301445,0.11997716873884201
1524,-0.37030401825904846,-0.39014559984207153,0.00970377679914236,0.010137790814042091,0.11993592232465744
1525,-0.37835967540740967,-0.40078914165496826,0.011257353238761425,0.011172128841280937,0.11989452689886093
1526,-0.14005360007286072,-0.3733353614807129,0.11335526406764984,0.11992648243904114,0.1198531985282898
1527,-0.3595177233219147,-0.36881470680236816,0.005034764762967825,0.004262210335582495,0.1198117733001709
1528,-0.34232401847839355,-0.3646131753921509,0.011283952742815018,0.011005188338458538,0.11977047473192215
1529,-0.38136377930641174,-0.4028346538543701,0.010372569784522057,0.01109830942004919,0.11972896009683609
1530,-0.31460097432136536,-0.33180490136146545,0.0092234518378973,0.007980462163686752,0.11968772113323212
1531,-0.3340517580509186,-0.35887089371681213,0.013435167260468006,0.01138397678732872,0.11964660882949829
1532,-0.3691297769546509,-0.3874368369579315,0.009232994168996811,0.009074052795767784,0.11960525065660477
1533,-0.36750078201293945,-0.3819248378276825,0.006729495245963335,0.007694580592215061,0.11956382542848587
1534,-0.32528480887413025,-0.34728577733039856,0.010396329686045647,0.011604635044932365,0.11952272802591324
1535,-0.391475647687912,-0.40243440866470337,0.005259970668703318,0.005698803812265396,0.11948152631521225
1536,-0.15702489018440247,-0.3838401436805725,0.11382578313350677,0.11298945546150208,0.11944036930799484
1537,-0.35175493359565735,-0.36593976616859436,0.0072045521810650826,0.0069802612997591496,0.1193992868065834
1538,-0.39614126086235046,-0.4099665880203247,0.00722889881581068,0.0065964097157120705,0.11935807019472122
1539,-0.3483123779296875,-0.3570792078971863,0.0045915464870631695,0.004175269510596991,0.11931709945201874
1540,-0.38231369853019714,-0.40141811966896057,0.010349513031542301,0.008754916489124298,0.11927592009305954
1541,-0.31406930088996887,-0.352159321308136,0.020121099427342415,0.017968909814953804,0.11923500150442123
1542,-0.36641690135002136,-0.37585023045539856,0.004351647570729256,0.005081682465970516,0.11919421702623367
1543,-0.35649123787879944,-0.3660927712917328,0.0046735480427742004,0.004927989561110735,0.11915361136198044
1544,-0.3886585235595703,-0.4040375053882599,0.007618142757564783,0.007760858163237572,0.11911293864250183
1545,-0.353624165058136,-0.37407612800598145,0.010574456304311752,0.009877488948404789,0.11907236278057098
1546,-0.393685519695282,-0.4194946885108948,0.012465540319681168,0.013343634083867073,0.11903160810470581
1547,-0.35189488530158997,-0.3760276436805725,0.01273738220334053,0.011395351029932499,0.11899088323116302
1548,-0.37138500809669495,-0.3852410316467285,0.007007273845374584,0.006848747376352549,0.11894987523555756
1549,-0.3601973354816437,-0.39859992265701294,0.019474152475595474,0.01892843097448349,0.11890875548124313
1550,-0.3682878017425537,-0.38264644145965576,0.0071305581368505955,0.00722806341946125,0.1188676580786705
1551,-0.36675894260406494,-0.3767719566822052,0.005481299478560686,0.004531702026724815,0.1188267394900322
1552,-0.4072832763195038,-0.4218055009841919,0.00729018822312355,0.0072320373728871346,0.11878566443920135
1553,-0.36344587802886963,-0.3746393322944641,0.006177598610520363,0.00501586077734828,0.11874452233314514
1554,-0.3835558295249939,-0.3975747525691986,0.007202555891126394,0.006816368084400892,0.11870331317186356
1555,-0.39394497871398926,-0.40313205122947693,0.00528006162494421,0.003907029051333666,0.11866196990013123
1556,-0.40194424986839294,-0.41785672307014465,0.00840675737708807,0.0075057074427604675,0.11862049996852875
1557,-0.3549085557460785,-0.37467047572135925,0.010759308002889156,0.0090026231482625,0.11857907474040985
1558,-0.3830735385417938,-0.3889947533607483,0.0033482867293059826,0.0025729211047291756,0.1185377836227417
1559,-0.39059945940971375,-0.4049311876296997,0.007446482311934233,0.006885272450745106,0.11849644035100937
1560,-0.38392162322998047,-0.39792531728744507,0.007415510714054108,0.006588182412087917,0.11845526099205017
1561,-0.35742685198783875,-0.37081316113471985,0.007503895554691553,0.005882412660866976,0.11841431260108948
1562,-0.346618115901947,-0.36127686500549316,0.0078333280980587,0.00682543171569705,0.1183735802769661
1563,-0.3835638463497162,-0.4214080274105072,0.018071766942739487,0.019772406667470932,0.11833275109529495
1564,-0.3623495101928711,-0.3769546151161194,0.007298706099390984,0.007306399289518595,0.11829207837581635
1565,-0.3321170508861542,-0.361229807138443,0.015021977946162224,0.0140907634049654,0.11825183779001236
1566,-0.3718821108341217,-0.38493266701698303,0.006998520344495773,0.006052046548575163,0.11821172386407852
1567,-0.3630930483341217,-0.38862043619155884,0.013440976850688457,0.012086410075426102,0.1181715652346611
1568,-0.3529124855995178,-0.3816635310649872,0.014461485669016838,0.014289545826613903,0.11813145875930786
1569,-0.3771851360797882,-0.3850880563259125,0.0035156020894646645,0.004387324675917625,0.11809118837118149
1570,-0.40769192576408386,-0.4198850393295288,0.006072355899959803,0.006120763719081879,0.11805064976215363
1571,-0.40129321813583374,-0.4148116707801819,0.007023836951702833,0.00649461941793561,0.11801012605428696
1572,-0.37768563628196716,-0.39326098561286926,0.008073290809988976,0.007502057123929262,0.1179695650935173
1573,-0.3438558280467987,-0.35946768522262573,0.00709977513179183,0.008512082509696484,0.11792926490306854
1574,-0.4123828709125519,-0.42781057953834534,0.007422743830829859,0.008004951290786266,0.1178886741399765
1575,-0.39433836936950684,-0.40761658549308777,0.006415645591914654,0.00686257891356945,0.11784803867340088
1576,-0.3632887005805969,-0.3766630291938782,0.007123253308236599,0.00625105295330286,0.11780741810798645
1577,-0.3744468688964844,-0.4001939296722412,0.013795501552522182,0.011951560154557228,0.117766834795475
1578,-0.41334736347198486,-0.44633638858795166,0.01625085435807705,0.016738178208470345,0.11772581934928894
1579,-0.3639741539955139,-0.37265801429748535,0.004622339271008968,0.004061523824930191,0.11768481880426407
1580,-0.3695886731147766,-0.38737204670906067,0.00893543753772974,0.008847924880683422,0.117643803358078
1581,-0.41459569334983826,-0.42307814955711365,0.004650943912565708,0.0038315081037580967,0.11760275065898895
1582,-0.3741544485092163,-0.3989807367324829,0.011639546602964401,0.013186739757657051,0.11756162345409393
1583,-0.35148823261260986,-0.37509089708328247,0.01239871233701706,0.011203945614397526,0.11752084642648697
1584,-0.3899332284927368,-0.39761465787887573,0.004728003405034542,0.0029534418135881424,0.1174800917506218
1585,-0.4213232100009918,-0.4342874586582184,0.0073428088799119,0.005621443502604961,0.11743923276662827
1586,-0.39026570320129395,-0.39628005027770996,0.0031819117721170187,0.002832436468452215,0.1173984706401825
1587,-0.3690319061279297,-0.38008105754852295,0.0054320888593792915,0.0056170388124883175,0.11735808849334717
1588,-0.3628752827644348,-0.3766455054283142,0.00674888351932168,0.0070213256403803825,0.11731785535812378
1589,-0.3664436340332031,-0.37928110361099243,0.00687242578715086,0.005965042859315872,0.11727786809206009
1590,-0.387826144695282,-0.4015880227088928,0.0074607194401323795,0.006301154848188162,0.11723797023296356
1591,-0.39065879583358765,-0.403930127620697,0.006368071306496859,0.006903254892677069,0.117198146879673
1592,-0.38208821415901184,-0.39665094017982483,0.006937030237168074,0.007625688798725605,0.11715856194496155
1593,-0.3844667375087738,-0.39335787296295166,0.004692713730037212,0.004198444075882435,0.11711890250444412
1594,-0.392449289560318,-0.4074871838092804,0.007077308837324381,0.007960601709783077,0.1170790046453476
1595,-0.36150020360946655,-0.3864019811153412,0.012592121958732605,0.012309684418141842,0.11703935265541077
1596,-0.18656325340270996,-0.4155464172363281,0.11579768359661102,0.11318545788526535,0.11699964851140976
1597,-0.40515732765197754,-0.4199419319629669,0.007772132754325867,0.007012481801211834,0.11695995926856995
1598,-0.3760850131511688,-0.389398455619812,0.006561083719134331,0.006752373650670052,0.1169203668832779
1599,-0.39529329538345337,-0.4063062369823456,0.0055169216357171535,0.00549602136015892,0.11688067764043808
1600,-0.4012610912322998,-0.41202571988105774,0.005186204798519611,0.0055784243158996105,0.1168408915400505
1601,-0.3895290791988373,-0.40120312571525574,0.006344734225422144,0.005329308565706015,0.1168012022972107
1602,-0.37578514218330383,-0.3841080963611603,0.004205178003758192,0.00411779060959816,0.11676158010959625
1603,-0.3731320798397064,-0.38372597098350525,0.005740083288401365,0.0048538208939135075,0.1167220026254654
1604,-0.3624565303325653,-0.3879420757293701,0.013413757085800171,0.012071782723069191,0.11668224632740021
1605,-0.4131386876106262,-0.4247097074985504,0.006549319252371788,0.005021676421165466,0.11664225161075592
1606,-0.39766302704811096,-0.4110303819179535,0.006651066243648529,0.006716287694871426,0.11660218238830566
1607,-0.3562265932559967,-0.3863159716129303,0.015255257487297058,0.014834124594926834,0.11656215786933899
1608,-0.39234432578086853,-0.40341320633888245,0.005020633805543184,0.00604823837056756,0.11652197688817978
1609,-0.38569971919059753,-0.40278610587120056,0.008546415716409683,0.008539974689483643,0.11648198217153549
1610,-0.376852810382843,-0.39704379439353943,0.009769429452717304,0.010421530343592167,0.11644188314676285
1611,-0.3840236961841583,-0.4000597596168518,0.008193964138627052,0.00784208346158266,0.11640171706676483
1612,-0.3922511041164398,-0.405416339635849,0.007106465753167868,0.006058768834918737,0.11636173725128174
1613,-0.39432650804519653,-0.4026070833206177,0.003989187069237232,0.004291384946554899,0.11632168292999268
1614,-0.37319710850715637,-0.3877837359905243,0.007928237318992615,0.006658406928181648,0.11628186702728271
1615,0.0011129528284072876,-0.39143630862236023,0.1914556622505188,0.20109359920024872,0.11624200642108917
1616,-0.4142169952392578,-0.4239580035209656,0.004354456439614296,0.005386552307754755,0.11620193719863892
1617,-0.38264113664627075,-0.3999658226966858,0.008552158251404762,0.008772512897849083,0.11616196483373642
1618,-0.3762267231941223,-0.38735079765319824,0.005814382340759039,0.005309691186994314,0.11612214893102646
1619,-0.3876201808452606,-0.40194642543792725,0.007337362039834261,0.006988879293203354,0.11608237028121948
1620,-0.37878644466400146,-0.40086913108825684,0.010677075013518333,0.011405622586607933,0.11604262888431549
1621,-0.4054626524448395,-0.42777183651924133,0.011863681487739086,0.010445497930049896,0.11600268632173538
1622,-0.37874844670295715,-0.39226117730140686,0.006853851024061441,0.006658887956291437,0.11596295237541199
1623,-0.40801477432250977,-0.4144938886165619,0.0039034769870340824,0.0025756366085261106,0.1159232035279274
1624,-0.41625481843948364,-0.4240245223045349,0.0049932668916881084,0.0027764516416937113,0.11588329821825027
1625,-0.3901720345020294,-0.402681440114975,0.005841507110744715,0.006667913869023323,0.11584329605102539
1626,-0.3801584541797638,-0.4044114649295807,0.012463808059692383,0.011789190582931042,0.11580336838960648
1627,-0.3911159038543701,-0.40583112835884094,0.008387255482375622,0.006327960640192032,0.11576345562934875
1628,-0.4160844087600708,-0.4281659424304962,0.006428407039493322,0.005653116386383772,0.11572358012199402
1629,-0.38488584756851196,-0.41909724473953247,0.016946686431765556,0.0172647163271904,0.11568352580070496
1630,-0.4107978940010071,-0.4229221045970917,0.0065328581258654594,0.0055913738906383514,0.11564359068870544
1631,-0.44464507699012756,-0.45020097494125366,0.0030090364161878824,0.0025468324311077595,0.11560345441102982
1632,-0.39080020785331726,-0.41187840700149536,0.011029296554625034,0.010048899799585342,0.11556335538625717
1633,-0.42662563920021057,-0.4349013566970825,0.004213604144752026,0.004062108229845762,0.11552316695451736
1634,-0.4149399399757385,-0.4354889988899231,0.011310949921607971,0.009238122962415218,0.11548274010419846
1635,-0.4350898563861847,-0.451016366481781,0.008222408592700958,0.0077041033655405045,0.11544216424226761
1636,-0.38078656792640686,-0.4119007885456085,0.017504574730992317,0.013609648682177067,0.11540176719427109
1637,-0.40339821577072144,-0.4137192666530609,0.005517882760614157,0.0048031797632575035,0.1153615191578865
1638,-0.41740700602531433,-0.43129101395606995,0.0073103029280900955,0.006573694292455912,0.11532115191221237
1639,-0.4015792906284332,-0.41782236099243164,0.007709395606070757,0.008533681742846966,0.115280881524086
1640,-0.37722650170326233,-0.39631402492523193,0.010615705512464046,0.008471830748021603,0.11524073034524918
1641,-0.39281603693962097,-0.40234336256980896,0.004267757758498192,0.005259571596980095,0.11520083993673325
1642,-0.41541188955307007,-0.43052950501441956,0.008053239434957504,0.007064386736601591,0.11516066640615463
1643,-0.4092492163181305,-0.4264924228191376,0.008478119038045406,0.008765104226768017,0.11512044817209244
1644,-0.367162823677063,-0.39023667573928833,0.011834935285151005,0.011238896287977695,0.1150805801153183
1645,-0.407009094953537,-0.4320344924926758,0.011350631713867188,0.013674779795110226,0.11504082381725311
1646,-0.22815880179405212,-0.4353591799736023,0.10281088948249817,0.104389488697052,0.11500108987092972
1647,-0.39061734080314636,-0.42569541931152344,0.016491420567035675,0.0185866616666317,0.1149614229798317
1648,-0.391367644071579,-0.41165056824684143,0.010791480541229248,0.009491448290646076,0.11492209881544113
1649,-0.40570396184921265,-0.41640138626098633,0.005547672510147095,0.0051497407257556915,0.11488272994756699
1650,-0.37821510434150696,-0.3998095691204071,0.011518435552716255,0.010076005943119526,0.11484348773956299
1651,-0.21473756432533264,-0.42912963032722473,0.10779768228530884,0.10659439116716385,0.11480417847633362
1652,-0.3980322480201721,-0.4089950621128082,0.005382239352911711,0.005580580793321133,0.11476487666368484
1653,-0.40276625752449036,-0.4139707386493683,0.006090989802032709,0.0051134806126356125,0.11472561955451965
1654,-0.4135904908180237,-0.4226170778274536,0.005275106523185968,0.003751496085897088,0.11468623578548431
1655,-0.4098563492298126,-0.4193139970302582,0.004909337963908911,0.004548325203359127,0.11464697867631912
1656,-0.4124758243560791,-0.4230940341949463,0.006166079081594944,0.004452132154256105,0.11460743844509125
1657,-0.36053532361984253,-0.374857634305954,0.007548780646175146,0.006773529574275017,0.11456815153360367
1658,-0.3915112316608429,-0.41479364037513733,0.011498019099235535,0.011784395202994347,0.11452904343605042
1659,-0.1939896196126938,-0.38644880056381226,0.09999357163906097,0.0924655944108963,0.11449005454778671
1660,-0.3842906653881073,-0.4054532051086426,0.011265394277870655,0.009897155687212944,0.11445111036300659
1661,-0.38948360085487366,-0.40311944484710693,0.00635929312556982,0.00727655878290534,0.11441203951835632
1662,-0.399008572101593,-0.41212913393974304,0.006331728771328926,0.006788828410208225,0.11437301337718964
1663,-0.36941710114479065,-0.3872693181037903,0.009081987664103508,0.008770238608121872,0.11433418840169907
1664,-0.40312132239341736,-0.41147977113723755,0.004061754792928696,0.004296690691262484,0.11429546028375626
1665,-0.38086843490600586,-0.4136776924133301,0.015435954555869102,0.017373278737068176,0.114256851375103
1666,-0.20623233914375305,-0.4224645495414734,0.10665419697761536,0.10957800596952438,0.11421817541122437
1667,-0.37047067284584045,-0.3810093402862549,0.005608315579593182,0.004930345341563225,0.1141795963048935
1668,-0.4123491048812866,-0.42532098293304443,0.007551428861916065,0.005420433357357979,0.11414089053869247
1669,-0.4206184446811676,-0.4290351867675781,0.004707399755716324,0.003709354903548956,0.11410217732191086
1670,-0.4319753348827362,-0.44376838207244873,0.006423532497137785,0.005369509104639292,0.11406335979700089
1671,-0.4038901627063751,-0.4129546880722046,0.005197289399802685,0.0038672296795994043,0.11402461677789688
1672,-0.34622564911842346,-0.3658154010772705,0.010500953532755375,0.009088787250220776,0.11398609727621078
1673,-0.3987005054950714,-0.42370304465293884,0.013446580618619919,0.011555961333215237,0.11394757032394409
1674,-0.3952205777168274,-0.4077620208263397,0.006633489392697811,0.00590795511379838,0.11390918493270874
1675,-0.41602036356925964,-0.4240473508834839,0.004726743791252375,0.003300249110907316,0.11387079209089279
1676,-0.40485674142837524,-0.4189241826534271,0.007274724077433348,0.00679271062836051,0.11383238434791565
1677,-0.37551549077033997,-0.400267094373703,0.013228342868387699,0.011523240245878696,0.11379401385784149
1678,-0.41963985562324524,-0.434203565120697,0.006719495635479689,0.007844209671020508,0.11375562846660614
1679,-0.22601208090782166,-0.4267767369747162,0.09861169755458832,0.10215297341346741,0.11371715366840363
1680,-0.40795812010765076,-0.42634880542755127,0.009180423803627491,0.009210245683789253,0.11367865651845932
1681,-0.36536937952041626,-0.41537681221961975,0.024729857221245766,0.025277569890022278,0.11364015191793442
1682,-0.20267094671726227,-0.41775116324424744,0.10806207358837128,0.10701815783977509,0.11360176652669907
1683,-0.44503092765808105,-0.4596945643424988,0.008193867281079292,0.006469756364822388,0.11356336623430252
1684,-0.4314225912094116,-0.4443674683570862,0.0074125416576862335,0.005532314535230398,0.11352454870939255
1685,-0.36473944783210754,-0.37399187684059143,0.005013301968574524,0.004239119589328766,0.11348588019609451
1686,-0.3916141986846924,-0.404159814119339,0.006163778714835644,0.006381839979439974,0.11344708502292633
1687,-0.4433229863643646,-0.45422235131263733,0.005807582288980484,0.0050917938351631165,0.11340797692537308
1688,-0.40273424983024597,-0.42026352882385254,0.009781812317669392,0.007747462950646877,0.11336902529001236
1689,-0.40034282207489014,-0.416282594203949,0.008611826226115227,0.007327942177653313,0.1133301854133606
1690,-0.4291550815105438,-0.43861961364746094,0.005228368565440178,0.0042361728847026825,0.11329123377799988
1691,-0.43424513936042786,-0.4436095654964447,0.005389284808188677,0.00397514970973134,0.11325199156999588
1692,-0.4094848930835724,-0.42786693572998047,0.009759451262652874,0.008622584864497185,0.11321298032999039
1693,-0.4437717795372009,-0.4552391767501831,0.006125451065599918,0.005341959185898304,0.11317379772663116
1694,-0.4208463728427887,-0.4282379746437073,0.003932494670152664,0.0034590885043144226,0.11313465237617493
1695,-0.42716068029403687,-0.43831372261047363,0.0055547961965203285,0.005598236806690693,0.11309541016817093
1696,-0.3866872489452362,-0.3972489535808563,0.005522878374904394,0.005038830917328596,0.11305621266365051
1697,-0.4210621118545532,-0.427407443523407,0.003581081749871373,0.002764251083135605,0.11301708221435547
1698,-0.38239336013793945,-0.40825730562210083,0.012934179045259953,0.012929756194353104,0.11297823488712311
1699,-0.43276503682136536,-0.44565898180007935,0.006713314447551966,0.006180651020258665,0.11293912678956985
1700,-0.41057515144348145,-0.4247710704803467,0.007454722188413143,0.006741181015968323,0.11290011554956436
1701,-0.4150727391242981,-0.4345735013484955,0.009684006683528423,0.009816751815378666,0.1128610372543335
1702,-0.4159497916698456,-0.42707863450050354,0.005902340169996023,0.005226495675742626,0.11282216757535934
1703,-0.4257090091705322,-0.43685632944107056,0.006340764928609133,0.0048065572045743465,0.11278335750102997
1704,-0.42291775345802307,-0.4382227659225464,0.007706481963396072,0.007598523050546646,0.11274459213018417
1705,-0.40288081765174866,-0.41838210821151733,0.007614810951054096,0.007886470295488834,0.11270591616630554
1706,-0.4274185299873352,-0.43821460008621216,0.005754962097853422,0.005041111726313829,0.11266709119081497
1707,-0.3653095066547394,-0.40248847007751465,0.0177998598664999,0.01937910169363022,0.11262839287519455
1708,-0.4718308448791504,-0.4925159513950348,0.010762452147901058,0.009922646917402744,0.11258946359157562
1709,-0.2472449243068695,-0.46518492698669434,0.10997962951660156,0.10796038061380386,0.11255043745040894
1710,-0.42893680930137634,-0.4631132483482361,0.018513543531298637,0.015662916004657745,0.11251137405633926
1711,-0.42783790826797485,-0.44093620777130127,0.007135247811675072,0.005963072180747986,0.11247234791517258
1712,-0.4359476566314697,-0.4494704306125641,0.006373067852109671,0.007149691693484783,0.11243339627981186
1713,-0.23489515483379364,-0.4348260760307312,0.0987849235534668,0.10114599764347076,0.11239448189735413
1714,-0.3996051847934723,-0.4126427173614502,0.006914038211107254,0.0061234901659190655,0.11235584318637848
1715,-0.4216674268245697,-0.4359414577484131,0.008170293644070625,0.006103734485805035,0.11231719702482224
1716,-0.41499102115631104,-0.4286139905452728,0.006676035467535257,0.006946910172700882,0.1122785359621048
1717,-0.4072459042072296,-0.421639084815979,0.007023411802947521,0.0073697431944310665,0.11223999410867691
1718,-0.4392966032028198,-0.464487224817276,0.011914399452507496,0.013276214711368084,0.11220130324363708
1719,-0.385986864566803,-0.40600764751434326,0.010662274435162544,0.009358493611216545,0.1121627613902092
1720,-0.4234466552734375,-0.4389418959617615,0.00829862616956234,0.00719661358743906,0.11212415248155594
1721,-0.40702658891677856,-0.4158655107021332,0.004949213936924934,0.0038897101767361164,0.11208567023277283
1722,-0.4483160376548767,-0.461714506149292,0.00717352656647563,0.006224917713552713,0.11204719543457031
1723,-0.42400723695755005,-0.4326479732990265,0.004296440165489912,0.004344284534454346,0.11200857162475586
1724,-0.44495490193367004,-0.4569004476070404,0.007193743251264095,0.004751794505864382,0.11197004467248917
1725,-0.4240836501121521,-0.43866434693336487,0.007441639434546232,0.00713906716555357,0.11193160712718964
1726,-0.4298766255378723,-0.4412187933921814,0.006544853560626507,0.004797318950295448,0.11189315468072891
1727,-0.42201584577560425,-0.42916274070739746,0.00351318484172225,0.0036337098572403193,0.11185474693775177
1728,-0.44659093022346497,-0.45953863859176636,0.006974685937166214,0.005973012186586857,0.11181624978780746
1729,-0.22689193487167358,-0.4736170172691345,0.12219362705945969,0.12453144788742065,0.11177746206521988
1730,-0.43169161677360535,-0.44461801648139954,0.006125593092292547,0.006800797302275896,0.11173880100250244
1731,-0.4138440787792206,-0.4287723898887634,0.008042143657803535,0.006886141374707222,0.11170023679733276
1732,-0.4246240258216858,-0.44138288497924805,0.007975900545716286,0.00878296047449112,0.11166173219680786
1733,-0.4327406883239746,-0.4426516890525818,0.005075258668512106,0.004835763480514288,0.11162348091602325
1734,-0.4446817934513092,-0.4558963477611542,0.006002165377140045,0.005212397780269384,0.1115850880742073
1735,-0.4525943696498871,-0.47307366132736206,0.010275272652506828,0.010204031132161617,0.11154665052890778
1736,-0.4355449676513672,-0.44256898760795593,0.003851697314530611,0.003172295168042183,0.11150836199522018
1737,-0.3968679904937744,-0.40801483392715454,0.005647972226142883,0.005498881917446852,0.11147037148475647
1738,-0.43732109665870667,-0.4537821412086487,0.007516719400882721,0.008944331668317318,0.11143237352371216
1739,-0.41293513774871826,-0.4244373142719269,0.005094654858112335,0.006407536566257477,0.11139455437660217
1740,-0.41218963265419006,-0.43516215682029724,0.011920465156435966,0.011052066460251808,0.11135686933994293
1741,-0.4110412299633026,-0.4208303391933441,0.005361416842788458,0.00442770030349493,0.11131920665502548
1742,-0.45775306224823,-0.4683435261249542,0.005679287947714329,0.004911170341074467,0.11128125339746475
1743,-0.45144301652908325,-0.46320247650146484,0.005377438850700855,0.0063820150680840015,0.11124313622713089
1744,-0.4389050602912903,-0.4588755965232849,0.010715167038142681,0.009255364537239075,0.11120498180389404
1745,-0.42015230655670166,-0.4344169795513153,0.0076595270074903965,0.006605157628655434,0.1111670732498169
1746,-0.4263409376144409,-0.44238758087158203,0.008119432255625725,0.00792719703167677,0.11112917214632034
1747,-0.4516846239566803,-0.458738774061203,0.0035251399967819452,0.003529009409248829,0.11109132319688797
1748,-0.48245322704315186,-0.4942786395549774,0.006282688118517399,0.005542733706533909,0.11105313152074814
1749,-0.4066755175590515,-0.4273870289325714,0.010332216508686543,0.010379279032349586,0.11101511865854263
1750,-0.43034493923187256,-0.45454511046409607,0.012106507085263729,0.012093665078282356,0.11097706109285355
1751,-0.459026575088501,-0.4764653146266937,0.00929891038686037,0.008139817044138908,0.11093902587890625
1752,-0.39419373869895935,-0.4339000880718231,0.019950566813349724,0.019755784422159195,0.11090105026960373
1753,-0.4704958200454712,-0.4887809157371521,0.010138719342648983,0.008146381005644798,0.11086305975914001
1754,-0.43859735131263733,-0.45594730973243713,0.008568668738007545,0.008781285025179386,0.11082518845796585
1755,-0.40702956914901733,-0.44449546933174133,0.01970369927585125,0.01776222139596939,0.11078735440969467
1756,-0.4548848271369934,-0.46913644671440125,0.00678117573261261,0.007470427080988884,0.11074932664632797
1757,-0.4186447560787201,-0.43377700448036194,0.008415979333221912,0.0067162709310650826,0.11071141809225082
1758,-0.41935184597969055,-0.4303288459777832,0.006402160041034222,0.004574837628751993,0.11067339032888412
1759,-0.45877012610435486,-0.46978020668029785,0.005296303890645504,0.005713791586458683,0.11063550412654877
1760,-0.4593026638031006,-0.4666112959384918,0.00434051314368844,0.0029681208543479443,0.1105976551771164
1761,-0.44864028692245483,-0.4571933150291443,0.0038662010338157415,0.004686846863478422,0.11055969446897507
1762,-0.4298635721206665,-0.4423372745513916,0.006613973528146744,0.005859732627868652,0.11052166670560837
1763,-0.43792402744293213,-0.4681271016597748,0.013734972104430199,0.01646810583770275,0.11048354208469391
1764,-0.4646991789340973,-0.4722476601600647,0.004250142723321915,0.0032983566634356976,0.110445536673069
1765,-0.4560123085975647,-0.46756336092948914,0.005266303662210703,0.006284743547439575,0.11040754616260529
1766,-0.4494287669658661,-0.46362826228141785,0.008967448025941849,0.005232050083577633,0.11036943644285202
1767,-0.3994678258895874,-0.41820472478866577,0.009516903199255466,0.009220017120242119,0.11033139377832413
1768,-0.4417562186717987,-0.45056766271591187,0.004767558071762323,0.004043866414576769,0.11029335856437683
1769,-0.4411090016365051,-0.45817288756370544,0.007495773956179619,0.009568113833665848,0.11025531589984894
1770,-0.4442211389541626,-0.45355746150016785,0.0047074840404093266,0.0046288445591926575,0.11021734029054642
1771,-0.4190469980239868,-0.431132435798645,0.005933268927037716,0.006152177695184946,0.11017931997776031
1772,-0.21994706988334656,-0.4332576394081116,0.10550963133573532,0.1078009307384491,0.11014137417078018
1773,-0.42935439944267273,-0.44357848167419434,0.007971097715198994,0.006252981722354889,0.11010351032018661
1774,-0.4663547873497009,-0.4727898836135864,0.0030905422754585743,0.003344563767313957,0.1100657656788826
1775,-0.389278769493103,-0.4051629304885864,0.008060318417847157,0.007823847234249115,0.11002825200557709
1776,-0.4276416301727295,-0.43499869108200073,0.00456008268520236,0.0027969637885689735,0.10999074578285217
1777,-0.44552457332611084,-0.47878479957580566,0.017508627846837044,0.01575160212814808,0.10995319485664368
1778,-0.4616938531398773,-0.47411876916885376,0.006604224443435669,0.005820677150040865,0.10991553217172623
1779,-0.4463791847229004,-0.46503767371177673,0.010278936475515366,0.008379535749554634,0.10987764596939087
1780,-0.4376082420349121,-0.4473578929901123,0.0046657077036798,0.005083935335278511,0.10983984917402267
1781,-0.4365006685256958,-0.4481116235256195,0.006148131098598242,0.0054628122597932816,0.1098022535443306
1782,-0.4481300711631775,-0.48034507036209106,0.016531765460968018,0.015683243051171303,0.1097644791007042
1783,-0.4216466546058655,-0.44236505031585693,0.011526616290211678,0.009191787801682949,0.10972669720649719
1784,-0.4469550848007202,-0.45677876472473145,0.00529504893347621,0.004528651013970375,0.10968919098377228
1785,-0.4416857957839966,-0.46362167596817017,0.011707582511007786,0.01022831629961729,0.10965187847614288
1786,-0.46401554346084595,-0.48371392488479614,0.009879346936941147,0.009819019585847855,0.10961426049470901
1787,-0.41114604473114014,-0.423006534576416,0.007102493196725845,0.004757994785904884,0.10957687348127365
1788,-0.46106767654418945,-0.4736327826976776,0.0060712797567248344,0.006493822671473026,0.10953938961029053
1789,-0.42620813846588135,-0.44463226199150085,0.010381258092820644,0.008042866364121437,0.10950212925672531
1790,-0.42482149600982666,-0.4400620758533478,0.007580948062241077,0.007659646216779947,0.10946503281593323
1791,-0.4295785427093506,-0.4376365542411804,0.003063763491809368,0.004994256887584925,0.10942821949720383
1792,-0.4643349051475525,-0.4792766273021698,0.006719967350363731,0.008221742697060108,0.1093914657831192
1793,-0.4525882601737976,-0.47178417444229126,0.00925827119499445,0.009937641210854053,0.1093546450138092
1794,-0.45576775074005127,-0.4678965210914612,0.006344167049974203,0.005784602370113134,0.10931780934333801
1795,-0.45082762837409973,-0.4636284112930298,0.007098759524524212,0.00570201501250267,0.10928093641996384
1796,-0.4633497893810272,-0.47469353675842285,0.006166510283946991,0.0051772212609648705,0.10924394428730011
1797,-0.4311108887195587,-0.4487203061580658,0.010165676474571228,0.007443769369274378,0.1092071458697319
1798,-0.4191427528858185,-0.44629329442977905,0.014539019204676151,0.012611513026058674,0.10917036235332489
1799,-0.4383063316345215,-0.4586614966392517,0.01044911053031683,0.00990605540573597,0.10913359373807907
1800,-0.46896666288375854,-0.4856652617454529,0.009690722450613976,0.007007879205048084,0.10909648984670639
1801,-0.46323785185813904,-0.47648724913597107,0.007331973873078823,0.005917433649301529,0.10905943810939789
1802,-0.45683348178863525,-0.46614134311676025,0.004741836804896593,0.00456602219492197,0.10902252048254013
1803,-0.460559606552124,-0.4934403598308563,0.017308026552200317,0.015572739765048027,0.10898548364639282
1804,-0.4518504738807678,-0.47212013602256775,0.011287014931440353,0.008982671424746513,0.1089484915137291
1805,-0.4526068866252899,-0.46382734179496765,0.006561536807566881,0.004658913239836693,0.10891138017177582
1806,-0.4415507912635803,-0.45958876609802246,0.010252287611365318,0.007785669062286615,0.10887430608272552
1807,-0.4546716809272766,-0.4679233729839325,0.0063416967168450356,0.0069099836982786655,0.10883729159832001
1808,-0.4584469795227051,-0.47114303708076477,0.006309760734438896,0.0063863215036690235,0.10880026966333389
1809,-0.4706950783729553,-0.47808021306991577,0.004177548456937075,0.0032076032366603613,0.10876333713531494
1810,-0.445988267660141,-0.46248024702072144,0.008605018258094788,0.007886979728937149,0.10872644186019897
1811,-0.47092509269714355,-0.48319101333618164,0.006749166641384363,0.005516755860298872,0.10868943482637405
1812,-0.44211500883102417,-0.4604066014289856,0.008708424866199493,0.009583190083503723,0.10865253955125809
1813,-0.48343780636787415,-0.4979526400566101,0.008021092042326927,0.006493733264505863,0.10861555486917496
1814,-0.41870081424713135,-0.43264034390449524,0.007364695426076651,0.006574840750545263,0.10857873409986496
1815,-0.4575101435184479,-0.47014257311820984,0.0067262183874845505,0.005906210746616125,0.10854180157184601
1816,-0.45965832471847534,-0.47439417243003845,0.008277579210698605,0.00645828153938055,0.10850495845079422
1817,-0.46602770686149597,-0.4841920733451843,0.00955945998430252,0.008604899980127811,0.10846825689077377
1818,-0.4670477509498596,-0.4798111319541931,0.006133456714451313,0.006629909388720989,0.10843166708946228
1819,-0.4574667513370514,-0.4729870855808258,0.007718200795352459,0.007802119944244623,0.1083950400352478
1820,-0.431147038936615,-0.45843076705932617,0.01441611535847187,0.012867596000432968,0.10835845023393631
1821,-0.44878724217414856,-0.4611099064350128,0.006796911358833313,0.005525726359337568,0.10832192748785019
1822,-0.45789089798927307,-0.47407960891723633,0.008978229947388172,0.007210494950413704,0.1082853153347969
1823,-0.42885783314704895,-0.4420093894004822,0.00675587123259902,0.006395709700882435,0.10824868828058243
1824,-0.4874041676521301,-0.49559640884399414,0.004105199594050646,0.0040870243683457375,0.10821176320314407
1825,-0.2428329586982727,-0.45971018075942993,0.10872551053762436,0.10815171152353287,0.1081748753786087
1826,-0.48884570598602295,-0.49823373556137085,0.004444426856935024,0.0049436078406870365,0.10813792049884796
1827,-0.44279763102531433,-0.4594235420227051,0.008923047222197056,0.007702843751758337,0.10810103267431259
1828,-0.46287935972213745,-0.4711560010910034,0.004317259415984154,0.003959395457059145,0.1080641821026802
1829,-0.4950486123561859,-0.5103009343147278,0.007913066074252129,0.007339256815612316,0.10802701115608215
1830,-0.4751851260662079,-0.48266303539276123,0.0037636877968907356,0.0037142192013561726,0.10798980295658112
1831,-0.4623231589794159,-0.4800596237182617,0.010556354187428951,0.007180127780884504,0.10795267671346664
1832,-0.49748915433883667,-0.5072047114372253,0.004998440854251385,0.004717123694717884,0.107915498316288
1833,-0.4935971200466156,-0.49931401014328003,0.0029254246037453413,0.0027914626989513636,0.10787822306156158
1834,-0.466133713722229,-0.4760483503341675,0.005667495541274548,0.004247114062309265,0.10784100741147995
1835,-0.4453027546405792,-0.45529043674468994,0.00517199607565999,0.004815695807337761,0.10780391097068787
1836,-0.4697173833847046,-0.4768003821372986,0.003599486779421568,0.003483489388599992,0.10776693373918533
1837,-0.45467761158943176,-0.46475785970687866,0.004246564116328955,0.005833676550537348,0.10773012042045593
1838,-0.4774298667907715,-0.4868449568748474,0.005046446807682514,0.004368639551103115,0.10769324749708176
1839,-0.46917539834976196,-0.4790439009666443,0.005368353333324194,0.004500159062445164,0.10765645653009415
1840,-0.4881671369075775,-0.4990922212600708,0.006492028944194317,0.004433055873960257,0.10761965811252594
1841,-0.4287099242210388,-0.4440322518348694,0.008374622091650963,0.006947707384824753,0.10758309811353683
1842,-0.49303606152534485,-0.5045114159584045,0.006433352828025818,0.005041991826146841,0.10754650086164474
1843,-0.47311916947364807,-0.4829326570034027,0.006002563051879406,0.0038109207525849342,0.10750981420278549
1844,-0.47550100088119507,-0.484416127204895,0.004291077144443989,0.004624038934707642,0.10747312009334564
1845,-0.4462524354457855,-0.468585729598999,0.01127583160996437,0.011057460680603981,0.10743645578622818
1846,-0.4470767378807068,-0.4963720738887787,0.025441443547606468,0.023853912949562073,0.10739978402853012
1847,-0.47686517238616943,-0.4867706894874573,0.004913440439850092,0.004992055706679821,0.10736309736967087
1848,-0.4582488238811493,-0.4698416590690613,0.005204683635383844,0.006388169247657061,0.10732655227184296
1849,-0.4491821825504303,-0.4579910933971405,0.00476053636521101,0.00404838752001524,0.10729029774665833
1850,-0.4873230755329132,-0.5056717991828918,0.007771351840347052,0.01057739183306694,0.1072537750005722
1851,-0.4580550789833069,-0.4912171959877014,0.017276015132665634,0.015886090695858,0.10721728950738907
1852,-0.46029186248779297,-0.47022318840026855,0.005067669786512852,0.0048636398278176785,0.10718102008104324
1853,-0.4237585663795471,-0.4377710521221161,0.007182784378528595,0.00682971952483058,0.10714492201805115
1854,-0.44672200083732605,-0.45628535747528076,0.005445015151053667,0.004118361044675112,0.1071089580655098
1855,-0.43090882897377014,-0.45302510261535645,0.01086503453552723,0.011251253075897694,0.10707308351993561
1856,-0.4689164161682129,-0.48038774728775024,0.005156220868229866,0.006315121427178383,0.10703709721565247
1857,-0.45934659242630005,-0.4697796106338501,0.005643603391945362,0.00478941947221756,0.10700102150440216
1858,-0.4368358254432678,-0.4613720178604126,0.013857183046638966,0.010679000988602638,0.10696495324373245
1859,-0.4826403558254242,-0.4984288215637207,0.008128460496664047,0.0076600005850195885,0.10692884773015976
1860,-0.440133273601532,-0.45292678475379944,0.006974004674702883,0.005819507874548435,0.10689292848110199
1861,-0.47141513228416443,-0.48457708954811096,0.006840516347438097,0.00632143672555685,0.10685697942972183
1862,-0.48815321922302246,-0.5014617443084717,0.007198720704764128,0.0061098188161849976,0.10682083666324615
1863,-0.4690681993961334,-0.4793088734149933,0.0052984245121479034,0.004942226689308882,0.10678477585315704
1864,-0.45301830768585205,-0.4820607006549835,0.01572577841579914,0.013316589407622814,0.10674867779016495
1865,-0.484140545129776,-0.504095196723938,0.010137034580111504,0.00981762446463108,0.10671241581439972
1866,-0.4908323287963867,-0.5032184720039368,0.0061089335940778255,0.006277208682149649,0.10667616873979568
1867,-0.4927881062030792,-0.5114694833755493,0.008167172782123089,0.010514236986637115,0.10663972795009613
1868,-0.47590401768684387,-0.49187541007995605,0.00846653152257204,0.007504849694669247,0.10660333186388016
1869,-0.4505820870399475,-0.4591766595840454,0.004158404655754566,0.004436161834746599,0.10656716674566269
1870,-0.4535617232322693,-0.4701521396636963,0.007565825246274471,0.009024586528539658,0.10653132200241089
1871,-0.441599577665329,-0.4516248106956482,0.00489566707983613,0.005129564553499222,0.10649564117193222
1872,-0.4544873535633087,-0.4641394019126892,0.004972599446773529,0.004679436795413494,0.10646015405654907
1873,-0.44520312547683716,-0.45271381735801697,0.004320034757256508,0.0031906720250844955,0.10642490535974503
1874,-0.4450608193874359,-0.4567330777645111,0.0064392127096652985,0.005233036354184151,0.10639002174139023
1875,-0.4627567529678345,-0.46796658635139465,0.0035346124786883593,0.0016752234660089016,0.10635512322187424
1876,-0.4828493595123291,-0.49317681789398193,0.005120237823575735,0.0052072033286094666,0.10632018744945526
1877,-0.27947449684143066,-0.5067788362503052,0.11363212764263153,0.1136721819639206,0.1062852144241333
1878,-0.42512819170951843,-0.4386398196220398,0.006876239087432623,0.006635401397943497,0.1062503233551979
1879,-0.5008914470672607,-0.508893609046936,0.004080433864146471,0.0039217243902385235,0.10621519386768341
1880,-0.4511842429637909,-0.4673067629337311,0.008977701887488365,0.0071447985246777534,0.10618007928133011
1881,-0.4906216859817505,-0.5029249787330627,0.006429726257920265,0.005873551592230797,0.10614491999149323
1882,-0.4565611481666565,-0.4652784466743469,0.004290329292416573,0.004426951520144939,0.1061098724603653
1883,-0.4931236505508423,-0.5026267766952515,0.005136724561452866,0.00436638668179512,0.10607471317052841
1884,-0.5140495896339417,-0.5255191326141357,0.007170441094785929,0.00429908512160182,0.1060393676161766
1885,-0.4790323078632355,-0.4922429919242859,0.006939499173313379,0.00627118069678545,0.10600407421588898
1886,-0.468843936920166,-0.49991631507873535,0.015530029311776161,0.015542368404567242,0.10596887767314911
1887,-0.4303871989250183,-0.44519102573394775,0.007983332499861717,0.00682050921022892,0.1059337928891182
1888,-0.4824312925338745,-0.4883112907409668,0.003583682468160987,0.00229633878916502,0.10589861124753952
1889,-0.5038731098175049,-0.5181646943092346,0.006434746086597443,0.007856818847358227,0.10586334764957428
1890,-0.5174501538276672,-0.5307950973510742,0.006799724418669939,0.006545223295688629,0.10582799464464188
1891,-0.2803739905357361,-0.48647478222846985,0.10166551172733307,0.1044352576136589,0.10579262673854828
1892,-0.4667592942714691,-0.48575353622436523,0.010451147332787514,0.008543089963495731,0.10575719177722931
1893,-0.47094008326530457,-0.4802296757698059,0.004172301851212978,0.005117308348417282,0.10572197288274765
1894,-0.42050880193710327,-0.4339008331298828,0.006028119474649429,0.007363923825323582,0.1056869700551033
1895,-0.4562067687511444,-0.46883121132850647,0.006141488440334797,0.0064829690381884575,0.10565199702978134
1896,-0.2434808611869812,-0.46641865372657776,0.1118900328874588,0.11104774475097656,0.10561719536781311
1897,-0.4554322361946106,-0.4659748673439026,0.005534846801310778,0.0050077857449650764,0.1055825725197792
1898,-0.4968058466911316,-0.5085780620574951,0.0066901277750730515,0.005082057323306799,0.10554776340723038
1899,-0.2642121911048889,-0.48454728722572327,0.11018054187297821,0.11015456914901733,0.10551289469003677
1900,-0.4963259696960449,-0.508698582649231,0.006889762356877327,0.005482845474034548,0.10547805577516556
1901,-0.5043346881866455,-0.5195479393005371,0.00798516534268856,0.0072280485183000565,0.10544320940971375
1902,-0.46040692925453186,-0.46966269612312317,0.005297382362186909,0.003958362620323896,0.1054084450006485
1903,-0.4951304793357849,-0.5011374950408936,0.002911654533818364,0.0030953658279031515,0.10537349432706833
1904,-0.4464859068393707,-0.45972079038619995,0.007279312703758478,0.0059555890038609505,0.105338454246521
1905,-0.46617862582206726,-0.4818536341190338,0.008402649313211441,0.0072723617777228355,0.10530362278223038
1906,-0.4790492057800293,-0.5117073059082031,0.01785632036626339,0.014801768586039543,0.10526856034994125
1907,-0.5166736841201782,-0.5314533114433289,0.006747724488377571,0.008031928911805153,0.10523327440023422
1908,-0.48127254843711853,-0.4946315288543701,0.0071652550250291824,0.0061937374994158745,0.10519803315401077
1909,-0.431491494178772,-0.4453994333744049,0.008707063272595406,0.005200869869440794,0.10516294836997986
1910,-0.48951005935668945,-0.5110145211219788,0.011282051913440228,0.010222407057881355,0.10512782633304596
1911,-0.45205339789390564,-0.46287575364112854,0.0063562700524926186,0.004466091748327017,0.10509277135133743
1912,-0.4991147816181183,-0.5073820352554321,0.004179593175649643,0.0040876539424061775,0.10505761951208115
1913,-0.4881412386894226,-0.5024012923240662,0.007421028800308704,0.006839027162641287,0.10502240806818008
1914,-0.4417027235031128,-0.4610555171966553,0.009849426336586475,0.009503372013568878,0.10498736053705215
1915,-0.43308207392692566,-0.4406358301639557,0.004300769418478012,0.003252993803471327,0.10495239496231079
1916,-0.46894073486328125,-0.4800361692905426,0.006741286721080542,0.0043541486375033855,0.10491742193698883
1917,-0.47143152356147766,-0.4909074306488037,0.01104203425347805,0.008433884009718895,0.10488248616456985
1918,-0.4307630658149719,-0.44156667590141296,0.005395102314651012,0.005408501252532005,0.10484768450260162
1919,-0.47034886479377747,-0.48403286933898926,0.006578163243830204,0.007105828262865543,0.10481303930282593
1920,-0.4319320321083069,-0.454692542552948,0.012485786341130733,0.010274733416736126,0.10477843880653381
1921,-0.5071507096290588,-0.518496036529541,0.005907632876187563,0.00543768098577857,0.10474366694688797
1922,-0.47278711199760437,-0.4859381914138794,0.007288141176104546,0.005862941965460777,0.1047089621424675
1923,-0.5024498105049133,-0.5192745327949524,0.008624725043773651,0.008200005628168583,0.1046740934252739
1924,-0.48487815260887146,-0.5033918023109436,0.010316241532564163,0.008197395130991936,0.10463918000459671
1925,-0.48950058221817017,-0.4996347427368164,0.006031415890902281,0.004102726001292467,0.10460401326417923
1926,-0.47125399112701416,-0.49203160405158997,0.010663587599992752,0.010114013217389584,0.10456883162260056
1927,-0.48534008860588074,-0.4973936676979065,0.005480858962982893,0.006572724785655737,0.10453358292579651
1928,-0.46183669567108154,-0.4712924361228943,0.005164832808077335,0.004290900193154812,0.10449844598770142
1929,-0.4797641634941101,-0.4938809275627136,0.007091674488037825,0.007025078404694796,0.10446332395076752
1930,-0.44733723998069763,-0.45941412448883057,0.0068609630689024925,0.005215901881456375,0.10442846268415451
1931,-0.4852248430252075,-0.4960779547691345,0.006070570554584265,0.004782516043633223,0.10439366102218628
1932,-0.46166524291038513,-0.48201748728752136,0.012521310709416866,0.007830960676074028,0.10435889661312103
1933,-0.4571872353553772,-0.47186559438705444,0.008168674074113369,0.006509688682854176,0.10432421416044235
1934,-0.4817764163017273,-0.49132317304611206,0.004427697043865919,0.0051190503872931,0.10428959876298904
1935,-0.5070080161094666,-0.5202887058258057,0.0069294339045882225,0.006351211108267307,0.10425491631031036
1936,-0.5222816467285156,-0.532982349395752,0.005581988021731377,0.005118709057569504,0.10422009974718094
1937,-0.5301694869995117,-0.5420972108840942,0.007534601725637913,0.0043931021355092525,0.10418509691953659
1938,-0.4618043899536133,-0.4780167043209076,0.008094226010143757,0.008118084631860256,0.10415022820234299
1939,-0.493551105260849,-0.5050806403160095,0.006605915725231171,0.004923609551042318,0.10411517322063446
1940,-0.5116375088691711,-0.5250676274299622,0.006942393258213997,0.006487755104899406,0.10408010333776474
1941,-0.4725962281227112,-0.4828801453113556,0.0047558946534991264,0.005528040695935488,0.10404527187347412
1942,-0.47825488448143005,-0.48836684226989746,0.004267632961273193,0.005844335537403822,0.10401056706905365
1943,-0.48584890365600586,-0.4968056082725525,0.005257409997284412,0.005699298344552517,0.10397588461637497
1944,-0.4144265949726105,-0.4326881766319275,0.010098080150783062,0.008163521066308022,0.1039414331316948
1945,-0.4608768820762634,-0.49286526441574097,0.017705582082271576,0.014282780699431896,0.10390711575746536
1946,-0.4814564883708954,-0.48933589458465576,0.0033409884199500084,0.00453841220587492,0.10387283563613892
1947,-0.2856213450431824,-0.49387601017951965,0.10372892022132874,0.10452573746442795,0.10383861511945724
1948,-0.24558094143867493,-0.4498191475868225,0.10147421061992645,0.10276397317647934,0.10380470007658005
1949,-0.5296111702919006,-0.5387235283851624,0.004364716820418835,0.004747600760310888,0.1037706807255745
1950,-0.482384592294693,-0.5134854912757874,0.016556773334741592,0.014544130302965641,0.10373678803443909
1951,-0.484436571598053,-0.4950035512447357,0.005506050772964954,0.005060946568846703,0.1037028580904007
1952,-0.46127259731292725,-0.4856061637401581,0.013541308231651783,0.010792258195579052,0.10366886854171753
1953,-0.5010177493095398,-0.5128925442695618,0.006762310862541199,0.005112458020448685,0.10363464057445526
1954,-0.49972769618034363,-0.5091943740844727,0.005472226999700069,0.003994435537606478,0.10360037535429001
1955,-0.5113862752914429,-0.5320643782615662,0.011436093598604202,0.009241990745067596,0.10356607288122177
1956,-0.4990271031856537,-0.5072349309921265,0.004959801211953163,0.0032480100635439157,0.10353158414363861
1957,-0.2823358476161957,-0.48554226756095886,0.10211002826690674,0.10109639912843704,0.1034972295165062
1958,-0.5174441337585449,-0.5276280641555786,0.005085858982056379,0.005098048131912947,0.10346288979053497
1959,-0.5246856212615967,-0.5359703302383423,0.005816844291985035,0.005467895418405533,0.10342850536108017
1960,-0.4789603054523468,-0.49140334129333496,0.0065667591989040375,0.005876271985471249,0.10339409112930298
1961,-0.46253466606140137,-0.4714462161064148,0.004584591835737228,0.004326956812292337,0.10335980355739594
1962,-0.4886585474014282,-0.502836287021637,0.00766593124717474,0.00651182048022747,0.10332543402910233
1963,-0.4691159725189209,-0.4869590997695923,0.00847538374364376,0.009367719292640686,0.1032911017537117
1964,-0.4462431073188782,-0.45356276631355286,0.0036241039633750916,0.0036955333780497313,0.10325689613819122
1965,-0.4885285794734955,-0.5005041360855103,0.006730701774358749,0.005244838539510965,0.1032225638628006
1966,-0.5008631944656372,-0.5165554285049438,0.007201691623777151,0.008490592241287231,0.10318811237812042
1967,-0.529396653175354,-0.5428318381309509,0.006247851066291332,0.007187316194176674,0.10315367579460144
1968,-0.42818567156791687,-0.4472770690917969,0.01097018737345934,0.00812122505158186,0.1031193733215332
1969,-0.5017582178115845,-0.512623131275177,0.0056953998282551765,0.005169481039047241,0.10308516025543213
1970,-0.4949835240840912,-0.5121729969978333,0.009961453266441822,0.00722805829718709,0.10305090248584747
1971,-0.47336718440055847,-0.4857771098613739,0.006335126236081123,0.006074783392250538,0.10301675647497177
1972,-0.493835985660553,-0.5063292384147644,0.007188428193330765,0.005304822698235512,0.1029825508594513
1973,-0.47681593894958496,-0.48923370242118835,0.0072122011333703995,0.005205570720136166,0.10294833034276962
1974,-0.4904877543449402,-0.5042338967323303,0.007608125917613506,0.0061380378901958466,0.1029139906167984
1975,-0.500924825668335,-0.5062842965126038,0.003176261205226183,0.002183216391131282,0.102879598736763
1976,-0.5013636350631714,-0.5123927593231201,0.005464658606797457,0.005564468447118998,0.10284526646137238
1977,-0.508366048336029,-0.5177052021026611,0.004966498352587223,0.004372648429125547,0.1028110682964325
1978,-0.5015515089035034,-0.514691948890686,0.0073610213585197926,0.005779451224952936,0.10277687758207321
1979,-0.5187261700630188,-0.5277097821235657,0.00488020945340395,0.0041033984161913395,0.10274264961481094
1980,-0.5246855616569519,-0.5333638787269592,0.0053348420187830925,0.0033434610813856125,0.10270826518535614
1981,-0.30152198672294617,-0.499457448720932,0.10318426787853241,0.09475120157003403,0.10267391055822372
1982,-0.47086432576179504,-0.49154865741729736,0.011165473610162735,0.009518875740468502,0.10263964533805847
1983,-0.46054723858833313,-0.4711261987686157,0.00535160955041647,0.005227363668382168,0.10260554403066635
1984,-0.5151655077934265,-0.5264366269111633,0.005293453577905893,0.005977699067443609,0.10257147252559662
1985,-0.4837132692337036,-0.49201303720474243,0.004264808725565672,0.004034951329231262,0.1025373637676239
1986,-0.4951348602771759,-0.5039570331573486,0.004435424227267504,0.004386742599308491,0.10250338912010193
1987,-0.4976179599761963,-0.5099701881408691,0.006268157623708248,0.006084089633077383,0.10246934741735458
1988,-0.48131445050239563,-0.499907910823822,0.011530211195349693,0.007063246797770262,0.10243532061576843
1989,-0.5345659255981445,-0.5468375086784363,0.006016318220645189,0.0062552560120821,0.10240115970373154
1990,-0.5083749890327454,-0.5221989154815674,0.007468477822840214,0.0063554514199495316,0.10236691683530807
1991,-0.5121899247169495,-0.5377810597419739,0.0134951863437891,0.012095905840396881,0.10233260691165924
1992,-0.5126904845237732,-0.5211060643196106,0.00524964090436697,0.003165977541357279,0.102298304438591
1993,-0.47002288699150085,-0.5001988410949707,0.01586855575442314,0.014307414181530476,0.10226424038410187
1994,-0.2702098488807678,-0.4818909168243408,0.10497007519006729,0.1067110002040863,0.10223039984703064
1995,-0.5086444020271301,-0.5195621252059937,0.00564249511808157,0.005275225266814232,0.10219647735357285
1996,-0.5102986693382263,-0.5199307203292847,0.004622593522071838,0.005009495187550783,0.10216254740953445
1997,-0.46328866481781006,-0.47045832872390747,0.004151065368205309,0.003018601331859827,0.10212881863117218
1998,-0.5292771458625793,-0.5427570343017578,0.007047969847917557,0.006431933492422104,0.10209521651268005
1999,-0.5004965662956238,-0.5137421488761902,0.0065677715465426445,0.00667782686650753,0.10206162929534912
2000,-0.5021364092826843,-0.51278156042099,0.005154476035386324,0.005490642972290516,0.10202815383672714
2001,-0.48178577423095703,-0.496379554271698,0.008678080514073372,0.005915708374232054,0.10199461877346039
2002,-0.4584253132343292,-0.47342583537101746,0.007384635508060455,0.007615888491272926,0.10196123272180557
2003,-0.48398730158805847,-0.49372363090515137,0.004638999700546265,0.0050973426550626755,0.10192781686782837
2004,-0.555814266204834,-0.5675027370452881,0.006202001124620438,0.00548651535063982,0.10189401358366013
2005,-0.4632563889026642,-0.4869949519634247,0.011942104436457157,0.011796442791819572,0.10186044871807098
2006,-0.49290749430656433,-0.5060651302337646,0.006883634719997644,0.00627402076497674,0.10182704031467438
2007,-0.5040280818939209,-0.5118366479873657,0.004685298074036837,0.003123311558738351,0.10179358720779419
2008,-0.4777003526687622,-0.4855351150035858,0.004733364097774029,0.003101410809904337,0.10176020115613937
2009,-0.4925137758255005,-0.5058274269104004,0.007053932640701532,0.0062596965581178665,0.10172682255506516
2010,-0.5184780955314636,-0.5251732468605042,0.0036934399977326393,0.0030016882810741663,0.10169318318367004
2011,-0.5309576988220215,-0.5420677065849304,0.005943925119936466,0.005166065879166126,0.10165956616401672
2012,-0.5086719393730164,-0.5198155045509338,0.006725876592099667,0.0044177076779305935,0.10162602365016937
2013,-0.47240373492240906,-0.48427727818489075,0.006700863596051931,0.005172674544155598,0.10159257054328918
2014,-0.48971831798553467,-0.505427360534668,0.007684523239731789,0.008024515584111214,0.10155922174453735
2015,-0.49852320551872253,-0.5119509100914001,0.00746217742562294,0.0059655094519257545,0.1015259325504303
2016,-0.49407345056533813,-0.5044122338294983,0.00578170083463192,0.0045570749789476395,0.10149262845516205
2017,-0.5029821395874023,-0.5193891525268555,0.009512610733509064,0.006894383113831282,0.10145933926105499
2018,-0.5177790522575378,-0.5262033343315125,0.0032122174743562937,0.00521205086261034,0.10142596065998077
2019,-0.503363311290741,-0.5216881632804871,0.00899016484618187,0.009334711357951164,0.10139255225658417
2020,-0.5250089764595032,-0.5375134944915771,0.006642323452979326,0.005862184800207615,0.1013590469956398
2021,-0.5133364796638489,-0.528988242149353,0.007979531772434711,0.0076722558587789536,0.10132548958063126
2022,-0.5094658136367798,-0.518916130065918,0.004551447927951813,0.004898867104202509,0.10129179805517197
2023,-0.334990531206131,-0.5535798072814941,0.10918460041284561,0.10940469056367874,0.10125808417797089
2024,-0.4931284487247467,-0.5033175349235535,0.005285772029310465,0.004903322085738182,0.10122448951005936
2025,-0.5031003355979919,-0.5130825042724609,0.0051034605130553246,0.0048787095583975315,0.10119090229272842
2026,-0.48646754026412964,-0.49878746271133423,0.006758132018148899,0.005561787635087967,0.10115739703178406
2027,-0.34358033537864685,-0.5251279473304749,0.09379376471042633,0.08775386214256287,0.1011238768696785
2028,-0.5247727632522583,-0.5350626111030579,0.005138591397553682,0.0051512583158910275,0.1010904386639595
2029,-0.4758785367012024,-0.4924204647541046,0.009940188378095627,0.006601740140467882,0.1010570153594017
2030,-0.46810707449913025,-0.4899670481681824,0.011264939792454243,0.010595019906759262,0.10102377086877823
2031,-0.5066207051277161,-0.5248335003852844,0.009670133702456951,0.008542632684111595,0.10099061578512192
2032,-0.5029861330986023,-0.5157532095909119,0.006585658993571997,0.006181393284350634,0.10095743834972382
2033,-0.5103203654289246,-0.5229189395904541,0.005972228944301605,0.006626383867114782,0.10092422366142273
2034,-0.5058065056800842,-0.5186280608177185,0.0076186140067875385,0.005202959291636944,0.10089090466499329
2035,-0.4920475482940674,-0.5018830895423889,0.00500564556568861,0.004829871468245983,0.10085766762495041
2036,-0.49003803730010986,-0.5074114799499512,0.008968109264969826,0.008405337110161781,0.10082456469535828
2037,-0.32112717628479004,-0.5374971628189087,0.10784567892551422,0.10852431505918503,0.10079141706228256
2038,-0.5143904685974121,-0.5245224237442017,0.005158726591616869,0.0049732401967048645,0.10075826197862625
2039,-0.4968266785144806,-0.514768660068512,0.010208360850811005,0.007733615580946207,0.10072516649961472
2040,-0.5131277441978455,-0.5234912633895874,0.0065534766763448715,0.003810053924098611,0.10069198161363602
2041,-0.504326343536377,-0.5117765069007874,0.004262997303158045,0.003187154419720173,0.1006588339805603
2042,-0.5190350413322449,-0.5293787121772766,0.006757499650120735,0.0035861553624272346,0.1006256490945816
2043,-0.3079310953617096,-0.5016250014305115,0.09659957140684128,0.09709431976079941,0.10059264302253723
2044,-0.486129492521286,-0.5059157013893127,0.011019553057849407,0.008766654878854752,0.10055964440107346
2045,-0.5325554609298706,-0.5398865938186646,0.0038183643482625484,0.003512747585773468,0.10052668303251266
2046,-0.4984961450099945,-0.5133780837059021,0.007882989943027496,0.006998916156589985,0.10049359500408173
2047,-0.5212668180465698,-0.5326462388038635,0.006887373514473438,0.004492058418691158,0.10046036541461945
2048,-0.5010042190551758,-0.5085239410400391,0.004375712014734745,0.003144046990200877,0.10042722523212433
2049,-0.5225429534912109,-0.5340611934661865,0.00612998753786087,0.005388278514146805,0.1003941148519516
2050,-0.5227640271186829,-0.5312613844871521,0.005141099914908409,0.003356297267600894,0.1003609225153923
2051,-0.5342774391174316,-0.5496152639389038,0.009060700424015522,0.00627715140581131,0.10032754391431808
2052,-0.4934729039669037,-0.5033980011940002,0.005014503840357065,0.004910595715045929,0.10029427707195282
2053,-0.49175140261650085,-0.5012937784194946,0.006070162169635296,0.00347222201526165,0.10026097297668457
2054,-0.47715452313423157,-0.48728710412979126,0.0050847502425313,0.00504781911149621,0.10022780299186707
2055,-0.5208207368850708,-0.528542160987854,0.004462841898202896,0.0032585682347416878,0.10019468516111374
2056,-0.5440605878829956,-0.5562207698822021,0.006219218019396067,0.005940956063568592,0.1001616045832634
2057,-0.5135833024978638,-0.5277383923530579,0.007316106930375099,0.006838984787464142,0.10012837499380112
2058,-0.525719165802002,-0.5363786220550537,0.0063555589877069,0.00430384511128068,0.10009510070085526
2059,-0.490235835313797,-0.5156245827674866,0.014460006728768349,0.010928724892437458,0.10006176680326462
2060,-0.5171987414360046,-0.5277339220046997,0.0060165440663695335,0.004518653731793165,0.10002847015857697
2061,-0.5615148544311523,-0.5672947764396667,0.0032139259856194258,0.002565978094935417,0.0999952033162117
2062,-0.47618934512138367,-0.48917850852012634,0.007193943951278925,0.005795201752334833,0.09996207058429718
2063,-0.55032879114151,-0.5637133717536926,0.007736890111118555,0.005647718906402588,0.09992880374193192
2064,-0.48388513922691345,-0.49968552589416504,0.00822417251765728,0.007576214615255594,0.09989562630653381
2065,-0.5218139290809631,-0.5373138785362244,0.008227651007473469,0.0072723207995295525,0.09986242651939392
2066,-0.3095698058605194,-0.5418761968612671,0.11840423941612244,0.11390215903520584,0.09982924163341522
2067,-0.5011207461357117,-0.5105510354042053,0.0038762870244681835,0.005554000847041607,0.0997963547706604
2068,-0.5274717807769775,-0.5350441932678223,0.0037423777393996716,0.003830009140074253,0.09976345300674438
2069,-0.29940927028656006,-0.5250610709190369,0.11683637648820877,0.10881542414426804,0.09973018616437912
2070,-0.5112214088439941,-0.5214472413063049,0.00493489857763052,0.005290929228067398,0.099697045981884
2071,-0.48391661047935486,-0.49606794118881226,0.006661197170615196,0.005490136798471212,0.09966398775577545
2072,-0.5351249575614929,-0.5456317067146301,0.005378130357712507,0.005128609482198954,0.0996309146285057
2073,-0.48572391271591187,-0.49523043632507324,0.0048686848022043705,0.004637847654521465,0.09959781169891357
2074,-0.5289762020111084,-0.5423622131347656,0.005856479983776808,0.007529539987444878,0.09956468641757965
2075,-0.512154221534729,-0.5236889123916626,0.005677365232259035,0.005857351701706648,0.09953183680772781
2076,-0.5189418792724609,-0.5318835973739624,0.005815411452203989,0.007126311771571636,0.09949912130832672
2077,-0.4860736131668091,-0.4958314299583435,0.0053102304227650166,0.004447574261575937,0.09946645796298981
2078,-0.5286410450935364,-0.5409392714500427,0.005788473412394524,0.006509784609079361,0.09943380951881409
2079,-0.4851137697696686,-0.5137489438056946,0.014512717723846436,0.014122470282018185,0.09940114617347717
2080,-0.5424631834030151,-0.5565990805625916,0.00786646455526352,0.006269433535635471,0.09936830401420593
2081,-0.529291033744812,-0.5472972989082336,0.009362523443996906,0.00864376500248909,0.09933559596538544
2082,-0.3249341547489166,-0.5276657342910767,0.1017756536602974,0.10095592588186264,0.09930294007062912
2083,-0.5575886368751526,-0.5753235220909119,0.009080280549824238,0.008654601871967316,0.099270299077034
2084,-0.2643011808395386,-0.49371176958084106,0.11499832570552826,0.11441224813461304,0.09923778474330902
2085,-0.4917258620262146,-0.5164414048194885,0.012905794195830822,0.011809774674475193,0.09920535236597061
2086,-0.31784144043922424,-0.5163275003433228,0.10156164318323135,0.09692441672086716,0.09917294979095459
2087,-0.5529485940933228,-0.5613905191421509,0.004565723240375519,0.003876182483509183,0.09914049506187439
2088,-0.24548634886741638,-0.4787089228630066,0.11993911862373352,0.11328344792127609,0.09910811483860016
2089,-0.5533692836761475,-0.5651693940162659,0.005748208612203598,0.006051913369446993,0.09907586872577667
2090,-0.489406943321228,-0.5145812034606934,0.013694524765014648,0.01147974468767643,0.09904363006353378
2091,-0.5337119698524475,-0.5438859462738037,0.005721681751310825,0.0044522895477712154,0.09901130944490433
2092,-0.4920371472835541,-0.5116630792617798,0.009581792168319225,0.010044124908745289,0.09897911548614502
2093,-0.508188784122467,-0.5169341564178467,0.00478006899356842,0.003965306095778942,0.09894680976867676
2094,-0.5298147201538086,-0.5439741611480713,0.007185718044638634,0.006973715964704752,0.09891442954540253
2095,-0.5137549042701721,-0.5317152738571167,0.010281067341566086,0.007679312024265528,0.09888210147619247
2096,-0.4963471591472626,-0.5078327655792236,0.006298741325736046,0.00518687954172492,0.09884985536336899
2097,-0.47709789872169495,-0.48783183097839355,0.006058093160390854,0.00467584328725934,0.09881773591041565
2098,-0.562506914138794,-0.5722235441207886,0.005463056266307831,0.004253560211509466,0.09878534823656082
2099,-0.5347686409950256,-0.5506352782249451,0.009715516120195389,0.006151133682578802,0.09875292330980301
2100,-0.5476915836334229,-0.5605846047401428,0.007031003013253212,0.005861969199031591,0.09872036427259445
2101,-0.5312186479568481,-0.5414659380912781,0.004581058397889137,0.005666249431669712,0.09868793934583664
2102,-0.5147858262062073,-0.5240770578384399,0.005442166700959206,0.0038490835577249527,0.09865542501211166
2103,-0.5281773805618286,-0.5610070824623108,0.01738937757909298,0.015440328978002071,0.09862285107374191
2104,-0.4894890785217285,-0.5091032981872559,0.010167023167014122,0.009447174146771431,0.09859026968479156
2105,-0.5006718039512634,-0.5160071849822998,0.009297696873545647,0.006037705112248659,0.09855765104293823
2106,-0.5198363065719604,-0.531237006187439,0.006450347136706114,0.004950353410094976,0.09852512925863266
2107,-0.5418002009391785,-0.5671327114105225,0.013458462432026863,0.011874032206833363,0.0984925776720047
2108,-0.5619344115257263,-0.5719849467277527,0.0047946530394256115,0.0052558667957782745,0.09846004098653793
2109,-0.5370199680328369,-0.5516376495361328,0.007878804579377174,0.0067389123141765594,0.09842745959758759
2110,-0.5080650448799133,-0.5132194757461548,0.00358052970841527,0.0015739283990114927,0.09839487075805664
2111,-0.5570079684257507,-0.5663474798202515,0.004781764000654221,0.0045577348209917545,0.09836234152317047
2112,-0.506071925163269,-0.5130385160446167,0.0029554853681474924,0.004011120181530714,0.09832990914583206
2113,-0.5366950035095215,-0.5497779846191406,0.007502546533942223,0.005580438766628504,0.09829749166965485
2114,-0.5574204325675964,-0.5698116421699524,0.00618597399443388,0.006205253768712282,0.09826508909463882
2115,-0.4927164912223816,-0.5275602340698242,0.01655765250325203,0.01828611269593239,0.09823271632194519
2116,-0.5562072396278381,-0.5665087103843689,0.0051771411672234535,0.005124345887452364,0.09820042550563812
2117,-0.485868901014328,-0.49485868215560913,0.0043380046263337135,0.0046517979353666306,0.09816832840442657
2118,-0.5279428958892822,-0.5371281504631042,0.004813439212739468,0.004371822811663151,0.09813624620437622
2119,-0.517427921295166,-0.5365579724311829,0.00990302488207817,0.009227023459970951,0.09810429066419601
2120,-0.3125130832195282,-0.5168593525886536,0.10332183539867401,0.10102441906929016,0.0980723425745964
2121,-0.4849567711353302,-0.49835288524627686,0.00771141005679965,0.005684689152985811,0.09804043173789978
2122,-0.5534127354621887,-0.5668492317199707,0.007646902464330196,0.005789603106677532,0.09800831973552704
2123,-0.5210795402526855,-0.5351664423942566,0.00739374989643693,0.0066931359469890594,0.09797628968954086
2124,-0.5383431911468506,-0.551190197467804,0.006564968265593052,0.00628201337531209,0.09794420003890991
2125,-0.5156145095825195,-0.5298088788986206,0.006182447541505098,0.008011952042579651,0.09791219234466553
2126,-0.49486470222473145,-0.5254892110824585,0.016494911164045334,0.014129582792520523,0.09788040071725845
2127,-0.5631434917449951,-0.5679541230201721,0.0028625349514186382,0.0019480992341414094,0.09784846007823944
2128,-0.5647453665733337,-0.5715941786766052,0.00437475461512804,0.0024740847293287516,0.09781652688980103
2129,-0.5065755844116211,-0.522370457649231,0.008015740662813187,0.007779127452522516,0.09778467565774918
2130,-0.48849645256996155,-0.501679539680481,0.007248677778989077,0.005934416316449642,0.09775301814079285
2131,-0.5422235727310181,-0.56233811378479,0.010548957623541355,0.009565611369907856,0.09772118926048279
2132,-0.542486846446991,-0.5494734644889832,0.0036399508826434612,0.003346709068864584,0.09768934547901154
2133,-0.5224817991256714,-0.5401818752288818,0.010160019621253014,0.007540029939264059,0.09765758365392685
2134,-0.5035321116447449,-0.5114829540252686,0.004159393720328808,0.003791440511122346,0.09762591868638992
2135,-0.549304187297821,-0.5584124326705933,0.0048328787088394165,0.00427535455673933,0.09759420156478882
2136,-0.5195783972740173,-0.529437780380249,0.005259450990706682,0.004599929321557283,0.09756244719028473
2137,-0.56666100025177,-0.5754411220550537,0.004469577223062515,0.004310524556785822,0.09753067791461945
2138,-0.4912731647491455,-0.5108861327171326,0.010156266391277313,0.009456691332161427,0.09749893844127655
2139,-0.5307677984237671,-0.5468646287918091,0.008472852408885956,0.007623948156833649,0.09746721386909485
2140,-0.5398644208908081,-0.5613284707069397,0.010197097435593605,0.01126695517450571,0.09743552654981613
2141,-0.31964248418807983,-0.52898770570755,0.10456264764070511,0.1047825887799263,0.09740402549505234
2142,-0.5134973526000977,-0.5205984711647034,0.003046782687306404,0.004054286517202854,0.09737251698970795
2143,-0.5331034064292908,-0.5437350869178772,0.0056375982239842415,0.004994101356714964,0.09734094887971878
2144,-0.3188685178756714,-0.5225220918655396,0.10529235750436783,0.09836120903491974,0.09730953723192215
2145,-0.5420733094215393,-0.5480824112892151,0.0038162723649293184,0.0021928271744400263,0.09727812558412552
2146,-0.5568390488624573,-0.5741947889328003,0.009193201549351215,0.008162532933056355,0.09724672883749008
2147,-0.5319628119468689,-0.5425520539283752,0.006292687729001045,0.004296533763408661,0.09721531718969345
2148,-0.5280801057815552,-0.5677653551101685,0.020458510145545006,0.01922673173248768,0.09718393534421921
2149,-0.5649406313896179,-0.5773019790649414,0.005795019678771496,0.006566350813955069,0.09715241193771362
2150,-0.525852620601654,-0.5419803261756897,0.009456834755837917,0.0066709150560200214,0.09712079912424088
2151,-0.5517778992652893,-0.5669429898262024,0.007675867527723312,0.007489197887480259,0.09708928316831589
2152,-0.5167299509048462,-0.5430856347084045,0.013403549790382385,0.012952125631272793,0.09705781191587448
2153,-0.5767807364463806,-0.5859951972961426,0.0035109755117446184,0.0057035088539123535,0.0970262959599495
2154,-0.518940806388855,-0.5277513265609741,0.005229420028626919,0.0035811238922178745,0.09699481725692749
2155,-0.5061251521110535,-0.5154470205307007,0.004174863453954458,0.005146994721144438,0.09696333110332489
2156,-0.48675963282585144,-0.5083150267601013,0.010363463312387466,0.011191933415830135,0.09693188965320587
2157,-0.514447808265686,-0.5234795212745667,0.0054231733083724976,0.003608502447605133,0.09690041840076447
2158,-0.5433503985404968,-0.5578519105911255,0.00729512982070446,0.007206365931779146,0.09686898440122604
2159,-0.5623940825462341,-0.5719559192657471,0.004997181706130505,0.004564649425446987,0.09683753550052643
2160,-0.5106810331344604,-0.5261092782020569,0.008738447912037373,0.0066898055374622345,0.09680620580911636
2161,-0.5396946668624878,-0.5475526452064514,0.004551151301711798,0.003306814469397068,0.09677491337060928
2162,-0.4806221127510071,-0.49777406454086304,0.010074068792164326,0.007077858783304691,0.09674370288848877
2163,-0.5526318550109863,-0.56087327003479,0.004738819785416126,0.0035026089753955603,0.09671249985694885
2164,-0.5539515018463135,-0.55886310338974,0.002300902036949992,0.0026106967125087976,0.09668133407831192
2165,-0.500426709651947,-0.5125683546066284,0.005626365542411804,0.0065152705647051334,0.09665028750896454
2166,-0.5533920526504517,-0.5593096613883972,0.003115452593192458,0.002802155679091811,0.09661915898323059
2167,-0.5706520676612854,-0.5794835090637207,0.0058041708543896675,0.0030272617004811764,0.09658785909414291
2168,-0.513810932636261,-0.5275775194168091,0.007711418438702822,0.0060551962815225124,0.09655679762363434
2169,-0.5485596060752869,-0.556724488735199,0.004672714043408632,0.0034921925980597734,0.09652560949325562
2170,-0.5422143340110779,-0.5597882866859436,0.008140983991324902,0.009432944469153881,0.09649429470300674
2171,-0.534152090549469,-0.5456376671791077,0.005271749570965767,0.006213871296495199,0.09646303206682205
2172,-0.4944469928741455,-0.5040013194084167,0.0056070624850690365,0.003947272431105375,0.09643178433179855
2173,-0.5184940099716187,-0.536615252494812,0.011903446167707443,0.006217771675437689,0.09640061855316162
2174,-0.5531105399131775,-0.5669344067573547,0.00716819241642952,0.006655715871602297,0.09636929631233215
2175,-0.333772212266922,-0.5386348366737366,0.10344366729259491,0.10141893476247787,0.09633800387382507
2176,-0.5029039978981018,-0.510810911655426,0.004811274353414774,0.0030956135597079992,0.09630697965621948
2177,-0.4874359667301178,-0.5383856892585754,0.02915426716208458,0.021795473992824554,0.09627589583396912
2178,-0.5408858060836792,-0.548851728439331,0.004163032863289118,0.003802881808951497,0.09624488651752472
2179,-0.5290558338165283,-0.5375072956085205,0.004126465413719416,0.0043249474838376045,0.09621386975049973
2180,-0.5125458836555481,-0.5269250869750977,0.007523697800934315,0.00685548409819603,0.09618288278579712
2181,-0.5429144501686096,-0.5530495047569275,0.00468591321259737,0.005449093412607908,0.0961519107222557
2182,-0.5411849617958069,-0.5522729158401489,0.00577771058306098,0.0053102090023458,0.09612114727497101
2183,-0.5238880515098572,-0.5373881459236145,0.006674253847450018,0.006825844757258892,0.09609037637710571
2184,-0.5154910087585449,-0.5282638072967529,0.00637510372325778,0.006397709716111422,0.09605959057807922
2185,-0.5319458246231079,-0.5496913194656372,0.009613968431949615,0.00813153013586998,0.09602855890989304
2186,-0.5200887322425842,-0.5430139303207397,0.011900866404175758,0.011024348437786102,0.09599759429693222
2187,-0.5515555143356323,-0.5645866394042969,0.007354326080530882,0.005676827859133482,0.09596658498048782
2188,-0.5186238288879395,-0.5332818031311035,0.00820290856063366,0.0064550829119980335,0.09593560546636581
2189,-0.5773155689239502,-0.5847969651222229,0.003749878378584981,0.003731484990566969,0.09590457379817963
2190,-0.5421221256256104,-0.586902379989624,0.02281516045331955,0.021965088322758675,0.09587325155735016
2191,-0.5551483035087585,-0.5643644332885742,0.0039474680088460445,0.005268611013889313,0.09584203362464905
2192,-0.5439210534095764,-0.5539413690567017,0.00674852728843689,0.0032717448193579912,0.09581077843904495
2193,-0.5781513452529907,-0.5883108377456665,0.005556793883442879,0.004602689761668444,0.09577935189008713
2194,-0.5340023040771484,-0.544798731803894,0.005398265086114407,0.005398162174969912,0.09574809670448303
2195,-0.5545182228088379,-0.5673958659172058,0.00729749072343111,0.0055801114067435265,0.09571667015552521
2196,-0.34366294741630554,-0.5719529986381531,0.11459899693727493,0.1136910691857338,0.09568525105714798
2197,-0.5177540183067322,-0.5270164608955383,0.004351441748440266,0.004911032039672136,0.09565392881631851
2198,-0.5510184168815613,-0.5678750276565552,0.009048140607774258,0.007808445952832699,0.09562257677316666
2199,-0.5485612154006958,-0.5581958293914795,0.004488859325647354,0.00514570577070117,0.09559128433465958
2200,-0.5214813947677612,-0.5347551107406616,0.007606402970850468,0.005667316727340221,0.09556020051240921
2201,-0.510926365852356,-0.5209710597991943,0.004527924582362175,0.005516767036169767,0.0955292209982872
2202,-0.5178875923156738,-0.5324902534484863,0.007897410541772842,0.006705214269459248,0.09549827128648758
2203,-0.567334771156311,-0.5763298273086548,0.0048328605480492115,0.004162218887358904,0.09546724706888199
2204,-0.5673773288726807,-0.5762233138084412,0.004779917653650045,0.004066052380949259,0.09543602168560028
2205,-0.5394588708877563,-0.5533970594406128,0.007101267576217651,0.0068368748761713505,0.09540478885173798
2206,-0.5679869055747986,-0.5766491889953613,0.004725705366581678,0.003936560358852148,0.09537344425916672
2207,-0.5710822343826294,-0.5940256714820862,0.012897993437945843,0.010045451112091541,0.09534198045730591
2208,-0.5747340321540833,-0.586429238319397,0.007411738857626915,0.004283516202121973,0.0953105241060257
2209,-0.5527387857437134,-0.5632995963096619,0.00433745700865984,0.006223367061465979,0.09527910500764847
2210,-0.5417212247848511,-0.5517762303352356,0.006179279647767544,0.003875723108649254,0.09524758160114288
2211,-0.5131792426109314,-0.5254873633384705,0.007008647546172142,0.005299436394125223,0.09521613270044327
2212,-0.5310887694358826,-0.5424438118934631,0.005717520602047443,0.005637536756694317,0.09518483281135559
2213,-0.5502501726150513,-0.5661816596984863,0.009394808672368526,0.006536676082760096,0.0951535627245903
2214,-0.54322350025177,-0.5585877895355225,0.007012590300291777,0.00835165474563837,0.09512249380350113
2215,-0.333095520734787,-0.5286802649497986,0.09972750395536423,0.09585724025964737,0.0950915589928627
2216,-0.5762637257575989,-0.5924747586250305,0.007859492674469948,0.008351549506187439,0.09506061673164368
2217,-0.551913321018219,-0.5621383190155029,0.006387897301465273,0.0038371318951249123,0.09502966701984406
2218,-0.34434109926223755,-0.5539936423301697,0.10386504232883453,0.10578751564025879,0.09499876946210861
2219,-0.5700317621231079,-0.580469012260437,0.0058466410264372826,0.004590630065649748,0.0949678122997284
2220,-0.544856071472168,-0.5537526607513428,0.0047962721437215805,0.004100294318050146,0.09493681788444519
2221,-0.5129812955856323,-0.526413083076477,0.0066263205371797085,0.006805471144616604,0.09490588307380676
2222,-0.5878318548202515,-0.5948299765586853,0.004091235343366861,0.0029068742878735065,0.09487491101026535
2223,-0.530015230178833,-0.5376213192939758,0.0038793236017227173,0.0037267596926540136,0.09484387934207916
2224,-0.5562686920166016,-0.5659540891647339,0.004998487886041403,0.004686899483203888,0.09481290727853775
2225,-0.5361374020576477,-0.558100700378418,0.012325379997491837,0.009637914597988129,0.09478196501731873
2226,-0.5389541983604431,-0.5466591715812683,0.004275962244719267,0.0034290116745978594,0.09475114941596985
2227,-0.5218157768249512,-0.5398058295249939,0.009629315696656704,0.008360772393643856,0.09472034126520157
2228,-0.49688631296157837,-0.5084518790245056,0.006372532807290554,0.005193055607378483,0.09468960762023926
2229,-0.49924615025520325,-0.5090282559394836,0.004893612116575241,0.004888494964689016,0.09465904533863068
2230,-0.5595036149024963,-0.5752322673797607,0.008533484302461147,0.00719519704580307,0.09462842345237732
2231,-0.5340190529823303,-0.5441626310348511,0.0048564462922513485,0.005287109408527613,0.09459781646728516
2232,-0.5638503432273865,-0.5720809698104858,0.004152426961809397,0.004078230354934931,0.09456705302000046
2233,-0.5476541519165039,-0.5619582533836365,0.006820362526923418,0.007483727764338255,0.09453632682561874
2234,-0.5497430562973022,-0.5596241354942322,0.006115824915468693,0.003765206318348646,0.0945056602358818
2235,-0.5536571741104126,-0.5761851072311401,0.01323362160474062,0.00929432362318039,0.0944749265909195
2236,-0.5779881477355957,-0.5829225778579712,0.0022238977253437042,0.002710494212806225,0.09444396197795868
2237,-0.5566795468330383,-0.5762337446212769,0.009489756077528,0.010064425878226757,0.09441309422254562
2238,-0.5690351128578186,-0.5818217992782593,0.006396279204636812,0.00639039883390069,0.09438226372003555
2239,-0.5615444183349609,-0.5713079571723938,0.0054200682789087296,0.004343422129750252,0.09435132890939713
2240,-0.5153502225875854,-0.5289632081985474,0.006974367890506983,0.006638639140874147,0.09432042390108109
2241,-0.5581991076469421,-0.5665972828865051,0.004557397216558456,0.0038407903630286455,0.0942896232008934
2242,-0.563413679599762,-0.5775955319404602,0.007119080517441034,0.007062811404466629,0.09425865113735199
2243,-0.5699114799499512,-0.5784227848052979,0.0039415811188519,0.004569706507027149,0.0942276194691658
2244,-0.5545012354850769,-0.5607770681381226,0.003774316981434822,0.0025015007704496384,0.09419650584459305
2245,-0.5554239749908447,-0.5635133981704712,0.004543006885796785,0.0035464458633214235,0.09416518360376358
2246,-0.5731821060180664,-0.5855677127838135,0.005695926025509834,0.006689650937914848,0.09413395822048187
2247,-0.5738174319267273,-0.5867900252342224,0.007856259122490883,0.00511633837595582,0.09410281479358673
2248,-0.5466078519821167,-0.5618284940719604,0.008694341406226158,0.006526265759021044,0.09407174587249756
2249,-0.595420241355896,-0.611354649066925,0.007745171431452036,0.008189236745238304,0.09404059499502182
2250,-0.5835597515106201,-0.5914243459701538,0.0037663537077605724,0.004098215606063604,0.09400945901870728
2251,-0.5604345202445984,-0.5709831714630127,0.006331451702862978,0.004217221401631832,0.09397835284471512
2252,-0.5644925236701965,-0.5863077640533447,0.011901120655238628,0.009914107620716095,0.09394730627536774
2253,-0.5299508571624756,-0.5377742052078247,0.003652885789051652,0.004170449450612068,0.0939164012670517
2254,-0.3463577628135681,-0.573366105556488,0.11398918926715851,0.11301915347576141,0.09388545900583267
2255,-0.5768532752990723,-0.592467188835144,0.008011223748326302,0.00760270468890667,0.0938546434044838
2256,-0.5336809754371643,-0.5416429042816162,0.004861118737608194,0.0031008319929242134,0.09382379055023193
2257,-0.5878365635871887,-0.5963324308395386,0.005038995295763016,0.003456891980022192,0.09379290789365768
2258,-0.5567801594734192,-0.5663526654243469,0.00475706160068512,0.004815488588064909,0.09376209229230881
2259,-0.6006830930709839,-0.6091510057449341,0.004280267283320427,0.004187643527984619,0.09373140335083008
2260,-0.5632315874099731,-0.5693557858467102,0.00368900247849524,0.0024352052714675665,0.09370066225528717
2261,-0.5607480406761169,-0.5675384998321533,0.0036372740287333727,0.0031531977001577616,0.09366999566555023
2262,-0.5642457008361816,-0.5754467248916626,0.005901508964598179,0.0052995034493505955,0.09363940358161926
2263,-0.5847245454788208,-0.5923020839691162,0.00399894081056118,0.0035786116495728493,0.09360872954130173
2264,-0.5866737961769104,-0.5976637601852417,0.004649406298995018,0.006340561900287867,0.09357793629169464
2265,-0.5569677948951721,-0.5677077174186707,0.005942414049059153,0.0047974968329072,0.09354713559150696
2266,-0.5192355513572693,-0.5372123122215271,0.0095469169318676,0.008429831825196743,0.09351640194654465
2267,-0.32002201676368713,-0.5446125864982605,0.11195608228445053,0.11263447999954224,0.0934857726097107
2268,-0.5920881628990173,-0.6048964262008667,0.006326017435640097,0.006482217460870743,0.09345518052577972
2269,-0.5501599311828613,-0.5595656633377075,0.004740821197628975,0.004664910025894642,0.09342467784881592
2270,-0.5208266377449036,-0.5330164432525635,0.0057212114334106445,0.006468619219958782,0.09339436888694763
2271,-0.5621886253356934,-0.5717538595199585,0.005262644495815039,0.004302546381950378,0.09336413443088531
2272,-0.5620541572570801,-0.570659875869751,0.003942385315895081,0.004663336556404829,0.09333404153585434
2273,-0.5597139596939087,-0.5708766579627991,0.006427905522286892,0.004734800197184086,0.09330389648675919
2274,-0.5611231327056885,-0.5730517506599426,0.005499301478266716,0.006429317407310009,0.09327380359172821
2275,-0.5604143142700195,-0.5751957893371582,0.008493486791849136,0.006288018077611923,0.09324362874031067
2276,-0.5430302619934082,-0.5543442964553833,0.006509110331535339,0.004804887808859348,0.09321349114179611
2277,-0.5361396074295044,-0.5471616983413696,0.006213560234755278,0.004808520432561636,0.09318338334560394
2278,-0.5258321166038513,-0.5403174757957458,0.0078119197860360146,0.006673452444374561,0.09315350651741028
2279,-0.5969365239143372,-0.6061623096466064,0.00464478088542819,0.004581029061228037,0.09312345832586288
2280,-0.5753816366195679,-0.5826785564422607,0.0035894736647605896,0.0037074557039886713,0.09309333562850952
2281,-0.5894096493721008,-0.6023377180099487,0.00741590978577733,0.005512205883860588,0.09306319802999496
2282,-0.5534027814865112,-0.5640196204185486,0.005084367468953133,0.0055324300192296505,0.09303305298089981
2283,-0.5486792325973511,-0.5584692358970642,0.006034001242369413,0.0037560048513114452,0.09300289303064346
2284,-0.5446950197219849,-0.556427001953125,0.005513179115951061,0.0062187956646084785,0.0929727852344513
2285,-0.5851335525512695,-0.5909208059310913,0.0027589972596615553,0.0030282665975391865,0.09294268488883972
2286,-0.5820806622505188,-0.5933595299720764,0.006079442799091339,0.00519940908998251,0.09291255474090576
2287,-0.5718053579330444,-0.5821510553359985,0.006155570037662983,0.00419011851772666,0.09288238734006882
2288,-0.5175065398216248,-0.5303150415420532,0.006370296236127615,0.006438178010284901,0.09285219013690948
2289,-0.5759229063987732,-0.5848744511604309,0.005357446148991585,0.0035940934903919697,0.09282191097736359
2290,-0.569767415523529,-0.5812534689903259,0.005692374426871538,0.0057936739176511765,0.09279157221317291
2291,-0.5739656686782837,-0.5847111940383911,0.006099776830524206,0.004645742941647768,0.0927610695362091
2292,-0.6403090357780457,-0.6451687812805176,0.0026651632506400347,0.002194557338953018,0.0927305817604065
2293,-0.5820980072021484,-0.5942034125328064,0.007125552743673325,0.0049798693507909775,0.09270011633634567
2294,-0.554854691028595,-0.5620684027671814,0.005189928691834211,0.0020237460266798735,0.09266955405473709
2295,-0.6443338990211487,-0.6526167392730713,0.00399700365960598,0.004285784903913736,0.09263893961906433
2296,-0.5329810380935669,-0.5483653545379639,0.008929289877414703,0.006454980932176113,0.09260853379964828
2297,-0.582837700843811,-0.5900682210922241,0.004237431101500988,0.0029930982273072004,0.09257806837558746
2298,-0.5524725317955017,-0.5665662288665771,0.007924504578113556,0.006169207394123077,0.09254767745733261
2299,-0.6115427017211914,-0.6221554279327393,0.005643770098686218,0.0049689700827002525,0.09251721203327179
2300,-0.5716307163238525,-0.5783044099807739,0.0038812740240246058,0.0027924315072596073,0.09248673170804977
2301,-0.5872116684913635,-0.6037298440933228,0.007793535012751818,0.008724626153707504,0.09245619922876358
2302,-0.5900114178657532,-0.600764811038971,0.005745857488363981,0.005007575731724501,0.09242560714483261
2303,-0.579098105430603,-0.5928040742874146,0.007159305736422539,0.006546701304614544,0.09239497780799866
2304,-0.5679395198822021,-0.5772011876106262,0.00514165498316288,0.004120015073567629,0.09236445277929306
2305,-0.5525912642478943,-0.5651510953903198,0.006839063949882984,0.005720795132219791,0.09233400225639343
2306,-0.601486325263977,-0.6115970611572266,0.004706267733126879,0.005404493305832148,0.0923035591840744
2307,-0.5853822231292725,-0.595499575138092,0.005847278982400894,0.004270095843821764,0.09227313101291656
2308,-0.629086971282959,-0.6378116011619568,0.0034571231808513403,0.005267520900815725,0.09224249422550201
2309,-0.560303270816803,-0.5735266208648682,0.006290172226727009,0.006933128461241722,0.09221194684505463
2310,-0.5805568099021912,-0.5918921232223511,0.00608626427128911,0.0052490029484033585,0.09218157082796097
2311,-0.5340616703033447,-0.5471885800361633,0.008137351833283901,0.004989567678421736,0.0921512246131897
2312,-0.556304931640625,-0.5627098083496094,0.003532493719831109,0.0028724169824272394,0.09212099760770798
2313,-0.502659022808075,-0.5186423659324646,0.00742693105712533,0.008556444197893143,0.09209097921848297
2314,-0.5462124943733215,-0.560617983341217,0.008141126483678818,0.006264370400458574,0.09206079691648483
2315,-0.5668309926986694,-0.5767323970794678,0.004518639296293259,0.005382762756198645,0.09203072637319565
2316,-0.5962183475494385,-0.614093005657196,0.009949548169970512,0.007925099693238735,0.09200071543455124
2317,-0.5996838808059692,-0.6085414290428162,0.004801404662430286,0.004056165926158428,0.09197068959474564
2318,-0.5783993005752563,-0.5861749053001404,0.004532409831881523,0.0032432046718895435,0.09194061160087585
2319,-0.6194842457771301,-0.6332460641860962,0.006934559904038906,0.006827236153185368,0.09191043674945831
2320,-0.5943310260772705,-0.6055516600608826,0.006518978159874678,0.004701700992882252,0.09188026189804077
2321,-0.3516421914100647,-0.5701261162757874,0.11064888536930084,0.10783504694700241,0.0918501690030098
2322,-0.5690289735794067,-0.5760114192962646,0.0036058598197996616,0.0033765886910259724,0.0918203741312027
2323,-0.5748031139373779,-0.5863156318664551,0.006228236481547356,0.005284304730594158,0.09179071336984634
2324,-0.5700296759605408,-0.5784391760826111,0.0035700546577572823,0.004839427303522825,0.0917610228061676
2325,-0.6054164171218872,-0.6289152503013611,0.012746832333505154,0.010752050206065178,0.09173127263784409
2326,-0.5361798405647278,-0.574840784072876,0.017545171082019806,0.02111579105257988,0.09170138090848923
2327,-0.5738476514816284,-0.5833697319030762,0.004616183694452047,0.004905868787318468,0.0916714295744896
2328,-0.6220938563346863,-0.6387571096420288,0.008572193793952465,0.008091048337519169,0.09164127707481384
2329,-0.6214801669120789,-0.627511739730835,0.0034330382477492094,0.002598535269498825,0.09161108732223511
2330,-0.5874117016792297,-0.5935008525848389,0.0031791632063686848,0.002909979084506631,0.09158103913068771
2331,-0.5362066030502319,-0.5482316017150879,0.007444258313626051,0.004580765962600708,0.09155108034610748
2332,-0.5577378273010254,-0.5718467831611633,0.00756747554987669,0.006541491020470858,0.09152120351791382
2333,-0.5924542546272278,-0.6009087562561035,0.0051337298937141895,0.0033207410015165806,0.09149127453565598
2334,-0.5870669484138489,-0.5967168807983398,0.0042555080726742744,0.005394412204623222,0.0914614200592041
2335,-0.557786762714386,-0.5660767555236816,0.004170794505625963,0.004119219724088907,0.09143167734146118
2336,-0.583314061164856,-0.5954656004905701,0.00722392275929451,0.004927607253193855,0.09140190482139587
2337,-0.6146126985549927,-0.6244227290153503,0.006012598518282175,0.00379738537594676,0.0913720354437828
2338,-0.5294974446296692,-0.5387126803398132,0.004128441214561462,0.005086751189082861,0.09134232252836227
2339,-0.5397127866744995,-0.5468369126319885,0.004198241978883743,0.0029258723370730877,0.09131264686584473
2340,-0.5869348049163818,-0.5942936539649963,0.004303985275328159,0.0030548609793186188,0.09128295630216599
2341,-0.5675159692764282,-0.5741782784461975,0.004014149773865938,0.0026481724344193935,0.09125342965126038
2342,-0.5353469848632812,-0.5492141246795654,0.007109200581908226,0.006757922936230898,0.09122388809919357
2343,-0.553065299987793,-0.5606298446655273,0.00397450802847743,0.0035900550428777933,0.09119422733783722
2344,-0.5921643972396851,-0.6051025390625,0.005516245029866695,0.007421925663948059,0.09116461873054504
2345,-0.5786845088005066,-0.5925782918930054,0.007992514409124851,0.005901263561099768,0.09113515168428421
2346,-0.5318964719772339,-0.543104887008667,0.004405472427606583,0.006802920252084732,0.09110575169324875
2347,-0.5750595331192017,-0.5825806856155396,0.0043191323056817055,0.0032020024955272675,0.0910763069987297
2348,-0.5108421444892883,-0.5241645574569702,0.007946761325001717,0.005375629756599665,0.09104697406291962
2349,-0.6260327696800232,-0.6316470503807068,0.003085564821958542,0.0025287081953138113,0.09101728349924088
2350,-0.37192198634147644,-0.5854649543762207,0.105740487575531,0.10780248045921326,0.09098762273788452
2351,-0.5361886024475098,-0.5510299205780029,0.007766708731651306,0.0070745935663580894,0.09095823764801025
2352,-0.5922262668609619,-0.6038430333137512,0.0063025252893567085,0.0053142523393034935,0.09092879295349121
2353,-0.5607717633247375,-0.5723176002502441,0.005510942079126835,0.006034924183040857,0.09089946001768112
2354,-0.5636225938796997,-0.5684528946876526,0.002205843571573496,0.0026244265027344227,0.09087025374174118
2355,-0.555286705493927,-0.5654946565628052,0.004612369928508997,0.005595543887466192,0.09084101021289825
2356,-0.5604502558708191,-0.5654147267341614,0.0026729945093393326,0.0022915296722203493,0.09081194549798965
2357,-0.5899534821510315,-0.6006358861923218,0.0052549829706549644,0.005427392199635506,0.09078285098075867
2358,-0.5784245133399963,-0.5861632227897644,0.0035141189582645893,0.004224601201713085,0.09075377136468887
2359,-0.5705716609954834,-0.5817161202430725,0.00602832343429327,0.005116170737892389,0.09072466939687729
2360,-0.5930732488632202,-0.600274920463562,0.00337589206174016,0.0038258135318756104,0.09069564938545227
2361,-0.5944457054138184,-0.6067020297050476,0.00584940891712904,0.006406909786164761,0.09066667407751083
2362,-0.5923638343811035,-0.6002088785171509,0.004397586453706026,0.003447476774454117,0.09063771367073059
2363,-0.6273820996284485,-0.6390038132667542,0.004952928051352501,0.00666880002245307,0.09060870110988617
2364,-0.6187771558761597,-0.6285762786865234,0.006198233459144831,0.0036008714232593775,0.09057960659265518
2365,-0.549847424030304,-0.558647871017456,0.0037529589608311653,0.005047517362982035,0.090550497174263
2366,-0.5911787152290344,-0.6024194955825806,0.006941557861864567,0.00429922342300415,0.090521439909935
2367,-0.5821857452392578,-0.5906244516372681,0.005014711059629917,0.0034240151289850473,0.09049244225025177
2368,-0.5603815913200378,-0.5678490996360779,0.004151570610702038,0.0033159274607896805,0.09046348929405212
2369,-0.6099488139152527,-0.6235386729240417,0.00728982500731945,0.006300025153905153,0.09043455123901367
2370,-0.6062279343605042,-0.6152281761169434,0.003512428142130375,0.005487820599228144,0.0904054269194603
2371,-0.5643047094345093,-0.5725639462471008,0.004796918481588364,0.0034622945822775364,0.09037618339061737
2372,-0.5787679553031921,-0.5884387493133545,0.005043518263846636,0.004627307411283255,0.09034701436758041
2373,-0.561643123626709,-0.5713847875595093,0.0038745386991649866,0.005867104046046734,0.09031789749860764
2374,-0.6259208917617798,-0.6322988867759705,0.0032627666369080544,0.003115260973572731,0.09028869867324829
2375,-0.5805007219314575,-0.5901341438293457,0.005144611466675997,0.004488807171583176,0.0902593657374382
2376,-0.6241982579231262,-0.6304715871810913,0.0035086735151708126,0.002764651086181402,0.09022992849349976
2377,-0.578406572341919,-0.5868715047836304,0.0045308335684239864,0.00393405556678772,0.0902005285024643
2378,-0.5448655486106873,-0.5593515038490295,0.0084099555388093,0.006075995974242687,0.09017130732536316
2379,-0.6022906303405762,-0.609311580657959,0.0030576707795262337,0.003963299095630646,0.09014201164245605
2380,-0.6135735511779785,-0.6316554546356201,0.0088974479585886,0.00918450579047203,0.09011265635490417
2381,-0.5554397106170654,-0.5689065456390381,0.00735887885093689,0.006107936147600412,0.09008331596851349
2382,-0.5842858552932739,-0.5913421511650085,0.003358764573931694,0.0036974851973354816,0.09005387127399445
2383,-0.5559350252151489,-0.5713606476783752,0.007453169673681259,0.007972481660544872,0.09002471715211868
2384,-0.5811379551887512,-0.5959395170211792,0.008403375744819641,0.006398193538188934,0.08999555557966232
2385,-0.5570911765098572,-0.5724349021911621,0.007006101775914431,0.008337634615600109,0.0899663120508194
2386,-0.599754273891449,-0.6146788597106934,0.007676377426832914,0.007248245179653168,0.08993708342313766
2387,-0.6094704270362854,-0.6197538375854492,0.005202252883464098,0.00508115952834487,0.08990781754255295
2388,-0.5974748134613037,-0.6061080694198608,0.004529022611677647,0.00410424591973424,0.08987858891487122
2389,-0.5681548118591309,-0.5849698781967163,0.009698576293885708,0.007116507738828659,0.08984936028718948
2390,-0.5987212657928467,-0.6063059568405151,0.0033558071590960026,0.004228873178362846,0.08982021361589432
2391,-0.6092023253440857,-0.6161310076713562,0.0035612168721854687,0.0033675101585686207,0.08979098498821259
2392,-0.5867568850517273,-0.5981066823005676,0.0065813930705189705,0.004768441431224346,0.08976168185472488
2393,-0.5700720548629761,-0.5817752480506897,0.006569981575012207,0.005133188795298338,0.08973240852355957
2394,-0.5821035504341125,-0.5928279161453247,0.005574461072683334,0.005149921867996454,0.08970308303833008
2395,-0.5595049262046814,-0.5767055749893188,0.007478667423129082,0.009722022339701653,0.08967385441064835
2396,-0.607817530632019,-0.6174020767211914,0.005437714979052544,0.004146798979490995,0.08964454382658005
2397,-0.5992324352264404,-0.6062284708023071,0.0042033507488667965,0.002792647108435631,0.08961531519889832
2398,-0.5696513652801514,-0.5844060182571411,0.00726649584248662,0.007488104980438948,0.08958610892295837
2399,-0.5714248418807983,-0.5817880630493164,0.005184268578886986,0.005178939085453749,0.08955700695514679
2400,-0.5470100045204163,-0.5587658286094666,0.006821621209383011,0.004934187047183514,0.08952807635068893
2401,-0.4320998787879944,-0.6168602705001831,0.09665370732545853,0.0881066843867302,0.08949918299913406
2402,-0.6007439494132996,-0.6104111671447754,0.004990282002836466,0.004676952958106995,0.08947020769119263
2403,-0.5659077763557434,-0.5749087929725647,0.004011418670415878,0.004989646375179291,0.08944124728441238
2404,-0.5717564225196838,-0.5844271183013916,0.0062945010140538216,0.006376231089234352,0.08941230922937393
2405,-0.6203022599220276,-0.6285250782966614,0.0039934259839355946,0.004229357931762934,0.08938334882259369
2406,-0.6016284823417664,-0.6108604669570923,0.005788798909634352,0.003443174995481968,0.08935434371232986
2407,-0.5843738913536072,-0.5951265096664429,0.005498636048287153,0.005253945477306843,0.08932512253522873
2408,-0.611427366733551,-0.6181697249412537,0.003622781252488494,0.003119581611827016,0.08929601311683655
2409,-0.5707623362541199,-0.5820661187171936,0.0060497913509607315,0.005253972485661507,0.08926687389612198
2410,-0.5981340408325195,-0.610226571559906,0.0060006845742464066,0.006091824732720852,0.08923766016960144
2411,-0.5253777503967285,-0.5611376762390137,0.01640947163105011,0.01935049518942833,0.08920851349830627
2412,-0.6456566452980042,-0.6510152816772461,0.0028025780338793993,0.0025560613721609116,0.08917931467294693
2413,-0.5840266346931458,-0.5925880670547485,0.003943013027310371,0.004618389066308737,0.08915019035339355
2414,-0.5896506309509277,-0.6011468768119812,0.0058799926191568375,0.0056162308901548386,0.08912131190299988
2415,-0.5642274022102356,-0.5800788998603821,0.008837226778268814,0.007014278322458267,0.08909252285957336
2416,-0.5952572226524353,-0.6035218834877014,0.003884238889440894,0.004380389116704464,0.0890638530254364
2417,-0.5854377746582031,-0.5928767323493958,0.0037260823883116245,0.0037129123229533434,0.08903514593839645
2418,-0.6057088375091553,-0.6193081140518188,0.007603480480611324,0.00599582027643919,0.0890064537525177
2419,-0.57097989320755,-0.6087868213653564,0.018723508343100548,0.0190834179520607,0.0889778733253479
2420,-0.5794354677200317,-0.5894111394882202,0.005042900796979666,0.004932774230837822,0.08894921839237213
2421,-0.4036051630973816,-0.601150631904602,0.1004994586110115,0.09704601764678955,0.08892052620649338
2422,-0.5636570453643799,-0.5718832015991211,0.005251558031886816,0.0029745646752417088,0.08889191597700119
2423,-0.444754421710968,-0.6531997323036194,0.10434098541736603,0.10410432517528534,0.08886326104402542
2424,-0.5917307734489441,-0.6076644062995911,0.007591810077428818,0.008341863751411438,0.08883441239595413
2425,-0.5809581875801086,-0.599962592124939,0.010298939421772957,0.008705432526767254,0.08880563080310822
2426,-0.6193820834159851,-0.6249658465385437,0.003063366748392582,0.002520371461287141,0.08877671509981155
2427,-0.5947269797325134,-0.6055286526679993,0.005439299624413252,0.005362395662814379,0.08874782919883728
2428,-0.5776517391204834,-0.5891976356506348,0.005328098777681589,0.0062178028747439384,0.08871891349554062
2429,-0.41362982988357544,-0.644345760345459,0.11674654483795166,0.11396937072277069,0.0886898934841156
2430,-0.6000162959098816,-0.6112908720970154,0.005891474429517984,0.005383065901696682,0.08866086602210999
2431,-0.5958514213562012,-0.6033818125724792,0.00421936297789216,0.0033110103104263544,0.08863189071416855
2432,-0.6039754152297974,-0.6130605936050415,0.005396970547735691,0.003688204800710082,0.08860298991203308
2433,-0.6440654397010803,-0.6611076593399048,0.009250297211110592,0.007791921030730009,0.08857407420873642
2434,-0.5667722225189209,-0.5749582648277283,0.004760812968015671,0.0034252216573804617,0.08854537457227707
2435,-0.6314685940742493,-0.6396409273147583,0.00373660190962255,0.004435732960700989,0.08851660788059235
2436,-0.6178766489028931,-0.6298462748527527,0.004982846789062023,0.0069867768324911594,0.08848787099123001
2437,-0.6194913387298584,-0.6259680390357971,0.003362570656463504,0.003114124992862344,0.0884590744972229
2438,-0.5575997233390808,-0.5671572089195251,0.0056606680154800415,0.0038968436419963837,0.08843041956424713
2439,-0.33980774879455566,-0.5533028244972229,0.10800100117921829,0.10549407452344894,0.08840185403823853
2440,-0.6099601984024048,-0.6204427480697632,0.006163867190480232,0.00431862473487854,0.0883733257651329
2441,-0.6058428287506104,-0.618132472038269,0.007050730288028717,0.0052389041520655155,0.08834486454725266
2442,-0.5587851405143738,-0.5658001899719238,0.0035866035614162683,0.003428446128964424,0.08831649273633957
2443,-0.6157689690589905,-0.6241815686225891,0.0040675015188753605,0.004345139022916555,0.08828811347484589
2444,-0.6030252575874329,-0.6124609112739563,0.00470964889973402,0.004725983366370201,0.08825963735580444
2445,-0.5617660880088806,-0.583703875541687,0.01163582131266594,0.010301952250301838,0.08823123574256897
2446,-0.6046960949897766,-0.6126754879951477,0.004862421657890081,0.00311697437427938,0.0882028192281723
2447,-0.6108105778694153,-0.6197641491889954,0.005386937875300646,0.0035666038747876883,0.08817437291145325
2448,-0.5817008018493652,-0.585532546043396,0.0016704739537090063,0.0021612492855638266,0.08814610540866852
2449,-0.5636004209518433,-0.5825887322425842,0.010053230449557304,0.008935077115893364,0.08811788260936737
2450,-0.6192716360092163,-0.6281597018241882,0.005209977272897959,0.0036780862137675285,0.08808975666761398
2451,-0.6341496706008911,-0.6579265594482422,0.01073205005377531,0.013044815510511398,0.08806153386831284
2452,-0.5969129800796509,-0.6052501201629639,0.005065145902335644,0.003272012807428837,0.08803319931030273
2453,-0.5845659971237183,-0.6003087162971497,0.009529991075396538,0.006212723441421986,0.08800499141216278
2454,-0.5806731581687927,-0.5919076204299927,0.006236602086573839,0.004997854586690664,0.08797692507505417
2455,-0.5672287940979004,-0.57756507396698,0.005682150833308697,0.004654089920222759,0.08794879913330078
2456,-0.6012184619903564,-0.6122307777404785,0.006237775553017855,0.00477449968457222,0.0879206657409668
2457,-0.6008784174919128,-0.6109535694122314,0.005612187087535858,0.00446293642744422,0.08789239078760147
2458,-0.5602645874023438,-0.5745298266410828,0.0065186722204089165,0.0077465493232011795,0.08786416798830032
2459,-0.6043967008590698,-0.6147545576095581,0.005259986501187086,0.005097873508930206,0.0878361240029335
2460,-0.5558316111564636,-0.5697654485702515,0.006537351291626692,0.007396457251161337,0.08780819177627563
2461,-0.582714319229126,-0.589876651763916,0.003179219551384449,0.003983128350228071,0.08778034895658493
2462,-0.641833484172821,-0.648833692073822,0.0037614423781633377,0.003238765988498926,0.08775241672992706
2463,-0.6138235330581665,-0.6582575440406799,0.023022914305329323,0.021411098539829254,0.08772434294223785
2464,-0.5515633225440979,-0.5666255950927734,0.00866274069994688,0.006399531848728657,0.0876963809132576
2465,-0.5961475968360901,-0.6149821281433105,0.010194635950028896,0.008639886975288391,0.08766843378543854
2466,-0.5647121071815491,-0.5730255842208862,0.004012046381831169,0.004301405046135187,0.08764057606458664
2467,-0.6096795797348022,-0.6208800077438354,0.005478597246110439,0.00572182796895504,0.08761259913444519
2468,-0.5818964838981628,-0.6029406189918518,0.009338675066828728,0.011705432087182999,0.08758459240198135
2469,-0.603853166103363,-0.6198350191116333,0.007948951795697212,0.00803294125944376,0.08755657821893692
2470,-0.6113787889480591,-0.6724076867103577,0.03114609606564045,0.02988279238343239,0.08752850443124771
2471,-0.6306207180023193,-0.6382984519004822,0.0033247184474021196,0.004352962598204613,0.08750040084123611
2472,-0.597268283367157,-0.6061959266662598,0.0042147040367126465,0.004712929483503103,0.08747225999832153
2473,-0.6058627963066101,-0.6159579157829285,0.005470584146678448,0.004624527413398027,0.08744405210018158
2474,-0.5970743298530579,-0.6083748936653137,0.005906833801418543,0.005393726285547018,0.087415911257267
2475,-0.6245697736740112,-0.634663999080658,0.005495701916515827,0.004598516505211592,0.08738783746957779
2476,-0.6109821200370789,-0.6236464381217957,0.006231504026800394,0.006432844325900078,0.08735977858304977
2477,-0.5961595773696899,-0.6099417209625244,0.007319924887269735,0.006462241057306528,0.08733178675174713
2478,-0.618028461933136,-0.6239016056060791,0.003883449826389551,0.0019896929152309895,0.08730368316173553
2479,-0.574895977973938,-0.5885979533195496,0.007230701390653849,0.0064712949097156525,0.08727565407752991
2480,-0.5745164155960083,-0.5820320844650269,0.0040527088567614555,0.003462960245087743,0.08724772930145264
2481,-0.6295528411865234,-0.6416128277778625,0.006202711258083582,0.005857301875948906,0.08721979707479477
2482,-0.5972540378570557,-0.6091455221176147,0.005352477077394724,0.006538974586874247,0.08719190210103989
2483,-0.38015416264533997,-0.5665414333343506,0.09441834688186646,0.09196893125772476,0.08716394007205963
2484,-0.5894700288772583,-0.5973088145256042,0.004679322242736816,0.0031594587489962578,0.08713597804307938
2485,-0.5971355438232422,-0.6079849004745483,0.005855489522218704,0.004993847105652094,0.0871080607175827
2486,-0.6062663197517395,-0.6146195530891418,0.00444315280765295,0.003910061903297901,0.08708017319440842
2487,-0.574843168258667,-0.5861381888389587,0.005171777680516243,0.00612325593829155,0.08705224841833115
2488,-0.6486338973045349,-0.6566843390464783,0.004296048544347286,0.003754393197596073,0.08702421933412552
2489,-0.5856183171272278,-0.5929473638534546,0.004565129056572914,0.00276390602812171,0.08699623495340347
2490,-0.6317020058631897,-0.6498154401779175,0.008923822082579136,0.009189633652567863,0.0869680866599083
2491,-0.6259969472885132,-0.6368954181671143,0.005949268117547035,0.0049491990357637405,0.08693991601467133
2492,-0.5986481308937073,-0.6151494383811951,0.0077318912371993065,0.008769400417804718,0.08691183477640152
2493,-0.6312326788902283,-0.6397206783294678,0.004031705670058727,0.004456306807696819,0.08688371628522873
2494,-0.6053346395492554,-0.6189953088760376,0.006247555837035179,0.007413100451231003,0.08685561269521713
2495,-0.43293142318725586,-0.6357510089874268,0.10332030802965164,0.09949927031993866,0.08682749420404434
2496,-0.5817904472351074,-0.5925084352493286,0.0063153463415801525,0.004402612801641226,0.08679955452680588
2497,-0.6141914129257202,-0.6203603148460388,0.0037889424711465836,0.0023799771443009377,0.0867716446518898
2498,-0.6268134713172913,-0.6333522200584412,0.003569053253158927,0.002969664754346013,0.08674363791942596
2499,-0.3337738513946533,-0.5540082454681396,0.1064285933971405,0.11380581557750702,0.08671566098928452
2500,-0.5769178867340088,-0.5900979042053223,0.007536408957093954,0.0056435950100421906,0.0866876095533371
2501,-0.5927324295043945,-0.606529712677002,0.008075826801359653,0.005721436347812414,0.08665962517261505
2502,-0.4178496301174164,-0.6192744970321655,0.10091742128133774,0.1005074754357338,0.08663167804479599
2503,-0.6066665053367615,-0.6542145609855652,0.022479480132460594,0.025068607181310654,0.08660363405942917
2504,-0.6344326734542847,-0.6479480862617493,0.00742948055267334,0.006085961125791073,0.08657551556825638
2505,-0.6473873853683472,-0.6526714563369751,0.0024172598496079445,0.0028668309096246958,0.08654753118753433
2506,-0.6204890608787537,-0.6336254477500916,0.004725667182356119,0.008410695008933544,0.08651959151029587
2507,-0.6302140951156616,-0.6394974589347839,0.004297489300370216,0.0049858600832521915,0.0864916667342186
2508,-0.6175683736801147,-0.6300462484359741,0.004982424434274435,0.00749546755105257,0.08646393567323685
2509,-0.5935763120651245,-0.6051048040390015,0.006523634772747755,0.005004869773983955,0.08643631637096405
2510,-0.6219545006752014,-0.6308521032333374,0.004845062270760536,0.004052535630762577,0.08640860766172409
2511,-0.573157787322998,-0.5836076140403748,0.005308408290147781,0.005141428206115961,0.08638092130422592
2512,-0.6067768931388855,-0.6170378923416138,0.005409419070929289,0.0048515708185732365,0.08635316789150238
2513,-0.6381812691688538,-0.6419055461883545,0.0014629489742219448,0.0022613261826336384,0.08632548153400421
2514,-0.6085063219070435,-0.6187494993209839,0.006607081741094589,0.0036361278034746647,0.08629775792360306
2515,-0.5871878266334534,-0.5928270220756531,0.003374366322532296,0.0022648556623607874,0.0862700492143631
2516,-0.606978714466095,-0.6197742819786072,0.007449318654835224,0.005346217658370733,0.08624234795570374
2517,-0.5226135849952698,-0.5915734767913818,0.03812384605407715,0.030836032703518867,0.08621463179588318
2518,-0.61141437292099,-0.6251543760299683,0.007601425517350435,0.00613858038559556,0.08618711680173874
2519,-0.5910718441009521,-0.6046686172485352,0.0054713147692382336,0.008125491440296173,0.0861595869064331
2520,-0.6283735632896423,-0.6345914006233215,0.0028529015835374594,0.0033649010583758354,0.0861319825053215
2521,-0.6051740646362305,-0.6151275038719177,0.0059693967923521996,0.003984013106673956,0.08610434830188751
2522,-0.612929105758667,-0.6221346855163574,0.004763071425259113,0.0044424869120121,0.08607669919729233
2523,-0.6160662174224854,-0.6259939670562744,0.005399602465331554,0.004528149031102657,0.08604899793863297
2524,-0.3981589078903198,-0.6019489765167236,0.10554628819227219,0.09824376553297043,0.08602143079042435
2525,-0.6300933957099915,-0.6481596231460571,0.010709866881370544,0.007356361020356417,0.08599384874105453
2526,-0.5956703424453735,-0.6015279293060303,0.0027171201072633266,0.003140447661280632,0.08596616983413696
2527,-0.5735447406768799,-0.5860098004341125,0.006761707365512848,0.005703330971300602,0.08593857288360596
2528,-0.4020363986492157,-0.6118507385253906,0.10759972780942917,0.10221460461616516,0.08591093122959137
2529,-0.611343264579773,-0.620976448059082,0.0057054124772548676,0.003927779849618673,0.08588328957557678
2530,-0.625582754611969,-0.6373714208602905,0.005220852792263031,0.006567857228219509,0.08585556596517563
2531,-0.5999568104743958,-0.6082603335380554,0.0049957153387367725,0.0033078440465033054,0.0858277902007103
2532,-0.6034184694290161,-0.6133192181587219,0.00545527134090662,0.004445514641702175,0.08580005168914795
2533,-0.3998939096927643,-0.6024550199508667,0.10235267132520676,0.10020842403173447,0.08577238023281097
2534,-0.6105396747589111,-0.6215503811836243,0.006055091507732868,0.004955603741109371,0.08574475347995758
2535,-0.3855716586112976,-0.6049417853355408,0.11072808504104614,0.10864205658435822,0.08571720123291016
2536,-0.5759126543998718,-0.5875643491744995,0.006219589617103338,0.0054321507923305035,0.08568961918354034
2537,-0.5938212871551514,-0.6065676212310791,0.006424155551940203,0.006322180386632681,0.0856618732213974
2538,-0.5993099808692932,-0.6092971563339233,0.0054627335630357265,0.004524476360529661,0.08563406765460968
2539,-0.5759480595588684,-0.5874113440513611,0.0072149247862398624,0.004248409997671843,0.08560642600059509
2540,-0.6018100380897522,-0.6098707914352417,0.004220136441290379,0.0038406499661505222,0.08557875454425812
2541,-0.4479706287384033,-0.6456430554389954,0.09842666238546371,0.09924578666687012,0.08555111289024353
2542,-0.6023201942443848,-0.6101737022399902,0.003763268468901515,0.004090269096195698,0.08552347868680954
2543,-0.6042136549949646,-0.6110212802886963,0.0035975349601358175,0.003210061229765415,0.08549589663743973
2544,-0.6433202624320984,-0.6518669128417969,0.004601331893354654,0.003945318050682545,0.08546825498342514
2545,-0.5841171741485596,-0.5933131575584412,0.005532015115022659,0.0036639359313994646,0.08544065058231354
2546,-0.622706413269043,-0.6342467069625854,0.0062200287356972694,0.005320240277796984,0.08541293442249298
2547,-0.5993923544883728,-0.6085546016693115,0.005231614690274,0.003930648788809776,0.0853852778673172
2548,-0.656652569770813,-0.6672784090042114,0.005843713413923979,0.004782148636877537,0.08535747975111008
2549,-0.6626625061035156,-0.6697880625724792,0.003295833943411708,0.003829737426713109,0.08532968163490295
2550,-0.6006226539611816,-0.6061618328094482,0.003319644369184971,0.0022195279598236084,0.08530193567276001
2551,-0.594269335269928,-0.6017001867294312,0.0030845142900943756,0.0043462952598929405,0.08527420461177826
2552,-0.5926131010055542,-0.6053922176361084,0.006805430632084608,0.0059736925177276134,0.08524660021066666
2553,-0.5912215113639832,-0.6041021943092346,0.005868148524314165,0.007012553978711367,0.08521901816129684
2554,-0.5933023691177368,-0.6070300936698914,0.008633133955299854,0.005094566848129034,0.08519147336483002
2555,-0.6084710359573364,-0.617730438709259,0.004059590399265289,0.005199815146625042,0.085163913667202
2556,-0.5942454934120178,-0.6045743227005005,0.006051022093743086,0.004277835134416819,0.08513642847537994
2557,-0.6340550184249878,-0.6390130519866943,0.002703583100810647,0.0022544031962752342,0.08510898798704147
2558,-0.6508584022521973,-0.6599753499031067,0.00408639432862401,0.005030586384236813,0.08508164435625076
2559,-0.6378971934318542,-0.6450647711753845,0.004352104384452105,0.002815491519868374,0.08505434542894363
2560,-0.6288582682609558,-0.6391492486000061,0.004865833558142185,0.005425154231488705,0.08502709120512009
2561,-0.6494161486625671,-0.6575435400009155,0.004681305959820747,0.00344611844047904,0.08499974757432938
2562,-0.5606477856636047,-0.5739848017692566,0.008214134722948074,0.0051229167729616165,0.08497247844934464
2563,-0.5590732097625732,-0.576490044593811,0.008943026885390282,0.008473800495266914,0.0849451944231987
2564,-0.6102222800254822,-0.6155228614807129,0.003020593663677573,0.0022799998987466097,0.08491795510053635
2565,-0.6520150899887085,-0.6588441133499146,0.0034594545140862465,0.0033695430029183626,0.08489076793193817
2566,-0.6092403531074524,-0.6215630769729614,0.006510656327009201,0.005812032613903284,0.08486345410346985
2567,-0.6183672547340393,-0.6328965425491333,0.006835555657744408,0.007693701423704624,0.08483622223138809
2568,-0.6547232270240784,-0.6645951867103577,0.004684386774897575,0.005187587812542915,0.08480892330408096
2569,-0.5684908628463745,-0.5776875019073486,0.004852493293583393,0.004344158340245485,0.08478177338838577
2570,-0.6015397906303406,-0.610503613948822,0.005056313704699278,0.003907475154846907,0.08475463092327118
2571,-0.667205810546875,-0.673375129699707,0.0029075241181999445,0.003261810401454568,0.08472736924886703
2572,-0.6549473404884338,-0.6704649329185486,0.008654511533677578,0.006863052491098642,0.0847000852227211
2573,-0.591276228427887,-0.5985150337219238,0.0033905520103871822,0.0038482523523271084,0.0846729502081871
2574,-0.5549384355545044,-0.6349553465843201,0.042459145188331604,0.03755775839090347,0.08464576303958893
2575,-0.6543830633163452,-0.6604253649711609,0.002864594105631113,0.0031777210533618927,0.08461864292621613
2576,-0.61199951171875,-0.6232708692550659,0.005908064544200897,0.005363286938518286,0.08459153026342392
2577,-0.6000255346298218,-0.6294294595718384,0.012900535948574543,0.016503384336829185,0.08456429094076157
2578,-0.568812370300293,-0.5747427940368652,0.003329971805214882,0.002600410021841526,0.08453713357448578
2579,-0.6449949741363525,-0.6520728468894958,0.003800473175942898,0.0032774326391518116,0.08450990915298462
2580,-0.5889401435852051,-0.5984275341033936,0.005438182502985001,0.004049192648380995,0.08448273688554764
2581,-0.59322190284729,-0.6021665930747986,0.004747601225972176,0.004197066184133291,0.084455706179142
2582,-0.6477897763252258,-0.6530157327651978,0.003037212649360299,0.0021887384355068207,0.08442860841751099
2583,-0.6326767206192017,-0.6414978504180908,0.004506485071033239,0.00431464146822691,0.08440163731575012
2584,-0.6479800343513489,-0.6638354063034058,0.008600632660090923,0.007254726253449917,0.0843745768070221
2585,-0.6030913591384888,-0.618097722530365,0.008964226581156254,0.006042099092155695,0.08434750884771347
2586,-0.6185902953147888,-0.6352546215057373,0.008457113988697529,0.008207178674638271,0.08432050049304962
2587,-0.6539139151573181,-0.660737156867981,0.003698038635775447,0.003125194227322936,0.08429348468780518
2588,-0.6456934213638306,-0.6527931094169617,0.004098772071301937,0.0030008975882083178,0.08426646143198013
2589,-0.5901948809623718,-0.5959662199020386,0.003817233256995678,0.0019540544599294662,0.08423954248428345
2590,-0.6463801264762878,-0.6579083204269409,0.005008291453123093,0.0065199327655136585,0.08421267569065094
2591,-0.6082998514175415,-0.615514874458313,0.004602352157235146,0.0026126389857381582,0.08418577909469604
2592,-0.6628390550613403,-0.6728854775428772,0.005296497140079737,0.004749951418489218,0.0841587632894516
2593,-0.6463512778282166,-0.6558982729911804,0.005084640346467495,0.004462344106286764,0.08413190394639969
2594,-0.6301249265670776,-0.6403007507324219,0.0059029413387179375,0.004272869788110256,0.08410497009754181
2595,-0.6131967306137085,-0.6228315830230713,0.003818425117060542,0.0058163865469396114,0.0840781033039093
2596,-0.559955894947052,-0.5749309062957764,0.007622822187840939,0.007352200802415609,0.08405124396085739
2597,-0.6365461945533752,-0.6469669342041016,0.005825643427670002,0.0045951250940561295,0.08402439206838608
2598,-0.6043208241462708,-0.6143327951431274,0.004918229766190052,0.005093753337860107,0.08399763703346252
2599,-0.5996134281158447,-0.6100655198097229,0.0042638881132006645,0.006188238505274057,0.08397090435028076
2600,-0.6182273626327515,-0.6278445720672607,0.004291120916604996,0.00532609224319458,0.0839441791176796
2601,-0.5977705717086792,-0.6155952215194702,0.00871108565479517,0.009113520383834839,0.08391750603914261
2602,-0.44291990995407104,-0.6450926065444946,0.10050680488348007,0.1016659066081047,0.08389080315828323
2603,-0.6522459387779236,-0.6631217002868652,0.005612429231405258,0.005263341125100851,0.08386408537626266
2604,-0.6219238042831421,-0.6322699785232544,0.005361009389162064,0.004985140170902014,0.08383743464946747
2605,-0.623014509677887,-0.6351174116134644,0.005990604870021343,0.006112278904765844,0.08381083607673645
2606,-0.608613133430481,-0.6175873875617981,0.004866392817348242,0.004107825458049774,0.08378434181213379
2607,-0.6036721467971802,-0.6103967428207397,0.0037222974933683872,0.003002297366037965,0.08375781774520874
2608,-0.6528730988502502,-0.6620728969573975,0.004341361112892628,0.0048584481701254845,0.08373118191957474
2609,-0.6454763412475586,-0.6532555818557739,0.004963178187608719,0.0028160973452031612,0.08370444178581238
2610,-0.6002969741821289,-0.6063880324363708,0.002513943938538432,0.0035771105904132128,0.08367772400379181
2611,-0.6321821212768555,-0.6431823968887329,0.006351054646074772,0.0046492330729961395,0.0836508721113205
2612,-0.6115885972976685,-0.629056990146637,0.008546024560928345,0.008922364562749863,0.08362403512001038
2613,-0.39182043075561523,-0.6019113659858704,0.10887026786804199,0.10122068226337433,0.0835973396897316
2614,-0.4784950911998749,-0.6843195557594299,0.10410338640213013,0.10172107815742493,0.08357059955596924
2615,-0.5795990228652954,-0.5889525413513184,0.003135399194434285,0.006218137685209513,0.08354391902685165
2616,-0.5960052013397217,-0.6067110300064087,0.004041722510010004,0.0066640740260481834,0.08351725339889526
2617,-0.6643853783607483,-0.669361412525177,0.0025933892466127872,0.0023826505057513714,0.08349049836397171
2618,-0.6529890298843384,-0.6645368337631226,0.006082682870328426,0.005465155467391014,0.08346370607614517
2619,-0.6163811087608337,-0.6247106790542603,0.00463747326284647,0.0036921112332493067,0.08343695104122162
2620,-0.6152307987213135,-0.6360225081443787,0.012051831930875778,0.00873988401144743,0.08341015875339508
2621,-0.6281946897506714,-0.6443009972572327,0.008606680668890476,0.007499623578041792,0.08338337391614914
2622,-0.5855403542518616,-0.5938274264335632,0.003704286180436611,0.00458274083212018,0.08335661888122559
2623,-0.43907901644706726,-0.6491661071777344,0.10309091210365295,0.10699620097875595,0.08332981169223785
2624,-0.5938491821289062,-0.6069862246513367,0.006785216741263866,0.00635182112455368,0.08330299705266953
2625,-0.6012768149375916,-0.6124904155731201,0.006585636176168919,0.004627958405762911,0.08327628672122955
2626,-0.6226420402526855,-0.6318082213401794,0.005229955539107323,0.003936234395951033,0.08324972540140152
2627,-0.6487619876861572,-0.6653977632522583,0.007936889305710793,0.008698859252035618,0.08322309702634811
2628,-0.648409903049469,-0.6594839692115784,0.006093270611017942,0.004980824422091246,0.08319645375013351
2629,-0.6543178558349609,-0.660508394241333,0.0027403098065406084,0.0034502295311540365,0.08316979557275772
2630,-0.480970561504364,-0.6690488457679749,0.09481705725193024,0.0932612270116806,0.0831431895494461
2631,-0.595235288143158,-0.6033487319946289,0.004836273845285177,0.003277172800153494,0.08311661332845688
2632,-0.6596105694770813,-0.6705300807952881,0.006388560403138399,0.004530963022261858,0.08308998495340347
2633,-0.6277700066566467,-0.6382395029067993,0.004985499195754528,0.005483988672494888,0.08306337893009186
2634,-0.59884113073349,-0.6098343133926392,0.00511946901679039,0.005873736925423145,0.08303675055503845
2635,-0.6453397274017334,-0.6515432596206665,0.004074662923812866,0.0021288455463945866,0.08301016688346863
2636,-0.6038249135017395,-0.6173010468482971,0.007048303727060556,0.0064278156496584415,0.08298361301422119
2637,-0.44603434205055237,-0.6458711624145508,0.10068511962890625,0.09915170818567276,0.08295706659555435
2638,-0.6113102436065674,-0.6229611039161682,0.006273977924138308,0.005376872606575489,0.08293048292398453
2639,-0.6170849204063416,-0.6347787976264954,0.007738364860415459,0.00995555054396391,0.08290385454893112
2640,-0.6462843418121338,-0.6591291427612305,0.005934985354542732,0.006909766234457493,0.08287729322910309
2641,-0.652493417263031,-0.6644008755683899,0.006549864541739225,0.005357616581022739,0.08285084366798401
2642,-0.6127051711082458,-0.6231362819671631,0.005745557136833668,0.004685580730438232,0.08282441645860672
2643,-0.6466342806816101,-0.6593055129051208,0.006628199014812708,0.0060430243611335754,0.08279798179864883
2644,-0.6299191117286682,-0.640988826751709,0.006302829831838608,0.0047668758779764175,0.08277161419391632
2645,-0.6166444420814514,-0.6256847977638245,0.005114951636642218,0.003925366792827845,0.08274536579847336
2646,-0.6234068870544434,-0.640726625919342,0.00980373751372099,0.007516020443290472,0.08271913230419159
2647,-0.6282947659492493,-0.6367798447608948,0.004131832160055637,0.004353243857622147,0.08269290626049042
2648,-0.595781147480011,-0.6287797689437866,0.01572358049452305,0.01727503351867199,0.08266665041446686
2649,-0.6469692587852478,-0.6558896899223328,0.004352627322077751,0.004567823372781277,0.08264032751321793
2650,-0.6264203190803528,-0.6375189423561096,0.005955325905233622,0.005143275950103998,0.0826139822602272
2651,-0.6477425694465637,-0.657433271408081,0.004629046190530062,0.005061620380729437,0.08258771151304245
2652,-0.5859983563423157,-0.5967807769775391,0.005821185652166605,0.004961279220879078,0.08256150782108307
2653,-0.6504021286964417,-0.6590328812599182,0.004182629752904177,0.004448095336556435,0.08253533393144608
2654,-0.6426788568496704,-0.6542686820030212,0.006257758010178804,0.005332081113010645,0.08250922709703445
2655,-0.6256980895996094,-0.6302909255027771,0.002382198814302683,0.002210641745477915,0.08248303085565567
2656,-0.6285499930381775,-0.6370677947998047,0.004342559725046158,0.004175266250967979,0.08245673775672913
2657,-0.5897515416145325,-0.6073693037033081,0.007308464962989092,0.010309262201189995,0.08243049681186676
2658,-0.42409172654151917,-0.6270748972892761,0.10214446485042572,0.10083869099617004,0.08240434527397156
2659,-0.6102973222732544,-0.6209495663642883,0.005005860235542059,0.005646428093314171,0.08237827569246292
2660,-0.6231940984725952,-0.6353630423545837,0.006057343911379576,0.00611164141446352,0.08235228061676025
2661,-0.6621809601783752,-0.6713307499885559,0.004696264863014221,0.004453538451343775,0.0823262631893158
2662,-0.6081876158714294,-0.6229534149169922,0.00891077145934105,0.005855013150721788,0.08230026066303253
2663,-0.6380369067192078,-0.6455971002578735,0.003568418323993683,0.003991775680333376,0.08227420598268509
2664,-0.6229121088981628,-0.6366795897483826,0.007350229658186436,0.006417272612452507,0.08224812150001526
2665,-0.6139097809791565,-0.6303828358650208,0.007495819590985775,0.00897723063826561,0.08222204446792603
2666,-0.64981609582901,-0.6609585285186768,0.005507012363523245,0.005635456182062626,0.0821959376335144
2667,-0.621994137763977,-0.6311048865318298,0.004350306000560522,0.00476041529327631,0.08216974139213562
2668,-0.430040568113327,-0.6304941773414612,0.10090451687574387,0.09954908490180969,0.08214361220598221
2669,-0.6025806069374084,-0.6093066334724426,0.003986125346273184,0.0027398946695029736,0.08211739361286163
2670,-0.6477397084236145,-0.6537079811096191,0.002941825892776251,0.003026413032785058,0.08209112286567688
2671,-0.6153393387794495,-0.623099148273468,0.003903778735548258,0.0038559772074222565,0.08206485956907272
2672,-0.5891983509063721,-0.607955813407898,0.009097335860133171,0.009660123847424984,0.0820387676358223
2673,-0.6377455592155457,-0.6506472826004028,0.007344084791839123,0.005557639058679342,0.08201269805431366
2674,-0.653255045413971,-0.6700060963630676,0.008796154521405697,0.007954907603561878,0.08198657631874084
2675,-0.6357042789459229,-0.6436790227890015,0.003441124688833952,0.004533669445663691,0.08196048438549042
2676,-0.5929226875305176,-0.6055295467376709,0.004949622787535191,0.007657235488295555,0.08193451911211014
2677,-0.6530691981315613,-0.6605362892150879,0.004675636999309063,0.0027914606034755707,0.08190850168466568
2678,-0.583160936832428,-0.601738452911377,0.010841118171811104,0.007736400701105595,0.08188261091709137
2679,-0.6371714472770691,-0.6516469120979309,0.006611288525164127,0.007864165119826794,0.08185673505067825
2680,-0.44886988401412964,-0.6702806353569031,0.10955607891082764,0.1118546649813652,0.08183083683252335
2681,-0.6182188987731934,-0.6252599954605103,0.0035897339694201946,0.0034513582941144705,0.08180493116378784
2682,-0.6631811857223511,-0.6796008348464966,0.009322849102318287,0.007096846587955952,0.08177893608808517
2683,-0.42253199219703674,-0.6383606791496277,0.10881586372852325,0.10701283067464828,0.08175293356180191
2684,-0.6514663100242615,-0.6638258695602417,0.0067380452528595924,0.005621506832540035,0.08172687888145447
2685,-0.6031305193901062,-0.6158741116523743,0.006864952389150858,0.005878625437617302,0.08170080929994583
2686,-0.6473425626754761,-0.6563212275505066,0.00404806574806571,0.004930603317916393,0.08167469501495361
2687,-0.6531565189361572,-0.6684128642082214,0.007574133574962616,0.007682208903133869,0.08164862543344498
2688,-0.6694192886352539,-0.6765246987342834,0.0034337604884058237,0.0036716738250106573,0.08162257820367813
2689,-0.6592327952384949,-0.6676411628723145,0.004395074676722288,0.004013277590274811,0.08159658312797546
2690,-0.6591945886611938,-0.6656395196914673,0.003430984215810895,0.0030139603186398745,0.08157069981098175
2691,-0.6380045413970947,-0.6552727818489075,0.009538045153021812,0.007730196695774794,0.08154487609863281
2692,-0.4110572040081024,-0.6252426505088806,0.11036475747823715,0.10382071882486343,0.08151919394731522
2693,-0.6655784845352173,-0.6787825226783752,0.0049380469135940075,0.008265956304967403,0.08149350434541702
2694,-0.6546364426612854,-0.6604229211807251,0.0031769939232617617,0.002609467599540949,0.08146784454584122
2695,-0.6155480742454529,-0.6244098544120789,0.0047883992083370686,0.0040733590722084045,0.08144211024045944
2696,-0.6684510707855225,-0.676100492477417,0.004248012322932482,0.0034014014527201653,0.0814162865281105
2697,-0.6553385257720947,-0.6728344559669495,0.00826806016266346,0.009227853268384933,0.0813903957605362
2698,-0.6674668788909912,-0.6728311777114868,0.002838678425177932,0.00252564181573689,0.08136453479528427
2699,-0.6752444505691528,-0.682344913482666,0.0044249314814805984,0.002675557043403387,0.08133870363235474
2700,-0.6720114946365356,-0.6787704825401306,0.0032541516702622175,0.0035048227291554213,0.08131293207406998
2701,-0.6248717308044434,-0.6566693186759949,0.013707119040191174,0.018090475350618362,0.0812871903181076
2702,-0.5868580937385559,-0.6208974719047546,0.014848300255835056,0.019191110506653786,0.08126138150691986
2703,-0.6465259194374084,-0.6611554622650146,0.008566365577280521,0.006063187960535288,0.08123559504747391
2704,-0.6575927734375,-0.6707990169525146,0.0075684404000639915,0.0056378222070634365,0.08120976388454437
2705,-0.6770365238189697,-0.6821532249450684,0.00235688965767622,0.002759814728051424,0.0811840370297432
2706,-0.6668404936790466,-0.6744475364685059,0.003326422069221735,0.004280629567801952,0.08115831762552261
2707,-0.6217891573905945,-0.6304813027381897,0.005071267019957304,0.0036208557430654764,0.08113254606723785
2708,-0.6444143652915955,-0.6563539505004883,0.006198545917868614,0.005741038825362921,0.08110684156417847
2709,-0.6646589636802673,-0.6757470369338989,0.005572707392275333,0.005515324417501688,0.08108110725879669
2710,-0.6286252737045288,-0.6341630816459656,0.002288213698193431,0.003249569097533822,0.08105548471212387
2711,-0.6870441436767578,-0.6957458257675171,0.004158649127930403,0.004543031565845013,0.08102976530790329
2712,-0.5917821526527405,-0.6053322553634644,0.006822132505476475,0.006727997213602066,0.08100420981645584
2713,-0.6107943058013916,-0.6179471015930176,0.003799433121457696,0.003353361040353775,0.080978624522686
2714,-0.6208080053329468,-0.6346551775932312,0.007198873907327652,0.006648304406553507,0.08095310628414154
2715,-0.6195217967033386,-0.6333838701248169,0.00892433151602745,0.004937748424708843,0.08092745393514633
2716,-0.7112464904785156,-0.7239336967468262,0.0070356763899326324,0.005651533603668213,0.08090175688266754
2717,-0.632224440574646,-0.6503187417984009,0.009222623892128468,0.008871653117239475,0.08087622374296188
2718,-0.6849548816680908,-0.6951914429664612,0.004826286807656288,0.00541027681902051,0.0808505117893219
2719,-0.6261856555938721,-0.6349201202392578,0.004892546217888594,0.0038419642951339483,0.08082479983568192
2720,-0.6556554436683655,-0.664936900138855,0.004446846432983875,0.004834572318941355,0.08079905807971954
2721,-0.5997962355613708,-0.6107279658317566,0.005248612724244595,0.005683103110641241,0.08077339828014374
2722,-0.6303954124450684,-0.6364004611968994,0.0031474304851144552,0.002857652259990573,0.0807478278875351
2723,-0.6140201687812805,-0.6248134970664978,0.006114581134170294,0.004678720608353615,0.08072236180305481
2724,-0.6197507381439209,-0.632423460483551,0.006811284460127354,0.005861468613147736,0.0806969478726387
2725,-0.6137529015541077,-0.6242736577987671,0.0060421740636229515,0.004478600341826677,0.08067159354686737
2726,-0.6187853813171387,-0.6295852065086365,0.007177695631980896,0.0036221249029040337,0.08064622431993484
2727,-0.6761636734008789,-0.7047311067581177,0.01590866968035698,0.012658750638365746,0.08062073588371277
2728,-0.6293125152587891,-0.6346795558929443,0.002218222012743354,0.003148766001686454,0.08059524744749069
2729,-0.5924355387687683,-0.6165904998779297,0.013409813866019249,0.010745138861238956,0.08056996762752533
2730,-0.6479963660240173,-0.6549605131149292,0.004305644426494837,0.002658464014530182,0.080544613301754
2731,-0.6304551959037781,-0.6362570524215698,0.0032708351500332355,0.002531002275645733,0.08051944524049759
2732,-0.5929334759712219,-0.6023147106170654,0.006631910800933838,0.002749337814748287,0.08049433678388596
2733,-0.6633573770523071,-0.6696791648864746,0.0036882013082504272,0.0026335876900702715,0.08046918362379074
2734,-0.6606862545013428,-0.6673575043678284,0.004047200083732605,0.0026240525767207146,0.0804438441991806
2735,-0.6753236055374146,-0.6865898370742798,0.005892553832381964,0.005373644642531872,0.08041858673095703
2736,-0.5982109904289246,-0.607902467250824,0.00458866823464632,0.0051028113812208176,0.08039343357086182
2737,-0.6663467288017273,-0.6757717728614807,0.0050816610455513,0.004343366716057062,0.08036838471889496
2738,-0.6120016574859619,-0.623150110244751,0.007079645991325378,0.004068792797625065,0.08034338802099228
2739,-0.645555853843689,-0.6520475745201111,0.003785131499171257,0.002706603379920125,0.08031829446554184
2740,-0.6461073160171509,-0.6630228161811829,0.007019850891083479,0.009895638562738895,0.08029329031705856
2741,-0.6900860071182251,-0.6981928944587708,0.003930279519408941,0.004176593851298094,0.08026818186044693
2742,-0.6513264775276184,-0.6591104865074158,0.00408697035163641,0.00369705050252378,0.08024303615093231
2743,-0.6540429592132568,-0.6625552177429199,0.005514631513506174,0.0029976286459714174,0.08021789789199829
2744,-0.6541532278060913,-0.6638069748878479,0.0048280926421284676,0.004825642332434654,0.0801926776766777
2745,-0.6744543313980103,-0.6826338768005371,0.0037327269092202187,0.004446786362677813,0.08016740530729294
2746,-0.6418098211288452,-0.6516973972320557,0.005204084794968367,0.004683487582951784,0.0801420658826828
2747,-0.6438315510749817,-0.6566251516342163,0.007423815317451954,0.005369777325540781,0.08011669665575027
2748,-0.6488921642303467,-0.659080982208252,0.005647050216794014,0.004541728645563126,0.08009131252765656
2749,-0.6592471599578857,-0.6712583303451538,0.00585483992472291,0.006156316492706537,0.08006594330072403
2750,-0.44330963492393494,-0.6634579300880432,0.11050021648406982,0.10964808613061905,0.08004055917263031
2751,-0.6756190657615662,-0.6862901449203491,0.005112164653837681,0.005558880511671305,0.0800151601433754
2752,-0.6557698845863342,-0.667353630065918,0.006622255779802799,0.004961497150361538,0.07998985052108765
2753,-0.6508806943893433,-0.658579409122467,0.0037271135952323675,0.003971606492996216,0.07996442914009094
2754,-0.5853533148765564,-0.602265477180481,0.008075026795268059,0.008837145753204823,0.07993917167186737
2755,-0.7048962712287903,-0.7126408219337463,0.0036987727507948875,0.004045779816806316,0.07991404086351395
2756,-0.6169854402542114,-0.6326393485069275,0.00851667020469904,0.007137218490242958,0.07988908141851425
2757,-0.6267783641815186,-0.6389197111129761,0.007682650815695524,0.004458754323422909,0.07986417412757874
2758,-0.6671649217605591,-0.680391252040863,0.006092168390750885,0.007134158629924059,0.07983914017677307
2759,-0.598442554473877,-0.6138778924942017,0.007573953829705715,0.007861390709877014,0.07981407642364502
2760,-0.6514889597892761,-0.6575024127960205,0.0030140464659780264,0.002999446587637067,0.0797889232635498
2761,-0.6225776076316833,-0.6285858154296875,0.002998422598466277,0.0030098245479166508,0.07976379245519638
2762,-0.6666800379753113,-0.6769641041755676,0.0048082135617733,0.005475904792547226,0.07973866164684296
2763,-0.6215401291847229,-0.6332894563674927,0.006171592511236668,0.005577739793807268,0.07971359044313431
2764,-0.6013039946556091,-0.6088603734970093,0.0036213169805705547,0.003935033455491066,0.07968856394290924
2765,-0.6104071736335754,-0.6250009536743164,0.0062124356627464294,0.008381365798413754,0.07966338843107224
2766,-0.6644489765167236,-0.6783507466316223,0.0076622250489890575,0.0062395138666033745,0.07963825017213821
2767,-0.6578835248947144,-0.668749988079071,0.0059388806112110615,0.004927561152726412,0.0796131119132042
2768,-0.6718795895576477,-0.6789692044258118,0.0034501301124691963,0.0036394745111465454,0.07958804070949554
2769,-0.6807061433792114,-0.6875283122062683,0.004577428102493286,0.0022446841467171907,0.07956286519765854
2770,-0.6582961678504944,-0.6678516864776611,0.004631979390978813,0.004923535976558924,0.07953771948814392
2771,-0.6266598105430603,-0.6345614194869995,0.0049914149567484856,0.002910173498094082,0.07951255887746811
2772,-0.6741792559623718,-0.6807399988174438,0.003235133830457926,0.0033255931921303272,0.0794873833656311
2773,-0.6817367672920227,-0.6982758045196533,0.009503485634922981,0.007035527378320694,0.07946201413869858
2774,-0.6600380539894104,-0.6646411418914795,0.001871537882834673,0.002731542568653822,0.07943659275770187
2775,-0.653846025466919,-0.6638976335525513,0.005520002916455269,0.004531595855951309,0.07941121608018875
2776,-0.45928674936294556,-0.6631575226783752,0.10379621386528015,0.10007457435131073,0.07938592880964279
2777,-0.6339574456214905,-0.6474018096923828,0.006440427619963884,0.007003948092460632,0.07936064898967743
2778,-0.6434811949729919,-0.6607008576393127,0.008322776295244694,0.008896886371076107,0.07933557778596878
2779,-0.6912491917610168,-0.6971326470375061,0.003072376362979412,0.0028110938146710396,0.07931052148342133
2780,-0.6772104501724243,-0.6850923895835876,0.004416781011968851,0.003465161891654134,0.07928531616926193
2781,-0.6777829527854919,-0.6868554949760437,0.005336425732821226,0.0037361616268754005,0.0792602002620697
2782,-0.6237168908119202,-0.6330592632293701,0.003729702439159155,0.0056126900017261505,0.07923509180545807
2783,-0.6274995803833008,-0.636177659034729,0.005303020589053631,0.003375077387318015,0.07920996844768524
2784,-0.6756947040557861,-0.689102053642273,0.006713513284921646,0.006693856790661812,0.07918483763933182
2785,-0.6365330815315247,-0.6462156176567078,0.005370490252971649,0.00431203143671155,0.079159677028656
2786,-0.45325666666030884,-0.6518954634666443,0.10178419947624207,0.09685461223125458,0.0791344866156578
2787,-0.6901147961616516,-0.7003301978111267,0.0061303386464715,0.0040850513614714146,0.07910922169685364
2788,-0.5988056659698486,-0.6053739786148071,0.002975452458485961,0.0035928399302065372,0.07908403128385544
2789,-0.6340055465698242,-0.6418668627738953,0.004416387062519789,0.0034449221566319466,0.07905888557434082
2790,-0.6271530389785767,-0.6336766481399536,0.0027463319711387157,0.003777281614020467,0.07903383672237396
2791,-0.6817622780799866,-0.6932454109191895,0.006036587059497833,0.005446573253720999,0.07900883257389069
2792,-0.6854457855224609,-0.6975746154785156,0.006411602720618248,0.005717228166759014,0.07898378372192383
2793,-0.680166482925415,-0.6875574588775635,0.0034175182227045298,0.003973494283854961,0.07895877957344055
2794,-0.6502360701560974,-0.6608827114105225,0.005436831619590521,0.005209808237850666,0.07893385738134384
2795,-0.6165132522583008,-0.6270325183868408,0.004891911055892706,0.005627335514873266,0.07890903949737549
2796,-0.6152929067611694,-0.6269659996032715,0.006969171576201916,0.004703952930867672,0.07888425141572952
2797,-0.6514159440994263,-0.6628995537757874,0.005132130812853575,0.0063514928333461285,0.07885946333408356
2798,-0.6728363037109375,-0.682374894618988,0.005463047418743372,0.0040755379013717175,0.07883461564779282
2799,-0.6165576577186584,-0.6289054155349731,0.006104045081883669,0.006243682932108641,0.07880986481904984
2800,-0.6697708368301392,-0.678605854511261,0.004587212577462196,0.004247779026627541,0.07878502458333969
2801,-0.6375828981399536,-0.6488539576530457,0.005526854190975428,0.005744213238358498,0.07876010239124298
2802,-0.6525314450263977,-0.6596590876579285,0.0031961644999682903,0.003931459970772266,0.07873528450727463
2803,-0.6475127935409546,-0.6573578119277954,0.005329473875463009,0.004515517968684435,0.07871045172214508
2804,-0.45471450686454773,-0.6660091280937195,0.10484633594751358,0.10644827038049698,0.07868572324514389
2805,-0.633330762386322,-0.6676615476608276,0.018584005534648895,0.01574675738811493,0.07866094261407852
2806,-0.6224120259284973,-0.6325995922088623,0.005524712614715099,0.00466287974268198,0.07863617688417435
2807,-0.6185051798820496,-0.6265344619750977,0.004709421191364527,0.0033198848832398653,0.0786113366484642
2808,-0.6282039284706116,-0.6358432173728943,0.0044230688363313675,0.0032161795534193516,0.07858646661043167
2809,-0.64621901512146,-0.6534639000892639,0.003647726494818926,0.00359714706428349,0.07856161147356033
2810,-0.6632124185562134,-0.6737344264984131,0.004871727898716927,0.00565031124278903,0.07853677868843079
2811,-0.44054150581359863,-0.6761500835418701,0.11667867004871368,0.11892993748188019,0.07851208746433258
2812,-0.6296826004981995,-0.6448971629142761,0.00646559102460742,0.008748943917453289,0.0784873217344284
2813,-0.6291317939758301,-0.6414628624916077,0.006438558455556631,0.005892543587833643,0.07846257090568542
2814,-0.6656830906867981,-0.6722553372383118,0.003502040868625045,0.0030702357180416584,0.0784379169344902
2815,-0.6394308805465698,-0.6524449586868286,0.006676518823951483,0.0063375625759363174,0.07841336727142334
2816,-0.6171310544013977,-0.6295937895774841,0.008025135844945908,0.004437619354575872,0.0783887654542923
2817,-0.6366068720817566,-0.6447767019271851,0.0038760900497436523,0.004293758887797594,0.07836419343948364
2818,-0.6749022006988525,-0.6838433742523193,0.005253806244581938,0.003687384305521846,0.0783395916223526
2819,-0.6788739562034607,-0.6897993683815002,0.004767890088260174,0.00615749740973115,0.07831496000289917
2820,-0.7164252400398254,-0.7372010946273804,0.011921369470655918,0.008854498155415058,0.07829028367996216
2821,-0.6381250023841858,-0.6487665176391602,0.005157604347914457,0.005483943969011307,0.07826553285121918
2822,-0.6276765465736389,-0.6344867944717407,0.003216944867745042,0.0035932990722358227,0.07824081182479858
2823,-0.6441619992256165,-0.6517366170883179,0.004529842175543308,0.003044780343770981,0.07821617275476456
2824,-0.6525187492370605,-0.6592732667922974,0.0031332653015851974,0.0036212571430951357,0.07819162309169769
2825,-0.7174503803253174,-0.7259033918380737,0.004370139911770821,0.004082833882421255,0.07816697657108307
2826,-0.6490535736083984,-0.6582871675491333,0.004932131618261337,0.004301484674215317,0.07814245671033859
2827,-0.6388089656829834,-0.6485903859138489,0.005367768928408623,0.004413677845150232,0.07811790704727173
2828,-0.6830275654792786,-0.6937562227249146,0.0056855021975934505,0.005043169017881155,0.07809337973594666
2829,-0.6460676789283752,-0.655418872833252,0.0054826634004712105,0.003868541680276394,0.07806888222694397
2830,-0.6884412169456482,-0.7012491226196289,0.007704115938395262,0.005103763658553362,0.0780443549156189
2831,-0.6856668591499329,-0.6906979084014893,0.001917615532875061,0.003113447455689311,0.07801979780197144
2832,-0.6442438364028931,-0.6525723338127136,0.004866655450314283,0.003461854998022318,0.07799522578716278
2833,-0.6825363636016846,-0.6918290853500366,0.00513482466340065,0.00415789894759655,0.0779707059264183
2834,-0.6605364084243774,-0.6718794107437134,0.00651122210547328,0.004831820260733366,0.07794607430696487
2835,-0.6346418261528015,-0.6423180103302002,0.0046784826554358006,0.0029977005906403065,0.07792143523693085
2836,-0.6277883648872375,-0.6366428136825562,0.004044292028993368,0.0048101539723575115,0.07789686322212219
2837,-0.6579415202140808,-0.6646641492843628,0.004185755271464586,0.0025369026698172092,0.07787227630615234
2838,-0.6394386887550354,-0.6537265777587891,0.008229546248912811,0.006058311089873314,0.07784783095121384
2839,-0.653939962387085,-0.6631423830986023,0.004515958484262228,0.0046864887699484825,0.07782340794801712
2840,-0.6246071457862854,-0.6330257654190063,0.004899253603070974,0.0035193650983273983,0.07779906690120697
2841,-0.6383947730064392,-0.6500307321548462,0.0055433036759495735,0.006092685274779797,0.07777471840381622
2842,-0.7206841111183167,-0.7290356755256653,0.004075664095580578,0.004275937099009752,0.07775035500526428
2843,-0.6694539785385132,-0.6767599582672119,0.0041687679477036,0.0031372420489788055,0.07772596180438995
2844,-0.6810287833213806,-0.6848613619804382,0.0013136451598256826,0.0025189747102558613,0.07770159840583801
2845,-0.6717123985290527,-0.6940087676048279,0.010709612630307674,0.011586803942918777,0.07767704129219055
2846,-0.6712979674339294,-0.6823922991752625,0.005843175575137138,0.005251171998679638,0.0776524469256401
2847,-0.6860005855560303,-0.6935262084007263,0.003726723836734891,0.0037989034317433834,0.07762780785560608
2848,-0.6571099758148193,-0.6660709381103516,0.005482553970068693,0.003478403901681304,0.07760325819253922
2849,-0.672459602355957,-0.6809433102607727,0.003384797601029277,0.005098962225019932,0.07757868617773056
2850,-0.6452005505561829,-0.6583413481712341,0.006591328419744968,0.006549467798322439,0.07755424082279205
2851,-0.42156553268432617,-0.6355327367782593,0.10820724815130234,0.10575998574495316,0.07752984017133713
2852,-0.6741483211517334,-0.68125319480896,0.0033957427367568016,0.0037091600243002176,0.07750561088323593
2853,-0.6600853204727173,-0.6670531630516052,0.003851518500596285,0.0031163289677351713,0.07748125493526459
2854,-0.6973045468330383,-0.7038223743438721,0.003320873249322176,0.0031969596166163683,0.07745671272277832
2855,-0.6348190307617188,-0.650214433670044,0.008060467429459095,0.00733494758605957,0.07743220776319504
2856,-0.682165265083313,-0.7004129886627197,0.008834348060190678,0.009413376450538635,0.07740762084722519
2857,-0.676498293876648,-0.6864864230155945,0.004390629008412361,0.0055974507704377174,0.07738295197486877
2858,-0.661273717880249,-0.6817883253097534,0.01295417919754982,0.0075604477897286415,0.07735825330018997
2859,-0.6597707271575928,-0.7093374729156494,0.026475628837943077,0.02309112623333931,0.07733345031738281
2860,-0.6619905829429626,-0.7143994569778442,0.027853626757860184,0.024555277079343796,0.07730870693922043
2861,-0.6591786742210388,-0.6905394196510315,0.01708662137389183,0.014274097047746181,0.07728391885757446
2862,-0.6427366137504578,-0.6571037769317627,0.006513537839055061,0.007853646762669086,0.07725916057825089
2863,-0.4896604120731354,-0.7033693194389343,0.10612519085407257,0.10758372396230698,0.07723433524370193
2864,-0.6320478916168213,-0.6446821689605713,0.007004269864410162,0.005630028434097767,0.0772097036242485
2865,-0.6364677548408508,-0.6488281488418579,0.007015034090727568,0.005345325451344252,0.07718513160943985
2866,-0.6435868740081787,-0.6524452567100525,0.00412754388526082,0.00473082484677434,0.07716054469347
2867,-0.6806222200393677,-0.686598539352417,0.002512869192287326,0.0034634205512702465,0.07713586091995239
2868,-0.6667498350143433,-0.677176296710968,0.004984279628843069,0.005442188587039709,0.07711120694875717
2869,-0.7083631157875061,-0.7213940620422363,0.006695495452731848,0.006335457321256399,0.0770866647362709
2870,-0.6681612730026245,-0.6787064075469971,0.005785058252513409,0.004760094918310642,0.07706211507320404
2871,-0.6715609431266785,-0.6835030317306519,0.007897619158029556,0.0040444438345730305,0.07703757286071777
2872,-0.6895889043807983,-0.6964051127433777,0.0032930192537605762,0.0035231716465204954,0.0770130380988121
2873,-0.6600679159164429,-0.6692163348197937,0.005347554571926594,0.003800886683166027,0.07698849588632584
2874,-0.6771543025970459,-0.6952295303344727,0.009203813970088959,0.008871455676853657,0.07696399092674255
2875,-0.6959923505783081,-0.7075666189193726,0.005995871499180794,0.005578421056270599,0.07693946361541748
2876,-0.7086643576622009,-0.7151271104812622,0.003206463996320963,0.003256286261603236,0.07691484689712524
2877,-0.6437771320343018,-0.6523630023002625,0.00503337848931551,0.003552474547177553,0.07689042389392853
2878,-0.639431893825531,-0.6534925699234009,0.007324626669287682,0.006736050359904766,0.0768660306930542
2879,-0.6812554597854614,-0.69673091173172,0.009326864965260029,0.006148598622530699,0.07684173434972763
2880,-0.6626782417297363,-0.6739015579223633,0.007097833789885044,0.00412545632570982,0.0768173336982727
2881,-0.6692402362823486,-0.6759101152420044,0.0036555039696395397,0.0030143954791128635,0.07679294049739838
2882,-0.6579059362411499,-0.67014479637146,0.006686543580144644,0.005552302114665508,0.07676863670349121
2883,-0.6591360569000244,-0.6688240170478821,0.005959479603916407,0.0037285375874489546,0.07674425840377808
2884,-0.6645402312278748,-0.6804264187812805,0.009310686029493809,0.006575536914169788,0.07671990990638733
2885,-0.6444976329803467,-0.653714120388031,0.003972710110247135,0.005243802443146706,0.07669567316770554
2886,-0.6913332939147949,-0.6999950408935547,0.0039588687941432,0.004702864680439234,0.07667145133018494
2887,-0.6947771310806274,-0.7001173496246338,0.002403693273663521,0.002936567645519972,0.07664721459150314
2888,-0.646239697933197,-0.6652988791465759,0.008949979208409786,0.010109209455549717,0.0766230970621109
2889,-0.6955426335334778,-0.7052292227745056,0.004566546063870192,0.005120030604302883,0.07659906148910522
2890,-0.6781083345413208,-0.6886991858482361,0.0046948883682489395,0.0058959960006177425,0.07657504826784134
2891,-0.7011239528656006,-0.7100062966346741,0.003930329345166683,0.004952038172632456,0.07655100524425507
2892,-0.6300253868103027,-0.6431480050086975,0.007641639094799757,0.005481029395014048,0.07652701437473297
2893,-0.7142049670219421,-0.7310935258865356,0.006658884231001139,0.010229666717350483,0.07650294899940491
2894,-0.6387493014335632,-0.6459987759590149,0.0046472144313156605,0.0026022770907729864,0.07647892832756042
2895,-0.6759797930717468,-0.6809850335121155,0.002003987319767475,0.0030012771021574736,0.0764550268650055
2896,-0.4345717430114746,-0.6469444632530212,0.10938074439764023,0.1029919981956482,0.07643115520477295
2897,-0.6946477293968201,-0.7044417858123779,0.004460087511688471,0.005333933047950268,0.07640721648931503
2898,-0.6854660511016846,-0.7022274136543274,0.00897680688649416,0.007784552406519651,0.07638333737850189
2899,-0.6145198941230774,-0.6211875081062317,0.0029177977703511715,0.0037497952580451965,0.07635955512523651
2900,-0.6832343339920044,-0.6902422308921814,0.0033561086747795343,0.0036517754197120667,0.07633574306964874
2901,-0.65574049949646,-0.6659209728240967,0.004380346275866032,0.005800133105367422,0.07631192356348038
2902,-0.6167786121368408,-0.6689667701721191,0.028509967029094696,0.023678194731473923,0.07628807425498962
2903,-0.6590146422386169,-0.6738172173500061,0.008952838368713856,0.0058497413992881775,0.07626420259475708
2904,-0.6785634160041809,-0.6941297650337219,0.006749081891030073,0.008817249909043312,0.07624038308858871
2905,-0.6799409985542297,-0.6879266500473022,0.0036037771496921778,0.0043819076381623745,0.07621651887893677
2906,-0.6275262832641602,-0.6437548995018005,0.009440724737942219,0.0067878845147788525,0.07619282603263855
2907,-0.6713295578956604,-0.6850192546844482,0.007047776132822037,0.006641922984272242,0.07616912573575974
2908,-0.6330442428588867,-0.6504335403442383,0.008817045949399471,0.008572295308113098,0.07614539563655853
2909,-0.7046229243278503,-0.7131803035736084,0.005572871305048466,0.002984515856951475,0.07612163573503494
2910,-0.6954736709594727,-0.7056916356086731,0.004616475198417902,0.005601458717137575,0.07609782367944717
2911,-0.66209876537323,-0.670854389667511,0.005224906839430332,0.0035307540092617273,0.07607407867908478
2912,-0.7052519917488098,-0.7157385349273682,0.004396168515086174,0.006090396083891392,0.0760502889752388
2913,-0.6610268950462341,-0.6770557761192322,0.008997557684779167,0.007031333167105913,0.0760265588760376
2914,-0.6792501211166382,-0.6940551996231079,0.006998657248914242,0.0078064133413136005,0.07600285112857819
2915,-0.7475141286849976,-0.7541346549987793,0.002568933879956603,0.00405159592628479,0.07597897201776505
2916,-0.6731690764427185,-0.6820645332336426,0.005295475013554096,0.0036000050604343414,0.07595521211624146
2917,-0.6867346167564392,-0.716141939163208,0.014267196878790855,0.01514009665697813,0.07593151181936264
2918,-0.6952126622200012,-0.7069733738899231,0.006424659863114357,0.005336069501936436,0.07590784877538681
2919,-0.678794264793396,-0.6947245001792908,0.006658797152340412,0.00927142333239317,0.07588422298431396
2920,-0.7062806487083435,-0.7146275043487549,0.003771216608583927,0.0045756129547953606,0.07586072385311127
2921,-0.6072661280632019,-0.6263213753700256,0.00979138445109129,0.009263867512345314,0.07583724707365036
2922,-0.6741957664489746,-0.6848638653755188,0.005740130785852671,0.004928000271320343,0.07581376284360886
2923,-0.6964937448501587,-0.7052682042121887,0.004834177903831005,0.003940303809940815,0.07579030841588974
2924,-0.645576000213623,-0.658302903175354,0.004252525512129068,0.008474376983940601,0.07576685398817062
2925,-0.7025954127311707,-0.7161158323287964,0.006624114699661732,0.006896319333463907,0.07574345171451569
2926,-0.7129255533218384,-0.7193981409072876,0.0035084360279142857,0.00296411314047873,0.07572002708911896
2927,-0.6782739758491516,-0.6885213255882263,0.005323363468050957,0.004923974629491568,0.07569658011198044
2928,-0.6416797637939453,-0.6502061486244202,0.004481631331145763,0.004044742789119482,0.07567322999238968
2929,-0.7095192074775696,-0.719670832157135,0.005724363494664431,0.004427272826433182,0.07564988732337952
2930,-0.6980845928192139,-0.7049131989479065,0.003569904947653413,0.003258705837652087,0.07562646269798279
2931,-0.6661044359207153,-0.6806657314300537,0.007330655585974455,0.007230624556541443,0.07560304552316666
2932,-0.6660540699958801,-0.6771319508552551,0.005802604369819164,0.005275258794426918,0.07557963579893112
2933,-0.7144069075584412,-0.7230972051620483,0.004151015542447567,0.004539318848401308,0.07555612176656723
2934,-0.6899917125701904,-0.6951889991760254,0.0028277055826038122,0.002369598252698779,0.07553260028362274
2935,-0.6454936861991882,-0.6555389165878296,0.006747306324541569,0.0032979126553982496,0.07550919055938721
2936,-0.6513422131538391,-0.6598070859909058,0.004638410173356533,0.0038264458999037743,0.0754857063293457
2937,-0.6730695962905884,-0.6865229606628418,0.006828277837485075,0.0066251191310584545,0.0754622370004654
2938,-0.6733461022377014,-0.6841717958450317,0.0062126293778419495,0.0046130577102303505,0.07543881982564926
2939,-0.68623286485672,-0.6995689868927002,0.005914260633289814,0.0074218520894646645,0.07541538774967194
2940,-0.689492404460907,-0.6980180144309998,0.00393310422077775,0.004592488519847393,0.07539190351963043
2941,-0.6646494269371033,-0.677765965461731,0.00693949218839407,0.006177043542265892,0.0753684714436531
2942,-0.6990732550621033,-0.708924412727356,0.004257670138031244,0.005593461450189352,0.07534511387348175
2943,-0.630480170249939,-0.6394662857055664,0.0037634281907230616,0.005222648847848177,0.07532181590795517
2944,-0.6667752861976624,-0.6728035807609558,0.003942891489714384,0.0020853918977081776,0.07529853284358978
2945,-0.6767093539237976,-0.6867918372154236,0.0046244775876402855,0.005458007100969553,0.07527517527341843
2946,-0.6523094773292542,-0.6620737910270691,0.0051293810829520226,0.004634910263121128,0.07525170594453812
2947,-0.6529034972190857,-0.6802741885185242,0.013921822421252728,0.013448896817862988,0.07522815465927124
2948,-0.6472749710083008,-0.6812735199928284,0.01599384844303131,0.01800468936562538,0.07520466297864914
2949,-0.7021434903144836,-0.7104734182357788,0.0046031298115849495,0.0037267906591296196,0.07518114149570465
2950,-0.6877355575561523,-0.6980634331703186,0.0047509558498859406,0.005576913245022297,0.0751575380563736
2951,-0.7759323120117188,-0.782139003276825,0.003653361229225993,0.0025533572770655155,0.07513376325368881
2952,-0.7080097198486328,-0.7138055562973022,0.0032933244947344065,0.00250250450335443,0.07511001080274582
2953,-0.6493622660636902,-0.6649832725524902,0.006559088826179504,0.0090619046241045,0.07508625090122223
2954,-0.7409348487854004,-0.7526249885559082,0.006476911250501871,0.005213193129748106,0.0750623568892479
2955,-0.6857699155807495,-0.6955804228782654,0.004038831684738398,0.005771673750132322,0.07503849267959595
2956,-0.7166587710380554,-0.7231071591377258,0.003058592788875103,0.0033897478133440018,0.07501468062400818
2957,-0.7270410656929016,-0.7419766187667847,0.00786921288818121,0.007066397462040186,0.07499082386493683
2958,-0.7314937710762024,-0.747076690196991,0.007516785524785519,0.008066135458648205,0.07496694475412369
2959,-0.6657053232192993,-0.7044174075126648,0.020097510889172554,0.01861461251974106,0.07494310289621353
2960,-0.6799150109291077,-0.6899633407592773,0.006289297249168158,0.0037590099964290857,0.0749192163348198
2961,-0.720925509929657,-0.7308983206748962,0.005454489961266518,0.004518311936408281,0.07489539682865143
2962,-0.6421355605125427,-0.6503262519836426,0.0038639032281935215,0.0043267784640192986,0.07487166672945023
2963,-0.6342593431472778,-0.6460252404212952,0.00515769375488162,0.006608177442103624,0.07484801858663559
2964,-0.6953468918800354,-0.7141022682189941,0.010642162524163723,0.008113197982311249,0.07482435554265976
2965,-0.6822175979614258,-0.6908541321754456,0.0042387316934764385,0.004397784359753132,0.07480087131261826
2966,-0.6464313268661499,-0.654075026512146,0.004031348042190075,0.0036123201716691256,0.07477747648954391
2967,-0.6769629716873169,-0.6884303689002991,0.006223578937351704,0.005243849940598011,0.07475408911705017
2968,-0.7106709480285645,-0.7186160087585449,0.0043710097670555115,0.0035740977618843317,0.07473063468933105
2969,-0.6864590644836426,-0.7003880143165588,0.008033312857151031,0.005895587615668774,0.0747070461511612
2970,-0.7197679281234741,-0.7332975268363953,0.008316206745803356,0.005213375668972731,0.07468334585428238
2971,-0.6699444055557251,-0.678615391254425,0.004046089015901089,0.004624885506927967,0.07465959340333939
2972,-0.695972740650177,-0.7047077417373657,0.004070190712809563,0.004664826672524214,0.07463590800762177
2973,-0.6982373595237732,-0.706264317035675,0.004755999427288771,0.003270987654104829,0.07461228221654892
2974,-0.7241352796554565,-0.7354338765144348,0.005699881352484226,0.005598737392574549,0.07458880543708801
2975,-0.6412198543548584,-0.6516348719596863,0.005312425084412098,0.005102550145238638,0.07456538826227188
2976,-0.7416801452636719,-0.7504470348358154,0.0039397431537508965,0.004827153403311968,0.0745418518781662
2977,-0.6875631213188171,-0.6931997537612915,0.002780945273116231,0.0028556743636727333,0.07451830804347992
2978,-0.6873213648796082,-0.6963361501693726,0.00468043889850378,0.004334328230470419,0.07449480891227722
2979,-0.7038586139678955,-0.7099556922912598,0.0037130045238882303,0.0023840491194278,0.07447130978107452
2980,-0.7003386616706848,-0.7139482498168945,0.006288790609687567,0.007320811040699482,0.07444778829813004
2981,-0.6963521838188171,-0.7072696685791016,0.00499809579923749,0.005919421091675758,0.07442423701286316
2982,-0.6674505472183228,-0.6756225824356079,0.003430754877626896,0.004741250537335873,0.07440075278282166
2983,-0.6964439749717712,-0.7087563872337341,0.005540510639548302,0.00677193608134985,0.07437730580568314
2984,-0.6803900003433228,-0.6926678419113159,0.005052989348769188,0.007224846165627241,0.07435388118028641
2985,-0.6722148656845093,-0.6831915378570557,0.005133700557053089,0.005842993501573801,0.07433047145605087
2986,-0.7151293754577637,-0.7220739126205444,0.004179817158728838,0.002764688106253743,0.07430700957775116
2987,-0.7293918132781982,-0.7374183535575867,0.0038425028324127197,0.004184009972959757,0.07428348809480667
2988,-0.6720651388168335,-0.6834976673126221,0.005996772553771734,0.00543578714132309,0.07425998896360397
2989,-0.6699098944664001,-0.6787487864494324,0.00505313603207469,0.003785747569054365,0.07423654943704605
2990,-0.6834559440612793,-0.6905537843704224,0.002301228465512395,0.004796599969267845,0.0742131918668747
2991,-0.7231305241584778,-0.7347323298454285,0.005289755761623383,0.006312079727649689,0.07418980449438095
2992,-0.6834664344787598,-0.6964044570922852,0.006268629804253578,0.006669372785836458,0.07416647672653198
2993,-0.7516043782234192,-0.7622314691543579,0.005737503990530968,0.0048895892687141895,0.0741431713104248
2994,-0.7166974544525146,-0.7284832000732422,0.006575388368219137,0.005210360512137413,0.07411991059780121
2995,-0.6818711757659912,-0.6933885812759399,0.005752249155193567,0.00576513446867466,0.07409659028053284
2996,-0.6853196024894714,-0.6940907835960388,0.004839774686843157,0.003931418992578983,0.07407324016094208
2997,-0.6802371144294739,-0.7313024401664734,0.028642985969781876,0.02242232859134674,0.07404986023902893
2998,-0.6920115351676941,-0.7009681463241577,0.00390775129199028,0.00504886731505394,0.07402642071247101
2999,-0.6956422924995422,-0.7008602023124695,0.0025992451701313257,0.0026186818722635508,0.07400291413068771
3000,-0.7056660652160645,-0.7129662036895752,0.0035554682835936546,0.0037446683272719383,0.07397941499948502
3001,-0.6762185096740723,-0.6819884181022644,0.003151313401758671,0.002618582220748067,0.07395590841770172
3002,-0.6744007468223572,-0.6833462119102478,0.004502855706959963,0.004442655015736818,0.07393240928649902
3003,-0.6826383471488953,-0.6896531581878662,0.0035134139470756054,0.003501391038298607,0.07390902191400528
3004,-0.7208678722381592,-0.7327224016189575,0.0071233054623007774,0.004731220658868551,0.07388560473918915
3005,-0.7039607167243958,-0.71849524974823,0.006874061655253172,0.007660447619855404,0.07386225461959839
3006,-0.6935584545135498,-0.700221836566925,0.003312437329441309,0.0033509638160467148,0.07383902370929718
3007,-0.6652554869651794,-0.6788623332977295,0.007201514672487974,0.006405369378626347,0.07381584495306015
3008,-0.678493320941925,-0.691950261592865,0.007627168204635382,0.005829737521708012,0.07379262149333954
3009,-0.6971395015716553,-0.7055656909942627,0.005896330811083317,0.0025298327673226595,0.07376953959465027
3010,-0.6751210689544678,-0.6911302804946899,0.009751858189702034,0.006257378496229649,0.07374650239944458
3011,-0.6690359711647034,-0.6800087690353394,0.005939923692494631,0.005032885819673538,0.07372352480888367
3012,-0.7195854783058167,-0.7266066670417786,0.004523253533989191,0.002497925888746977,0.07370053976774216
3013,-0.7102720737457275,-0.7195624113082886,0.004524818621575832,0.004765507765114307,0.07367752492427826
3014,-0.683657705783844,-0.69657963514328,0.0060955192893743515,0.006826409138739109,0.07365448027849197
3015,-0.7118775248527527,-0.7204428911209106,0.004050528630614281,0.004514806438237429,0.0736314058303833
3016,-0.6985854506492615,-0.707344114780426,0.004596084821969271,0.0041625406593084335,0.0736083835363388
3017,-0.7037836909294128,-0.7104145884513855,0.002962145721539855,0.0036687306128442287,0.07358523458242416
3018,-0.6587443947792053,-0.699265718460083,0.020565154030919075,0.019956152886152267,0.07356210052967072
3019,-0.7294778227806091,-0.7376085519790649,0.004082619212567806,0.004048112779855728,0.07353895157575607
3020,-0.7030715942382812,-0.7125993967056274,0.004075916483998299,0.005451887845993042,0.07351575791835785
3021,-0.6793127655982971,-0.6915826797485352,0.0060888128355145454,0.006181136704981327,0.0734926089644432
3022,-0.664078414440155,-0.6757527589797974,0.005494464188814163,0.006179844029247761,0.07346953451633453
3023,-0.7049501538276672,-0.7144598960876465,0.004660462494939566,0.004849253688007593,0.07344648987054825
3024,-0.7253385782241821,-0.7323508262634277,0.003209831193089485,0.003802418941631913,0.07342344522476196
3025,-0.7254096269607544,-0.7355482578277588,0.00592843908816576,0.004210196435451508,0.07340044528245926
3026,-0.70783931016922,-0.7188701033592224,0.0049065398052334785,0.006124279461801052,0.07337754219770432
3027,-0.6330336332321167,-0.6414574980735779,0.0037965518422424793,0.004627288784831762,0.07335468381643295
3028,-0.7005568742752075,-0.706267237663269,0.0026205009780824184,0.0030898733530193567,0.07333186268806458
3029,-0.7028606534004211,-0.710422933101654,0.003586770733818412,0.003975522238761187,0.07330899685621262
3030,-0.6499530076980591,-0.6618391275405884,0.0060325246304273605,0.005853607784956694,0.07328617572784424
3031,-0.6690244674682617,-0.6966294050216675,0.014340173453092575,0.013264782726764679,0.07326344400644302
3032,-0.7183645367622375,-0.726352334022522,0.004049065988510847,0.003938745707273483,0.07324070483446121
3033,-0.6849435567855835,-0.6971980333328247,0.007287668064236641,0.004966821055859327,0.07321801036596298
3034,-0.684420108795166,-0.6937662363052368,0.003692947793751955,0.005653179716318846,0.07319539040327072
3035,-0.6944729089736938,-0.6988193988800049,0.002360768150538206,0.0019857457373291254,0.07317272573709488
3036,-0.6811848282814026,-0.6958290934562683,0.00885001104325056,0.005794231314212084,0.073150135576725
3037,-0.675024688243866,-0.684583306312561,0.004319258965551853,0.005239379592239857,0.07312753796577454
3038,-0.6721268892288208,-0.6812030076980591,0.004994203802198172,0.00408189557492733,0.0731048732995987
3039,-0.6561331748962402,-0.6657972931861877,0.005701894871890545,0.00396223459392786,0.07308218628168106
3040,-0.7067287564277649,-0.7403630018234253,0.018631622195243835,0.015002594329416752,0.07305938005447388
3041,-0.7318464517593384,-0.7397472858428955,0.004277543164789677,0.003623299766331911,0.07303652912378311
3042,-0.7225193977355957,-0.73017418384552,0.005549401044845581,0.002105328720062971,0.07301367074251175
3043,-0.6926631331443787,-0.7003703117370605,0.004643040709197521,0.0030641676858067513,0.07299081981182098
3044,-0.7238669991493225,-0.7334175109863281,0.004905244801193476,0.004645283799618483,0.07296791672706604
3045,-0.6686052680015564,-0.6789660453796387,0.003893140936270356,0.006467614322900772,0.07294506579637527
3046,-0.6759279370307922,-0.6851433515548706,0.004783434793353081,0.004431945737451315,0.07292219996452332
3047,-0.6954753398895264,-0.7054478526115417,0.004939456004649401,0.005033070687204599,0.07289934158325195
3048,-0.6808671951293945,-0.6995580196380615,0.009328548796474934,0.009362280368804932,0.07287660986185074
3049,-0.6636785864830017,-0.718728244304657,0.028818124905228615,0.026231549680233,0.07285384833812714
3050,-0.7249068021774292,-0.7334778904914856,0.0047635966911911964,0.003807484172284603,0.07283104956150055
3051,-0.7044519186019897,-0.716497004032135,0.005487960763275623,0.006557135377079248,0.07280830293893814
3052,-0.4724440574645996,-0.6847387552261353,0.1069127693772316,0.10538192093372345,0.0727856233716011
3053,-0.6531241536140442,-0.6607490181922913,0.002932225354015827,0.004692630842328072,0.07276290655136108
3054,-0.6892211437225342,-0.694919764995575,0.0026016286574304104,0.0030969795770943165,0.07274020463228226
3055,-0.7163420915603638,-0.7236880660057068,0.0036250802222639322,0.0037208679132163525,0.07271753996610641
3056,-0.6862174272537231,-0.6980171203613281,0.005368156358599663,0.00643154326826334,0.07269483059644699
3057,-0.7196480631828308,-0.7260739207267761,0.0031103298533707857,0.003315507434308529,0.07267200946807861
3058,-0.6932107210159302,-0.7006928324699402,0.0033460089471191168,0.004136077128350735,0.07264906913042068
3059,-0.7025566697120667,-0.710922360420227,0.004267767071723938,0.004097935743629932,0.07262615859508514
3060,-0.4905201196670532,-0.7116256952285767,0.11080078780651093,0.11030477285385132,0.07260332256555557
3061,-0.7256829142570496,-0.738739013671875,0.004525219090282917,0.008530844934284687,0.0725804790854454
3062,-0.702032744884491,-0.7093008756637573,0.003034639172255993,0.004233464132994413,0.07255767285823822
3063,-0.667732298374176,-0.6809199452400208,0.0073213293217122555,0.005866263527423143,0.07253489643335342
3064,-0.6465944051742554,-0.6653851866722107,0.010126220993697643,0.00866454467177391,0.07251222431659698
3065,-0.6820170879364014,-0.6931620836257935,0.005468280520290136,0.005676679778844118,0.07248950004577637
3066,-0.7314116954803467,-0.7437950372695923,0.006557451095432043,0.005825906991958618,0.07246672362089157
3067,-0.6741185188293457,-0.6825711131095886,0.004309454001486301,0.004143126774579287,0.07244400680065155
3068,-0.7238680124282837,-0.7336951494216919,0.0044465926475822926,0.005380596034228802,0.07242126017808914
3069,-0.7218320965766907,-0.7328540086746216,0.005819723010063171,0.005202166736125946,0.07239845395088196
3070,-0.7562803030014038,-0.7643771171569824,0.004281858913600445,0.0038149571046233177,0.07237565517425537
3071,-0.6855896711349487,-0.6933466792106628,0.0042666662484407425,0.003490347182378173,0.07235284894704819
3072,-0.7019243240356445,-0.7197134494781494,0.010436538606882095,0.007352614309638739,0.0723300650715828
3073,-0.7321431636810303,-0.7436860799789429,0.00489745894446969,0.0066454485058784485,0.07230718433856964
3074,-0.6549072265625,-0.6670438051223755,0.006693188101053238,0.00544341653585434,0.07228445261716843
3075,-0.7288932204246521,-0.736342191696167,0.0034195734187960625,0.004029405768960714,0.07226182520389557
3076,-0.7212391495704651,-0.7277439832687378,0.0034429056104272604,0.003061976283788681,0.07223920524120331
3077,-0.7383809089660645,-0.7473123073577881,0.005427439697086811,0.0035039992071688175,0.07221654802560806
3078,-0.6804467439651489,-0.6866536736488342,0.0033420880790799856,0.0028648260049521923,0.07219385355710983
3079,-0.7192320823669434,-0.7310083508491516,0.005463220179080963,0.006313019432127476,0.07217121124267578
3080,-0.7523595690727234,-0.7642233967781067,0.00513455318287015,0.006729236803948879,0.07214858382940292
3081,-0.724949061870575,-0.73291015625,0.0038823215290904045,0.004078726749867201,0.07212600111961365
3082,-0.7131952047348022,-0.7225350141525269,0.005518471822142601,0.0038212842773646116,0.07210339605808258
3083,-0.6791074275970459,-0.6872549057006836,0.003436817554756999,0.004710661247372627,0.07208075374364853
3084,-0.6726090908050537,-0.6800845265388489,0.003636209759861231,0.003839259035885334,0.07205811142921448
3085,-0.6732926368713379,-0.7210812568664551,0.02550364099442959,0.022284965962171555,0.07203545421361923
3086,-0.6146422028541565,-0.6256494522094727,0.004985862411558628,0.006021377630531788,0.07201278954744339
3087,-0.7337638139724731,-0.7445668578147888,0.006272478960454464,0.0045305718667805195,0.07199016213417053
3088,-0.7283686399459839,-0.7352217435836792,0.003358269575983286,0.003494854085147381,0.07196752727031708
3089,-0.6883419752120972,-0.7022980451583862,0.006688141264021397,0.007267962209880352,0.07194491475820541
3090,-0.6350111365318298,-0.6440017819404602,0.004585152491927147,0.004405499901622534,0.07192229479551315
3091,-0.6535699963569641,-0.6654345989227295,0.006177266128361225,0.005687349010258913,0.07189968228340149
3092,-0.7290993928909302,-0.7385215163230896,0.004525982774794102,0.0048961397260427475,0.07187701761722565
3093,-0.6859919428825378,-0.6938270926475525,0.0036754293832927942,0.004159774165600538,0.07185443490743637
3094,-0.6831739544868469,-0.691045880317688,0.003715227358043194,0.004156729206442833,0.0718318298459053
3095,-0.7241913080215454,-0.7343289852142334,0.0056609418243169785,0.004476736765354872,0.07180922478437424
3096,-0.6976903080940247,-0.7063857913017273,0.0043118963949382305,0.0043835886754095554,0.0717865601181984
3097,-0.7013517618179321,-0.7119414806365967,0.005825476720929146,0.00476422905921936,0.07176396995782852
3098,-0.6728793382644653,-0.6794830560684204,0.004368194378912449,0.0022355567198246717,0.07174143940210342
3099,-0.6842039227485657,-0.698110044002533,0.008055421523749828,0.00585069740191102,0.07171911001205444
3100,-0.7162626385688782,-0.7278921604156494,0.005009892862290144,0.006619633175432682,0.07169675827026367
3101,-0.7121568918228149,-0.7201846837997437,0.003743694396689534,0.00428410479798913,0.07167445868253708
3102,-0.7457160353660583,-0.7543196082115173,0.0050435541197657585,0.003559978911653161,0.07165198773145676
3103,-0.7551894783973694,-0.7676427364349365,0.005042010918259621,0.007411264348775148,0.07162941247224808
3104,-0.7216054797172546,-0.7299103140830994,0.003162851557135582,0.005141996778547764,0.0716068223118782
3105,-0.7078427672386169,-0.716045618057251,0.0039178491570055485,0.004284962546080351,0.07158433645963669
3106,-0.7115200757980347,-0.719006359577179,0.003615667810663581,0.0038705929182469845,0.07156185060739517
3107,-0.6909210681915283,-0.6965802907943726,0.002895164769142866,0.0027640163898468018,0.07153941690921783
3108,-0.707068681716919,-0.713391900062561,0.00342597090639174,0.002897255588322878,0.0715169906616211
3109,-0.6799964904785156,-0.6982408761978149,0.009676096960902214,0.008568297140300274,0.07149462401866913
3110,-0.6945886611938477,-0.7051407694816589,0.006917772348970175,0.0036343534011393785,0.07147230952978134
3111,-0.48434197902679443,-0.6889193654060364,0.10083132237195969,0.10374604165554047,0.07145004719495773
3112,-0.742240309715271,-0.7536106705665588,0.005647914484143257,0.005722478963434696,0.07142764329910278
3113,-0.4706498682498932,-0.688194751739502,0.11037346720695496,0.10717137902975082,0.0714053064584732
3114,-0.6763905882835388,-0.6840487122535706,0.004935365170240402,0.002722721314057708,0.07138293981552124
3115,-0.6833059787750244,-0.6947709321975708,0.004720254335552454,0.006744680926203728,0.07136056572198868
3116,-0.6992023587226868,-0.7064618468284607,0.004054894205182791,0.0032045587431639433,0.07133814692497253
3117,-0.4522215723991394,-0.6686937212944031,0.1091347262263298,0.10733742266893387,0.07131581753492355
3118,-0.6872479915618896,-0.6954677700996399,0.0037076743319630623,0.004512155428528786,0.07129339128732681
3119,-0.729857861995697,-0.7359970808029175,0.0035918974317610264,0.002547294832766056,0.07127095758914948
3120,-0.7263202667236328,-0.7345802187919617,0.003846680512651801,0.004413268528878689,0.07124844938516617
3121,-0.6541577577590942,-0.6639000177383423,0.005270866677165031,0.0044714403338730335,0.07122592628002167
3122,-0.7664195895195007,-0.7730137705802917,0.003926165867596865,0.0026680121663957834,0.07120323926210403
3123,-0.7262780070304871,-0.7319724559783936,0.0023027232382446527,0.003391728037968278,0.07118059694766998
3124,-0.6905522346496582,-0.6994296312332153,0.004704656545072794,0.004172755405306816,0.07115811854600906
3125,-0.7313506603240967,-0.7418742179870605,0.005827655550092459,0.00469586905092001,0.07113584131002426
3126,-0.7239394187927246,-0.7345956563949585,0.0051119038835167885,0.0055442797020077705,0.07111349701881409
3127,-0.6746308207511902,-0.6823040246963501,0.0033646519295871258,0.0043085855431854725,0.0710911825299263
3128,-0.7217439413070679,-0.7276761531829834,0.0022922141943126917,0.003640011651441455,0.07106901705265045
3129,-0.6716715693473816,-0.6853713989257812,0.007152071688324213,0.006547731813043356,0.07104679197072983
3130,-0.7471766471862793,-0.7533053755760193,0.00315811182372272,0.002970620058476925,0.07102461904287338
3131,-0.6855803728103638,-0.6977853775024414,0.005117558408528566,0.007087491452693939,0.07100237905979156
3132,-0.7179709076881409,-0.7271450161933899,0.003975166007876396,0.005198982544243336,0.0709800198674202
3133,-0.7026384472846985,-0.7183003425598145,0.00882303062826395,0.006838848814368248,0.07095757871866226
3134,-0.6814850568771362,-0.6858805418014526,0.0025779041461646557,0.0018175822915509343,0.07093530148267746
3135,-0.6948390603065491,-0.7082045078277588,0.0066563840955495834,0.006709059700369835,0.07091294974088669
3136,-0.7610574960708618,-0.7698299288749695,0.004806983284652233,0.003965460229665041,0.07089053094387054
3137,-0.7167813181877136,-0.7252028584480286,0.005418218206614256,0.0030032724607735872,0.07086819410324097
3138,-0.7377716898918152,-0.7474507093429565,0.00616146344691515,0.003517555072903633,0.07084585726261139
3139,-0.6527745723724365,-0.7137901186943054,0.03077799640595913,0.03023754432797432,0.07082361727952957
3140,-0.7098503708839417,-0.718830406665802,0.004528694786131382,0.0044513544999063015,0.07080138474702835
3141,-0.6429713368415833,-0.6503338813781738,0.0031544039957225323,0.00420814985409379,0.07077925652265549
3142,-0.7181097865104675,-0.7247489094734192,0.0029489686712622643,0.0036901766434311867,0.0707571730017662
3143,-0.6903983950614929,-0.7274040579795837,0.017026185989379883,0.019979503005743027,0.0707351416349411
3144,-0.747346043586731,-0.7556844353675842,0.005495380610227585,0.0028430037200450897,0.07071314007043839
3145,-0.714187741279602,-0.7230109572410583,0.00490198889747262,0.00392118701711297,0.07069113850593567
3146,-0.725012481212616,-0.7583805322647095,0.01511120144277811,0.018256841227412224,0.07066909968852997
3147,-0.7079949975013733,-0.7150729298591614,0.003414550796151161,0.003663338953629136,0.07064704596996307
3148,-0.7161222100257874,-0.7268180251121521,0.005924253724515438,0.004771568346768618,0.07062505185604095
3149,-0.7345152497291565,-0.7417707443237305,0.003944771364331245,0.0033107632771134377,0.07060301303863525
3150,-0.7280614376068115,-0.7380115985870361,0.0059348889626562595,0.004015256650745869,0.07058083266019821
3151,-0.7007014751434326,-0.7089021801948547,0.004101467784494162,0.0040992265567183495,0.07055860757827759
3152,-0.6569707989692688,-0.6687670350074768,0.006177192088216543,0.00561903603374958,0.07053643465042114
3153,-0.72933030128479,-0.735572338104248,0.0032048304565250874,0.0030371984466910362,0.07051432877779007
3154,-0.7300140261650085,-0.7391000986099243,0.004404411185532808,0.004681657068431377,0.0704922005534172
3155,-0.5320477485656738,-0.7198818922042847,0.09473425149917603,0.09309987723827362,0.07047000527381897
3156,-0.7011501789093018,-0.7091461420059204,0.0036436300724744797,0.00435233861207962,0.07044784724712372
3157,-0.6578190922737122,-0.6681239604949951,0.003885844489559531,0.006419022101908922,0.07042577862739563
3158,-0.7434333562850952,-0.7543489933013916,0.0047395615838468075,0.006176074035465717,0.07040365785360336
3159,-0.664193868637085,-0.679388165473938,0.007318598683923483,0.007875666953623295,0.07038165628910065
3160,-0.6919156312942505,-0.7287773489952087,0.017031658440828323,0.01983005553483963,0.07035969197750092
3161,-0.7201429605484009,-0.7284255623817444,0.0039569116197526455,0.004325691610574722,0.07033773511648178
3162,-0.7161951661109924,-0.7255442142486572,0.005368109326809645,0.0039809271693229675,0.07031571865081787
3163,-0.7174215912818909,-0.7292481660842896,0.005577609874308109,0.006248955149203539,0.07029369473457336
3164,-0.7319992780685425,-0.751336932182312,0.009411480277776718,0.009926206432282925,0.07027174532413483
3165,-0.7006847262382507,-0.7082211971282959,0.003966521937400103,0.0035699824802577496,0.0702497661113739
3166,-0.7566593885421753,-0.7655177712440491,0.00396546209231019,0.004892937373369932,0.07022776454687119
3167,-0.6935786604881287,-0.7081380486488342,0.007393376436084509,0.007166056428104639,0.07020571082830429
3168,-0.7196449041366577,-0.7282984852790833,0.004344820976257324,0.0043087853118777275,0.07018367201089859
3169,-0.7369758486747742,-0.7496674060821533,0.005490780808031559,0.0072007630951702595,0.07016164064407349
3170,-0.7041357159614563,-0.7132830619812012,0.004925781860947609,0.004221542738378048,0.070139579474926
3171,-0.7497855424880981,-0.7605292797088623,0.0059946211986243725,0.004749106243252754,0.07011755555868149
3172,-0.6591423749923706,-0.6733649373054504,0.008878454566001892,0.005344079807400703,0.07009564340114594
3173,-0.6848659515380859,-0.6937851905822754,0.004733078647404909,0.004186142235994339,0.0700736865401268
3174,-0.7478706240653992,-0.7525888085365295,0.002342667430639267,0.0023755149450153112,0.07005173712968826
3175,-0.7299885749816895,-0.739942729473114,0.0049094343557953835,0.005044695921242237,0.07002987712621689
3176,-0.7065370678901672,-0.7215297818183899,0.008522409945726395,0.006470334716141224,0.07000800967216492
3177,-0.6816928386688232,-0.6891158223152161,0.004085649270564318,0.003337316447868943,0.06998614966869354
3178,-0.7507301568984985,-0.7563788294792175,0.0024119028821587563,0.0032367524690926075,0.06996429711580276
3179,-0.7151466012001038,-0.7204952239990234,0.0025343981105834246,0.002814224222674966,0.0699424147605896
3180,-0.7277311086654663,-0.7352620363235474,0.0043288408778607845,0.0032020818907767534,0.06992071866989136
3181,-0.7538366913795471,-0.7688418626785278,0.008138269186019897,0.006866877432912588,0.06989893317222595
3182,-0.7540562152862549,-0.7640901207923889,0.005233836360275745,0.004800059832632542,0.06987708806991577
3183,-0.7344440221786499,-0.7416092753410339,0.0035549188032746315,0.0036103297024965286,0.06985527276992798
3184,-0.6750479340553284,-0.6827700138092041,0.004641919396817684,0.003080182010307908,0.06983355432748795
3185,-0.6978419423103333,-0.7093397378921509,0.006687848828732967,0.00480999518185854,0.0698118656873703
3186,-0.7446412444114685,-0.7601743936538696,0.008580311201512814,0.006952819414436817,0.06979010999202728
3187,-0.6814879775047302,-0.6882733106613159,0.0038083374965935946,0.0029770107939839363,0.06976835429668427
3188,-0.6745661497116089,-0.6847239136695862,0.004572034813463688,0.00558574590831995,0.06974659860134125
3189,-0.6826283931732178,-0.6926671862602234,0.006395616102963686,0.003643168369308114,0.06972486525774002
3190,-0.32693538069725037,-0.7580570578575134,0.21335242688655853,0.21776923537254333,0.069703109562397
3191,-0.7121343612670898,-0.7244985103607178,0.004654768388718367,0.0077093797735869884,0.0696813240647316
3192,-0.7142054438591003,-0.7218471765518188,0.0026347623206675053,0.005006988998502493,0.06965955346822739
3193,-0.721922755241394,-0.7318716049194336,0.004196505527943373,0.005752351135015488,0.06963774561882019
3194,-0.7277347445487976,-0.7314430475234985,0.0013329318026080728,0.002375379204750061,0.06961595267057419
3195,-0.6513464450836182,-0.6603336334228516,0.004226564895361662,0.0047605992294847965,0.06959418207406998
3196,-0.6997588276863098,-0.7231544852256775,0.011992230080068111,0.011403433978557587,0.06957242637872696
3197,-0.7629185318946838,-0.7730777263641357,0.0054563190788030624,0.004702845588326454,0.06955058872699738
3198,-0.551206648349762,-0.704663872718811,0.07744117826223373,0.07601609081029892,0.06952880322933197
3199,-0.7296092510223389,-0.740104079246521,0.005026328843086958,0.00546850124374032,0.06950705498456955
3200,-0.7021659016609192,-0.718475878238678,0.007189364172518253,0.00912056490778923,0.06948523223400116
3201,-0.48931482434272766,-0.692823052406311,0.10057557374238968,0.10293266922235489,0.06946341693401337
3202,-0.5527969598770142,-0.7334827184677124,0.09177050739526749,0.08891522884368896,0.06944160908460617
3203,-0.5758414268493652,-0.7465334534645081,0.08403833210468292,0.08665373176336288,0.06941971182823181
3204,-0.7292417883872986,-0.736790657043457,0.0030503002926707268,0.004498557187616825,0.06939779967069626
3205,-0.7653332352638245,-0.7734835147857666,0.003982621245086193,0.004167684819549322,0.06937576830387115
3206,-0.7463152408599854,-0.7564218640327454,0.005795253440737724,0.004311373457312584,0.06935377418994904
3207,-0.681811511516571,-0.6924570202827454,0.006900871638208628,0.0037446627393364906,0.06933180242776871
3208,-0.7216977477073669,-0.729519784450531,0.004623984917998314,0.003198052989318967,0.06930986791849136
3209,-0.7482230067253113,-0.772265613079071,0.011883851140737534,0.01215872261673212,0.06928800791501999
3210,-0.7257435321807861,-0.7333150506019592,0.004001229535788298,0.00357029284350574,0.06926622241735458
3211,-0.7283251881599426,-0.7371525168418884,0.004308173432946205,0.004519151523709297,0.06924447417259216
3212,-0.7274826765060425,-0.7350379824638367,0.004003105219453573,0.003552226582542062,0.06922278553247452
3213,-0.6417492628097534,-0.6507614850997925,0.005079224705696106,0.003933037631213665,0.06920121610164642
3214,-0.7078202962875366,-0.7152125835418701,0.00422460213303566,0.0031677121296525,0.06917963922023773
3215,-0.7088088393211365,-0.7185280919075012,0.004202466923743486,0.005516774486750364,0.06915806978940964
3216,-0.7515963912010193,-0.7582219839096069,0.0029493223410099745,0.0036762903910130262,0.06913655996322632
3217,-0.5196666717529297,-0.7462804317474365,0.11516490578651428,0.11144887655973434,0.06911507993936539
3218,-0.7052574753761292,-0.7171228528022766,0.006102902349084616,0.005762479268014431,0.06909354776144028
3219,-0.7011774778366089,-0.7174559831619263,0.007590172812342644,0.008688311092555523,0.06907202303409576
3220,-0.7124775052070618,-0.7226361632347107,0.006005546078085899,0.004153136163949966,0.06905046850442886
3221,-0.6947559714317322,-0.7038613557815552,0.005773280747234821,0.0033320665825158358,0.06902892142534256
3222,-0.6839362382888794,-0.7072772979736328,0.012719552963972092,0.01062150951474905,0.06900741159915924
3223,-0.6518773436546326,-0.6677436828613281,0.008236448280513287,0.007629891857504845,0.0689859613776207
3224,-0.6641248464584351,-0.6783402562141418,0.006323135457932949,0.00789226870983839,0.06896457076072693
3225,-0.7092258334159851,-0.7227290868759155,0.006491796113550663,0.0070115020498633385,0.06894315034151077
3226,-0.7013949751853943,-0.7131096124649048,0.006149690598249435,0.005564918741583824,0.06892170011997223
3227,-0.7152457237243652,-0.7215357422828674,0.00297686574049294,0.003313104622066021,0.0689001977443695
3228,-0.6800157427787781,-0.6868239641189575,0.003352169645950198,0.0034560789354145527,0.06887872517108917
3229,-0.7355893850326538,-0.7544699907302856,0.010328022763133049,0.008552612736821175,0.0688573494553566
3230,-0.7589176297187805,-0.7661275267601013,0.003646658733487129,0.0035632418002933264,0.06883594393730164
3231,-0.7048451900482178,-0.7135121822357178,0.0038354648277163506,0.004831548314541578,0.0688144788146019
3232,-0.7499337196350098,-0.7576048374176025,0.004313449840992689,0.003357640467584133,0.06879300624132156
3233,-0.671198844909668,-0.6823869943618774,0.005024211946874857,0.006163938902318478,0.06877157837152481
3234,-0.6568096280097961,-0.6634950041770935,0.0037829745560884476,0.0029023713432252407,0.06875032931566238
3235,-0.7120237946510315,-0.7235724925994873,0.007848648354411125,0.0037000926677137613,0.06872908771038055
3236,-0.7440544366836548,-0.7521282434463501,0.004551485180854797,0.0035223287995904684,0.06870783865451813
3237,-0.7365833520889282,-0.7449138164520264,0.0034695120994001627,0.004860932007431984,0.0686865970492363
3238,-0.7061180472373962,-0.7484127879142761,0.019585803151130676,0.022708924487233162,0.06866539269685745
3239,-0.7329381108283997,-0.7458807826042175,0.007340265437960625,0.0056024231016635895,0.06864416599273682
3240,0.1522563397884369,-0.7090699672698975,0.43822595477104187,0.4231003522872925,0.06862293928861618
3241,-0.7330676913261414,-0.7387977838516235,0.0028499700129032135,0.0028801204171031713,0.06860170513391495
3242,-0.6280904412269592,-0.6415666937828064,0.008408811874687672,0.005067444872111082,0.06858057528734207
3243,-0.7082451581954956,-0.7173057198524475,0.004796506837010384,0.004264032933861017,0.06855950504541397
3244,-0.7177822589874268,-0.7244262099266052,0.003541648155078292,0.0031022890470921993,0.0685383528470993
3245,-0.7407306432723999,-0.7507874965667725,0.004528900608420372,0.005527980159968138,0.06851724535226822
3246,-0.7123379111289978,-0.7213255167007446,0.004563841037452221,0.004423735197633505,0.06849607825279236
3247,-0.6998632550239563,-0.7150717377662659,0.005989165510982275,0.009219267405569553,0.06847496330738068
3248,-0.7195976972579956,-0.7276590466499329,0.004416854120790958,0.0036444757133722305,0.06845381110906601
3249,-0.7080076336860657,-0.7158699035644531,0.004764430224895477,0.0030978096183389425,0.06843261420726776
3250,-0.7101219892501831,-0.7202931046485901,0.005671835504472256,0.004499237518757582,0.0684114396572113
3251,-0.7383452653884888,-0.7439796924591064,0.002954808995127678,0.0026796250604093075,0.06839033961296082
3252,-0.7567834854125977,-0.7633184790611267,0.003986263647675514,0.00254872627556324,0.06836919486522675
3253,-0.6895474195480347,-0.6960004568099976,0.0037225745618343353,0.002730515319854021,0.06834803521633148
3254,-0.727724015712738,-0.7349035143852234,0.0031731207855045795,0.004006379749625921,0.06832695752382278
3255,-0.7042276859283447,-0.7099819779396057,0.003187380265444517,0.002566911280155182,0.0683058425784111
3256,-0.6890602111816406,-0.7000098824501038,0.005273955408483744,0.005675727501511574,0.06828469783067703
3257,-0.7410513758659363,-0.7473732233047485,0.0038770115934312344,0.002444836311042309,0.0682634711265564
3258,-0.749325156211853,-0.7578963041305542,0.00385721935890615,0.004713950678706169,0.06824222952127457
3259,-0.7271506190299988,-0.7356498837471008,0.004775946959853172,0.0037233231123536825,0.06822100281715393
3260,-0.7136059999465942,-0.7215735912322998,0.005021254997700453,0.002946312539279461,0.06819973140954971
3261,-0.6817331314086914,-0.6882438659667969,0.004471420310437679,0.0020393426530063152,0.06817859411239624
3262,-0.7208494544029236,-0.7280324101448059,0.005150923505425453,0.002032030373811722,0.06815741956233978
3263,-0.7519538402557373,-0.7588497996330261,0.003457022365182638,0.0034389342181384563,0.06813618540763855
3264,-0.7170421481132507,-0.7357609272003174,0.009259658865630627,0.009459128603339195,0.06811487674713135
3265,-0.7468368411064148,-0.7616850733757019,0.006481016054749489,0.008367219008505344,0.06809350848197937
3266,-0.7218593955039978,-0.731840193271637,0.005576493684202433,0.00440429849550128,0.06807220727205276
3267,-0.7009539008140564,-0.7067349553108215,0.0028649047017097473,0.0029161470010876656,0.06805098056793213
3268,-0.7123382687568665,-0.7228876352310181,0.006265772506594658,0.00428360141813755,0.0680297464132309
3269,-0.7246621251106262,-0.7399272918701172,0.008849842473864555,0.006415307987481356,0.06800858676433563
3270,-0.7017897963523865,-0.7081344723701477,0.004005654249340296,0.002338985214009881,0.06798750907182693
3271,-0.6822153329849243,-0.7445539832115173,0.031226903200149536,0.031111709773540497,0.06796643882989883
3272,-0.7491915225982666,-0.756254255771637,0.0031654818449169397,0.0038972380571067333,0.0679454579949379
3273,-0.7425646185874939,-0.7545119524002075,0.00519015034660697,0.006757192313671112,0.06792440265417099
3274,-0.6772702932357788,-0.6971796751022339,0.011733271181583405,0.00817610789090395,0.0679033026099205
3275,-0.7329254150390625,-0.7428641319274902,0.005375446751713753,0.00456326873973012,0.06788212060928345
3276,-0.717697262763977,-0.7302244305610657,0.006961975246667862,0.005565151106566191,0.06786095350980759
3277,-0.7412285804748535,-0.7525584697723389,0.005313546862453222,0.006016284693032503,0.0678398385643959
3278,-0.7267627716064453,-0.7376906871795654,0.0055025131441652775,0.005425397772341967,0.06781872361898422
3279,-0.687637209892273,-0.6982734203338623,0.00453687459230423,0.006099316291511059,0.06779766827821732
3280,-0.7036375403404236,-0.7123123407363892,0.0038408476393669844,0.0048339650966227055,0.06777659803628922
3281,-0.7261657118797302,-0.731194257736206,0.002968338318169117,0.0020602529402822256,0.06775551289319992
3282,-0.7123797535896301,-0.7240923047065735,0.004887416027486324,0.00682512391358614,0.067734494805336
3283,-0.7582080364227295,-0.766110897064209,0.004957270808517933,0.0029456201009452343,0.06771347671747208
3284,-0.7205724120140076,-0.732831597328186,0.0068674152716994286,0.005391773302108049,0.06769252568483353
3285,-0.7427316904067993,-0.7570210099220276,0.008120146580040455,0.0061692139133811,0.06767154484987259
3286,-0.7250903248786926,-0.7301992177963257,0.0027664329390972853,0.002342479769140482,0.06765057146549225
3287,-0.7144942283630371,-0.728557288646698,0.007111979648470879,0.006951109506189823,0.06762969493865967
3288,-0.7391756176948547,-0.7507810592651367,0.006718743592500687,0.0048867035657167435,0.06760886311531067
3289,-0.6890354156494141,-0.7008649110794067,0.007255055010318756,0.004574417602270842,0.06758815050125122
3290,-0.7153283953666687,-0.723935604095459,0.004177543800324202,0.004429629072546959,0.06756746768951416
3291,-0.7680085897445679,-0.7785862684249878,0.006055901292711496,0.004521758295595646,0.06754674762487411
3292,-0.5494231581687927,-0.7569594383239746,0.1063145324587822,0.1012217253446579,0.06752599775791168
3293,-0.7336819171905518,-0.7423174977302551,0.004424749873578548,0.004210839979350567,0.06750524789094925
3294,-0.5436835289001465,-0.7306686043739319,0.09508208930492401,0.09190299361944199,0.06748458743095398
3295,-0.7627085447311401,-0.7695980072021484,0.0033050149213522673,0.0035844440571963787,0.06746388226747513
3296,-0.7384616732597351,-0.7492610812187195,0.006024946458637714,0.004774423781782389,0.06744321435689926
3297,-0.6624788045883179,-0.6734570264816284,0.004757712595164776,0.006220531649887562,0.06742255389690399
3298,-0.712965190410614,-0.7205301523208618,0.003778988029807806,0.0037859552539885044,0.06740190088748932
3299,-0.7057431936264038,-0.7129055261611938,0.0031869555823504925,0.003975407686084509,0.06738138198852539
3300,-0.7573434710502625,-0.763639509677887,0.003063059411942959,0.0032329768873751163,0.0673607885837555
3301,-0.6856144070625305,-0.6954118609428406,0.004868249874562025,0.004929204471409321,0.06734011322259903
3302,-0.7090389728546143,-0.7151672840118408,0.003044574521481991,0.003083795076236129,0.067319355905056
3303,-0.7144389152526855,-0.7234289050102234,0.005196047946810722,0.003793966956436634,0.06729856878519058
3304,-0.7144683003425598,-0.7300108671188354,0.009325769729912281,0.006216828711330891,0.06727775186300278
3305,-0.708673357963562,-0.7261474132537842,0.009572383016347885,0.007901670411229134,0.06725691258907318
3306,-0.7559707164764404,-0.7656779885292053,0.0047075338661670685,0.004999727942049503,0.06723611801862717
3307,-0.7396270036697388,-0.7445428371429443,0.0023481438402086496,0.0025677091907709837,0.06721533089876175
3308,-0.6871861219406128,-0.6936469078063965,0.002835309598594904,0.003625457640737295,0.06719455122947693
3309,-0.708869218826294,-0.7152968645095825,0.0030278125777840614,0.003399861976504326,0.06717380881309509
3310,-0.6859498023986816,-0.698801577091217,0.007675892673432827,0.005175876896828413,0.06715305149555206
3311,-0.6791152358055115,-0.6872668266296387,0.0043591405265033245,0.0037924449425190687,0.06713227927684784
3312,-0.7698161005973816,-0.7800995111465454,0.004974230192601681,0.00530914356932044,0.06711149215698242
3313,-0.6485072374343872,-0.6567991971969604,0.004039419814944267,0.004252551589161158,0.06709064543247223
3314,-0.7136273980140686,-0.7246176600456238,0.006537597626447678,0.004452619235962629,0.06706983596086502
3315,-0.7439407110214233,-0.7549885511398315,0.005613221786916256,0.00543462298810482,0.06704903393983841
3316,-0.7309026122093201,-0.7372076511383057,0.003939224407076836,0.002365856897085905,0.06702825427055359
3317,-0.7090445160865784,-0.7177658677101135,0.005107339937239885,0.003614007495343685,0.06700754910707474
3318,-0.7331844568252563,-0.7411516904830933,0.004375407472252846,0.003591840621083975,0.0669868141412735
3319,-0.7231109142303467,-0.7388554215431213,0.008845717646181583,0.00689874030649662,0.06696607172489166
3320,-0.7260833978652954,-0.742139458656311,0.008255131542682648,0.007800958584994078,0.06694530695676804
3321,-0.7310488224029541,-0.7380401492118835,0.0030091421213001013,0.003982160706073046,0.06692462414503098
3322,-0.7430956959724426,-0.7518609166145325,0.0043511223047971725,0.004414094612002373,0.06690381467342377
3323,-0.6745642423629761,-0.6911762356758118,0.008438839577138424,0.008173177018761635,0.06688303500413895
3324,-0.7262601852416992,-0.7379485368728638,0.006627403665333986,0.005060979165136814,0.06686223298311234
3325,-0.7255012392997742,-0.7348349690437317,0.005309310741722584,0.004024424124509096,0.06684141606092453
3326,-0.7568202018737793,-0.765888512134552,0.00481630302965641,0.00425204262137413,0.06682057678699493
3327,-0.7288264632225037,-0.7353407144546509,0.0038727428764104843,0.0026415144093334675,0.06679980456829071
3328,-0.7426215410232544,-0.751457929611206,0.005451041739434004,0.0033853473141789436,0.06677902489900589
3329,-0.736216127872467,-0.7492073178291321,0.007446371950209141,0.0055448561906814575,0.06675829738378525
3330,-0.7374677658081055,-0.7490504384040833,0.006990343332290649,0.0045922743156552315,0.06673770397901535
3331,-0.7630801796913147,-0.7716274261474609,0.0041437214240431786,0.0044035352766513824,0.06671711802482605
3332,-0.7296271324157715,-0.7361421585083008,0.003608299884945154,0.0029067189898341894,0.06669645756483078
3333,-0.766438364982605,-0.7747906446456909,0.004926686640828848,0.0034255695063620806,0.0666758343577385
3334,-0.7596564292907715,-0.7686590552330017,0.004197714384645224,0.004804919008165598,0.06665512919425964
3335,-0.7268799543380737,-0.7373959422111511,0.006246775388717651,0.0042692506685853004,0.06663445383310318
3336,-0.7539565563201904,-0.7674747705459595,0.006155745126307011,0.007362467236816883,0.06661380082368851
3337,-0.7988913655281067,-0.8073111772537231,0.004351451061666012,0.004068386275321245,0.06659311056137085
3338,-0.7387276887893677,-0.7462441325187683,0.005132634192705154,0.0023838430643081665,0.06657252460718155
3339,-0.7769171595573425,-0.7884671688079834,0.0065733930096030235,0.004976643715053797,0.0665518268942833
3340,-0.783356785774231,-0.7925856113433838,0.00456857867538929,0.004660224542021751,0.06653104722499847
3341,-0.46739140152931213,-0.712785005569458,0.12669560313224792,0.11869797110557556,0.06651025265455246
3342,-0.7261607050895691,-0.7333648204803467,0.004030762705951929,0.003173347096890211,0.06648939102888107
3343,-0.7326241731643677,-0.7438921332359314,0.006168862339109182,0.005099098198115826,0.06646852940320969
3344,-0.7016018033027649,-0.7078640460968018,0.0037523950450122356,0.002509844023734331,0.06644772738218307
3345,-0.7353507280349731,-0.7571319341659546,0.00887536071240902,0.012905821204185486,0.06642689555883408
3346,-0.7689874768257141,-0.7739009261131287,0.003045229008421302,0.0018682426307350397,0.06640604138374329
3347,-0.6694910526275635,-0.6887092590332031,0.00933798961341381,0.009880262427031994,0.06638523936271667
3348,-0.6540235280990601,-0.7153990864753723,0.03146907687187195,0.029906531795859337,0.06636441498994827
3349,-0.7437428832054138,-0.751491129398346,0.005415433552116156,0.0023328124079853296,0.06634364277124405
3350,-0.7147538065910339,-0.720356822013855,0.002881007269024849,0.0027220475021749735,0.06632300466299057
3351,-0.7284862399101257,-0.7363899946212769,0.0038710576482117176,0.0040326472371816635,0.06630238890647888
3352,-0.516446053981781,-0.7069449424743652,0.10075845569372177,0.08974044770002365,0.06628190726041794
3353,-0.7860234379768372,-0.7930781841278076,0.00422387570142746,0.002830847166478634,0.0662613958120346
3354,-0.7542682886123657,-0.7632244825363159,0.004911106079816818,0.004045065026730299,0.06624078750610352
3355,-0.6737406849861145,-0.6847387552261353,0.0049517275765538216,0.006046377122402191,0.06622014194726944
3356,-0.6901447176933289,-0.6981696486473083,0.003998146392405033,0.004026792477816343,0.06619957834482193
3357,-0.6992549896240234,-0.7077565789222717,0.004708689637482166,0.003792853793129325,0.06617894768714905
3358,-0.7220756411552429,-0.7354860305786133,0.006686178967356682,0.00672425189986825,0.06615827232599258
3359,-0.7620558738708496,-0.7697246074676514,0.004774678498506546,0.002894071629270911,0.0661376565694809
3360,-0.6700495481491089,-0.6820905208587646,0.0067960964515805244,0.005244860425591469,0.06611717492341995
3361,-0.7758795619010925,-0.7841254472732544,0.0030732126906514168,0.005172676406800747,0.06609661132097244
3362,-0.7455962896347046,-0.7519025802612305,0.0038014459423720837,0.0025048479437828064,0.06607601791620255
3363,-0.7950066924095154,-0.802643895149231,0.003092698287218809,0.00454446766525507,0.06605539470911026
3364,-0.7771536111831665,-0.7863484025001526,0.004630120471119881,0.004564665723592043,0.06603478640317917
3365,-0.7356972098350525,-0.7465037107467651,0.005528244189918041,0.005278203170746565,0.06601433455944061
3366,-0.7651628851890564,-0.7772037982940674,0.006645133253186941,0.005395775660872459,0.06599386036396027
3367,-0.7163311839103699,-0.725345253944397,0.0045797512866556644,0.004434348549693823,0.06597336381673813
3368,-0.734715461730957,-0.7399013638496399,0.0018478104611858726,0.0033381178509444,0.06595290452241898
3369,-0.6933294534683228,-0.7057106494903564,0.008300567977130413,0.00408067274838686,0.06593243777751923
3370,-0.7479342818260193,-0.7528438568115234,0.0018451167270541191,0.0030644447542726994,0.06591197103261948
3371,-0.7079166173934937,-0.7226819396018982,0.008953550830483437,0.005811741575598717,0.06589151173830032
3372,-0.7484366297721863,-0.7546703815460205,0.003249748842790723,0.002983980579301715,0.06587107479572296
3373,-0.7244825959205627,-0.733137845993042,0.004403877072036266,0.004251367878168821,0.06585069745779037
3374,-0.7660558819770813,-0.7726222276687622,0.0025324667803943157,0.004033849574625492,0.0658302903175354
3375,-0.7375603318214417,-0.74394690990448,0.0032200575806200504,0.0031664730049669743,0.06580987572669983
3376,-0.7482127547264099,-0.7585040926933289,0.005051490850746632,0.005239869933575392,0.06578947603702545
3377,-0.7670158743858337,-0.7780930995941162,0.006728130392730236,0.004349124152213335,0.06576903164386749
3378,-0.8048004508018494,-0.8117641806602478,0.0033832320477813482,0.003580516902729869,0.0657486766576767
3379,-0.6985020041465759,-0.7119895815849304,0.007522572763264179,0.005965014453977346,0.0657283365726471
3380,-0.7379227876663208,-0.7475647330284119,0.005149332340806723,0.004492613486945629,0.06570795178413391
3381,-0.6678789258003235,-0.6775248050689697,0.005224268883466721,0.004421616438776255,0.06568760424852371
3382,-0.7250257134437561,-0.7349135875701904,0.00578926969319582,0.0040985895320773125,0.06566735357046127
3383,-0.6933255195617676,-0.7106316089630127,0.007930435240268707,0.00937562994658947,0.06564713269472122
3384,-0.7094873785972595,-0.7217746376991272,0.006596397142857313,0.0056908465921878815,0.06562688201665878
3385,-0.713810920715332,-0.7201170325279236,0.003360550617799163,0.0029455162584781647,0.06560655683279037
3386,-0.7558987736701965,-0.7683327794075012,0.006797653157263994,0.005636327899992466,0.06558626145124435
3387,-0.717976450920105,-0.7305700778961182,0.005764865316450596,0.006828806363046169,0.06556599587202072
3388,-0.7512230277061462,-0.7611845135688782,0.0056647262535989285,0.004296806640923023,0.06554575264453888
3389,-0.5865424871444702,-0.7929874062538147,0.1041141152381897,0.102330781519413,0.06552547216415405
3390,-0.7086845636367798,-0.7204439640045166,0.005802738014608622,0.0059566316194832325,0.06550508737564087
3391,-0.7255569696426392,-0.7332072854042053,0.004481618758291006,0.0031687174923717976,0.06548472493886948
3392,-0.7707281708717346,-0.7778315544128418,0.004370145034044981,0.002733231522142887,0.06546436995267868
3393,-0.5397241711616516,-0.7385088801383972,0.09876026213169098,0.10002445429563522,0.06544406712055206
3394,-0.7100146412849426,-0.721189022064209,0.006104941945523024,0.005069439765065908,0.06542378664016724
3395,-0.7136346101760864,-0.7212063670158386,0.0039689508266747,0.003602829296141863,0.065403513610363
3396,-0.6915192604064941,-0.7179715633392334,0.012674674391746521,0.01377762109041214,0.06538321822881699
3397,-0.7664369940757751,-0.779724657535553,0.00941507052630186,0.0038725680205971003,0.06536287814378738
3398,-0.7365289926528931,-0.7432818412780762,0.0032584909349679947,0.003494404023513198,0.06534238904714584
3399,-0.7094429135322571,-0.7180923223495483,0.0055582765489816666,0.0030911548528820276,0.06532202661037445
3400,-0.7275290489196777,-0.735126256942749,0.00391456950455904,0.0036825877614319324,0.06530162692070007
3401,-0.7612902522087097,-0.7777587175369263,0.008495748043060303,0.007972700521349907,0.06528123468160629
3402,-0.7015233635902405,-0.7084134817123413,0.004296782426536083,0.0025933594442903996,0.06526084989309311
3403,-0.7374338507652283,-0.746600866317749,0.004847048316150904,0.004319974686950445,0.0652405172586441
3404,-0.7146943807601929,-0.7238377928733826,0.005597678944468498,0.0035457410849630833,0.06522020697593689
3405,-0.7537129521369934,-0.7895594835281372,0.017960242927074432,0.01788630150258541,0.06519986689090729
3406,-0.7173563241958618,-0.7271836996078491,0.00455934414640069,0.005268012639135122,0.0651797279715538
3407,-0.7721447348594666,-0.7813374400138855,0.0046123918145895,0.004580316599458456,0.0651596337556839
3408,-0.5930318236351013,-0.7921625971794128,0.10002844780683517,0.09910231828689575,0.06513944268226624
3409,-0.7952046990394592,-0.8009214401245117,0.003104307921603322,0.0026123826391994953,0.06511925905942917
3410,-0.6643131375312805,-0.7000822424888611,0.018530329689383507,0.017238818109035492,0.06509914249181747
3411,-0.7715137600898743,-0.7819851636886597,0.0067301043309271336,0.0037413393147289753,0.06507899612188339
3412,-0.7375857830047607,-0.7444448471069336,0.002805317286401987,0.004053778015077114,0.06505884230136871
3413,-0.7469341158866882,-0.756966233253479,0.005204762332141399,0.0048273904249072075,0.06503868103027344
3414,-0.656945526599884,-0.7176487445831299,0.03218672424554825,0.02851644530892372,0.06501854211091995
3415,-0.7540500164031982,-0.7616399526596069,0.004672332666814327,0.0029175784438848495,0.06499838083982468
3416,-0.711683988571167,-0.7232608795166016,0.005756335332989693,0.005820594262331724,0.06497827917337418
3417,-0.7146453261375427,-0.7202875018119812,0.003105451352894306,0.0025366966146975756,0.06495817750692368
3418,-0.7154846787452698,-0.7314478158950806,0.009538613259792328,0.006424570456147194,0.0649380311369896
3419,-0.7419050931930542,-0.753943920135498,0.0057940054684877396,0.006244830321520567,0.06491801887750626
3420,-0.6815209984779358,-0.6915234327316284,0.0053910156711936,0.004611427430063486,0.06489796191453934
3421,-0.7773281931877136,-0.7878116369247437,0.004757495131343603,0.005725938361138105,0.06487784534692764
3422,-0.7195696830749512,-0.7329619526863098,0.008192342706024647,0.005199912469834089,0.06485775858163834
3423,-0.7182266116142273,-0.7294597029685974,0.006318742875009775,0.004914322402328253,0.06483770161867142
3424,-0.7713214159011841,-0.777970552444458,0.0036766226403415203,0.002972532995045185,0.06481754779815674
3425,-0.7220786213874817,-0.7317612171173096,0.005215134471654892,0.00446746964007616,0.06479741632938385
3426,-0.7306168675422668,-0.7390601634979248,0.0050699845887720585,0.003373329294845462,0.06477727741003036
3427,-0.7725869417190552,-0.7802870273590088,0.004197862930595875,0.003502236446365714,0.0647570937871933
3428,-0.7653834819793701,-0.777016282081604,0.006737870164215565,0.00489491643384099,0.0647369772195816
3429,-0.4785408675670624,-0.6926323175430298,0.10857019573450089,0.10552123188972473,0.0647168681025505
3430,-0.7124617695808411,-0.7237197756767273,0.0072633870877325535,0.003994637634605169,0.06469675153493881
3431,-0.7284832000732422,-0.7409130930900574,0.00687212310731411,0.005557789001613855,0.06467665731906891
3432,-0.7268696427345276,-0.739094078540802,0.0064668795093894005,0.00575755350291729,0.06465654075145721
