env_step,episode,train_step,0_episode_r,1_episode_r,2_episode_r,3_episode_r,4_episode_r,5_episode_r,mean_episode_r,action_left_mean,action_right_mean,action_abs_mean,action_std,num_target,num_collision,finish_time
800,1,634,-1.2157249450683594,1.2572970390319824,-3.2530815601348877,-3.3839826583862305,-15.006560325622559,-2.528097152709961,-4.021691600481669,0.006407096982002258,0.025539284572005272,0.23010362684726715,0.2838895320892334,0.0,0,800.0
1600,2,1434,-13.101518630981445,7.1646223068237305,-2.20733380317688,-24.663021087646484,12.912677764892578,-19.08957862854004,-6.497358679771423,0.025970064103603363,0.02085745334625244,0.25188493728637695,0.30538123846054077,0.0,0,800.0
2400,3,2234,21.534442901611328,4.428872585296631,1.572648525238037,42.06032180786133,20.565736770629883,24.212509155273438,19.062421957651775,0.06511597335338593,0.06681158393621445,0.25201770663261414,0.30496424436569214,2.0,0,800.0
3200,4,3034,19.155458450317383,40.18629455566406,13.101601600646973,18.148529052734375,19.36944580078125,19.29213523864746,21.542244116465252,0.01720549911260605,0.020461564883589745,0.20157471299171448,0.2848901152610779,2.0,0,800.0
3599,5,3433,48.869747161865234,37.04087448120117,44.074153900146484,35.98374557495117,45.76601028442383,20.724369049072266,38.743150075276695,0.08516113460063934,0.08890674263238907,0.24435029923915863,0.33832553029060364,6.0,0,399.0
4399,6,4233,24.422948837280273,41.39917755126953,-24.771486282348633,-16.147109985351562,13.904716491699219,43.763023376464844,13.76187833150228,0.006711522117257118,0.016770141199231148,0.14045283198356628,0.26657265424728394,5.0,0,800.0
5199,7,5033,14.787178039550781,38.59747314453125,35.953453063964844,-47.89911651611328,-39.60748291015625,55.459903717041016,9.54856808980306,0.06826210021972656,0.059215620160102844,0.19037525355815887,0.3270144760608673,4.0,0,800.0
5546,8,5380,52.84271240234375,24.811254501342773,43.93860626220703,26.64942169189453,44.28367614746094,19.648975372314453,35.362441062927246,0.12610359489917755,0.10894016921520233,0.17520660161972046,0.33059293031692505,6.0,0,347.0
5982,9,5816,34.400638580322266,19.992900848388672,42.48619842529297,27.26587677001953,53.094669342041016,44.098541259765625,36.889804204305015,0.11742496490478516,0.10685354471206665,0.16161982715129852,0.3186053931713104,6.0,0,436.0
6782,10,6616,28.73619842529297,26.642919540405273,37.2098503112793,29.06728744506836,37.81233215332031,11.204948425292969,28.445589383443195,0.088933564722538,0.07973889261484146,0.1783643364906311,0.32975929975509644,4.0,1,800.0
7162,11,6996,52.15199661254883,33.720680236816406,38.376312255859375,37.017723083496094,21.45292091369629,37.79304504394531,36.752113024393715,0.11368340998888016,0.12479107826948166,0.15434932708740234,0.31971752643585205,6.0,0,380.0
7962,12,7796,26.38979721069336,22.22625732421875,61.687347412109375,38.20988464355469,16.571331024169922,34.97743225097656,33.343674977620445,0.13108210265636444,0.14917273819446564,0.1512194573879242,0.31917229294776917,5.0,0,800.0
8762,13,8596,24.620227813720703,23.30465316772461,26.423992156982422,42.68540954589844,57.31000518798828,31.72693634033203,34.34520403544108,0.14707164466381073,0.14112859964370728,0.1530846208333969,0.32071569561958313,5.0,0,800.0
8858,14,8692,29.90117073059082,22.548513412475586,35.25114440917969,65.97230529785156,49.465850830078125,12.703035354614258,35.97367000579834,0.4268994927406311,0.40569472312927246,0.4267025589942932,0.4422357380390167,6.0,0,96.0
9101,15,8935,26.09784698486328,29.69380760192871,41.580387115478516,33.98106384277344,67.40343475341797,77.28977966308594,46.00771999359131,0.2687922418117523,0.25140976905822754,0.26731738448143005,0.3940911889076233,6.0,0,243.0
9901,16,9735,-120.5663833618164,17.60630989074707,-125.98097229003906,29.789953231811523,28.71026611328125,-58.02716827392578,-38.077999114990234,0.13979151844978333,0.15450088679790497,0.24263447523117065,0.3869326114654541,4.0,0,800.0
10121,17,9955,80.13426208496094,56.032264709472656,36.93067932128906,14.10260009765625,40.01658248901367,28.00691795349121,42.53721777598063,0.2472718209028244,0.26945960521698,0.2777923047542572,0.4096836745738983,6.0,0,220.0
10921,18,10755,41.13452911376953,33.82323455810547,-256.5771789550781,22.287601470947266,37.664581298828125,52.10719299316406,-11.593339920043945,0.076407790184021,0.07347360253334045,0.09583662450313568,0.26359784603118896,5.0,0,800.0
11721,19,11555,34.4671745300293,23.962539672851562,31.319339752197266,54.53066635131836,42.67094421386719,74.2446060180664,43.53254508972168,0.16092148423194885,0.13900886476039886,0.16268372535705566,0.33082035183906555,5.0,0,800.0
12521,20,12355,22.5885009765625,21.18632698059082,43.3225212097168,20.808767318725586,25.612411499023438,-10.773887634277344,20.4574400583903,0.26127660274505615,0.2553700804710388,0.27391698956489563,0.404477059841156,4.0,0,800.0
13321,21,13155,27.408918380737305,30.87101173400879,43.29572296142578,13.642696380615234,21.59188461303711,-0.8529891967773438,22.65954081217448,0.2768164575099945,0.23299825191497803,0.26997077465057373,0.4008356034755707,4.0,0,800.0
14121,22,13955,13.770902633666992,37.41416931152344,52.8511962890625,57.50225067138672,17.80605697631836,43.488555908203125,37.13885529836019,0.1656671166419983,0.15083417296409607,0.16390638053417206,0.33340203762054443,5.0,0,800.0
14921,23,14755,5.994516372680664,16.016399383544922,15.826301574707031,32.92258834838867,57.26123809814453,34.65545654296875,27.11275005340576,0.2760067582130432,0.25451937317848206,0.2792431116104126,0.4033781886100769,4.0,0,800.0
15721,24,15555,-94.57222747802734,39.38738250732422,38.569881439208984,34.40331268310547,-57.053340911865234,34.860347747802734,-0.7341073354085287,0.2340407818555832,0.20470821857452393,0.2618913948535919,0.40778565406799316,4.0,0,800.0
16341,25,16175,29.431060791015625,45.386844635009766,32.62971496582031,16.754526138305664,23.914539337158203,30.147464752197266,29.710691769917805,0.1805855631828308,0.17992505431175232,0.1896631419658661,0.34943780303001404,6.0,0,620.0
17141,26,16975,19.10970687866211,20.597408294677734,47.26945495605469,25.549423217773438,34.132083892822266,40.98841857910156,31.274415969848633,0.15928739309310913,0.16090360283851624,0.1654977798461914,0.33717310428619385,5.0,0,800.0
17941,27,17775,18.929492950439453,39.61810302734375,47.739864349365234,13.200719833374023,16.87541961669922,21.708982467651367,26.345430374145508,0.23460765182971954,0.25165194272994995,0.2637713551521301,0.3939448297023773,4.0,0,800.0
18741,28,18575,17.27239990234375,21.84597396850586,18.698190689086914,30.139389038085938,76.76660919189453,25.23297119140625,31.659255663553875,0.19170218706130981,0.2056734263896942,0.21919171512126923,0.36766529083251953,5.0,0,800.0
19356,29,19190,53.62155532836914,25.431533813476562,61.43617248535156,14.455107688903809,48.361236572265625,51.3275146484375,42.4388534228007,0.250122606754303,0.20809371769428253,0.2572346329689026,0.3767228424549103,6.0,0,615.0
19777,30,19611,56.614315032958984,62.43145751953125,23.071523666381836,19.24285888671875,54.91294479370117,38.36336898803711,42.43941148122152,0.2640438377857208,0.23351262509822845,0.26893576979637146,0.3837813138961792,6.0,0,421.0
19945,31,19779,47.73281478881836,23.94723129272461,80.87948608398438,46.216552734375,55.337589263916016,25.833951950073242,46.6579376856486,0.35055476427078247,0.34022173285484314,0.3609951436519623,0.41874632239341736,6.0,0,168.0
20634,32,20468,23.4877872467041,48.712120056152344,14.70708179473877,69.46289825439453,48.93210983276367,40.295127868652344,40.93285417556763,0.18041977286338806,0.17233401536941528,0.19384339451789856,0.3487887382507324,6.0,0,689.0
21434,33,21268,55.28249740600586,30.391311645507812,31.795286178588867,18.621294021606445,6.693721771240234,26.804473876953125,28.264764149983723,0.11815293878316879,0.12224787473678589,0.1294175684452057,0.28922924399375916,5.0,0,800.0
21650,34,21484,18.44485855102539,45.2640380859375,56.07671356201172,15.216691970825195,42.990562438964844,51.53931427001953,38.25536314646403,0.26752394437789917,0.2525109648704529,0.2733915448188782,0.4022854268550873,6.0,0,216.0
21810,35,21644,62.7208137512207,35.937644958496094,35.876686096191406,23.707239151000977,13.69133472442627,50.17599105834961,37.018284956614174,0.3394148051738739,0.331935316324234,0.34198030829429626,0.4259854853153229,6.0,0,160.0
22020,36,21854,92.5562515258789,39.909645080566406,31.762842178344727,39.40761184692383,26.551254272460938,59.617801666259766,48.300901095072426,0.3083222508430481,0.2947758734226227,0.31871792674064636,0.42521387338638306,6.0,0,210.0
22118,37,21952,32.29923629760742,50.83019256591797,59.1212272644043,19.712081909179688,44.034236907958984,41.40691375732422,41.233981450398765,0.5006624460220337,0.5057318210601807,0.5167888402938843,0.4371783435344696,6.0,0,98.0
22582,38,22416,66.63895416259766,31.589786529541016,36.8159294128418,22.79916000366211,49.95793151855469,63.76860427856445,45.26172765096029,0.21268044412136078,0.20723581314086914,0.21800458431243896,0.3704209625720978,6.0,0,464.0
23382,39,23216,1.6605491638183594,35.84800720214844,30.94474983215332,40.76166534423828,25.371850967407227,29.439109802246094,27.337655385335285,0.1408349573612213,0.14365899562835693,0.15161415934562683,0.3210977017879486,5.0,0,800.0
23549,40,23383,51.78290939331055,53.66448211669922,34.781639099121094,33.22547149658203,80.69091796875,28.0831356048584,47.038092613220215,0.3780263662338257,0.373698353767395,0.3834366798400879,0.43514585494995117,6.0,0,167.0
23747,41,23581,41.77486038208008,62.35913848876953,68.7753677368164,31.102720260620117,35.56302261352539,44.96113586425781,47.42270755767822,0.35614505410194397,0.3463066816329956,0.3619484603404999,0.42817971110343933,6.0,0,198.0
24026,42,23860,15.592658996582031,56.29220962524414,18.589855194091797,51.9743766784668,50.4808349609375,36.98958206176758,38.31991958618164,0.23390556871891022,0.24227239191532135,0.2480248510837555,0.38930895924568176,6.0,0,279.0
24588,43,24422,47.84521484375,23.536163330078125,53.585540771484375,42.55485916137695,31.545578002929688,14.221511840820312,35.54814465840658,0.17974019050598145,0.17449060082435608,0.19074365496635437,0.3514222502708435,6.0,0,562.0
24876,44,24710,30.81206512451172,35.66425704956055,44.43722915649414,18.206653594970703,78.17803955078125,83.91191101074219,48.53502591451009,0.27785179018974304,0.2862231731414795,0.2902110815048218,0.40419140458106995,6.0,0,288.0
25234,45,25068,22.397586822509766,82.12619018554688,73.67178344726562,39.61585998535156,32.73162078857422,33.44295120239258,47.33099873860677,0.24900485575199127,0.2722272276878357,0.26783454418182373,0.39739611744880676,6.0,0,358.0
25475,46,25309,17.45217514038086,72.68124389648438,40.642578125,53.16143035888672,24.698163986206055,43.15772247314453,41.96555233001709,0.287297785282135,0.285260409116745,0.2989484965801239,0.406813383102417,6.0,0,241.0
25721,47,25555,58.69559860229492,13.755199432373047,30.4674072265625,48.1187858581543,19.748332977294922,64.85978698730469,39.27418518066406,0.23383715748786926,0.24564026296138763,0.24944433569908142,0.3875415325164795,6.0,0,246.0
26029,48,25863,36.82518005371094,85.59941101074219,42.8862419128418,91.7193603515625,19.88138198852539,33.41165542602539,51.7205384572347,0.29187533259391785,0.2667822539806366,0.28813686966896057,0.3991987705230713,6.0,0,308.0
26829,49,26663,-36.43947219848633,-19.893598556518555,31.778718948364258,-22.76966094970703,24.809921264648438,13.877227783203125,-1.4394772847493489,0.31722328066825867,0.2729335129261017,0.3298763632774353,0.4135897755622864,3.0,0,800.0
27107,50,26941,62.61774444580078,48.54226303100586,33.97196960449219,52.266056060791016,19.024005889892578,31.303443908691406,41.287580490112305,0.2777433395385742,0.28876394033432007,0.2956083416938782,0.40975072979927063,6.0,0,278.0
27759,51,27593,57.63148880004883,31.422609329223633,41.567169189453125,24.371601104736328,17.975326538085938,58.18341827392578,38.52526887257894,0.16901223361492157,0.1733475625514984,0.17686288058757782,0.34108397364616394,6.0,0,652.0
27951,52,27785,65.45832824707031,83.89076232910156,15.769678115844727,29.143877029418945,49.644657135009766,37.839176177978516,46.957746505737305,0.3166056275367737,0.32125648856163025,0.3286114037036896,0.4176847040653229,6.0,0,192.0
28118,53,27952,19.240943908691406,28.92344093322754,14.201360702514648,30.856237411499023,50.04387664794922,63.322601318359375,34.43141015370687,0.2669529318809509,0.27681753039360046,0.279324471950531,0.39860808849334717,6.0,0,167.0
28918,54,28752,26.650110244750977,27.166446685791016,33.03158950805664,51.14068603515625,46.630218505859375,47.358123779296875,38.66286245981852,0.1601390391588211,0.17153885960578918,0.1711178869009018,0.3374963402748108,5.0,0,800.0
29353,55,29187,60.578575134277344,53.74373245239258,45.377994537353516,42.410499572753906,68.22492980957031,42.289066314697266,52.104132970174156,0.2743217647075653,0.261528879404068,0.2818620502948761,0.40820810198783875,6.0,0,435.0
29737,56,29571,64.02989196777344,14.707481384277344,28.953861236572266,56.45148849487305,26.159217834472656,47.021278381347656,39.5538698832194,0.20395949482917786,0.19695647060871124,0.20843583345413208,0.3656945824623108,6.0,0,384.0
30110,57,29944,33.75101089477539,67.38053894042969,45.71122741699219,33.85709762573242,39.97515869140625,32.759281158447266,42.23905245463053,0.295842707157135,0.2842409312725067,0.30461233854293823,0.4165557324886322,6.0,0,373.0
30910,58,30744,26.353172302246094,36.01877212524414,-266.1971435546875,51.687496185302734,69.18241882324219,24.117650985717773,-9.806272188822428,0.07326892018318176,0.08629214018583298,0.13341131806373596,0.3165178596973419,5.0,0,800.0
30991,59,30825,23.722293853759766,32.11180877685547,31.447092056274414,41.72467803955078,32.63949966430664,60.05076217651367,36.94935576121012,0.49382534623146057,0.5181792378425598,0.5230481028556824,0.4437880516052246,6.0,0,81.0
31148,60,30982,28.07384490966797,20.651988983154297,40.80821228027344,41.05725860595703,82.9687728881836,30.19064712524414,40.62512079874674,0.3559100925922394,0.34469467401504517,0.36060550808906555,0.4348805546760559,6.0,0,157.0
31289,61,31123,44.41112518310547,15.000345230102539,50.661766052246094,53.72983932495117,27.55432891845703,55.352725982666016,41.11835511525472,0.4709428548812866,0.48361536860466003,0.48684215545654297,0.4339500963687897,6.0,0,141.0
31559,62,31393,23.200937271118164,50.93242263793945,47.129852294921875,34.95463943481445,23.68842887878418,48.943843841552734,38.14168739318848,0.23155316710472107,0.21756704151630402,0.233114555478096,0.38071209192276,6.0,0,270.0
31775,63,31609,47.85285949707031,43.05332565307617,18.978515625,28.20492172241211,51.794273376464844,44.78036880493164,39.110710779825844,0.32036149501800537,0.28872716426849365,0.3138323724269867,0.4157208800315857,6.0,0,216.0
31981,64,31815,44.768898010253906,24.35276985168457,32.823280334472656,64.63824462890625,15.138018608093262,65.91377258300781,41.27249733606974,0.2898867726325989,0.2860369384288788,0.2967831492424011,0.41350218653678894,6.0,0,206.0
32102,65,31936,69.10177612304688,52.399166107177734,39.79806137084961,54.844573974609375,13.374799728393555,18.071256637573242,41.26493899027506,0.4191422164440155,0.43623003363609314,0.4327826499938965,0.4316841661930084,6.0,0,121.0
32206,66,32040,60.71047592163086,53.7833137512207,13.770297050476074,21.846418380737305,44.07902526855469,38.12493896484375,38.71907822291056,0.50844407081604,0.4441933333873749,0.49045121669769287,0.4367520809173584,6.0,0,104.0
32324,67,32158,18.366275787353516,51.85178756713867,53.76256561279297,23.88493537902832,37.067237854003906,33.132904052734375,36.34428437550863,0.4051499366760254,0.39586910605430603,0.40848878026008606,0.4375697374343872,6.0,0,118.0
32470,68,32304,60.48121643066406,12.394346237182617,37.302738189697266,62.99143600463867,37.603843688964844,37.69398498535156,41.41126092274984,0.3800989091396332,0.39204955101013184,0.39675161242485046,0.425685852766037,6.0,0,146.0
32575,69,32409,50.97907638549805,40.70261001586914,31.744306564331055,47.235103607177734,45.60224533081055,19.58608055114746,39.308237075805664,0.4778340756893158,0.48361098766326904,0.484376460313797,0.4346117079257965,6.0,0,105.0
32696,70,32530,56.50819396972656,17.44085693359375,63.63700485229492,51.14759063720703,19.331846237182617,53.989585876464844,43.67584641774496,0.4611617624759674,0.43563005328178406,0.4590519666671753,0.43843746185302734,6.0,0,121.0
32825,71,32659,46.26025390625,32.36717224121094,76.4066162109375,41.90067672729492,17.74945831298828,21.68817138671875,39.3953914642334,0.376870721578598,0.37697964906692505,0.3839210569858551,0.43538081645965576,6.0,0,129.0
33118,72,32952,38.8745002746582,37.955718994140625,34.41102981567383,71.68836212158203,19.810630798339844,48.88536834716797,41.937601725260414,0.2651050090789795,0.2422804981470108,0.26374849677085876,0.4013397991657257,6.0,0,293.0
33290,73,33124,47.979530334472656,44.91459655761719,29.667102813720703,54.93743896484375,13.703036308288574,44.429046630859375,39.27179193496704,0.3484569191932678,0.3190343379974365,0.34290769696235657,0.42467308044433594,6.0,0,172.0
33394,74,33228,54.5048942565918,17.56023406982422,36.586891174316406,31.190330505371094,43.98820495605469,44.17881393432617,38.0015614827474,0.47029662132263184,0.4430740177631378,0.4682213366031647,0.4331253170967102,6.0,0,104.0
33532,75,33366,48.63883972167969,43.06748580932617,50.78565216064453,13.12894058227539,21.544940948486328,42.72417449951172,36.64833895365397,0.4477163255214691,0.43443921208381653,0.4521527588367462,0.43366339802742004,6.0,0,138.0
33710,76,33544,41.11011505126953,42.700714111328125,17.163692474365234,59.35247039794922,49.3463134765625,19.978832244873047,38.27535629272461,0.3179619312286377,0.3048976957798004,0.32157835364341736,0.41476428508758545,6.0,0,178.0
33849,77,33683,89.80437469482422,28.517202377319336,43.461570739746094,18.863218307495117,34.23722839355469,61.426124572753906,46.05161984761556,0.41363525390625,0.40757447481155396,0.41980141401290894,0.44190433621406555,6.0,0,139.0
34017,78,33851,47.19342041015625,36.53114318847656,70.77025604248047,39.73899841308594,18.645105361938477,24.600065231323242,39.57983144124349,0.3856693208217621,0.34101879596710205,0.37722983956336975,0.4416921138763428,6.0,0,168.0
34236,79,34070,23.388362884521484,52.78337097167969,28.262174606323242,49.682525634765625,84.30281066894531,33.11833953857422,45.2562640508016,0.3092266023159027,0.28807517886161804,0.3062513768672943,0.41920360922813416,6.0,0,219.0
34677,80,34511,57.72884750366211,18.927875518798828,25.207284927368164,34.7642822265625,38.141197204589844,65.4531021118164,40.037098248799644,0.23242154717445374,0.24856901168823242,0.2483803927898407,0.3917664885520935,6.0,0,441.0
34865,81,34699,23.495635986328125,49.44682312011719,46.41090774536133,25.147724151611328,53.70447540283203,50.56120681762695,41.46112887064616,0.3807780146598816,0.3355955481529236,0.369169145822525,0.42700132727622986,6.0,0,188.0
35082,82,34916,65.3897705078125,40.750083923339844,35.840152740478516,49.65522384643555,52.90660858154297,29.251815795898438,45.632275899251304,0.33658427000045776,0.3260611593723297,0.3355165421962738,0.4233139753341675,6.0,0,217.0
35882,83,35716,63.284278869628906,21.09346580505371,38.614341735839844,52.102272033691406,67.52105712890625,18.176923751831055,43.46538988749186,0.17842556536197662,0.20220033824443817,0.19716531038284302,0.364547997713089,5.0,0,800.0
36117,84,35951,54.10334014892578,35.334327697753906,48.751888275146484,31.435728073120117,22.792924880981445,14.524353981018066,34.49042717615763,0.32928112149238586,0.34864288568496704,0.346423476934433,0.42673078179359436,6.0,0,235.0
36378,85,36212,31.57874298095703,49.360679626464844,60.55686569213867,19.055606842041016,64.4559097290039,15.133026123046875,40.02347183227539,0.26300638914108276,0.24344567954540253,0.2623325288295746,0.39058324694633484,6.0,0,261.0
36580,86,36414,36.88348388671875,50.713905334472656,65.95059204101562,18.517847061157227,49.90375900268555,14.076620101928711,39.34103457132975,0.3177022337913513,0.2888716757297516,0.3089660108089447,0.41748157143592834,6.0,0,202.0
36812,87,36646,22.164775848388672,45.834381103515625,28.623018264770508,70.43389892578125,62.079986572265625,36.83214569091797,44.32803440093994,0.378692626953125,0.3486798405647278,0.37540289759635925,0.43742313981056213,6.0,0,232.0
37031,88,36865,38.438758850097656,52.65447998046875,70.88142395019531,33.828125,22.762340545654297,65.14904022216797,47.28569475809733,0.38552945852279663,0.39349180459976196,0.39794114232063293,0.42939019203186035,6.0,0,219.0
37210,89,37044,38.56650161743164,16.459590911865234,48.31235122680664,46.11155319213867,69.58444213867188,33.8082389831543,42.14044634501139,0.36663898825645447,0.38122397661209106,0.3802090883255005,0.42844223976135254,6.0,0,179.0
37366,90,37200,43.966426849365234,72.73063659667969,13.465581893920898,19.37518310546875,32.79353332519531,54.66838455200195,39.49995772043864,0.3434257209300995,0.34368863701820374,0.35296252369880676,0.4151751697063446,6.0,0,156.0
37608,91,37442,46.60462951660156,43.81121063232422,45.98683547973633,27.945512771606445,38.949974060058594,25.46164321899414,38.12663427988688,0.28729432821273804,0.26887401938438416,0.2818979024887085,0.4012551009654999,6.0,0,242.0
37788,92,37622,40.44743347167969,47.651756286621094,57.79467010498047,22.66374397277832,27.33199119567871,37.44599533081055,38.889265060424805,0.3098861575126648,0.3361344635486603,0.3312917947769165,0.41774213314056396,6.0,0,180.0
37941,93,37775,48.325225830078125,54.244041442871094,23.045272827148438,13.709051132202148,47.557273864746094,64.26318359375,41.85734144846598,0.3354639410972595,0.374799907207489,0.36512869596481323,0.43047478795051575,6.0,0,153.0
38092,94,37926,45.70350646972656,17.518796920776367,48.563926696777344,44.6749153137207,73.37408447265625,17.095083236694336,41.155052185058594,0.39656731486320496,0.3897111713886261,0.39928683638572693,0.43364056944847107,6.0,0,151.0
38532,95,38366,41.09347915649414,13.667919158935547,40.34125900268555,31.59951400756836,22.907777786254883,46.377899169921875,32.66464138031006,0.21301181614398956,0.20385733246803284,0.21299493312835693,0.3685230612754822,6.0,0,440.0
38944,96,38778,53.80175018310547,36.32029724121094,58.94828414916992,38.06855392456055,29.797557830810547,50.897735595703125,44.63902982076009,0.23786185681819916,0.24471233785152435,0.2513575851917267,0.3896486759185791,6.0,0,412.0
39390,97,39224,52.83207702636719,18.829620361328125,69.56700134277344,35.69995880126953,55.082942962646484,50.75196838378906,47.12726147969564,0.26013490557670593,0.26370352506637573,0.2706525921821594,0.3974195420742035,6.0,0,446.0
39703,98,39537,53.4962158203125,41.81204605102539,68.5757827758789,28.326539993286133,13.927114486694336,37.16986083984375,40.551259994506836,0.25375500321388245,0.25369560718536377,0.26174166798591614,0.40108686685562134,6.0,0,313.0
39836,99,39670,30.315322875976562,39.84654235839844,69.79668426513672,57.55458068847656,53.75926208496094,24.268657684326172,45.92350832621256,0.4567059576511383,0.41737961769104004,0.4434533417224884,0.4290432631969452,6.0,0,133.0
39989,100,39823,61.034217834472656,19.441116333007812,42.348052978515625,62.05411148071289,33.45447540283203,77.96797180175781,49.38332430521647,0.46695676445961,0.4553263783454895,0.47564342617988586,0.44508105516433716,6.0,0,153.0
40241,101,40075,45.224639892578125,30.68424415588379,21.322101593017578,50.457000732421875,49.11162567138672,74.78238677978516,45.26366647084554,0.3249536454677582,0.31176143884658813,0.3303369879722595,0.42579007148742676,6.0,0,252.0
40383,102,40217,30.40509033203125,18.140913009643555,64.28668975830078,50.87646484375,43.352149963378906,32.530426025390625,39.931955655415855,0.43428871035575867,0.4077913165092468,0.4285849332809448,0.4310623109340668,6.0,0,142.0
40595,103,40429,27.26299476623535,33.08900833129883,47.353981018066406,78.490478515625,34.848087310791016,25.05865478515625,41.017200787862144,0.32160452008247375,0.3207923471927643,0.3308725655078888,0.4227335751056671,6.0,0,212.0
40792,104,40626,14.184295654296875,24.456562042236328,41.91865921020508,70.54539489746094,39.063472747802734,37.5597038269043,37.954681396484375,0.3165228068828583,0.30658015608787537,0.3220035433769226,0.42373207211494446,6.0,0,197.0
41592,105,41426,26.717788696289062,29.80124855041504,22.596677780151367,46.99399185180664,37.048763275146484,54.387027740478516,36.25758298238119,0.18641740083694458,0.18693163990974426,0.18913213908672333,0.35973840951919556,5.0,0,800.0
41766,106,41600,24.34207534790039,42.148414611816406,18.709972381591797,56.25395584106445,66.85821533203125,55.69477462768555,44.001234690348305,0.39711612462997437,0.3999686539173126,0.4096424877643585,0.43614131212234497,6.0,0,174.0
42566,107,42400,37.34076690673828,32.53044891357422,13.834287643432617,40.98664093017578,61.731292724609375,52.918704986572266,39.89035701751709,0.18399015069007874,0.19516189396381378,0.19259384274482727,0.36303380131721497,5.0,0,800.0
42874,108,42708,18.2912654876709,76.77325439453125,56.52851867675781,14.34850025177002,33.757755279541016,63.05598068237305,43.792545795440674,0.289399653673172,0.2837654650211334,0.2927870452404022,0.4120138883590698,6.0,0,308.0
43199,109,43033,54.521636962890625,55.06602478027344,51.18492126464844,60.255271911621094,13.13357925415039,24.284603118896484,43.07433954874674,0.27462270855903625,0.2456989735364914,0.26738327741622925,0.40137362480163574,6.0,0,325.0
43406,110,43240,47.62861251831055,41.22532653808594,66.57487487792969,23.474634170532227,33.43580627441406,44.76844024658203,42.85128243764242,0.32264164090156555,0.30518925189971924,0.32191669940948486,0.4190947711467743,6.0,0,207.0
43696,111,43530,55.59042739868164,40.046112060546875,57.495849609375,38.245880126953125,28.997940063476562,83.11677551269531,50.58216412862142,0.3234160542488098,0.3089117705821991,0.32454198598861694,0.4236571490764618,6.0,0,290.0
43888,112,43722,36.03526306152344,77.41639709472656,25.837329864501953,15.60154914855957,50.34111404418945,46.95922088623047,42.03181234995524,0.3427191972732544,0.34123387932777405,0.35193049907684326,0.4193136990070343,6.0,0,192.0
44078,113,43912,27.80413246154785,42.54150390625,48.89094924926758,20.587562561035156,57.414947509765625,47.07160949707031,40.71845086415609,0.3305007815361023,0.3299276828765869,0.34151867032051086,0.42759639024734497,6.0,0,190.0
44224,114,44058,69.3498764038086,55.449798583984375,39.59275817871094,44.5018196105957,25.15020751953125,18.872896194458008,42.15289274851481,0.4208657741546631,0.38552799820899963,0.4114018976688385,0.43526604771614075,6.0,0,146.0
44786,115,44620,55.41649627685547,27.152801513671875,23.509489059448242,41.60293960571289,48.573604583740234,36.443668365478516,38.783166567484535,0.18550564348697662,0.1856473833322525,0.19108529388904572,0.35846731066703796,6.0,0,562.0
44978,116,44812,35.90506362915039,44.77003860473633,50.312644958496094,72.08819580078125,32.02909469604492,20.053081512451172,42.526353200276695,0.3274189233779907,0.32689958810806274,0.3321708142757416,0.424987256526947,6.0,0,192.0
45077,117,44911,62.744327545166016,35.219303131103516,32.77974319458008,44.95314025878906,49.79831314086914,30.826000213623047,42.72013791402181,0.6311348080635071,0.6203089356422424,0.6398585438728333,0.39934954047203064,6.0,0,99.0
45265,118,45099,36.31882095336914,43.35859680175781,16.743078231811523,22.568668365478516,55.25023651123047,64.38279724121094,39.77036635080973,0.3611423969268799,0.3331034481525421,0.35671699047088623,0.42976513504981995,6.0,0,188.0
45358,119,45192,31.421390533447266,49.61690902709961,16.87367057800293,41.819950103759766,27.755369186401367,44.555389404296875,35.34044647216797,0.456828236579895,0.4755113422870636,0.4720519185066223,0.43928462266921997,6.0,0,93.0
45494,120,45328,43.80561828613281,22.002342224121094,82.7088394165039,68.3670425415039,27.806140899658203,38.885433197021484,47.262569427490234,0.5014112591743469,0.47634825110435486,0.4954178035259247,0.4343680143356323,6.0,0,136.0
45886,121,45720,77.54830169677734,22.853506088256836,33.716609954833984,70.22206115722656,31.123882293701172,59.2425651550293,49.117821057637535,0.2592852711677551,0.2638740539550781,0.27243363857269287,0.40652957558631897,6.0,0,392.0
46042,122,45876,60.32563018798828,27.242477416992188,32.28707504272461,36.4195671081543,55.96928405761719,54.451255798339844,44.449214935302734,0.44993695616722107,0.43921083211898804,0.4534686207771301,0.4429756700992584,6.0,0,156.0
46186,123,46020,31.509113311767578,61.258724212646484,35.00606918334961,34.71062088012695,30.71323013305664,48.26231002807617,40.24334462483724,0.3589172959327698,0.3787675201892853,0.38241133093833923,0.4409404397010803,6.0,0,144.0
46377,124,46211,77.69046020507812,22.995454788208008,23.72796630859375,18.793201446533203,48.27044677734375,55.343017578125,41.13675785064697,0.333482027053833,0.3198242783546448,0.3363279402256012,0.4269755780696869,6.0,0,191.0
46579,125,46413,42.1369514465332,76.52561950683594,31.808818817138672,34.7767448425293,57.555625915527344,38.29998016357422,46.85062344868978,0.354472279548645,0.3471551835536957,0.3591095507144928,0.43047022819519043,6.0,0,202.0
46731,126,46565,26.68207359313965,19.000646591186523,69.6856689453125,23.35492706298828,47.605979919433594,50.89198684692383,39.53688049316406,0.32550984621047974,0.3191492259502411,0.3254295587539673,0.41894352436065674,6.0,0,152.0
46856,127,46690,75.56098937988281,22.45480728149414,62.662296295166016,31.060148239135742,43.431785583496094,66.6698989868164,50.30665429433187,0.5088497996330261,0.5032461285591125,0.5088464617729187,0.4271502196788788,6.0,0,125.0
47020,128,46854,28.636276245117188,52.17820358276367,45.67853546142578,20.976131439208984,78.37409973144531,34.53277587890625,43.39600372314453,0.3385647237300873,0.34275516867637634,0.3490653932094574,0.4212397336959839,6.0,0,164.0
47146,129,46980,17.043350219726562,49.99190139770508,24.872474670410156,77.08980560302734,13.399581909179688,26.917640686035156,34.88579241434733,0.34675121307373047,0.36695271730422974,0.36159834265708923,0.4221208989620209,6.0,0,126.0
47286,130,47120,56.778587341308594,14.40329360961914,35.584556579589844,41.78743362426758,48.64387893676758,55.6088981628418,42.13444137573242,0.38439178466796875,0.3616641163825989,0.3800885081291199,0.4340807795524597,6.0,0,140.0
47911,131,47745,22.418006896972656,52.12627410888672,78.20157623291016,29.332597732543945,52.604251861572266,39.03820037841797,45.62015120188395,0.2039802223443985,0.17558543384075165,0.19621750712394714,0.3597021996974945,6.0,0,625.0
48064,132,47898,39.956844329833984,55.174583435058594,65.52009582519531,85.86479949951172,25.1127986907959,24.11232566833496,49.29024124145508,0.44304874539375305,0.421049028635025,0.4428221583366394,0.4416567087173462,6.0,0,153.0
48212,133,48046,28.649988174438477,46.16845703125,45.0966911315918,13.219380378723145,48.29591751098633,71.59410095214844,42.1707558631897,0.414817750453949,0.40450021624565125,0.42244580388069153,0.44033941626548767,6.0,0,148.0
48362,134,48196,27.090839385986328,36.66536331176758,13.834863662719727,46.01763153076172,80.84237670898438,65.151123046875,44.93369960784912,0.39792391657829285,0.3947652280330658,0.40428900718688965,0.438046395778656,6.0,0,150.0
48552,135,48386,31.116193771362305,40.55033493041992,32.35936737060547,83.44798278808594,55.41758728027344,45.09122848510742,47.997115770975746,0.3435182273387909,0.3466816544532776,0.3510705232620239,0.42767247557640076,6.0,0,190.0
48787,136,48621,25.44029426574707,49.6978759765625,68.79051208496094,44.017921447753906,19.50879669189453,48.169921875,42.604220390319824,0.2705349028110504,0.27931350469589233,0.28540700674057007,0.410477876663208,6.0,0,235.0
49017,137,48851,35.240028381347656,39.20687484741211,73.56393432617188,70.88047790527344,23.066997528076172,62.67434310913086,50.77210934956869,0.38261571526527405,0.36396127939224243,0.38628950715065,0.4281727969646454,6.0,0,230.0
49211,138,49045,72.69861602783203,31.758594512939453,36.68592071533203,36.000267028808594,47.69013595581055,30.17272186279297,42.50104268391927,0.35052239894866943,0.3330138027667999,0.3495316207408905,0.424472838640213,6.0,0,194.0
49359,139,49193,26.386320114135742,27.60320472717285,51.014732360839844,51.634403228759766,20.34978485107422,24.117677688598633,33.51768716176351,0.3360460102558136,0.3396194279193878,0.34940633177757263,0.42143282294273376,6.0,0,148.0
49586,140,49420,51.29783630371094,47.444732666015625,41.30649948120117,13.25037956237793,79.0649642944336,46.94949722290039,46.552318255106606,0.36219462752342224,0.36910974979400635,0.3730508089065552,0.43429121375083923,6.0,0,227.0
49767,141,49601,46.41376495361328,21.952835083007812,83.99681091308594,17.298328399658203,23.137983322143555,43.54202651977539,39.3902915318807,0.3120694160461426,0.30441591143608093,0.31232449412345886,0.4191226661205292,6.0,0,181.0
49951,142,49785,16.256319046020508,50.805023193359375,18.7275390625,43.62321853637695,43.276710510253906,44.993858337402344,36.28044478098551,0.35845112800598145,0.38479554653167725,0.38435524702072144,0.4381812512874603,6.0,0,184.0
50284,143,50118,38.377845764160156,52.432411193847656,35.4049072265625,28.261913299560547,42.8939094543457,34.91874694824219,38.71495564778646,0.25988179445266724,0.25670021772384644,0.26491057872772217,0.3984706997871399,6.0,0,333.0
51052,144,50886,68.55877685546875,59.178199768066406,27.447919845581055,59.33381652832031,17.033401489257812,34.53544616699219,44.34792677561442,0.19405362010002136,0.19853679835796356,0.20041725039482117,0.3662925660610199,6.0,0,768.0
51189,145,51023,29.85867691040039,47.735374450683594,14.074333190917969,59.43035125732422,42.401615142822266,59.66304016113281,42.19389851888021,0.4420804977416992,0.46788549423217773,0.46524032950401306,0.43766772747039795,6.0,0,137.0
51319,146,51153,43.515281677246094,13.031318664550781,43.2969970703125,60.56019592285156,42.66388702392578,28.895292282104492,38.6604954401652,0.3449094593524933,0.3702909052371979,0.3651006519794464,0.42682701349258423,6.0,0,130.0
51438,147,51272,26.352981567382812,44.350975036621094,41.906219482421875,48.45921325683594,72.34696960449219,39.834861755371094,45.5418701171875,0.5337854623794556,0.5417944192886353,0.5486927032470703,0.43262994289398193,6.0,0,119.0
52238,148,52072,-25.319007873535156,30.988697052001953,38.104225158691406,51.386837005615234,33.989315032958984,61.689247131347656,31.806552251180012,0.1889103502035141,0.16920652985572815,0.195195272564888,0.362802118062973,5.0,0,800.0
52540,149,52374,40.217079162597656,37.80290603637695,48.012290954589844,21.467538833618164,52.16921615600586,69.46578979492188,44.85580348968506,0.2722388505935669,0.27900955080986023,0.2837871015071869,0.4077660143375397,6.0,0,302.0
52693,150,52527,15.696298599243164,54.65730667114258,43.747642517089844,96.05172729492188,18.054723739624023,28.488183975219727,42.782647132873535,0.3433533310890198,0.3411139249801636,0.3450387120246887,0.4208218455314636,6.0,0,153.0
52777,151,52611,43.75770950317383,24.968822479248047,28.774595260620117,61.24351501464844,43.753761291503906,24.89322280883789,37.89860439300537,0.5018739700317383,0.5167128443717957,0.512304425239563,0.42638924717903137,6.0,0,84.0
52980,152,52814,45.55332946777344,77.78585052490234,29.21052360534668,51.6236457824707,15.4512300491333,23.90878677368164,40.58889436721802,0.2804097533226013,0.29654866456985474,0.2956852316856384,0.412484347820282,6.0,0,203.0
53339,153,53173,39.53955078125,59.87378692626953,66.39131164550781,67.25944519042969,25.76767349243164,39.26788330078125,49.68327522277832,0.26266610622406006,0.281933456659317,0.2801245450973511,0.40789151191711426,6.0,0,359.0
54073,154,53907,46.488731384277344,13.851202964782715,13.62466812133789,44.57062911987305,40.39476776123047,32.509498596191406,31.906582991282146,0.17118114233016968,0.167011097073555,0.17369753122329712,0.34725266695022583,6.0,0,734.0
54307,155,54141,67.63827514648438,46.12310028076172,26.165834426879883,66.30210876464844,27.768434524536133,28.856327056884766,43.80901336669922,0.29634764790534973,0.3161678612232208,0.30968162417411804,0.41289249062538147,6.0,0,234.0
54434,156,54268,31.512805938720703,41.84611129760742,52.56949234008789,26.02863311767578,65.03620147705078,17.760662078857422,39.125651041666664,0.37060317397117615,0.42295676469802856,0.4124618172645569,0.43794694542884827,6.0,0,127.0
54857,157,54691,47.76662063598633,33.354644775390625,36.04013442993164,43.38465881347656,71.21051025390625,55.501502990722656,47.87634531656901,0.23774580657482147,0.24386313557624817,0.24688681960105896,0.3908555507659912,6.0,0,423.0
55326,158,55160,46.45766830444336,37.613407135009766,49.9948844909668,42.61389923095703,66.12319946289062,22.447397232055664,44.20840930938721,0.21135275065898895,0.22597236931324005,0.22828558087348938,0.38301700353622437,6.0,0,469.0
55506,159,55340,25.13990020751953,88.55230712890625,37.0648078918457,30.859031677246094,40.36503601074219,56.09618377685547,46.3462111155192,0.3804444968700409,0.3769603371620178,0.38672885298728943,0.4283813238143921,6.0,0,180.0
56306,160,56140,20.01161766052246,27.994091033935547,26.92402458190918,32.50737762451172,69.5054931640625,-265.2970886230469,-14.725747426350912,0.07806570827960968,0.0712556466460228,0.1276499181985855,0.30434340238571167,5.0,0,800.0
56422,161,56256,35.35866928100586,30.024723052978516,60.610130310058594,13.707313537597656,46.305076599121094,53.9525032043457,39.993069330851235,0.47247323393821716,0.4507872462272644,0.46612313389778137,0.4344725012779236,6.0,0,116.0
56505,162,56339,49.371360778808594,45.678428649902344,20.154356002807617,42.188655853271484,36.876522064208984,52.42871856689453,41.11634031931559,0.5584188103675842,0.6012040972709656,0.5911382436752319,0.40588560700416565,6.0,0,83.0
56707,163,56541,25.957815170288086,58.27116394042969,69.02261352539062,37.63911819458008,52.69099807739258,40.140968322753906,47.287112871805824,0.3605535924434662,0.340840607881546,0.36240890622138977,0.42889168858528137,6.0,0,202.0
56831,164,56665,12.458111763000488,25.48797607421875,18.895572662353516,40.37946701049805,26.652027130126953,82.21118927001953,34.34739065170288,0.3221135437488556,0.34073638916015625,0.3397461771965027,0.42046430706977844,6.0,0,124.0
56938,165,56772,35.14033889770508,35.655792236328125,69.58328247070312,20.599790573120117,37.375606536865234,27.87689781188965,37.70528475443522,0.4271428883075714,0.4390357732772827,0.44136887788772583,0.43949753046035767,6.0,0,107.0
57078,166,56912,29.580961227416992,13.952910423278809,25.16606903076172,26.87440299987793,41.519840240478516,34.00783157348633,28.51700258255005,0.26666510105133057,0.2819775938987732,0.2856767475605011,0.39865413308143616,6.0,0,140.0
57207,167,57041,26.81829071044922,27.74173927307129,37.40446090698242,33.974853515625,58.358642578125,13.8607177734375,33.0264507929484,0.3654900789260864,0.3580397069454193,0.366741418838501,0.4271673262119293,6.0,0,129.0
57405,168,57239,23.619096755981445,28.537378311157227,60.899742126464844,28.888240814208984,46.95032501220703,46.232818603515625,39.187933603922524,0.29849743843078613,0.3031921982765198,0.3100423216819763,0.4136965274810791,6.0,0,198.0
57500,169,57334,24.839250564575195,76.26207733154297,23.107908248901367,35.3720703125,39.79808044433594,47.56388473510742,41.15721193949381,0.4630254805088043,0.4735908508300781,0.4708673357963562,0.4279581606388092,6.0,0,95.0
57738,170,57572,17.12380027770996,60.876399993896484,30.25826644897461,45.611724853515625,44.84695816040039,39.03081512451172,39.6246608098348,0.286335289478302,0.279962956905365,0.2850339710712433,0.4079258441925049,6.0,0,238.0
57884,171,57718,21.631664276123047,27.416976928710938,32.1024284362793,52.002986907958984,57.59679412841797,46.687400817871094,39.573041915893555,0.3526909649372101,0.3561212420463562,0.3621728718280792,0.4216575622558594,6.0,0,146.0
58081,172,57915,54.84942626953125,42.326839447021484,58.074703216552734,51.14596176147461,18.61410140991211,26.03070831298828,41.84029006958008,0.36728939414024353,0.3674536943435669,0.3773688077926636,0.4385455548763275,6.0,0,197.0
58274,173,58108,46.68988037109375,44.40167236328125,49.90455627441406,16.114330291748047,74.66156005859375,33.503360748291016,44.21256001790365,0.3428886830806732,0.3300364315509796,0.3459587097167969,0.427217960357666,6.0,0,193.0
58528,174,58362,41.560638427734375,26.73011016845703,57.1458625793457,18.50071144104004,30.029869079589844,55.73973083496094,38.284487088521324,0.30429378151893616,0.2997916042804718,0.30998465418815613,0.41470134258270264,6.0,0,254.0
58758,175,58592,17.974124908447266,32.76336669921875,56.386566162109375,57.24053955078125,20.703067779541016,69.84297180175781,42.48510615030924,0.30823376774787903,0.3178032636642456,0.3189779222011566,0.4188268780708313,6.0,0,230.0
58910,176,58744,33.02595901489258,61.087764739990234,36.83552932739258,36.80007553100586,16.407255172729492,39.45861053466797,37.26919905344645,0.3251297175884247,0.3509308099746704,0.34525614976882935,0.43109965324401855,6.0,0,152.0
59079,177,58913,31.733875274658203,48.27402114868164,75.27169799804688,47.916961669921875,34.14213562011719,38.93662643432617,46.04588635762533,0.40977299213409424,0.4327060878276825,0.43420523405075073,0.4383557140827179,6.0,0,169.0
59480,178,59314,39.82086181640625,28.906505584716797,46.99364471435547,28.592849731445312,53.390995025634766,53.831024169921875,41.922646840413414,0.24626313149929047,0.24800050258636475,0.2549181878566742,0.3947001099586487,6.0,0,401.0
59609,179,59443,17.189804077148438,42.776512145996094,37.828330993652344,55.87249755859375,38.645748138427734,61.29926681518555,42.26869328816732,0.4200080633163452,0.45034781098365784,0.44740355014801025,0.4349077641963959,6.0,0,129.0
59757,180,59591,13.391763687133789,39.81233596801758,49.532493591308594,35.03339767456055,61.000083923339844,42.55105209350586,40.2201878229777,0.31595849990844727,0.35059988498687744,0.34191378951072693,0.42383521795272827,6.0,0,148.0
59897,181,59731,31.331708908081055,49.670719146728516,58.99797821044922,16.384891510009766,75.31092834472656,51.39013671875,47.181060473124184,0.4712367355823517,0.4853042662143707,0.4940880835056305,0.43183743953704834,6.0,0,140.0
60174,182,60008,50.27085876464844,37.351806640625,54.38731384277344,27.5601863861084,45.64753723144531,31.04906463623047,41.044461250305176,0.3065897524356842,0.30640649795532227,0.31302592158317566,0.42021623253822327,6.0,0,277.0
60256,183,60090,14.303840637207031,50.58537673950195,34.28553009033203,18.902183532714844,49.62285232543945,30.158695220947266,32.976413091023765,0.4942154288291931,0.4519328773021698,0.47985777258872986,0.43143215775489807,6.0,0,82.0
60355,184,60189,34.84537887573242,68.61951446533203,29.04109001159668,36.7816276550293,45.82128143310547,30.82297706604004,40.98864491780599,0.4920412302017212,0.5292507410049438,0.5156641602516174,0.42078205943107605,6.0,0,99.0
60531,185,60365,53.21225357055664,37.794002532958984,49.2506103515625,13.346382141113281,23.56100845336914,37.89946365356445,35.843953450520836,0.2860181927680969,0.29398655891418457,0.298845112323761,0.41224199533462524,6.0,0,176.0
60722,186,60556,21.76898956298828,44.70106887817383,15.455078125,72.659912109375,25.089038848876953,58.36030578613281,39.67239888509115,0.2919270098209381,0.2860718369483948,0.294871985912323,0.40407463908195496,6.0,0,191.0
60876,187,60710,31.12033462524414,27.38108253479004,44.72676086425781,65.39579772949219,37.392879486083984,38.178916931152344,40.699295361836754,0.4024661183357239,0.361600399017334,0.39240387082099915,0.4392077922821045,6.0,0,154.0
61018,188,60852,44.222572326660156,34.1158332824707,45.36998748779297,39.657814025878906,23.35321617126465,17.942562103271484,34.11033089955648,0.33925244212150574,0.33100369572639465,0.3453740179538727,0.42528992891311646,6.0,0,142.0
61453,189,61287,38.59312057495117,27.488706588745117,12.814993858337402,59.647125244140625,47.46998977661133,27.023040771484375,35.506162802378334,0.18562720715999603,0.19017302989959717,0.19351492822170258,0.35843324661254883,6.0,0,435.0
61636,190,61470,41.332908630371094,39.76832962036133,20.924909591674805,46.64105224609375,31.950244903564453,53.66938018798828,39.04780419667562,0.3628809154033661,0.36894574761390686,0.3782728910446167,0.4376883804798126,6.0,0,183.0
61772,191,61606,37.431278228759766,49.449275970458984,38.552371978759766,18.33834457397461,33.24660873413086,35.69412612915039,35.4520009358724,0.37597206234931946,0.3602454662322998,0.37368321418762207,0.42435958981513977,6.0,0,136.0
61865,192,61699,19.096555709838867,17.270174026489258,33.23347854614258,54.834529876708984,48.793270111083984,35.855838775634766,34.84730784098307,0.4151391386985779,0.36910611391067505,0.4024563729763031,0.435320109128952,6.0,0,93.0
62053,193,61887,47.923744201660156,78.18569946289062,16.475143432617188,32.52946090698242,37.850494384765625,31.142574310302734,40.68451944986979,0.32584813237190247,0.3617466688156128,0.35647353529930115,0.4275341033935547,6.0,0,188.0
62551,194,62385,28.491472244262695,30.9194278717041,54.057857513427734,22.700267791748047,53.59672164916992,15.669384002685547,34.23918851216634,0.18958479166030884,0.18520468473434448,0.19214703142642975,0.35818246006965637,6.0,0,498.0
62728,195,62562,36.185752868652344,47.47905731201172,26.254711151123047,50.644683837890625,75.0191650390625,29.832942962646484,44.23605219523112,0.42507871985435486,0.4120294749736786,0.4263575077056885,0.43564432859420776,6.0,0,177.0
62844,196,62678,37.22203826904297,49.65516662597656,41.444515228271484,28.851856231689453,68.70516967773438,25.429019927978516,41.88462766011556,0.4844701588153839,0.4672143757343292,0.48476308584213257,0.4308285713195801,6.0,0,116.0
63133,197,62967,38.62738800048828,32.31436538696289,59.75272750854492,73.39934539794922,20.73065185546875,53.223392486572266,46.34131177266439,0.24765808880329132,0.2661398947238922,0.26024535298347473,0.3945525586605072,6.0,0,289.0
63463,198,63297,25.948644638061523,36.23196792602539,25.768775939941406,33.17361831665039,27.27799415588379,72.3167724609375,36.786295572916664,0.21451367437839508,0.2181146740913391,0.24392615258693695,0.3938683271408081,6.0,0,330.0
63600,199,63434,35.19559097290039,44.082542419433594,26.991533279418945,76.96025848388672,47.237789154052734,52.14707946777344,47.10246562957764,0.43393081426620483,0.49126511812210083,0.4754389226436615,0.43621301651000977,6.0,0,137.0
63855,200,63689,35.88129425048828,25.240942001342773,50.52783203125,34.70317077636719,18.06370735168457,62.28155517578125,37.78308359781901,0.2559584975242615,0.24288932979106903,0.2546005845069885,0.39680910110473633,6.0,0,255.0
64115,201,63949,50.331600189208984,26.845428466796875,54.308380126953125,75.75511169433594,42.793399810791016,18.378049850463867,44.735328356424965,0.29585331678390503,0.2942464053630829,0.3025468587875366,0.41637107729911804,6.0,0,260.0
64330,202,64164,23.64589500427246,19.132343292236328,36.24810791015625,52.55408477783203,66.0156021118164,27.41756248474121,37.50226593017578,0.29916033148765564,0.3072940707206726,0.31361865997314453,0.41177815198898315,6.0,0,215.0
64527,203,64361,58.13725280761719,36.1319580078125,33.07890319824219,67.68856811523438,53.832305908203125,39.83201599121094,48.116834004720054,0.3731953203678131,0.35603076219558716,0.36896082758903503,0.43055468797683716,6.0,0,197.0
64728,204,64562,43.2143669128418,72.27424621582031,25.980819702148438,30.70153045654297,25.986713409423828,46.22578430175781,40.730576833089195,0.30385276675224304,0.31362104415893555,0.31310924887657166,0.4164644777774811,6.0,0,201.0
64971,205,64805,22.94738006591797,56.58671951293945,22.01555633544922,75.1467056274414,80.19544219970703,40.586326599121094,49.57968839009603,0.36022672057151794,0.3634062111377716,0.37362632155418396,0.4273565113544464,6.0,0,243.0
65353,206,65187,46.2589111328125,57.877010345458984,22.686643600463867,56.245079040527344,52.43775939941406,27.468387603759766,43.828965187072754,0.25763851404190063,0.25382986664772034,0.26329904794692993,0.40028253197669983,6.0,0,382.0
65531,207,65365,50.892852783203125,66.62716674804688,46.52936553955078,62.328094482421875,40.81632995605469,19.80862045288086,47.83373832702637,0.39258310198783875,0.39867186546325684,0.40181952714920044,0.4271986186504364,6.0,0,178.0
65636,208,65470,30.09642791748047,55.27317428588867,48.70621871948242,31.397302627563477,29.128042221069336,45.27011489868164,39.978546778361,0.4902132451534271,0.4542667865753174,0.48480480909347534,0.4356319308280945,6.0,0,105.0
66193,209,66027,69.07158660888672,34.01332092285156,58.66570281982422,23.678329467773438,38.32771301269531,68.83219909667969,48.764808654785156,0.2359597235918045,0.2312512844800949,0.2388688623905182,0.38351258635520935,6.0,0,557.0
66303,210,66137,59.964962005615234,39.111663818359375,50.04534149169922,22.677448272705078,31.202367782592773,23.886062622070312,37.81464099884033,0.3879512548446655,0.3935450315475464,0.3956901431083679,0.4283801317214966,6.0,0,110.0
66569,211,66403,36.97578048706055,26.950565338134766,30.05021858215332,44.198387145996094,47.15217590332031,36.97630310058594,37.05057175954183,0.2851959764957428,0.29687705636024475,0.29402536153793335,0.41022148728370667,6.0,0,266.0
66662,212,66496,60.20581817626953,27.13567352294922,44.275421142578125,55.69926834106445,57.60563278198242,17.665651321411133,43.764577547709145,0.5522440075874329,0.5443058609962463,0.560210108757019,0.4205690026283264,6.0,0,93.0
67062,213,66896,30.297035217285156,33.70949172973633,60.615657806396484,49.1611328125,55.19516372680664,38.51643753051758,44.58248647054037,0.20796287059783936,0.24047109484672546,0.23105210065841675,0.38078638911247253,6.0,0,400.0
67245,214,67079,39.743873596191406,23.653291702270508,35.066532135009766,60.31522750854492,78.01390075683594,40.87836837768555,46.27853234608968,0.37446463108062744,0.3686627447605133,0.3756246566772461,0.42395129799842834,6.0,0,183.0
67338,215,67172,33.57301330566406,50.040504455566406,44.187347412109375,69.23567199707031,34.49801254272461,29.563207626342773,43.516292889912926,0.487850546836853,0.5125448107719421,0.5029993653297424,0.41620802879333496,6.0,0,93.0
67495,216,67329,42.50630187988281,31.657081604003906,88.12859344482422,39.688087463378906,59.400779724121094,23.0311222076416,47.401994387308754,0.397157222032547,0.40993109345436096,0.41379424929618835,0.4393068253993988,6.0,0,157.0
67615,217,67449,25.683679580688477,77.06681823730469,22.033763885498047,45.14999771118164,35.8390007019043,24.126972198486328,38.31670538584391,0.390931099653244,0.40303412079811096,0.40596848726272583,0.4312805235385895,6.0,0,120.0
67857,218,67691,50.68585968017578,19.086219787597656,33.29646682739258,56.60407638549805,27.64364242553711,60.08518981933594,41.23357582092285,0.2941427230834961,0.29324084520339966,0.30010589957237244,0.41055577993392944,6.0,0,242.0
67981,219,67815,48.10432434082031,56.69023513793945,31.069629669189453,36.34088134765625,42.022640228271484,18.180370330810547,38.73468017578125,0.4896453022956848,0.5017171502113342,0.5114769339561462,0.4420870244503021,6.0,0,124.0
68096,220,67930,26.265277862548828,34.0450439453125,39.547119140625,32.406742095947266,28.551504135131836,64.12326049804688,37.48982461293539,0.4046062231063843,0.4131128787994385,0.4130731225013733,0.42930760979652405,6.0,0,115.0
68257,221,68091,42.52323532104492,42.747947692871094,80.72673797607422,35.70556640625,16.846324920654297,26.91303253173828,40.910474141438804,0.4068536162376404,0.4248283803462982,0.429847776889801,0.43761613965034485,6.0,0,161.0
68373,222,68207,40.06865310668945,22.391624450683594,33.63751220703125,64.92584991455078,45.94010925292969,20.88981819152832,37.97559452056885,0.4148809611797333,0.40454787015914917,0.41576600074768066,0.42820173501968384,6.0,0,116.0
68637,223,68471,63.26589584350586,22.269798278808594,60.19744110107422,25.105390548706055,51.65378952026367,32.93040466308594,42.57045332590739,0.27282464504241943,0.2884363532066345,0.2869693338871002,0.407215416431427,6.0,0,264.0
68759,224,68593,48.23147201538086,26.48184585571289,22.01386260986328,70.9608154296875,41.419090270996094,51.166587829589844,43.378945668538414,0.44153791666030884,0.4501032531261444,0.45526498556137085,0.43380555510520935,6.0,0,122.0
69258,225,69092,38.891422271728516,17.636743545532227,50.007476806640625,64.56184387207031,20.409101486206055,63.9405517578125,42.574523289998375,0.21266309916973114,0.20982667803764343,0.21589386463165283,0.37113189697265625,6.0,0,499.0
69376,226,69210,25.62089729309082,33.18678665161133,48.3801155090332,41.93843078613281,49.714839935302734,40.97027587890625,39.96855767567953,0.5074142813682556,0.5010849237442017,0.5161534547805786,0.43703070282936096,6.0,0,118.0
69452,227,69286,16.875465393066406,32.01646423339844,36.18955612182617,51.79894256591797,56.53691482543945,52.9675178527832,41.06414349873861,0.5873066186904907,0.5808779001235962,0.5892274975776672,0.40046602487564087,6.0,0,76.0
70129,228,69963,64.83476257324219,15.606992721557617,39.4072265625,64.91801452636719,37.231781005859375,46.19881057739258,44.69959799448649,0.18022336065769196,0.18739134073257446,0.1882634311914444,0.35485509037971497,6.0,0,677.0
70261,229,70095,23.61075210571289,45.30950927734375,42.91769027709961,18.976943969726562,62.47490310668945,44.197021484375,39.58113670349121,0.3651583194732666,0.39021697640419006,0.3888970911502838,0.42450976371765137,6.0,0,132.0
70476,230,70310,42.907875061035156,73.02610778808594,38.33232498168945,26.893165588378906,70.18880462646484,20.187585830688477,45.25597731272379,0.3247029185295105,0.3365500569343567,0.343185156583786,0.4191817343235016,6.0,0,215.0
70768,231,70602,28.405973434448242,28.693954467773438,32.88690185546875,43.868133544921875,47.61436462402344,66.88432312011719,41.392275174458824,0.26987794041633606,0.29837802052497864,0.2950930893421173,0.40992969274520874,6.0,0,292.0
70969,232,70803,30.758623123168945,41.332664489746094,32.60364532470703,90.34219360351562,41.26189041137695,44.96002197265625,46.87650648752848,0.3755059838294983,0.36437225341796875,0.3742430806159973,0.42576703429222107,6.0,0,201.0
71210,233,71044,31.162769317626953,38.342247009277344,100.77851104736328,21.463165283203125,38.71664047241211,55.96444320678711,47.73796272277832,0.30713969469070435,0.2949216961860657,0.3074503242969513,0.41015103459358215,6.0,0,241.0
71323,234,71157,31.272096633911133,51.98567199707031,13.016658782958984,60.72747039794922,67.56932830810547,32.854068756103516,42.904215812683105,0.4656737446784973,0.4854198396205902,0.4864027500152588,0.4354676902294159,6.0,0,113.0
71580,235,71414,50.122291564941406,43.977264404296875,73.47590637207031,53.833675384521484,22.4752254486084,38.97109603881836,47.14257653554281,0.3454337418079376,0.3268686830997467,0.3472834825515747,0.425624281167984,6.0,0,257.0
71716,236,71550,41.365352630615234,35.00270462036133,67.51686096191406,48.474525451660156,31.437837600708008,23.769752502441406,41.2611722946167,0.3945397734642029,0.4191194176673889,0.4257674515247345,0.43881112337112427,6.0,0,136.0
72124,237,71958,43.38405227661133,30.214632034301758,57.22560501098633,37.071964263916016,13.233874320983887,19.069135665893555,33.36654392878214,0.1859654188156128,0.19265037775039673,0.19396284222602844,0.35960373282432556,6.0,0,408.0
72305,238,72139,18.275867462158203,44.824127197265625,24.13616371154785,59.021602630615234,35.87919998168945,65.10986328125,41.20780404408773,0.31774401664733887,0.3298455774784088,0.3349023163318634,0.4231974482536316,6.0,0,181.0
72547,239,72381,44.88370132446289,56.287986755371094,27.671857833862305,21.51451873779297,54.26692581176758,50.331275939941406,42.49271106719971,0.30477145314216614,0.33631590008735657,0.3295879662036896,0.41743284463882446,6.0,0,242.0
72682,240,72516,25.35196876525879,21.75515365600586,43.73421859741211,17.469358444213867,25.298158645629883,65.63835906982422,33.20786952972412,0.2834518253803253,0.2959310710430145,0.2956128418445587,0.40134701132774353,6.0,0,135.0
73074,241,72908,28.832969665527344,21.738994598388672,34.89585876464844,52.378562927246094,33.460792541503906,67.59720611572266,39.81739743550619,0.19989751279354095,0.22516979277133942,0.2222956120967865,0.37561318278312683,6.0,0,392.0
73338,242,73172,81.62158203125,43.123321533203125,53.83407974243164,38.77643966674805,33.35655212402344,18.4776668548584,44.864940325419106,0.2748168110847473,0.2681789696216583,0.27747243642807007,0.4013174772262573,6.0,0,264.0
73510,243,73344,46.9898681640625,59.52052688598633,27.945632934570312,22.316892623901367,52.93639373779297,79.56947326660156,48.213131268819176,0.3460800349712372,0.37241753935813904,0.36991018056869507,0.4292145371437073,6.0,0,172.0
73994,244,73828,51.391029357910156,47.01397705078125,57.47041320800781,28.647972106933594,15.817207336425781,34.16069412231445,39.08354886372884,0.20945172011852264,0.2064017355442047,0.21609027683734894,0.3722377121448517,6.0,0,484.0
74069,245,73903,30.669191360473633,26.14287757873535,39.05305480957031,18.509679794311523,23.28870391845703,47.2259521484375,30.81490993499756,0.4251804053783417,0.4198298156261444,0.42859238386154175,0.42896297574043274,6.0,0,75.0
74259,246,74093,21.94217300415039,42.70056915283203,60.21794891357422,28.50048065185547,52.082786560058594,66.61412811279297,45.34301439921061,0.34548479318618774,0.35207056999206543,0.35343945026397705,0.42186281085014343,6.0,0,190.0
74481,247,74315,46.34093475341797,60.892662048339844,37.24236297607422,47.23323059082031,28.263954162597656,39.989227294921875,43.32706197102865,0.33296623826026917,0.34227269887924194,0.3442878723144531,0.4213671386241913,6.0,0,222.0
74586,248,74420,19.45905303955078,16.428068161010742,32.48639678955078,46.02955627441406,64.7647705078125,29.790143966674805,34.82633145650228,0.3900085985660553,0.403698205947876,0.4138290584087372,0.44254249334335327,6.0,0,105.0
74696,249,74530,53.00471115112305,23.51458740234375,43.02969741821289,43.352333068847656,14.288496017456055,69.80189514160156,41.165286699930824,0.46754345297813416,0.43482711911201477,0.4641432464122772,0.4372071623802185,6.0,0,110.0
74827,250,74661,73.66744232177734,51.362247467041016,39.50059509277344,19.05162239074707,29.968534469604492,33.68543243408203,41.20597902933756,0.4025200307369232,0.3857947587966919,0.40164321660995483,0.43374037742614746,6.0,0,131.0
75037,251,74871,73.77268981933594,41.46003341674805,50.43665313720703,29.465229034423828,31.520816802978516,19.636892318725586,41.04871908823649,0.2832909822463989,0.3103336691856384,0.3063356280326843,0.4157852232456207,6.0,0,210.0
75301,252,75135,30.180076599121094,48.39962387084961,62.882694244384766,59.529075622558594,65.6749496459961,16.380172729492188,47.174432118733726,0.33953914046287537,0.35903167724609375,0.36317136883735657,0.4324030876159668,6.0,0,264.0
75468,253,75302,31.582141876220703,18.84210205078125,58.07594680786133,18.80073356628418,49.016841888427734,83.94613647460938,43.377317110697426,0.31893688440322876,0.32344865798950195,0.32785046100616455,0.4192594587802887,6.0,0,167.0
75608,254,75442,38.11180877685547,54.51853942871094,27.579809188842773,40.85259246826172,45.95747756958008,18.985774993896484,37.667667071024574,0.3944755792617798,0.4060521423816681,0.4115006923675537,0.43842825293540955,6.0,0,140.0
75813,255,75647,34.92312240600586,33.56829833984375,51.226932525634766,16.743864059448242,38.21300506591797,60.45320129394531,39.18807061513265,0.275063157081604,0.32353711128234863,0.30730342864990234,0.4115478992462158,6.0,0,205.0
75942,256,75776,23.172212600708008,33.752933502197266,37.661842346191406,56.78852844238281,62.806705474853516,21.453502655029297,39.272620836893715,0.3578501343727112,0.36047205328941345,0.3633784353733063,0.4230586290359497,6.0,0,129.0
76197,257,76031,28.100597381591797,34.198699951171875,23.564298629760742,44.01691436767578,34.6751708984375,35.445106506347656,33.33346462249756,0.2533625066280365,0.24843594431877136,0.2579711079597473,0.39279282093048096,6.0,0,255.0
76310,258,76144,39.73113250732422,21.57477569580078,37.04682159423828,41.45884704589844,43.63874816894531,73.51819610595703,42.828086853027344,0.4094851315021515,0.43528494238853455,0.4308570623397827,0.4377327561378479,6.0,0,113.0
76545,259,76379,22.082565307617188,45.70912551879883,71.08464813232422,44.22262191772461,80.27725982666016,46.306304931640625,51.61375427246094,0.3070228397846222,0.3295075297355652,0.3245772421360016,0.42080822587013245,6.0,0,235.0
76629,260,76463,46.641239166259766,23.597515106201172,42.38791275024414,40.54902267456055,21.986804962158203,41.79599380493164,36.15974807739258,0.5529779195785522,0.5818474888801575,0.5749603509902954,0.41154786944389343,6.0,0,84.0
76746,261,76580,44.59020233154297,34.244415283203125,23.29098892211914,66.51670837402344,21.57008934020996,44.372581481933594,39.097497622172035,0.4275989234447479,0.4602271616458893,0.45347121357917786,0.43449631333351135,6.0,0,117.0
76953,262,76787,34.9113883972168,32.101539611816406,56.418270111083984,31.412595748901367,53.944793701171875,73.15874481201172,46.991222063700356,0.33376455307006836,0.3421403169631958,0.3431469798088074,0.41916513442993164,6.0,0,207.0
77166,263,77000,29.715848922729492,19.44301986694336,66.87620544433594,42.871009826660156,49.72240447998047,33.95808410644531,40.43109544118246,0.28118816018104553,0.2823854684829712,0.28495267033576965,0.4034211337566376,6.0,0,213.0
77530,264,77364,41.158973693847656,51.443450927734375,33.95113754272461,29.470029830932617,18.016727447509766,47.60698699951172,36.94121774037679,0.2106325328350067,0.2256835699081421,0.23093274235725403,0.38323259353637695,6.0,0,364.0
77691,265,77525,43.15476608276367,13.624855041503906,34.88225555419922,40.56800842285156,77.19952392578125,59.57269287109375,44.83368364969889,0.45515209436416626,0.4481964707374573,0.46136125922203064,0.4391558766365051,6.0,0,161.0
77878,266,77712,27.63667106628418,45.93330383300781,28.038545608520508,68.05623626708984,47.03119659423828,31.174545288085938,41.31174977620443,0.3138456642627716,0.3209606111049652,0.32265475392341614,0.418304443359375,6.0,0,187.0
78004,267,77838,20.213764190673828,30.78665542602539,34.302284240722656,84.05645751953125,41.72589111328125,22.052207946777344,38.85621007283529,0.3471417725086212,0.3565819561481476,0.3621954619884491,0.4253626763820648,6.0,0,126.0
78185,268,78019,42.856319427490234,22.531173706054688,39.808616638183594,59.77010726928711,26.292259216308594,67.7071762084961,43.16094207763672,0.31373700499534607,0.3367168605327606,0.3281034231185913,0.419531911611557,6.0,0,181.0
78298,269,78132,51.011043548583984,70.5100326538086,20.00079917907715,27.3144474029541,44.24097442626953,36.05434799194336,41.52194086710612,0.4487926661968231,0.4545117914676666,0.4584754705429077,0.4376623034477234,6.0,0,113.0
78458,270,78292,26.694236755371094,40.67856979370117,65.0539779663086,13.707173347473145,38.374080657958984,50.31513595581055,39.13719574610392,0.3867540955543518,0.3459725081920624,0.37878313660621643,0.4357700049877167,6.0,0,160.0
78614,271,78448,18.75257682800293,33.01653289794922,45.896610260009766,25.739303588867188,50.458168029785156,52.20623016357422,37.678236961364746,0.3745139241218567,0.4261731803417206,0.4123055040836334,0.4409131109714508,6.0,0,156.0
78814,272,78648,70.76058959960938,26.815261840820312,15.74421501159668,41.876068115234375,28.907243728637695,54.55245590209961,39.77597236633301,0.28694334626197815,0.3086690604686737,0.3041524589061737,0.41239020228385925,6.0,0,200.0
78974,273,78808,46.60053253173828,43.399967193603516,28.448299407958984,20.115100860595703,48.60730743408203,82.125,44.88270123799642,0.35133495926856995,0.3442893922328949,0.36071452498435974,0.42610815167427063,6.0,0,160.0
79145,274,78979,55.03478240966797,80.82524108886719,35.13813400268555,40.96800231933594,20.152660369873047,35.38632583618164,44.58419100443522,0.357980340719223,0.3571417033672333,0.36464154720306396,0.42880088090896606,6.0,0,171.0
79407,275,79241,48.32582092285156,12.019060134887695,45.567138671875,24.614055633544922,69.42548370361328,32.56368637084961,38.75254090627035,0.24058949947357178,0.24939335882663727,0.2518819570541382,0.39526262879371643,6.0,0,262.0
79603,276,79437,17.71377944946289,80.73088836669922,33.85700988769531,30.826370239257812,48.517539978027344,64.76982116699219,46.06923484802246,0.34692904353141785,0.33521974086761475,0.35368356108665466,0.4296317398548126,6.0,0,196.0
79969,277,79803,25.320270538330078,49.51570510864258,62.11682891845703,38.96192932128906,67.04810333251953,44.78192901611328,47.95746103922526,0.2644634544849396,0.2701184153556824,0.2748853266239166,0.40334460139274597,6.0,0,366.0
80353,278,80187,56.02559280395508,47.22624969482422,18.88566780090332,39.06757354736328,45.04414367675781,23.121103286743164,38.22838846842448,0.20394836366176605,0.21854522824287415,0.21624337136745453,0.3747805058956146,6.0,0,384.0
81153,279,80987,77.62287902832031,35.26104736328125,24.013832092285156,-227.59776306152344,45.82191467285156,43.30617904663086,-0.2619851430257161,0.111692413687706,0.1161307618021965,0.16040053963661194,0.33771347999572754,5.0,0,800.0
81482,280,81316,14.927536010742188,16.085857391357422,46.774051666259766,46.29347610473633,27.488157272338867,62.034423828125,35.600583712259926,0.21453484892845154,0.18921686708927155,0.21156065165996552,0.3692324459552765,6.0,0,329.0
81588,281,81422,68.85485076904297,30.749757766723633,23.58161163330078,55.59680938720703,33.158512115478516,37.38163757324219,41.553863207499184,0.4385431706905365,0.45046359300613403,0.44889649748802185,0.4337291419506073,6.0,0,106.0
81730,282,81564,56.56193542480469,40.731475830078125,36.673770904541016,16.88922119140625,52.671566009521484,66.8235092163086,45.058579762776695,0.4534761905670166,0.43327584862709045,0.4530022144317627,0.434087872505188,6.0,0,142.0
81890,283,81724,35.415157318115234,30.67513656616211,49.16461944580078,30.463214874267578,65.1204833984375,23.983505249023438,39.13701947530111,0.34283068776130676,0.3456856608390808,0.3513821065425873,0.4201240539550781,6.0,0,160.0
82063,284,81897,33.98075866699219,48.95677947998047,33.33403015136719,53.12491226196289,18.38630485534668,34.82400894165039,37.1011323928833,0.3506688177585602,0.38556617498397827,0.37974047660827637,0.43540090322494507,6.0,0,173.0
82291,285,82125,62.745361328125,42.48724365234375,42.22219467163086,16.594669342041016,22.749134063720703,53.820499420166016,40.10318374633789,0.34441685676574707,0.3506457805633545,0.361898273229599,0.43416863679885864,6.0,0,228.0
82696,286,82530,12.779154777526855,44.9649543762207,30.94524574279785,41.2204475402832,62.55927658081055,28.98016357421875,36.90820709864298,0.2037404626607895,0.2018309235572815,0.2073468565940857,0.36620402336120605,6.0,0,405.0
82796,287,82630,69.3726577758789,33.052284240722656,48.324256896972656,25.40830421447754,51.37694549560547,27.39539337158203,42.48830699920654,0.4679151475429535,0.513841450214386,0.4979820251464844,0.4216201901435852,6.0,0,100.0
83165,288,82999,30.800594329833984,60.65005874633789,66.49800109863281,40.65516662597656,41.39157485961914,12.990782737731934,42.164363066355385,0.23141437768936157,0.228282630443573,0.23828387260437012,0.3825628161430359,6.0,0,369.0
83475,289,83309,46.66143035888672,94.8167724609375,28.352279663085938,33.624305725097656,60.3925895690918,49.019718170166016,52.14451599121094,0.25953683257102966,0.2877572774887085,0.2801331877708435,0.4052426218986511,6.0,0,310.0
83705,290,83539,62.00367736816406,23.162656784057617,49.115875244140625,38.74238204956055,42.40868377685547,23.383142471313477,39.80273628234863,0.3062150776386261,0.30795708298683167,0.31350642442703247,0.4161268174648285,6.0,0,230.0
83790,291,83624,55.74831771850586,29.335010528564453,37.25727081298828,15.392709732055664,14.789628982543945,62.734092712402344,35.87617174784342,0.4375517964363098,0.4406675696372986,0.44077831506729126,0.41484153270721436,6.0,0,85.0
84013,292,83847,65.41217803955078,43.44852828979492,44.50342559814453,59.671913146972656,43.92388153076172,12.070088386535645,44.838335831960045,0.31301864981651306,0.3242373466491699,0.32752716541290283,0.41746264696121216,6.0,0,223.0
84245,293,84079,35.92523193359375,41.288734436035156,19.865198135375977,33.033714294433594,74.43475341796875,47.647499084472656,42.032521883646645,0.26441746950149536,0.28163519501686096,0.28133317828178406,0.40458157658576965,6.0,0,232.0
84407,294,84241,47.87483596801758,29.37498664855957,42.76947784423828,21.26425552368164,67.97434997558594,33.88352584838867,40.52357196807861,0.30483442544937134,0.3184955418109894,0.3175114095211029,0.40493106842041016,6.0,0,162.0
84524,295,84358,34.68330383300781,55.377296447753906,27.491966247558594,31.228544235229492,48.05506134033203,75.80464172363281,45.440135637919106,0.47744977474212646,0.46247154474258423,0.4740242660045624,0.4230623245239258,6.0,0,117.0
84692,296,84526,28.14828872680664,50.815277099609375,42.123233795166016,33.35457992553711,41.75783157348633,40.8289680480957,39.50469652811686,0.4127062261104584,0.39393875002861023,0.4106743633747101,0.4329792559146881,6.0,0,168.0
84822,297,84656,72.18647766113281,27.04393768310547,51.74559020996094,42.99318313598633,22.691001892089844,55.396949768066406,45.34285672505697,0.4367513656616211,0.4659208655357361,0.4615810215473175,0.43649959564208984,6.0,0,130.0
84955,298,84789,66.38089752197266,28.716270446777344,53.966156005859375,19.828022003173828,53.158111572265625,28.05168914794922,41.68352444966634,0.3730269968509674,0.4090093672275543,0.39768290519714355,0.43549469113349915,6.0,0,133.0
85170,299,85004,52.17021179199219,46.003822326660156,52.94392395019531,30.73506736755371,19.02182960510254,61.526268005371094,43.7335205078125,0.3681001365184784,0.3735232651233673,0.3770669400691986,0.4274257719516754,6.0,0,215.0
85337,300,85171,60.121498107910156,28.6395320892334,56.2554931640625,82.80620574951172,32.7395133972168,36.77532196044922,49.55626074473063,0.39531397819519043,0.384906530380249,0.3943153917789459,0.4276792109012604,6.0,0,167.0
85530,301,85364,78.1196517944336,47.01057815551758,60.86985778808594,33.084259033203125,17.99657440185547,43.31728744506836,46.73303476969401,0.340838223695755,0.34416985511779785,0.3479613959789276,0.4141792356967926,6.0,0,193.0
86330,302,86164,-61.360877990722656,44.17165756225586,40.643882751464844,47.12001037597656,28.908601760864258,64.291259765625,27.295755704243977,0.15403851866722107,0.15826766192913055,0.18308556079864502,0.3544580638408661,5.0,0,800.0
86477,303,86311,53.911903381347656,39.92341995239258,17.162445068359375,35.24216079711914,45.93061065673828,20.258766174316406,35.404884338378906,0.33814916014671326,0.2937416434288025,0.3222862184047699,0.4107639193534851,6.0,0,147.0
86628,304,86462,37.428585052490234,45.36722946166992,32.72874069213867,39.4545783996582,45.58171081542969,85.36968994140625,47.65508906046549,0.4338383376598358,0.4352380633354187,0.44307953119277954,0.4356248676776886,6.0,0,151.0
86795,305,86629,23.907365798950195,42.45499801635742,48.88618087768555,57.85063171386719,52.247337341308594,69.96226501464844,49.218129793802895,0.4277050793170929,0.46594366431236267,0.45231398940086365,0.43607351183891296,6.0,0,167.0
86952,306,86786,22.26523208618164,58.087059020996094,33.46758270263672,51.05023956298828,55.75153350830078,33.87535858154297,42.41616757710775,0.35812029242515564,0.3904535472393036,0.38367190957069397,0.42678892612457275,6.0,0,157.0
87069,307,86903,53.89469909667969,25.55846405029297,28.44860076904297,43.21162033081055,60.22844314575195,47.79966735839844,43.19024912516276,0.46110716462135315,0.47442758083343506,0.4779473543167114,0.43113985657691956,6.0,0,117.0
87213,308,87047,30.228595733642578,39.24264907836914,66.46383666992188,40.9929084777832,44.9317626953125,13.832353591918945,39.28201770782471,0.3083449900150299,0.3147139251232147,0.3182045519351959,0.4110007882118225,6.0,0,144.0
87462,309,87296,22.607877731323242,32.15978240966797,37.13850402832031,48.250362396240234,47.48747253417969,55.18854522705078,40.47209072113037,0.25611209869384766,0.2673245966434479,0.26879531145095825,0.3971749246120453,6.0,0,249.0
87640,310,87474,28.336692810058594,30.55062484741211,25.22014045715332,13.383703231811523,67.45694732666016,76.32856750488281,40.21277936299642,0.29435935616493225,0.3067930042743683,0.30579274892807007,0.40964215993881226,6.0,0,178.0
87771,311,87605,23.234962463378906,54.21830368041992,64.78269958496094,27.609867095947266,37.967552185058594,30.057729721069336,39.645185788472496,0.3807947635650635,0.3927159309387207,0.39404743909835815,0.4174707233905792,6.0,0,131.0
87937,312,87771,23.803789138793945,54.31251525878906,20.48703956604004,62.52372741699219,41.055477142333984,13.9599027633667,36.02374188105265,0.28073301911354065,0.30097347497940063,0.2925381362438202,0.406719833612442,6.0,0,166.0
88066,313,87900,66.99009704589844,35.89055633544922,41.88618850708008,31.088563919067383,23.452726364135742,14.094888687133789,35.56717014312744,0.31939151883125305,0.29619497060775757,0.31319400668144226,0.40911465883255005,6.0,0,129.0
88236,314,88070,21.795730590820312,20.374549865722656,46.30999755859375,72.54182434082031,52.35954284667969,35.69782638549805,41.513245264689125,0.3515844941139221,0.3909159302711487,0.3814446032047272,0.42441171407699585,6.0,0,170.0
88404,315,88238,45.84917449951172,53.29450225830078,13.961162567138672,32.19029998779297,25.695119857788086,58.28484344482422,38.21251710255941,0.34348538517951965,0.36361196637153625,0.3603610098361969,0.4178827106952667,6.0,0,168.0
88527,316,88361,61.06999969482422,22.053730010986328,47.311317443847656,48.85177230834961,54.783851623535156,19.973201751708984,42.34064547220866,0.41812047362327576,0.4271015226840973,0.4313735067844391,0.4323217570781708,6.0,0,123.0
88772,317,88606,32.393043518066406,46.9058952331543,36.29829788208008,71.20417022705078,24.543947219848633,59.347755432128906,45.11551825205485,0.2786407172679901,0.3064063787460327,0.297983318567276,0.40864431858062744,6.0,0,245.0
88853,318,88687,18.677698135375977,49.28968811035156,18.622882843017578,31.256912231445312,63.02094268798828,37.581748962402344,36.40831216176351,0.4876502454280853,0.49368494749069214,0.49467822909355164,0.42598703503608704,6.0,0,81.0
88997,319,88831,36.02998352050781,56.16787338256836,70.79735565185547,25.214685440063477,34.4205322265625,47.135746002197266,44.961029370625816,0.4305248260498047,0.4267198145389557,0.4400619566440582,0.4276885390281677,6.0,0,144.0
89181,320,89015,51.287933349609375,55.918617248535156,18.15384292602539,58.539268493652344,48.06294631958008,33.685325622558594,44.27465565999349,0.37841951847076416,0.3994080424308777,0.3989078402519226,0.4352905750274658,6.0,0,184.0
89476,321,89310,33.78541564941406,55.66707229614258,40.562564849853516,14.042935371398926,17.538681030273438,68.04768371582031,38.27405881881714,0.24028073251247406,0.2542802095413208,0.2518249452114105,0.39093315601348877,6.0,0,295.0
89624,322,89458,54.35118103027344,21.00058937072754,21.39614486694336,48.18518829345703,56.378631591796875,29.437908172607422,38.45827388763428,0.3378489315509796,0.38470858335494995,0.36808842420578003,0.4295477867126465,6.0,0,148.0
89719,323,89553,36.83053970336914,38.531455993652344,27.06368064880371,51.84772872924805,35.15351867675781,53.33481216430664,40.460289319356285,0.6105212569236755,0.6275640726089478,0.6297830939292908,0.39708998799324036,6.0,0,95.0
89821,324,89655,53.93516159057617,20.89695930480957,15.975133895874023,65.29744720458984,69.71053314208984,30.590152740478516,42.734231313069664,0.47218582034111023,0.4569950997829437,0.4663256108760834,0.4184444546699524,6.0,0,102.0
89986,325,89820,18.21859359741211,44.684898376464844,20.04180908203125,33.36813735961914,58.19207763671875,62.97285461425781,39.57972844441732,0.31726908683776855,0.36755433678627014,0.3533186912536621,0.42886456847190857,6.0,0,165.0
90086,326,89920,26.216968536376953,24.691280364990234,69.00465393066406,43.810890197753906,36.66495895385742,26.14858627319336,37.75622304280599,0.4194347560405731,0.4662802517414093,0.45403972268104553,0.43616437911987305,6.0,0,100.0
90255,327,90089,18.13382911682129,57.21202850341797,70.39918518066406,25.965919494628906,45.3062629699707,33.24673843383789,41.7106606165568,0.378325492143631,0.38157257437705994,0.38857772946357727,0.4328332841396332,6.0,0,169.0
90386,328,90220,14.589166641235352,45.60133743286133,45.368743896484375,31.445388793945312,49.90148162841797,41.64507293701172,38.09186522165934,0.39581143856048584,0.41712838411331177,0.41130509972572327,0.4242721498012543,6.0,0,131.0
90486,329,90320,23.125328063964844,25.24920654296875,20.750553131103516,51.4649658203125,54.078365325927734,58.71726608276367,38.8976141611735,0.42862674593925476,0.42701584100723267,0.44263947010040283,0.43325603008270264,6.0,0,100.0
90586,330,90420,43.40422058105469,27.526878356933594,37.97623062133789,44.32441329956055,52.45718002319336,30.850942611694336,39.42331091562907,0.5097597241401672,0.5314739942550659,0.5248112082481384,0.4277937412261963,6.0,0,100.0
90691,331,90525,53.1483154296875,49.95048904418945,39.91312789916992,26.4448184967041,43.30122756958008,15.05910587310791,37.96951405207316,0.4516861140727997,0.4913318455219269,0.4786255955696106,0.4343947470188141,6.0,0,105.0
90838,332,90672,27.897422790527344,41.384239196777344,46.281455993652344,58.73227310180664,26.809778213500977,57.63190460205078,43.12284564971924,0.411550372838974,0.408221036195755,0.4197778105735779,0.4249679148197174,6.0,0,147.0
91021,333,90855,42.063255310058594,23.595733642578125,69.93684387207031,61.54021072387695,14.006647109985352,43.114566802978516,42.376209576924644,0.32690584659576416,0.32934609055519104,0.33623597025871277,0.41008153557777405,6.0,0,183.0
91250,334,91084,27.378490447998047,55.33137512207031,29.00716781616211,37.318111419677734,49.60723114013672,62.042449951171875,43.44747098286947,0.2975502610206604,0.29028645157814026,0.2992874085903168,0.40654927492141724,6.0,0,229.0
91381,335,91215,40.135536193847656,67.32726287841797,17.478954315185547,53.2697868347168,30.03049087524414,12.77139949798584,36.83557176589966,0.34212958812713623,0.3966357111930847,0.3778386116027832,0.42612239718437195,6.0,0,131.0
91527,336,91361,17.728492736816406,52.12059020996094,64.68031311035156,55.2280387878418,15.626794815063477,18.919994354248047,37.38403733571371,0.3287445604801178,0.34427040815353394,0.3410150408744812,0.41917964816093445,6.0,0,146.0
91610,337,91444,35.99507141113281,50.4825325012207,50.871673583984375,44.55415344238281,22.245922088623047,39.11414337158203,40.54391606648763,0.5606278777122498,0.5784435272216797,0.5797997713088989,0.41260895133018494,6.0,0,83.0
91733,338,91567,28.77748680114746,72.15249633789062,62.83659362792969,33.09542465209961,40.07924270629883,47.442752838134766,47.39733282725016,0.439562052488327,0.4377870559692383,0.4447351396083832,0.42543163895606995,6.0,0,123.0
91845,339,91679,35.80744934082031,16.965999603271484,24.455711364746094,30.964237213134766,48.04644775390625,55.418235778808594,35.276346842447914,0.3634083569049835,0.374246746301651,0.37496235966682434,0.4280058741569519,6.0,0,112.0
92012,340,91846,22.708765029907227,53.73768615722656,37.26666259765625,18.88791275024414,23.49097442626953,53.23698425292969,34.88816420237223,0.3145957887172699,0.3408583104610443,0.343822181224823,0.4290045201778412,6.0,0,167.0
92193,341,92027,12.840004920959473,39.23402404785156,34.729801177978516,56.02613830566406,34.77293014526367,37.76945495605469,35.895392258962,0.2862124443054199,0.30394047498703003,0.3000263571739197,0.40693363547325134,6.0,0,181.0
92357,342,92191,74.4071044921875,24.534183502197266,34.08760070800781,30.80278778076172,31.294689178466797,55.57723617553711,41.78393363952637,0.3197192847728729,0.33368149399757385,0.33355841040611267,0.4104870557785034,6.0,0,164.0
92457,343,92291,15.461888313293457,30.91863250732422,61.65290069580078,35.384552001953125,41.27204132080078,54.24802780151367,39.823007106781006,0.46926259994506836,0.5139734745025635,0.49943995475769043,0.4283624589443207,6.0,0,100.0
92587,344,92421,43.13667678833008,29.716367721557617,84.02204895019531,49.0997314453125,30.821012496948242,17.552995681762695,42.39147218068441,0.36382627487182617,0.388039231300354,0.3792702555656433,0.4178895950317383,6.0,0,130.0
92820,345,92654,30.333316802978516,86.0635986328125,65.86579895019531,53.40140151977539,12.787128448486328,31.695070266723633,46.69105243682861,0.3278372287750244,0.3326292335987091,0.3383980691432953,0.419325590133667,6.0,0,233.0
92937,346,92771,22.73307991027832,62.416664123535156,59.12361145019531,45.08110809326172,63.894752502441406,18.3892765045166,45.27308209737142,0.4592590034008026,0.4919523000717163,0.4910004734992981,0.4353676438331604,6.0,0,117.0
93047,347,92881,18.410701751708984,37.56050109863281,67.83638000488281,65.32002258300781,33.30467224121094,43.21834182739258,44.27510325113932,0.4338531494140625,0.5028398036956787,0.47862017154693604,0.4368196427822113,6.0,0,110.0
93183,348,93017,18.785442352294922,43.20720291137695,45.79293441772461,66.79023742675781,25.63523292541504,16.956071853637695,36.19452031453451,0.31934037804603577,0.3229542076587677,0.3274335563182831,0.41966304183006287,6.0,0,136.0
93289,349,93123,51.13686752319336,39.94084930419922,49.415714263916016,65.78284454345703,19.107650756835938,21.8697509765625,41.208946228027344,0.4691636562347412,0.453182578086853,0.46720990538597107,0.43009671568870544,6.0,0,106.0
93404,350,93238,29.844928741455078,48.687538146972656,17.88558006286621,69.74443054199219,33.52619552612305,34.554500579833984,39.04052893320719,0.4737352132797241,0.4641936719417572,0.476608544588089,0.43249353766441345,6.0,0,115.0
93850,351,93684,39.75163269042969,53.50018310546875,24.68018341064453,52.528255462646484,19.485261917114258,63.52904510498047,42.2457602818807,0.1898103505373001,0.21217265725135803,0.20795336365699768,0.3671335279941559,6.0,0,446.0
93941,352,93775,36.891334533691406,36.84737777709961,53.373226165771484,41.47233581542969,13.055171966552734,49.090579986572266,38.455004374186196,0.498569130897522,0.507858395576477,0.510148823261261,0.4172077775001526,6.0,0,91.0
94128,353,93962,47.20692443847656,52.31966781616211,53.4319953918457,21.933788299560547,67.5049819946289,54.30065155029297,49.44966824849447,0.40302038192749023,0.392498642206192,0.4041309058666229,0.42629069089889526,6.0,0,187.0
94272,354,94106,59.91496658325195,53.02288818359375,36.0302734375,69.43687438964844,14.193693161010742,34.72088623046875,44.553263664245605,0.4059818387031555,0.39047127962112427,0.40760934352874756,0.43272683024406433,6.0,0,144.0
94406,355,94240,26.548961639404297,28.988441467285156,30.854711532592773,50.007362365722656,47.925437927246094,59.110836029052734,40.572625160217285,0.39804086089134216,0.4665805995464325,0.4449555575847626,0.44046449661254883,6.0,0,134.0
94477,356,94311,45.84263610839844,23.49243927001953,33.974822998046875,43.26707458496094,34.80447006225586,26.943084716796875,34.720754623413086,0.5561433434486389,0.5545880794525146,0.5684062838554382,0.41013607382774353,6.0,0,71.0
94640,357,94474,42.41783905029297,33.57436752319336,40.801429748535156,12.923412322998047,17.292369842529297,53.67864227294922,33.44801012674967,0.2873988747596741,0.31091952323913574,0.30935758352279663,0.41113972663879395,6.0,0,163.0
94863,358,94697,31.764265060424805,27.64168930053711,48.88019561767578,54.47874450683594,41.318153381347656,44.41249084472656,41.41592311859131,0.3094101846218109,0.33402934670448303,0.326660692691803,0.4197661578655243,6.0,0,223.0
95022,359,94856,21.039152145385742,47.011329650878906,25.275484085083008,60.115455627441406,13.799240112304688,76.79383850097656,40.67241668701172,0.3049193024635315,0.3175400495529175,0.31711965799331665,0.4102644622325897,6.0,0,159.0
95268,360,95102,36.59980773925781,75.99303436279297,18.943344116210938,17.260353088378906,57.709442138671875,34.50811767578125,40.16901652018229,0.24460411071777344,0.25713613629341125,0.25946488976478577,0.3922283351421356,6.0,0,246.0
95410,361,95244,75.73406982421875,43.379329681396484,18.509275436401367,37.118263244628906,53.074684143066406,22.382654190063477,41.6997127532959,0.3545683026313782,0.36888572573661804,0.3691544830799103,0.42435741424560547,6.0,0,142.0
95518,362,95352,32.14344787597656,39.04773712158203,62.545318603515625,37.58281707763672,48.836761474609375,70.24027252197266,48.399392445882164,0.5531752109527588,0.6136345267295837,0.5892224907875061,0.40046459436416626,6.0,0,108.0
95766,363,95600,57.911865234375,59.53489303588867,47.48994445800781,24.543659210205078,30.642566680908203,39.508995056152344,43.27198727925619,0.3084609806537628,0.3043605089187622,0.31244930624961853,0.41470152139663696,6.0,0,248.0
95867,364,95701,38.40345001220703,45.95258712768555,28.688077926635742,13.192298889160156,68.08238220214844,24.856449127197266,36.5292075475057,0.3705046474933624,0.3747607171535492,0.3749697804450989,0.42447030544281006,6.0,0,101.0
95989,365,95823,40.64105987548828,28.7153263092041,43.3078727722168,55.77320861816406,51.01786422729492,22.84213638305664,40.382911364237465,0.4669395685195923,0.4810771346092224,0.48206257820129395,0.4298574924468994,6.0,0,122.0
96105,366,95939,37.61961364746094,66.06390380859375,24.576080322265625,36.916961669921875,23.14719581604004,43.87235641479492,38.699351946512856,0.364722341299057,0.3851688504219055,0.3805021643638611,0.42070838809013367,6.0,0,116.0
96195,367,96029,20.720003128051758,22.632991790771484,46.39098358154297,29.389863967895508,57.89518356323242,47.1680793762207,37.36618423461914,0.41934895515441895,0.4670647382736206,0.4556508958339691,0.4370221197605133,6.0,0,90.0
96387,368,96221,29.71396827697754,43.04404067993164,65.17691802978516,58.68544387817383,44.64344024658203,20.201618194580078,43.57757155100504,0.36447572708129883,0.3877844214439392,0.3846918046474457,0.42493006587028503,6.0,0,192.0
96543,369,96377,29.251956939697266,53.60101318359375,26.147693634033203,60.95326232910156,33.3331298828125,43.8746223449707,41.193613052368164,0.33702006936073303,0.34105342626571655,0.35877394676208496,0.42688512802124023,6.0,0,156.0
96706,370,96540,21.16301155090332,34.55797576904297,51.971351623535156,52.779136657714844,33.93115234375,46.76758575439453,40.1950356165568,0.3505324721336365,0.38292196393013,0.3735518157482147,0.42193055152893066,6.0,0,163.0
97021,371,96855,62.53201675415039,55.315895080566406,38.97029113769531,18.92057991027832,34.88248062133789,26.489225387573242,39.51841481526693,0.23083537817001343,0.26395630836486816,0.2516549527645111,0.38491290807724,6.0,0,315.0
97137,372,96971,56.24266052246094,47.577430725097656,22.98931884765625,62.205604553222656,33.32220458984375,43.586177825927734,44.320566177368164,0.5186231136322021,0.5889557600021362,0.5688279271125793,0.41507697105407715,6.0,0,116.0
97238,373,97072,37.7592887878418,71.41781616210938,46.30747604370117,27.382383346557617,42.857879638671875,43.32590103149414,44.84179083506266,0.5395928621292114,0.5066393613815308,0.5305643081665039,0.4119274318218231,6.0,0,101.0
97419,374,97253,34.683311462402344,55.17686462402344,52.75718688964844,39.72769546508789,66.0089111328125,36.16455078125,47.41975339253744,0.40620529651641846,0.39787188172340393,0.40768882632255554,0.4241369962692261,6.0,0,181.0
97504,375,97338,29.248050689697266,52.88788986206055,59.15808868408203,23.85020637512207,42.125885009765625,27.107662200927734,39.062963803609215,0.5590529441833496,0.5782387852668762,0.5734314918518066,0.40787872672080994,6.0,0,85.0
97677,376,97511,21.89487075805664,27.385616302490234,78.63294982910156,53.62190246582031,45.01483154296875,30.558841705322266,42.851502100626625,0.32049036026000977,0.3525567054748535,0.3419322371482849,0.42145293951034546,6.0,0,173.0
97782,377,97616,32.00486373901367,24.797866821289062,23.764190673828125,41.123775482177734,44.31623840332031,67.90567016601562,38.985434214274086,0.4543915390968323,0.46444255113601685,0.4665566086769104,0.4384671151638031,6.0,0,105.0
97960,378,97794,26.573591232299805,19.299253463745117,65.2109375,51.40314865112305,41.30907440185547,33.31947326660156,39.519246419270836,0.3470408618450165,0.3355292081832886,0.3500402271747589,0.4191843271255493,6.0,0,178.0
98172,379,98006,41.24958038330078,40.229270935058594,73.35890197753906,26.10599708557129,76.38483428955078,29.91446876525879,47.87384223937988,0.33657100796699524,0.34521883726119995,0.35416916012763977,0.42437705397605896,6.0,0,212.0
98297,380,98131,55.77906036376953,36.34355926513672,39.875640869140625,43.73406982421875,60.344818115234375,17.861923217773438,42.32317860921224,0.4396122992038727,0.39023298025131226,0.4191398620605469,0.42735081911087036,6.0,0,125.0
98479,381,98313,22.19459342956543,30.041749954223633,43.205848693847656,76.81318664550781,55.60626220703125,16.578418731689453,40.7400099436442,0.258205771446228,0.2625267207622528,0.26488834619522095,0.38290223479270935,6.0,0,182.0
98553,382,98387,47.400062561035156,17.552757263183594,55.83561706542969,43.3106689453125,24.42093276977539,54.45555877685547,40.49593289693197,0.5942074656486511,0.5791743993759155,0.5936484336853027,0.3935912549495697,6.0,0,74.0
98740,383,98574,48.95270919799805,17.210214614868164,81.34248352050781,37.3162841796875,48.98005294799805,21.740663528442383,42.59040133158366,0.33120793104171753,0.331348717212677,0.3377259373664856,0.41888943314552307,6.0,0,187.0
99096,384,98930,61.461387634277344,49.73219299316406,38.61407470703125,33.817413330078125,51.13420104980469,22.583044052124023,42.89038562774658,0.2276616394519806,0.23986218869686127,0.23848897218704224,0.3870871365070343,6.0,0,356.0
99232,385,99066,17.794967651367188,31.188100814819336,50.89998245239258,39.548065185546875,65.41915893554688,44.19094467163086,41.50686995188395,0.41780129075050354,0.40127459168434143,0.4136442244052887,0.42720261216163635,6.0,0,136.0
99340,386,99174,29.5168399810791,39.66736602783203,23.793092727661133,34.88214874267578,49.801727294921875,56.17097854614258,38.972025553385414,0.41438859701156616,0.4200989007949829,0.42401617765426636,0.4299280047416687,6.0,0,108.0
99599,387,99433,26.127891540527344,82.17872619628906,43.332847595214844,25.100765228271484,56.76528549194336,27.376548767089844,43.48034413655599,0.26546868681907654,0.27915894985198975,0.2771727740764618,0.39728018641471863,6.0,0,259.0
99777,388,99611,32.583030700683594,47.3049201965332,38.25542449951172,15.276627540588379,72.5263442993164,30.739225387573242,39.44759543736776,0.30856773257255554,0.34775522351264954,0.3344919681549072,0.41944074630737305,6.0,0,178.0
100012,389,99846,47.64181900024414,36.001983642578125,27.651424407958984,52.110130310058594,33.95827865600586,39.391666412353516,39.4592170715332,0.3157173693180084,0.2989840507507324,0.3118017613887787,0.40737777948379517,6.0,0,235.0
100212,390,100046,34.61240005493164,38.48440933227539,62.54527282714844,51.94697189331055,22.95378875732422,40.193321228027344,41.789360682169594,0.27793213725090027,0.3106977343559265,0.3058204650878906,0.4095817506313324,6.0,0,200.0
100374,391,100208,35.976802825927734,24.275413513183594,71.42507934570312,22.064943313598633,42.350467681884766,27.12824249267578,37.20349152882894,0.28379201889038086,0.3059748709201813,0.2992894947528839,0.4065437316894531,6.0,0,162.0
100476,392,100310,23.04098892211914,39.30060958862305,59.14027404785156,40.926612854003906,51.255165100097656,32.33122634887695,40.999146143595375,0.4449959993362427,0.47206130623817444,0.46655458211898804,0.4193171560764313,6.0,0,102.0
100618,393,100452,62.75347137451172,42.81123352050781,61.289100646972656,13.991991996765137,37.985145568847656,22.964012145996094,40.29915920893351,0.34679168462753296,0.353769987821579,0.3609562814235687,0.4150446653366089,6.0,0,142.0
100819,394,100653,30.361404418945312,68.36140441894531,31.413890838623047,20.493797302246094,23.774160385131836,41.32252502441406,35.95453039805094,0.3365294337272644,0.35473430156707764,0.35445481538772583,0.4251656234264374,6.0,0,201.0
101009,395,100843,24.40961456298828,51.61921310424805,26.93017578125,52.44764709472656,46.557804107666016,55.14728927612305,42.85195732116699,0.3320606052875519,0.352689266204834,0.34813061356544495,0.42157647013664246,6.0,0,190.0
101353,396,101187,75.72734832763672,55.3311653137207,41.1646614074707,27.412303924560547,17.942279815673828,67.22721862792969,47.46749623616537,0.26217347383499146,0.2791743576526642,0.27434203028678894,0.39664268493652344,6.0,0,344.0
101465,397,101299,18.86395263671875,38.063987731933594,28.302845001220703,58.812767028808594,36.880733489990234,20.408531188964844,33.55546951293945,0.33232006430625916,0.3376035988330841,0.3391553461551666,0.41465723514556885,6.0,0,112.0
101609,398,101443,44.521732330322266,17.93049430847168,73.63728332519531,50.425323486328125,27.671247482299805,51.147544860839844,44.22227096557617,0.4055488407611847,0.41964852809906006,0.41874921321868896,0.427511990070343,6.0,0,144.0
101756,399,101590,46.42040252685547,37.02806854248047,49.77699279785156,59.89257049560547,23.00948143005371,12.700014114379883,38.13792165120443,0.3495635986328125,0.3735763728618622,0.3684925138950348,0.4275877773761749,6.0,0,147.0
101917,400,101751,23.43167495727539,57.664405822753906,25.75515365600586,24.557506561279297,28.67290496826172,42.324703216552734,33.73439153035482,0.2852286696434021,0.3159998059272766,0.3046203851699829,0.40803590416908264,6.0,0,161.0
102045,401,101879,48.49303436279297,37.73822021484375,24.353750228881836,51.662906646728516,39.14125442504883,25.347976684570312,37.7895237604777,0.4176449775695801,0.44389891624450684,0.44161126017570496,0.43133941292762756,6.0,0,128.0
102219,402,102053,30.097827911376953,24.810081481933594,32.077186584472656,50.0262451171875,54.139217376708984,17.561058044433594,34.78526941935221,0.27624839544296265,0.29726850986480713,0.29395973682403564,0.40097367763519287,6.0,0,174.0
102492,403,102326,55.192626953125,70.74942779541016,17.034238815307617,68.49479675292969,36.798274993896484,39.1004753112793,47.89497343699137,0.29014265537261963,0.2840012311935425,0.2938911020755768,0.3973075747489929,6.0,0,273.0
102680,404,102514,41.672245025634766,51.19445037841797,33.24736022949219,28.66548728942871,17.53809928894043,42.14556121826172,35.74386723836263,0.25823548436164856,0.29743698239326477,0.28193241357803345,0.4046557545661926,6.0,0,188.0
102863,405,102697,45.16410827636719,51.606689453125,34.360206604003906,28.983835220336914,53.06988525390625,27.514057159423828,40.11646366119385,0.3666612505912781,0.3262779116630554,0.3543340861797333,0.42867356538772583,6.0,0,183.0
102951,406,102785,16.465129852294922,33.905975341796875,45.6174430847168,52.513954162597656,69.78207397460938,36.75860595703125,42.50719706217448,0.5352077484130859,0.5606184005737305,0.5545170307159424,0.4197807013988495,6.0,0,88.0
103117,407,102951,78.14010620117188,19.43622589111328,39.556602478027344,67.00459289550781,26.43582534790039,48.459259033203125,46.50543530782064,0.38240939378738403,0.41443127393722534,0.4085814356803894,0.4226611852645874,6.0,0,166.0
103297,408,103131,28.912307739257812,38.76596450805664,48.79054641723633,18.987194061279297,86.77597045898438,61.9409065246582,47.36214828491211,0.3425056040287018,0.4048753082752228,0.38234207034111023,0.4268491864204407,6.0,0,180.0
103545,409,103379,58.56791687011719,55.401123046875,22.053455352783203,34.39836502075195,25.864776611328125,35.905372619628906,38.69850158691406,0.24179790914058685,0.26003846526145935,0.25250184535980225,0.38939860463142395,6.0,0,248.0
103653,410,103487,48.978824615478516,28.63560676574707,28.84197425842285,27.517000198364258,63.35994338989258,13.134214401245117,35.07792727152506,0.3448805809020996,0.3634359836578369,0.359754353761673,0.415941447019577,6.0,0,108.0
103860,411,103694,52.20647048950195,71.55917358398438,45.81474304199219,17.295135498046875,17.01229476928711,22.650354385375977,37.756361961364746,0.2814757525920868,0.2844659090042114,0.2906227111816406,0.3964439630508423,6.0,0,207.0
103957,412,103791,53.95909881591797,27.4948787689209,21.658355712890625,27.61799430847168,60.374778747558594,58.09003448486328,41.53252347310384,0.4797218441963196,0.5053791999816895,0.49803125858306885,0.42266610264778137,6.0,0,97.0
104042,413,103876,26.301864624023438,42.18744659423828,46.5828857421875,55.724647521972656,46.99333190917969,19.7866153717041,39.59613196055094,0.4788382351398468,0.5185907483100891,0.5110445022583008,0.41697677969932556,6.0,0,85.0
104234,414,104068,65.55561828613281,61.33927917480469,26.65221405029297,32.102500915527344,22.966632843017578,49.89044952392578,43.08444913228353,0.429718017578125,0.45606592297554016,0.4546550214290619,0.4352406859397888,6.0,0,192.0
104407,415,104241,30.27850914001465,43.6485595703125,13.347404479980469,22.694644927978516,68.94158935546875,52.91022491455078,38.63682206471761,0.2707081437110901,0.28707006573677063,0.2847030758857727,0.39683419466018677,6.0,0,173.0
104694,416,104528,41.49329376220703,54.862735748291016,42.1383171081543,13.480888366699219,19.30086898803711,55.385948181152344,37.7770086924235,0.2271905094385147,0.2363554984331131,0.23462525010108948,0.3803512752056122,6.0,0,287.0
104866,417,104700,37.236671447753906,73.9771728515625,21.728612899780273,50.82683563232422,30.46078109741211,55.19379425048828,44.90397802988688,0.3667856752872467,0.3789234459400177,0.37816542387008667,0.42454302310943604,6.0,0,172.0
104981,418,104815,21.36089324951172,39.10554885864258,46.65920639038086,53.26325225830078,14.991778373718262,32.098289489746094,34.579828103383385,0.40912723541259766,0.4129191040992737,0.41863536834716797,0.41967713832855225,6.0,0,115.0
105145,419,104979,29.015823364257812,69.77618408203125,17.428714752197266,36.87178039550781,56.484554290771484,28.156911849975586,39.62232812245687,0.31125038862228394,0.3214642405509949,0.3242812752723694,0.4148014783859253,6.0,0,164.0
105360,420,105194,36.550086975097656,55.115848541259766,26.026996612548828,43.377288818359375,41.277950286865234,74.87904357910156,46.204535802205406,0.346223920583725,0.3600255250930786,0.3585750460624695,0.4213774800300598,6.0,0,215.0
105520,421,105354,20.380584716796875,44.597232818603516,36.11520767211914,66.88040161132812,13.989812850952148,29.41832733154297,35.230261166890465,0.2910155951976776,0.30752119421958923,0.3079848289489746,0.41082364320755005,6.0,0,160.0
105608,422,105442,27.113956451416016,38.30594253540039,59.16162109375,46.704429626464844,21.914539337158203,61.46870422363281,42.44486554463705,0.49782320857048035,0.5290051698684692,0.5211598873138428,0.41290050745010376,6.0,0,88.0
105718,423,105552,21.217416763305664,42.21103286743164,40.74189758300781,50.351654052734375,21.638935089111328,50.37907409667969,37.756668408711754,0.4418964684009552,0.46043193340301514,0.45402777194976807,0.42945384979248047,6.0,0,110.0
105935,424,105769,40.9771842956543,63.410186767578125,33.576202392578125,26.820663452148438,51.84283447265625,54.42250061035156,45.17492866516113,0.31625238060951233,0.33730652928352356,0.33132797479629517,0.4115273356437683,6.0,0,217.0
106139,425,105973,66.53477478027344,13.865535736083984,28.21039390563965,21.5762939453125,57.526817321777344,27.505659103393555,35.869912465413414,0.2790681719779968,0.32038041949272156,0.3051666021347046,0.40669044852256775,6.0,0,204.0
106265,426,106099,34.135467529296875,49.18566131591797,52.78581237792969,64.43671417236328,46.97047805786133,26.87553596496582,45.731611569722496,0.5432154536247253,0.5321903824806213,0.5501057505607605,0.42331695556640625,6.0,0,126.0
106366,427,106200,28.742252349853516,29.628620147705078,44.81516647338867,57.222572326660156,50.36820602416992,46.71105194091797,42.91464487711588,0.5144954919815063,0.5508320331573486,0.5478231906890869,0.4130595922470093,6.0,0,101.0
106569,428,106403,42.192832946777344,29.049596786499023,52.13185501098633,60.62245178222656,73.28568267822266,16.657758712768555,45.65669631958008,0.3413758873939514,0.3577450215816498,0.35448992252349854,0.41729408502578735,6.0,0,203.0
106727,429,106561,30.043415069580078,60.794124603271484,45.92808532714844,55.37442398071289,40.47536087036133,22.267230987548828,42.48044013977051,0.3801957368850708,0.40506285429000854,0.40110987424850464,0.42858392000198364,6.0,0,158.0
106836,430,106670,57.62031555175781,15.087591171264648,47.883968353271484,35.25479507446289,25.997844696044922,41.15182876586914,37.16605726877848,0.4146289825439453,0.4493227005004883,0.44484955072402954,0.4250810146331787,6.0,0,109.0
107019,431,106853,58.074241638183594,57.18590545654297,34.2288818359375,32.79375457763672,31.576549530029297,50.337615966796875,44.03282483418783,0.3343766927719116,0.36260008811950684,0.35279497504234314,0.41625162959098816,6.0,0,183.0
107314,432,107148,19.487886428833008,69.69326782226562,53.25371170043945,14.236818313598633,39.298667907714844,50.57720947265625,41.091260274251304,0.2436746060848236,0.2318897247314453,0.2416571080684662,0.383903831243515,6.0,0,295.0
107547,433,107381,51.359153747558594,88.18235778808594,26.69063377380371,27.060985565185547,54.1850471496582,20.071521759033203,44.5916166305542,0.2779543101787567,0.2806989848613739,0.2855898439884186,0.40071558952331543,6.0,0,233.0
107738,434,107572,26.997814178466797,21.894622802734375,33.678062438964844,38.863216400146484,57.71640396118164,59.14241027832031,39.71542167663574,0.30905571579933167,0.3326367735862732,0.3253433108329773,0.40976423025131226,6.0,0,191.0
107817,435,107651,59.11504364013672,43.02996063232422,39.15789031982422,35.435569763183594,13.64770793914795,39.071128845214844,38.24288352330526,0.525784969329834,0.5720123648643494,0.5583832263946533,0.40123826265335083,6.0,0,79.0
107994,436,107828,83.1613540649414,75.99732971191406,57.039344787597656,45.259742736816406,39.177738189697266,14.778168678283691,52.56894636154175,0.41858336329460144,0.4360109269618988,0.4379710257053375,0.4320184290409088,6.0,0,177.0
108121,437,107955,61.6137580871582,45.21940612792969,29.659746170043945,27.671077728271484,48.37220001220703,23.030200958251953,39.26106484731039,0.4349941909313202,0.43837618827819824,0.4415523111820221,0.4155755937099457,6.0,0,127.0
108303,438,108137,33.233848571777344,36.86371612548828,30.915803909301758,48.83570098876953,72.8939437866211,31.236408233642578,42.3299036026001,0.38398313522338867,0.3962745666503906,0.39973458647727966,0.43220487236976624,6.0,0,182.0
108562,439,108396,31.225297927856445,34.03447723388672,81.88278198242188,15.9385347366333,18.370882034301758,43.52581787109375,37.49629863103231,0.23130042850971222,0.26181021332740784,0.2575380504131317,0.39099985361099243,6.0,0,259.0
108894,440,108728,23.4755859375,24.357013702392578,49.76539993286133,87.27059936523438,61.40155029296875,18.42376136779785,44.115651766459145,0.24513763189315796,0.24580363929271698,0.25217005610466003,0.39100468158721924,6.0,0,332.0
109071,441,108905,39.95615005493164,37.551673889160156,23.410972595214844,46.141361236572266,20.63192367553711,78.6309585571289,41.053840001424156,0.30023106932640076,0.33731722831726074,0.3218960762023926,0.40787431597709656,6.0,0,177.0
109406,442,109240,46.973297119140625,49.149749755859375,28.768877029418945,41.08066940307617,23.19316864013672,51.239402770996094,40.06752745310465,0.24739933013916016,0.25113773345947266,0.2590198814868927,0.39529258012771606,6.0,0,335.0
109509,443,109343,30.348472595214844,50.54543685913086,20.07978630065918,62.505714416503906,46.655330657958984,25.073482513427734,39.201370557149254,0.4309563934803009,0.41611775755882263,0.4304673671722412,0.41875872015953064,6.0,0,103.0
109670,444,109504,33.29878234863281,50.188865661621094,29.460193634033203,28.752689361572266,15.276988983154297,61.19023513793945,36.36129252115885,0.3018730580806732,0.3214704096317291,0.3165930211544037,0.4085632860660553,6.0,0,161.0
109896,445,109730,63.979270935058594,27.485424041748047,61.79953384399414,35.47862243652344,77.09574127197266,26.26559066772461,48.684030532836914,0.3311961889266968,0.3866965174674988,0.37104088068008423,0.42504027485847473,6.0,0,226.0
110099,446,109933,26.299339294433594,25.069725036621094,34.96059799194336,37.0144157409668,50.82195281982422,38.358009338378906,35.42067337036133,0.3190692365169525,0.32775217294692993,0.3261778950691223,0.41295909881591797,6.0,0,203.0
110272,447,110106,28.701745986938477,28.420150756835938,42.79632568359375,60.671852111816406,50.98944854736328,38.77850341796875,41.72633775075277,0.30349865555763245,0.3372904658317566,0.3273269832134247,0.4133093059062958,6.0,0,173.0
110460,448,110294,84.12364959716797,38.735870361328125,25.2834415435791,41.39755630493164,23.220840454101562,16.014982223510742,38.12939008076986,0.29906272888183594,0.32486069202423096,0.31671643257141113,0.4125998914241791,6.0,0,188.0
110682,449,110516,27.621747970581055,56.55149841308594,26.106277465820312,50.68816375732422,54.67689895629883,51.09780502319336,44.45706526438395,0.3317331075668335,0.37103426456451416,0.3568402826786041,0.4189949929714203,6.0,0,222.0
110809,450,110643,20.508655548095703,21.917390823364258,33.82482147216797,36.253170013427734,51.70378875732422,57.075923919677734,36.880625089009605,0.34828364849090576,0.35396429896354675,0.3566906154155731,0.4182209372520447,6.0,0,127.0
110935,451,110769,62.59723663330078,38.07713317871094,21.23764419555664,27.23358917236328,37.546329498291016,49.372947692871094,39.344146728515625,0.43607714772224426,0.45561137795448303,0.4577319324016571,0.4352284371852875,6.0,0,126.0
111090,452,110924,40.63685989379883,16.25066566467285,64.03797912597656,69.29654693603516,31.70379066467285,71.69720458984375,48.937174479166664,0.4201377332210541,0.43831074237823486,0.4363881051540375,0.4197734594345093,6.0,0,155.0
111235,453,111069,27.590749740600586,39.62134552001953,63.68244934082031,28.01092529296875,20.632976531982422,47.40877151489258,37.82453632354736,0.3258087933063507,0.3529243767261505,0.3470384478569031,0.4182468354701996,6.0,0,145.0
111406,454,111240,41.057586669921875,20.005048751831055,22.77495574951172,33.6611328125,35.03506088256836,63.549339294433594,36.013854026794434,0.2641250193119049,0.2953653633594513,0.28559741377830505,0.3970939517021179,6.0,0,171.0
111725,455,111559,58.612152099609375,25.822738647460938,44.528072357177734,48.289710998535156,19.482812881469727,60.03656768798828,42.795342445373535,0.2674650251865387,0.30019667744636536,0.2893579304218292,0.4071400761604309,6.0,0,319.0
111970,456,111804,61.67582702636719,27.56692886352539,52.057456970214844,18.124059677124023,68.56057739257812,27.901395797729492,42.64770762125651,0.2846434414386749,0.29581373929977417,0.2988916039466858,0.4071100354194641,6.0,0,245.0
112247,457,112081,26.751108169555664,57.938594818115234,55.931880950927734,43.39590835571289,72.71542358398438,19.219511032104492,45.9920711517334,0.3190051019191742,0.3325076401233673,0.3327062129974365,0.41869479417800903,6.0,0,277.0
