step,total_loss,actor_loss,q1_loss,q2_loss,alpha
1,0.30817556381225586,0.12662434577941895,0.10274200141429901,0.07880920171737671,0.19993999600410461
2,0.36600637435913086,0.22247858345508575,0.07714791595935822,0.06637988984584808,0.1998806744813919
3,0.3540988564491272,0.22060640156269073,0.06790077686309814,0.0655917078256607,0.19982127845287323
4,0.3340887427330017,0.24723361432552338,0.04334809631109238,0.043507032096385956,0.19976207613945007
5,0.29973822832107544,0.16369161009788513,0.07271155714988708,0.06333506852388382,0.19970235228538513
6,0.37019801139831543,0.1709812432527542,0.10010099411010742,0.09911578893661499,0.19964230060577393
7,0.32408788800239563,0.19419141113758087,0.0645580068230629,0.06533846259117126,0.19958214461803436
8,0.4124736785888672,0.19520270824432373,0.10913176089525223,0.10813921689987183,0.19952186942100525
9,0.27517345547676086,0.20464009046554565,0.03480745851993561,0.0357259102165699,0.19946157932281494
10,0.34625738859176636,0.18685586750507355,0.0804227665066719,0.07897873222827911,0.1994010955095291
11,0.35902783274650574,0.2218080461025238,0.06929315626621246,0.06792662292718887,0.19934076070785522
12,0.2883010804653168,0.1571284979581833,0.06659805029630661,0.06457453966140747,0.1992800533771515
13,0.2693824768066406,0.16500337421894073,0.053623974323272705,0.05075513944029808,0.19921904802322388
14,0.3938845694065094,0.1729820966720581,0.11391568928956985,0.10698679834604263,0.1991579532623291
15,0.29425087571144104,0.1729772537946701,0.06153462082147598,0.05973898246884346,0.19909681379795074
16,0.2686192989349365,0.19558778405189514,0.036738160997629166,0.03629336878657341,0.1990358531475067
17,0.2980259954929352,0.1827932596206665,0.059542011469602585,0.05569072812795639,0.19897499680519104
18,0.2584162652492523,0.12811876833438873,0.06898786872625351,0.061309631913900375,0.1989137828350067
19,0.3679048418998718,0.10854688286781311,0.13285011053085327,0.12650783360004425,0.19885212182998657
20,0.31862685084342957,0.16352781653404236,0.08027574419975281,0.0748232826590538,0.1987907737493515
21,0.24316199123859406,0.09499315917491913,0.07323935627937317,0.07492947578430176,0.19872915744781494
22,0.2409352958202362,0.060096777975559235,0.09250928461551666,0.08832922577857971,0.19866704940795898
23,0.22826442122459412,0.10671328008174896,0.06034475192427635,0.0612063929438591,0.19860506057739258
24,0.12167924642562866,0.044074513018131256,0.03816983848810196,0.039434898644685745,0.19854260981082916
25,0.1610185205936432,0.08251751959323883,0.039823733270168304,0.038677264004945755,0.19848023355007172
26,0.2175644189119339,0.09070228785276413,0.06182682886719704,0.06503529846668243,0.19841815531253815
27,0.20677796006202698,0.06814897805452347,0.06823068857192993,0.07039829343557358,0.19835612177848816
28,0.11316779255867004,0.022818397730588913,0.04526899755001068,0.04508039355278015,0.1982937753200531
29,0.11508581042289734,0.03214409574866295,0.040211498737335205,0.042730215936899185,0.1982312798500061
30,0.10490730404853821,0.016381926834583282,0.04474613070487976,0.04377925023436546,0.19816850125789642
31,0.1830408126115799,0.04442444443702698,0.06975948065519333,0.06885688751935959,0.1981058120727539
32,0.13762082159519196,0.0034374715760350227,0.06680822372436523,0.06737512350082397,0.1980428695678711
33,0.15759214758872986,0.027753815054893494,0.06478061527013779,0.06505770981311798,0.19797998666763306
34,0.1504659652709961,-0.0007251386996358633,0.07412376254796982,0.07706733047962189,0.1979169100522995
35,0.11032107472419739,-0.029713671654462814,0.07069463282823563,0.06934010982513428,0.1978534758090973
36,0.19456467032432556,-0.061714448034763336,0.1272467076778412,0.12903240323066711,0.19778947532176971
37,0.09660713374614716,-0.01553233154118061,0.05619967728853226,0.05593978241086006,0.19772551953792572
38,0.13796114921569824,0.005623227450996637,0.06640121340751648,0.06593669950962067,0.19766190648078918
39,0.10472559928894043,-0.027026869356632233,0.06642471253871918,0.06532775610685349,0.19759835302829742
40,-0.014884062111377716,-0.055946048349142075,0.021278399974107742,0.019783586263656616,0.1975344568490982
41,0.03140895441174507,-0.061637669801712036,0.04698916897177696,0.046057455241680145,0.1974702924489975
42,0.057258836925029755,-0.10112259536981583,0.07859683781862259,0.07978459447622299,0.19740554690361023
43,0.058050237596035004,-0.07759223133325577,0.06848102807998657,0.0671614408493042,0.19734053313732147
44,0.03243225812911987,-0.08010625839233398,0.05736752226948738,0.055170994251966476,0.19727542996406555
45,-0.025150444358587265,-0.11765646189451218,0.04547812417149544,0.047027889639139175,0.19720980525016785
46,-0.012290511280298233,-0.10015952587127686,0.04398543760180473,0.04388357698917389,0.197144016623497
47,-0.039522260427474976,-0.11206416040658951,0.037271298468112946,0.03527060151100159,0.19707795977592468
48,0.1375087946653366,-0.07653344422578812,0.10627680271863937,0.10776543617248535,0.19701211154460907
49,-0.0211678184568882,-0.11917879432439804,0.0489220954477787,0.04908887669444084,0.1969461292028427
50,0.055537864565849304,-0.10654381662607193,0.08103863894939423,0.08104304224252701,0.19688019156455994
51,-0.024823017418384552,-0.11640024185180664,0.04738762602210045,0.04418959468603134,0.19681420922279358
52,0.05066850781440735,-0.146832674741745,0.09979891777038574,0.0977022647857666,0.19674786925315857
53,-0.04133537784218788,-0.12782146036624908,0.04365415871143341,0.04283192381262779,0.19668157398700714
54,-0.08493459224700928,-0.17824113368988037,0.04706154018640518,0.04624500870704651,0.1966148316860199
55,-0.06894094496965408,-0.1586073487997055,0.04396425560116768,0.04570215195417404,0.19654788076877594
56,-0.03265397995710373,-0.13183225691318512,0.049338459968566895,0.049839816987514496,0.1964811235666275
57,0.009898468852043152,-0.13377803564071655,0.07141522318124771,0.072261281311512,0.19641456007957458
58,-0.029371779412031174,-0.15015995502471924,0.06104213371872902,0.059746045619249344,0.19634801149368286
59,-0.07993882894515991,-0.1776973158121109,0.04835140332579613,0.04940707981586456,0.19628126919269562
60,-0.1085013821721077,-0.18198275566101074,0.03576447069644928,0.037716902792453766,0.19621425867080688
61,-0.045674633234739304,-0.1385686993598938,0.046986259520053864,0.04590780660510063,0.19614754617214203
62,-0.030720502138137817,-0.22061841189861298,0.09547236561775208,0.09442554414272308,0.19608023762702942
63,-0.10510987043380737,-0.19419777393341064,0.043881408870220184,0.04520648717880249,0.19601288437843323
64,-0.06890906393527985,-0.21687066555023193,0.07469307631254196,0.07326851785182953,0.19594533741474152
65,-0.18677686154842377,-0.2790551781654358,0.046366311609745026,0.045912012457847595,0.19587691128253937
66,-0.006630532443523407,-0.2035461813211441,0.09665221720933914,0.10026343166828156,0.1958085298538208
67,-0.1615445613861084,-0.29868555068969727,0.0693308487534523,0.06781014055013657,0.19573935866355896
68,-0.16282500326633453,-0.2632625997066498,0.051438115537166595,0.048999469727277756,0.19566994905471802
69,-0.14604711532592773,-0.2558586597442627,0.056168921291828156,0.053642638027668,0.1956004947423935
70,-0.19614779949188232,-0.24503111839294434,0.024991849437355995,0.023891471326351166,0.19553115963935852
71,-0.1681728959083557,-0.26904988288879395,0.051037441939115524,0.04983954876661301,0.19546161592006683
72,-0.1521090865135193,-0.2756149470806122,0.06169099360704422,0.06181488186120987,0.19539198279380798
73,-0.20470598340034485,-0.28954052925109863,0.043334491550922394,0.041500065475702286,0.19532214105129242
74,-0.21061824262142181,-0.2846692204475403,0.03695228323340416,0.03709869086742401,0.19525223970413208
75,-0.19017431139945984,-0.27453991770744324,0.042799800634384155,0.04156581312417984,0.1951824426651001
76,-0.2217300981283188,-0.3433302044868469,0.060455646365880966,0.06114445626735687,0.19511209428310394
77,-0.2087056040763855,-0.28834420442581177,0.040192749351263046,0.039445847272872925,0.1950419843196869
78,-0.22459229826927185,-0.29031282663345337,0.033513423055410385,0.03220710530877113,0.19497191905975342
79,-0.23844873905181885,-0.3220122754573822,0.042507514357566833,0.04105604067444801,0.19490168988704681
80,-0.18556177616119385,-0.28971248865127563,0.05223098397254944,0.051919735968112946,0.19483162462711334
81,-0.11745166778564453,-0.337129682302475,0.10897070169448853,0.11070731282234192,0.19476136565208435
82,-0.23005150258541107,-0.31681710481643677,0.043161541223526,0.043604057282209396,0.19469116628170013
83,-0.20379886031150818,-0.33732688426971436,0.06577323377132416,0.06775478273630142,0.19462105631828308
84,-0.2703002095222473,-0.37469589710235596,0.052985742688179016,0.051409944891929626,0.1945507824420929
85,-0.2791149318218231,-0.3643334209918976,0.043460436165332794,0.041758060455322266,0.19448056817054749
86,-0.31263017654418945,-0.38909536600112915,0.038296714425086975,0.03816847503185272,0.19441018998622894
87,-0.3028493821620941,-0.3784250020980835,0.03651772066950798,0.0390578992664814,0.19433993101119995
88,-0.3170432150363922,-0.418456107378006,0.0507231242954731,0.05068976804614067,0.19426949322223663
89,-0.3115778863430023,-0.3962264358997345,0.04152640700340271,0.04312214255332947,0.19419899582862854
90,-0.362072229385376,-0.4046480357646942,0.02178347297012806,0.020792322233319283,0.1941283494234085
91,-0.3124500513076782,-0.38933634757995605,0.03798728808760643,0.0388990193605423,0.19405773282051086
92,-0.27083131670951843,-0.374968022108078,0.05305221676826477,0.051084477454423904,0.19398728013038635
93,-0.21775084733963013,-0.35174086689949036,0.0679013580083847,0.06608866900205612,0.1939171999692917
94,-0.3206859827041626,-0.4038703739643097,0.04119662940502167,0.041987765580415726,0.19384701550006866
95,-0.28010424971580505,-0.37501412630081177,0.04719392955303192,0.0477159321308136,0.19377689063549042
96,-0.301212877035141,-0.3797759711742401,0.0398995615541935,0.03866354748606682,0.19370685517787933
97,-0.34573620557785034,-0.4171193838119507,0.03484441339969635,0.03653878718614578,0.1936366707086563
98,-0.27674758434295654,-0.3998452425003052,0.061486128717660904,0.061611540615558624,0.1935664713382721
99,-0.36094027757644653,-0.41846737265586853,0.028671100735664368,0.02885598875582218,0.19349616765975952
100,-0.37274613976478577,-0.4133364260196686,0.020260943099856377,0.02032935619354248,0.1934259533882141
101,-0.35164156556129456,-0.4090530574321747,0.028379786759614944,0.029031697660684586,0.19335585832595825
102,-0.33188971877098083,-0.4050198793411255,0.03691437840461731,0.03621577471494675,0.19328580796718597
103,-0.3785710036754608,-0.4372639060020447,0.02938474528491497,0.02930816262960434,0.1932155340909958
104,-0.327548623085022,-0.42144617438316345,0.04502236843109131,0.04887517914175987,0.19314530491828918
105,-0.3225131332874298,-0.40724343061447144,0.04409845545887947,0.04063183441758156,0.19307522475719452
106,-0.32557469606399536,-0.41139769554138184,0.04471993073821068,0.0411030612885952,0.19300538301467896
107,-0.3998265266418457,-0.4327438473701477,0.016558179631829262,0.016359159722924232,0.19293557107448578
108,-0.32980236411094666,-0.42296651005744934,0.048100993037223816,0.04506316035985947,0.1928657740354538
109,-0.38326162099838257,-0.4367780387401581,0.027778727933764458,0.025737693533301353,0.19279611110687256
110,-0.3709926903247833,-0.4304245710372925,0.02916926145553589,0.03026261180639267,0.19272644817829132
111,-0.39872199296951294,-0.4598885476589203,0.031056638807058334,0.03010989911854267,0.19265678524971008
112,-0.37069016695022583,-0.444757342338562,0.038718901574611664,0.03534826263785362,0.192587211728096
113,-0.40241652727127075,-0.45939886569976807,0.028993923217058182,0.02798839472234249,0.19251759350299835
114,-0.3883303999900818,-0.45349952578544617,0.032559651881456375,0.032609470188617706,0.19244810938835144
115,-0.38499176502227783,-0.472982794046402,0.04205005243420601,0.045940957963466644,0.1923784464597702
116,-0.3725430369377136,-0.4734026789665222,0.05234590917825699,0.0485137514770031,0.19230878353118896
117,-0.42725881934165955,-0.4792446792125702,0.025794338434934616,0.02619153819978237,0.1922391802072525
118,-0.4361010789871216,-0.4845907986164093,0.024699939414858818,0.023789796978235245,0.1921694576740265
119,-0.3730393648147583,-0.47512882947921753,0.05332620441913605,0.04876326769590378,0.19209982454776764
120,-0.39232346415519714,-0.48065271973609924,0.04544544965028763,0.04288380593061447,0.19203020632266998
121,-0.39706072211265564,-0.4818536341190338,0.042989134788513184,0.04180376976728439,0.1919606626033783
122,-0.40766483545303345,-0.49577784538269043,0.044737834483385086,0.043375156819820404,0.19189117848873138
123,-0.4103988707065582,-0.4941294193267822,0.041736774146556854,0.04199375584721565,0.19182172417640686
124,-0.4228769838809967,-0.4977613687515259,0.03828272596001625,0.03660167381167412,0.19175249338150024
125,-0.44908180832862854,-0.49488282203674316,0.02400682307779789,0.021794194355607033,0.19168345630168915
126,-0.40333008766174316,-0.4845173954963684,0.04123701900243759,0.03995028883218765,0.19161450862884521
127,-0.4173773527145386,-0.490853875875473,0.03518940135836601,0.038287121802568436,0.19154557585716248
128,-0.4379143714904785,-0.4806024432182312,0.021876806393265724,0.02081124857068062,0.1914767175912857
129,-0.39344412088394165,-0.486774206161499,0.04545208066701889,0.04787798598408699,0.19140802323818207
130,-0.44992902874946594,-0.5041787028312683,0.02721305564045906,0.027036605402827263,0.19133931398391724
131,-0.4529454708099365,-0.4869002401828766,0.017602868378162384,0.01635189726948738,0.19127073884010315
132,-0.3813522458076477,-0.46554651856422424,0.042879361659288406,0.04131490737199783,0.1912022829055786
133,-0.4195069372653961,-0.47502368688583374,0.027898257598280907,0.027618492022156715,0.19113397598266602
134,-0.43584221601486206,-0.49025338888168335,0.02807510830461979,0.026336079463362694,0.19106575846672058
135,-0.4564022123813629,-0.5027226805686951,0.024211589246988297,0.022108880802989006,0.19099749624729156
136,-0.4315459132194519,-0.48983344435691833,0.02858610264956951,0.029701441526412964,0.1909293681383133
137,-0.44593310356140137,-0.5032345056533813,0.029123619198799133,0.028177812695503235,0.1908612996339798
138,-0.3992779552936554,-0.49579542875289917,0.04847068712115288,0.04804680868983269,0.19079330563545227
139,-0.43351835012435913,-0.5182557106018066,0.04450785741209984,0.04022951424121857,0.19072529673576355
140,-0.4747094213962555,-0.5310593843460083,0.029021214693784714,0.02732876129448414,0.19065731763839722
141,-0.46547484397888184,-0.5332198143005371,0.03435895964503288,0.03338601812720299,0.19058948755264282
142,-0.43978187441825867,-0.5234853625297546,0.04278810694813728,0.04091537371277809,0.19052179157733917
143,-0.5275160074234009,-0.5572278499603271,0.015904312953352928,0.013807523064315319,0.1904541701078415
144,-0.4616088271141052,-0.5502244830131531,0.04446890950202942,0.04414670541882515,0.19038663804531097
145,-0.43378159403800964,-0.5342386364936829,0.05113816261291504,0.04931886866688728,0.19031935930252075
146,-0.5184743404388428,-0.5739313364028931,0.02855698950588703,0.026900015771389008,0.19025209546089172
147,-0.47488364577293396,-0.5466850399971008,0.033794958144426346,0.03800644725561142,0.19018493592739105
148,-0.45765674114227295,-0.5263960361480713,0.03501397743821144,0.0337253212928772,0.1901179552078247
149,-0.4414791166782379,-0.5008634924888611,0.030560411512851715,0.0288239773362875,0.19005121290683746
150,-0.46615147590637207,-0.5190640687942505,0.02751563861966133,0.025396935641765594,0.1899844855070114
151,-0.4224274456501007,-0.49940723180770874,0.0398598238825798,0.03711996227502823,0.1899178922176361
152,-0.4326311945915222,-0.5077602863311768,0.038857512176036835,0.036271583288908005,0.189851313829422
153,-0.4245939254760742,-0.49896788597106934,0.03843778744339943,0.03593618795275688,0.18978479504585266
154,-0.4135901927947998,-0.4641128480434418,0.02549830451607704,0.025024354457855225,0.1897183358669281
155,-0.45213234424591064,-0.4824657738208771,0.014496777206659317,0.015836670994758606,0.18965186178684235
156,-0.3963547945022583,-0.4943434000015259,0.0483722910284996,0.04961632192134857,0.1895853579044342
157,-0.4350413978099823,-0.4890851080417633,0.027823852375149727,0.02621985413134098,0.18951894342899323
158,-0.4277951717376709,-0.4860539138317108,0.030041079968214035,0.02821766771376133,0.18945275247097015
159,-0.38576072454452515,-0.47647133469581604,0.046586424112319946,0.04412417858839035,0.18938662111759186
160,-0.4664006233215332,-0.4950321912765503,0.01376822404563427,0.014863339252769947,0.18932047486305237
161,-0.4090479910373688,-0.496570885181427,0.042112238705158234,0.045410655438899994,0.18925441801548004
162,-0.3915742337703705,-0.4874820411205292,0.0478505864739418,0.04805723577737808,0.1891886293888092
163,-0.46367937326431274,-0.5301175117492676,0.03323524817824364,0.03320290148258209,0.18912285566329956
164,-0.4265079200267792,-0.5245456695556641,0.05052952095866203,0.04750823229551315,0.1890571564435959
165,-0.49315786361694336,-0.5717449188232422,0.04204673320055008,0.03654032200574875,0.188991516828537
166,-0.5031019449234009,-0.553311824798584,0.025900011882185936,0.024309856817126274,0.188926100730896
167,-0.5107455849647522,-0.5873059034347534,0.03814021497964859,0.03842008858919144,0.18886080384254456
168,-0.5025378465652466,-0.5779872536659241,0.0383220911026001,0.03712733834981918,0.18879562616348267
169,-0.5091805458068848,-0.5684090852737427,0.028194483369588852,0.031034057959914207,0.18873068690299988
170,-0.5201634168624878,-0.5900149345397949,0.03586401045322418,0.033987510949373245,0.18866592645645142
171,-0.5354894995689392,-0.5930652022361755,0.027733784168958664,0.029841911047697067,0.1886010766029358
172,-0.5481256246566772,-0.5819613337516785,0.018112245947122574,0.01572348363697529,0.1885363608598709
173,-0.469504177570343,-0.5823662877082825,0.05670648813247681,0.05615563318133354,0.18847186863422394
174,-0.4857228398323059,-0.5708139538764954,0.0438806377351284,0.04121048375964165,0.1884075552225113
175,-0.4933359920978546,-0.5850436687469482,0.04667840525507927,0.04502924159169197,0.18834328651428223
176,-0.4513266086578369,-0.5629701018333435,0.05610661953687668,0.05553687736392021,0.1882789433002472
177,-0.47048643231391907,-0.5691242218017578,0.049854449927806854,0.048783332109451294,0.18821468949317932
178,-0.4655750095844269,-0.5738894939422607,0.05533526465296745,0.05297918990254402,0.1881505846977234
179,-0.4634225070476532,-0.5594192743301392,0.05067649111151695,0.0453203022480011,0.188086599111557
180,-0.5152908563613892,-0.5562664866447449,0.02142777107656002,0.01954789087176323,0.18802252411842346
181,-0.4940514862537384,-0.5701194405555725,0.03867001831531525,0.03739793971180916,0.18795841932296753
182,-0.4970494210720062,-0.5598452091217041,0.03130599856376648,0.031489767134189606,0.18789437413215637
183,-0.4914749264717102,-0.53501296043396,0.021890508010983467,0.02164749801158905,0.18783052265644073
184,-0.5252894163131714,-0.5671439170837402,0.021951977163553238,0.01990252360701561,0.18776671588420868
185,-0.482288122177124,-0.5460047721862793,0.03235779330134392,0.03135882318019867,0.1877029836177826
186,-0.44533196091651917,-0.5267366170883179,0.04125642403960228,0.04014821723103523,0.1876395046710968
187,-0.4687606990337372,-0.5479783415794373,0.04009540379047394,0.03912224620580673,0.18757614493370056
188,-0.4428803026676178,-0.5319338440895081,0.045298121869564056,0.04375540837645531,0.18751278519630432
189,-0.46586790680885315,-0.5419484376907349,0.03653009980916977,0.03955046087503433,0.18744942545890808
190,-0.5157533288002014,-0.5669941902160645,0.026540396735072136,0.024700473994016647,0.18738611042499542
191,-0.5226300954818726,-0.5810487866401672,0.02931879088282585,0.029099872335791588,0.18732275068759918
192,-0.47685837745666504,-0.5557393431663513,0.040862929075956345,0.03801805153489113,0.18725930154323578
193,-0.5103906989097595,-0.5673639178276062,0.028822585940361023,0.0281506460160017,0.18719597160816193
194,-0.5226993560791016,-0.5813611149787903,0.0292501300573349,0.029411591589450836,0.18713262677192688
195,-0.5393532514572144,-0.5795019865036011,0.02084992825984955,0.019298763945698738,0.18706932663917542
196,-0.4880167543888092,-0.5931065082550049,0.05390883982181549,0.05118092894554138,0.18700629472732544
197,-0.5354514718055725,-0.5783852338790894,0.022240495309233665,0.02069321647286415,0.18694324791431427
198,-0.5573207139968872,-0.5865052342414856,0.014822482131421566,0.01436205580830574,0.1868802309036255
199,-0.4522768259048462,-0.5642566680908203,0.05831853300333023,0.053661298006772995,0.18681766092777252
200,-0.5218364000320435,-0.5888973474502563,0.0335058718919754,0.03355512022972107,0.1867552548646927
201,-0.5035273432731628,-0.5565767884254456,0.027592498809099197,0.02545693889260292,0.18669304251670837
202,-0.48312509059906006,-0.5402197241783142,0.02842995896935463,0.028664659708738327,0.1866309493780136
203,-0.5049092173576355,-0.5813050866127014,0.039264533668756485,0.03713129088282585,0.18656878173351288
204,-0.5817847847938538,-0.6110172867774963,0.015266555361449718,0.01396598108112812,0.1865064948797226
205,-0.48879384994506836,-0.5603216886520386,0.034677814692258835,0.03685002774000168,0.18644411861896515
206,-0.5050696730613708,-0.5612715482711792,0.029519645497202873,0.026682229712605476,0.18638187646865845
207,-0.44698062539100647,-0.5567850470542908,0.05406390130519867,0.05574050918221474,0.1863197684288025
208,-0.48763900995254517,-0.5580835342407227,0.035973116755485535,0.03447139635682106,0.18625769019126892
209,-0.4704376459121704,-0.5521774888038635,0.04175906255841255,0.03998076543211937,0.18619558215141296
210,-0.44133850932121277,-0.5278688669204712,0.045819785445928574,0.04071056842803955,0.18613363802433014
211,-0.5024623274803162,-0.5394729375839233,0.018435554578900337,0.018575090914964676,0.18607169389724731
212,-0.5007628202438354,-0.5558930039405823,0.029353760182857513,0.025776460766792297,0.18600983917713165
213,-0.4715243875980377,-0.5479955673217773,0.03847799822688103,0.037993159145116806,0.18594834208488464
214,-0.4552772045135498,-0.5667566657066345,0.05786103755235672,0.053618423640728,0.18588688969612122
215,-0.5206053256988525,-0.565295398235321,0.021580984815955162,0.02310907654464245,0.18582551181316376
216,-0.4993680715560913,-0.5751792192459106,0.03800107166171074,0.03781009465456009,0.18576402962207794
217,-0.4426460266113281,-0.5594960451126099,0.05512344837188721,0.06172657012939453,0.18570256233215332
218,-0.4080265462398529,-0.5298391580581665,0.062017109245061874,0.05979551002383232,0.185641348361969
219,-0.47081923484802246,-0.5511795878410339,0.040284764021635056,0.040075600147247314,0.18558022379875183
220,-0.46024373173713684,-0.5464117527008057,0.04193895682692528,0.044229067862033844,0.18551933765411377
221,-0.4633401930332184,-0.5340303182601929,0.036944057792425156,0.033746056258678436,0.18545839190483093
222,-0.49872031807899475,-0.5443813800811768,0.023636842146515846,0.022024232894182205,0.18539740145206451
223,-0.43752390146255493,-0.5299454927444458,0.04471591114997864,0.04770566523075104,0.18533650040626526
224,-0.46129003167152405,-0.5154117345809937,0.026019982993602753,0.028101714327931404,0.1852758228778839
225,-0.4914891719818115,-0.5534764528274536,0.029122784733772278,0.0328645259141922,0.18521523475646973
226,-0.5630645155906677,-0.5903159379959106,0.014009661972522736,0.013241792097687721,0.18515467643737793
227,-0.5036035776138306,-0.5571550726890564,0.026165703311562538,0.027385760098695755,0.18509383499622345
228,-0.47178590297698975,-0.5324026346206665,0.031213216483592987,0.029403511434793472,0.18503302335739136
229,-0.5527986288070679,-0.5840693116188049,0.01647990569472313,0.014790751039981842,0.1849723607301712
230,-0.5271738171577454,-0.5883374214172363,0.03166425600647926,0.02949933148920536,0.18491172790527344
231,-0.4802039563655853,-0.5705411434173584,0.045595135539770126,0.044742077589035034,0.1848512589931488
232,-0.48555129766464233,-0.5855497121810913,0.050670377910137177,0.04932801425457001,0.18479087948799133
233,-0.5408870577812195,-0.6198464632034302,0.039954837411642075,0.03900458291172981,0.18473047018051147
234,-0.5086799263954163,-0.5820950865745544,0.039692968130111694,0.03372223302721977,0.18467003107070923
235,-0.542750895023346,-0.6033309698104858,0.028786038979887962,0.0317939855158329,0.184609517455101
236,-0.4154650568962097,-0.5667450428009033,0.07544037699699402,0.07583962380886078,0.18454912304878235
237,-0.4917832911014557,-0.5729925632476807,0.04173775762319565,0.03947152569890022,0.18448878824710846
238,-0.5693846344947815,-0.6134656667709351,0.022772854194045067,0.021308191120624542,0.18442858755588531
239,-0.5152606964111328,-0.5805872678756714,0.03218943253159523,0.03313716500997543,0.18436852097511292
240,-0.44826653599739075,-0.5449115037918091,0.047066718339920044,0.04957825317978859,0.18430852890014648
241,-0.49024254083633423,-0.5437461137771606,0.027349580079317093,0.02615397796034813,0.18424871563911438
242,-0.4816341996192932,-0.5375747680664062,0.029003238305449486,0.02693731151521206,0.1841888278722763
243,-0.4456529915332794,-0.5452517867088318,0.04774797335267067,0.0518508218228817,0.18412898480892181
244,-0.5162858963012695,-0.5490496754646301,0.016572492197155952,0.0161912739276886,0.18406905233860016
245,-0.5132538676261902,-0.5619102716445923,0.024211546406149864,0.024444885551929474,0.18400904536247253
246,-0.5014358758926392,-0.5363040566444397,0.01688993349671364,0.01797826774418354,0.1839490681886673
247,-0.4763934016227722,-0.5491138696670532,0.0359802208840847,0.03674023598432541,0.1838892102241516
248,-0.555111289024353,-0.5766628384590149,0.010141372680664062,0.011410195380449295,0.18382923305034637
249,-0.5059998631477356,-0.5990526676177979,0.047824639827013016,0.045228179544210434,0.18376904726028442
250,-0.5101393461227417,-0.5576675534248352,0.024670906364917755,0.02285732328891754,0.18370890617370605
251,-0.566508948802948,-0.6185719966888428,0.025154083967208862,0.026908952742815018,0.18364877998828888
252,-0.5364148020744324,-0.6044099926948547,0.03393888100981712,0.03405627980828285,0.18358884751796722
253,-0.5420087575912476,-0.6056802868843079,0.03164125233888626,0.03203030303120613,0.18352892994880676
254,-0.5175813436508179,-0.5792949795722961,0.030172552913427353,0.031541116535663605,0.1834690123796463
255,-0.565832793712616,-0.6151223182678223,0.024965297430753708,0.024324212223291397,0.18340909481048584
256,-0.5747004747390747,-0.6042819619178772,0.01393627468496561,0.01564520224928856,0.18334926664829254
257,-0.5384348034858704,-0.6078349947929382,0.03561791032552719,0.03378230333328247,0.18328940868377686
258,-0.5468752980232239,-0.597827136516571,0.023455332964658737,0.027496518567204475,0.18322958052158356
259,-0.572551429271698,-0.6297855377197266,0.029198672622442245,0.028035437688231468,0.18316960334777832
260,-0.5923312306404114,-0.6350587010383606,0.020996199920773506,0.021731257438659668,0.18310971558094025
261,-0.5133256912231445,-0.5758121609687805,0.029404550790786743,0.033081915229558945,0.18304990231990814
262,-0.5375507473945618,-0.5949932336807251,0.02788751758635044,0.0295549463480711,0.18299007415771484
263,-0.5829900503158569,-0.6029442548751831,0.010815243236720562,0.009138953872025013,0.18293043971061707
264,-0.5047852993011475,-0.5521152019500732,0.022836443036794662,0.024493450298905373,0.18287084996700287
265,-0.5016157627105713,-0.5920116901397705,0.04631996154785156,0.044075995683670044,0.18281115591526031
266,-0.5019180178642273,-0.580960214138031,0.0411028154194355,0.03793935105204582,0.18275156617164612
267,-0.5443239808082581,-0.5951853394508362,0.024844003841280937,0.026017386466264725,0.1826920509338379
268,-0.5924874544143677,-0.6232157349586487,0.015424108132719994,0.015304164960980415,0.18263252079486847
269,-0.5308480262756348,-0.6060001254081726,0.03704015538096428,0.03811192885041237,0.18257294595241547
270,-0.5726376175880432,-0.6250243186950684,0.025274381041526794,0.027112331241369247,0.18251343071460724
271,-0.5444363951683044,-0.5944268703460693,0.024998942390084267,0.02499149553477764,0.18245390057563782
272,-0.5627155303955078,-0.617078959941864,0.02684997208416462,0.02751341462135315,0.1823943704366684
273,-0.5398883819580078,-0.6047981977462769,0.031203124672174454,0.0337066687643528,0.18233487010002136
274,-0.5836051106452942,-0.6371675133705139,0.026494218036532402,0.027068205177783966,0.18227538466453552
275,-0.523154079914093,-0.5771671533584595,0.029513651505112648,0.024499427527189255,0.18221594393253326
276,-0.5373425483703613,-0.6113927364349365,0.034722939133644104,0.03932728245854378,0.18215647339820862
277,-0.5515527725219727,-0.6271533966064453,0.036577023565769196,0.039023593068122864,0.18209709227085114
278,-0.6105192303657532,-0.6378592848777771,0.012840909883379936,0.014499136246740818,0.18203780055046082
279,-0.5058163404464722,-0.5768254995346069,0.03516756370663643,0.03584155812859535,0.18197853863239288
280,-0.5005873441696167,-0.5651881694793701,0.029857005923986435,0.03474384918808937,0.18191933631896973
281,-0.5020385384559631,-0.5477283596992493,0.021186362951993942,0.02450348064303398,0.18186020851135254
282,-0.5229480862617493,-0.5567788481712341,0.01539536565542221,0.01843542605638504,0.18180109560489655
283,-0.486868292093277,-0.543308436870575,0.02727712318301201,0.029163043946027756,0.18174207210540771
284,-0.5271117687225342,-0.5787978768348694,0.024310829117894173,0.02737526223063469,0.1816830337047577
285,-0.5189597606658936,-0.5937777757644653,0.034244246780872345,0.04057379812002182,0.18162398040294647
286,-0.5542007684707642,-0.6009081602096558,0.023995399475097656,0.02271198108792305,0.18156491219997406
287,-0.546859085559845,-0.6080018281936646,0.029862388968467712,0.03128034248948097,0.1815059334039688
288,-0.5630238652229309,-0.6291148662567139,0.029078995808959007,0.037011973559856415,0.18144693970680237
289,-0.6175393462181091,-0.6618783473968506,0.022856559604406357,0.021482443436980247,0.18138805031776428
290,-0.5431851148605347,-0.6161931157112122,0.03750930726528168,0.03549870103597641,0.18132926523685455
291,-0.6380069255828857,-0.6709802746772766,0.018787045031785965,0.014186310581862926,0.18127062916755676
292,-0.5628247261047363,-0.5970946550369263,0.017391415312886238,0.016878493130207062,0.18121203780174255
293,-0.5704867243766785,-0.6383007168769836,0.029955517500638962,0.0378585010766983,0.18115368485450745
294,-0.5755094885826111,-0.6329630613327026,0.027980688959360123,0.02947288379073143,0.18109546601772308
295,-0.5199359059333801,-0.5761432647705078,0.02805926837027073,0.028148112818598747,0.18103718757629395
296,-0.551294207572937,-0.6042355298995972,0.02584277093410492,0.02709854021668434,0.18097899854183197
297,-0.631978452205658,-0.6632004380226135,0.014880520291626453,0.016341444104909897,0.1809207797050476
298,-0.5723079442977905,-0.6090791821479797,0.017327215522527695,0.019444018602371216,0.18086262047290802
299,-0.570486843585968,-0.6133010387420654,0.02169177494943142,0.021122368052601814,0.1808045208454132
300,-0.5627074837684631,-0.5964705944061279,0.017648108303546906,0.01611502654850483,0.18074646592140198
301,-0.6188364624977112,-0.6467180848121643,0.012886052951216698,0.014995565637946129,0.1806885153055191
302,-0.5839393138885498,-0.6145383715629578,0.014895674772560596,0.015703409910202026,0.18063047528266907
303,-0.5788230299949646,-0.6416534185409546,0.029344815760850906,0.033485595136880875,0.18057245016098022
304,-0.5443181991577148,-0.5939313769340515,0.02555108442902565,0.024062085896730423,0.18051452934741974
305,-0.5923219323158264,-0.6317507028579712,0.019076751545071602,0.02035202458500862,0.18045656383037567
306,-0.5137536525726318,-0.6106898784637451,0.04822421073913574,0.048712022602558136,0.18039879202842712
307,-0.5677098631858826,-0.6094393134117126,0.020714018493890762,0.02101542055606842,0.1803411990404129
308,-0.5615143179893494,-0.6065398454666138,0.022353507578372955,0.022671982645988464,0.1802835464477539
309,-0.5851128101348877,-0.6539385914802551,0.033201660960912704,0.03562413528561592,0.1802258938550949
310,-0.5995014309883118,-0.6343022584915161,0.018252169713377953,0.016548655927181244,0.1801685392856598
311,-0.5529608130455017,-0.6172193884849548,0.030667435377836227,0.033591169863939285,0.1801111400127411
312,-0.628629744052887,-0.6746359467506409,0.022044813260436058,0.023961365222930908,0.18005380034446716
313,-0.6000828742980957,-0.6387228965759277,0.020672976970672607,0.017967022955417633,0.1799965351819992
314,-0.5678516030311584,-0.6202610731124878,0.02484903857111931,0.02756042405962944,0.17993924021720886
315,-0.583076536655426,-0.6105526685714722,0.013546270318329334,0.013929856941103935,0.17988188564777374
316,-0.5971521139144897,-0.6250160932540894,0.016630010679364204,0.011234008707106113,0.179824560880661
317,-0.5743082761764526,-0.6100106239318848,0.017693879082798958,0.018008487299084663,0.17976726591587067
318,-0.5895398259162903,-0.6249656081199646,0.01726549118757248,0.01816028356552124,0.17971011996269226
319,-0.5899696946144104,-0.6141242980957031,0.00975721050053835,0.014397396706044674,0.17965291440486908
320,-0.5739889144897461,-0.6287210583686829,0.02831359952688217,0.026418540626764297,0.1795957386493683
321,-0.6113660335540771,-0.6499348282814026,0.018495583906769753,0.020073221996426582,0.1795387715101242
322,-0.6052120923995972,-0.6578274965286255,0.025934958830475807,0.026680458337068558,0.1794818788766861
323,-0.6020389199256897,-0.6328628063201904,0.014446305111050606,0.01637754961848259,0.17942507565021515
324,-0.5834829807281494,-0.6318398118019104,0.02298077568411827,0.0253760889172554,0.17936836183071136
325,-0.5803271532058716,-0.6416665315628052,0.030357932671904564,0.03098144195973873,0.17931169271469116
326,-0.6130064725875854,-0.6693108677864075,0.027284296229481697,0.029020095244050026,0.1792549192905426
327,-0.6646974086761475,-0.7106009721755981,0.022272469475865364,0.023631086573004723,0.17919817566871643
328,-0.5723258256912231,-0.6217199563980103,0.02074923738837242,0.02864493802189827,0.17914146184921265
329,-0.6065497398376465,-0.6525428891181946,0.023227714002132416,0.02276545949280262,0.17908476293087006
330,-0.5700674057006836,-0.6345953345298767,0.03112434595823288,0.033403586596250534,0.17902806401252747
331,-0.5812561511993408,-0.6057697534561157,0.011749481782317162,0.012764118611812592,0.17897145450115204
332,-0.5477410554885864,-0.6242953538894653,0.035160962492227554,0.04139333218336105,0.17891481518745422
333,-0.5562116503715515,-0.5978034734725952,0.021831942722201347,0.019759871065616608,0.17885805666446686
334,-0.5521095991134644,-0.5969127416610718,0.019584307447075844,0.025218816474080086,0.17880134284496307
335,-0.5871507525444031,-0.628898024559021,0.021860476583242416,0.01988678053021431,0.17874471843242645
336,-0.6120296120643616,-0.6415066719055176,0.015496737323701382,0.01398034393787384,0.1786879599094391
337,-0.5493572950363159,-0.5946937203407288,0.02173420414328575,0.02360226772725582,0.17863120138645172
338,-0.6081511974334717,-0.6652050018310547,0.02678414061665535,0.030269674956798553,0.17857447266578674
339,-0.5754218697547913,-0.5984184741973877,0.010487355291843414,0.012509223073720932,0.17851798236370087
340,-0.6485412120819092,-0.6882302761077881,0.019813276827335358,0.01987573690712452,0.1784614473581314
341,-0.5747283697128296,-0.6221894025802612,0.02086896263062954,0.026592090725898743,0.17840498685836792
342,-0.6371509432792664,-0.6958443522453308,0.02609604224562645,0.0325973704457283,0.17834851145744324
343,-0.6609823107719421,-0.7054795622825623,0.02336311712861061,0.02113412320613861,0.17829200625419617
344,-0.5849143266677856,-0.6184155941009521,0.017273087054491043,0.016228176653385162,0.17823535203933716
345,-0.6093719005584717,-0.6633614301681519,0.028344089165329933,0.02564542554318905,0.17817871272563934
346,-0.5592922568321228,-0.5922971963882446,0.016980711370706558,0.016024207696318626,0.1781221479177475
347,-0.5792253613471985,-0.6234407424926758,0.02092486247420311,0.023290526121854782,0.17806561291217804
348,-0.6107650399208069,-0.6581712961196899,0.022118402644991875,0.025287870317697525,0.1780090481042862
349,-0.6161914467811584,-0.6598255038261414,0.02281871624290943,0.020815301686525345,0.17795252799987793
350,-0.6061708927154541,-0.6518033742904663,0.02279648371040821,0.022835977375507355,0.17789608240127563
351,-0.6524985432624817,-0.6923385858535767,0.02045886591076851,0.01938118226826191,0.17783959209918976
352,-0.5004408359527588,-0.5778369307518005,0.03791908547282219,0.039476972073316574,0.17778314650058746
353,-0.6342298984527588,-0.682070791721344,0.022595198825001717,0.02524568885564804,0.17772667109966278
354,-0.6648477911949158,-0.6953448057174683,0.014276699163019657,0.0162203311920166,0.17767012119293213
355,-0.5822096467018127,-0.634382963180542,0.0265944954007864,0.0255788154900074,0.17761370539665222
356,-0.6295254230499268,-0.656583309173584,0.012626072391867638,0.014431832358241081,0.1775573343038559
357,-0.6324620842933655,-0.6804928779602051,0.021763168275356293,0.02626766264438629,0.17750103771686554
358,-0.5792163014411926,-0.6455878615379333,0.030573120340704918,0.03579845279455185,0.17744480073451996
359,-0.6080193519592285,-0.6568847894668579,0.02378571219742298,0.02507970668375492,0.17738857865333557
360,-0.5340604782104492,-0.6147148609161377,0.0399724543094635,0.040681950747966766,0.17733247578144073
361,-0.5968905091285706,-0.638392448425293,0.02241462841629982,0.019087286666035652,0.1772764027118683
362,-0.6195094585418701,-0.6765830516815186,0.030242405831813812,0.026831237599253654,0.17722052335739136
363,-0.6415850520133972,-0.6934953331947327,0.025870464742183685,0.026039863005280495,0.17716467380523682
364,-0.6105108857154846,-0.6268348097801208,0.007604226469993591,0.008719708770513535,0.17710886895656586
365,-0.6386470794677734,-0.6796364784240723,0.020603470504283905,0.020385941490530968,0.17705316841602325
366,-0.6633754372596741,-0.7016404271125793,0.019747059792280197,0.018517907708883286,0.17699742317199707
367,-0.6148119568824768,-0.6485454440116882,0.01787099801003933,0.01586245372891426,0.17694179713726044
368,-0.6327157616615295,-0.6688632369041443,0.01804199442267418,0.0181055199354887,0.17688605189323425
369,-0.6418851017951965,-0.6760942935943604,0.017038529738783836,0.017170673236250877,0.17683053016662598
370,-0.583093523979187,-0.6353106498718262,0.02820330113172531,0.02401384711265564,0.17677490413188934
371,-0.634385883808136,-0.6579044461250305,0.012340602464973927,0.01117798499763012,0.17671926319599152
372,-0.6493840217590332,-0.6829476952552795,0.016304943710565567,0.017258699983358383,0.17666366696357727
373,-0.6137862801551819,-0.6530895829200745,0.020971355959773064,0.018331967294216156,0.1766081303358078
374,-0.5923788547515869,-0.6367304921150208,0.02276095561683178,0.021590720862150192,0.17655280232429504
375,-0.6030610799789429,-0.6305089592933655,0.014066449366509914,0.01338142529129982,0.17649754881858826
376,-0.6203239560127258,-0.6577041745185852,0.017901582643389702,0.019478633999824524,0.17644234001636505
377,-0.5450396537780762,-0.604706883430481,0.025599151849746704,0.03406810387969017,0.17638705670833588
378,-0.5812786221504211,-0.6272528171539307,0.02157852053642273,0.02439562790095806,0.1763317584991455
379,-0.5289567112922668,-0.6000853180885315,0.033986177295446396,0.03714245185256004,0.1762765496969223
380,-0.6086359024047852,-0.6426334977149963,0.01681976020336151,0.01717783324420452,0.1762213408946991
381,-0.5789690017700195,-0.6261537075042725,0.022904926910996437,0.024279747158288956,0.17616601288318634
382,-0.6434230208396912,-0.6870947480201721,0.022050509229302406,0.021621234714984894,0.1761106252670288
383,-0.6475750207901001,-0.6947230100631714,0.02295123226940632,0.024196770042181015,0.17605537176132202
384,-0.5891453623771667,-0.629567563533783,0.020136497914791107,0.02028574049472809,0.17600005865097046
385,-0.6896084547042847,-0.7393738627433777,0.025466885417699814,0.02429852820932865,0.17594484984874725
386,-0.6314846277236938,-0.6661383509635925,0.01690397784113884,0.01774974912405014,0.1758895069360733
387,-0.6407665014266968,-0.6745639443397522,0.01754160225391388,0.01625584438443184,0.17583413422107697
388,-0.5825149416923523,-0.650537371635437,0.034904543310403824,0.033117908984422684,0.17577868700027466
389,-0.6809314489364624,-0.7167700529098511,0.016811473295092583,0.019027099013328552,0.17572320997714996
390,-0.5599868893623352,-0.6164257526397705,0.02797658182680607,0.028462305665016174,0.17566785216331482
391,-0.6832117438316345,-0.7217826247215271,0.01826716959476471,0.0203037541359663,0.17561259865760803
392,-0.6552252173423767,-0.730451762676239,0.03905723616480827,0.03616931661963463,0.17555725574493408
393,-0.7338644862174988,-0.783388614654541,0.02452177181839943,0.025002367794513702,0.17550186812877655
394,-0.5631227493286133,-0.5963938236236572,0.016931790858507156,0.016339290887117386,0.17544646561145782
395,-0.6048797369003296,-0.6837294697761536,0.04194653034210205,0.036903202533721924,0.17539113759994507
396,-0.5675721764564514,-0.6173550486564636,0.026675693690776825,0.02310716174542904,0.1753358244895935
397,-0.591016948223114,-0.6299595832824707,0.01931472308933735,0.019627945497632027,0.17528052628040314
398,-0.627274215221405,-0.6564509272575378,0.015844976529479027,0.013331739231944084,0.175225168466568
399,-0.6665069460868835,-0.7010578513145447,0.016061941161751747,0.01848895661532879,0.17517004907131195
400,-0.6030130982398987,-0.6400845646858215,0.019034963101148605,0.0180364977568388,0.17511489987373352
401,-0.5912269353866577,-0.6387035846710205,0.024526650086045265,0.022950023412704468,0.17505982518196106
402,-0.5964280366897583,-0.6355252861976624,0.01932625286281109,0.019770968705415726,0.1750047206878662
403,-0.6099236011505127,-0.6736839413642883,0.02768779918551445,0.036072563380002975,0.17494963109493256
404,-0.6775109767913818,-0.7248944044113159,0.024168016389012337,0.023215439170598984,0.17489464581012726
405,-0.5168429017066956,-0.5724787712097168,0.02618083730340004,0.02945500612258911,0.17483989894390106
406,-0.5889520645141602,-0.6290544271469116,0.02140239253640175,0.018699927255511284,0.17478515207767487
407,-0.6236639022827148,-0.652464747428894,0.01559691783040762,0.013203894719481468,0.17473037540912628
408,-0.5701583623886108,-0.6298528909683228,0.027570094913244247,0.03212448209524155,0.17467564344406128
409,-0.6653621792793274,-0.7209582924842834,0.028236430138349533,0.02735963836312294,0.1746208816766739
410,-0.6829655766487122,-0.7492278814315796,0.03251847252249718,0.033743832260370255,0.17456620931625366
411,-0.6694018840789795,-0.7017296552658081,0.015478407964110374,0.016849322244524956,0.17451155185699463
412,-0.6087268590927124,-0.7251745462417603,0.05455568805336952,0.061891984194517136,0.1744569092988968
413,-0.6367647647857666,-0.6851519346237183,0.02252436801791191,0.025862839072942734,0.17440208792686462
414,-0.6243356466293335,-0.6549090147018433,0.014430072158575058,0.016143299639225006,0.17434754967689514
415,-0.6709403395652771,-0.7011376023292542,0.014997147023677826,0.015200149267911911,0.17429298162460327
416,-0.6517704725265503,-0.6746429204940796,0.011843685060739517,0.011028786189854145,0.17423845827579498
417,-0.6900460720062256,-0.7299736142158508,0.023350190371274948,0.016577349975705147,0.17418411374092102
418,-0.6341233849525452,-0.6864843964576721,0.025810040533542633,0.026550952345132828,0.17412984371185303
419,-0.6883583068847656,-0.7427043914794922,0.02789941057562828,0.026446670293807983,0.1740756779909134
420,-0.6351747512817383,-0.6849871277809143,0.025596367195248604,0.024215981364250183,0.1740213930606842
421,-0.6972324848175049,-0.7342562675476074,0.01979079842567444,0.017233021557331085,0.17396697402000427
422,-0.6519705057144165,-0.6934943199157715,0.022074958309531212,0.01944890059530735,0.1739124357700348
423,-0.6296226382255554,-0.7229136228561401,0.04698708653450012,0.04630391299724579,0.17385803163051605
424,-0.5317236185073853,-0.5730677247047424,0.019808148965239525,0.02153591252863407,0.17380382120609283
425,-0.7017505764961243,-0.7390359044075012,0.018028052523732185,0.019257264211773872,0.17374950647354126
426,-0.7133561372756958,-0.7635020613670349,0.025263464078307152,0.024882454425096512,0.17369523644447327
427,-0.7976295351982117,-0.8270523548126221,0.015306927263736725,0.014115879312157631,0.17364096641540527
428,-0.6567310094833374,-0.6956377029418945,0.019808262586593628,0.019098421558737755,0.1735869199037552
429,-0.6469050049781799,-0.6786537170410156,0.01820223033428192,0.013546460308134556,0.1735329031944275
430,-0.76173335313797,-0.8166072368621826,0.02831755392253399,0.02655630372464657,0.1734788715839386
431,-0.628666341304779,-0.6844289898872375,0.026470720767974854,0.029291946440935135,0.1734248846769333
432,-0.6190685033798218,-0.670988142490387,0.02571088820695877,0.02620876580476761,0.17337073385715485
433,-0.718934178352356,-0.7649545669555664,0.02322201617062092,0.022798361256718636,0.17331671714782715
434,-0.662499189376831,-0.7169131636619568,0.026749592274427414,0.027664337307214737,0.17326273024082184
435,-0.6443020105361938,-0.6747158765792847,0.01443197950720787,0.015981942415237427,0.17320892214775085
436,-0.5771491527557373,-0.6318974494934082,0.025643471628427505,0.029104841873049736,0.17315521836280823
437,-0.7093924880027771,-0.7480685114860535,0.01825229451060295,0.020423684269189835,0.1731012761592865
438,-0.6808037161827087,-0.7348624467849731,0.025743434205651283,0.028315328061580658,0.17304733395576477
439,-0.5802391171455383,-0.6100577712059021,0.01495198905467987,0.01486663706600666,0.1729935109615326
440,-0.5954481959342957,-0.6685234308242798,0.03969753161072731,0.03337768837809563,0.17293964326381683
441,-0.6643549203872681,-0.7026799917221069,0.021066946908831596,0.01725812442600727,0.17288585007190704
442,-0.5755606889724731,-0.6264976859092712,0.025418484583497047,0.025518566370010376,0.17283198237419128
443,-0.6474270820617676,-0.6936084628105164,0.022933650761842728,0.02324768900871277,0.17277821898460388
444,-0.5312373042106628,-0.6005080342292786,0.03765760734677315,0.03161313757300377,0.17272447049617767
445,-0.7713069915771484,-0.7957252264022827,0.013150949031114578,0.011267297901213169,0.1726708561182022
446,-0.7070780992507935,-0.7636591792106628,0.02772115170955658,0.02885989286005497,0.17261724174022675
447,-0.6874625086784363,-0.722542941570282,0.016976382583379745,0.018104087561368942,0.17256365716457367
448,-0.6200550198554993,-0.6933597326278687,0.037171415984630585,0.03613327443599701,0.17251011729240417
449,-0.6107162237167358,-0.6612057685852051,0.025252433493733406,0.02523708902299404,0.17245660722255707
450,-0.6756446361541748,-0.7475043535232544,0.03494108468294144,0.03691864758729935,0.17240318655967712
451,-0.6622504591941833,-0.7257108688354492,0.0280514657497406,0.035408902913331985,0.17234984040260315
452,-0.6956931352615356,-0.7315922379493713,0.017801228910684586,0.018097862601280212,0.17229655385017395
453,-0.6619243025779724,-0.6998249292373657,0.021592648699879646,0.016307935118675232,0.17224320769309998
454,-0.6502134799957275,-0.7557414770126343,0.053651075810194016,0.05187687650322914,0.17218995094299316
455,-0.6652677059173584,-0.7142319679260254,0.026178939267992973,0.022785307839512825,0.172136589884758
456,-0.646355152130127,-0.696724534034729,0.0263824500143528,0.02398696169257164,0.17208315432071686
457,-0.747879147529602,-0.7768258452415466,0.014274888671934605,0.014671795070171356,0.17202980816364288
458,-0.6683238744735718,-0.7108696103096008,0.021465715020895004,0.021080030128359795,0.17197659611701965
459,-0.6717900633811951,-0.7197732329368591,0.02470659650862217,0.023276545107364655,0.17192330956459045
460,-0.692923903465271,-0.7281046509742737,0.01636558398604393,0.018815169110894203,0.1718701273202896
461,-0.6542751789093018,-0.7208227515220642,0.03614626079797745,0.03040131740272045,0.17181701958179474
462,-0.6724619269371033,-0.7073628902435303,0.017963241785764694,0.016937751322984695,0.17176398634910583
463,-0.6549851298332214,-0.7256482839584351,0.036399438977241516,0.034263726323843,0.1717110574245453
464,-0.6280738711357117,-0.6647598743438721,0.019600411877036095,0.017085598781704903,0.17165809869766235
465,-0.7010565996170044,-0.7492931485176086,0.025649549439549446,0.02258700132369995,0.1716052144765854
466,-0.6546738743782043,-0.6874873638153076,0.014417510479688644,0.018395988270640373,0.17155230045318604
467,-0.6310346126556396,-0.6673173904418945,0.018848145380616188,0.017434682697057724,0.17149944603443146
468,-0.7040084600448608,-0.7575850486755371,0.027462566271424294,0.026114068925380707,0.17144635319709778
469,-0.7134698629379272,-0.7638330459594727,0.025860924273729324,0.024502303451299667,0.17139312624931335
470,-0.6585371494293213,-0.7063887715339661,0.025919809937477112,0.02193181961774826,0.1713399440050125
471,-0.7694664001464844,-0.8044269680976868,0.017131906002759933,0.01782865822315216,0.17128688097000122
472,-0.6133316159248352,-0.672008216381073,0.029271040111780167,0.02940555289387703,0.17123393714427948
473,-0.734566867351532,-0.7717342376708984,0.01867813989520073,0.018489254638552666,0.17118100821971893
474,-0.7438851594924927,-0.7716595530509949,0.014485779218375683,0.013288616202771664,0.17112812399864197
475,-0.7187510132789612,-0.7637348175048828,0.022795680910348892,0.022188112139701843,0.17107509076595306
476,-0.7457093596458435,-0.7768622040748596,0.01474173553287983,0.01641111634671688,0.17102187871932983
477,-0.7254224419593811,-0.7812793254852295,0.025955388322472572,0.0299015324562788,0.17096859216690063
478,-0.7773188352584839,-0.8129808306694031,0.020044822245836258,0.01561716292053461,0.1709153652191162
479,-0.6855243444442749,-0.7281866669654846,0.02249213680624962,0.020170237869024277,0.17086225748062134
480,-0.7378377914428711,-0.7691231369972229,0.01574184186756611,0.015543507412075996,0.17080916464328766
481,-0.7175763249397278,-0.7425981163978577,0.012975376099348068,0.01204637624323368,0.17075590789318085
482,-0.7309980988502502,-0.7659052014350891,0.018461590632796288,0.016445523127913475,0.17070278525352478
483,-0.686348557472229,-0.7456090450286865,0.029376734048128128,0.029883768409490585,0.1706497222185135
484,-0.6919835209846497,-0.7260010242462158,0.018377231433987617,0.01564028300344944,0.17059679329395294
485,-0.7138288021087646,-0.7452749609947205,0.016088249161839485,0.015357919968664646,0.17054396867752075
486,-0.6895729899406433,-0.7367983460426331,0.025118643417954445,0.02210671454668045,0.1704912632703781
487,-0.657157301902771,-0.7324185371398926,0.0374736487865448,0.0377875380218029,0.1704385131597519
488,-0.7109726071357727,-0.7453546524047852,0.016291070729494095,0.01809096895158291,0.1703859120607376
489,-0.6465638875961304,-0.7160448431968689,0.03515351563692093,0.03432747349143028,0.17033328115940094
490,-0.6916819214820862,-0.7300301194190979,0.020620979368686676,0.017727172002196312,0.17028076946735382
491,-0.7367249727249146,-0.7998865246772766,0.03098067082464695,0.03218091279268265,0.17022837698459625
492,-0.5672675371170044,-0.5966129302978516,0.013265884481370449,0.016079505905508995,0.1701759696006775
493,-0.6840348243713379,-0.7194840908050537,0.01681946963071823,0.018629761412739754,0.17012344300746918
494,-0.6992377042770386,-0.7229124903678894,0.011775677092373371,0.011899103410542011,0.17007100582122803
495,-0.7679889798164368,-0.8038218021392822,0.01875201426446438,0.01708078756928444,0.17001871764659882
496,-0.7498648166656494,-0.7849514484405518,0.017506562173366547,0.017580077052116394,0.16996635496616364
497,-0.7233112454414368,-0.7643588781356812,0.020339785143733025,0.02070785127580166,0.16991408169269562
498,-0.6419256925582886,-0.7252468466758728,0.03933979570865631,0.043981362134218216,0.16986186802387238
499,-0.6806740164756775,-0.721164345741272,0.02086326852440834,0.019627055153250694,0.16980965435504913
500,-0.6190899014472961,-0.7420617341995239,0.05754266679286957,0.06542913615703583,0.1697573959827423
501,-0.6800086498260498,-0.7243426442146301,0.024766098707914352,0.019567884504795074,0.16970519721508026
502,-0.6507872343063354,-0.7028788328170776,0.024613963440060616,0.02747764252126217,0.16965292394161224
503,-0.6859409213066101,-0.7262436747550964,0.022139733657240868,0.018163012340664864,0.16960057616233826
504,-0.6875739693641663,-0.7254680395126343,0.019998200237751007,0.017895851284265518,0.1695481389760971
505,-0.7500834465026855,-0.8046132326126099,0.026631219312548637,0.02789856120944023,0.16949565708637238
506,-0.6383770704269409,-0.6877263784408569,0.023904768750071526,0.02544458396732807,0.16944320499897003
507,-0.6788022518157959,-0.7247949838638306,0.023926515132188797,0.022066215053200722,0.1693907082080841
508,-0.7397707104682922,-0.811834990978241,0.037648756057024,0.034415557980537415,0.16933809220790863
509,-0.7605749368667603,-0.8210172057151794,0.029705869033932686,0.03073640912771225,0.1692856103181839
510,-0.7331956624984741,-0.784244179725647,0.026571542024612427,0.02447700686752796,0.16923320293426514
511,-0.8194923996925354,-0.8870066404342651,0.035276658833026886,0.03223757818341255,0.16918087005615234
512,-0.7366769313812256,-0.781094491481781,0.021977650001645088,0.02243991196155548,0.1691286563873291
513,-0.7191044688224792,-0.759846568107605,0.021052539348602295,0.019689587876200676,0.1690765619277954
514,-0.7767962217330933,-0.82237708568573,0.023722097277641296,0.021858761087059975,0.16902455687522888
515,-0.784720242023468,-0.8223810195922852,0.019636904820799828,0.01802385225892067,0.1689726859331131
516,-0.7081193327903748,-0.7875510454177856,0.03952556103467941,0.03990615904331207,0.16892091929912567
517,-0.6795168519020081,-0.7251675128936768,0.02098117582499981,0.02466944046318531,0.16886907815933228
518,-0.7132567763328552,-0.7687280178070068,0.028450900688767433,0.027020325884222984,0.1688171625137329
519,-0.8040894865989685,-0.8438733220100403,0.022116266191005707,0.01766759343445301,0.16876523196697235
520,-0.7091670632362366,-0.7442416548728943,0.016561901196837425,0.01851268857717514,0.16871333122253418
521,-0.7137272357940674,-0.7663350701332092,0.0268530435860157,0.025754785165190697,0.16866153478622437
522,-0.6563895344734192,-0.7227343916893005,0.031222239136695862,0.035122647881507874,0.16860975325107574
523,-0.7463247179985046,-0.7851231694221497,0.02031276561319828,0.018485678359866142,0.16855791211128235
524,-0.5861362814903259,-0.6254192590713501,0.019377989694476128,0.019904978573322296,0.16850614547729492
525,-0.6006888151168823,-0.6677814722061157,0.0326804555952549,0.034412186592817307,0.16845440864562988
526,-0.593152642250061,-0.6594048738479614,0.035804275423288345,0.030447935685515404,0.1684027463197708
527,-0.7081955075263977,-0.7829583883285522,0.040600165724754333,0.034162696450948715,0.16835103929042816
528,-0.7223570346832275,-0.7609735727310181,0.019296783953905106,0.01931975595653057,0.1682993471622467
529,-0.7397516369819641,-0.78411465883255,0.021527953445911407,0.022835062816739082,0.16824786365032196
530,-0.8431318998336792,-0.9033349752426147,0.032882969826459885,0.027320098131895065,0.16819632053375244
531,-0.8064481616020203,-0.8520358800888062,0.022910716012120247,0.02267698384821415,0.16814488172531128
532,-0.8184775114059448,-0.8811664581298828,0.03244999423623085,0.030238930135965347,0.16809335350990295
533,-0.6213151812553406,-0.7133327126502991,0.046292245388031006,0.045725297182798386,0.1680416613817215
534,-0.7815350294113159,-0.8364037275314331,0.027125315740704536,0.027743415907025337,0.16798993945121765
535,-0.7605979442596436,-0.8401079177856445,0.04281875863671303,0.03669115900993347,0.1679382026195526
536,-0.7779998183250427,-0.8369729518890381,0.02881745621562004,0.03015563264489174,0.16788648068904877
537,-0.7075084447860718,-0.7711974382400513,0.03305976465344429,0.030629215762019157,0.16783463954925537
538,-0.7020989060401917,-0.7259758710861206,0.0130149619653821,0.010861986316740513,0.16778282821178436
539,-0.7985062003135681,-0.8396547436714172,0.020538728684186935,0.020609820261597633,0.16773109138011932
540,-0.6922968626022339,-0.764944851398468,0.037461791187524796,0.03518615663051605,0.16767944395542145
541,-0.7314464449882507,-0.7792348861694336,0.022255348041653633,0.025533054023981094,0.16762790083885193
542,-0.7529942989349365,-0.7966079115867615,0.023573093116283417,0.020040536299347878,0.167576402425766
543,-0.7410290241241455,-0.798090934753418,0.028002342209219933,0.029059600085020065,0.16752494871616364
544,-0.7877984642982483,-0.8828105330467224,0.048138827085494995,0.04687325283885002,0.16747355461120605
545,-0.7891938090324402,-0.8414322733879089,0.02961077354848385,0.02262769639492035,0.16742196679115295
546,-0.8008120656013489,-0.8534005880355835,0.0270870141685009,0.02550150826573372,0.16737022995948792
547,-0.7782312631607056,-0.8214788436889648,0.021154075860977173,0.022093532606959343,0.16731837391853333
548,-0.7397907972335815,-0.7890245318412781,0.02551274560391903,0.023720966652035713,0.16726672649383545
549,-0.8353124260902405,-0.8885507583618164,0.026284631341695786,0.026953719556331635,0.16721515357494354
550,-0.795610785484314,-0.8416857123374939,0.022402919828891754,0.023671954870224,0.16716359555721283
551,-0.6386882066726685,-0.7076716423034668,0.03459323197603226,0.03439021110534668,0.16711211204528809
552,-0.6709349155426025,-0.7345808744430542,0.0334702730178833,0.030175713822245598,0.1670604944229126
553,-0.6701227426528931,-0.716745913028717,0.02113274857401848,0.025490378960967064,0.16700902581214905
554,-0.6381602883338928,-0.6893485188484192,0.02678171917796135,0.024406475946307182,0.1669577807188034
555,-0.6723413467407227,-0.729629397392273,0.030589252710342407,0.026698831468820572,0.16690632700920105
556,-0.6200311183929443,-0.6980617046356201,0.04066364839673042,0.03736693784594536,0.1668548583984375
557,-0.6085559129714966,-0.7233044505119324,0.05389230325818062,0.06085623428225517,0.16680338978767395
558,-0.7522556781768799,-0.802060604095459,0.02506139688193798,0.02474353462457657,0.16675205528736115
559,-0.8225135207176208,-0.8864104151725769,0.032531313598155975,0.03136555477976799,0.1667007952928543
560,-0.7747657895088196,-0.8260769844055176,0.027950793504714966,0.023360447958111763,0.16664965450763702
561,-0.8367471098899841,-0.8887370228767395,0.02602614462375641,0.025963755324482918,0.16659869253635406
562,-0.8423312902450562,-0.9063493013381958,0.0313149131834507,0.032703083008527756,0.16654765605926514
563,-0.8577706217765808,-0.9123023748397827,0.027804473415017128,0.026727251708507538,0.16649651527404785
564,-0.7724717855453491,-0.8252547383308411,0.023755846545100212,0.029027096927165985,0.16644559800624847
565,-0.740395188331604,-0.8118500113487244,0.036822542548179626,0.03463226184248924,0.16639460623264313
566,-0.7569686770439148,-0.8040822744369507,0.02244512550532818,0.02466844767332077,0.16634365916252136
567,-0.7866547107696533,-0.8423140048980713,0.029246298596262932,0.026413004845380783,0.16629266738891602
568,-0.7238412499427795,-0.7879195213317871,0.032183606177568436,0.031894709914922714,0.16624192893505096
569,-0.7630394101142883,-0.8333826065063477,0.03617948666214943,0.0341637097299099,0.16619133949279785
570,-0.6380177140235901,-0.7491954565048218,0.052635617554187775,0.05854213237762451,0.16614067554473877
571,-0.6685056686401367,-0.7635312676429749,0.04903045669198036,0.04599513113498688,0.16609005630016327
572,-0.7606002688407898,-0.8352541923522949,0.03906341642141342,0.03559055179357529,0.1660395711660385
573,-0.7101743817329407,-0.8245705366134644,0.05779596045613289,0.056600213050842285,0.16598913073539734
574,-0.7212377786636353,-0.7576603293418884,0.018020765855908394,0.01840178854763508,0.16593877971172333
575,-0.834463357925415,-0.8874726891517639,0.02829849347472191,0.024710804224014282,0.16588827967643738
576,-0.8011679649353027,-0.868765115737915,0.034134164452552795,0.03346299007534981,0.16583754122257233
577,-0.5212010741233826,-0.6818132996559143,0.0829913541674614,0.07762086391448975,0.1657867431640625
578,-0.7281046509742737,-0.7873595952987671,0.028472471982240677,0.030782442539930344,0.16573606431484222
579,-0.7311825156211853,-0.807642936706543,0.03776972368359566,0.03869068622589111,0.16568531095981598
580,-0.7129393219947815,-0.762579619884491,0.023228947073221207,0.026411328464746475,0.16563445329666138
581,-0.6570720076560974,-0.807357668876648,0.07221706211566925,0.07806861400604248,0.16558361053466797
582,-0.7251309156417847,-0.8457100987434387,0.060473278164863586,0.06010589748620987,0.16553273797035217
583,-0.7294601798057556,-0.7909954786300659,0.033880941569805145,0.027654357254505157,0.16548192501068115
584,-0.7725819945335388,-0.8063380718231201,0.016333457082509995,0.017422625795006752,0.1654311865568161
585,-0.7797233462333679,-0.8704406023025513,0.045070305466651917,0.04564696550369263,0.16538062691688538
586,-0.741054892539978,-0.7865535616874695,0.02357366494834423,0.021925024688243866,0.16533005237579346
587,-0.7857765555381775,-0.8588799834251404,0.03545062243938446,0.03765277564525604,0.16527943313121796
588,-0.8147532939910889,-0.8753869533538818,0.03202926740050316,0.02860441617667675,0.16522857546806335
589,-0.8687988519668579,-0.9149084687232971,0.022134510800242424,0.023975161835551262,0.16517773270606995
590,-0.8358845114707947,-0.8975540995597839,0.03329615667462349,0.02837340719997883,0.16512686014175415
591,-0.8238316178321838,-0.8581929802894592,0.016703590750694275,0.017657771706581116,0.16507606208324432
592,-0.7953717708587646,-0.8437415957450867,0.02604261413216591,0.022327173501253128,0.1650255024433136
593,-0.8305222392082214,-0.9144582152366638,0.04243042320013046,0.04150557145476341,0.16497506201267242
594,-0.7071281671524048,-0.7745328545570374,0.03356783464550972,0.03383682295680046,0.16492456197738647
595,-0.6465693116188049,-0.7985116243362427,0.07355241477489471,0.07838989049196243,0.16487421095371246
596,-0.7847529649734497,-0.8454385995864868,0.03234844654798508,0.028337154537439346,0.16482387483119965
597,-0.7306446433067322,-0.7969083786010742,0.03517749160528183,0.031086284667253494,0.16477365791797638
598,-0.7164328098297119,-0.8090252876281738,0.045444779098033905,0.047147709876298904,0.16472335159778595
599,-0.7076680660247803,-0.7940518856048584,0.042581189423799515,0.04380260780453682,0.16467319428920746
600,-0.7155953645706177,-0.8296353816986084,0.05547107756137848,0.058568939566612244,0.1646229326725006
601,-0.8164094686508179,-0.8728068470954895,0.029449405148625374,0.026947982609272003,0.1645725816488266
602,-0.7531952261924744,-0.8595315217971802,0.05204271525144577,0.054293595254421234,0.16452230513095856
603,-0.7643862366676331,-0.8258049488067627,0.029785417020320892,0.031633295118808746,0.16447190940380096
604,-0.8148247003555298,-0.884292721748352,0.03626636043190956,0.03320164233446121,0.1644211858510971
605,-0.7685333490371704,-0.8352312445640564,0.03342493623495102,0.03327300027012825,0.16437079012393951
606,-0.8498796224594116,-0.9023188948631287,0.027110686525702477,0.02532855048775673,0.16432037949562073
607,-0.7991137504577637,-0.9212742447853088,0.05732707679271698,0.0648333802819252,0.16426987946033478
608,-0.833354651927948,-0.9068507552146912,0.03828025981783867,0.03521587327122688,0.16421963274478912
609,-0.8921376466751099,-0.9229317307472229,0.01525590568780899,0.015538153238594532,0.1641695648431778
610,-0.8373767733573914,-0.9256684184074402,0.04440285265445709,0.04388880357146263,0.16411931812763214
611,-0.8243811726570129,-0.8970762491226196,0.03713081777095795,0.03556424379348755,0.16406898200511932
612,-0.8830878734588623,-0.9366710186004639,0.02875576727092266,0.02482735551893711,0.16401880979537964
613,-0.8186609745025635,-0.8827614784240723,0.03281933069229126,0.03128116950392723,0.1639687567949295
614,-0.7196135520935059,-0.8478102684020996,0.06356185674667358,0.06463482975959778,0.16391873359680176
615,-0.7501857876777649,-0.8797871470451355,0.06263162940740585,0.06696976721286774,0.1638692021369934
616,-0.720525324344635,-0.8172589540481567,0.04930495470762253,0.0474286824464798,0.16381968557834625
617,-0.705532431602478,-0.8500872850418091,0.07264654338359833,0.07190828025341034,0.16376997530460358
618,-0.632707417011261,-0.6996691823005676,0.03496208041906357,0.031999729573726654,0.16372017562389374
619,-0.671125054359436,-0.7658289670944214,0.04684755206108093,0.047856301069259644,0.1636703759431839
620,-0.8460037112236023,-0.8965545296669006,0.025229552760720253,0.025321219116449356,0.16362076997756958
621,-0.7457730174064636,-0.8173261284828186,0.03924989327788353,0.03230323642492294,0.16357126832008362
622,-0.8066800236701965,-0.9414204955101013,0.06774909049272537,0.0669913962483406,0.16352173686027527
623,-0.8621951937675476,-0.9332201480865479,0.03500477969646454,0.036020174622535706,0.16347220540046692
624,-0.9091788530349731,-0.9937008619308472,0.04242084547877312,0.042101167142391205,0.16342279314994812
625,-0.9226295948028564,-0.9992440342903137,0.039189618080854416,0.03742482513189316,0.1633731573820114
626,-0.8324176669120789,-0.9333283305168152,0.049276940524578094,0.05163371190428734,0.1633235514163971
627,-0.7096497416496277,-0.9198369383811951,0.1025473102927208,0.10763993114233017,0.16327401995658875
628,-0.8473159670829773,-0.9288124442100525,0.04074927791953087,0.04074721038341522,0.16322451829910278
629,-0.7918204665184021,-0.8735872507095337,0.04134933277964592,0.04041741043329239,0.16317488253116608
630,-0.7691094279289246,-0.8444592952728271,0.0391768217086792,0.03617306426167488,0.1631251871585846
631,-0.6957639455795288,-0.8333378434181213,0.06975419074296951,0.06781969964504242,0.1630757749080658
632,-0.7534509897232056,-0.9159232378005981,0.08238698542118073,0.08008527755737305,0.1630265712738037
633,-0.7729865908622742,-0.85038161277771,0.04080219194293022,0.03659282997250557,0.16297750174999237
634,-0.8161243796348572,-0.8813904523849487,0.033421605825424194,0.03184441477060318,0.1629282683134079
635,-0.8072225451469421,-0.8947723507881165,0.04383975267410278,0.043710049241781235,0.16287900507450104
636,-0.7287458777427673,-0.827345073223114,0.05016201362013817,0.04843717813491821,0.16282972693443298
637,-0.8089003562927246,-0.9215717911720276,0.05377272516489029,0.058898694813251495,0.16278043389320374
638,-0.7677514553070068,-0.8777963519096375,0.05456036329269409,0.05548451840877533,0.16273105144500732
639,-0.774482250213623,-0.8104110956192017,0.018482893705368042,0.017445949837565422,0.16268177330493927
640,-0.8352904319763184,-0.9151700735092163,0.03750460967421532,0.04237504303455353,0.16263242065906525
641,-0.8896105289459229,-0.9494588971138,0.03075364977121353,0.029094694182276726,0.162583127617836
642,-0.8502405285835266,-0.9651147723197937,0.06068514287471771,0.054189085960388184,0.16253384947776794
643,-0.886772871017456,-0.9382414221763611,0.02836974710226059,0.02309884876012802,0.16248473525047302
644,-0.9515010118484497,-0.9917967319488525,0.021953608840703964,0.018342114984989166,0.16243568062782288
645,-0.8508801460266113,-0.9264225363731384,0.03702300041913986,0.038519375026226044,0.1623867005109787
646,-0.903304398059845,-0.9675144553184509,0.034572113305330276,0.02963791787624359,0.1623377650976181
647,-0.9158939123153687,-0.9845885634422302,0.03508560359477997,0.03360902518033981,0.1622886210680008
648,-0.8266381025314331,-0.887263834476471,0.03177085518836975,0.028854850679636,0.16223956644535065
649,-0.7559720873832703,-0.8596867322921753,0.05164957046508789,0.05206505209207535,0.1621907502412796
650,-0.7348193526268005,-0.7946935296058655,0.031517110764980316,0.028357084840536118,0.16214188933372498
651,-0.8066433072090149,-0.904113233089447,0.04872441291809082,0.04874550551176071,0.16209304332733154
652,-0.8304541110992432,-0.9071735739707947,0.037595149129629135,0.03912428766489029,0.16204436123371124
653,-0.691789984703064,-0.7961681485176086,0.05002997815608978,0.054348185658454895,0.1619957536458969
654,-0.7593733072280884,-0.8453861474990845,0.04133825749158859,0.0446745865046978,0.1619468778371811
655,-0.7451696395874023,-0.8687208294868469,0.06167890876531601,0.06187233328819275,0.16189800202846527
656,-0.7914759516716003,-0.8442916870117188,0.028206348419189453,0.024609368294477463,0.16184937953948975
657,-0.7460989952087402,-0.859534740447998,0.05599520727992058,0.05744054540991783,0.16180060803890228
658,-0.7948451042175293,-0.8545316457748413,0.03013784810900688,0.029548712074756622,0.16175179183483124
659,-0.8397796154022217,-0.9368584156036377,0.04674166440963745,0.050337113440036774,0.16170313954353333
660,-0.7407763600349426,-0.9118049740791321,0.08401968330144882,0.08700896799564362,0.16165447235107422
661,-0.8240711688995361,-0.8907604217529297,0.033367056399583817,0.03332223743200302,0.16160590946674347
662,-0.8292673230171204,-0.914593517780304,0.043832942843437195,0.0414932444691658,0.1615573614835739
663,-0.8173069953918457,-0.9489706754684448,0.06857973337173462,0.0630839392542839,0.16150875389575958
664,-0.866374671459198,-0.9397440552711487,0.03638263791799545,0.03698677569627762,0.16146038472652435
665,-0.8851412534713745,-0.9503382444381714,0.03368803858757019,0.0315089076757431,0.1614118367433548
666,-0.7939949035644531,-0.9510421752929688,0.08009838312864304,0.07694888114929199,0.1613633632659912
667,-0.838424026966095,-0.9342089891433716,0.047295186668634415,0.048489730805158615,0.1613149344921112
668,-0.7713644504547119,-0.8705710768699646,0.04867630824446678,0.050530314445495605,0.16126662492752075
669,-0.7889983654022217,-0.8530253767967224,0.03211677074432373,0.03191026672720909,0.16121818125247955
670,-0.7060509920120239,-0.8565899729728699,0.07614251971244812,0.0743965208530426,0.1611696183681488
671,-0.7758936882019043,-0.876609742641449,0.04916159808635712,0.051554445177316666,0.16112099587917328
672,-0.7486168742179871,-0.9092079401016235,0.07573563605546951,0.08485542237758636,0.1610725373029709
673,-0.8289006948471069,-0.9186320304870605,0.046038590371608734,0.043692782521247864,0.16102413833141327
674,-0.8582426309585571,-0.9230985641479492,0.032884977757930756,0.03197098895907402,0.16097572445869446
675,-0.841958224773407,-0.9272032380104065,0.04338497295975685,0.04186002537608147,0.16092751920223236
676,-0.8169263601303101,-0.8829372525215149,0.033092107623815536,0.03291880339384079,0.16087928414344788
677,-0.9052061438560486,-0.9950706958770752,0.04619239643216133,0.043672144412994385,0.16083110868930817
678,-0.938949704170227,-0.9916968941688538,0.027376636862754822,0.02537056803703308,0.16078297793865204
679,-0.7997907400131226,-0.8853812217712402,0.0417996384203434,0.0437907911837101,0.16073502600193024
680,-0.8754855990409851,-0.9426429867744446,0.03374498337507248,0.0334123931825161,0.1606871485710144
681,-0.808899462223053,-0.9268484115600586,0.05906430631875992,0.0588846430182457,0.1606389880180359
682,-0.9737388491630554,-1.00608491897583,0.016905896365642548,0.015440192073583603,0.16059117019176483
683,-0.916664183139801,-0.9890947341918945,0.03765362501144409,0.03477691113948822,0.16054339706897736
684,-0.9257825613021851,-1.011612057685852,0.04674118384718895,0.03908829763531685,0.16049550473690033
685,-0.8647922277450562,-0.9260971546173096,0.02806255593895912,0.0332423634827137,0.1604473739862442
686,-0.8552838563919067,-0.96101975440979,0.050863973796367645,0.054871946573257446,0.1603991836309433
687,-0.7346173524856567,-0.8556051850318909,0.0634048581123352,0.057582978159189224,0.1603512167930603
688,-0.9367634057998657,-0.998213529586792,0.032011959701776505,0.029438132420182228,0.1603032946586609
689,-0.7451660633087158,-0.8807976245880127,0.06894706189632416,0.06668446213006973,0.16025526821613312
690,-0.7921648025512695,-0.9178307056427002,0.06465413421392441,0.061011817306280136,0.16020725667476654
691,-0.8777995705604553,-0.9271273016929626,0.027056444436311722,0.022271249443292618,0.16015926003456116
692,-0.823845624923706,-0.9386043548583984,0.05952030047774315,0.05523841828107834,0.1601111888885498
693,-0.9020741581916809,-0.9935952425003052,0.04407745227217674,0.047443609684705734,0.16006290912628174
694,-0.8341482877731323,-0.8997154831886292,0.035025741904973984,0.03054150380194187,0.16001470386981964
695,-0.8752298355102539,-0.9269551634788513,0.026808995753526688,0.02491636946797371,0.15996648371219635
696,-0.8040909767150879,-0.9532889127731323,0.0801982656121254,0.06899967789649963,0.15991806983947754
697,-0.7247146368026733,-0.8672425746917725,0.07104256749153137,0.07148537784814835,0.15986986458301544
698,-0.8349480628967285,-0.9340277910232544,0.04929038882255554,0.04978930950164795,0.1598219871520996
699,-0.864282488822937,-0.9370231628417969,0.04030388593673706,0.03243676573038101,0.15977409482002258
700,-0.8116459846496582,-0.935729444026947,0.06079123169183731,0.06329218298196793,0.15972615778446198
701,-0.8750751614570618,-0.9812420606613159,0.05330716073513031,0.05285970866680145,0.1596783548593521
702,-0.7104561924934387,-0.8560718297958374,0.07120003551244736,0.0744156464934349,0.1596306413412094
703,-0.8157099485397339,-0.8917507529258728,0.039701785892248154,0.036339014768600464,0.15958282351493835
704,-0.8320569396018982,-0.9350457191467285,0.04827570542693138,0.05471305921673775,0.15953505039215088
705,-0.8388965725898743,-0.9982060194015503,0.07927912473678589,0.08003032207489014,0.15948733687400818
706,-0.7823625206947327,-0.8603575229644775,0.0446304976940155,0.033364471048116684,0.15943977236747742
707,-0.8576439619064331,-0.9277688264846802,0.03392677754163742,0.036198049783706665,0.15939228236675262
708,-0.8283792734146118,-0.9113988280296326,0.04410742223262787,0.03891214355826378,0.1593448668718338
709,-0.9366135597229004,-1.0184051990509033,0.03622584789991379,0.04556579887866974,0.1592974066734314
710,-0.8696799874305725,-0.9505890607833862,0.0381227508187294,0.04278632625937462,0.15925012528896332
711,-0.8747333288192749,-0.9319506287574768,0.029800504446029663,0.027416830882430077,0.15920263528823853
712,-0.9829612374305725,-1.0472432374954224,0.02849925123155117,0.035782765597105026,0.15915516018867493
713,-0.9140137434005737,-1.026989221572876,0.05239114165306091,0.06058431416749954,0.15910787880420685
714,-0.9110971093177795,-0.9840500950813293,0.03395148739218712,0.039001502096652985,0.15906073153018951
715,-0.91190505027771,-0.9849613904953003,0.03862353414297104,0.034432850778102875,0.15901370346546173
716,-0.9041690230369568,-0.9528409242630005,0.02404710464179516,0.024624813348054886,0.15896645188331604
717,-0.9050916433334351,-0.985036313533783,0.03639426827430725,0.04355039447546005,0.15891936421394348
718,-0.8263753056526184,-0.9426250457763672,0.06070728972554207,0.055542465299367905,0.15887229144573212
719,-0.6954632997512817,-0.8239423632621765,0.0652468129992485,0.06323225051164627,0.1588253527879715
720,-0.9042298793792725,-0.9494313597679138,0.023045923560857773,0.022155608981847763,0.15877844393253326
721,-0.9130587577819824,-0.993784487247467,0.039577826857566833,0.0411478690803051,0.15873147547245026
722,-0.8624712228775024,-0.9662627577781677,0.05294361710548401,0.050847865641117096,0.15868468582630157
723,-0.7209531664848328,-0.8925158381462097,0.08295734226703644,0.08860533684492111,0.15863773226737976
724,-0.7401583194732666,-0.8376955389976501,0.04808967933058739,0.04944750666618347,0.1585906744003296
725,-0.9659635424613953,-1.0247721672058105,0.029216883704066277,0.029591744765639305,0.1585434228181839
726,-0.7835028767585754,-0.9183257818222046,0.06999991834163666,0.06482294946908951,0.15849606692790985
727,-0.9406180381774902,-1.0381863117218018,0.0499020516872406,0.04766620695590973,0.15844878554344177
728,-0.828056275844574,-0.9427592158317566,0.0546836219727993,0.060019295662641525,0.15840142965316772
729,-0.9207492470741272,-1.0402464866638184,0.0626126378774643,0.05688456818461418,0.1583542376756668
730,-0.8713104724884033,-1.0528407096862793,0.08889483660459518,0.09263541549444199,0.15830713510513306
731,-0.9354619979858398,-1.0458753108978271,0.05544661730527878,0.054966673254966736,0.15825991332530975
732,-0.8864197134971619,-1.0324584245681763,0.07503195106983185,0.07100676000118256,0.15821288526058197
733,-0.8128511905670166,-1.0054978132247925,0.09439752250909805,0.09824909269809723,0.1581660956144333
734,-0.9526713490486145,-1.0242654085159302,0.03407835215330124,0.03751569241285324,0.15811920166015625
735,-0.8833693861961365,-0.9370076656341553,0.02805575169622898,0.02558254264295101,0.1580723226070404
736,-0.8366230726242065,-0.9573897123336792,0.06114737689495087,0.05961921811103821,0.1580253541469574
737,-0.9577507376670837,-1.0240237712860107,0.03110191784799099,0.03517106547951698,0.1579783409833908
738,-0.818252682685852,-0.8912010788917542,0.04151657596230507,0.03143179044127464,0.15793105959892273
739,-0.828777551651001,-0.9701022505760193,0.06696289032697678,0.07436177879571915,0.15788400173187256
740,-0.7592974901199341,-0.8691267967224121,0.05274089798331261,0.0570884570479393,0.15783704817295074
741,-0.9684329032897949,-1.0442636013031006,0.03659569472074509,0.03923498094081879,0.15779012441635132
742,-0.8455379009246826,-0.9342553615570068,0.04294949024915695,0.04576795548200607,0.1577431559562683
743,-0.8406634330749512,-0.9029988050460815,0.03152194246649742,0.03081345744431019,0.15769614279270172
744,-0.8942453265190125,-0.9723371863365173,0.042086001485586166,0.036005858331918716,0.15764953196048737
745,-0.8505644798278809,-1.0199731588363647,0.08216238021850586,0.08724631369113922,0.1576031744480133
746,-0.9482642412185669,-1.031440019607544,0.04211832955479622,0.04105745628476143,0.15755696594715118
747,-0.8979280591011047,-0.956821084022522,0.030732689425349236,0.02816031128168106,0.15751050412654877
748,-0.9383646845817566,-1.044172763824463,0.053774844855070114,0.05203322321176529,0.15746377408504486
749,-0.910392165184021,-1.0464917421340942,0.06961461901664734,0.0664849504828453,0.1574171483516693
750,-0.9046906232833862,-1.0567553043365479,0.07752189040184021,0.07454273104667664,0.1573706567287445
751,-0.881553590297699,-0.9626416563987732,0.039241377264261246,0.041846681386232376,0.15732459723949432
752,-0.8878369927406311,-0.995021402835846,0.05125424265861511,0.05593018978834152,0.15727844834327698
753,-0.8634653687477112,-0.9685630798339844,0.05167847126722336,0.05341923236846924,0.1572323590517044
754,-0.8157202005386353,-0.874064564704895,0.028234105557203293,0.030110210180282593,0.1571861356496811
755,-0.8098611831665039,-0.9155458211898804,0.05460052192211151,0.05108412355184555,0.1571398228406906
756,-0.8911495804786682,-1.0059312582015991,0.05869967117905617,0.05608203262090683,0.15709340572357178
757,-0.8618029952049255,-0.9674729704856873,0.054139070212841034,0.05153091251850128,0.15704646706581116
758,-0.9231516718864441,-0.9828554391860962,0.027136504650115967,0.03256727755069733,0.15699957311153412
759,-0.973720908164978,-1.0206379890441895,0.02356058917939663,0.023356497287750244,0.15695281326770782
760,-0.9746479988098145,-1.1199954748153687,0.07033552974462509,0.0750119686126709,0.15690608322620392
761,-0.9444419145584106,-1.0720254182815552,0.06498795747756958,0.06259545683860779,0.15685956180095673
762,-0.93082594871521,-1.043916940689087,0.05821410194039345,0.05487685650587082,0.15681327879428864
763,-0.9164326190948486,-1.0804892778396606,0.08114049583673477,0.08291615545749664,0.15676714479923248
764,-1.0049715042114258,-1.0816645622253418,0.03684656694531441,0.039846498519182205,0.15672120451927185
765,-1.0433754920959473,-1.1423436403274536,0.04654831066727638,0.05241973698139191,0.15667526423931122
766,-0.9905717372894287,-1.088576316833496,0.04796243831515312,0.05004214867949486,0.15662914514541626
767,-0.9260160326957703,-1.0507173538208008,0.06463386863470078,0.06006748974323273,0.1565828174352646
768,-0.918300986289978,-0.9835663437843323,0.032474346458911896,0.03279104083776474,0.15653632581233978
769,-0.9484299421310425,-1.0384044647216797,0.046157512813806534,0.043816983699798584,0.15648992359638214
770,-0.9432246685028076,-1.008712887763977,0.03562518209218979,0.029863061383366585,0.15644358098506927
771,-0.8970510959625244,-0.962367594242096,0.03416982665657997,0.031146623194217682,0.1563972383737564
772,-0.8630849719047546,-0.9778497219085693,0.05823453515768051,0.056530244648456573,0.15635083615779877
773,-0.7318490147590637,-0.9094303250312805,0.08970674127340317,0.08787460625171661,0.1563042402267456
774,-0.9374989867210388,-0.9974003434181213,0.03272545710206032,0.027175894007086754,0.15625740587711334
775,-0.9622135162353516,-1.0466370582580566,0.04276376590132713,0.04165983945131302,0.15621082484722137
776,-0.999050498008728,-1.0579688549041748,0.0285247303545475,0.030393585562705994,0.15616430342197418
777,-0.9900422096252441,-1.0979313850402832,0.05492393672466278,0.052965305745601654,0.15611782670021057
778,-0.8537348508834839,-1.088090181350708,0.11176469177007675,0.12259069085121155,0.15607108175754547
779,-0.8476681709289551,-0.9776090979576111,0.06717964261770248,0.06276129186153412,0.15602464973926544
780,-0.9257991909980774,-1.0147511959075928,0.04667472839355469,0.04227730259299278,0.15597820281982422
781,-1.0104986429214478,-1.112098217010498,0.05065532773733139,0.05094422027468681,0.1559317260980606
782,-0.9709305763244629,-1.0587058067321777,0.04213033244013786,0.0456448495388031,0.15588544309139252
783,-0.9699468612670898,-1.0668113231658936,0.04595945030450821,0.05090497434139252,0.15583951771259308
784,-0.7993596792221069,-0.9012812972068787,0.053316522389650345,0.04860507324337959,0.15579365193843842
785,-0.8901100754737854,-0.9691174626350403,0.036205850541591644,0.042801544070243835,0.15574784576892853
786,-0.95391845703125,-1.030846118927002,0.04070087894797325,0.036226820200681686,0.15570245683193207
787,-0.9457845091819763,-1.037396788597107,0.04833950102329254,0.04327280819416046,0.15565700829029083
788,-0.8714274764060974,-1.00027334690094,0.06476274877786636,0.06408308446407318,0.15561175346374512
789,-0.813336968421936,-0.9547669291496277,0.06865843385457993,0.07277152687311172,0.15556691586971283
790,-0.8713957071304321,-0.9988481998443604,0.061189841479063034,0.06626267731189728,0.15552233159542084
791,-0.8708540201187134,-0.9385582208633423,0.03611079230904579,0.03159339353442192,0.15547797083854675
792,-0.8985337615013123,-1.0226691961288452,0.056801166385412216,0.06733427196741104,0.15543323755264282
793,-1.0379120111465454,-1.1277403831481934,0.046121805906295776,0.0437065027654171,0.15538865327835083
794,-0.8788807392120361,-1.01348078250885,0.06522273272275925,0.06937729567289352,0.155344158411026
795,-0.9280881881713867,-1.0267481803894043,0.050147973001003265,0.048512052744627,0.15529945492744446
796,-0.8679076433181763,-1.0340129137039185,0.0795373022556305,0.08656802773475647,0.15525472164154053
797,-0.9231301546096802,-1.101378083229065,0.08914856612682343,0.08909937739372253,0.1552099734544754
798,-0.8645970225334167,-1.020936131477356,0.08328042924404144,0.07305864989757538,0.1551651805639267
799,-0.9625154733657837,-1.0622587203979492,0.05346604809165001,0.04627719521522522,0.15512007474899292
800,-1.0079631805419922,-1.0637065172195435,0.02850848063826561,0.027234883978962898,0.15507490932941437
801,-0.9799190759658813,-1.1033520698547363,0.05733853206038475,0.06609451770782471,0.15502993762493134
802,-0.8513026833534241,-1.0504777431488037,0.10087576508522034,0.09829934686422348,0.1549852043390274
803,-0.9180781841278076,-1.0784589052200317,0.08124905079603195,0.07913165539503098,0.1549403965473175
804,-0.9616736173629761,-1.0218071937561035,0.0301470085978508,0.029986543580889702,0.15489555895328522
805,-0.8203955888748169,-0.9539912939071655,0.06180347502231598,0.07179221510887146,0.15485064685344696
806,-0.8278673887252808,-0.9639124870300293,0.06851445138454437,0.06753062456846237,0.1548057496547699
807,-0.9318247437477112,-0.9978314638137817,0.03208445385098457,0.033922236412763596,0.15476103127002716
808,-0.8429110050201416,-0.9626209735870361,0.06049356237053871,0.059216372668743134,0.15471604466438293
809,-0.9342487454414368,-1.0518136024475098,0.05945780128240585,0.058107078075408936,0.15467098355293274
810,-0.9155704975128174,-1.0501028299331665,0.06402268260717392,0.07050969451665878,0.15462590754032135
811,-0.9251060485839844,-1.0178898572921753,0.04887590557336807,0.04390786215662956,0.15458081662654877
812,-0.9203639030456543,-0.9984913468360901,0.03719620034098625,0.04093122109770775,0.15453580021858215
813,-0.8765878081321716,-0.9605960845947266,0.04130453243851662,0.0427037738263607,0.15449078381061554
814,-0.9119065403938293,-1.043044090270996,0.06486998498439789,0.06626753509044647,0.1544458419084549
815,-0.9597727060317993,-1.0694167613983154,0.05273472145199776,0.056909337639808655,0.15440057218074799
816,-0.8894913196563721,-1.0356519222259521,0.07042248547077179,0.07573811709880829,0.15435542166233063
817,-0.969868540763855,-1.1119152307510376,0.07010425627231598,0.07194244861602783,0.1543102264404297
818,-0.9493153691291809,-1.0171716213226318,0.03177570551633835,0.036080531775951385,0.15426518023014069
819,-0.9634982943534851,-1.0753320455551147,0.05563163384795189,0.05620211362838745,0.15422016382217407
820,-0.9009870886802673,-1.080106496810913,0.08691536635160446,0.0922040119767189,0.15417516231536865
821,-0.8236142992973328,-1.0814014673233032,0.12606969475746155,0.1317175030708313,0.15413011610507965
822,-0.9949317574501038,-1.1298789978027344,0.06487011164426804,0.07007711380720139,0.1540852040052414
823,-0.9809026718139648,-1.0749682188034058,0.0490400567650795,0.04502546042203903,0.15404006838798523
824,-0.9337701797485352,-1.0703426599502563,0.06795776635408401,0.06861470639705658,0.1539950668811798
825,-0.996614396572113,-1.1095423698425293,0.057787224650382996,0.05514078587293625,0.15395016968250275
826,-0.9676543474197388,-1.0913447141647339,0.06059098243713379,0.06309938430786133,0.15390542149543762
827,-0.7853335738182068,-0.9470738172531128,0.07952217757701874,0.08221806585788727,0.1538609266281128
828,-0.8192014694213867,-1.0269579887390137,0.10494081676006317,0.1028156727552414,0.15381669998168945
829,-1.003825068473816,-1.0900081396102905,0.04157735034823418,0.04460572078824043,0.15377222001552582
830,-1.0465103387832642,-1.1404608488082886,0.04573547840118408,0.04821508005261421,0.1537274569272995
831,-0.9827480316162109,-1.1268998384475708,0.0727783739566803,0.07137347757816315,0.15368251502513885
832,-0.932214081287384,-1.1157779693603516,0.09282737225294113,0.09073654562234879,0.15363775193691254
833,-0.8956578373908997,-1.0755854845046997,0.08815908432006836,0.09176858514547348,0.15359275043010712
834,-1.006665825843811,-1.1543906927108765,0.07432477176189423,0.073400117456913,0.1535477340221405
835,-1.1115405559539795,-1.176682472229004,0.03222671151161194,0.03291521221399307,0.15350258350372314
836,-1.0703946352005005,-1.2261618375778198,0.0731668546795845,0.08260038495063782,0.15345758199691772
837,-0.9594177007675171,-1.0913455486297607,0.06755836308002472,0.06436941027641296,0.1534125655889511
838,-0.8851932287216187,-1.0706017017364502,0.08801043778657913,0.09739803522825241,0.1533675640821457
839,-1.0140570402145386,-1.1308465003967285,0.05969279259443283,0.057096730917692184,0.1533227264881134
840,-0.9781402945518494,-1.153894305229187,0.09055043011903763,0.08520358800888062,0.15327805280685425
841,-0.9408189058303833,-1.084214687347412,0.06875871866941452,0.07463707774877548,0.15323340892791748
842,-0.9536422491073608,-1.0276378393173218,0.03777695819735527,0.03621866554021835,0.1531888097524643
843,-0.8380495309829712,-1.113149881362915,0.14213743805885315,0.13296297192573547,0.1531442552804947
844,-0.894028902053833,-1.0234756469726562,0.0637388676404953,0.06570786982774734,0.153099924325943
845,-0.9666749238967896,-1.0640891790390015,0.05137436091899872,0.04603991284966469,0.15305501222610474
846,-0.9328283071517944,-1.0498640537261963,0.06239975616335869,0.054636016488075256,0.1530100703239441
847,-1.0097684860229492,-1.0834914445877075,0.03766234591603279,0.03606053441762924,0.1529652178287506
848,-0.8245825171470642,-0.9259281158447266,0.05072405934333801,0.050621580332517624,0.15292027592658997
849,-0.9682096242904663,-1.0960015058517456,0.06480222940444946,0.06298957765102386,0.15287519991397858
850,-0.9335498809814453,-1.0701926946640015,0.06825385987758636,0.068388931453228,0.1528303474187851
851,-1.037048101425171,-1.1156482696533203,0.03830898925662041,0.040291186422109604,0.15278543531894684
852,-1.0045568943023682,-1.116052269935608,0.05271076783537865,0.058784566819667816,0.15274067223072052
853,-1.0455820560455322,-1.133237361907959,0.04197585582733154,0.04567943885922432,0.15269602835178375
854,-1.0794552564620972,-1.2053806781768799,0.06680189818143845,0.05912349000573158,0.15265139937400818
855,-1.0401357412338257,-1.1780335903167725,0.06968145817518234,0.06821644306182861,0.15260684490203857
856,-1.072155475616455,-1.184627890586853,0.057420846074819565,0.05505162477493286,0.15256190299987793
857,-0.978424608707428,-1.1244078874588013,0.07483696192502975,0.07114630937576294,0.15251721441745758
858,-1.0071992874145508,-1.1066035032272339,0.04945303127169609,0.04995125159621239,0.15247249603271484
859,-1.0865315198898315,-1.2371360063552856,0.07511638104915619,0.0754881277680397,0.15242786705493927
860,-1.0025864839553833,-1.1221318244934082,0.06028498336672783,0.05926042050123215,0.1523834466934204
861,-0.9341503977775574,-1.0561559200286865,0.0620231069624424,0.05998243764042854,0.152338907122612
862,-1.0696178674697876,-1.1562902927398682,0.04157949611544609,0.04509291052818298,0.1522946059703827
863,-0.7208547592163086,-1.0526893138885498,0.16717123985290527,0.16466329991817474,0.15225033462047577
864,-0.9616436958312988,-1.0788099765777588,0.056634679436683655,0.06053159013390541,0.1522061824798584
865,-0.9000267386436462,-1.079430103302002,0.08816488832235336,0.09123849868774414,0.1521623581647873
866,-0.9119323492050171,-1.0860449075698853,0.0855911374092102,0.08852134644985199,0.15211832523345947
867,-0.9250859022140503,-1.0983108282089233,0.08279579877853394,0.09042918682098389,0.1520744115114212
868,-0.9673968553543091,-1.1039091348648071,0.06457890570163727,0.07193340361118317,0.1520303338766098
869,-1.02788507938385,-1.1844418048858643,0.07783164083957672,0.07872514426708221,0.1519862413406372
870,-0.7198216319084167,-1.038453221321106,0.15618346631526947,0.16244810819625854,0.1519421637058258
871,-1.0031877756118774,-1.1128772497177124,0.052012257277965546,0.05767723172903061,0.15189789235591888
872,-1.0264841318130493,-1.1535791158676147,0.06505937874317169,0.06203558295965195,0.15185372531414032
873,-1.0453391075134277,-1.1214717626571655,0.04094402864575386,0.03518863022327423,0.15180951356887817
874,-0.9094929099082947,-1.0969312191009521,0.09359072148799896,0.09384758025407791,0.151765376329422
875,-0.9435581564903259,-1.0756644010543823,0.06594201177358627,0.06616421788930893,0.15172140300273895
876,-0.8699416518211365,-1.050418734550476,0.09286041557788849,0.08761667460203171,0.15167701244354248
877,-1.0154914855957031,-1.1054646968841553,0.045084450393915176,0.04488876834511757,0.15163269639015198
878,-1.0071923732757568,-1.082382082939148,0.03722456470131874,0.03796521574258804,0.15158800780773163
879,-1.0260543823242188,-1.1548320055007935,0.06683603674173355,0.06194157153367996,0.15154339373111725
880,-0.9693887233734131,-1.1383508443832397,0.08748926222324371,0.08147288113832474,0.1514987200498581
881,-1.0627845525741577,-1.222588062286377,0.0818295031785965,0.07797396183013916,0.1514539271593094
882,-0.8973667025566101,-1.035703420639038,0.06899154931306839,0.0693451538681984,0.151409313082695
883,-0.948176920413971,-1.0551749467849731,0.05501933768391609,0.05197865515947342,0.15136483311653137
884,-0.924688458442688,-1.089223027229309,0.07999498397111893,0.0845395028591156,0.15132050216197968
885,-0.9629880785942078,-1.0676671266555786,0.05584404990077019,0.04883497953414917,0.1512758731842041
886,-0.8783977627754211,-1.0745831727981567,0.10257000476121902,0.09361542761325836,0.15123115479946136
887,-0.9302701950073242,-1.080933928489685,0.07406263053417206,0.07660114020109177,0.15118657052516937
888,-0.8993369340896606,-1.0569026470184326,0.08577597141265869,0.07178972661495209,0.15114198625087738
889,-0.9530417919158936,-1.1021082401275635,0.07557728886604309,0.0734892189502716,0.15109746158123016
890,-0.959924578666687,-1.1231715679168701,0.08736492693424225,0.07588204741477966,0.15105313062667847
891,-0.9962913990020752,-1.115185260772705,0.05855119600892067,0.0603426992893219,0.15100888907909393
892,-1.0920737981796265,-1.2529460191726685,0.078060582280159,0.0828116163611412,0.15096493065357208
893,-1.0048904418945312,-1.178953766822815,0.08884778618812561,0.08521556854248047,0.15092109143733978
894,-0.9193223714828491,-1.1424779891967773,0.10904669761657715,0.11410889774560928,0.15087732672691345
895,-1.0376207828521729,-1.1927764415740967,0.0776124969124794,0.07754313945770264,0.15083357691764832
896,-1.0375802516937256,-1.1809288263320923,0.07187660038471222,0.07147186994552612,0.1507897824048996
897,-1.143130898475647,-1.2461435794830322,0.05291649326682091,0.05009609833359718,0.15074601769447327
898,-1.0830894708633423,-1.1925859451293945,0.05502006411552429,0.054476428776979446,0.15070226788520813
899,-0.7838258147239685,-1.1055662631988525,0.16810323297977448,0.15363721549510956,0.15065832436084747
900,-0.9037681818008423,-1.1248667240142822,0.11159586906433105,0.10950268059968948,0.1506144255399704
901,-0.9373529553413391,-1.0480488538742065,0.05809443071484566,0.05260145291686058,0.15057024359703064
902,-0.9652681946754456,-1.1406114101409912,0.09275156259536743,0.08259172737598419,0.15052588284015656
903,-0.905303418636322,-1.041693925857544,0.06775037199258804,0.06864012777805328,0.1504814773797989
904,-0.8114429712295532,-1.009985327720642,0.10097166150808334,0.09757071733474731,0.15043702721595764
905,-0.9017127752304077,-1.0573914051055908,0.07379364222288132,0.0818849503993988,0.15039297938346863
906,-0.7747060656547546,-0.9778637290000916,0.10571069270372391,0.09744696319103241,0.15034906566143036
907,-0.8422234058380127,-0.9585776329040527,0.06044101342558861,0.055913183838129044,0.15030537545681
908,-0.863791823387146,-1.0529708862304688,0.09563881903886795,0.09354028105735779,0.1502620279788971
909,-0.8914933800697327,-1.0954993963241577,0.1019061803817749,0.10209985077381134,0.15021875500679016
910,-1.0200554132461548,-1.14316987991333,0.06322237849235535,0.05989206209778786,0.15017567574977875
911,-0.9493390917778015,-1.0720856189727783,0.05952855944633484,0.06321796029806137,0.15013250708580017
912,-0.798868715763092,-1.0408656597137451,0.12610144913196564,0.11589549481868744,0.15008921921253204
913,-1.0109076499938965,-1.1802620887756348,0.08080436289310455,0.0885501429438591,0.1500459909439087
914,-1.0911738872528076,-1.2049976587295532,0.05532793700695038,0.058495908975601196,0.1500026136636734
915,-0.9722307920455933,-1.1959559917449951,0.11261680722236633,0.11110839992761612,0.149958997964859
916,-1.0291250944137573,-1.1272423267364502,0.04861417040228844,0.04950312152504921,0.1499154418706894
917,-0.9534837007522583,-1.2131433486938477,0.13335099816322327,0.12630867958068848,0.14987188577651978
918,-0.9605975151062012,-1.0998804569244385,0.07722119241952896,0.062061794102191925,0.1498280167579651
919,-1.0785330533981323,-1.1485490798950195,0.03975348547101021,0.03026263415813446,0.14978422224521637
920,-1.0222396850585938,-1.1329641342163086,0.06025027483701706,0.0504741370677948,0.1497405469417572
921,-0.998722493648529,-1.1554926633834839,0.07928603142499924,0.07748417556285858,0.14969675242900848
922,-0.9928380846977234,-1.1897954940795898,0.10635936260223389,0.09059802442789078,0.14965292811393738
923,-0.9574940204620361,-1.1234440803527832,0.08193269371986389,0.08401739597320557,0.14960937201976776
924,-0.8238922357559204,-1.0305067300796509,0.10218583047389984,0.10442864894866943,0.14956562221050262
925,-1.0349669456481934,-1.110437273979187,0.041057929396629333,0.03441237285733223,0.14952200651168823
926,-1.035527229309082,-1.1265466213226318,0.05007558688521385,0.04094383865594864,0.14947839081287384
927,-0.8795170783996582,-1.0499600172042847,0.08543016761541367,0.08501282334327698,0.14943431317806244
928,-0.9827547669410706,-1.1419429779052734,0.0840785801410675,0.07510967552661896,0.14939044415950775
929,-1.0551937818527222,-1.1766407489776611,0.060118552297353745,0.061328452080488205,0.1493467539548874
930,-0.6433781385421753,-1.0173008441925049,0.19305357336997986,0.18086910247802734,0.14930348098278046
931,-0.9350900650024414,-1.101143717765808,0.09006918966770172,0.07598444819450378,0.14926041662693024
932,-1.0947341918945312,-1.193040132522583,0.04970845952630043,0.048597417771816254,0.1492173969745636
933,-0.933519184589386,-1.133749008178711,0.09857024252414703,0.10165960341691971,0.14917442202568054
934,-0.9306772351264954,-1.1653932332992554,0.12120987474918365,0.11350611597299576,0.14913122355937958
935,-1.0766206979751587,-1.1904082298278809,0.06040635704994202,0.053381193429231644,0.14908801019191742
936,-1.1794698238372803,-1.2733551263809204,0.051247820258140564,0.04263743385672569,0.1490452140569687
937,-0.8826636672019958,-1.1226553916931152,0.1228473037481308,0.11714442074298859,0.1490025818347931
938,-1.1121773719787598,-1.2044886350631714,0.04987465217709541,0.04243655502796173,0.14896000921726227
939,-0.9473543167114258,-1.1835613250732422,0.1220487579703331,0.1141582727432251,0.1489172875881195
940,-0.828934907913208,-1.0347181558609009,0.10551657527685165,0.10026669502258301,0.1488744020462036
941,-0.9450298547744751,-1.1019880771636963,0.08088543266057968,0.0760727971792221,0.14883147180080414
942,-1.0153322219848633,-1.1375175714492798,0.06726003438234329,0.05492527782917023,0.14878833293914795
943,-1.015989065170288,-1.1199877262115479,0.052704598754644394,0.051294129341840744,0.1487453132867813
944,-0.8500681519508362,-1.0654617547988892,0.10876089334487915,0.10663270205259323,0.1487024426460266
945,-1.0725055932998657,-1.171041488647461,0.05019720271229744,0.048338692635297775,0.14865954220294952
946,-0.9151813387870789,-1.037793517112732,0.06247846782207489,0.060133710503578186,0.14861653745174408
947,-0.9634400010108948,-1.161872386932373,0.1008220762014389,0.09761028736829758,0.1485736072063446
948,-0.876185953617096,-1.1107908487319946,0.1138482540845871,0.12075662612915039,0.14853070676326752
949,-1.090172290802002,-1.237842321395874,0.07172556221485138,0.0759444609284401,0.14848774671554565
950,-1.1715757846832275,-1.2797071933746338,0.0568913072347641,0.05124006047844887,0.14844472706317902
951,-1.0960793495178223,-1.1624674797058105,0.036734987050294876,0.029653137549757957,0.14840185642242432
952,-1.0254143476486206,-1.1886250972747803,0.08804921805858612,0.07516156882047653,0.1483592689037323
953,-1.0799250602722168,-1.2234669923782349,0.07345035672187805,0.07009156048297882,0.14831678569316864
954,-1.1102807521820068,-1.229055404663086,0.06010742485523224,0.05866716802120209,0.1482742875814438
955,-1.134626865386963,-1.2758103609085083,0.07462279498577118,0.06656070053577423,0.148231640458107
956,-1.0116630792617798,-1.1671112775802612,0.07858787477016449,0.07686029374599457,0.14818906784057617
957,-1.019919514656067,-1.1399340629577637,0.058513615280389786,0.06150093302130699,0.14814616739749908
958,-1.148128628730774,-1.2345584630966187,0.04482487589120865,0.04160502552986145,0.14810362458229065
959,-1.075696587562561,-1.2007428407669067,0.06390003114938736,0.06114624813199043,0.14806093275547028
960,-0.9621471762657166,-1.0909465551376343,0.07353197783231735,0.05526740849018097,0.14801816642284393
961,-1.0398213863372803,-1.1553937196731567,0.05827272683382034,0.05729961395263672,0.14797534048557281
962,-1.0233079195022583,-1.1322177648544312,0.05372629314661026,0.05518348515033722,0.14793266355991364
963,-0.8880437016487122,-1.1367851495742798,0.123537078499794,0.12520438432693481,0.14788983762264252
964,-0.8881491422653198,-1.1229597330093384,0.11436623334884644,0.1204444095492363,0.14784705638885498
965,-0.9057109355926514,-1.108819842338562,0.09995143860578537,0.10315750539302826,0.14780431985855103
966,-0.898857593536377,-1.068943738937378,0.09140466153621674,0.07868143916130066,0.147761732339859
967,-1.022071123123169,-1.160775899887085,0.06783518195152283,0.07086953520774841,0.14771948754787445
968,-0.7768435478210449,-0.952112078666687,0.0907844603061676,0.08448411524295807,0.14767752587795258
969,-0.7978782057762146,-0.9981645941734314,0.10390555113554001,0.096380814909935,0.14763544499874115
970,-0.7408406734466553,-0.9428920149803162,0.10157656669616699,0.1004747748374939,0.1475931704044342
971,-0.8927570581436157,-1.1009503602981567,0.10737580060958862,0.10081752389669418,0.14755095541477203
972,-0.9726084470748901,-1.1346012353897095,0.08155393600463867,0.08043888211250305,0.1475086510181427
973,-0.9558558464050293,-1.1606543064117432,0.10798828303813934,0.09681020677089691,0.1474662870168686
974,-0.9179195165634155,-1.1156041622161865,0.09952153265476227,0.09816315025091171,0.14742392301559448
975,-1.166764497756958,-1.329642415046692,0.08716893196105957,0.0757090300321579,0.14738158881664276
976,-1.1710927486419678,-1.250907301902771,0.04158034175634384,0.038234274834394455,0.14733964204788208
977,-1.0680649280548096,-1.302870512008667,0.12072676420211792,0.11407876014709473,0.14729756116867065
978,-1.1897673606872559,-1.2928012609481812,0.05640800669789314,0.04662581905722618,0.1472553163766861
979,-0.9880801439285278,-1.1322048902511597,0.07506635040044785,0.0690583884716034,0.14721333980560303
980,-0.9090219736099243,-1.0852456092834473,0.08860350400209427,0.08762015402317047,0.14717137813568115
981,-0.8481605648994446,-1.0650182962417603,0.12113620340824127,0.095721535384655,0.1471295952796936
982,-1.0858756303787231,-1.199462890625,0.0567588247358799,0.0568283386528492,0.1470877081155777
983,-0.8929449915885925,-1.060359001159668,0.0833623856306076,0.08405158668756485,0.14704544842243195
984,-1.0221556425094604,-1.1020909547805786,0.042677804827690125,0.037257514894008636,0.1470034420490265
985,-1.0124356746673584,-1.1922690868377686,0.08479545265436172,0.09503791481256485,0.14696115255355835
986,-0.9458884000778198,-1.175304651260376,0.12430940568447113,0.10510680079460144,0.14691901206970215
987,-1.1157877445220947,-1.2703659534454346,0.07515059411525726,0.07942758500576019,0.14687718451023102
988,-0.9288660287857056,-1.1343989372253418,0.10694943368434906,0.09858347475528717,0.1468353420495987
989,-1.1336249113082886,-1.237582802772522,0.05447263643145561,0.049485210329294205,0.14679329097270966
990,-0.9045761227607727,-1.0639551877975464,0.08088161796331406,0.07849746942520142,0.1467515081167221
991,-1.1604417562484741,-1.2612985372543335,0.05218694731593132,0.04866986721754074,0.14670971035957336
992,-1.0741106271743774,-1.1828824281692505,0.057367198169231415,0.051404550671577454,0.14666812121868134
993,-1.0183231830596924,-1.1953959465026855,0.09222452342510223,0.08484823256731033,0.14662647247314453
994,-1.0301454067230225,-1.208084225654602,0.09270615875720978,0.08523257821798325,0.14658494293689728
995,-1.0547877550125122,-1.2078742980957031,0.07815826684236526,0.07492829114198685,0.14654362201690674
996,-0.9962095022201538,-1.1671513319015503,0.08813630789518356,0.08280550688505173,0.14650218188762665
997,-1.0488498210906982,-1.2154042720794678,0.08569556474685669,0.08085895329713821,0.1464606374502182
998,-1.0929698944091797,-1.1741266250610352,0.0402984693646431,0.04085821658372879,0.1464189738035202
999,-0.9825466275215149,-1.153822898864746,0.08935166895389557,0.08192463219165802,0.1463773548603058
1000,-1.033980369567871,-1.2546204328536987,0.10533277690410614,0.11530730128288269,0.14633561670780182
1001,-0.8902009129524231,-1.1067286729812622,0.11150288581848145,0.10502487421035767,0.14629384875297546
1002,-0.926590085029602,-1.1823257207870483,0.1336730420589447,0.12206254154443741,0.14625205099582672
1003,-0.8812469840049744,-1.0901576280593872,0.1141161397099495,0.09479448944330215,0.1462104767560959
1004,-0.8636865615844727,-1.0420314073562622,0.09872426092624664,0.07962056994438171,0.14616918563842773
1005,-1.0559996366500854,-1.2271366119384766,0.0925448089838028,0.07859218865633011,0.1461278647184372
1006,-0.9927223324775696,-1.220483660697937,0.1203896552324295,0.10737160593271255,0.1460866630077362
1007,-0.9096269011497498,-1.06307053565979,0.0732375979423523,0.0802060142159462,0.14604532718658447
1008,-1.1078555583953857,-1.1945953369140625,0.04604274034500122,0.040697045624256134,0.14600403606891632
1009,-1.0580931901931763,-1.174696683883667,0.06292925775051117,0.05367416888475418,0.14596275985240936
1010,-1.0741591453552246,-1.1466617584228516,0.03481237590312958,0.037690259516239166,0.14592193067073822
1011,-0.9331765174865723,-1.1501357555389404,0.10896439850330353,0.10799480974674225,0.1458808034658432
1012,-1.1297435760498047,-1.2330119609832764,0.048851378262043,0.054416999220848083,0.14583992958068848
1013,-1.004299521446228,-1.137238621711731,0.07103046774864197,0.06190859526395798,0.14579880237579346
1014,-0.9777841567993164,-1.1093199253082275,0.06312502175569534,0.06841077655553818,0.14575737714767456
1015,-1.002995491027832,-1.144257664680481,0.07003628462553024,0.07122594118118286,0.1457158327102661
1016,-1.1059036254882812,-1.2067651748657227,0.052495379000902176,0.048366155475378036,0.14567390084266663
1017,-0.925650954246521,-1.1196223497390747,0.09773670136928558,0.09623464941978455,0.14563164114952087
1018,-0.8684640526771545,-1.0700435638427734,0.09640969336032867,0.10516983270645142,0.1455899178981781
1019,-0.9580254554748535,-1.061275839805603,0.05342869460582733,0.04982173070311546,0.14554819464683533
1020,-1.0143308639526367,-1.1984729766845703,0.088846854865551,0.09529532492160797,0.14550650119781494
1021,-1.1074992418289185,-1.2297099828720093,0.05963757261633873,0.0625731498003006,0.14546482264995575
1022,-1.1170997619628906,-1.245328426361084,0.07331392914056778,0.05491473525762558,0.14542309939861298
1023,-1.104508876800537,-1.224331021308899,0.06340760737657547,0.05641447752714157,0.14538130164146423
1024,-1.109739065170288,-1.2215605974197388,0.058171845972537994,0.0536496564745903,0.14533965289592743
1025,-1.1131501197814941,-1.2326146364212036,0.05685228854417801,0.0626121535897255,0.14529837667942047
1026,-1.0703157186508179,-1.1621595621109009,0.04646604508161545,0.04537781700491905,0.14525699615478516
1027,-1.1195896863937378,-1.2599666118621826,0.07124311476945877,0.06913378089666367,0.14521531760692596
1028,-1.0767005681991577,-1.2629209756851196,0.09245535731315613,0.0937650129199028,0.14517371356487274
1029,-0.8990460634231567,-1.0596816539764404,0.07704545557498932,0.08359017223119736,0.14513203501701355
1030,-0.9557854533195496,-1.0723079442977905,0.05558955669403076,0.0609329529106617,0.14509034156799316
1031,-0.992165207862854,-1.1462836265563965,0.07604306191205978,0.07807543128728867,0.1450488269329071
1032,-1.0429866313934326,-1.1521512269973755,0.057239778339862823,0.05192483216524124,0.14500759541988373
1033,-1.0696847438812256,-1.240448236465454,0.0919133648276329,0.07885012775659561,0.14496628940105438
1034,-0.9694130420684814,-1.083130121231079,0.06022147834300995,0.05349567532539368,0.1449248045682907
1035,-1.053978443145752,-1.1538727283477783,0.04731181263923645,0.05258255451917648,0.1448831558227539
1036,-0.8726736307144165,-1.0555205345153809,0.09448002278804779,0.08836689591407776,0.14484164118766785
1037,-1.0395439863204956,-1.2692042589187622,0.11602594703435898,0.113634392619133,0.1448001116514206
1038,-0.9869106411933899,-1.2186436653137207,0.11274518817663193,0.11898787319660187,0.1447584629058838
1039,-0.9454073905944824,-1.046975016593933,0.05277400463819504,0.048793625086545944,0.14471685886383057
1040,-1.1049262285232544,-1.2013486623764038,0.048865240067243576,0.04755723103880882,0.14467494189739227
1041,-1.0435186624526978,-1.175715446472168,0.07459861785173416,0.05759815126657486,0.14463330805301666
1042,-1.0946918725967407,-1.224550724029541,0.0664326623082161,0.06342610716819763,0.1445915251970291
1043,-1.17686128616333,-1.3153173923492432,0.06849133968353271,0.06996473670005798,0.14454984664916992
1044,-1.0788377523422241,-1.1926851272583008,0.053782135248184204,0.06006528437137604,0.14450807869434357
1045,-1.069969654083252,-1.1890037059783936,0.05965541675686836,0.05937857925891876,0.14446625113487244
1046,-1.1115398406982422,-1.2614161968231201,0.06920322775840759,0.08067306876182556,0.14442460238933563
1047,-0.9507240653038025,-1.0978983640670776,0.07136394083499908,0.07581035047769547,0.14438310265541077
1048,-0.9957770109176636,-1.2583822011947632,0.13552165031433105,0.12708356976509094,0.14434181153774261
1049,-1.1667053699493408,-1.2473303079605103,0.04415520653128624,0.0364697240293026,0.14430096745491028
1050,-1.1579947471618652,-1.2906261682510376,0.0709218680858612,0.06170949339866638,0.1442599892616272
1051,-0.9919235706329346,-1.1113860607147217,0.06080789491534233,0.058654554188251495,0.14421942830085754
1052,-1.0590578317642212,-1.2184799909591675,0.07808055728673935,0.08134157955646515,0.14417874813079834
1053,-0.9842464923858643,-1.1355286836624146,0.07648929208517075,0.07479286193847656,0.14413811266422272
1054,-1.0693409442901611,-1.2427607774734497,0.08348197489976883,0.08993780612945557,0.1440976858139038
1055,-1.0120574235916138,-1.2038923501968384,0.09773412346839905,0.09410078078508377,0.1440575122833252
1056,-1.0301707983016968,-1.183642029762268,0.08015148341655731,0.07331981509923935,0.14401759207248688
1057,-1.1141117811203003,-1.2075235843658447,0.04701820760965347,0.046393655240535736,0.14397767186164856
1058,-1.0522127151489258,-1.1730258464813232,0.06276613473892212,0.05804706737399101,0.1439375877380371
1059,-1.1765424013137817,-1.304275393486023,0.06542304158210754,0.062309958040714264,0.14389745891094208
1060,-1.0244132280349731,-1.1895431280136108,0.08278542011976242,0.08234449476003647,0.1438571661710739
1061,-1.1678627729415894,-1.2349226474761963,0.035652413964271545,0.031407468020915985,0.1438170224428177
1062,-1.180299162864685,-1.277531385421753,0.050428058952093124,0.04680422320961952,0.14377693831920624
1063,-1.0734107494354248,-1.2123147249221802,0.07617363333702087,0.06273026019334793,0.14373673498630524
1064,-1.2409613132476807,-1.344460368156433,0.05882299318909645,0.044676125049591064,0.14369645714759827
1065,-1.0569005012512207,-1.2026634216308594,0.07682773470878601,0.06893514096736908,0.14365634322166443
1066,-1.2023509740829468,-1.26943838596344,0.03222372382879257,0.03486369922757149,0.1436159610748291
1067,-1.0902533531188965,-1.1616061925888062,0.03846362233161926,0.03288920223712921,0.1435755342245102
1068,-1.055717945098877,-1.2146443128585815,0.07602270692586899,0.0829036757349968,0.14353510737419128
1069,-1.1293326616287231,-1.2623939514160156,0.06965167820453644,0.06340955197811127,0.14349450170993805
1070,-0.956039547920227,-1.0735549926757812,0.056557539850473404,0.060957930982112885,0.14345388114452362
1071,-1.0007351636886597,-1.1702678203582764,0.08810316026210785,0.08142945170402527,0.1434134691953659
1072,-1.0962153673171997,-1.2190746068954468,0.06294389069080353,0.05991527810692787,0.14337371289730072
1073,-1.0244252681732178,-1.1628310680389404,0.068918876349926,0.06948692351579666,0.14333388209342957
1074,-1.0199975967407227,-1.1738883256912231,0.07700235396623611,0.07688836753368378,0.14329402148723602
1075,-1.2814537286758423,-1.3353525400161743,0.02875787764787674,0.025140870362520218,0.14325423538684845
1076,-1.0690618753433228,-1.2863324880599976,0.11322037875652313,0.10405025631189346,0.1432144194841385
1077,-1.216855525970459,-1.360231876373291,0.06925349682569504,0.07412296533584595,0.14317429065704346
1078,-0.9960907697677612,-1.129079818725586,0.07141254842281342,0.06157650426030159,0.14313408732414246
1079,-1.1468061208724976,-1.2315104007720947,0.0422838069498539,0.04242055490612984,0.14309380948543549
1080,-1.0895124673843384,-1.246573567390442,0.08251950144767761,0.07454156875610352,0.14305411279201508
1081,-1.0453799962997437,-1.1518168449401855,0.05528607219457626,0.051150843501091,0.14301487803459167
1082,-0.9178012013435364,-1.1186692714691162,0.1036086231470108,0.09725944697856903,0.1429755687713623
1083,-1.0849997997283936,-1.1979718208312988,0.053972646594047546,0.058999426662921906,0.14293617010116577
1084,-1.0640697479248047,-1.213433861732483,0.07150354981422424,0.07786061614751816,0.14289677143096924
1085,-1.1090679168701172,-1.2763335704803467,0.08686617016792297,0.0803995430469513,0.1428573578596115
1086,-1.0236966609954834,-1.2184345722198486,0.09417808055877686,0.10055983066558838,0.14281797409057617
1087,-1.021161437034607,-1.1378825902938843,0.06158941239118576,0.05513182654976845,0.14277862012386322
1088,-1.0533171892166138,-1.1923027038574219,0.07007746398448944,0.06890809535980225,0.14273928105831146
1089,-1.084470272064209,-1.2340022325515747,0.07643973082304001,0.0730922594666481,0.14269961416721344
1090,-1.2335435152053833,-1.3737722635269165,0.06961505860090256,0.07061374932527542,0.14265967905521393
1091,-1.121781349182129,-1.2802948951721191,0.08163455873727798,0.07687905430793762,0.14261940121650696
1092,-1.1723909378051758,-1.3409844636917114,0.09071134030818939,0.07788220047950745,0.14257918298244476
1093,-1.174910306930542,-1.2899261713027954,0.057886816561222076,0.057129018008708954,0.14253903925418854
1094,-1.098831295967102,-1.2287760972976685,0.06653749197721481,0.06340725719928741,0.14249888062477112
1095,-1.1485223770141602,-1.303817629814148,0.07771877199411392,0.07757650315761566,0.1424587070941925
1096,-0.9511798620223999,-1.0918166637420654,0.07712925225496292,0.0635075569152832,0.14241860806941986
1097,-1.0369951725006104,-1.1401538848876953,0.05159560590982437,0.05156317353248596,0.14237827062606812
1098,-1.267680048942566,-1.3920903205871582,0.06450842320919037,0.059901826083660126,0.14233800768852234
1099,-1.2265610694885254,-1.293228268623352,0.036429595202207565,0.030237531289458275,0.14229783415794373
1100,-1.088320255279541,-1.1650874614715576,0.041069477796554565,0.035697706043720245,0.14225761592388153
1101,-1.182691216468811,-1.308837652206421,0.06387602537870407,0.062270425260066986,0.14221741259098053
1102,-1.109063744544983,-1.2013217210769653,0.0476437583565712,0.04461423680186272,0.1421772539615631
1103,-1.0813684463500977,-1.1745002269744873,0.05069015547633171,0.04244164749979973,0.1421373039484024
1104,-1.0190165042877197,-1.1554405689239502,0.0720670074224472,0.06435701996088028,0.14209714531898499
1105,-1.0338590145111084,-1.1506307125091553,0.05737202242016792,0.05939975380897522,0.14205709099769592
1106,-1.0968189239501953,-1.2322131395339966,0.07177913933992386,0.0636150911450386,0.14201709628105164
1107,-1.3923231363296509,-1.4881980419158936,0.046998877078294754,0.048876043409109116,0.14197705686092377
1108,-1.288666844367981,-1.4378973245620728,0.077478788793087,0.07175170630216599,0.14193707704544067
1109,-1.2199811935424805,-1.3274723291397095,0.055944640189409256,0.05154644325375557,0.14189638197422028
1110,-1.1302231550216675,-1.263655424118042,0.06953444331884384,0.06389788538217545,0.14185549318790436
1111,-1.0161665678024292,-1.2183295488357544,0.10575874894857407,0.09640417993068695,0.1418144851922989
1112,-1.1137615442276,-1.2944912910461426,0.09435578435659409,0.08637390285730362,0.14177368581295013
1113,-1.0703455209732056,-1.220334529876709,0.07895559072494507,0.07103335112333298,0.1417332887649536
1114,-0.9995865821838379,-1.1348671913146973,0.07256975024938583,0.06271085143089294,0.14169305562973022
1115,-1.0318715572357178,-1.2025730609893799,0.08894417434930801,0.08175735920667648,0.1416529417037964
1116,-1.15150785446167,-1.2868291139602661,0.06502106040716171,0.07030028104782104,0.14161300659179688
1117,-1.1806257963180542,-1.3205583095550537,0.06593844294548035,0.07399409264326096,0.14157332479953766
1118,-1.0804840326309204,-1.2060699462890625,0.06891513615846634,0.05667078122496605,0.14153344929218292
1119,-1.2280998229980469,-1.4058887958526611,0.0930894985795021,0.08469952642917633,0.14149394631385803
1120,-1.238372802734375,-1.3167338371276855,0.04016602039337158,0.03819507360458374,0.14145427942276
1121,-0.8835741281509399,-1.0171229839324951,0.07095704972743988,0.06259181350469589,0.14141450822353363
1122,-0.9131866693496704,-1.0475883483886719,0.06005275249481201,0.07434894144535065,0.1413748562335968
1123,-1.0566471815109253,-1.223262906074524,0.08350953459739685,0.08310620486736298,0.14133533835411072
1124,-1.0004634857177734,-1.120848536491394,0.053830403834581375,0.06655463576316833,0.14129559695720673
1125,-0.9128071665763855,-1.0825440883636475,0.08255255967378616,0.0871843695640564,0.1412556767463684
1126,-1.0726299285888672,-1.293526291847229,0.11204955726861954,0.10884682089090347,0.14121615886688232
1127,-1.0454124212265015,-1.1953015327453613,0.07220533490180969,0.07768385857343674,0.14117681980133057
1128,-1.1845288276672363,-1.3206926584243774,0.06499659270048141,0.07116726785898209,0.14113742113113403
1129,-1.0170729160308838,-1.1461154222488403,0.06743073463439941,0.061611760407686234,0.1410977840423584
1130,-1.2067142724990845,-1.3301260471343994,0.060920752584934235,0.062491051852703094,0.14105840027332306
1131,-0.8990119695663452,-1.3244597911834717,0.21960994601249695,0.20583784580230713,0.14101900160312653
1132,-1.163694977760315,-1.2184476852416992,0.02522224932909012,0.029530445113778114,0.1409800499677658
1133,-1.1960499286651611,-1.3205538988113403,0.06609658151865005,0.05840737372636795,0.14094090461730957
1134,-0.918033242225647,-0.9449808597564697,0.015120049938559532,0.011827604845166206,0.14090187847614288
1135,-0.895686149597168,-1.0372846126556396,0.07259579747915268,0.0690026730298996,0.14086304605007172
1136,-1.2002009153366089,-1.244120717048645,0.01906154863536358,0.024858221411705017,0.1408246010541916
1137,-0.9511988759040833,-1.1811312437057495,0.11000950634479523,0.11992280185222626,0.14078623056411743
1138,-1.1048789024353027,-1.1854809522628784,0.043110016733407974,0.03749200701713562,0.14074766635894775
1139,-1.1075351238250732,-1.1693310737609863,0.03158453479409218,0.030211495235562325,0.14070910215377808
1140,-1.2166391611099243,-1.3472481966018677,0.06435185670852661,0.0662570670247078,0.14067010581493378
1141,-1.1589384078979492,-1.2376435995101929,0.043498288840055466,0.03520697355270386,0.14063088595867157
1142,-1.0345371961593628,-1.187727928161621,0.08024442940950394,0.07294631749391556,0.14059150218963623
1143,-1.1489365100860596,-1.2545857429504395,0.05475468933582306,0.05089445784687996,0.14055240154266357
1144,-1.1757657527923584,-1.3199489116668701,0.07027751207351685,0.07390566170215607,0.14051370322704315
1145,-0.9531093239784241,-1.2185695171356201,0.13989567756652832,0.12556453049182892,0.1404753476381302
1146,-1.1557625532150269,-1.231784462928772,0.03680434823036194,0.03921755775809288,0.1404370218515396
1147,-0.890701174736023,-1.0662118196487427,0.0892348662018776,0.08627577126026154,0.14039835333824158
1148,-1.0718656778335571,-1.288538932800293,0.11332850158214569,0.10334476828575134,0.14035935699939728
1149,-1.0672415494918823,-1.278949499130249,0.10832587629556656,0.10338206589221954,0.14032046496868134
1150,-1.2328076362609863,-1.3243736028671265,0.04663486033678055,0.04493100941181183,0.14028164744377136
1151,-1.1187101602554321,-1.2574880123138428,0.06866475939750671,0.07011309266090393,0.14024294912815094
1152,-1.1022365093231201,-1.2156049013137817,0.05712227150797844,0.05624620243906975,0.14020442962646484
1153,-1.1160457134246826,-1.280539870262146,0.0806547999382019,0.08383944630622864,0.14016593992710114
1154,-0.9073529839515686,-1.0605322122573853,0.0769190788269043,0.07626017183065414,0.1401272714138031
1155,-0.9654895067214966,-1.1289842128753662,0.07822880148887634,0.08526590466499329,0.1400882750749588
1156,-1.0601426362991333,-1.1386065483093262,0.03915814682841301,0.03930580988526344,0.1400492638349533
1157,-1.0475102663040161,-1.195940375328064,0.07233235985040665,0.0760977566242218,0.14000992476940155
1158,-0.8581977486610413,-0.9957000613212585,0.06985794007778168,0.06764435768127441,0.13997069001197815
1159,-1.0771160125732422,-1.2279646396636963,0.07756653428077698,0.07328213006258011,0.13993118703365326
1160,-1.1600757837295532,-1.3322116136550903,0.08500528335571289,0.08713052421808243,0.13989174365997314
1161,-1.1218063831329346,-1.2063655853271484,0.04043542966246605,0.0441238097846508,0.13985209167003632
1162,-1.0965598821640015,-1.2653883695602417,0.08427954465150833,0.0845489501953125,0.13981255888938904
1163,-1.2061357498168945,-1.292576789855957,0.043742451816797256,0.042698655277490616,0.13977298140525818
1164,-1.219783067703247,-1.302891731262207,0.042466506361961365,0.040642160922288895,0.13973365724086761
1165,-1.0974622964859009,-1.2918033599853516,0.0990573838353157,0.0952836349606514,0.13969455659389496
1166,-1.3771955966949463,-1.474236011505127,0.04614085331559181,0.05089953541755676,0.13965550065040588
1167,-1.1579619646072388,-1.3580511808395386,0.0968313217163086,0.10325784236192703,0.1396169513463974
1168,-0.9819284677505493,-1.1351090669631958,0.0676211342215538,0.08555949479341507,0.13957832753658295
1169,-1.2535536289215088,-1.3975054025650024,0.07135197520256042,0.07259976118803024,0.13953988254070282
1170,-1.1839473247528076,-1.288606882095337,0.05729072168469429,0.04736892879009247,0.13950121402740479
1171,-1.0935959815979004,-1.1572530269622803,0.027594177052378654,0.03606279566884041,0.13946279883384705
1172,-1.0739957094192505,-1.1558841466903687,0.04441770911216736,0.037470683455467224,0.13942411541938782
1173,-1.065407633781433,-1.1998591423034668,0.0655258521437645,0.06892558932304382,0.13938573002815247
1174,-1.0610053539276123,-1.2163642644882202,0.06939380615949631,0.085965096950531,0.1393473595380783
1175,-1.1011937856674194,-1.1825398206710815,0.04189559072256088,0.03945038467645645,0.13930915296077728
1176,-0.9654774069786072,-1.1071865558624268,0.0716349333524704,0.07007426768541336,0.1392708122730255
1177,-1.1082520484924316,-1.1615965366363525,0.02727201208472252,0.02607254683971405,0.1392325758934021
1178,-1.0397977828979492,-1.1274975538253784,0.04287004843354225,0.044829778373241425,0.13919411599636078
1179,-1.1612560749053955,-1.278550148010254,0.05832546949386597,0.05896857753396034,0.13915561139583588
1180,-1.1092253923416138,-1.2666717767715454,0.07511641085147858,0.08232999593019485,0.13911722600460052
1181,-1.0938568115234375,-1.1808871030807495,0.04213002696633339,0.04490035027265549,0.13907861709594727
1182,-1.139499545097351,-1.2773351669311523,0.0659976378083229,0.07183798402547836,0.13903994858264923
1183,-0.921192467212677,-1.271979570388794,0.17653365433216095,0.1742534190416336,0.13900113105773926
1184,-1.1923129558563232,-1.2599568367004395,0.03580367937684059,0.03184019401669502,0.13896216452121735
1185,-1.2137740850448608,-1.281489610671997,0.03422052413225174,0.03349500149488449,0.13892310857772827
1186,-0.9827698469161987,-1.0718083381652832,0.04213022068142891,0.04690825194120407,0.13888417184352875
1187,-0.9269207715988159,-1.0435835123062134,0.05401581898331642,0.06264691054821014,0.138845756649971
1188,-1.1672337055206299,-1.2752410173416138,0.054064635187387466,0.05394265055656433,0.13880737125873566
1189,-0.9155527949333191,-1.0159368515014648,0.05202290415763855,0.04836111515760422,0.13876873254776
1190,-1.2590218782424927,-1.356605052947998,0.04537777230143547,0.05220548436045647,0.13873037695884705
1191,-1.1258424520492554,-1.3395798206329346,0.10385539382696152,0.10988204926252365,0.1386917233467102
1192,-1.066455602645874,-1.173135757446289,0.053335901349782944,0.0533442460000515,0.13865284621715546
1193,-1.2827767133712769,-1.3868045806884766,0.049256786704063416,0.05477101355791092,0.13861408829689026
1194,-1.0809340476989746,-1.1541824340820312,0.036981962621212006,0.03626643121242523,0.13857527077198029
1195,-1.232875943183899,-1.310341477394104,0.0350562259554863,0.042409271001815796,0.13853643834590912
1196,-1.0687910318374634,-1.236535906791687,0.08585132658481598,0.08189361542463303,0.13849778473377228
1197,-1.1812117099761963,-1.2906850576400757,0.05575457215309143,0.05371878668665886,0.138459250330925
1198,-0.9292891621589661,-1.0380183458328247,0.05508941411972046,0.05363977700471878,0.13842031359672546
1199,-1.1702804565429688,-1.271478533744812,0.05031759291887283,0.050880465656518936,0.13838139176368713
1200,-1.1229168176651,-1.2293261289596558,0.05202484503388405,0.054384469985961914,0.13834233582019806
1201,-1.240573525428772,-1.3012362718582153,0.028971737250685692,0.03169089928269386,0.13830313086509705
1202,-0.8758366107940674,-1.1472184658050537,0.1304200291633606,0.1409618854522705,0.1382642239332199
1203,-0.8188848495483398,-0.9644151329994202,0.07154843956232071,0.07398182153701782,0.1382250040769577
1204,-0.9930200576782227,-1.1509760618209839,0.08240127563476562,0.07555472105741501,0.13818597793579102
1205,-1.1176488399505615,-1.266049861907959,0.07099925726652145,0.07740175724029541,0.13814674317836761
1206,-1.0584980249404907,-1.1922786235809326,0.06858830153942108,0.06519237905740738,0.13810740411281586
1207,-1.1768808364868164,-1.3316385746002197,0.07899264246225357,0.07576514780521393,0.13806802034378052
1208,-1.4448364973068237,-1.535721778869629,0.04735790565609932,0.04352732375264168,0.1380288451910019
1209,-0.8161114454269409,-0.9823147058486938,0.07635937631130219,0.08984386920928955,0.13798965513706207
1210,-0.9917566180229187,-1.08525550365448,0.04223623871803284,0.05126270279288292,0.13795070350170135
1211,-1.0209170579910278,-1.1915072202682495,0.09307754039764404,0.07751262187957764,0.13791170716285706
1212,-1.0044399499893188,-1.1096018552780151,0.05494603142142296,0.05021585524082184,0.13787268102169037
1213,-1.104537010192871,-1.2394115924835205,0.0698641911149025,0.06501037627458572,0.1378338485956192
1214,-1.1198159456253052,-1.2744883298873901,0.07849697768688202,0.07617541402578354,0.13779477775096893
1215,-0.9759999513626099,-1.152254581451416,0.08890113234519958,0.08735347539186478,0.1377556174993515
1216,-0.9406270384788513,-1.0905345678329468,0.0767398551106453,0.07316760718822479,0.1377163976430893
1217,-1.1166514158248901,-1.2570347785949707,0.0698915645480156,0.07049177587032318,0.13767752051353455
1218,-0.8841278553009033,-1.0244642496109009,0.07017740607261658,0.07015896588563919,0.13763843476772308
1219,-1.2178876399993896,-1.3331005573272705,0.057150039821863174,0.058062925934791565,0.13759976625442505
1220,-1.021020770072937,-1.1466550827026367,0.06457404047250748,0.06106032431125641,0.13756102323532104
1221,-1.0284321308135986,-1.1525859832763672,0.05799867957830429,0.06615514308214188,0.1375225931406021
1222,-1.1148322820663452,-1.1750394105911255,0.028936730697751045,0.03127039968967438,0.13748399913311005
1223,-0.9947939515113831,-1.1672714948654175,0.08688602596521378,0.08559149503707886,0.13744527101516724
1224,-1.1082098484039307,-1.1955891847610474,0.04172225669026375,0.04565698653459549,0.13740669190883636
1225,-0.9881842136383057,-1.1680954694747925,0.09223536401987076,0.08767592161893845,0.13736841082572937
1226,-1.0513826608657837,-1.1876219511032104,0.06960457563400269,0.06663474440574646,0.13732999563217163
1227,-1.2511640787124634,-1.390503168106079,0.06398891657590866,0.07535018771886826,0.13729146122932434
1228,-0.9402270317077637,-1.165427327156067,0.11116472631692886,0.11403560638427734,0.1372532695531845
1229,-1.13820219039917,-1.2454715967178345,0.0508459135890007,0.05642354488372803,0.13721516728401184
1230,-1.1505918502807617,-1.3336360454559326,0.09680020064115524,0.08624402433633804,0.1371770203113556
1231,-0.893926203250885,-1.0375727415084839,0.06589646637439728,0.07775010913610458,0.13713866472244263
1232,-1.0122706890106201,-1.1896846294403076,0.09044435620307922,0.08696957677602768,0.13710051774978638
1233,-1.1334103345870972,-1.2150017023086548,0.041641224175691605,0.03995011746883392,0.13706202805042267
1234,-0.8592498898506165,-0.9801675081253052,0.05846394971013069,0.062453676015138626,0.13702309131622314
1235,-1.1044445037841797,-1.197425365447998,0.04110455513000488,0.05187630653381348,0.13698436319828033
1236,-1.0438423156738281,-1.2187596559524536,0.0921434536576271,0.08277390152215958,0.13694557547569275
1237,-1.3092741966247559,-1.4145715236663818,0.04905981570482254,0.05623747408390045,0.13690684735774994
1238,-1.0253722667694092,-1.1696178913116455,0.06623668968677521,0.07800891995429993,0.13686814904212952
1239,-1.0441029071807861,-1.1722322702407837,0.05932611599564552,0.06880323588848114,0.1368292272090912
1240,-1.0690381526947021,-1.1965458393096924,0.06427495181560516,0.06323272734880447,0.13679009675979614
1241,-0.9433529376983643,-1.0730609893798828,0.06195905804634094,0.0677490085363388,0.13675130903720856
1242,-1.1107202768325806,-1.3218021392822266,0.11020591109991074,0.10087597370147705,0.1367121785879135
1243,-0.994074285030365,-1.1071958541870117,0.05592891573905945,0.057192612439394,0.13667301833629608
1244,-1.1536128520965576,-1.283463478088379,0.06927063316106796,0.06057997792959213,0.13663379848003387
1245,-1.0043330192565918,-1.091590166091919,0.04146696627140045,0.045790139585733414,0.1365947127342224
1246,-0.9318233132362366,-1.0287108421325684,0.04703827574849129,0.04984927177429199,0.1365552842617035
1247,-1.124976396560669,-1.2582650184631348,0.06866707652807236,0.06462161242961884,0.1365160048007965
1248,-1.3219140768051147,-1.3804130554199219,0.031096098944544792,0.0274028517305851,0.13647672533988953
1249,-1.1477164030075073,-1.1957449913024902,0.022480815649032593,0.02554774098098278,0.13643768429756165
1250,-1.0585097074508667,-1.157869577407837,0.05049716308712959,0.04886268079280853,0.1363987922668457
1251,-1.2970751523971558,-1.3680654764175415,0.0362016037106514,0.03478872776031494,0.13635985553264618
1252,-1.1816383600234985,-1.3361029624938965,0.0698874443769455,0.08457715809345245,0.13632094860076904
1253,-1.0311230421066284,-1.171041488647461,0.06375566869974136,0.07616277784109116,0.1362820863723755
1254,-0.7518851161003113,-0.8468964099884033,0.04815162718296051,0.04685969278216362,0.13624349236488342
1255,-0.9590942859649658,-1.0627985000610352,0.05238166078925133,0.05132260173559189,0.1362050473690033
1256,-0.9612192511558533,-1.0426639318466187,0.04165305942296982,0.03979163244366646,0.13616661727428436
1257,-1.038289189338684,-1.1552101373672485,0.06325813382863998,0.05366276577115059,0.1361280381679535
1258,-1.1745232343673706,-1.2584985494613647,0.03982263058423996,0.044152773916721344,0.1360892951488495
1259,-1.04343581199646,-1.1967297792434692,0.0763903260231018,0.07690359652042389,0.13605079054832458
1260,-1.1484490633010864,-1.241374135017395,0.044531065970659256,0.048393938690423965,0.13601210713386536
1261,-1.147786021232605,-1.2219212055206299,0.03685604780912399,0.03727908432483673,0.135973259806633
1262,-0.8832803964614868,-0.992999255657196,0.056531623005867004,0.05318726971745491,0.13593438267707825
1263,-1.1422430276870728,-1.247730016708374,0.054377418011426926,0.05110955238342285,0.13589543104171753
1264,-1.1658296585083008,-1.2699241638183594,0.05389982461929321,0.05019470304250717,0.13585631549358368
1265,-1.1603327989578247,-1.2359675168991089,0.037239689379930496,0.03839503601193428,0.1358170062303543
1266,-1.0761265754699707,-1.2063755989074707,0.0664999783039093,0.06374911218881607,0.13577772676944733
1267,-1.030722737312317,-1.117002248764038,0.049037739634513855,0.037241823971271515,0.13573850691318512
1268,-1.0049587488174438,-1.1227514743804932,0.06034914031624794,0.057443659752607346,0.13569942116737366
1269,-1.1996465921401978,-1.3012197017669678,0.049502599984407425,0.05207051709294319,0.13566121459007263
1270,-1.2885692119598389,-1.3568809032440186,0.033245522528886795,0.03506608307361603,0.13562282919883728
1271,-1.246184229850769,-1.317556381225586,0.03648659959435463,0.03488551080226898,0.13558432459831238
1272,-1.1202092170715332,-1.2242820262908936,0.051182299852371216,0.05289052426815033,0.1355457752943039
1273,-1.2485328912734985,-1.3460803031921387,0.048110123723745346,0.049437325447797775,0.13550744950771332
1274,-0.9151795506477356,-0.9873731136322021,0.03550108149647713,0.03669249266386032,0.13546894490718842
1275,-1.1298407316207886,-1.2148414850234985,0.03907007724046707,0.045930616557598114,0.13543027639389038
1276,-1.237352967262268,-1.3287851810455322,0.04422161355614662,0.04721057787537575,0.1353917270898819
1277,-1.0028454065322876,-1.1384707689285278,0.06883890926837921,0.06678643822669983,0.13535326719284058
1278,-1.1038552522659302,-1.185295820236206,0.042514316737651825,0.03892621770501137,0.1353147327899933
1279,-0.9006941318511963,-1.1033744812011719,0.09881041944026947,0.10386990755796432,0.13527590036392212
1280,-1.2567732334136963,-1.3831268548965454,0.06633329391479492,0.06002037972211838,0.13523712754249573
1281,-1.222176194190979,-1.3772848844528198,0.07628675550222397,0.07882189005613327,0.13519811630249023
1282,-1.059188723564148,-1.2489033937454224,0.09708807617425919,0.09262658655643463,0.13515877723693848
1283,-1.0464589595794678,-1.178280234336853,0.06824330985546112,0.06357806921005249,0.13511958718299866
1284,-1.1180369853973389,-1.2336136102676392,0.06471388041973114,0.05086275562644005,0.13508065044879913
1285,-0.8859959840774536,-0.9793552756309509,0.04565096274018288,0.04770834743976593,0.1350417137145996
1286,-0.9654263854026794,-1.1307891607284546,0.07898907363414764,0.08637373149394989,0.13500289618968964
1287,-1.0437370538711548,-1.2212765216827393,0.0907120555639267,0.08682744204998016,0.13496427237987518
1288,-0.9581153392791748,-1.0792855024337769,0.060204312205314636,0.0609658807516098,0.13492538034915924
1289,-1.2959152460098267,-1.3717663288116455,0.0434446819126606,0.032406460493803024,0.13488636910915375
1290,-1.1979085206985474,-1.35411536693573,0.07896058261394501,0.07724632322788239,0.1348477154970169
1291,-1.1344594955444336,-1.2403732538223267,0.052023161202669144,0.053890641778707504,0.134808748960495
1292,-1.2757313251495361,-1.3712358474731445,0.0471615269780159,0.048342883586883545,0.13476961851119995
1293,-1.1286596059799194,-1.2448300123214722,0.05870771408081055,0.05746274068951607,0.13473010063171387
1294,-1.0545122623443604,-1.2134664058685303,0.08277234435081482,0.0761817991733551,0.1346910148859024
1295,-1.1423850059509277,-1.2124634981155396,0.03386099264025688,0.03621741756796837,0.134651780128479
1296,-0.8983970880508423,-1.0325336456298828,0.06492163985967636,0.06921496987342834,0.13461261987686157
1297,-1.119757890701294,-1.2200968265533447,0.04894973337650299,0.05138920620083809,0.13457326591014862
1298,-1.231648564338684,-1.382961392402649,0.07304156571626663,0.07827126979827881,0.13453416526317596
1299,-1.0858534574508667,-1.1719186305999756,0.04723067954182625,0.03883449733257294,0.13449542224407196
1300,-0.9972912669181824,-1.0546987056732178,0.028758782893419266,0.028648655861616135,0.1344565600156784
1301,-1.0726473331451416,-1.171783447265625,0.048142239451408386,0.05099395662546158,0.13441778719425201
1302,-1.1321297883987427,-1.3456284999847412,0.10205604135990143,0.11144271492958069,0.134379044175148
1303,-1.2085113525390625,-1.2664307355880737,0.030370254069566727,0.027549199759960175,0.1343405395746231
1304,-1.0191395282745361,-1.2211754322052002,0.09703793376684189,0.10499795526266098,0.1343018114566803
1305,-1.0322185754776,-1.0990238189697266,0.03769570589065552,0.02910965122282505,0.1342633068561554
1306,-0.9926590323448181,-1.0920236110687256,0.04658176004886627,0.052782826125621796,0.13422492146492004
1307,-0.9761627316474915,-1.1005209684371948,0.062369175255298615,0.06198902800679207,0.13418623805046082
1308,-1.0681486129760742,-1.1806763410568237,0.05980958417057991,0.05271821469068527,0.13414762914180756
1309,-1.2939709424972534,-1.3531893491744995,0.03081074357032776,0.028407687321305275,0.1341090351343155
1310,-0.7333301305770874,-0.9339299201965332,0.10260769724845886,0.09799209237098694,0.13407060503959656
1311,-1.02882719039917,-1.0948314666748047,0.03407333418726921,0.03193097561597824,0.1340322494506836
1312,-0.9460777640342712,-1.1400463581085205,0.09793027490377426,0.09603827446699142,0.13399362564086914
1313,-1.178931713104248,-1.280846118927002,0.047344598919153214,0.054569803178310394,0.13395488262176514
1314,-1.0277838706970215,-1.1090832948684692,0.0397477000951767,0.041551657021045685,0.1339162141084671
1315,-1.1093131303787231,-1.2427616119384766,0.07118955254554749,0.06225893273949623,0.1338774859905243
1316,-1.0168484449386597,-1.081224799156189,0.03423716500401497,0.03013921156525612,0.13383865356445312
1317,-0.9857890605926514,-1.1465431451797485,0.07604709267616272,0.08470704406499863,0.1337999850511551
1318,-1.2766544818878174,-1.3676191568374634,0.04749846085906029,0.043466176837682724,0.13376154005527496
1319,-0.9264737367630005,-1.0430434942245483,0.054717421531677246,0.06185232847929001,0.13372331857681274
1320,-1.0825145244598389,-1.1648523807525635,0.04003623500466347,0.04230160266160965,0.13368479907512665
1321,-0.8494039177894592,-1.045409083366394,0.09790562838315964,0.09809954464435577,0.13364630937576294
1322,-0.9783245921134949,-1.1553925275802612,0.09028676897287369,0.08678120374679565,0.13360781967639923
1323,-1.1632969379425049,-1.2966513633728027,0.06220219284296036,0.0711522102355957,0.13356934487819672
1324,-0.8660714030265808,-0.9902437925338745,0.05979528650641441,0.06437712907791138,0.13353107869625092
1325,-1.1920106410980225,-1.338788390159607,0.0679561197757721,0.07882162183523178,0.13349272310733795
1326,-1.3418824672698975,-1.429101824760437,0.04365244880318642,0.04356699436903,0.1334545910358429
1327,-1.0013571977615356,-1.1062877178192139,0.05726764351129532,0.047662898898124695,0.13341674208641052
1328,-1.2178117036819458,-1.3214516639709473,0.053511086851358414,0.050128839910030365,0.13337895274162292
1329,-1.2237253189086914,-1.3372423648834229,0.05613601952791214,0.05738106369972229,0.13334105908870697
1330,-1.3137896060943604,-1.4165807962417603,0.05191618576645851,0.05087489262223244,0.13330310583114624
1331,-1.097815752029419,-1.190334439277649,0.04161876067519188,0.05090000852942467,0.13326531648635864
1332,-1.083979845046997,-1.1529728174209595,0.03409528359770775,0.034897636622190475,0.13322773575782776
1333,-1.1864745616912842,-1.3759090900421143,0.09178172051906586,0.09765275567770004,0.1331901252269745
1334,-1.2940086126327515,-1.3473906517028809,0.028298549354076385,0.02508355677127838,0.13315241038799286
1335,-1.0953619480133057,-1.2563059329986572,0.07877171039581299,0.08217226713895798,0.13311491906642914
1336,-0.9788824319839478,-1.1522797346115112,0.08044479787349701,0.09295246005058289,0.13307726383209229
1337,-1.3764822483062744,-1.4498279094696045,0.036590613424777985,0.03675511106848717,0.1330396980047226
1338,-0.9812750220298767,-1.106140375137329,0.05973897501826286,0.06512637436389923,0.13300201296806335
1339,-1.1106821298599243,-1.224608302116394,0.05753544345498085,0.05639073625206947,0.1329646110534668
1340,-1.045469045639038,-1.1641442775726318,0.057447273284196854,0.061227936297655106,0.13292720913887024
1341,-1.0900486707687378,-1.2326116561889648,0.07205403596162796,0.0705089122056961,0.13288980722427368
1342,-1.1389144659042358,-1.249249815940857,0.06187601387500763,0.04845930263400078,0.13285240530967712
1343,-0.957298994064331,-1.0256271362304688,0.0302842166274786,0.03804389387369156,0.13281472027301788
1344,-0.933796763420105,-1.101807951927185,0.08565286546945572,0.08235833048820496,0.13277728855609894
1345,-0.8960007429122925,-0.974875271320343,0.03794006630778313,0.040934424847364426,0.1327396184206009
1346,-1.2796889543533325,-1.4629850387573242,0.09166450798511505,0.09163148701190948,0.1327017843723297
1347,-1.278456211090088,-1.390196681022644,0.05606390908360481,0.055676545947790146,0.1326637864112854
1348,-1.4352186918258667,-1.564868688583374,0.06198529526591301,0.0676647201180458,0.1326257735490799
1349,-1.2065688371658325,-1.3258585929870605,0.05756522715091705,0.06172456219792366,0.13258789479732513
1350,-1.2476624250411987,-1.3770232200622559,0.061876777559518814,0.0674840658903122,0.1325501650571823
1351,-1.3804136514663696,-1.459091067314148,0.037650104612112045,0.041027359664440155,0.13251252472400665
1352,-1.4361056089401245,-1.5208334922790527,0.041330061852931976,0.04339782893657684,0.1324746459722519
1353,-1.2394579648971558,-1.300990343093872,0.03025047481060028,0.031281907111406326,0.1324366331100464
1354,-1.2668577432632446,-1.343572974205017,0.03637466952204704,0.04034057632088661,0.13239865005016327
1355,-0.97343909740448,-1.1399571895599365,0.08543980866670609,0.08107830584049225,0.132360577583313
1356,-1.2989380359649658,-1.371127963066101,0.035907674580812454,0.03628232330083847,0.13232281804084778
1357,-1.0236754417419434,-1.2270816564559937,0.10115227103233337,0.10225386917591095,0.13228511810302734
1358,-0.858764111995697,-0.9498892426490784,0.044062674045562744,0.047062475234270096,0.1322472095489502
1359,-1.0973650217056274,-1.1581507921218872,0.029149819165468216,0.03163598105311394,0.13220933079719543
1360,-0.9461756348609924,-1.043623924255371,0.049694787710905075,0.04775349423289299,0.1321713775396347
1361,-1.2276556491851807,-1.342559814453125,0.056362032890319824,0.0585421659052372,0.132133349776268
1362,-0.9154015779495239,-0.9850472211837769,0.03350600600242615,0.03613957762718201,0.13209494948387146
1363,-1.3504540920257568,-1.478436827659607,0.05975900962948799,0.0682237520813942,0.13205669820308685
1364,-1.0995084047317505,-1.2225661277770996,0.059128228574991226,0.06392938643693924,0.13201859593391418
1365,-1.2440425157546997,-1.3256500959396362,0.04002143442630768,0.04158620163798332,0.13198010623455048
1366,-1.1575543880462646,-1.2640300989151,0.055188652127981186,0.05128706619143486,0.1319415420293808
1367,-0.8185572624206543,-0.8726118206977844,0.026664959266781807,0.027389593422412872,0.1319027543067932
1368,-1.005833625793457,-1.109123945236206,0.05313701182603836,0.050153281539678574,0.13186398148536682
1369,-1.0726441144943237,-1.157829761505127,0.043503060936927795,0.04168260470032692,0.13182532787322998
1370,-1.2952991724014282,-1.3867456912994385,0.046566255390644073,0.044880226254463196,0.13178661465644836
1371,-1.1266571283340454,-1.2150057554244995,0.040980059653520584,0.047368571162223816,0.13174790143966675
1372,-1.0675410032272339,-1.2444403171539307,0.08983989804983139,0.08705941587686539,0.1317097395658493
1373,-0.9478274583816528,-1.1227136850357056,0.08869947493076324,0.08618677407503128,0.1316716969013214
1374,-1.2887141704559326,-1.3724770545959473,0.04426346719264984,0.03949935734272003,0.13163374364376068
1375,-1.125177025794983,-1.2303712368011475,0.05435594171285629,0.050838202238082886,0.13159631192684174
1376,-1.283521056175232,-1.3433128595352173,0.03273638337850571,0.027055377140641212,0.13155901432037354
1377,-0.9860150814056396,-1.0943082571029663,0.05419135466217995,0.054101817309856415,0.1315217763185501
1378,-0.8432548642158508,-0.9144177436828613,0.03353495895862579,0.03762791305780411,0.13148431479930878
1379,-1.041106939315796,-1.120948314666748,0.04011310636997223,0.03972823917865753,0.13144679367542267
1380,-1.1224907636642456,-1.3856406211853027,0.12943340837955475,0.1337164342403412,0.1314091682434082
1381,-1.2554967403411865,-1.3503739833831787,0.046500034630298615,0.048377133905887604,0.13137143850326538
1382,-1.153882622718811,-1.2585437297821045,0.050625987350940704,0.054035037755966187,0.13133376836776733
1383,-1.0967429876327515,-1.1978451013565063,0.04816005378961563,0.05294201895594597,0.13129594922065735
1384,-1.276093602180481,-1.3371078968048096,0.030149322003126144,0.030864976346492767,0.13125823438167572
1385,-1.2434582710266113,-1.3836065530776978,0.06653999537229538,0.07360829412937164,0.13122062385082245
1386,-1.1322931051254272,-1.2646310329437256,0.06589818000793457,0.06643979996442795,0.13118283450603485
1387,-1.025671124458313,-1.1504063606262207,0.05838875100016594,0.06634649634361267,0.13114480674266815
1388,-1.0414388179779053,-1.1417856216430664,0.04643025994300842,0.053916603326797485,0.13110698759555817
1389,-0.9942167401313782,-1.0671719312667847,0.03488312289118767,0.038072045892477036,0.13106925785541534
1390,-0.9701746106147766,-1.075806975364685,0.05143497511744499,0.05419739708304405,0.13103142380714417
1391,-1.1426409482955933,-1.1823627948760986,0.020858366042375565,0.01886339858174324,0.13099363446235657
1392,-1.0970429182052612,-1.1976083517074585,0.04951172694563866,0.05105375126004219,0.13095584511756897
1393,-1.1526086330413818,-1.241774559020996,0.046383086591959,0.042782776057720184,0.13091795146465302
1394,-1.1622540950775146,-1.2576079368591309,0.04752214252948761,0.047831639647483826,0.13087990880012512
1395,-1.0468981266021729,-1.1249518394470215,0.038554899394512177,0.03949875384569168,0.13084155321121216
1396,-0.7649229764938354,-0.9404141306877136,0.09589989483356476,0.079591304063797,0.1308031678199768
1397,-1.1042041778564453,-1.243855357170105,0.07029551267623901,0.06935571134090424,0.130764901638031
1398,-1.0199697017669678,-1.1752477884292603,0.07409855723381042,0.08117946982383728,0.13072709739208221
1399,-1.077082633972168,-1.1887043714523315,0.05644340440630913,0.05517824366688728,0.13068929314613342
1400,-0.8218743801116943,-0.9448372721672058,0.05699380859732628,0.06596911698579788,0.13065122067928314
1401,-1.1674555540084839,-1.2687033414840698,0.047348152846097946,0.05389965698122978,0.1306132823228836
1402,-1.0923064947128296,-1.165764331817627,0.0376596599817276,0.03579820320010185,0.13057518005371094
1403,-1.3085352182388306,-1.3907551765441895,0.03850049898028374,0.04371944069862366,0.13053685426712036
1404,-1.076224446296692,-1.1341255903244019,0.02538156323134899,0.03251956030726433,0.1304987072944641
1405,-1.0239323377609253,-1.1921145915985107,0.08863905817270279,0.07954320311546326,0.1304604709148407
1406,-0.9709281325340271,-1.053400993347168,0.03967214375734329,0.04280070215463638,0.1304224133491516
1407,-0.9673783779144287,-1.118709921836853,0.07364846020936966,0.07768307626247406,0.13038459420204163
1408,-1.0363068580627441,-1.1989339590072632,0.08078122138977051,0.08184593915939331,0.1303468942642212
1409,-1.1231225728988647,-1.1687058210372925,0.0223747156560421,0.023208532482385635,0.1303093284368515
1410,-1.1937192678451538,-1.2854024171829224,0.04676365479826927,0.0449194461107254,0.13027217984199524
1411,-0.9651455879211426,-1.0218408107757568,0.025252219289541245,0.031442996114492416,0.1302349716424942
1412,-0.9590221047401428,-1.1240479946136475,0.08697029203176498,0.07805553823709488,0.13019780814647675
1413,-1.2863150835037231,-1.3682234287261963,0.0401805080473423,0.04172779619693756,0.13016082346439362
1414,-0.9899296164512634,-1.030969262123108,0.01851828210055828,0.02252131700515747,0.13012370467185974
1415,-1.2402229309082031,-1.297192931175232,0.030201531946659088,0.02676846832036972,0.13008654117584229
1416,-1.021623969078064,-1.1247869729995728,0.048681676387786865,0.05448136851191521,0.13004924356937408
1417,-1.1584583520889282,-1.2484447956085205,0.04511156678199768,0.04487490653991699,0.1300119161605835
1418,-1.0774866342544556,-1.2592341899871826,0.09234769642353058,0.08939982950687408,0.12997478246688843
1419,-0.9412046074867249,-1.0314863920211792,0.045584604144096375,0.044697150588035583,0.12993742525577545
1420,-1.0895339250564575,-1.1764026880264282,0.0400322787463665,0.04683643952012062,0.12990039587020874
1421,-1.108618140220642,-1.2003363370895386,0.0465993657708168,0.0451187863945961,0.12986339628696442
1422,-1.0398763418197632,-1.1143269538879395,0.038670614361763,0.03577997907996178,0.12982647120952606
1423,-0.9931718111038208,-1.1406760215759277,0.0710076093673706,0.07649657130241394,0.12978966534137726
1424,-1.1511507034301758,-1.200855016708374,0.024730153381824493,0.02497408352792263,0.12975287437438965
1425,-1.3750699758529663,-1.4664194583892822,0.04907627031207085,0.04227319359779358,0.12971609830856323
1426,-1.1454235315322876,-1.302445411682129,0.07678800821304321,0.08023387938737869,0.129679337143898
1427,-1.0368850231170654,-1.1879292726516724,0.07363513112068176,0.07740913331508636,0.12964214384555817
1428,-1.024681568145752,-1.0990211963653564,0.03427471965551376,0.040064968168735504,0.1296050250530243
1429,-1.226114273071289,-1.312029480934143,0.04504738375544548,0.04086785763502121,0.12956801056861877
1430,-1.1609899997711182,-1.2220228910446167,0.032556530088186264,0.028476297855377197,0.12953080236911774
1431,-0.95712810754776,-1.1512826681137085,0.09916980564594269,0.09498471021652222,0.12949368357658386
1432,-0.9006736874580383,-0.9673464894294739,0.0346919447183609,0.03198087587952614,0.12945657968521118
1433,-1.271981120109558,-1.3646626472473145,0.04124642163515091,0.05143510550260544,0.12941960990428925
1434,-1.223670482635498,-1.2839407920837402,0.028336776420474052,0.03193358704447746,0.12938274443149567
1435,-1.172045111656189,-1.2510923147201538,0.03709185868501663,0.04195535555481911,0.1293458491563797
1436,-1.0490000247955322,-1.1187336444854736,0.03402397036552429,0.03570960834622383,0.1293085813522339
1437,-1.3032162189483643,-1.393968105316162,0.04247935861349106,0.04827253147959709,0.1292715221643448
1438,-1.1851261854171753,-1.2539935111999512,0.03522774949669838,0.03363952413201332,0.12923426926136017
1439,-1.063887119293213,-1.1439613103866577,0.03712842985987663,0.042945798486471176,0.1291968673467636
1440,-1.0866272449493408,-1.1619842052459717,0.03201257809996605,0.04334443807601929,0.12915939092636108
1441,-1.075304627418518,-1.2147022485733032,0.06771551072597504,0.07168207317590714,0.12912197411060333
1442,-0.9980261325836182,-1.0674946308135986,0.0353609137237072,0.03410758078098297,0.12908470630645752
1443,-1.0394854545593262,-1.1398327350616455,0.051040999591350555,0.04930626228451729,0.12904755771160126
1444,-1.3760576248168945,-1.472375750541687,0.047495074570178986,0.0488230362534523,0.12901033461093903
1445,-1.0675381422042847,-1.2210397720336914,0.0777701735496521,0.07573144137859344,0.12897303700447083
1446,-1.19248366355896,-1.3203129768371582,0.06432401388883591,0.06350530683994293,0.12893570959568024
1447,-1.1826485395431519,-1.2896531820297241,0.05451866611838341,0.052485980093479156,0.12889829277992249
1448,-1.3458316326141357,-1.447411298751831,0.049126286059617996,0.05245335400104523,0.12886084616184235
1449,-1.1366617679595947,-1.2399375438690186,0.05054903030395508,0.05272677540779114,0.12882357835769653
1450,-1.1711088418960571,-1.2650959491729736,0.04858262836933136,0.045404478907585144,0.12878593802452087
1451,-1.1861546039581299,-1.2721683979034424,0.04405316710472107,0.04196057468652725,0.12874826788902283
1452,-0.906274139881134,-0.9609259366989136,0.028173213824629784,0.026478562504053116,0.1287107616662979
1453,-1.1517549753189087,-1.263099193572998,0.056537654250860214,0.05480661243200302,0.1286732256412506
1454,-0.8296332359313965,-0.9866263270378113,0.07420563697814941,0.08278747648000717,0.12863557040691376
1455,-1.2440820932388306,-1.3063268661499023,0.030663324519991875,0.03158135712146759,0.12859800457954407
1456,-1.08316969871521,-1.197803258895874,0.05840665102005005,0.056227028369903564,0.12856054306030273
1457,-0.9276279211044312,-1.0190683603286743,0.044234953820705414,0.047205522656440735,0.1285228431224823
1458,-1.2020810842514038,-1.3089256286621094,0.05377335473895073,0.05307116359472275,0.1284852772951126
1459,-1.1420787572860718,-1.2358615398406982,0.04648042842745781,0.04730241000652313,0.1284477859735489
1460,-1.2065823078155518,-1.3052204847335815,0.0541238971054554,0.04451431334018707,0.1284106820821762
1461,-1.4359673261642456,-1.5386651754379272,0.05009212717413902,0.052605707198381424,0.12837383151054382
1462,-1.1137053966522217,-1.213746190071106,0.046877581626176834,0.05316316336393356,0.1283368319272995
1463,-1.1062946319580078,-1.197900414466858,0.04896209388971329,0.04264361783862114,0.12830029428005219
1464,-1.1095905303955078,-1.2107924222946167,0.050883058458566666,0.05031884089112282,0.12826387584209442
1465,-0.8481662273406982,-0.974070131778717,0.06230299174785614,0.06360092759132385,0.12822742760181427
1466,-0.9115193486213684,-1.0140358209609985,0.053411222994327545,0.04910522699356079,0.12819071114063263
1467,-1.1905488967895508,-1.285821795463562,0.048297733068466187,0.046975165605545044,0.1281542330980301
1468,-1.019874095916748,-1.1854298114776611,0.08666890114545822,0.07888688147068024,0.12811778485774994
1469,-1.1373683214187622,-1.3539751768112183,0.11099448800086975,0.10561242699623108,0.12808094918727875
1470,-1.0405257940292358,-1.1114240884780884,0.034424878656864166,0.03647339716553688,0.1280437856912613
1471,-1.2475340366363525,-1.3537859916687012,0.05123797431588173,0.05501396954059601,0.12800663709640503
1472,-1.1380406618118286,-1.213429570198059,0.039541736245155334,0.03584716469049454,0.12796923518180847
1473,-1.0303114652633667,-1.1780452728271484,0.0748225525021553,0.07291129231452942,0.12793198227882385
1474,-1.001084566116333,-1.124596357345581,0.05863639712333679,0.06487534940242767,0.12789499759674072
1475,-1.3198341131210327,-1.4210741519927979,0.05424077808856964,0.0469992570579052,0.12785795331001282
1476,-1.2692484855651855,-1.307143211364746,0.020328857004642487,0.01756584644317627,0.1278209090232849
1477,-1.070583701133728,-1.1357295513153076,0.03514030575752258,0.030005568638443947,0.12778368592262268
1478,-1.3085525035858154,-1.3836143016815186,0.03549771010875702,0.03956412896513939,0.12774667143821716
1479,-1.2105796337127686,-1.3244600296020508,0.06316336244344711,0.05071699619293213,0.12770991027355194
1480,-1.2680162191390991,-1.4023499488830566,0.061894647777080536,0.07243911176919937,0.12767286598682404
1481,-1.1558876037597656,-1.2467643022537231,0.041382357478141785,0.04949437081813812,0.12763594090938568
1482,-1.2488411664962769,-1.3243595361709595,0.03730461373925209,0.038213714957237244,0.12759903073310852
1483,-0.9613344073295593,-1.0556361675262451,0.042775627225637436,0.051526155322790146,0.12756207585334778
1484,-1.0567079782485962,-1.1760205030441284,0.06026371195912361,0.05904876068234444,0.1275252252817154
1485,-1.3985881805419922,-1.5050641298294067,0.057393234223127365,0.04908277839422226,0.12748807668685913
1486,-1.1206742525100708,-1.2033218145370483,0.04079032316803932,0.04185721278190613,0.12745118141174316
1487,-1.1721917390823364,-1.2756192684173584,0.053283143788576126,0.05014444515109062,0.12741459906101227
1488,-1.0555955171585083,-1.098081350326538,0.02336810901761055,0.019117705523967743,0.12737824022769928
1489,-1.123010277748108,-1.19149911403656,0.03363362327218056,0.03485526889562607,0.12734189629554749
1490,-0.9997033476829529,-1.0584758520126343,0.029883405193686485,0.028889140114188194,0.12730546295642853
1491,-0.9669849872589111,-1.0435450077056885,0.041153378784656525,0.03540657088160515,0.1272689551115036
1492,-1.054589033126831,-1.1824895143508911,0.06135451793670654,0.0665460079908371,0.1272323727607727
1493,-1.2996279001235962,-1.372875452041626,0.03911376744508743,0.03413379564881325,0.1271958202123642
1494,-1.363003134727478,-1.4569332599639893,0.04688793048262596,0.047042302787303925,0.1271592229604721
1495,-1.4584019184112549,-1.5138752460479736,0.02867329865694046,0.02680007740855217,0.1271226704120636
1496,-1.240268588066101,-1.3218357563018799,0.042311303317546844,0.039255913347005844,0.12708617746829987
1497,-1.0774344205856323,-1.1492042541503906,0.03248560428619385,0.039284273982048035,0.1270494908094406
1498,-1.2332412004470825,-1.2827632427215576,0.025740375742316246,0.023781603202223778,0.12701323628425598
1499,-0.9244973063468933,-0.9861993193626404,0.02951926365494728,0.0321827307343483,0.12697690725326538
1500,-1.3483784198760986,-1.409391164779663,0.030412161722779274,0.030600517988204956,0.12694025039672852
1501,-0.8509271740913391,-1.0472217798233032,0.10452234745025635,0.09177225828170776,0.12690390646457672
1502,-1.1784058809280396,-1.267042636871338,0.041377075016498566,0.04725966975092888,0.12686727941036224
1503,-1.2049403190612793,-1.326177954673767,0.06024916470050812,0.06098836660385132,0.12683050334453583
1504,-0.9704008102416992,-1.0697778463363647,0.049784883856773376,0.049592114984989166,0.12679383158683777
1505,-1.1108273267745972,-1.2385146617889404,0.06421730667352676,0.06346995383501053,0.1267571598291397
1506,-1.092941403388977,-1.166168451309204,0.03982095420360565,0.0334060899913311,0.12672053277492523
1507,-1.2496739625930786,-1.3714197874069214,0.0674852803349495,0.05426052585244179,0.12668395042419434
1508,-1.068935751914978,-1.2506089210510254,0.10079585015773773,0.08087725192308426,0.1266472339630127
1509,-1.0642776489257812,-1.2153544425964355,0.07691864669322968,0.0741581991314888,0.12661075592041016
1510,-1.1676729917526245,-1.230134129524231,0.030862227082252502,0.03159896284341812,0.12657436728477478
1511,-1.2089567184448242,-1.2838702201843262,0.03491084650158882,0.040002644062042236,0.12653766572475433
1512,-1.1724762916564941,-1.2743710279464722,0.06054425612092018,0.041350431740283966,0.12650108337402344
1513,-1.1182265281677246,-1.1835682392120361,0.03297081217169762,0.0323709100484848,0.1264645904302597
1514,-0.9420940279960632,-1.0422999858856201,0.04462600499391556,0.055579978972673416,0.12642802298069
1515,-1.3133279085159302,-1.3612626791000366,0.029675167053937912,0.018259702250361443,0.1263914704322815
1516,-1.474671721458435,-1.5800955295562744,0.055419258773326874,0.050004635006189346,0.12635500729084015
1517,-0.8963323831558228,-1.0578473806381226,0.08721168339252472,0.07430335879325867,0.12631858885288239
1518,-1.1255228519439697,-1.212322473526001,0.03893529251217842,0.04786437004804611,0.12628215551376343
1519,-1.2596951723098755,-1.329150915145874,0.03919770568609238,0.030258039012551308,0.1262456774711609
1520,-1.3255623579025269,-1.4182240962982178,0.039958782494068146,0.05270286276936531,0.1262090504169464
1521,-1.0495924949645996,-1.1081207990646362,0.02877480536699295,0.029753386974334717,0.12617246806621552
1522,-1.1188949346542358,-1.246769905090332,0.0660320594906807,0.061842892318964005,0.12613579630851746
1523,-1.066144585609436,-1.1909675598144531,0.05830753967165947,0.06651541590690613,0.12609899044036865
1524,-1.1531867980957031,-1.2381906509399414,0.045816726982593536,0.03918708860874176,0.12606237828731537
1525,-1.3079421520233154,-1.4197477102279663,0.0529465414583683,0.05885903164744377,0.12602587044239044
1526,-1.1058838367462158,-1.1649290323257446,0.029833056032657623,0.02921207807958126,0.12598909437656403
1527,-0.750821590423584,-0.8523318767547607,0.05196914076805115,0.04954112693667412,0.12595218420028687
1528,-1.2603610754013062,-1.3904778957366943,0.06212165951728821,0.06799521297216415,0.12591540813446045
1529,-1.2662311792373657,-1.34945547580719,0.044699348509311676,0.03852496296167374,0.12587881088256836
1530,-1.3595669269561768,-1.6220353841781616,0.12978801131248474,0.13268046081066132,0.1258423626422882
1531,-1.221712350845337,-1.37790846824646,0.08635871857404709,0.06983749568462372,0.1258057951927185
1532,-1.0917980670928955,-1.2135577201843262,0.061083532869815826,0.06067607179284096,0.12576952576637268
1533,-1.0633633136749268,-1.2093877792358398,0.06679653376340866,0.07922792434692383,0.12573301792144775
1534,-1.3453686237335205,-1.449662208557129,0.048927921801805496,0.05536568537354469,0.12569665908813477
1535,-0.9805591106414795,-1.0695761442184448,0.04316752776503563,0.04584956169128418,0.12566016614437103
1536,-0.9469478726387024,-1.076198697090149,0.06678088009357452,0.06246987730264664,0.1256236732006073
1537,-1.5502814054489136,-1.5981061458587646,0.02516498789191246,0.02265981398522854,0.12558740377426147
1538,-1.2027031183242798,-1.313640832901001,0.054114118218421936,0.05682360753417015,0.1255510300397873
1539,-1.3772538900375366,-1.4677715301513672,0.04674317687749863,0.04377453774213791,0.1255144327878952
1540,-1.0646637678146362,-1.1209275722503662,0.028073236346244812,0.028190605342388153,0.1254778355360031
1541,-1.1312651634216309,-1.3873074054718018,0.13465936481952667,0.12138280272483826,0.1254410743713379
1542,-1.159191370010376,-1.3820124864578247,0.1116165891289711,0.11120446771383286,0.12540456652641296
1543,-1.0424463748931885,-1.178351640701294,0.07231436669826508,0.06359092891216278,0.1253681778907776
1544,-1.1407138109207153,-1.2200580835342407,0.04317425936460495,0.03617002069950104,0.1253318041563034
1545,-1.0823838710784912,-1.1996392011642456,0.05908239260315895,0.05817293003201485,0.12529556453227997
1546,-0.9856237769126892,-1.1886632442474365,0.1075647622346878,0.09547468274831772,0.12525951862335205
1547,-0.8287150859832764,-1.0688785314559937,0.11224517971277237,0.12791821360588074,0.1252230852842331
1548,-1.216035008430481,-1.3030033111572266,0.04649089276790619,0.04047738388180733,0.12518690526485443
1549,-1.0151822566986084,-1.1729379892349243,0.08329214155673981,0.07446363568305969,0.1251508891582489
1550,-1.1313928365707397,-1.2634546756744385,0.06775821000337601,0.06430360674858093,0.12511463463306427
1551,-1.1592543125152588,-1.3102554082870483,0.07109183073043823,0.07990928739309311,0.12507814168930054
1552,-1.2736188173294067,-1.4305156469345093,0.07316185534000397,0.08373500406742096,0.1250418722629547
1553,-1.2404582500457764,-1.3593958616256714,0.06310288608074188,0.05583476647734642,0.125005841255188
1554,-1.1060585975646973,-1.220855951309204,0.056002214550971985,0.05879509076476097,0.12496992945671082
1555,-1.0620331764221191,-1.1971821784973145,0.06787092983722687,0.06727802008390427,0.12493385374546051
1556,-0.966105043888092,-1.024701476097107,0.031402576714754105,0.027193857356905937,0.12489799410104752
1557,-1.2207753658294678,-1.2891141176223755,0.03712138533592224,0.031217357143759727,0.1248621791601181
1558,-1.3670027256011963,-1.487036108970642,0.07051022350788116,0.04952316731214523,0.12482646107673645
1559,-1.3245488405227661,-1.3744299411773682,0.025330033153295517,0.02455107495188713,0.12479081004858017
1560,-1.217197299003601,-1.3435801267623901,0.05827447026968002,0.06810835003852844,0.12475532293319702
1561,-0.7326958775520325,-1.0736417770385742,0.1657668501138687,0.17517904937267303,0.12471981346607208
1562,-1.0053741931915283,-1.1108407974243164,0.05724124610424042,0.04822545126080513,0.1246844008564949
1563,-1.205439567565918,-1.3694783449172974,0.07689880579710007,0.08714000880718231,0.12464894354343414
1564,-1.210036039352417,-1.4047731161117554,0.0967506542801857,0.09798650443553925,0.12461334466934204
1565,-1.0380884408950806,-1.1995701789855957,0.07739777117967606,0.0840839296579361,0.12457811832427979
1566,-1.3250268697738647,-1.3947782516479492,0.032751381397247314,0.037000078707933426,0.12454277276992798
1567,-1.094376802444458,-1.2042536735534668,0.056825801730155945,0.053051140159368515,0.12450765073299408
1568,-1.0548595190048218,-1.124582052230835,0.03405367583036423,0.03566886484622955,0.12447269260883331
1569,-1.0836139917373657,-1.2293317317962646,0.07742305845022202,0.06829461455345154,0.124437615275383
1570,-1.4079399108886719,-1.4907031059265137,0.04242594540119171,0.0403372161090374,0.12440234422683716
1571,-1.4824720621109009,-1.608301043510437,0.059963829815387726,0.06586520373821259,0.12436699867248535
1572,-0.965725302696228,-1.1713160276412964,0.1049652248620987,0.10062553733587265,0.12433148175477982
1573,-1.3559499979019165,-1.444911003112793,0.049571722745895386,0.0393892303109169,0.12429585307836533
1574,-1.3047573566436768,-1.4581382274627686,0.07815152406692505,0.0752294659614563,0.1242602989077568
1575,-1.2936948537826538,-1.4358439445495605,0.06844506412744522,0.07370404154062271,0.12422499060630798
1576,-1.2087366580963135,-1.3069636821746826,0.05381527915596962,0.04441181942820549,0.12419004738330841
1577,-1.239938497543335,-1.390590786933899,0.07658271491527557,0.07406966388225555,0.12415511161088943
1578,-0.92903071641922,-1.0485846996307373,0.055933184921741486,0.06362079083919525,0.12412001192569733
1579,-0.7848495841026306,-0.9321473836898804,0.07245629280805588,0.07484152168035507,0.12408456206321716
1580,-1.1060487031936646,-1.1944165229797363,0.05130027234554291,0.037067484110593796,0.12404930591583252
1581,-1.156162142753601,-1.3042312860488892,0.0760592371225357,0.07200989872217178,0.12401419878005981
1582,-1.2911255359649658,-1.3853245973587036,0.04807750880718231,0.04612161964178085,0.12397922575473785
1583,-1.344897747039795,-1.452648639678955,0.06155428662896156,0.04619660601019859,0.1239442378282547
1584,-0.9181836247444153,-1.0540578365325928,0.06730964779853821,0.06856457889080048,0.1239088699221611
1585,-1.1107234954833984,-1.2450637817382812,0.06422407925128937,0.07011615484952927,0.12387342005968094
1586,-1.0580544471740723,-1.2007354497909546,0.06472726911306381,0.07795368880033493,0.12383795529603958
1587,-1.3507274389266968,-1.420775055885315,0.03631286323070526,0.033734843134880066,0.12380247563123703
1588,-1.0334036350250244,-1.094333291053772,0.028950966894626617,0.03197874501347542,0.12376679480075836
1589,-1.2168960571289062,-1.2775168418884277,0.030031172558665276,0.030589569360017776,0.1237315982580185
1590,-1.062558889389038,-1.2119801044464111,0.0771763026714325,0.07224485278129578,0.12369652092456818
1591,-1.2123397588729858,-1.368962287902832,0.07752738147974014,0.07909514009952545,0.12366143614053726
1592,-0.99176424741745,-1.0734810829162598,0.04319868981838226,0.03851814568042755,0.12362641096115112
1593,-0.8454915285110474,-0.9815477132797241,0.06486382335424423,0.07119238376617432,0.12359105050563812
1594,-1.2126597166061401,-1.3923311233520508,0.095424123108387,0.08424719423055649,0.12355571985244751
1595,-1.1714789867401123,-1.3043897151947021,0.06906336545944214,0.06384731084108353,0.12352058291435242
1596,-1.125268816947937,-1.3272825479507446,0.10350195318460464,0.09851184487342834,0.1234852522611618
1597,-1.336052417755127,-1.390028953552246,0.030162766575813293,0.023813772946596146,0.12344983965158463
1598,-1.168166160583496,-1.278069257736206,0.04870139807462692,0.06120169535279274,0.12341425567865372
1599,-1.246658205986023,-1.3470412492752075,0.04631932079792023,0.05406372249126434,0.12337895482778549
1600,-1.2149821519851685,-1.3095563650131226,0.042560476809740067,0.05201378092169762,0.12334384024143219
1601,-1.1110625267028809,-1.3695799112319946,0.12863941490650177,0.12987789511680603,0.1233082264661789
1602,-1.164933681488037,-1.284446120262146,0.06726859509944916,0.05224385857582092,0.1232728660106659
1603,-1.1189378499984741,-1.1910598278045654,0.03696943074464798,0.035152535885572433,0.12323743104934692
1604,-1.2469292879104614,-1.315378189086914,0.03633372485637665,0.03211526200175285,0.12320226430892944
1605,-1.204196572303772,-1.3731539249420166,0.0941486731171608,0.0748087614774704,0.12316728383302689
1606,-1.1068400144577026,-1.2182869911193848,0.05319887027144432,0.0582481324672699,0.12313234061002731
1607,-1.2672653198242188,-1.3643453121185303,0.042938172817230225,0.05414171889424324,0.12309744209051132
1608,-1.2952452898025513,-1.402408480644226,0.059115439653396606,0.04804780334234238,0.12306272983551025
1609,-1.0412617921829224,-1.1933408975601196,0.0746554583311081,0.07742373645305634,0.12302770465612411
1610,-1.2472811937332153,-1.3524938821792603,0.050633497536182404,0.05457908287644386,0.12299244850873947
1611,-1.1516153812408447,-1.2413386106491089,0.04235168918967247,0.0473715215921402,0.12295694649219513
1612,-1.0644676685333252,-1.2953588962554932,0.11904294788837433,0.11184825748205185,0.12292147427797318
1613,-1.3818126916885376,-1.4632365703582764,0.037393976002931595,0.04402992129325867,0.12288596481084824
1614,-1.2540792226791382,-1.3355215787887573,0.034682631492614746,0.04675969108939171,0.1228504553437233
1615,-1.0066124200820923,-1.1691746711730957,0.08587219566106796,0.07669011503458023,0.12281525880098343
1616,-1.1361242532730103,-1.3231940269470215,0.09827573597431183,0.0887940376996994,0.12277977168560028
1617,-0.8753555417060852,-1.0927833318710327,0.09198121726512909,0.1254466027021408,0.12274400889873505
1618,-1.2810181379318237,-1.4709827899932861,0.09466540813446045,0.09529920667409897,0.12270822376012802
1619,-1.3959474563598633,-1.4790395498275757,0.03646004572510719,0.04663201421499252,0.12267212569713593
1620,-1.4317326545715332,-1.5830482244491577,0.0707903578877449,0.08052511513233185,0.12263603508472443
1621,-1.0809853076934814,-1.292250394821167,0.1113109290599823,0.09995417296886444,0.1226000189781189
1622,-1.1061729192733765,-1.205928087234497,0.048965781927108765,0.05078936368227005,0.12256363779306412
1623,-1.0913383960723877,-1.167773723602295,0.03800484538078308,0.038430456072092056,0.1225275844335556
1624,-1.1782867908477783,-1.310188889503479,0.0698336586356163,0.06206844747066498,0.12249168753623962
1625,-1.3791487216949463,-1.4498839378356934,0.03557545691728592,0.035159654915332794,0.12245573848485947
1626,-1.0981857776641846,-1.2208328247070312,0.05607220530509949,0.06657476723194122,0.12241983413696289
1627,-1.012092113494873,-1.1274092197418213,0.05996199697256088,0.05535510554909706,0.12238422781229019
1628,-0.9738970994949341,-1.1115599870681763,0.06578317284584045,0.07187972962856293,0.12234916538000107
1629,-1.3754316568374634,-1.4774374961853027,0.05032078176736832,0.051685042679309845,0.12231390178203583
1630,-0.9887435436248779,-1.0825151205062866,0.049872465431690216,0.0438990443944931,0.1222786232829094
1631,-1.258886694908142,-1.3398652076721191,0.03807796165347099,0.04290056973695755,0.12224311381578445
1632,-1.2230498790740967,-1.3508597612380981,0.0635305866599083,0.06427925825119019,0.12220729887485504
1633,-1.5060193538665771,-1.5939077138900757,0.04307198151946068,0.04481632262468338,0.12217100709676743
1634,-1.097686529159546,-1.1527830362319946,0.02565324492752552,0.02944323606789112,0.12213506549596786
1635,-1.3203867673873901,-1.3968756198883057,0.03671928122639656,0.03976956754922867,0.12209916859865189
1636,-1.371316909790039,-1.4373944997787476,0.031958118081092834,0.034119535237550735,0.12206318974494934
1637,-1.2079942226409912,-1.2916513681411743,0.04004083201289177,0.04361625760793686,0.1220271959900856
1638,-1.4643442630767822,-1.6540817022323608,0.09715240448713303,0.09258508682250977,0.12199147790670395
1639,-1.2229748964309692,-1.2822985649108887,0.02514031156897545,0.03418340906500816,0.12195564806461334
1640,-1.258122205734253,-1.3611667156219482,0.04917823150753975,0.05386632680892944,0.12191988527774811
1641,-1.1330558061599731,-1.1759604215621948,0.023470459505915642,0.019434263929724693,0.12188442796468735
1642,-1.1491276025772095,-1.2707390785217285,0.06655984371900558,0.05505164712667465,0.1218491867184639
1643,-0.6428989171981812,-0.7733089923858643,0.07272341847419739,0.057686686515808105,0.12181418389081955
1644,-1.1317986249923706,-1.2445671558380127,0.07129692286252975,0.04147159680724144,0.12177910655736923
1645,-0.9593462944030762,-1.0856797695159912,0.06633524596691132,0.059998296201229095,0.12174371629953384
1646,-0.9090457558631897,-1.0663330554962158,0.07893538475036621,0.07835190743207932,0.12170866131782532
1647,-1.0893629789352417,-1.1760350465774536,0.04491817578673363,0.04175388440489769,0.1216740757226944
1648,-1.4359638690948486,-1.5247067213058472,0.03900296613574028,0.049739815294742584,0.12163953483104706
1649,-1.3871049880981445,-1.4782731533050537,0.046755388379096985,0.0444127656519413,0.12160508334636688
1650,-1.15094792842865,-1.2154443264007568,0.030020438134670258,0.03447587043046951,0.1215708777308464
1651,-1.394927740097046,-1.5096595287322998,0.06027677655220032,0.05445503443479538,0.12153676897287369
1652,-1.2439913749694824,-1.3102182149887085,0.033986181020736694,0.03224068880081177,0.12150277942419052
1653,-1.3110774755477905,-1.3794708251953125,0.03821330517530441,0.030180130153894424,0.12146918475627899
1654,-1.1621931791305542,-1.2587478160858154,0.04181397706270218,0.054740630090236664,0.12143544852733612
1655,-1.2182685136795044,-1.2759140729904175,0.030073216184973717,0.02757233940064907,0.12140145897865295
1656,-1.09331476688385,-1.1420040130615234,0.028552113100886345,0.0201372429728508,0.12136717140674591
1657,-0.7987723350524902,-0.936327338218689,0.06987959891557693,0.06767542660236359,0.12133245170116425
1658,-1.0656131505966187,-1.1819804906845093,0.05364862084388733,0.06271873414516449,0.12129736691713333
1659,-1.2113194465637207,-1.3408735990524292,0.06759713590145111,0.06195705011487007,0.1212623193860054
1660,-0.8475828170776367,-1.031860113143921,0.08538089692592621,0.09889641404151917,0.12122722715139389
1661,-1.5153721570968628,-1.6073009967803955,0.039082370698451996,0.052846428006887436,0.12119234353303909
1662,-1.3528708219528198,-1.4338829517364502,0.04100422561168671,0.04000798240303993,0.12115779519081116
1663,-1.20926833152771,-1.380718469619751,0.09459881484508514,0.07685139775276184,0.12112327665090561
1664,-1.367189884185791,-1.4349104166030884,0.034233540296554565,0.033486951142549515,0.12108874320983887
1665,-1.255854845046997,-1.383772850036621,0.06863826513290405,0.05927971377968788,0.12105404585599899
1666,-1.3602147102355957,-1.4372605085372925,0.041766535490751266,0.03527930751442909,0.1210193932056427
1667,-0.9939484000205994,-1.070204734802246,0.03782195597887039,0.038434334099292755,0.12098482996225357
1668,-1.2660573720932007,-1.3304381370544434,0.030581049621105194,0.03379971534013748,0.12095025181770325
1669,-1.323815107345581,-1.4192144870758057,0.050719816237688065,0.04467947781085968,0.12091542035341263
1670,-1.5705575942993164,-1.6854039430618286,0.053861141204833984,0.060985174030065536,0.12088057398796082
1671,-1.2502713203430176,-1.3261789083480835,0.03747263550758362,0.03843497857451439,0.12084567546844482
1672,-0.7688733339309692,-0.8618134260177612,0.048133525997400284,0.044806525111198425,0.12081073224544525
1673,-1.242358922958374,-1.2856879234313965,0.02478017285466194,0.018548861145973206,0.12077571451663971
1674,-1.0195417404174805,-1.1633391380310059,0.07617539167404175,0.06762199103832245,0.12074044346809387
1675,-1.1119194030761719,-1.1740303039550781,0.03184950724244118,0.030261345207691193,0.12070503830909729
1676,-1.3001987934112549,-1.456129550933838,0.07269689440727234,0.08323382586240768,0.12066958844661713
1677,-1.0463629961013794,-1.126867413520813,0.03876602649688721,0.0417383573949337,0.12063440680503845
1678,-1.0328205823898315,-1.1467517614364624,0.06265508383512497,0.0512760654091835,0.12059935182332993
1679,-1.0093178749084473,-1.1592122316360474,0.07299599051475525,0.07689831405878067,0.1205642819404602
1680,-1.0742440223693848,-1.180463194847107,0.059043653309345245,0.047175489366054535,0.12052930146455765
1681,-0.8118705749511719,-0.9786635041236877,0.08631248027086258,0.0804804265499115,0.12049399316310883
1682,-1.2046653032302856,-1.292877197265625,0.04237501323223114,0.045836906880140305,0.12045880407094955
1683,-0.9407758712768555,-1.0791633129119873,0.06680706888437271,0.0715804249048233,0.12042351067066193
1684,-1.4796693325042725,-1.5338228940963745,0.024346904829144478,0.029806574806571007,0.12038849294185638
1685,-1.191938042640686,-1.3031909465789795,0.05276891589164734,0.05848393961787224,0.12035322189331055
1686,-1.1783899068832397,-1.230600357055664,0.026195146143436432,0.026015272364020348,0.12031807750463486
1687,-1.179604411125183,-1.26395583152771,0.03913417458534241,0.04521729424595833,0.12028279900550842
1688,-0.9413954019546509,-1.0590144395828247,0.0614265613257885,0.056192487478256226,0.12024761736392975
1689,-1.306136965751648,-1.4336509704589844,0.06530670076608658,0.06220734491944313,0.1202128678560257
1690,-1.249388337135315,-1.3693057298660278,0.05830216780304909,0.0616152361035347,0.12017799913883209
1691,-1.4063462018966675,-1.5207760334014893,0.057647258043289185,0.05678265541791916,0.12014347314834595
1692,-1.061950922012329,-1.151324987411499,0.04538367688655853,0.04399043321609497,0.12010890245437622
1693,-1.1959141492843628,-1.221181869506836,0.011383097618818283,0.01388465240597725,0.12007440626621246
1694,-1.3892275094985962,-1.4879860877990723,0.05158725753426552,0.04717133939266205,0.12003973871469498
1695,-0.9743788242340088,-1.028078556060791,0.029007025063037872,0.024692712351679802,0.12000517547130585
1696,-0.9237237572669983,-1.0022008419036865,0.037766773253679276,0.04071035608649254,0.11997029930353165
1697,-1.3429207801818848,-1.4876129627227783,0.07400669157505035,0.07068552076816559,0.11993566900491714
1698,-1.2989943027496338,-1.4315849542617798,0.06850537657737732,0.06408526003360748,0.1199008971452713
1699,-1.1545075178146362,-1.264878749847412,0.04498312994837761,0.06538808345794678,0.1198657751083374
1700,-0.7520867586135864,-0.9323258399963379,0.08374494314193726,0.09649410843849182,0.11983048170804977
1701,-1.1008621454238892,-1.2200409173965454,0.05965520069003105,0.05952354520559311,0.11979546397924423
1702,-1.072052240371704,-1.160311222076416,0.044160302728414536,0.044098760932683945,0.11976039409637451
1703,-1.0770909786224365,-1.157416820526123,0.03960547596216202,0.040720317512750626,0.11972539126873016
1704,-1.2151392698287964,-1.3019909858703613,0.04651257395744324,0.040339112281799316,0.11969037353992462
1705,-1.2917455434799194,-1.3761667013168335,0.04206179827451706,0.042359404265880585,0.11965522170066833
1706,-1.160194993019104,-1.241221308708191,0.0391380712389946,0.04188819229602814,0.11962008476257324
1707,-1.295209527015686,-1.3746333122253418,0.04209315776824951,0.037330642342567444,0.11958497762680054
1708,-1.316403865814209,-1.377695083618164,0.03120839037001133,0.030082866549491882,0.11954966187477112
1709,-1.2230645418167114,-1.2689697742462158,0.020577771589159966,0.025327486917376518,0.11951406300067902
1710,-1.111674427986145,-1.2522929906845093,0.07935059070587158,0.06126794591546059,0.1194787323474884
1711,-1.274567723274231,-1.3779672384262085,0.05171012505888939,0.05168934166431427,0.11944333463907242
1712,-1.219741940498352,-1.3971418142318726,0.08918513357639313,0.08821473270654678,0.11940805613994598
1713,-1.5774154663085938,-1.646549940109253,0.03475197032094002,0.034382522106170654,0.11937315762042999
1714,-1.4603829383850098,-1.5043752193450928,0.02481166087090969,0.01918070577085018,0.11933804303407669
1715,-1.025903344154358,-1.0969250202178955,0.032497208565473557,0.038524456322193146,0.11930293589830399
1716,-1.4829089641571045,-1.6677978038787842,0.09611687064170837,0.08877188712358475,0.11926820874214172
1717,-1.089193344116211,-1.1552445888519287,0.03818023204803467,0.02787098102271557,0.11923329532146454
1718,-1.350459337234497,-1.4571125507354736,0.05489964038133621,0.05175356939435005,0.11919859051704407
1719,-1.4647578001022339,-1.619418978691101,0.07873115688562393,0.07593003660440445,0.1191638708114624
1720,-1.070786952972412,-1.1226407289505005,0.02238808013498783,0.02946563996374607,0.11912895739078522
1721,-1.151168704032898,-1.2858574390411377,0.07887636870145798,0.055812396109104156,0.11909408122301102
1722,-1.1354913711547852,-1.2196457386016846,0.045570969581604004,0.03858339414000511,0.11905919015407562
1723,-0.9101647734642029,-1.0147625207901,0.04881742224097252,0.05578036606311798,0.11902431398630142
1724,-1.1799665689468384,-1.264512538909912,0.04231938719749451,0.04222654923796654,0.11898952722549438
1725,-1.1072630882263184,-1.1786617040634155,0.033359356224536896,0.038039226084947586,0.1189546063542366
1726,-0.8371223211288452,-1.0216801166534424,0.09353940188884735,0.09101836383342743,0.11891981214284897
1727,-1.2958520650863647,-1.4202003479003906,0.06492966413497925,0.05941854417324066,0.1188851147890091
1728,-1.2683970928192139,-1.364783525466919,0.049180760979652405,0.04720570147037506,0.11885062605142593
1729,-1.0327856540679932,-1.1808085441589355,0.07344341278076172,0.07457946240901947,0.11881628632545471
1730,-1.078594446182251,-1.1434003114700317,0.030661050230264664,0.03414476290345192,0.1187819316983223
1731,-0.9754071235656738,-1.080207347869873,0.05481858178973198,0.04998157173395157,0.1187475249171257
1732,-1.0351234674453735,-1.211441159248352,0.08545944094657898,0.09085822105407715,0.11871305108070374
1733,-1.1874648332595825,-1.30413818359375,0.05733930692076683,0.059334009885787964,0.11867863684892654
1734,-1.3657174110412598,-1.4616260528564453,0.04753229394555092,0.04837627336382866,0.11864423006772995
1735,-1.0655653476715088,-1.1072331666946411,0.022789601236581802,0.018878215923905373,0.11861000955104828
1736,-1.1870063543319702,-1.2875041961669922,0.05577116459608078,0.04472672939300537,0.11857571452856064
1737,-1.0939747095108032,-1.180820107460022,0.044526517391204834,0.04231897369027138,0.11854150891304016
1738,-1.2713401317596436,-1.3485794067382812,0.03600171580910683,0.04123762622475624,0.11850711703300476
1739,-1.0136579275131226,-1.1516056060791016,0.07504582405090332,0.06290183216333389,0.11847259849309921
1740,-1.0990723371505737,-1.2500569820404053,0.08157975971698761,0.06940481066703796,0.11843831092119217
1741,-1.2222917079925537,-1.2976139783859253,0.037512656301259995,0.037809666246175766,0.11840400844812393
1742,-1.1886968612670898,-1.3078868389129639,0.06274351477622986,0.05644640326499939,0.11836963146924973
1743,-1.27019202709198,-1.3423248529434204,0.03879324346780777,0.03333964943885803,0.11833548545837402
1744,-1.112127661705017,-1.1727098226547241,0.02852880209684372,0.032053373754024506,0.11830124258995056
1745,-1.2374786138534546,-1.323479175567627,0.041952405124902725,0.044048190116882324,0.11826720088720322
1746,-1.574991226196289,-1.6369693279266357,0.03290076553821564,0.029077347368001938,0.118232861161232
1747,-1.417194128036499,-1.4820854663848877,0.032838765531778336,0.03205246105790138,0.11819836497306824
1748,-0.8929155468940735,-1.0494643449783325,0.08517234772443771,0.07137642800807953,0.1181638240814209
1749,-1.1076703071594238,-1.1961085796356201,0.045149415731430054,0.043288860470056534,0.11812940239906311
1750,-0.9201741814613342,-1.0248136520385742,0.05247574672102928,0.052163705229759216,0.11809495836496353
1751,-0.9814878106117249,-1.0321900844573975,0.024454979225993156,0.026247313246130943,0.11806067079305649
1752,-1.2251192331314087,-1.3017526865005493,0.04306243360042572,0.033571042120456696,0.118026502430439
1753,-1.2285486459732056,-1.278149127960205,0.02636025659739971,0.02324017882347107,0.1179925724864006
1754,-0.9568178653717041,-1.0123963356018066,0.024242784827947617,0.03133571147918701,0.1179584264755249
1755,-1.1046725511550903,-1.1767781972885132,0.03645947948098183,0.03564615175127983,0.1179242879152298
1756,-0.7013599276542664,-0.7974605560302734,0.048879534006118774,0.04722112417221069,0.11789010465145111
1757,-1.1471223831176758,-1.2319828271865845,0.03653506934642792,0.048325471580028534,0.11785592883825302
1758,-1.2249423265457153,-1.2995045185089111,0.03736516833305359,0.037196964025497437,0.11782193928956985
1759,-1.1985121965408325,-1.2819451093673706,0.03512399271130562,0.048308972269296646,0.11778806149959564
1760,-1.19846773147583,-1.3417500257492065,0.07203750312328339,0.07124487310647964,0.11775411665439606
1761,-1.1247807741165161,-1.2036808729171753,0.03762494772672653,0.04127516224980354,0.11771998554468155
1762,-0.9908965229988098,-1.2295222282409668,0.12517771124839783,0.11344794929027557,0.11768588423728943
1763,-1.2937233448028564,-1.3641847372055054,0.029633548110723495,0.04082784056663513,0.11765202134847641
1764,-1.288694977760315,-1.383176326751709,0.047304823994636536,0.047176484018564224,0.11761820316314697
1765,-1.0436304807662964,-1.1338366270065308,0.044322408735752106,0.04588380828499794,0.11758441478013992
1766,-1.3192106485366821,-1.5178375244140625,0.09512799978256226,0.10349876433610916,0.1175508052110672
1767,-1.2054780721664429,-1.2891582250595093,0.03511778265237808,0.048562414944171906,0.11751709878444672
1768,-1.0656331777572632,-1.129688024520874,0.03147429972887039,0.03258047252893448,0.1174834817647934
1769,-1.2034554481506348,-1.311309814453125,0.051068663597106934,0.056785691529512405,0.11744973063468933
1770,-1.1626595258712769,-1.2923192977905273,0.07498699426651001,0.05467289313673973,0.11741551756858826
1771,-1.190068006515503,-1.2867472171783447,0.04641319438815117,0.05026603490114212,0.1173812597990036
1772,-0.9633821845054626,-1.1285409927368164,0.08775794506072998,0.07740084826946259,0.11734703183174133
1773,-0.9702655076980591,-1.0286710262298584,0.02531331032514572,0.03309227153658867,0.11731290817260742
1774,-1.2416445016860962,-1.2938098907470703,0.0314306914806366,0.020734693855047226,0.11727920919656754
1775,-1.1481807231903076,-1.329841136932373,0.10505334287881851,0.07660714536905289,0.11724607646465302
1776,-1.1309856176376343,-1.2481286525726318,0.05966003239154816,0.05748296529054642,0.11721307039260864
1777,-1.0325441360473633,-1.1441453695297241,0.05655006319284439,0.05505117028951645,0.11718015372753143
1778,-0.7327561974525452,-0.8274005651473999,0.050903644412755966,0.04374074935913086,0.11714688688516617
1779,-1.176090955734253,-1.2611631155014038,0.04022497311234474,0.04484717920422554,0.11711356788873672
1780,-1.1130177974700928,-1.182194471359253,0.03302723914384842,0.036149438470602036,0.1170802116394043
1781,-1.0697462558746338,-1.1911712884902954,0.05779806151986122,0.06362698972225189,0.11704704910516739
1782,-1.309714913368225,-1.3635002374649048,0.02476966567337513,0.02901565469801426,0.11701367795467377
1783,-1.0733647346496582,-1.1618894338607788,0.043776798993349075,0.0447479784488678,0.11698037385940552
1784,-1.285294771194458,-1.323972225189209,0.018471701070666313,0.020205749198794365,0.1169469952583313
1785,-1.5364716053009033,-1.592312216758728,0.02918439358472824,0.026656297966837883,0.11691362410783768
1786,-1.0604180097579956,-1.1222515106201172,0.031887348741292953,0.02994622476398945,0.11688020825386047
1787,-1.20016610622406,-1.3234589099884033,0.06374596059322357,0.059546831995248795,0.11684705317020416
1788,-1.1488063335418701,-1.2614052295684814,0.049653150141239166,0.06294578313827515,0.11681365221738815
1789,-1.1557344198226929,-1.206780195236206,0.026108257472515106,0.024937491863965988,0.11678015440702438
1790,-1.2991347312927246,-1.3932853937149048,0.04925515502691269,0.04489551857113838,0.11674627661705017
1791,-0.9814643263816833,-1.0466127395629883,0.03236883133649826,0.03277962654829025,0.11671234667301178
1792,-1.0052305459976196,-1.13839852809906,0.0659194141626358,0.06724855303764343,0.11667820811271667
1793,-0.7619571685791016,-0.851220428943634,0.04771442711353302,0.04154885560274124,0.11664411425590515
1794,-1.071844220161438,-1.1630165576934814,0.04822468012571335,0.04294760897755623,0.11660999059677124
1795,-1.083939552307129,-1.3816089630126953,0.14931529760360718,0.14835411310195923,0.11657577753067017
1796,-0.908086359500885,-1.0046465396881104,0.04587837681174278,0.050681814551353455,0.11654137074947357
1797,-0.9765742421150208,-1.0550477504730225,0.03925713524222374,0.03921631723642349,0.11650709062814713
1798,-0.9237261414527893,-1.0066068172454834,0.046198755502700806,0.03668196499347687,0.11647284030914307
1799,-1.095543384552002,-1.1819981336593628,0.043599650263786316,0.04285508394241333,0.11643852293491364
1800,-1.1748515367507935,-1.239260196685791,0.0383412130177021,0.02606751024723053,0.11640430241823196
1801,-1.0228670835494995,-1.080307960510254,0.02986050397157669,0.02758040651679039,0.11636999994516373
1802,-1.11330246925354,-1.2240995168685913,0.06208091229200363,0.048716187477111816,0.11633582413196564
1803,-1.262209177017212,-1.3352024555206299,0.03842572495341301,0.034567609429359436,0.11630138009786606
1804,-0.8116856217384338,-0.9039846062660217,0.04322797432541847,0.04907100275158882,0.1162668913602829
1805,-1.2198960781097412,-1.271304726600647,0.02587733417749405,0.02553125098347664,0.11623258143663406
1806,-1.1931123733520508,-1.2911522388458252,0.053394801914691925,0.044645026326179504,0.11619833111763
1807,-1.349682092666626,-1.4094724655151367,0.02904018759727478,0.030750129371881485,0.11616423726081848
1808,-1.2031527757644653,-1.2993284463882446,0.04238373041152954,0.053791873157024384,0.1161300390958786
1809,-1.0517505407333374,-1.1790987253189087,0.05726331099867821,0.07008490711450577,0.11609593033790588
1810,-1.0268841981887817,-1.0788697004318237,0.021741800010204315,0.030243733897805214,0.11606194823980331
1811,-1.2395453453063965,-1.4354147911071777,0.09805049002170563,0.09781894832849503,0.11602799594402313
1812,-0.939207136631012,-0.9824954867362976,0.024213459342718124,0.019074920564889908,0.11599375307559967
1813,-1.0187604427337646,-1.1710361242294312,0.0800412967801094,0.07223443686962128,0.11595936119556427
1814,-0.9064856767654419,-0.9887332320213318,0.03992588073015213,0.04232168570160866,0.11592485755681992
1815,-1.0337358713150024,-1.0940098762512207,0.029570743441581726,0.030703334137797356,0.11589042842388153
1816,-1.4861891269683838,-1.5632989406585693,0.04479154571890831,0.03231823444366455,0.11585622280836105
1817,-1.0260564088821411,-1.250561237335205,0.11150394380092621,0.11300090700387955,0.11582183837890625
1818,-1.1060158014297485,-1.2205052375793457,0.05650243163108826,0.05798695981502533,0.11578746885061264
1819,-1.2596803903579712,-1.3655089139938354,0.05259184166789055,0.05323677137494087,0.11575304716825485
1820,-1.1405867338180542,-1.2247408628463745,0.0481707938015461,0.03598333150148392,0.11571861058473587
1821,-0.8515989780426025,-0.952605128288269,0.05334905907511711,0.04765709117054939,0.11568432301282883
1822,-1.3981558084487915,-1.5413893461227417,0.07338479906320572,0.06984882056713104,0.11565010249614716
1823,-0.9704973697662354,-1.1033155918121338,0.0719422996044159,0.06087590008974075,0.11561605334281921
1824,-0.9798256158828735,-1.0795807838439941,0.048444874584674835,0.051310326904058456,0.11558206379413605
1825,-1.247107982635498,-1.342247486114502,0.04185596853494644,0.053283609449863434,0.11554811894893646
1826,-0.9819940328598022,-1.0299636125564575,0.021432898938655853,0.02653670310974121,0.11551377177238464
1827,-1.349083423614502,-1.4812984466552734,0.059500012546777725,0.07271508872509003,0.11547935009002686
1828,-1.3009264469146729,-1.3585169315338135,0.02481980435550213,0.03277065232396126,0.11544538289308548
1829,-1.1704814434051514,-1.2532731294631958,0.04189880192279816,0.040892817080020905,0.11541147530078888
1830,-1.29270601272583,-1.390950083732605,0.050347067415714264,0.04789692535996437,0.11537744849920273
1831,-1.5242544412612915,-1.626565933227539,0.053160831332206726,0.049150727689266205,0.1153436154127121
1832,-1.4155241250991821,-1.5070081949234009,0.04747156798839569,0.04401254281401634,0.11530987918376923
1833,-1.0656476020812988,-1.2861049175262451,0.103397436439991,0.11705978214740753,0.11527612060308456
1834,-1.2123829126358032,-1.284571886062622,0.03745921328663826,0.03472975268959999,0.11524248868227005
1835,-1.2079308032989502,-1.2882921695709229,0.04437335208058357,0.035987988114356995,0.11520927399396896
1836,-1.0744731426239014,-1.1649123430252075,0.04810608550906181,0.04233313724398613,0.11517596244812012
1837,-1.066701054573059,-1.1520400047302246,0.04053574427962303,0.04480323940515518,0.11514243483543396
1838,-1.2097089290618896,-1.2929232120513916,0.042891647666692734,0.04032262787222862,0.11510895192623138
1839,-1.4399363994598389,-1.5443427562713623,0.051508594304323196,0.052897777408361435,0.11507582664489746
1840,-1.3006532192230225,-1.361541986465454,0.029272060841321945,0.03161674365401268,0.11504258215427399
1841,-1.231809139251709,-1.355765700340271,0.05684893950819969,0.06710772961378098,0.11500929296016693
1842,-1.055985689163208,-1.1744061708450317,0.05932750925421715,0.05909296125173569,0.11497603356838226
1843,-1.0983384847640991,-1.1843805313110352,0.04187389835715294,0.044168129563331604,0.11494287103414536
1844,-1.795494556427002,-1.8430770635604858,0.02510605938732624,0.022476395592093468,0.11490968614816666
1845,-1.0449773073196411,-1.169532299041748,0.06858772039413452,0.05596720054745674,0.11487629264593124
1846,-1.083178997039795,-1.1290289163589478,0.018713152036070824,0.02713681198656559,0.11484288424253464
1847,-1.0352190732955933,-1.1101269721984863,0.03360773250460625,0.04130013659596443,0.11480951309204102
1848,-1.059509038925171,-1.19499671459198,0.07029049098491669,0.06519722938537598,0.11477593332529068
1849,-1.136397361755371,-1.2073217630386353,0.03968507796525955,0.031239327043294907,0.11474255472421646
1850,-0.9746127128601074,-1.0834407806396484,0.057532474398612976,0.05129563435912132,0.11470923572778702
1851,-0.7936431169509888,-0.888059675693512,0.047442950308322906,0.04697360843420029,0.11467568576335907
1852,-1.2422484159469604,-1.301405668258667,0.029788341373205185,0.02936883643269539,0.11464203149080276
1853,-1.17624831199646,-1.2766263484954834,0.04874724522233009,0.051630742847919464,0.11460850387811661
1854,-1.5020029544830322,-1.579662799835205,0.043788887560367584,0.03387090563774109,0.1145748421549797
1855,-0.7728513479232788,-0.8561341762542725,0.04308393597602844,0.04019894450902939,0.1145414412021637
1856,-0.7857599854469299,-0.9052523374557495,0.05597000941634178,0.06352236121892929,0.11450809985399246
1857,-1.0018433332443237,-1.1165053844451904,0.05581025779247284,0.05885186791419983,0.11447484791278839
1858,-0.9509702920913696,-1.1446083784103394,0.09725480526685715,0.09638334810733795,0.11444144695997238
1859,-0.8961888551712036,-0.9460185766220093,0.02427375130355358,0.025555945932865143,0.11440789699554443
1860,-0.9226260185241699,-1.0521267652511597,0.06818215548992157,0.06131855398416519,0.11437442898750305
1861,-0.7992745637893677,-0.8777684569358826,0.0389152467250824,0.03957867622375488,0.11434105783700943
1862,-1.0345056056976318,-1.2061536312103271,0.08416222780942917,0.08748575299978256,0.11430796980857849
1863,-1.480037808418274,-1.5245490074157715,0.020568883046507835,0.023942328989505768,0.1142749935388565
1864,-1.08415687084198,-1.1363492012023926,0.029264133423566818,0.02292826771736145,0.11424211412668228
1865,-1.238993763923645,-1.2901732921600342,0.024782361462712288,0.026397118344902992,0.11420900374650955
1866,-1.1023367643356323,-1.2483139038085938,0.07813998311758041,0.06783711165189743,0.11417592316865921
1867,-1.3424423933029175,-1.4977731704711914,0.07216846942901611,0.08316228538751602,0.11414312571287155
1868,-1.1860495805740356,-1.2371916770935059,0.026622895151376724,0.024519164115190506,0.1141100600361824
1869,-1.2500942945480347,-1.3426307439804077,0.045958153903484344,0.04657828435301781,0.11407739669084549
1870,-0.9926654696464539,-1.0943982601165771,0.05518825352191925,0.04654448479413986,0.11404462158679962
1871,-0.9859657883644104,-1.0833418369293213,0.050980888307094574,0.04639510065317154,0.11401178687810898
1872,-1.1149506568908691,-1.1743085384368896,0.029151014983654022,0.030206957831978798,0.11397890001535416
1873,-1.0600886344909668,-1.1623425483703613,0.04932089522480965,0.0529329851269722,0.11394602060317993
1874,-1.0957144498825073,-1.1120164394378662,0.008860340341925621,0.007441674824804068,0.11391312628984451
1875,-1.5795652866363525,-1.707621693611145,0.061036430299282074,0.06701989471912384,0.11388023942708969
1876,-0.8989717364311218,-0.9615333676338196,0.03017067164182663,0.03239092603325844,0.11384725570678711
1877,-0.8849424719810486,-0.9513825178146362,0.03639274090528488,0.030047275125980377,0.11381463706493378
1878,-1.3299477100372314,-1.4606940746307373,0.058258168399333954,0.07248815894126892,0.11378180980682373
1879,-1.4363678693771362,-1.5046842098236084,0.030470166355371475,0.037846215069293976,0.1137491762638092
1880,-1.255510687828064,-1.33473539352417,0.03554651513695717,0.04367811605334282,0.11371690779924393
1881,-1.4644840955734253,-1.5999475717544556,0.06707654893398285,0.06838691979646683,0.11368457227945328
1882,-0.8550354838371277,-0.9474611282348633,0.04749217629432678,0.0449334941804409,0.11365190893411636
1883,-1.2617214918136597,-1.3124058246612549,0.028469033539295197,0.022215191274881363,0.11361923813819885
1884,-0.9295024871826172,-1.0449273586273193,0.06198650225996971,0.053438395261764526,0.1135866791009903
1885,-1.2367770671844482,-1.3477210998535156,0.05738433450460434,0.053559720516204834,0.11355432122945786
1886,-1.130357265472412,-1.2171157598495483,0.045869071036577225,0.04088935628533363,0.11352173238992691
1887,-1.3894729614257812,-1.457223892211914,0.04104875028133392,0.026702139526605606,0.11348912119865417
1888,-0.9760581254959106,-1.050559401512146,0.03830127790570259,0.03620007634162903,0.11345652490854263
1889,-1.243121862411499,-1.2990450859069824,0.029723336920142174,0.026199880987405777,0.113424152135849
1890,-1.194985032081604,-1.2629579305648804,0.03172861039638519,0.03624429181218147,0.11339183896780014
1891,-1.1323611736297607,-1.1977406740188599,0.03021916002035141,0.03516026586294174,0.11335921287536621
1892,-1.3196552991867065,-1.3771142959594727,0.03108992800116539,0.026369065046310425,0.11332659423351288
1893,-1.0971354246139526,-1.2321486473083496,0.07245919108390808,0.06255399435758591,0.1132940948009491
1894,-1.0795385837554932,-1.1247220039367676,0.023114770650863647,0.022068599238991737,0.11326158046722412
1895,-1.3364946842193604,-1.3953607082366943,0.02974112518131733,0.029124798253178596,0.11322923004627228
1896,-1.1446185111999512,-1.2393302917480469,0.05185738205909729,0.0428544357419014,0.11319654434919357
1897,-1.5911495685577393,-1.6476439237594604,0.02818829007446766,0.028306005522608757,0.11316421627998352
1898,-1.2502312660217285,-1.3230488300323486,0.03567403182387352,0.037143558263778687,0.11313195526599884
1899,-1.2022135257720947,-1.2670027017593384,0.03331153839826584,0.031477686017751694,0.11309929192066193
1900,-0.9772202372550964,-1.0952181816101074,0.05727247893810272,0.06072552502155304,0.1130666732788086
1901,-0.9427034258842468,-0.9888134598731995,0.022335626184940338,0.023774385452270508,0.11303389817476273
1902,-1.0627068281173706,-1.1258946657180786,0.029821496456861496,0.03336628898978233,0.11300067603588104
1903,-1.0375869274139404,-1.0928438901901245,0.02933431603014469,0.02592267282307148,0.11296732723712921
1904,-1.321420431137085,-1.4928699731826782,0.08678919821977615,0.08466024696826935,0.11293366551399231
1905,-1.1605092287063599,-1.3432830572128296,0.09496188908815384,0.08781193196773529,0.11290017515420914
1906,-0.8268567323684692,-0.8935179114341736,0.030909130349755287,0.03575205057859421,0.11286658048629761
1907,-1.088962435722351,-1.1969704627990723,0.05128362029790878,0.05672440677881241,0.1128331646323204
1908,-1.3825949430465698,-1.466747760772705,0.04271350055932999,0.04143926128745079,0.1128000020980835
1909,-1.4154350757598877,-1.5021637678146362,0.04730049520730972,0.03942829370498657,0.11276666074991226
1910,-1.508537769317627,-1.5736253261566162,0.029783958569169044,0.03530357778072357,0.11273351311683655
1911,-1.1145201921463013,-1.1885590553283691,0.04035795107483864,0.03368094190955162,0.11270056664943695
1912,-1.315334677696228,-1.378358006477356,0.03343210369348526,0.029591187834739685,0.11266762763261795
1913,-1.038879156112671,-1.2162871360778809,0.0884270966053009,0.08898091316223145,0.11263483762741089
1914,-0.8843181729316711,-0.9393640160560608,0.02246011048555374,0.0325857549905777,0.11260218918323517
1915,-1.3927141427993774,-1.4589238166809082,0.029706452041864395,0.0365031436085701,0.11256954818964005
1916,-0.978143036365509,-1.0970141887664795,0.06782517582178116,0.0510459803044796,0.11253688484430313
1917,-1.2844774723052979,-1.3733110427856445,0.04487938806414604,0.043954089283943176,0.11250416189432144
1918,-0.9613690376281738,-1.0038436651229858,0.020782118663191795,0.021692484617233276,0.11247143894433975
1919,-1.4087841510772705,-1.472957968711853,0.033044587820768356,0.03112921677529812,0.11243851482868195
1920,-1.3660203218460083,-1.4044495820999146,0.023082535713911057,0.015346722677350044,0.11240551620721817
1921,-0.6615222692489624,-0.7354733943939209,0.03928656876087189,0.0346645750105381,0.11237258464097977
1922,-1.0518003702163696,-1.0957204103469849,0.02493988536298275,0.018980154767632484,0.11233972012996674
1923,-1.1004080772399902,-1.1868916749954224,0.045927513390779495,0.04055611044168472,0.11230680346488953
1924,-1.236034870147705,-1.3160216808319092,0.041274432092905045,0.03871232643723488,0.11227414757013321
1925,-1.005145788192749,-1.0576016902923584,0.023173507302999496,0.02928248420357704,0.11224167793989182
1926,-1.0722252130508423,-1.1634904146194458,0.04589298740029335,0.045372284948825836,0.11220890283584595
1927,-1.2742725610733032,-1.3284872770309448,0.026744825765490532,0.027469905093312263,0.11217623949050903
1928,-1.278894305229187,-1.3641284704208374,0.04047001525759697,0.044764112681150436,0.11214327067136765
1929,-1.0621373653411865,-1.1048026084899902,0.018004560843110085,0.024660669267177582,0.1121104434132576
1930,-1.1472008228302002,-1.1876180171966553,0.020764051005244255,0.019653161987662315,0.11207757145166397
1931,-1.0161460638046265,-1.1739243268966675,0.08180917054414749,0.07596909254789352,0.11204473674297333
1932,-0.9800982475280762,-1.0596734285354614,0.03965761139988899,0.03991757333278656,0.11201182752847672
1933,-0.8536694049835205,-0.8811397552490234,0.015443461015820503,0.012026931159198284,0.11197863519191742
1934,-1.1230865716934204,-1.2208597660064697,0.04659247398376465,0.051180724054574966,0.11194567382335663
1935,-1.1869548559188843,-1.3081896305084229,0.05803939327597618,0.06319532543420792,0.11191257834434509
1936,-1.0540684461593628,-1.1036618947982788,0.023655394092202187,0.025937994942069054,0.11187979578971863
1937,-1.1670666933059692,-1.244085669517517,0.038754433393478394,0.038264479488134384,0.11184704303741455
1938,-1.2109637260437012,-1.2865970134735107,0.0383969210088253,0.03723632171750069,0.11181459575891495
1939,-1.3626797199249268,-1.402390718460083,0.017656156793236732,0.022054750472307205,0.11178242415189743
1940,-1.2314670085906982,-1.2836416959762573,0.024929840117692947,0.02724486216902733,0.11175017803907394
1941,-1.371809720993042,-1.5962746143341064,0.1071859821677208,0.11727897077798843,0.1117178350687027
1942,-1.5358741283416748,-1.6122010946273804,0.045608483254909515,0.030718477442860603,0.11168553680181503
1943,-1.4420303106307983,-1.4942313432693481,0.026890067383646965,0.02531101368367672,0.11165302246809006
1944,-1.3037577867507935,-1.3637003898620605,0.030067360028624535,0.029875317588448524,0.11162065714597702
1945,-0.9245682954788208,-0.9719090461730957,0.027259208261966705,0.020081527531147003,0.1115880087018013
1946,-1.4040560722351074,-1.4632971286773682,0.02604532241821289,0.03319577872753143,0.11155529320240021
1947,-1.283629059791565,-1.4506856203079224,0.07843266427516937,0.08862385153770447,0.11152253299951553
1948,-1.679262399673462,-1.7623441219329834,0.040488697588443756,0.042592987418174744,0.11148983240127563
1949,-1.5092785358428955,-1.592203974723816,0.04047314077615738,0.0424523763358593,0.11145737767219543
1950,-0.9628154635429382,-0.9980968236923218,0.019500091671943665,0.015781309455633163,0.11142507195472717
1951,-1.3335671424865723,-1.405608892440796,0.034483738243579865,0.03755801171064377,0.11139277368783951
1952,-1.2440279722213745,-1.292600393295288,0.022585321217775345,0.025987105444073677,0.11136045306921005
1953,-0.9959112405776978,-1.1218411922454834,0.06507515162229538,0.06085481867194176,0.11132806539535522
1954,-1.3420661687850952,-1.418574571609497,0.03713173046708107,0.039376650005578995,0.11129571497440338
1955,-1.3206326961517334,-1.40395188331604,0.04293009638786316,0.04038909077644348,0.11126340180635452
1956,-1.0674020051956177,-1.1649551391601562,0.04677639901638031,0.05077674239873886,0.111231230199337
1957,-0.8982740044593811,-0.9849777817726135,0.042716845870018005,0.043986909091472626,0.1111990362405777
1958,-1.1713563203811646,-1.2129660844802856,0.022104274481534958,0.019505448639392853,0.11116661876440048
1959,-1.3399784564971924,-1.4954978227615356,0.06808863580226898,0.0874306708574295,0.11113447695970535
1960,-1.1379425525665283,-1.2023036479949951,0.02789074368774891,0.03647026792168617,0.11110212653875351
1961,-1.4018224477767944,-1.4518051147460938,0.02467953786253929,0.02530314400792122,0.11106989532709122
1962,-1.0048381090164185,-1.0546647310256958,0.024911312386393547,0.024915380403399467,0.11103758960962296
1963,-1.0143637657165527,-1.0917776823043823,0.042148370295763016,0.03526552766561508,0.11100538074970245
1964,-1.0439666509628296,-1.1602756977081299,0.06078045442700386,0.05552859976887703,0.11097296327352524
1965,-1.458417296409607,-1.511987328529358,0.02633156254887581,0.02723849192261696,0.11094032227993011
1966,-1.3088130950927734,-1.3719068765640259,0.03440282866358757,0.02869088388979435,0.11090834438800812
1967,-1.1301050186157227,-1.2210127115249634,0.044183701276779175,0.04672393947839737,0.11087648570537567
1968,-0.9528993964195251,-1.0542839765548706,0.052693724632263184,0.04869083687663078,0.11084463447332382
1969,-1.4438629150390625,-1.5016223192214966,0.028556277975440025,0.029203129932284355,0.1108129546046257
1970,-1.0836721658706665,-1.1490657329559326,0.02908547967672348,0.03630807250738144,0.11078114807605743
1971,-1.0457968711853027,-1.1058679819107056,0.029494455084204674,0.030576741322875023,0.11074935644865036
1972,-1.3442057371139526,-1.4015400409698486,0.030981218442320824,0.026353154331445694,0.11071746051311493
1973,-1.1232796907424927,-1.1686913967132568,0.021587101742625237,0.023824630305171013,0.11068568378686905
1974,-1.1369413137435913,-1.2108443975448608,0.036707088351249695,0.0371960774064064,0.1106536015868187
1975,-1.2344286441802979,-1.2960107326507568,0.03297903388738632,0.028603089973330498,0.11062157899141312
1976,-1.127280354499817,-1.1710913181304932,0.018526941537857056,0.02528402954339981,0.11058958619832993
1977,-1.1332260370254517,-1.2200779914855957,0.043184034526348114,0.04366789758205414,0.11055734753608704
1978,-1.2959250211715698,-1.4546478986740112,0.0760398805141449,0.08268291503190994,0.11052511632442474
1979,-1.2147232294082642,-1.3157087564468384,0.051479022949934006,0.049506593495607376,0.11049310117959976
1980,-1.3879311084747314,-1.4687376022338867,0.04273537918925285,0.03807119280099869,0.11046120524406433
1981,-1.1604537963867188,-1.212999939918518,0.026008397340774536,0.02653779648244381,0.11042934656143188
1982,-1.33362877368927,-1.3729970455169678,0.016159724444150925,0.023208526894450188,0.11039751768112183
1983,-1.2841410636901855,-1.3839523792266846,0.05154697969555855,0.04826439544558525,0.11036612093448639
1984,-0.7232718467712402,-0.8507213592529297,0.06803014129400253,0.059419386088848114,0.11033457517623901
1985,-1.345117211341858,-1.4507046937942505,0.050887782126665115,0.05469962954521179,0.11030317097902298
1986,-1.3129327297210693,-1.4207655191421509,0.05387061834335327,0.05396217107772827,0.1102718785405159
1987,-1.192474365234375,-1.2959450483322144,0.055293016135692596,0.04817774146795273,0.1102406233549118
1988,-0.853471040725708,-1.0595850944519043,0.11558613926172256,0.09052788466215134,0.11020909249782562
1989,-0.9300941824913025,-1.015525460243225,0.04179874435067177,0.043632492423057556,0.11017735302448273
1990,-1.1383050680160522,-1.1817576885223389,0.02245466038584709,0.02099795453250408,0.11014551669359207
1991,-1.3369263410568237,-1.4672545194625854,0.05681832507252693,0.07350979745388031,0.11011362075805664
1992,-1.123576283454895,-1.2126328945159912,0.0419173389673233,0.047139234840869904,0.11008164286613464
1993,-0.9278944134712219,-0.9673423171043396,0.017118442803621292,0.02232944779098034,0.11004962772130966
1994,-1.2192293405532837,-1.2771294116973877,0.027937740087509155,0.02996233105659485,0.11001770198345184
1995,-1.0467807054519653,-1.1224937438964844,0.033833716064691544,0.04187930375337601,0.10998594015836716
1996,-1.3368809223175049,-1.4339110851287842,0.046370696276426315,0.05065937340259552,0.10995400696992874
1997,-1.1595728397369385,-1.2059485912322998,0.026324205100536346,0.020051628351211548,0.10992202907800674
1998,-1.1253455877304077,-1.1742433309555054,0.027253784239292145,0.0216439850628376,0.1098899319767952
1999,-1.1915345191955566,-1.3277010917663574,0.06997434794902802,0.06619228422641754,0.10985810309648514
2000,-1.094171404838562,-1.1513996124267578,0.027146393433213234,0.030081871896982193,0.10982634127140045
2001,-1.3199796676635742,-1.421146273612976,0.05623848736286163,0.04492807388305664,0.10979445278644562
2002,-1.6694979667663574,-1.7518463134765625,0.04134873300790787,0.04099965840578079,0.10976254194974899
2003,-1.3651869297027588,-1.4559595584869385,0.04667964577674866,0.04409307241439819,0.10973116755485535
2004,-0.9682259559631348,-1.0515286922454834,0.04167412966489792,0.04162861406803131,0.10969959944486618
2005,-1.1115598678588867,-1.1753062009811401,0.030936963856220245,0.032809387892484665,0.10966771841049194
2006,-1.0671367645263672,-1.104590892791748,0.02063838392496109,0.016815751791000366,0.10963580012321472
2007,-0.9612995386123657,-1.0194308757781982,0.030106917023658752,0.02802440896630287,0.10960370302200317
2008,-1.2416698932647705,-1.3002057075500488,0.03394471853971481,0.02459113858640194,0.10957151651382446
2009,-1.6012372970581055,-1.6819615364074707,0.040070679038763046,0.04065358638763428,0.10953962057828903
2010,-1.1248844861984253,-1.2100456953048706,0.03818647190928459,0.0469747930765152,0.10950805246829987
2011,-1.050227165222168,-1.4414637088775635,0.181356742978096,0.20987975597381592,0.10947654396295547
2012,-0.9664700627326965,-1.0524934530258179,0.04493480175733566,0.04108864814043045,0.10944507271051407
2013,-0.9640856981277466,-1.0111114978790283,0.022601932287216187,0.02442384511232376,0.10941334813833237
2014,-1.1302992105484009,-1.2760261297225952,0.06779450923204422,0.07793236523866653,0.10938147455453873
2015,-1.4040734767913818,-1.4812003374099731,0.0357755646109581,0.041351333260536194,0.10934969037771225
2016,-0.9136930704116821,-1.0169841051101685,0.049220770597457886,0.054070256650447845,0.10931765288114548
2017,-1.1906242370605469,-1.3163254261016846,0.0669802725315094,0.058720897883176804,0.10928580909967422
2018,-1.033026933670044,-1.0777791738510132,0.027107536792755127,0.017644595354795456,0.10925423353910446
2019,-0.9260740280151367,-0.970811128616333,0.018856607377529144,0.02588052675127983,0.10922282189130783
2020,-1.379512071609497,-1.4173578023910522,0.01823016256093979,0.01961558684706688,0.10919137299060822
2021,-1.1521440744400024,-1.193785309791565,0.021370481699705124,0.02027072012424469,0.10915984958410263
2022,-1.18428635597229,-1.3304771184921265,0.07928898930549622,0.06690186262130737,0.10912833362817764
2023,-1.3425822257995605,-1.4338129758834839,0.04463830962777138,0.046592455357313156,0.1090969368815422
2024,-1.0133713483810425,-1.0746262073516846,0.02954355999827385,0.031711395829916,0.1090654656291008
2025,-1.4574095010757446,-1.530402421951294,0.032903388142585754,0.04008953273296356,0.10903408378362656
2026,-1.2385848760604858,-1.309826374053955,0.03243567794561386,0.03880581632256508,0.10900253057479858
2027,-1.2604426145553589,-1.3024661540985107,0.021999482065439224,0.02002403326332569,0.10897096246480942
2028,-1.1311615705490112,-1.1676886081695557,0.01402538362890482,0.022501662373542786,0.10893955826759338
2029,-1.1714613437652588,-1.268523097038269,0.04628361761569977,0.05077819526195526,0.10890804976224899
2030,-0.8437017798423767,-1.0054917335510254,0.07932523638010025,0.08246468752622604,0.10887658596038818
2031,-0.8527578711509705,-0.923324465751648,0.03246408700942993,0.038102518767118454,0.10884502530097961
2032,-1.249592900276184,-1.3467248678207397,0.05182155221700668,0.04531035199761391,0.10881347209215164
2033,-1.1072524785995483,-1.1888103485107422,0.04204336553812027,0.03951456397771835,0.10878198593854904
2034,-0.7959027886390686,-0.895751953125,0.053282104432582855,0.046567101031541824,0.1087508425116539
2035,-1.032287836074829,-1.1301631927490234,0.04662242904305458,0.05125301331281662,0.10871988534927368
2036,-1.2334237098693848,-1.2978991270065308,0.03329821303486824,0.03117721527814865,0.10868896543979645
2037,-1.0597857236862183,-1.125854730606079,0.030307035893201828,0.03576195612549782,0.10865790396928787
2038,-0.9737999439239502,-1.0763810873031616,0.05373520404100418,0.048845916986465454,0.10862653702497482
2039,-1.4882210493087769,-1.6055643558502197,0.06191417947411537,0.05542909353971481,0.10859553515911102
2040,-1.0460320711135864,-1.1124345064163208,0.03707200288772583,0.029330389574170113,0.10856449604034424
2041,-1.2836449146270752,-1.3145263195037842,0.015198330394923687,0.01568307913839817,0.10853352397680283
2042,-1.3613348007202148,-1.4332447052001953,0.034560441970825195,0.037349455058574677,0.10850265622138977
2043,-1.1091892719268799,-1.1776779890060425,0.03289078176021576,0.03559789061546326,0.10847172141075134
2044,-1.5995711088180542,-1.6528325080871582,0.024793799966573715,0.028467616066336632,0.10844045877456665
2045,-1.1717031002044678,-1.2503465414047241,0.040889937430620193,0.03775351122021675,0.10840904712677002
2046,-1.1449331045150757,-1.2233976125717163,0.0421302393078804,0.036334291100502014,0.1083775982260704
2047,-1.2631945610046387,-1.3590139150619507,0.04807980731129646,0.047739509493112564,0.10834603011608124
2048,-1.309974193572998,-1.3817301988601685,0.03940846398472786,0.03234755992889404,0.10831470042467117
2049,-1.4188205003738403,-1.455902338027954,0.018309935927391052,0.018771858885884285,0.10828355699777603
2050,-1.0584759712219238,-1.1371233463287354,0.03755677863955498,0.041090596467256546,0.1082523986697197
2051,-1.425930142402649,-1.5382685661315918,0.058991193771362305,0.053347233682870865,0.1082213819026947
2052,-0.9433315992355347,-0.9779955148696899,0.016772273927927017,0.017891641706228256,0.10819040238857269
2053,-1.0009124279022217,-1.0719441175460815,0.03657323122024536,0.03445833921432495,0.10815945267677307
2054,-1.1946886777877808,-1.2305539846420288,0.017954286187887192,0.017911113798618317,0.10812845826148987
2055,-1.638723373413086,-1.6870653629302979,0.02279045060276985,0.025551579892635345,0.10809765756130219
2056,-1.0849617719650269,-1.116928219795227,0.01460353285074234,0.01736290380358696,0.10806704312562943
2057,-1.1404050588607788,-1.3110522031784058,0.08794704079627991,0.08270017057657242,0.10803627967834473
2058,-1.3741328716278076,-1.4846434593200684,0.05013338848948479,0.060377273708581924,0.10800576210021973
2059,-0.8520560264587402,-0.9288433790206909,0.03573993965983391,0.041047368198633194,0.10797543823719025
2060,-1.069347620010376,-1.1461859941482544,0.03572006896138191,0.04111827164888382,0.10794511437416077
2061,-0.9955330491065979,-1.0412530899047852,0.023355184122920036,0.022364940494298935,0.1079142838716507
2062,-1.240809679031372,-1.3067278861999512,0.030632689595222473,0.03528548404574394,0.10788336396217346
2063,-1.0045922994613647,-1.084635615348816,0.039333514869213104,0.04070986807346344,0.10785268247127533
2064,-1.1135239601135254,-1.1689366102218628,0.02559436857700348,0.02981831319630146,0.107821986079216
2065,-0.8456310629844666,-0.9195621609687805,0.03871037811040878,0.03522075340151787,0.10779126733541489
2066,-1.4489766359329224,-1.5022046566009521,0.025040889158844948,0.02818714641034603,0.10776081681251526
2067,-0.9936836957931519,-1.1858336925506592,0.10454411059617996,0.08760583400726318,0.10773047804832458
2068,-1.3901686668395996,-1.4534459114074707,0.036881085485219955,0.026396123692393303,0.10769997537136078
2069,-1.3615028858184814,-1.5149319171905518,0.08239838480949402,0.0710306316614151,0.10766934603452682
2070,-1.47469961643219,-1.5614663362503052,0.03994887322187424,0.0468178428709507,0.10763872414827347
2071,-1.492134690284729,-1.5914230346679688,0.05078047513961792,0.048507846891880035,0.10760839283466339
2072,-0.9783670902252197,-1.0386526584625244,0.031194914132356644,0.02909066155552864,0.10757822543382645
2073,-1.363715648651123,-1.4393641948699951,0.045269593596458435,0.030378885567188263,0.10754811763763428
2074,-1.0673187971115112,-1.2172751426696777,0.0699949711561203,0.07996141165494919,0.10751815140247345
2075,-1.072210431098938,-1.1362429857254028,0.030968569219112396,0.033063970506191254,0.10748818516731262
2076,-1.2910629510879517,-1.3626340627670288,0.03528115153312683,0.03628988191485405,0.10745810717344284
2077,-1.0634323358535767,-1.2039930820465088,0.06915971636772156,0.07140098512172699,0.10742785036563873
2078,-1.311570644378662,-1.3701523542404175,0.03310056030750275,0.025481052696704865,0.10739768296480179
2079,-1.4311776161193848,-1.4856623411178589,0.026846319437026978,0.027638467028737068,0.10736726969480515
2080,-1.1096903085708618,-1.1864811182022095,0.04318054020404816,0.03361017256975174,0.10733688622713089
2081,-0.8296180367469788,-0.9162735342979431,0.04161994159221649,0.04503555968403816,0.10730638355016708
2082,-1.052510380744934,-1.0993598699569702,0.020656956359744072,0.02619251236319542,0.10727594792842865
2083,-1.6204408407211304,-1.7089091539382935,0.04538393393158913,0.04308439791202545,0.10724536329507828
2084,-0.821190357208252,-0.862942099571228,0.022344140335917473,0.01940760761499405,0.10721460729837418
2085,-1.493644118309021,-1.5660406351089478,0.03468514233827591,0.037711333483457565,0.10718406736850739
2086,-1.4971338510513306,-1.573145866394043,0.032726965844631195,0.04328496754169464,0.10715357959270477
2087,-1.1640739440917969,-1.2349309921264648,0.0386337973177433,0.0322231687605381,0.10712333768606186
2088,-1.1635148525238037,-1.328599452972412,0.08052130043506622,0.0845632255077362,0.10709322988986969
2089,-1.357207179069519,-1.4702457189559937,0.05329139530658722,0.05974715203046799,0.10706336051225662
2090,-1.403934121131897,-1.460343599319458,0.030456099659204483,0.025953417643904686,0.10703349858522415
2091,-0.6024134755134583,-0.8218091726303101,0.10626950114965439,0.1131262332201004,0.10700336843729019
2092,-1.095930576324463,-1.16049063205719,0.031028740108013153,0.03353125602006912,0.10697323828935623
2093,-1.0979831218719482,-1.1757934093475342,0.0407901331782341,0.037020210176706314,0.10694297403097153
2094,-0.8332796096801758,-0.9021639823913574,0.03354024514555931,0.03534410521388054,0.10691247880458832
2095,-1.2148271799087524,-1.303097128868103,0.0431370884180069,0.045132827013731,0.10688230395317078
2096,-1.6787734031677246,-1.710577368736267,0.016128575429320335,0.01567542925477028,0.10685211420059204
2097,-1.1206001043319702,-1.2078664302825928,0.038984015583992004,0.048282258212566376,0.10682179778814316
2098,-1.2366290092468262,-1.2793413400650024,0.022111188620328903,0.020601095631718636,0.10679144412279129
2099,-1.1248008012771606,-1.1979620456695557,0.03685928136110306,0.036301977932453156,0.10676112771034241
2100,-1.441920280456543,-1.5344589948654175,0.047134533524513245,0.04540419206023216,0.10673089325428009
2101,-1.3827372789382935,-1.453400731086731,0.03521799296140671,0.03544547036290169,0.1067003384232521
2102,-1.288878083229065,-1.3425887823104858,0.025621766224503517,0.028088899329304695,0.106669582426548
2103,-1.5282671451568604,-1.5917267799377441,0.02953553944826126,0.03392414376139641,0.10663911700248718
2104,-0.8923987150192261,-1.2543773651123047,0.1743999421596527,0.18757864832878113,0.10660861432552338
2105,-1.0160688161849976,-1.060498833656311,0.020314274355769157,0.024115774780511856,0.10657770931720734
2106,-1.3717525005340576,-1.4507499933242798,0.043964095413684845,0.03503328934311867,0.10654664039611816
2107,-1.0510728359222412,-1.276734471321106,0.09896546602249146,0.12669605016708374,0.10651542246341705
2108,-0.9466972947120667,-1.2436861991882324,0.14421622455120087,0.1527727246284485,0.10648434609174728
2109,-1.0526965856552124,-1.140284776687622,0.04385727271437645,0.04373093321919441,0.10645350068807602
2110,-1.0071345567703247,-1.0623717308044434,0.028850313276052475,0.026386896148324013,0.10642267018556595
2111,-0.8679292798042297,-0.9104708433151245,0.020850375294685364,0.02169119566679001,0.10639186948537827
2112,-1.1320197582244873,-1.1673251390457153,0.014406945556402206,0.020898515358567238,0.1063612625002861
2113,-1.164560317993164,-1.2252416610717773,0.035145021975040436,0.025536345317959785,0.10633043199777603
2114,-1.053903579711914,-1.126123309135437,0.03608722612261772,0.036132458597421646,0.10629955679178238
2115,-1.0207240581512451,-1.0832059383392334,0.030671825632452965,0.03181007131934166,0.10626863688230515
2116,-1.3071281909942627,-1.4525320529937744,0.08066897094249725,0.06473499536514282,0.10623756051063538
2117,-1.2775317430496216,-1.3546929359436035,0.04086984321475029,0.036291368305683136,0.10620670765638351
2118,-1.046446442604065,-1.150528073310852,0.05183585733175278,0.052245788276195526,0.10617566853761673
2119,-1.1601858139038086,-1.320112943649292,0.07566837221384048,0.08425881713628769,0.10614479333162308
2120,-1.3605197668075562,-1.4746288061141968,0.06112809479236603,0.05298084765672684,0.10611367225646973
2121,-1.7379471063613892,-1.7797707319259644,0.01776246167719364,0.02406124398112297,0.10608235001564026
2122,-0.9848979115486145,-1.0143274068832397,0.014187286607921124,0.015242131426930428,0.1060507670044899
2123,-1.0581194162368774,-1.187619924545288,0.06291146576404572,0.06658896058797836,0.10601893812417984
2124,-1.1554123163223267,-1.2186442613601685,0.032374344766139984,0.030857527628540993,0.10598734766244888
2125,-1.144598126411438,-1.231231927871704,0.03722568228840828,0.049408040940761566,0.10595579445362091
2126,-1.2088775634765625,-1.3084239959716797,0.04863361641764641,0.050912898033857346,0.10592419654130936
2127,-1.2894785404205322,-1.3300144672393799,0.021970292553305626,0.018565597012639046,0.1058926060795784
2128,-1.2306320667266846,-1.295400857925415,0.034990958869457245,0.029777828603982925,0.10586092621088028
2129,-1.2195491790771484,-1.249781847000122,0.01736903190612793,0.012863576412200928,0.1058294028043747
2130,-1.236912727355957,-1.2842248678207397,0.024545107036828995,0.022767115384340286,0.10579812526702881
2131,-0.797515869140625,-0.891787052154541,0.04309936612844467,0.051171839237213135,0.10576669871807098
2132,-1.0847738981246948,-1.1711126565933228,0.04197278246283531,0.04436599463224411,0.10573538392782211
2133,-1.1320134401321411,-1.2079213857650757,0.037666574120521545,0.038241349160671234,0.1057041808962822
2134,-1.346535086631775,-1.4074511528015137,0.03045155107975006,0.03046448528766632,0.10567333549261093
2135,-1.0324188470840454,-1.0701109170913696,0.0160310510545969,0.021661050617694855,0.10564227402210236
2136,-1.4766809940338135,-1.671826958656311,0.09746836870908737,0.09767764061689377,0.10561145097017288
2137,-1.6183249950408936,-1.7064752578735352,0.048056021332740784,0.04009421542286873,0.10558096319437027
2138,-1.3179949522018433,-1.4319968223571777,0.058327626436948776,0.05567416921257973,0.10555025935173035
2139,-1.0716478824615479,-1.1331703662872314,0.02872847393155098,0.03279402107000351,0.10551943629980087
2140,-1.3274874687194824,-1.3909239768981934,0.03124675154685974,0.032189760357141495,0.10548887401819229
2141,-1.2232162952423096,-1.2898375988006592,0.03272249549627304,0.033898890018463135,0.10545824468135834
2142,-1.3425374031066895,-1.378791332244873,0.016736406832933426,0.019517524167895317,0.10542742162942886
2143,-1.4586031436920166,-1.497399091720581,0.0189345832914114,0.01986132748425007,0.10539643466472626
2144,-1.016458511352539,-1.0483322143554688,0.01592741534113884,0.01594625972211361,0.10536545515060425
2145,-1.2002242803573608,-1.349609613418579,0.07980141788721085,0.0695839449763298,0.10533458739519119
2146,-0.736106276512146,-0.8271661996841431,0.051136258989572525,0.03992369771003723,0.10530365258455276
2147,-1.0085246562957764,-1.047174334526062,0.01491597294807434,0.023733781650662422,0.10527277737855911
2148,-1.198337435722351,-1.261832594871521,0.03230278193950653,0.031192420050501823,0.1052420362830162
2149,-0.9760213494300842,-1.0174236297607422,0.018032457679510117,0.02336985059082508,0.10521134734153748
2150,-1.1912152767181396,-1.2790145874023438,0.04603951796889305,0.04175988957285881,0.10518085211515427
2151,-0.9754844903945923,-1.0949738025665283,0.052298806607723236,0.06719052046537399,0.1051507368683815
2152,-1.2419703006744385,-1.3281159400939941,0.04140295833349228,0.04474271088838577,0.10512080788612366
2153,-1.3217902183532715,-1.384441614151001,0.030023174360394478,0.032628223299980164,0.10509086400270462
2154,-1.2755470275878906,-1.35917067527771,0.03875168785452843,0.04487190768122673,0.1050606295466423
2155,-1.3735426664352417,-1.4679454565048218,0.04835566505789757,0.04604712128639221,0.10503039509057999
2156,-1.301167368888855,-1.3528004884719849,0.022440550848841667,0.029192622750997543,0.10500017553567886
2157,-1.081939935684204,-1.2563962936401367,0.09721870720386505,0.07723762840032578,0.10497001558542252
2158,-1.2251518964767456,-1.3711612224578857,0.06731685996055603,0.0786924660205841,0.10493981093168259
2159,-1.170950174331665,-1.2708250284194946,0.050022952258586884,0.049851883202791214,0.10490959137678146
2160,-1.0453860759735107,-1.1148910522460938,0.04224516823887825,0.027259882539510727,0.1048794612288475
2161,-0.8848963975906372,-0.9260429739952087,0.01734890416264534,0.02379770763218403,0.1048491820693016
2162,-1.3178348541259766,-1.422370195388794,0.0521811880171299,0.052354127168655396,0.10481879115104675
2163,-1.104720115661621,-1.1676719188690186,0.031232938170433044,0.031718868762254715,0.10478813201189041
2164,-0.9740891456604004,-1.108325481414795,0.06400782614946365,0.0702284649014473,0.10475775599479675
2165,-1.0727406740188599,-1.118713617324829,0.02598455548286438,0.019988395273685455,0.1047271117568016
2166,-0.748477578163147,-0.8014143705368042,0.028329532593488693,0.02460726909339428,0.10469655692577362
2167,-1.06942880153656,-1.1002148389816284,0.018692489713430405,0.012093494646251202,0.10466600209474564
2168,-0.9864282011985779,-1.1563689708709717,0.08093828707933426,0.08900243043899536,0.1046353131532669
2169,-1.3773598670959473,-1.4265525341033936,0.023492367938160896,0.02570038102567196,0.10460493713617325
2170,-1.100465178489685,-1.199417233467102,0.053301844745874405,0.04565020278096199,0.10457468777894974
2171,-1.037369728088379,-1.0918781757354736,0.0297263003885746,0.024782145395874977,0.10454432666301727
2172,-1.1971323490142822,-1.284473180770874,0.039317786693573,0.0480230450630188,0.10451366752386093
2173,-1.3545501232147217,-1.4632017612457275,0.05555969476699829,0.05309198796749115,0.10448287427425385
2174,-1.2731316089630127,-1.3423137664794922,0.02926616370677948,0.03991598263382912,0.10445219278335571
2175,-1.553897500038147,-1.6111466884613037,0.03098093532025814,0.026268206536769867,0.10442143678665161
2176,-0.8968976140022278,-0.9824939966201782,0.04090365394949913,0.0446927584707737,0.10439097136259079
2177,-1.3207476139068604,-1.3611232042312622,0.02031451277434826,0.020061137154698372,0.10436061024665833
2178,-1.4657447338104248,-1.5329073667526245,0.03633136674761772,0.030831163749098778,0.10433048754930496
2179,-0.8347890973091125,-0.9354228377342224,0.05378131568431854,0.046852417290210724,0.10429996997117996
2180,-1.4984111785888672,-1.5680891275405884,0.029960349202156067,0.03971759229898453,0.10426908731460571
2181,-1.1071035861968994,-1.2123913764953613,0.0563860721886158,0.048901621252298355,0.10423826426267624
2182,-1.4138816595077515,-1.498359203338623,0.04111547768115997,0.04336196929216385,0.10420762747526169
2183,-1.546866536140442,-1.5882967710494995,0.023151349276304245,0.018278878182172775,0.10417697578668594
2184,-1.0158412456512451,-1.0632460117340088,0.023356616497039795,0.02404804527759552,0.10414635390043259
2185,-1.4858369827270508,-1.5422568321228027,0.028155995532870293,0.028263751417398453,0.10411549359560013
2186,-1.3256475925445557,-1.3743722438812256,0.026775293052196503,0.021949414163827896,0.1040845438838005
2187,-1.527957797050476,-1.6460974216461182,0.05485153943300247,0.06328809261322021,0.10405365377664566
2188,-0.9119358062744141,-0.9776358008384705,0.03594689071178436,0.02975311502814293,0.10402297228574753
2189,-0.454599529504776,-0.5367419123649597,0.04120320826768875,0.040939170867204666,0.10399234294891357
2190,-1.2515171766281128,-1.2743815183639526,0.011006618849933147,0.011857764795422554,0.10396167635917664
2191,-1.1532888412475586,-1.2028168439865112,0.027291052043437958,0.02223695069551468,0.10393077880144119
2192,-1.1508756875991821,-1.1756811141967773,0.014918742701411247,0.009886709041893482,0.10389970988035202
2193,-1.0364948511123657,-1.1392451524734497,0.04528585821390152,0.05746448040008545,0.10386872291564941
2194,-0.9944145679473877,-1.0789966583251953,0.0414075031876564,0.043174609541893005,0.10383792221546173
2195,-1.3931397199630737,-1.491878867149353,0.049486398696899414,0.04925277829170227,0.1038074716925621
2196,-1.4562156200408936,-1.5336018800735474,0.04122301563620567,0.03616320714354515,0.1037772074341774
2197,-1.062261700630188,-1.0786852836608887,0.0074036079458892345,0.009019930846989155,0.10374680906534195
2198,-1.0073862075805664,-1.0732461214065552,0.03684646636247635,0.029013341292738914,0.10371620953083038
2199,-1.3425847291946411,-1.467808723449707,0.06512254476547241,0.06010141968727112,0.10368604958057404
2200,-1.202683925628662,-1.2472938299179077,0.02533111348748207,0.01927870698273182,0.10365606844425201
2201,-1.7471638917922974,-1.7971925735473633,0.02334890514612198,0.02667972818017006,0.10362634062767029
2202,-0.8191226720809937,-0.9451809525489807,0.0633937269449234,0.06266455352306366,0.103596992790699
2203,-1.4815673828125,-1.577012538909912,0.04570981115102768,0.04973530396819115,0.10356763005256653
2204,-1.2006537914276123,-1.276910424232483,0.04215312376618385,0.03410352021455765,0.10353822261095047
2205,-0.7399564981460571,-0.7951053977012634,0.029393376782536507,0.025755496695637703,0.10350877791643143
2206,-1.6171045303344727,-1.644162654876709,0.016597824171185493,0.010460235178470612,0.10347937047481537
2207,-1.1965633630752563,-1.2752060890197754,0.042662203311920166,0.03598058968782425,0.10344988852739334
2208,-0.729960024356842,-0.8007354140281677,0.03714246302843094,0.03363294526934624,0.10342032462358475
2209,-1.3602325916290283,-1.4422485828399658,0.043554168194532394,0.03846174478530884,0.10339061170816422
2210,-1.4577385187149048,-1.499450445175171,0.01854187436401844,0.023170027881860733,0.1033613309264183
2211,-1.2782491445541382,-1.3558651208877563,0.039209868758916855,0.038406118750572205,0.10333188623189926
2212,-1.5305464267730713,-1.5696451663970947,0.02058340236544609,0.01851535588502884,0.10330232977867126
2213,-1.097571849822998,-1.1796733140945435,0.04300772771239281,0.0390937440097332,0.10327280312776566
2214,-0.98683100938797,-1.0218958854675293,0.018281055614352226,0.016783760860562325,0.10324301570653915
2215,-1.244188904762268,-1.3008153438568115,0.027097269892692566,0.02952916920185089,0.10321342945098877
2216,-1.0671268701553345,-1.1080349683761597,0.019322043284773827,0.021586045622825623,0.10318415611982346
2217,-0.9327955842018127,-0.9526606798171997,0.010661798529326916,0.009203294292092323,0.10315480828285217
2218,-1.3978166580200195,-1.4431794881820679,0.021809497848153114,0.023553363978862762,0.10312534868717194
2219,-1.481890082359314,-1.5431697368621826,0.027509426698088646,0.033770252019166946,0.10309585183858871
2220,-1.2657006978988647,-1.3075424432754517,0.018676938489079475,0.023164695128798485,0.1030665785074234
2221,-1.3264188766479492,-1.442464828491211,0.06452266126871109,0.05152333900332451,0.10303694754838943
2222,-0.6336228847503662,-0.6757544279098511,0.021129218861460686,0.021002333611249924,0.10300727933645248
2223,-1.2851835489273071,-1.3192696571350098,0.016437791287899017,0.017648281529545784,0.10297764092683792
2224,-0.9716449975967407,-1.082626461982727,0.044517725706100464,0.06646371632814407,0.10294783860445023
2225,-1.1339854001998901,-1.2006540298461914,0.035907644778490067,0.030760962516069412,0.10291808843612671
2226,-0.8744568824768066,-0.9571488499641418,0.044276539236307144,0.03841545060276985,0.1028883084654808
2227,-1.0601049661636353,-1.1692864894866943,0.05224324017763138,0.05693830922245979,0.10285860300064087
2228,-1.4787672758102417,-1.51324462890625,0.015756171196699142,0.018721185624599457,0.1028289869427681
2229,-0.9717406034469604,-1.0041635036468506,0.016674140468239784,0.01574871875345707,0.10279925167560577
2230,-1.550065040588379,-1.6548693180084229,0.05250139534473419,0.05230288207530975,0.1027698665857315
2231,-0.9781451225280762,-1.082220435142517,0.054184503853321075,0.04989076405763626,0.10274022817611694
2232,-1.815719485282898,-1.8505553007125854,0.01986587606370449,0.01496993936598301,0.10271068662405014
2233,-1.1160770654678345,-1.205483078956604,0.03960082679986954,0.049805182963609695,0.10268101096153259
2234,-1.4883406162261963,-1.5474083423614502,0.03257686644792557,0.026490777730941772,0.10265146940946579
2235,-1.7558220624923706,-1.7981857061386108,0.019832298159599304,0.02253141812980175,0.1026218831539154
2236,-1.7689056396484375,-1.8408114910125732,0.03610505908727646,0.03580079227685928,0.10259203612804413
2237,-1.2527354955673218,-1.3311562538146973,0.03917549178004265,0.039245277643203735,0.10256212949752808
2238,-1.108504295349121,-1.2806270122528076,0.0875280499458313,0.08459466695785522,0.10253208130598068
2239,-1.3257365226745605,-1.4059360027313232,0.03415672853589058,0.04604276642203331,0.10250216722488403
2240,-1.2933928966522217,-1.3561550378799438,0.04101487621665001,0.02174723520874977,0.1024722307920456
2241,-1.4660985469818115,-1.5298476219177246,0.029062211513519287,0.03468679264187813,0.1024426743388176
2242,-1.0898710489273071,-1.1303526163101196,0.01950814761221409,0.02097349800169468,0.10241327434778214
2243,-1.3085194826126099,-1.3754174709320068,0.03430294245481491,0.03259509056806564,0.10238414257764816
2244,-1.3301637172698975,-1.4131135940551758,0.03904752805829048,0.04390234872698784,0.1023547574877739
2245,-1.4770762920379639,-1.627608060836792,0.07445722073316574,0.07607460767030716,0.10232508927583694
2246,-1.270883321762085,-1.3017868995666504,0.015217307955026627,0.015686310827732086,0.10229557752609253
2247,-1.2628169059753418,-1.3388546705245972,0.03992506116628647,0.03611268475651741,0.10226602107286453
2248,-0.9345719218254089,-1.0219203233718872,0.041952505707740784,0.04539592191576958,0.10223647207021713
2249,-0.9118128418922424,-1.0188747644424438,0.04905131831765175,0.058010589331388474,0.10220686346292496
2250,-1.4090710878372192,-1.4562535285949707,0.02392091602087021,0.02326153963804245,0.10217713564634323
2251,-1.2202693223953247,-1.275301456451416,0.028176184743642807,0.026855964213609695,0.1021474227309227
2252,-1.8313944339752197,-1.9075074195861816,0.03345435857772827,0.04265860468149185,0.10211790353059769
2253,-1.3481080532073975,-1.4596233367919922,0.05729454755783081,0.05422069504857063,0.10208828002214432
2254,-0.8051303029060364,-0.8448492288589478,0.022144317626953125,0.017574608325958252,0.10205864161252975
2255,-1.1989905834197998,-1.2151447534561157,0.0091839749366045,0.006970197893679142,0.10202876478433609
2256,-1.013713002204895,-1.1888610124588013,0.08166541904211044,0.0934825912117958,0.1019989475607872
2257,-0.8997543454170227,-0.9758566617965698,0.03871290013194084,0.037389397621154785,0.10196952521800995
2258,-0.9980475902557373,-1.1308677196502686,0.07685062289237976,0.055969446897506714,0.10194018483161926
2259,-1.1268906593322754,-1.1745764017105103,0.023495499044656754,0.02419019117951393,0.10191087424755096
2260,-0.6082412004470825,-0.669563889503479,0.029338153079152107,0.031984515488147736,0.10188133269548416
2261,-1.2752224206924438,-1.3960601091384888,0.05327725037932396,0.06756038218736649,0.10185180604457855
2262,-1.1378817558288574,-1.1820337772369385,0.024825964123010635,0.01932603120803833,0.10182196646928787
2263,-1.300343632698059,-1.373519778251648,0.03511515632271767,0.03806104511022568,0.10179217904806137
2264,-1.2083215713500977,-1.2646492719650269,0.026426583528518677,0.02990119904279709,0.10176245868206024
2265,-1.1905996799468994,-1.2774746417999268,0.04316571354866028,0.04370928555727005,0.10173288732767105
2266,-1.2654825448989868,-1.3862905502319336,0.06228632107377052,0.0585215725004673,0.10170329362154007
2267,-1.3531348705291748,-1.4273170232772827,0.04561496526002884,0.028567157685756683,0.10167340189218521
2268,-1.447074294090271,-1.551287055015564,0.056537337601184845,0.04767535626888275,0.1016431525349617
2269,-1.3635005950927734,-1.4173210859298706,0.026293452829122543,0.027527153491973877,0.10161308944225311
2270,-1.1321282386779785,-1.1967195272445679,0.02891009859740734,0.035681236535310745,0.10158314555883408
2271,-1.0021511316299438,-1.0670135021209717,0.035537607967853546,0.029324736446142197,0.10155350714921951
2272,-1.260892629623413,-1.3282136917114258,0.03181049972772598,0.03551056981086731,0.10152404755353928
2273,-1.2472532987594604,-1.3098949193954468,0.026436233893036842,0.036205440759658813,0.10149452090263367
2274,-1.1426819562911987,-1.1789398193359375,0.019321464002132416,0.01693638041615486,0.1014649048447609
2275,-0.9310823082923889,-0.9891173839569092,0.025054622441530228,0.03298042342066765,0.10143542289733887
2276,-1.1574974060058594,-1.2052310705184937,0.02363155037164688,0.024102073162794113,0.10140608996152878
2277,-1.5690008401870728,-1.7017951011657715,0.06740334630012512,0.0653909221291542,0.10137666761875153
2278,-1.4470999240875244,-1.4955885410308838,0.02407250739634037,0.02441610023379326,0.10134708881378174
2279,-1.1429154872894287,-1.2443749904632568,0.0450364388525486,0.05642308294773102,0.10131778568029404
2280,-1.814673662185669,-1.8920340538024902,0.03818502277135849,0.03917543962597847,0.10128829628229141
2281,-1.2481679916381836,-1.3803715705871582,0.06288906931877136,0.06931452453136444,0.10125888139009476
2282,-1.4184831380844116,-1.519605040550232,0.05075125768780708,0.050370700657367706,0.10122953355312347
2283,-1.138958215713501,-1.3680756092071533,0.11275352537631989,0.11636387556791306,0.10120011866092682
2284,-1.1527748107910156,-1.2279013395309448,0.03695397824048996,0.03817259892821312,0.10117068141698837
2285,-1.5737329721450806,-1.6845943927764893,0.04727114737033844,0.06359033286571503,0.1011413112282753
2286,-0.7568946480751038,-0.8799569606781006,0.0628209039568901,0.06024138629436493,0.10111184418201447
2287,-1.174983263015747,-1.2340049743652344,0.036308661103248596,0.022713076323270798,0.10108260810375214
2288,-1.31793212890625,-1.3504180908203125,0.016003312543034554,0.016482548788189888,0.10105371475219727
2289,-1.236567497253418,-1.3442776203155518,0.05132966861128807,0.0563804917037487,0.10102466493844986
2290,-1.4131007194519043,-1.4958689212799072,0.03958527743816376,0.04318302869796753,0.10099571943283081
2291,-1.200003981590271,-1.294959545135498,0.03826860710978508,0.056686967611312866,0.10096694529056549
2292,-1.3857382535934448,-1.4622576236724854,0.03627552464604378,0.04024381935596466,0.10093825310468674
2293,-1.008053183555603,-1.0781253576278687,0.036172255873680115,0.03389986976981163,0.10090955346822739
2294,-1.264435052871704,-1.3400317430496216,0.03893452137708664,0.03666221350431442,0.10088089853525162
2295,-1.646662712097168,-1.7036219835281372,0.027741823345422745,0.029217533767223358,0.10085237771272659
2296,-1.0278087854385376,-1.4725394248962402,0.22132252156734467,0.22340814769268036,0.10082348436117172
2297,-1.0434023141860962,-1.1378591060638428,0.06087363138794899,0.03358319029211998,0.10079459100961685
2298,-0.8426077365875244,-0.8760077953338623,0.023129824548959732,0.010270214639604092,0.10076561570167542
2299,-1.088828682899475,-1.1782842874526978,0.04645131528377533,0.043004296720027924,0.1007365956902504
2300,-0.9290666580200195,-0.9890928864479065,0.026469463482499123,0.03355676680803299,0.10070730000734329
2301,-1.5848625898361206,-1.6491572856903076,0.03127165511250496,0.03302304074168205,0.10067813098430634
2302,-1.1909055709838867,-1.3553121089935303,0.09281887114048004,0.07158764451742172,0.10064855962991714
2303,-0.9343101382255554,-1.0315706729888916,0.048407427966594696,0.04885309934616089,0.10061892867088318
2304,-1.030456781387329,-1.1192821264266968,0.04711596295237541,0.04170945659279823,0.1005890890955925
2305,-1.2400875091552734,-1.3954962491989136,0.07815828919410706,0.07725049555301666,0.10055936127901077
2306,-1.2501966953277588,-1.3206536769866943,0.03626221790909767,0.034194737672805786,0.10052977502346039
2307,-1.5043816566467285,-1.5493065118789673,0.021910494193434715,0.02301432192325592,0.10050022602081299
2308,-1.389435052871704,-1.4875677824020386,0.0542881116271019,0.04384452849626541,0.10047057271003723
2309,-1.3272144794464111,-1.4073710441589355,0.035916995257139206,0.04423949122428894,0.1004406064748764
2310,-1.4640827178955078,-1.5820446014404297,0.05426269769668579,0.06369927525520325,0.10041103512048721
2311,-1.2819141149520874,-1.3396944999694824,0.025703178718686104,0.032077204436063766,0.1003815233707428
2312,-1.449577808380127,-1.4899682998657227,0.01918584108352661,0.021204758435487747,0.10035180300474167
2313,-0.9806734323501587,-1.0787367820739746,0.04817785322666168,0.04988550394773483,0.10032209008932114
2314,-1.7796179056167603,-1.824257731437683,0.025100793689489365,0.019538991153240204,0.10029251128435135
2315,-1.0697916746139526,-1.2014601230621338,0.06457868963479996,0.0670897588133812,0.10026264935731888
2316,-1.043527364730835,-1.1567835807800293,0.058736011385917664,0.05452025681734085,0.10023298859596252
2317,-1.5208661556243896,-1.697829246520996,0.09842886030673981,0.07853428274393082,0.10020369291305542
2318,-1.1550307273864746,-1.22667396068573,0.04052925482392311,0.031113987788558006,0.10017431527376175
2319,-0.946692943572998,-0.9770014882087708,0.01491193100810051,0.0153966024518013,0.10014505684375763
2320,-1.429597020149231,-1.6505863666534424,0.1162310242652893,0.10475833714008331,0.10011610388755798
2321,-1.2572137117385864,-1.3186748027801514,0.027143707498908043,0.034317322075366974,0.10008732229471207
2322,-1.5223180055618286,-1.752977967262268,0.11055467277765274,0.12010524421930313,0.10005847364664078
2323,-1.125217080116272,-1.194274663925171,0.038488078862428665,0.030569497495889664,0.10002980381250381
2324,-1.354880690574646,-1.399794340133667,0.01888299360871315,0.026030633598566055,0.10000108927488327
2325,-1.4576703310012817,-1.6279149055480957,0.07607922703027725,0.09416528791189194,0.09997258335351944
2326,-0.7580997943878174,-0.9287815690040588,0.08535149693489075,0.08533024042844772,0.09994381666183472
2327,-1.3525971174240112,-1.6141254901885986,0.14303767681121826,0.11849068105220795,0.09991539269685745
2328,-1.3024005889892578,-1.4099879264831543,0.059774886816740036,0.047812480479478836,0.09988687932491302
2329,-0.9894095659255981,-1.0298212766647339,0.02164757065474987,0.018764114007353783,0.09985850006341934
2330,-1.0567995309829712,-1.3533926010131836,0.16147145628929138,0.13512158393859863,0.09982995688915253
2331,-1.230969786643982,-1.4062868356704712,0.09062094241380692,0.08469603955745697,0.09980139881372452
2332,-1.6488866806030273,-1.812240719795227,0.08776804059743881,0.07558593899011612,0.09977275878190994
2333,-1.190366268157959,-1.231123685836792,0.022474627941846848,0.018282731994986534,0.09974390268325806
2334,-1.3236587047576904,-1.3714877367019653,0.0255570225417614,0.0222720168530941,0.09971513599157333
2335,-1.4317569732666016,-1.4931790828704834,0.03461205214262009,0.026810048148036003,0.09968654066324234
2336,-0.8984628915786743,-1.2807679176330566,0.17952431738376617,0.20278070867061615,0.09965793043375015
2337,-1.0439128875732422,-1.1010838747024536,0.026337159797549248,0.03083389438688755,0.09962917864322662
2338,-1.4715445041656494,-1.571047306060791,0.04632297903299332,0.05317991226911545,0.09960056096315384
2339,-0.8101616501808167,-1.0190480947494507,0.10680726915597916,0.1020791307091713,0.09957164525985718
2340,-0.9876473546028137,-1.1965928077697754,0.10054911673069,0.10839637368917465,0.0995425209403038
2341,-1.597241997718811,-1.7074172496795654,0.05297612026333809,0.057199131697416306,0.09951380640268326
2342,-1.447458267211914,-1.5110713243484497,0.02670791931450367,0.03690521419048309,0.09948533773422241
2343,-1.1265716552734375,-1.2905325889587402,0.08367561548948288,0.08028533309698105,0.09945685416460037
2344,-1.1300678253173828,-1.48261296749115,0.17740418016910553,0.17514093220233917,0.09942826628684998
2345,-0.9857969284057617,-1.3325977325439453,0.17181575298309326,0.17498505115509033,0.09939965605735779
2346,-1.1006709337234497,-1.164685606956482,0.03411133587360382,0.02990332618355751,0.0993708148598671
2347,-0.7035006880760193,-1.1412670612335205,0.20396646857261658,0.23379988968372345,0.09934201091527939
2348,-0.7418469786643982,-0.9689334034919739,0.12422876060009003,0.10285765677690506,0.09931328892707825
2349,-0.7736486196517944,-0.8425807952880859,0.03987766057252884,0.02905450202524662,0.0992845967411995
2350,-1.0475198030471802,-1.1325138807296753,0.043605905026197433,0.04138810187578201,0.09925607591867447
2351,-0.7248814702033997,-0.9132869243621826,0.09767474234104156,0.09073073416948318,0.09922756254673004
2352,-1.0803924798965454,-1.2487242221832275,0.08930185437202454,0.07902996987104416,0.09919893741607666
2353,-1.113898515701294,-1.1809815168380737,0.037617310881614685,0.029465649276971817,0.09917028248310089
2354,-0.6314225196838379,-0.6708070039749146,0.020939338952302933,0.018445156514644623,0.09914158284664154
2355,-1.1652555465698242,-1.3911666870117188,0.10739034414291382,0.11852075904607773,0.09911291301250458
2356,-0.8024541735649109,-1.037250280380249,0.12161052227020264,0.1131855919957161,0.09908436983823776
2357,-1.42194664478302,-1.4993666410446167,0.044480808079242706,0.03293920308351517,0.09905574470758438
2358,-1.652227520942688,-1.7705724239349365,0.05617610737681389,0.06216878071427345,0.09902717173099518
2359,-1.1791305541992188,-1.478607416152954,0.15426117181777954,0.14521577954292297,0.09899839758872986
2360,-1.1544804573059082,-1.2093777656555176,0.023894255980849266,0.03100297600030899,0.09896993637084961
2361,-1.388167142868042,-1.433393120765686,0.02490699291229248,0.02031903713941574,0.09894146025180817
2362,-0.8717159032821655,-0.9877076148986816,0.05553276836872101,0.0604589506983757,0.09891317784786224
2363,-0.9945738315582275,-1.1715061664581299,0.08736588805913925,0.08956646919250488,0.09888488054275513
2364,-0.9449744820594788,-1.0610666275024414,0.05973987653851509,0.05635230243206024,0.09885650128126144
2365,-0.3988717794418335,-0.6243329048156738,0.10358400642871857,0.12187711894512177,0.09882770478725433
2366,-0.60429847240448,-0.8270624876022339,0.1072407066822052,0.1155233308672905,0.09879893809556961
2367,-0.9148373007774353,-1.1587316989898682,0.1278936117887497,0.11600080877542496,0.09877060353755951
2368,-1.2887510061264038,-1.390741229057312,0.05439523234963417,0.0475950613617897,0.0987420454621315
2369,-1.0868672132492065,-1.271909475326538,0.09311190992593765,0.09193038940429688,0.09871342033147812
2370,-0.8436499834060669,-0.8909900784492493,0.01896705850958824,0.028373073786497116,0.09868473559617996
2371,-0.6919798851013184,-0.9460183382034302,0.1282098889350891,0.1258285492658615,0.09865593910217285
2372,-1.2704161405563354,-1.3708416223526,0.046508923172950745,0.05391653999686241,0.09862722456455231
2373,-1.4226897954940796,-1.481406331062317,0.024197619408369064,0.03451896086335182,0.09859853982925415
2374,-1.2786400318145752,-1.3760654926300049,0.05130159482359886,0.046123817563056946,0.09857010096311569
2375,-0.9293288588523865,-1.0655791759490967,0.06769482791423798,0.06855547428131104,0.09854181110858917
2376,-1.2125247716903687,-1.3734564781188965,0.07903968542814255,0.08189203590154648,0.09851352870464325
2377,-1.1301075220108032,-1.3219423294067383,0.09869241714477539,0.09314236044883728,0.09848499298095703
2378,-1.1715312004089355,-1.2539783716201782,0.04005824029445648,0.04238886386156082,0.09845651686191559
2379,-0.8085321187973022,-0.8878531455993652,0.03958499804139137,0.03973601758480072,0.09842811524868011
2380,-1.0108963251113892,-1.1779626607894897,0.08896878361701965,0.07809761166572571,0.09839977324008942
2381,-1.1865406036376953,-1.2902640104293823,0.06536261737346649,0.03836079686880112,0.09837150573730469
2382,-1.5329757928848267,-1.660911202430725,0.06840494275093079,0.05953053757548332,0.09834329783916473
2383,-1.4116261005401611,-1.5781347751617432,0.08759292215108871,0.07891567051410675,0.0983147919178009
2384,-1.2993767261505127,-1.4367426633834839,0.06965414434671402,0.06771188974380493,0.09828607738018036
2385,-0.9680092930793762,-1.1751258373260498,0.10362566262483597,0.10349087417125702,0.09825745224952698
2386,-1.037630319595337,-1.1020684242248535,0.030752981081604958,0.03368508070707321,0.09822875261306763
2387,-0.9301833510398865,-1.0448949337005615,0.06173417717218399,0.052977390587329865,0.0982000008225441
2388,-1.2798895835876465,-1.4001494646072388,0.05803665518760681,0.062223244458436966,0.09817104041576385
2389,-0.867565393447876,-1.0887598991394043,0.11824225634336472,0.10295221954584122,0.09814213961362839
2390,-0.7220209836959839,-0.9936217069625854,0.13672426342964172,0.13487650454044342,0.09811324626207352
2391,-1.0825012922286987,-1.2463412284851074,0.07685543596744537,0.08698446303606033,0.09808436036109924
2392,-1.1689502000808716,-1.263540267944336,0.04539382830262184,0.049196235835552216,0.09805525094270706
2393,-0.9398282766342163,-1.1011446714401245,0.08508967608213425,0.07622672617435455,0.09802622348070145
2394,-1.0815694332122803,-1.2736964225769043,0.1040038987994194,0.08812312036752701,0.09799715131521225
2395,-1.146047830581665,-1.3395161628723145,0.09470906108617783,0.09875926375389099,0.09796809405088425
2396,-1.112045168876648,-1.2866885662078857,0.08257856220006943,0.09206484258174896,0.09793920069932938
2397,-1.4570719003677368,-1.613049864768982,0.07818451523780823,0.07779344916343689,0.09791036695241928
2398,-0.6006773114204407,-0.7312747240066528,0.07282917201519012,0.057768240571022034,0.09788147360086441
2399,-0.9497334361076355,-1.0172851085662842,0.03359316661953926,0.03395847603678703,0.09785249084234238
2400,-0.7522569894790649,-0.858718752861023,0.05524813011288643,0.051213644444942474,0.09782352298498154
2401,-1.001936912536621,-1.1149412393569946,0.059606604278087616,0.053397830575704575,0.09779439866542816
2402,-0.832428514957428,-1.0480023622512817,0.11743912100791931,0.09813469648361206,0.09776516258716583
2403,-1.1677112579345703,-1.2409238815307617,0.03324384242296219,0.03996873274445534,0.09773605316877365
2404,-0.49731746315956116,-0.5346927046775818,0.023117689415812492,0.014257576316595078,0.0977066308259964
2405,-1.4898861646652222,-1.5889389514923096,0.050914566963911057,0.04813831299543381,0.09767737239599228
2406,-1.6626746654510498,-1.7601778507232666,0.05211334303021431,0.045389898121356964,0.09764829277992249
2407,-0.9700884819030762,-1.150011420249939,0.08477050065994263,0.095152348279953,0.09761910140514374
2408,-1.335516333580017,-1.435038447380066,0.05518611520528793,0.04433593899011612,0.09759008139371872
2409,-1.2110340595245361,-1.3763567209243774,0.080989308655262,0.08433331549167633,0.09756093472242355
2410,-0.7920600175857544,-1.00480318069458,0.11930055171251297,0.0934426411986351,0.09753160923719406
2411,-1.351716160774231,-1.56009840965271,0.11735638231039047,0.09102584421634674,0.09750233590602875
2412,-1.3005095720291138,-1.389411449432373,0.04540964215993881,0.04349224269390106,0.09747307002544403
2413,-0.6313527226448059,-0.7833669185638428,0.07115326076745987,0.0808609127998352,0.09744381904602051
2414,-0.9865253567695618,-1.0681440830230713,0.047180842608213425,0.034437861293554306,0.09741470962762833
2415,-0.6903327703475952,-0.8025293946266174,0.05714729428291321,0.05504927039146423,0.09738557040691376
2416,-1.3578369617462158,-1.6197408437728882,0.12889817357063293,0.1330057680606842,0.09735622256994247
2417,-1.5660690069198608,-1.670487642288208,0.052442412823438644,0.05197623372077942,0.09732697904109955
2418,-1.3600986003875732,-1.4523764848709106,0.0458587147295475,0.046419113874435425,0.0972975641489029
2419,-0.94151371717453,-1.164917230606079,0.1020149290561676,0.12138862162828445,0.09726836532354355
2420,-1.092242956161499,-1.1616454124450684,0.03137604519724846,0.03802642598748207,0.09723926335573196
2421,-1.1486613750457764,-1.1895349025726318,0.022028498351573944,0.018845057114958763,0.0972101017832756
2422,-1.4082539081573486,-1.596440076828003,0.09346901625394821,0.09471708536148071,0.09718085825443268
2423,-1.032058835029602,-1.069847822189331,0.017207689583301544,0.02058122493326664,0.09715155512094498
2424,-0.9029954075813293,-0.9622014164924622,0.023555129766464233,0.03565089404582977,0.09712225198745728
2425,-1.0967856645584106,-1.1778231859207153,0.04072050005197525,0.04031705483794212,0.0970928966999054
2426,-1.2186038494110107,-1.294425129890442,0.02694733813405037,0.04887392371892929,0.0970635712146759
2427,-1.6410375833511353,-1.8072471618652344,0.0793667584657669,0.08684281259775162,0.09703407436609268
2428,-1.1221147775650024,-1.3206663131713867,0.09866741299629211,0.09988418221473694,0.09700455516576767
2429,-1.174039602279663,-1.2864954471588135,0.05140488222241402,0.061051033437252045,0.09697488695383072
2430,-0.9577977657318115,-1.0110400915145874,0.028885530307888985,0.02435680478811264,0.09694506973028183
2431,-1.263251543045044,-1.4753644466400146,0.10057071596384048,0.11154217272996902,0.09691516309976578
2432,-0.6666108965873718,-0.7968531250953674,0.06295172870159149,0.06729047000408173,0.09688538312911987
2433,-1.2190495729446411,-1.3424875736236572,0.06298230588436127,0.06045571342110634,0.09685572981834412
2434,-0.7702727317810059,-0.8254349231719971,0.02385704591870308,0.03130510821938515,0.09682589769363403
2435,-1.1361727714538574,-1.3491356372833252,0.09745503962039948,0.1155078262090683,0.09679591655731201
2436,-1.1571623086929321,-1.2646106481552124,0.05377104878425598,0.05367731675505638,0.09676582366228104
2437,-1.0689222812652588,-1.1708837747573853,0.04511462524533272,0.05684689059853554,0.09673584252595901
2438,-0.9369664788246155,-0.9796192049980164,0.021802768111228943,0.0208499226719141,0.09670579433441162
2439,-1.424030065536499,-1.4771771430969238,0.02962379716336727,0.02352333813905716,0.09667577594518661
2440,-1.4144178628921509,-1.5613553524017334,0.07947137951850891,0.06746610999107361,0.0966457724571228
2441,-1.0068730115890503,-1.1391412019729614,0.06786090135574341,0.06440722197294235,0.09661595523357391
2442,-1.2218196392059326,-1.3133907318115234,0.03861181437969208,0.05295935645699501,0.09658601880073547
2443,-1.4302705526351929,-1.5235154628753662,0.046579889953136444,0.04666512832045555,0.09655624628067017
2444,-1.2545974254608154,-1.2781578302383423,0.01229537557810545,0.011265063658356667,0.0965263694524765
2445,-1.3668893575668335,-1.6194617748260498,0.11291491985321045,0.13965751230716705,0.09649666398763657
2446,-1.2591599225997925,-1.3146708011627197,0.0313357338309288,0.024175109341740608,0.09646680951118469
2447,-0.9999098777770996,-1.0831658840179443,0.054004915058612823,0.02925107441842556,0.09643721580505371
2448,-0.971428632736206,-1.1239044666290283,0.0761190727353096,0.07635679841041565,0.09640751034021378
2449,-1.3254538774490356,-1.4029698371887207,0.031223367899656296,0.0462924987077713,0.09637772291898727
2450,-1.1279078722000122,-1.2197623252868652,0.045992039144039154,0.04586247727274895,0.09634790569543839
2451,-0.9710789322853088,-1.0445348024368286,0.03397386893630028,0.03948203846812248,0.09631823003292084
2452,-1.5828824043273926,-1.7023067474365234,0.06191321462392807,0.057511042803525925,0.09628868103027344
2453,-1.0212435722351074,-1.0703487396240234,0.027958065271377563,0.02114713564515114,0.096259206533432
2454,-0.9772078394889832,-1.0683176517486572,0.044168371707201004,0.04694143310189247,0.09622985869646072
2455,-1.185451626777649,-1.5027852058410645,0.1522136777639389,0.16511990129947662,0.09620065987110138
2456,-1.0575224161148071,-1.1305185556411743,0.03773891180753708,0.03525717556476593,0.0961715579032898
2457,-1.0175853967666626,-1.1099976301193237,0.04575369507074356,0.04665854573249817,0.09614235162734985
2458,-1.1795153617858887,-1.2879084348678589,0.05028869956731796,0.058104440569877625,0.0961134061217308
2459,-1.3779642581939697,-1.47740638256073,0.054534513503313065,0.04490755870938301,0.09608421474695206
2460,-1.0231603384017944,-1.2219305038452148,0.10285079479217529,0.0959194079041481,0.09605515003204346
2461,-0.8296124935150146,-0.9219411015510559,0.04883036017417908,0.043498262763023376,0.0960259735584259
2462,-1.0260168313980103,-1.2170162200927734,0.08604255318641663,0.10495691001415253,0.09599683433771133
2463,-1.2024048566818237,-1.307983160018921,0.05478670075535774,0.05079163610935211,0.09596759080886841
2464,-0.9729577898979187,-1.0326060056686401,0.02790956012904644,0.031738705933094025,0.09593837708234787
2465,-1.2798782587051392,-1.3711082935333252,0.04542291536927223,0.04580708593130112,0.09590919315814972
2466,-1.3286659717559814,-1.4077184200286865,0.044668570160865784,0.0343838594853878,0.09587983787059784
2467,-1.5865072011947632,-1.616872787475586,0.01419034507125616,0.01617530733346939,0.09585046768188477
2468,-1.317584753036499,-1.3822603225708008,0.02896612137556076,0.03570951148867607,0.09582112729549408
2469,-1.7102922201156616,-1.7802925109863281,0.03339502215385437,0.03660525009036064,0.09579170495271683
2470,-0.8550275564193726,-0.9897246360778809,0.07815233618021011,0.05654473975300789,0.09576218575239182
2471,-1.3362035751342773,-1.4832826852798462,0.07514019310474396,0.07193882763385773,0.09573239088058472
2472,-1.0784945487976074,-1.1647685766220093,0.03307688236236572,0.05319713056087494,0.09570258855819702
2473,-1.35805344581604,-1.4098048210144043,0.026415396481752396,0.025336001068353653,0.09567290544509888
2474,-1.4308456182479858,-1.5024919509887695,0.03033248707652092,0.04131385684013367,0.09564334899187088
2475,-1.1068342924118042,-1.1637992858886719,0.024639125913381577,0.03232588246464729,0.0956140086054802
2476,-1.082721471786499,-1.1867924928665161,0.049583226442337036,0.05448778718709946,0.0955846756696701
2477,-0.9876224994659424,-1.0814831256866455,0.04509885609149933,0.04876171797513962,0.09555550664663315
2478,-1.2668514251708984,-1.3452951908111572,0.04271605238318443,0.035727739334106445,0.09552623331546783
2479,-0.7865433692932129,-0.8428667783737183,0.029199043288826942,0.027124352753162384,0.09549686312675476
2480,-1.3193104267120361,-1.4047387838363647,0.042553458362817764,0.04287489503622055,0.09546755999326706
2481,-1.0679196119308472,-1.1991455554962158,0.0672207921743393,0.06400509178638458,0.09543798118829727
2482,-1.3091164827346802,-1.3871941566467285,0.04195569455623627,0.03612193837761879,0.09540846943855286
2483,-1.210903525352478,-1.2744829654693604,0.033956125378608704,0.029623262584209442,0.09537890553474426
2484,-0.9192814826965332,-0.9950279593467712,0.037168607115745544,0.038577865809202194,0.09534943848848343
2485,-1.2413983345031738,-1.3669321537017822,0.06542492657899857,0.060108933597803116,0.09531991183757782
2486,-1.1639573574066162,-1.228814959526062,0.0306084007024765,0.03424913063645363,0.09529046714305878
2487,-0.7650213241577148,-0.8579041957855225,0.0488869808614254,0.0439959317445755,0.09526118636131287
2488,-0.998708188533783,-1.1189936399459839,0.06401603668928146,0.05626947805285454,0.09523213654756546
2489,-1.3768813610076904,-1.4283018112182617,0.022200582548975945,0.02921987511217594,0.09520314633846283
2490,-0.7137648463249207,-0.8824479579925537,0.08983553200960159,0.07884757965803146,0.09517400711774826
2491,-1.0962244272232056,-1.2146036624908447,0.060537565499544144,0.057841669768095016,0.09514506161212921
2492,-1.0569791793823242,-1.2154788970947266,0.08322454243898392,0.07527516782283783,0.09511643648147583
2493,-1.3185904026031494,-1.3830394744873047,0.035513076931238174,0.028936028480529785,0.09508759528398514
2494,-1.0096555948257446,-1.0410200357437134,0.01428120769560337,0.01708325371146202,0.09505876153707504
2495,-0.912326455116272,-1.095879316329956,0.07885908335447311,0.10469380021095276,0.09502984583377838
2496,-1.5197495222091675,-1.588575005531311,0.0349683053791523,0.033857204020023346,0.09500101208686829
2497,-0.9581584334373474,-1.0274980068206787,0.02818339690566063,0.041156183928251266,0.09497199952602386
2498,-1.3822178840637207,-1.4568248987197876,0.04216722398996353,0.03243983909487724,0.09494292736053467
2499,-0.8845231533050537,-0.9249398708343506,0.01725485548377037,0.023161904886364937,0.0949137806892395
2500,-0.7983812093734741,-0.8506176471710205,0.021473638713359833,0.03076278604567051,0.09488475322723389
2501,-1.0582977533340454,-1.165463924407959,0.05256165191531181,0.054604582488536835,0.09485559165477753
2502,-1.2327027320861816,-1.2992810010910034,0.03059324249625206,0.03598500043153763,0.09482656419277191
2503,-0.8884320259094238,-0.922844648361206,0.014193533919751644,0.020219074562191963,0.09479746967554092
2504,-1.2173404693603516,-1.310922384262085,0.046884685754776,0.04669731855392456,0.09476863592863083
2505,-1.1879868507385254,-1.21845543384552,0.015832483768463135,0.01463604997843504,0.0947398990392685
2506,-1.1291487216949463,-1.2230812311172485,0.04703432694077492,0.04689810052514076,0.09471110254526138
2507,-1.3084393739700317,-1.3653119802474976,0.025577547028660774,0.03129506856203079,0.09468252211809158
2508,-1.2415004968643188,-1.291730284690857,0.02257562428712845,0.027654225006699562,0.09465385228395462
2509,-0.8420113325119019,-0.9034517407417297,0.0272521935403347,0.03418824076652527,0.0946250855922699
2510,-1.3825644254684448,-1.4652873277664185,0.04177296161651611,0.04094989597797394,0.09459634870290756
2511,-1.4776071310043335,-1.564125418663025,0.040988534688949585,0.04552967846393585,0.09456777572631836
2512,-1.1434550285339355,-1.2247291803359985,0.045556943863630295,0.0357171967625618,0.09453914314508438
2513,-1.1358487606048584,-1.1946895122528076,0.023826828226447105,0.035013969987630844,0.09451043605804443
2514,-0.8010168075561523,-0.9393174052238464,0.059413108974695206,0.07888749241828918,0.0944817066192627
2515,-1.3519843816757202,-1.4040806293487549,0.024884846061468124,0.0272113885730505,0.09445283561944962
2516,-1.2187024354934692,-1.2588838338851929,0.021023791283369064,0.01915760710835457,0.09442374855279922
2517,-1.167372703552246,-1.2201679944992065,0.02351553365588188,0.02927974984049797,0.09439466148614883
2518,-0.9688659906387329,-0.9967188239097595,0.01356122363358736,0.014291579835116863,0.09436574578285217
2519,-1.3276389837265015,-1.434328317642212,0.04978642612695694,0.05690290406346321,0.09433715790510178
2520,-1.4688668251037598,-1.5907021760940552,0.05438249930739403,0.06745288521051407,0.09430855512619019
2521,-1.6739920377731323,-1.790116548538208,0.0564560741186142,0.05966845527291298,0.09427999705076218
2522,-0.822687566280365,-0.9473831653594971,0.05845482274889946,0.06624077260494232,0.09425139427185059
2523,-0.882444441318512,-0.922114908695221,0.02103777602314949,0.018632732331752777,0.094222791492939
2524,-1.4432270526885986,-1.4977388381958008,0.027189068496227264,0.027322739362716675,0.09419439733028412
2525,-0.8833928108215332,-0.9773139357566833,0.04301558434963226,0.0509055070579052,0.09416608512401581
2526,-1.217012643814087,-1.3355951309204102,0.061886683106422424,0.056695811450481415,0.09413786977529526
2527,-1.1156834363937378,-1.1689395904541016,0.027899615466594696,0.025356542319059372,0.09410954266786575
2528,-1.1447441577911377,-1.207655429840088,0.030328214168548584,0.03258300945162773,0.09408121556043625
2529,-1.0898487567901611,-1.1488815546035767,0.027782144024968147,0.03125060349702835,0.09405268728733063
2530,-1.2964165210723877,-1.3601592779159546,0.029476147145032883,0.03426661342382431,0.0940239205956459
2531,-1.1932132244110107,-1.234794020652771,0.015964707359671593,0.025616049766540527,0.09399547427892685
2532,-1.2500779628753662,-1.3828682899475098,0.07681981474161148,0.055970534682273865,0.0939670205116272
2533,-1.353230595588684,-1.4411015510559082,0.050708476454019547,0.03716240078210831,0.0939386859536171
2534,-1.3528660535812378,-1.4408135414123535,0.04358036816120148,0.044367074966430664,0.0939108282327652
2535,-1.7472970485687256,-1.8123198747634888,0.03204996883869171,0.032972849905490875,0.09388300031423569
2536,-0.8650014996528625,-0.9499270915985107,0.03910331428050995,0.04582224413752556,0.09385533630847931
2537,-0.9655556082725525,-1.0627652406692505,0.04429054260253906,0.05291907489299774,0.09382759779691696
2538,-1.478529453277588,-1.564442753791809,0.045009270310401917,0.04090401530265808,0.09379968047142029
2539,-1.3525114059448242,-1.4430530071258545,0.04417477920651436,0.04636675864458084,0.09377162158489227
2540,-1.7369307279586792,-1.8512561321258545,0.054970163851976395,0.0593552365899086,0.09374336153268814
2541,-1.565517544746399,-1.615923523902893,0.027187783271074295,0.02321815863251686,0.09371516108512878
2542,-0.814527153968811,-0.9871862530708313,0.07659781724214554,0.09606128931045532,0.0936870127916336
2543,-1.4178982973098755,-1.4997615814208984,0.04113490507006645,0.04072827845811844,0.09365880489349365
2544,-1.2307111024856567,-1.3358937501907349,0.05814964324235916,0.047032956033945084,0.09363044798374176
2545,-1.3474727869033813,-1.4594038724899292,0.06366049498319626,0.04827055335044861,0.09360212832689285
2546,-0.9438830018043518,-1.022099494934082,0.04279923066496849,0.03541725128889084,0.09357369691133499
2547,-1.6880356073379517,-1.7374064922332764,0.023586289957165718,0.02578464336693287,0.0935453474521637
2548,-1.3093628883361816,-1.4649213552474976,0.08366458863019943,0.07189393043518066,0.09351716190576553
2549,-0.8467463850975037,-0.9610417485237122,0.05413983762264252,0.060155533254146576,0.09348898380994797
2550,-1.888450264930725,-1.9600046873092651,0.03487613797187805,0.036678288131952286,0.09346088021993637
2551,-1.3936657905578613,-1.4536030292510986,0.028307616710662842,0.03162958845496178,0.0934329405426979
2552,-1.2894426584243774,-1.4445595741271973,0.08548031747341156,0.06963655352592468,0.09340497106313705
2553,-1.636758804321289,-1.7915363311767578,0.06994960457086563,0.0848279595375061,0.09337691217660904
2554,-1.2853928804397583,-1.400273084640503,0.058650240302085876,0.05622997134923935,0.09334864467382431
2555,-1.2999569177627563,-1.3960577249526978,0.04553249850869179,0.05056831240653992,0.09332049638032913
2556,-0.7171147465705872,-0.817012369632721,0.04798979312181473,0.05190785229206085,0.0932924672961235
2557,-1.3202433586120605,-1.4026867151260376,0.04055783152580261,0.04188544303178787,0.09326472878456116
2558,-1.335435152053833,-1.4263473749160767,0.045750804245471954,0.04516136646270752,0.09323718398809433
2559,-1.564003825187683,-1.6683093309402466,0.05242704227566719,0.0518784299492836,0.09320980310440063
2560,-1.132927417755127,-1.2127857208251953,0.035139862447977066,0.04471837729215622,0.09318247437477112
2561,-1.0890834331512451,-1.1391781568527222,0.02600323036313057,0.024091528728604317,0.09315519779920578
2562,-0.876790463924408,-0.9850636720657349,0.05235731974244118,0.05591590330004692,0.09312810003757477
2563,-1.043994426727295,-1.1297780275344849,0.03763391450047493,0.04814976453781128,0.09310106188058853
2564,-0.87884920835495,-0.912174642086029,0.01792294532060623,0.015402516350150108,0.09307396411895752
2565,-1.1708494424819946,-1.3149422407150269,0.0733124390244484,0.07078039646148682,0.0930468738079071
2566,-0.9679350852966309,-1.0107389688491821,0.02179614268243313,0.021007690578699112,0.09302008152008057
2567,-1.3860228061676025,-1.4533896446228027,0.03188951313495636,0.03547727316617966,0.09299331158399582
2568,-1.1745948791503906,-1.237655520439148,0.02825535461306572,0.03480525314807892,0.09296651184558868
2569,-0.8920942544937134,-0.9938910603523254,0.0536978505551815,0.04809895157814026,0.09293974190950394
2570,-0.9541345238685608,-1.0138905048370361,0.03855942189693451,0.021196557208895683,0.09291297942399979
2571,-1.441353440284729,-1.4878458976745605,0.02148302085697651,0.025009382516145706,0.09288609027862549
2572,-1.420140027999878,-1.612490177154541,0.10123322904109955,0.09111688286066055,0.0928594321012497
2573,-1.4552210569381714,-1.5103223323822021,0.029627444222569466,0.025473827496170998,0.09283268451690674
2574,-1.0507798194885254,-1.107711672782898,0.031160034239292145,0.025771861895918846,0.09280571341514587
2575,-0.90022873878479,-0.9345906376838684,0.014292274601757526,0.02006959542632103,0.09277858585119247
2576,-1.3589699268341064,-1.4212132692337036,0.02284006029367447,0.039403289556503296,0.09275145083665848
2577,-1.23361337184906,-1.2979320287704468,0.03500984236598015,0.0293087400496006,0.09272412210702896
2578,-1.0614416599273682,-1.2059239149093628,0.06318794190883636,0.08129424601793289,0.09269662201404572
2579,-0.9705027937889099,-1.0185638666152954,0.02810242772102356,0.019958697259426117,0.09266902506351471
2580,-1.0789158344268799,-1.1687549352645874,0.043268270790576935,0.04657081142067909,0.09264159202575684
2581,-1.3540266752243042,-1.488850712776184,0.0746234655380249,0.060200609266757965,0.09261420369148254
2582,-1.4535470008850098,-1.5468010902404785,0.046000491827726364,0.04725364223122597,0.09258715808391571
2583,-0.6238834857940674,-0.7273169755935669,0.045962050557136536,0.05747146159410477,0.09256011992692947
2584,-1.0090104341506958,-1.072857141494751,0.032079268246889114,0.03176746889948845,0.0925329402089119
2585,-1.0649398565292358,-1.1401673555374146,0.03889530897140503,0.03633221983909607,0.09250563383102417
2586,-1.32546067237854,-1.4452961683273315,0.05813872814178467,0.06169674172997475,0.09247832745313644
2587,-1.094820499420166,-1.2346205711364746,0.06272117048501968,0.07707899808883667,0.09245094656944275
2588,-1.3945730924606323,-1.4321098327636719,0.01693492941558361,0.020601820200681686,0.09242372959852219
2589,-1.3610459566116333,-1.463835597038269,0.061184126883745193,0.04160543903708458,0.09239672124385834
2590,-1.1469775438308716,-1.1920244693756104,0.022297022864222527,0.02274991199374199,0.09236960858106613
2591,-0.8174911737442017,-0.8600329756736755,0.021351270377635956,0.021190499886870384,0.09234267473220825
2592,-1.1156831979751587,-1.2483497858047485,0.07255234569311142,0.06011422723531723,0.09231573343276978
2593,-0.7820311784744263,-0.866202712059021,0.04174039512872696,0.04243110492825508,0.09228884428739548
2594,-1.517592430114746,-1.5840271711349487,0.03090670332312584,0.035528093576431274,0.09226199984550476
2595,-1.0954424142837524,-1.1368224620819092,0.021927200257778168,0.019452856853604317,0.09223505854606628
2596,-1.3265259265899658,-1.4324697256088257,0.05577933043241501,0.050164490938186646,0.09220816940069199
2597,-0.8997370004653931,-0.968056321144104,0.035072553902864456,0.0332467257976532,0.09218117594718933
2598,-1.086861252784729,-1.1152193546295166,0.013561601750552654,0.014796472154557705,0.09215423464775085
2599,-1.376820683479309,-1.4901983737945557,0.05795082077383995,0.055426836013793945,0.09212736785411835
2600,-1.5464386940002441,-1.6114686727523804,0.03828604519367218,0.026743842288851738,0.09210055321455002
2601,-1.2102471590042114,-1.2819063663482666,0.03661017492413521,0.03504907712340355,0.0920739620923996
2602,-1.0001977682113647,-1.0405148267745972,0.021432382985949516,0.01888468861579895,0.09204725176095963
2603,-0.9828601479530334,-1.0181233882904053,0.018662787973880768,0.01660044677555561,0.09202048182487488
2604,-1.136850118637085,-1.1633799076080322,0.014616237953305244,0.01191357709467411,0.09199371933937073
2605,-1.1979831457138062,-1.2998217344284058,0.053621161729097366,0.04821738600730896,0.09196687489748001
2606,-1.2915092706680298,-1.3535869121551514,0.03563869372010231,0.026438910514116287,0.09193993359804153
2607,-1.55697500705719,-1.606127142906189,0.02636566013097763,0.022786440327763557,0.0919131264090538
2608,-1.034543514251709,-1.0794975757598877,0.025561580434441566,0.019392505288124084,0.09188617765903473
2609,-1.1579114198684692,-1.197300910949707,0.018847022205591202,0.020542465150356293,0.09185914695262909
2610,-0.955062985420227,-1.0028821229934692,0.026891088113188744,0.0209280326962471,0.09183225780725479
2611,-1.3428375720977783,-1.468435287475586,0.07333913445472717,0.05225855112075806,0.0918053537607193
2612,-0.8234086036682129,-0.9618686437606812,0.07134503126144409,0.06711501628160477,0.09177817404270172
2613,-1.4030710458755493,-1.4921129941940308,0.03560887649655342,0.05343310162425041,0.0917511135339737
2614,-1.3352975845336914,-1.4798409938812256,0.07368240505456924,0.07086097449064255,0.0917242094874382
2615,-1.3457399606704712,-1.4242538213729858,0.041017115116119385,0.03749673813581467,0.09169720113277435
2616,-0.9590811729431152,-1.0059044361114502,0.016440965235233307,0.030382253229618073,0.09167007356882095
2617,-1.6448194980621338,-1.709897756576538,0.029868194833397865,0.03521004319190979,0.09164289385080338
2618,-1.4518200159072876,-1.5265816450119019,0.04246624559164047,0.03229537978768349,0.09161556512117386
2619,-1.037212610244751,-1.111557126045227,0.036571502685546875,0.0377730168402195,0.09158813208341599
2620,-1.2387259006500244,-1.3563302755355835,0.058114998042583466,0.05948934331536293,0.0915607288479805
2621,-1.255255103111267,-1.3119001388549805,0.02758878655731678,0.029056239873170853,0.09153322875499725
2622,-1.3289024829864502,-1.367262601852417,0.016247553750872612,0.022112589329481125,0.09150587022304535
2623,-1.181481122970581,-1.2319822311401367,0.023947561159729958,0.026553494855761528,0.09147888422012329
2624,-1.1881425380706787,-1.2786000967025757,0.042490310966968536,0.04796716198325157,0.09145208448171616
2625,-1.1499311923980713,-1.1838206052780151,0.017320360988378525,0.016568992286920547,0.09142541885375977
2626,-1.5517196655273438,-1.72086501121521,0.0862405076622963,0.08290477097034454,0.09139872342348099
2627,-1.6295636892318726,-1.70867919921875,0.05059333145618439,0.02852209284901619,0.0913722962141037
2628,-1.018867015838623,-1.1068346500396729,0.04715219885110855,0.04081547260284424,0.09134576469659805
2629,-1.1846058368682861,-1.2602351903915405,0.04440762475132942,0.031221721321344376,0.091319240629673
2630,-1.0141345262527466,-1.0958224534988403,0.044111672788858414,0.03757617250084877,0.09129270911216736
2631,-1.2404435873031616,-1.2881500720977783,0.02327992022037506,0.024426527321338654,0.09126584976911545
2632,-1.394352912902832,-1.423616886138916,0.01584683544933796,0.013417157344520092,0.09123887121677399
2633,-1.3098570108413696,-1.3564934730529785,0.024517469108104706,0.022119099274277687,0.0912121832370758
2634,-1.1104618310928345,-1.2386822700500488,0.0657532811164856,0.06246720254421234,0.09118544310331345
2635,-1.563738465309143,-1.6152336597442627,0.024825742468237877,0.02666950784623623,0.09115863591432571
2636,-1.605473518371582,-1.6999139785766602,0.0513250008225441,0.04311544448137283,0.0911320373415947
2637,-0.8971433043479919,-0.9355219602584839,0.018269672989845276,0.02010897547006607,0.09110543131828308
2638,-1.0209324359893799,-1.0867865085601807,0.02577456645667553,0.04007953032851219,0.09107869118452072
2639,-0.8588017225265503,-0.8984787464141846,0.023473162204027176,0.01620389148592949,0.09105187654495239
2640,-2.036405563354492,-2.1057088375091553,0.035677336156368256,0.03362586721777916,0.09102505445480347
2641,-1.1622117757797241,-1.2400109767913818,0.03563566878437996,0.042163532227277756,0.09099825471639633
2642,-0.8769437074661255,-0.9862671494483948,0.05315946042537689,0.056163985282182693,0.090971440076828
2643,-1.085580825805664,-1.159620761871338,0.0323047861456871,0.041735172271728516,0.09094444662332535
2644,-0.9917733073234558,-1.0711055994033813,0.04500965401530266,0.03432269021868706,0.09091749787330627
2645,-0.9249194264411926,-0.9821301102638245,0.027126161381602287,0.030084531754255295,0.09089066088199615
2646,-1.8958438634872437,-1.9681663513183594,0.03393876180052757,0.03838377818465233,0.09086403250694275
2647,-1.269197940826416,-1.349055528640747,0.03487909585237503,0.04497844725847244,0.09083737432956696
2648,-1.029873013496399,-1.1270309686660767,0.052308231592178345,0.04484971612691879,0.0908108651638031
2649,-1.4461238384246826,-1.5558644533157349,0.05805530026555061,0.05168527737259865,0.090784452855587
2650,-1.2174358367919922,-1.2616773843765259,0.02625294402241707,0.01798861101269722,0.09075803309679031
2651,-1.3139287233352661,-1.5379490852355957,0.11664490401744843,0.10737553983926773,0.09073124825954437
2652,-0.683761715888977,-0.7434279918670654,0.027244439348578453,0.03242182731628418,0.09070440381765366
2653,-1.2590206861495972,-1.3350194692611694,0.04153681918978691,0.03446199372410774,0.09067755192518234
2654,-0.9298694133758545,-0.9627993702888489,0.018563663586974144,0.014366243034601212,0.0906505286693573
2655,-0.9654514193534851,-1.201629400253296,0.11124443262815475,0.12493354827165604,0.09062347561120987
2656,-0.6319666504859924,-0.7515012621879578,0.05892113223671913,0.06061345338821411,0.09059638530015945
2657,-1.2306320667266846,-1.269068717956543,0.020359471440315247,0.01807713322341442,0.09056930243968964
2658,-1.338059902191162,-1.3763153553009033,0.016365312039852142,0.021890195086598396,0.09054244309663773
2659,-1.1362264156341553,-1.1751818656921387,0.02077568508684635,0.018179716542363167,0.09051565825939178
2660,-1.2380266189575195,-1.3381065130233765,0.052420515567064285,0.04765945300459862,0.09048907458782196
2661,-0.6427576541900635,-0.7252851128578186,0.04729551449418068,0.03523191809654236,0.09046243876218796
2662,-1.1604071855545044,-1.2041126489639282,0.022629864513874054,0.021075598895549774,0.09043584764003754
2663,-0.8562742471694946,-0.972568154335022,0.05755329877138138,0.05874060466885567,0.09040933102369308
2664,-1.5625380277633667,-1.6314977407455444,0.03429378569126129,0.03466594219207764,0.09038277715444565
2665,-1.0664600133895874,-1.13447904586792,0.03658149018883705,0.03143754601478577,0.09035640209913254
2666,-1.317234754562378,-1.3546698093414307,0.019543277099728584,0.017891792580485344,0.09033021330833435
2667,-1.3012226819992065,-1.3645435571670532,0.033693552017211914,0.029627343639731407,0.09030364453792572
2668,-1.4447503089904785,-1.49984610080719,0.02978287823498249,0.025312909856438637,0.09027720987796783
2669,-1.0185720920562744,-1.0984731912612915,0.04168366268277168,0.038217462599277496,0.0902509093284607
2670,-0.827803373336792,-0.8664916157722473,0.016748016700148582,0.0219402015209198,0.09022453427314758
2671,-1.0304380655288696,-1.1761505603790283,0.06878465414047241,0.07692781090736389,0.09019815921783447
2672,-1.2782611846923828,-1.3472707271575928,0.03271675854921341,0.03629284352064133,0.09017162770032883
2673,-0.8357867002487183,-0.9120093584060669,0.03978713974356651,0.036435566842556,0.09014525264501572
2674,-1.0458911657333374,-1.2010451555252075,0.07330936938524246,0.08184454590082169,0.0901188850402832
2675,-1.2460010051727295,-1.3112411499023438,0.028118500486016273,0.037121616303920746,0.09009231626987457
2676,-1.2194467782974243,-1.3346232175827026,0.06144377589225769,0.05373259261250496,0.0900656208395958
2677,-1.2903289794921875,-1.3368167877197266,0.021976524963974953,0.024511322379112244,0.09003905951976776
2678,-1.721665382385254,-1.7927476167678833,0.037160854786634445,0.03392137959599495,0.09001252800226212
2679,-1.6508044004440308,-1.7353556156158447,0.04043867066502571,0.044112518429756165,0.08998626470565796
2680,-1.6582520008087158,-1.7239410877227783,0.031478725373744965,0.034210264682769775,0.08995994180440903
2681,-1.2839709520339966,-1.3369768857955933,0.026026055216789246,0.026979971677064896,0.08993363380432129
2682,-1.2457267045974731,-1.577791452407837,0.16037583351135254,0.17168894410133362,0.08990732580423355
2683,-1.0354030132293701,-1.0740140676498413,0.016484472900629044,0.022126534953713417,0.08988086134195328
2684,-1.3214786052703857,-1.3931002616882324,0.036191508173942566,0.035430144518613815,0.08985450118780136
2685,-1.3256781101226807,-1.4028605222702026,0.0422079861164093,0.034974515438079834,0.08982796221971512
2686,-1.281461238861084,-1.3467795848846436,0.031682126224040985,0.03363623470067978,0.08980156481266022
2687,-1.347786545753479,-1.400212049484253,0.02473675273358822,0.02768869325518608,0.08977516740560532
2688,-1.4598127603530884,-1.529329776763916,0.03526975214481354,0.0342472679913044,0.08974865078926086
2689,-1.0302140712738037,-1.097464680671692,0.032355256378650665,0.034895263612270355,0.08972220867872238
2690,-1.0305935144424438,-1.111917495727539,0.04228947311639786,0.03903452679514885,0.0896957740187645
2691,-1.4543137550354004,-1.510277509689331,0.027653763070702553,0.028309911489486694,0.08966942876577377
2692,-1.0295045375823975,-1.1317975521087646,0.04941288381814957,0.05288020148873329,0.08964313566684723
2693,-1.4115841388702393,-1.5267181396484375,0.0543331578373909,0.06080075353384018,0.08961665630340576
2694,-0.8771695494651794,-1.0072137117385864,0.06822936236858368,0.061814770102500916,0.08959012478590012
2695,-0.8929973840713501,-0.9878459572792053,0.04716568812727928,0.04768291115760803,0.08956372737884521
2696,-1.0222241878509521,-1.084594964981079,0.026593230664730072,0.03577762469649315,0.08953727781772614
2697,-1.2804052829742432,-1.3724936246871948,0.046692948788404465,0.0453953854739666,0.08951070159673691
2698,-0.5899768471717834,-0.7677060961723328,0.08139636367559433,0.09633290022611618,0.08948405086994171
2699,-1.0430067777633667,-1.0985158681869507,0.027222836390137672,0.028286248445510864,0.08945730328559875
2700,-1.2822186946868896,-1.380428671836853,0.045806512236595154,0.052403490990400314,0.0894305408000946
2701,-0.8418996930122375,-0.9113521575927734,0.0347718708217144,0.03468060865998268,0.08940354734659195
2702,-0.978009045124054,-1.0531737804412842,0.03881847858428955,0.03634627163410187,0.08937663584947586
2703,-1.1713218688964844,-1.2217403650283813,0.026914775371551514,0.023503832519054413,0.08934978395700455
2704,-1.2995975017547607,-1.3674342632293701,0.02473883330821991,0.043098025023937225,0.08932293206453323
2705,-1.2268668413162231,-1.3493016958236694,0.05233373865485191,0.07010116428136826,0.08929608017206192
2706,-0.8941649198532104,-0.9938801527023315,0.05506867170333862,0.04464654251933098,0.08926915377378464
2707,-1.000849962234497,-1.072167992591858,0.03222644701600075,0.039091646671295166,0.08924197405576706
2708,-1.332585334777832,-1.3677467107772827,0.02066754922270775,0.014493804425001144,0.08921504020690918
2709,-1.194058895111084,-1.232895016670227,0.01932440511882305,0.019511649385094643,0.0891880989074707
2710,-1.2593729496002197,-1.2859586477279663,0.013876513577997684,0.012709168717265129,0.08916139602661133
2711,-0.8892405033111572,-0.9436253905296326,0.02579493820667267,0.02858995832502842,0.0891345739364624
2712,-1.0719534158706665,-1.1863632202148438,0.048983730375766754,0.06542613357305527,0.08910766988992691
2713,-1.768257975578308,-1.8671311140060425,0.053544096648693085,0.04532912001013756,0.08908092975616455
2714,-1.4278006553649902,-1.4719674587249756,0.023130008950829506,0.021036731079220772,0.08905421197414398
2715,-1.5917476415634155,-1.702958583831787,0.055061306804418564,0.056149598211050034,0.08902738243341446
2716,-1.4168214797973633,-1.4763894081115723,0.024983201175928116,0.03458470106124878,0.08900072425603867
2717,-1.2770501375198364,-1.3336278200149536,0.02960308827459812,0.026974542066454887,0.08897411823272705
2718,-0.7558977603912354,-0.8687311410903931,0.04944015294313431,0.0633932501077652,0.08894733339548111
2719,-1.291015863418579,-1.3244762420654297,0.01818043179810047,0.01527987141162157,0.08892086893320084
2720,-0.9852733016014099,-1.0149635076522827,0.01605548895895481,0.013634748756885529,0.08889441192150116
2721,-1.6322782039642334,-1.6780730485916138,0.01925359107553959,0.02654121443629265,0.08886809647083282
2722,-0.8128752708435059,-0.8628072142601013,0.024521570652723312,0.025410346686840057,0.08884182572364807
2723,-1.5911346673965454,-1.672472596168518,0.04150809347629547,0.03982982039451599,0.08881552517414093
2724,-1.2419300079345703,-1.3325037956237793,0.042896419763565063,0.047677382826805115,0.08878941833972931
2725,-1.288474440574646,-1.3806549310684204,0.044891100376844406,0.04728935658931732,0.08876313269138336
2726,-1.0801937580108643,-1.1319084167480469,0.02713613212108612,0.024578573182225227,0.08873678743839264
2727,-1.3452188968658447,-1.3807135820388794,0.01639818772673607,0.0190964937210083,0.08871059864759445
2728,-1.5451133251190186,-1.577817440032959,0.017220797017216682,0.01548322755843401,0.08868458867073059
2729,-1.5225834846496582,-1.6730343103408813,0.07702907174825668,0.0734216645359993,0.08865843713283539
2730,-1.0749742984771729,-1.1647952795028687,0.042300302535295486,0.047520652413368225,0.08863227069377899
2731,-0.9645251035690308,-1.0451135635375977,0.03474812209606171,0.04584040492773056,0.08860615640878677
2732,-1.1241039037704468,-1.24653959274292,0.06929007917642593,0.053145669400691986,0.08858009427785873
2733,-1.3891263008117676,-1.4357781410217285,0.026605283841490746,0.020046619698405266,0.08855390548706055
2734,-0.8660163283348083,-0.9629744291305542,0.04952574148774147,0.04743236303329468,0.08852756023406982
2735,-1.4195914268493652,-1.5180846452713013,0.05484013259410858,0.04365313798189163,0.0885009691119194
2736,-1.5438365936279297,-1.5864558219909668,0.019758712500333786,0.02286054939031601,0.08847451955080032
2737,-1.535920262336731,-1.5952852964401245,0.030128635466098785,0.029236434027552605,0.08844812959432602
2738,-1.0506653785705566,-1.0952740907669067,0.022847061976790428,0.021761618554592133,0.088422030210495
2739,-1.0724881887435913,-1.1229528188705444,0.026476025581359863,0.02398860454559326,0.08839602023363113
2740,-2.0465760231018066,-2.0997354984283447,0.031167924404144287,0.021991446614265442,0.08837020397186279
2741,-1.1203055381774902,-1.1919318437576294,0.03841850534081459,0.03320775553584099,0.08834463357925415
2742,-1.0027707815170288,-1.0980792045593262,0.04683110490441322,0.04847734421491623,0.08831900358200073
2743,-1.6605380773544312,-1.9567856788635254,0.14161476492881775,0.15463285148143768,0.08829333633184433
2744,-1.1429342031478882,-1.1978776454925537,0.031172573566436768,0.02377094328403473,0.0882677212357521
2745,-0.9692307710647583,-1.0458197593688965,0.03820424526929855,0.038384802639484406,0.08824192732572556
